Copyright 1986-2022 Xilinx, Inc. All Rights Reserved. Copyright 2022-2024 Advanced Micro Devices, Inc. All Rights Reserved.
----------------------------------------------------------------------------------------------------------------------------------------------------------
| Tool Version      : Vivado v.2024.1 (win64) Build 5076996 Wed May 22 18:37:14 MDT 2024
| Date              : Mon Sep 21 23:30:32 2026
| Host              : LAPTOP-KNBVGAN8 running 64-bit major release  (build 9200)
| Command           : report_timing -max_paths 20 -file E:/workspace/chip/dsm_ip/syn/out/tid32_thermo5_axis_frontend_20260921_213551/timing_max_paths.rpt
| Design            : tid32_thermo5_axis_frontend_tx_ooc
| Device            : xczu15eg-ffvb1156
| Speed File        : -2  PRODUCTION 1.30 05-15-2022
| Design State      : Routed
| Temperature Grade : I
----------------------------------------------------------------------------------------------------------------------------------------------------------

Timing Report

Slack (MET) :             0.308ns  (required time - arrival time)
  Source:                 u_dut/u_frontend/g_memory_dpd.u_memory_dpd/g_lane[7].u_dpd/r4_full_s2[3]/DSP_A_B_DATA_INST/CLK
                            (rising edge-triggered cell DSP_A_B_DATA clocked by core_clk  {rise@0.000ns fall@2.286ns period=4.571ns})
  Destination:            u_dut/u_frontend/g_memory_dpd.u_memory_dpd/g_lane[7].u_dpd/p_156_out__0/DSP_A_B_DATA_INST/B[15]
                            (rising edge-triggered cell DSP_A_B_DATA clocked by core_clk  {rise@0.000ns fall@2.286ns period=4.571ns})
  Path Group:             core_clk
  Path Type:              Setup (Max at Slow Process Corner)
  Requirement:            4.571ns  (core_clk rise@4.571ns - core_clk rise@0.000ns)
  Data Path Delay:        3.962ns  (logic 2.603ns (65.700%)  route 1.359ns (34.300%))
  Logic Levels:           10  (CARRY8=2 DSP_ALU=2 DSP_M_DATA=1 DSP_MULTIPLIER=1 DSP_OUTPUT=2 DSP_PREADD_DATA=1 LUT2=1)
  Clock Path Skew:        -0.017ns (DCD - SCD + CPR)
    Destination Clock Delay (DCD):    0.043ns = ( 4.614 - 4.571 ) 
    Source Clock Delay      (SCD):    0.060ns
    Clock Pessimism Removal (CPR):    0.000ns
  Clock Uncertainty:      0.035ns  ((TSJ^2 + TIJ^2)^1/2 + DJ) / 2 + PE
    Total System Jitter     (TSJ):    0.071ns
    Total Input Jitter      (TIJ):    0.000ns
    Discrete Jitter          (DJ):    0.000ns
    Phase Error              (PE):    0.000ns

    Location             Delay type                Incr(ns)  Path(ns)    Netlist Resource(s)
  -------------------------------------------------------------------    -------------------
                         (clock core_clk rise edge)
                                                      0.000     0.000 r  
                                                      0.000     0.000 r  clk218 (IN)
                         net (fo=121078, unset)       0.060     0.060    u_dut/u_frontend/g_memory_dpd.u_memory_dpd/g_lane[7].u_dpd/r4_full_s2[3]/CLK
    DSP48E2_X1Y74        DSP_A_B_DATA                                 r  u_dut/u_frontend/g_memory_dpd.u_memory_dpd/g_lane[7].u_dpd/r4_full_s2[3]/DSP_A_B_DATA_INST/CLK
  -------------------------------------------------------------------    -------------------
    DSP48E2_X1Y74        DSP_A_B_DATA (Prop_DSP_A_B_DATA_DSP48E2_CLK_B2_DATA[17])
                                                      0.212     0.272 r  u_dut/u_frontend/g_memory_dpd.u_memory_dpd/g_lane[7].u_dpd/r4_full_s2[3]/DSP_A_B_DATA_INST/B2_DATA[17]
                         net (fo=1, routed)           0.000     0.272    u_dut/u_frontend/g_memory_dpd.u_memory_dpd/g_lane[7].u_dpd/r4_full_s2[3]/DSP_A_B_DATA.B2_DATA<17>
    DSP48E2_X1Y74        DSP_PREADD_DATA (Prop_DSP_PREADD_DATA_DSP48E2_B2_DATA[17]_B2B1[17])
                                                      0.073     0.345 r  u_dut/u_frontend/g_memory_dpd.u_memory_dpd/g_lane[7].u_dpd/r4_full_s2[3]/DSP_PREADD_DATA_INST/B2B1[17]
                         net (fo=1, routed)           0.000     0.345    u_dut/u_frontend/g_memory_dpd.u_memory_dpd/g_lane[7].u_dpd/r4_full_s2[3]/DSP_PREADD_DATA.B2B1<17>
    DSP48E2_X1Y74        DSP_MULTIPLIER (Prop_DSP_MULTIPLIER_DSP48E2_B2B1[17]_V[43])
                                                      0.609     0.954 f  u_dut/u_frontend/g_memory_dpd.u_memory_dpd/g_lane[7].u_dpd/r4_full_s2[3]/DSP_MULTIPLIER_INST/V[43]
                         net (fo=1, routed)           0.000     0.954    u_dut/u_frontend/g_memory_dpd.u_memory_dpd/g_lane[7].u_dpd/r4_full_s2[3]/DSP_MULTIPLIER.V<43>
    DSP48E2_X1Y74        DSP_M_DATA (Prop_DSP_M_DATA_DSP48E2_V[43]_V_DATA[43])
                                                      0.046     1.000 r  u_dut/u_frontend/g_memory_dpd.u_memory_dpd/g_lane[7].u_dpd/r4_full_s2[3]/DSP_M_DATA_INST/V_DATA[43]
                         net (fo=1, routed)           0.000     1.000    u_dut/u_frontend/g_memory_dpd.u_memory_dpd/g_lane[7].u_dpd/r4_full_s2[3]/DSP_M_DATA.V_DATA<43>
    DSP48E2_X1Y74        DSP_ALU (Prop_DSP_ALU_DSP48E2_V_DATA[43]_ALU_OUT[47])
                                                      0.571     1.571 f  u_dut/u_frontend/g_memory_dpd.u_memory_dpd/g_lane[7].u_dpd/r4_full_s2[3]/DSP_ALU_INST/ALU_OUT[47]
                         net (fo=1, routed)           0.000     1.571    u_dut/u_frontend/g_memory_dpd.u_memory_dpd/g_lane[7].u_dpd/r4_full_s2[3]/DSP_ALU.ALU_OUT<47>
    DSP48E2_X1Y74        DSP_OUTPUT (Prop_DSP_OUTPUT_DSP48E2_ALU_OUT[47]_PCOUT[47])
                                                      0.122     1.693 r  u_dut/u_frontend/g_memory_dpd.u_memory_dpd/g_lane[7].u_dpd/r4_full_s2[3]/DSP_OUTPUT_INST/PCOUT[47]
                         net (fo=1, routed)           0.014     1.707    u_dut/u_frontend/g_memory_dpd.u_memory_dpd/g_lane[7].u_dpd/r4_full_s2[3]__0/PCIN[47]
    DSP48E2_X1Y75        DSP_ALU (Prop_DSP_ALU_DSP48E2_PCIN[47]_ALU_OUT[0])
                                                      0.546     2.253 f  u_dut/u_frontend/g_memory_dpd.u_memory_dpd/g_lane[7].u_dpd/r4_full_s2[3]__0/DSP_ALU_INST/ALU_OUT[0]
                         net (fo=1, routed)           0.000     2.253    u_dut/u_frontend/g_memory_dpd.u_memory_dpd/g_lane[7].u_dpd/r4_full_s2[3]__0/DSP_ALU.ALU_OUT<0>
    DSP48E2_X1Y75        DSP_OUTPUT (Prop_DSP_OUTPUT_DSP48E2_ALU_OUT[0]_P[0])
                                                      0.109     2.362 r  u_dut/u_frontend/g_memory_dpd.u_memory_dpd/g_lane[7].u_dpd/r4_full_s2[3]__0/DSP_OUTPUT_INST/P[0]
                         net (fo=1, routed)           0.345     2.707    u_dut/u_frontend/g_memory_dpd.u_memory_dpd/g_lane[7].u_dpd/r4_full_s2[3]__0_n_105
    SLICE_X13Y187        LUT2 (Prop_C6LUT_SLICEM_I1_O)
                                                      0.051     2.758 r  u_dut/u_frontend/g_memory_dpd.u_memory_dpd/g_lane[7].u_dpd/p_156_out__0_i_15/O
                         net (fo=1, routed)           0.021     2.779    u_dut/u_frontend/g_memory_dpd.u_memory_dpd/g_lane[7].u_dpd/p_156_out__0_i_15_n_0
    SLICE_X13Y187        CARRY8 (Prop_CARRY8_SLICEM_S[2]_CO[7])
                                                      0.161     2.940 r  u_dut/u_frontend/g_memory_dpd.u_memory_dpd/g_lane[7].u_dpd/p_156_out__0_i_2/CO[7]
                         net (fo=1, routed)           0.026     2.966    u_dut/u_frontend/g_memory_dpd.u_memory_dpd/g_lane[7].u_dpd/p_156_out__0_i_2_n_0
    SLICE_X13Y188        CARRY8 (Prop_CARRY8_SLICEM_CI_O[6])
                                                      0.103     3.069 r  u_dut/u_frontend/g_memory_dpd.u_memory_dpd/g_lane[7].u_dpd/p_156_out__0_i_1/O[6]
                         net (fo=8, routed)           0.953     4.022    u_dut/u_frontend/g_memory_dpd.u_memory_dpd/g_lane[7].u_dpd/p_156_out__0/B[15]
    DSP48E2_X7Y74        DSP_A_B_DATA                                 r  u_dut/u_frontend/g_memory_dpd.u_memory_dpd/g_lane[7].u_dpd/p_156_out__0/DSP_A_B_DATA_INST/B[15]
  -------------------------------------------------------------------    -------------------

                         (clock core_clk rise edge)
                                                      4.571     4.571 r  
                                                      0.000     4.571 r  clk218 (IN)
                         net (fo=121078, unset)       0.043     4.614    u_dut/u_frontend/g_memory_dpd.u_memory_dpd/g_lane[7].u_dpd/p_156_out__0/CLK
    DSP48E2_X7Y74        DSP_A_B_DATA                                 r  u_dut/u_frontend/g_memory_dpd.u_memory_dpd/g_lane[7].u_dpd/p_156_out__0/DSP_A_B_DATA_INST/CLK
                         clock pessimism              0.000     4.614    
                         clock uncertainty           -0.035     4.579    
    DSP48E2_X7Y74        DSP_A_B_DATA (Setup_DSP_A_B_DATA_DSP48E2_CLK_B[15])
                                                     -0.249     4.330    u_dut/u_frontend/g_memory_dpd.u_memory_dpd/g_lane[7].u_dpd/p_156_out__0/DSP_A_B_DATA_INST
  -------------------------------------------------------------------
                         required time                          4.330    
                         arrival time                          -4.022    
  -------------------------------------------------------------------
                         slack                                  0.308    

Slack (MET) :             0.325ns  (required time - arrival time)
  Source:                 u_dut/u_frontend/g_memory_dpd.u_memory_dpd/g_lane[7].u_dpd/r4_full_s2[3]/DSP_A_B_DATA_INST/CLK
                            (rising edge-triggered cell DSP_A_B_DATA clocked by core_clk  {rise@0.000ns fall@2.286ns period=4.571ns})
  Destination:            u_dut/u_frontend/g_memory_dpd.u_memory_dpd/g_lane[7].u_dpd/p_156_out__0/DSP_A_B_DATA_INST/B[16]
                            (rising edge-triggered cell DSP_A_B_DATA clocked by core_clk  {rise@0.000ns fall@2.286ns period=4.571ns})
  Path Group:             core_clk
  Path Type:              Setup (Max at Slow Process Corner)
  Requirement:            4.571ns  (core_clk rise@4.571ns - core_clk rise@0.000ns)
  Data Path Delay:        3.940ns  (logic 2.603ns (66.074%)  route 1.337ns (33.926%))
  Logic Levels:           10  (CARRY8=2 DSP_ALU=2 DSP_M_DATA=1 DSP_MULTIPLIER=1 DSP_OUTPUT=2 DSP_PREADD_DATA=1 LUT2=1)
  Clock Path Skew:        -0.017ns (DCD - SCD + CPR)
    Destination Clock Delay (DCD):    0.043ns = ( 4.614 - 4.571 ) 
    Source Clock Delay      (SCD):    0.060ns
    Clock Pessimism Removal (CPR):    0.000ns
  Clock Uncertainty:      0.035ns  ((TSJ^2 + TIJ^2)^1/2 + DJ) / 2 + PE
    Total System Jitter     (TSJ):    0.071ns
    Total Input Jitter      (TIJ):    0.000ns
    Discrete Jitter          (DJ):    0.000ns
    Phase Error              (PE):    0.000ns

    Location             Delay type                Incr(ns)  Path(ns)    Netlist Resource(s)
  -------------------------------------------------------------------    -------------------
                         (clock core_clk rise edge)
                                                      0.000     0.000 r  
                                                      0.000     0.000 r  clk218 (IN)
                         net (fo=121078, unset)       0.060     0.060    u_dut/u_frontend/g_memory_dpd.u_memory_dpd/g_lane[7].u_dpd/r4_full_s2[3]/CLK
    DSP48E2_X1Y74        DSP_A_B_DATA                                 r  u_dut/u_frontend/g_memory_dpd.u_memory_dpd/g_lane[7].u_dpd/r4_full_s2[3]/DSP_A_B_DATA_INST/CLK
  -------------------------------------------------------------------    -------------------
    DSP48E2_X1Y74        DSP_A_B_DATA (Prop_DSP_A_B_DATA_DSP48E2_CLK_B2_DATA[17])
                                                      0.212     0.272 r  u_dut/u_frontend/g_memory_dpd.u_memory_dpd/g_lane[7].u_dpd/r4_full_s2[3]/DSP_A_B_DATA_INST/B2_DATA[17]
                         net (fo=1, routed)           0.000     0.272    u_dut/u_frontend/g_memory_dpd.u_memory_dpd/g_lane[7].u_dpd/r4_full_s2[3]/DSP_A_B_DATA.B2_DATA<17>
    DSP48E2_X1Y74        DSP_PREADD_DATA (Prop_DSP_PREADD_DATA_DSP48E2_B2_DATA[17]_B2B1[17])
                                                      0.073     0.345 r  u_dut/u_frontend/g_memory_dpd.u_memory_dpd/g_lane[7].u_dpd/r4_full_s2[3]/DSP_PREADD_DATA_INST/B2B1[17]
                         net (fo=1, routed)           0.000     0.345    u_dut/u_frontend/g_memory_dpd.u_memory_dpd/g_lane[7].u_dpd/r4_full_s2[3]/DSP_PREADD_DATA.B2B1<17>
    DSP48E2_X1Y74        DSP_MULTIPLIER (Prop_DSP_MULTIPLIER_DSP48E2_B2B1[17]_V[43])
                                                      0.609     0.954 f  u_dut/u_frontend/g_memory_dpd.u_memory_dpd/g_lane[7].u_dpd/r4_full_s2[3]/DSP_MULTIPLIER_INST/V[43]
                         net (fo=1, routed)           0.000     0.954    u_dut/u_frontend/g_memory_dpd.u_memory_dpd/g_lane[7].u_dpd/r4_full_s2[3]/DSP_MULTIPLIER.V<43>
    DSP48E2_X1Y74        DSP_M_DATA (Prop_DSP_M_DATA_DSP48E2_V[43]_V_DATA[43])
                                                      0.046     1.000 r  u_dut/u_frontend/g_memory_dpd.u_memory_dpd/g_lane[7].u_dpd/r4_full_s2[3]/DSP_M_DATA_INST/V_DATA[43]
                         net (fo=1, routed)           0.000     1.000    u_dut/u_frontend/g_memory_dpd.u_memory_dpd/g_lane[7].u_dpd/r4_full_s2[3]/DSP_M_DATA.V_DATA<43>
    DSP48E2_X1Y74        DSP_ALU (Prop_DSP_ALU_DSP48E2_V_DATA[43]_ALU_OUT[47])
                                                      0.571     1.571 f  u_dut/u_frontend/g_memory_dpd.u_memory_dpd/g_lane[7].u_dpd/r4_full_s2[3]/DSP_ALU_INST/ALU_OUT[47]
                         net (fo=1, routed)           0.000     1.571    u_dut/u_frontend/g_memory_dpd.u_memory_dpd/g_lane[7].u_dpd/r4_full_s2[3]/DSP_ALU.ALU_OUT<47>
    DSP48E2_X1Y74        DSP_OUTPUT (Prop_DSP_OUTPUT_DSP48E2_ALU_OUT[47]_PCOUT[47])
                                                      0.122     1.693 r  u_dut/u_frontend/g_memory_dpd.u_memory_dpd/g_lane[7].u_dpd/r4_full_s2[3]/DSP_OUTPUT_INST/PCOUT[47]
                         net (fo=1, routed)           0.014     1.707    u_dut/u_frontend/g_memory_dpd.u_memory_dpd/g_lane[7].u_dpd/r4_full_s2[3]__0/PCIN[47]
    DSP48E2_X1Y75        DSP_ALU (Prop_DSP_ALU_DSP48E2_PCIN[47]_ALU_OUT[0])
                                                      0.546     2.253 f  u_dut/u_frontend/g_memory_dpd.u_memory_dpd/g_lane[7].u_dpd/r4_full_s2[3]__0/DSP_ALU_INST/ALU_OUT[0]
                         net (fo=1, routed)           0.000     2.253    u_dut/u_frontend/g_memory_dpd.u_memory_dpd/g_lane[7].u_dpd/r4_full_s2[3]__0/DSP_ALU.ALU_OUT<0>
    DSP48E2_X1Y75        DSP_OUTPUT (Prop_DSP_OUTPUT_DSP48E2_ALU_OUT[0]_P[0])
                                                      0.109     2.362 r  u_dut/u_frontend/g_memory_dpd.u_memory_dpd/g_lane[7].u_dpd/r4_full_s2[3]__0/DSP_OUTPUT_INST/P[0]
                         net (fo=1, routed)           0.345     2.707    u_dut/u_frontend/g_memory_dpd.u_memory_dpd/g_lane[7].u_dpd/r4_full_s2[3]__0_n_105
    SLICE_X13Y187        LUT2 (Prop_C6LUT_SLICEM_I1_O)
                                                      0.051     2.758 r  u_dut/u_frontend/g_memory_dpd.u_memory_dpd/g_lane[7].u_dpd/p_156_out__0_i_15/O
                         net (fo=1, routed)           0.021     2.779    u_dut/u_frontend/g_memory_dpd.u_memory_dpd/g_lane[7].u_dpd/p_156_out__0_i_15_n_0
    SLICE_X13Y187        CARRY8 (Prop_CARRY8_SLICEM_S[2]_CO[7])
                                                      0.161     2.940 r  u_dut/u_frontend/g_memory_dpd.u_memory_dpd/g_lane[7].u_dpd/p_156_out__0_i_2/CO[7]
                         net (fo=1, routed)           0.026     2.966    u_dut/u_frontend/g_memory_dpd.u_memory_dpd/g_lane[7].u_dpd/p_156_out__0_i_2_n_0
    SLICE_X13Y188        CARRY8 (Prop_CARRY8_SLICEM_CI_O[6])
                                                      0.103     3.069 r  u_dut/u_frontend/g_memory_dpd.u_memory_dpd/g_lane[7].u_dpd/p_156_out__0_i_1/O[6]
                         net (fo=8, routed)           0.931     4.000    u_dut/u_frontend/g_memory_dpd.u_memory_dpd/g_lane[7].u_dpd/p_156_out__0/B[16]
    DSP48E2_X7Y74        DSP_A_B_DATA                                 r  u_dut/u_frontend/g_memory_dpd.u_memory_dpd/g_lane[7].u_dpd/p_156_out__0/DSP_A_B_DATA_INST/B[16]
  -------------------------------------------------------------------    -------------------

                         (clock core_clk rise edge)
                                                      4.571     4.571 r  
                                                      0.000     4.571 r  clk218 (IN)
                         net (fo=121078, unset)       0.043     4.614    u_dut/u_frontend/g_memory_dpd.u_memory_dpd/g_lane[7].u_dpd/p_156_out__0/CLK
    DSP48E2_X7Y74        DSP_A_B_DATA                                 r  u_dut/u_frontend/g_memory_dpd.u_memory_dpd/g_lane[7].u_dpd/p_156_out__0/DSP_A_B_DATA_INST/CLK
                         clock pessimism              0.000     4.614    
                         clock uncertainty           -0.035     4.579    
    DSP48E2_X7Y74        DSP_A_B_DATA (Setup_DSP_A_B_DATA_DSP48E2_CLK_B[16])
                                                     -0.254     4.325    u_dut/u_frontend/g_memory_dpd.u_memory_dpd/g_lane[7].u_dpd/p_156_out__0/DSP_A_B_DATA_INST
  -------------------------------------------------------------------
                         required time                          4.325    
                         arrival time                          -4.000    
  -------------------------------------------------------------------
                         slack                                  0.325    

Slack (MET) :             0.358ns  (required time - arrival time)
  Source:                 u_dut/u_frontend/g_memory_dpd.u_memory_dpd/g_lane[7].u_dpd/r4_full_s2[3]/DSP_A_B_DATA_INST/CLK
                            (rising edge-triggered cell DSP_A_B_DATA clocked by core_clk  {rise@0.000ns fall@2.286ns period=4.571ns})
  Destination:            u_dut/u_frontend/g_memory_dpd.u_memory_dpd/g_lane[7].u_dpd/p_156_out__0/DSP_A_B_DATA_INST/B[17]
                            (rising edge-triggered cell DSP_A_B_DATA clocked by core_clk  {rise@0.000ns fall@2.286ns period=4.571ns})
  Path Group:             core_clk
  Path Type:              Setup (Max at Slow Process Corner)
  Requirement:            4.571ns  (core_clk rise@4.571ns - core_clk rise@0.000ns)
  Data Path Delay:        3.898ns  (logic 2.603ns (66.786%)  route 1.295ns (33.214%))
  Logic Levels:           10  (CARRY8=2 DSP_ALU=2 DSP_M_DATA=1 DSP_MULTIPLIER=1 DSP_OUTPUT=2 DSP_PREADD_DATA=1 LUT2=1)
  Clock Path Skew:        -0.017ns (DCD - SCD + CPR)
    Destination Clock Delay (DCD):    0.043ns = ( 4.614 - 4.571 ) 
    Source Clock Delay      (SCD):    0.060ns
    Clock Pessimism Removal (CPR):    0.000ns
  Clock Uncertainty:      0.035ns  ((TSJ^2 + TIJ^2)^1/2 + DJ) / 2 + PE
    Total System Jitter     (TSJ):    0.071ns
    Total Input Jitter      (TIJ):    0.000ns
    Discrete Jitter          (DJ):    0.000ns
    Phase Error              (PE):    0.000ns

    Location             Delay type                Incr(ns)  Path(ns)    Netlist Resource(s)
  -------------------------------------------------------------------    -------------------
                         (clock core_clk rise edge)
                                                      0.000     0.000 r  
                                                      0.000     0.000 r  clk218 (IN)
                         net (fo=121078, unset)       0.060     0.060    u_dut/u_frontend/g_memory_dpd.u_memory_dpd/g_lane[7].u_dpd/r4_full_s2[3]/CLK
    DSP48E2_X1Y74        DSP_A_B_DATA                                 r  u_dut/u_frontend/g_memory_dpd.u_memory_dpd/g_lane[7].u_dpd/r4_full_s2[3]/DSP_A_B_DATA_INST/CLK
  -------------------------------------------------------------------    -------------------
    DSP48E2_X1Y74        DSP_A_B_DATA (Prop_DSP_A_B_DATA_DSP48E2_CLK_B2_DATA[17])
                                                      0.212     0.272 r  u_dut/u_frontend/g_memory_dpd.u_memory_dpd/g_lane[7].u_dpd/r4_full_s2[3]/DSP_A_B_DATA_INST/B2_DATA[17]
                         net (fo=1, routed)           0.000     0.272    u_dut/u_frontend/g_memory_dpd.u_memory_dpd/g_lane[7].u_dpd/r4_full_s2[3]/DSP_A_B_DATA.B2_DATA<17>
    DSP48E2_X1Y74        DSP_PREADD_DATA (Prop_DSP_PREADD_DATA_DSP48E2_B2_DATA[17]_B2B1[17])
                                                      0.073     0.345 r  u_dut/u_frontend/g_memory_dpd.u_memory_dpd/g_lane[7].u_dpd/r4_full_s2[3]/DSP_PREADD_DATA_INST/B2B1[17]
                         net (fo=1, routed)           0.000     0.345    u_dut/u_frontend/g_memory_dpd.u_memory_dpd/g_lane[7].u_dpd/r4_full_s2[3]/DSP_PREADD_DATA.B2B1<17>
    DSP48E2_X1Y74        DSP_MULTIPLIER (Prop_DSP_MULTIPLIER_DSP48E2_B2B1[17]_V[43])
                                                      0.609     0.954 f  u_dut/u_frontend/g_memory_dpd.u_memory_dpd/g_lane[7].u_dpd/r4_full_s2[3]/DSP_MULTIPLIER_INST/V[43]
                         net (fo=1, routed)           0.000     0.954    u_dut/u_frontend/g_memory_dpd.u_memory_dpd/g_lane[7].u_dpd/r4_full_s2[3]/DSP_MULTIPLIER.V<43>
    DSP48E2_X1Y74        DSP_M_DATA (Prop_DSP_M_DATA_DSP48E2_V[43]_V_DATA[43])
                                                      0.046     1.000 r  u_dut/u_frontend/g_memory_dpd.u_memory_dpd/g_lane[7].u_dpd/r4_full_s2[3]/DSP_M_DATA_INST/V_DATA[43]
                         net (fo=1, routed)           0.000     1.000    u_dut/u_frontend/g_memory_dpd.u_memory_dpd/g_lane[7].u_dpd/r4_full_s2[3]/DSP_M_DATA.V_DATA<43>
    DSP48E2_X1Y74        DSP_ALU (Prop_DSP_ALU_DSP48E2_V_DATA[43]_ALU_OUT[47])
                                                      0.571     1.571 f  u_dut/u_frontend/g_memory_dpd.u_memory_dpd/g_lane[7].u_dpd/r4_full_s2[3]/DSP_ALU_INST/ALU_OUT[47]
                         net (fo=1, routed)           0.000     1.571    u_dut/u_frontend/g_memory_dpd.u_memory_dpd/g_lane[7].u_dpd/r4_full_s2[3]/DSP_ALU.ALU_OUT<47>
    DSP48E2_X1Y74        DSP_OUTPUT (Prop_DSP_OUTPUT_DSP48E2_ALU_OUT[47]_PCOUT[47])
                                                      0.122     1.693 r  u_dut/u_frontend/g_memory_dpd.u_memory_dpd/g_lane[7].u_dpd/r4_full_s2[3]/DSP_OUTPUT_INST/PCOUT[47]
                         net (fo=1, routed)           0.014     1.707    u_dut/u_frontend/g_memory_dpd.u_memory_dpd/g_lane[7].u_dpd/r4_full_s2[3]__0/PCIN[47]
    DSP48E2_X1Y75        DSP_ALU (Prop_DSP_ALU_DSP48E2_PCIN[47]_ALU_OUT[0])
                                                      0.546     2.253 f  u_dut/u_frontend/g_memory_dpd.u_memory_dpd/g_lane[7].u_dpd/r4_full_s2[3]__0/DSP_ALU_INST/ALU_OUT[0]
                         net (fo=1, routed)           0.000     2.253    u_dut/u_frontend/g_memory_dpd.u_memory_dpd/g_lane[7].u_dpd/r4_full_s2[3]__0/DSP_ALU.ALU_OUT<0>
    DSP48E2_X1Y75        DSP_OUTPUT (Prop_DSP_OUTPUT_DSP48E2_ALU_OUT[0]_P[0])
                                                      0.109     2.362 r  u_dut/u_frontend/g_memory_dpd.u_memory_dpd/g_lane[7].u_dpd/r4_full_s2[3]__0/DSP_OUTPUT_INST/P[0]
                         net (fo=1, routed)           0.345     2.707    u_dut/u_frontend/g_memory_dpd.u_memory_dpd/g_lane[7].u_dpd/r4_full_s2[3]__0_n_105
    SLICE_X13Y187        LUT2 (Prop_C6LUT_SLICEM_I1_O)
                                                      0.051     2.758 r  u_dut/u_frontend/g_memory_dpd.u_memory_dpd/g_lane[7].u_dpd/p_156_out__0_i_15/O
                         net (fo=1, routed)           0.021     2.779    u_dut/u_frontend/g_memory_dpd.u_memory_dpd/g_lane[7].u_dpd/p_156_out__0_i_15_n_0
    SLICE_X13Y187        CARRY8 (Prop_CARRY8_SLICEM_S[2]_CO[7])
                                                      0.161     2.940 r  u_dut/u_frontend/g_memory_dpd.u_memory_dpd/g_lane[7].u_dpd/p_156_out__0_i_2/CO[7]
                         net (fo=1, routed)           0.026     2.966    u_dut/u_frontend/g_memory_dpd.u_memory_dpd/g_lane[7].u_dpd/p_156_out__0_i_2_n_0
    SLICE_X13Y188        CARRY8 (Prop_CARRY8_SLICEM_CI_O[6])
                                                      0.103     3.069 r  u_dut/u_frontend/g_memory_dpd.u_memory_dpd/g_lane[7].u_dpd/p_156_out__0_i_1/O[6]
                         net (fo=8, routed)           0.889     3.958    u_dut/u_frontend/g_memory_dpd.u_memory_dpd/g_lane[7].u_dpd/p_156_out__0/B[17]
    DSP48E2_X7Y74        DSP_A_B_DATA                                 r  u_dut/u_frontend/g_memory_dpd.u_memory_dpd/g_lane[7].u_dpd/p_156_out__0/DSP_A_B_DATA_INST/B[17]
  -------------------------------------------------------------------    -------------------

                         (clock core_clk rise edge)
                                                      4.571     4.571 r  
                                                      0.000     4.571 r  clk218 (IN)
                         net (fo=121078, unset)       0.043     4.614    u_dut/u_frontend/g_memory_dpd.u_memory_dpd/g_lane[7].u_dpd/p_156_out__0/CLK
    DSP48E2_X7Y74        DSP_A_B_DATA                                 r  u_dut/u_frontend/g_memory_dpd.u_memory_dpd/g_lane[7].u_dpd/p_156_out__0/DSP_A_B_DATA_INST/CLK
                         clock pessimism              0.000     4.614    
                         clock uncertainty           -0.035     4.579    
    DSP48E2_X7Y74        DSP_A_B_DATA (Setup_DSP_A_B_DATA_DSP48E2_CLK_B[17])
                                                     -0.263     4.316    u_dut/u_frontend/g_memory_dpd.u_memory_dpd/g_lane[7].u_dpd/p_156_out__0/DSP_A_B_DATA_INST
  -------------------------------------------------------------------
                         required time                          4.316    
                         arrival time                          -3.958    
  -------------------------------------------------------------------
                         slack                                  0.358    

Slack (MET) :             0.367ns  (required time - arrival time)
  Source:                 u_dut/u_frontend/u_interp_to_dpd_elastic/data_i_reg[223]/C
                            (rising edge-triggered cell FDCE clocked by core_clk  {rise@0.000ns fall@2.286ns period=4.571ns})
  Destination:            u_dut/u_frontend/g_memory_dpd.u_memory_dpd/g_lane[13].u_dpd/p_0_out__30/DSP_A_B_DATA_INST/A[26]
                            (rising edge-triggered cell DSP_A_B_DATA clocked by core_clk  {rise@0.000ns fall@2.286ns period=4.571ns})
  Path Group:             core_clk
  Path Type:              Setup (Max at Slow Process Corner)
  Requirement:            4.571ns  (core_clk rise@4.571ns - core_clk rise@0.000ns)
  Data Path Delay:        3.898ns  (logic 0.081ns (2.078%)  route 3.817ns (97.922%))
  Logic Levels:           0  
  Clock Path Skew:        0.014ns (DCD - SCD + CPR)
    Destination Clock Delay (DCD):    0.043ns = ( 4.614 - 4.571 ) 
    Source Clock Delay      (SCD):    0.029ns
    Clock Pessimism Removal (CPR):    0.000ns
  Clock Uncertainty:      0.035ns  ((TSJ^2 + TIJ^2)^1/2 + DJ) / 2 + PE
    Total System Jitter     (TSJ):    0.071ns
    Total Input Jitter      (TIJ):    0.000ns
    Discrete Jitter          (DJ):    0.000ns
    Phase Error              (PE):    0.000ns

    Location             Delay type                Incr(ns)  Path(ns)    Netlist Resource(s)
  -------------------------------------------------------------------    -------------------
                         (clock core_clk rise edge)
                                                      0.000     0.000 r  
                                                      0.000     0.000 r  clk218 (IN)
                         net (fo=121078, unset)       0.029     0.029    u_dut/u_frontend/u_interp_to_dpd_elastic/clk
    SLICE_X56Y237        FDCE                                         r  u_dut/u_frontend/u_interp_to_dpd_elastic/data_i_reg[223]/C
  -------------------------------------------------------------------    -------------------
    SLICE_X56Y237        FDCE (Prop_FFF2_SLICEL_C_Q)
                                                      0.081     0.110 r  u_dut/u_frontend/u_interp_to_dpd_elastic/data_i_reg[223]/Q
                         net (fo=58, routed)          3.817     3.927    u_dut/u_frontend/g_memory_dpd.u_memory_dpd/g_lane[13].u_dpd/p_0_out__30/A[26]
    DSP48E2_X5Y130       DSP_A_B_DATA                                 r  u_dut/u_frontend/g_memory_dpd.u_memory_dpd/g_lane[13].u_dpd/p_0_out__30/DSP_A_B_DATA_INST/A[26]
  -------------------------------------------------------------------    -------------------

                         (clock core_clk rise edge)
                                                      4.571     4.571 r  
                                                      0.000     4.571 r  clk218 (IN)
                         net (fo=121078, unset)       0.043     4.614    u_dut/u_frontend/g_memory_dpd.u_memory_dpd/g_lane[13].u_dpd/p_0_out__30/CLK
    DSP48E2_X5Y130       DSP_A_B_DATA                                 r  u_dut/u_frontend/g_memory_dpd.u_memory_dpd/g_lane[13].u_dpd/p_0_out__30/DSP_A_B_DATA_INST/CLK
                         clock pessimism              0.000     4.614    
                         clock uncertainty           -0.035     4.579    
    DSP48E2_X5Y130       DSP_A_B_DATA (Setup_DSP_A_B_DATA_DSP48E2_CLK_A[26])
                                                     -0.285     4.294    u_dut/u_frontend/g_memory_dpd.u_memory_dpd/g_lane[13].u_dpd/p_0_out__30/DSP_A_B_DATA_INST
  -------------------------------------------------------------------
                         required time                          4.294    
                         arrival time                          -3.927    
  -------------------------------------------------------------------
                         slack                                  0.367    

Slack (MET) :             0.372ns  (required time - arrival time)
  Source:                 u_dut/u_frontend/u_tid/g_branch[2].u_tid/bank_enable_reg[0]/C
                            (rising edge-triggered cell FDCE clocked by core_clk  {rise@0.000ns fall@2.286ns period=4.571ns})
  Destination:            u_dut/u_frontend/u_tid/g_branch[2].u_tid/a_q_reg[3][29][11]_srl26_a_i_reg_c_677/CE
                            (rising edge-triggered cell SRLC32E clocked by core_clk  {rise@0.000ns fall@2.286ns period=4.571ns})
  Path Group:             core_clk
  Path Type:              Setup (Max at Slow Process Corner)
  Requirement:            4.571ns  (core_clk rise@4.571ns - core_clk rise@0.000ns)
  Data Path Delay:        3.996ns  (logic 0.076ns (1.902%)  route 3.920ns (98.098%))
  Logic Levels:           0  
  Clock Path Skew:        0.013ns (DCD - SCD + CPR)
    Destination Clock Delay (DCD):    0.043ns = ( 4.614 - 4.571 ) 
    Source Clock Delay      (SCD):    0.030ns
    Clock Pessimism Removal (CPR):    0.000ns
  Clock Uncertainty:      0.035ns  ((TSJ^2 + TIJ^2)^1/2 + DJ) / 2 + PE
    Total System Jitter     (TSJ):    0.071ns
    Total Input Jitter      (TIJ):    0.000ns
    Discrete Jitter          (DJ):    0.000ns
    Phase Error              (PE):    0.000ns

    Location             Delay type                Incr(ns)  Path(ns)    Netlist Resource(s)
  -------------------------------------------------------------------    -------------------
                         (clock core_clk rise edge)
                                                      0.000     0.000 r  
                                                      0.000     0.000 r  clk218 (IN)
                         net (fo=121078, unset)       0.030     0.030    u_dut/u_frontend/u_tid/g_branch[2].u_tid/clk
    SLICE_X79Y233        FDCE                                         r  u_dut/u_frontend/u_tid/g_branch[2].u_tid/bank_enable_reg[0]/C
  -------------------------------------------------------------------    -------------------
    SLICE_X79Y233        FDCE (Prop_EFF_SLICEM_C_Q)
                                                      0.076     0.106 r  u_dut/u_frontend/u_tid/g_branch[2].u_tid/bank_enable_reg[0]/Q
                         net (fo=767, routed)         3.920     4.026    u_dut/u_frontend/u_tid/g_branch[2].u_tid/bank_enable[0]
    SLICE_X90Y187        SRLC32E                                      r  u_dut/u_frontend/u_tid/g_branch[2].u_tid/a_q_reg[3][29][11]_srl26_a_i_reg_c_677/CE
  -------------------------------------------------------------------    -------------------

                         (clock core_clk rise edge)
                                                      4.571     4.571 r  
                                                      0.000     4.571 r  clk218 (IN)
                         net (fo=121078, unset)       0.043     4.614    u_dut/u_frontend/u_tid/g_branch[2].u_tid/clk
    SLICE_X90Y187        SRLC32E                                      r  u_dut/u_frontend/u_tid/g_branch[2].u_tid/a_q_reg[3][29][11]_srl26_a_i_reg_c_677/CLK
                         clock pessimism              0.000     4.614    
                         clock uncertainty           -0.035     4.579    
    SLICE_X90Y187        SRLC32E (Setup_H6LUT_SLICEM_CLK_CE)
                                                     -0.180     4.399    u_dut/u_frontend/u_tid/g_branch[2].u_tid/a_q_reg[3][29][11]_srl26_a_i_reg_c_677
  -------------------------------------------------------------------
                         required time                          4.399    
                         arrival time                          -4.026    
  -------------------------------------------------------------------
                         slack                                  0.372    

Slack (MET) :             0.372ns  (required time - arrival time)
  Source:                 u_dut/u_frontend/u_tid/g_branch[2].u_tid/bank_enable_reg[0]/C
                            (rising edge-triggered cell FDCE clocked by core_clk  {rise@0.000ns fall@2.286ns period=4.571ns})
  Destination:            u_dut/u_frontend/u_tid/g_branch[2].u_tid/a_q_reg[3][29][14]_srl26_a_i_reg_c_677/CE
                            (rising edge-triggered cell SRLC32E clocked by core_clk  {rise@0.000ns fall@2.286ns period=4.571ns})
  Path Group:             core_clk
  Path Type:              Setup (Max at Slow Process Corner)
  Requirement:            4.571ns  (core_clk rise@4.571ns - core_clk rise@0.000ns)
  Data Path Delay:        3.996ns  (logic 0.076ns (1.902%)  route 3.920ns (98.098%))
  Logic Levels:           0  
  Clock Path Skew:        0.013ns (DCD - SCD + CPR)
    Destination Clock Delay (DCD):    0.043ns = ( 4.614 - 4.571 ) 
    Source Clock Delay      (SCD):    0.030ns
    Clock Pessimism Removal (CPR):    0.000ns
  Clock Uncertainty:      0.035ns  ((TSJ^2 + TIJ^2)^1/2 + DJ) / 2 + PE
    Total System Jitter     (TSJ):    0.071ns
    Total Input Jitter      (TIJ):    0.000ns
    Discrete Jitter          (DJ):    0.000ns
    Phase Error              (PE):    0.000ns

    Location             Delay type                Incr(ns)  Path(ns)    Netlist Resource(s)
  -------------------------------------------------------------------    -------------------
                         (clock core_clk rise edge)
                                                      0.000     0.000 r  
                                                      0.000     0.000 r  clk218 (IN)
                         net (fo=121078, unset)       0.030     0.030    u_dut/u_frontend/u_tid/g_branch[2].u_tid/clk
    SLICE_X79Y233        FDCE                                         r  u_dut/u_frontend/u_tid/g_branch[2].u_tid/bank_enable_reg[0]/C
  -------------------------------------------------------------------    -------------------
    SLICE_X79Y233        FDCE (Prop_EFF_SLICEM_C_Q)
                                                      0.076     0.106 r  u_dut/u_frontend/u_tid/g_branch[2].u_tid/bank_enable_reg[0]/Q
                         net (fo=767, routed)         3.920     4.026    u_dut/u_frontend/u_tid/g_branch[2].u_tid/bank_enable[0]
    SLICE_X90Y187        SRLC32E                                      r  u_dut/u_frontend/u_tid/g_branch[2].u_tid/a_q_reg[3][29][14]_srl26_a_i_reg_c_677/CE
  -------------------------------------------------------------------    -------------------

                         (clock core_clk rise edge)
                                                      4.571     4.571 r  
                                                      0.000     4.571 r  clk218 (IN)
                         net (fo=121078, unset)       0.043     4.614    u_dut/u_frontend/u_tid/g_branch[2].u_tid/clk
    SLICE_X90Y187        SRLC32E                                      r  u_dut/u_frontend/u_tid/g_branch[2].u_tid/a_q_reg[3][29][14]_srl26_a_i_reg_c_677/CLK
                         clock pessimism              0.000     4.614    
                         clock uncertainty           -0.035     4.579    
    SLICE_X90Y187        SRLC32E (Setup_G6LUT_SLICEM_CLK_CE)
                                                     -0.180     4.399    u_dut/u_frontend/u_tid/g_branch[2].u_tid/a_q_reg[3][29][14]_srl26_a_i_reg_c_677
  -------------------------------------------------------------------
                         required time                          4.399    
                         arrival time                          -4.026    
  -------------------------------------------------------------------
                         slack                                  0.372    

Slack (MET) :             0.372ns  (required time - arrival time)
  Source:                 u_dut/u_frontend/u_tid/g_branch[2].u_tid/bank_enable_reg[0]/C
                            (rising edge-triggered cell FDCE clocked by core_clk  {rise@0.000ns fall@2.286ns period=4.571ns})
  Destination:            u_dut/u_frontend/u_tid/g_branch[2].u_tid/a_q_reg[3][29][1]_srl26_a_i_reg_c_677/CE
                            (rising edge-triggered cell SRLC32E clocked by core_clk  {rise@0.000ns fall@2.286ns period=4.571ns})
  Path Group:             core_clk
  Path Type:              Setup (Max at Slow Process Corner)
  Requirement:            4.571ns  (core_clk rise@4.571ns - core_clk rise@0.000ns)
  Data Path Delay:        3.996ns  (logic 0.076ns (1.902%)  route 3.920ns (98.098%))
  Logic Levels:           0  
  Clock Path Skew:        0.013ns (DCD - SCD + CPR)
    Destination Clock Delay (DCD):    0.043ns = ( 4.614 - 4.571 ) 
    Source Clock Delay      (SCD):    0.030ns
    Clock Pessimism Removal (CPR):    0.000ns
  Clock Uncertainty:      0.035ns  ((TSJ^2 + TIJ^2)^1/2 + DJ) / 2 + PE
    Total System Jitter     (TSJ):    0.071ns
    Total Input Jitter      (TIJ):    0.000ns
    Discrete Jitter          (DJ):    0.000ns
    Phase Error              (PE):    0.000ns

    Location             Delay type                Incr(ns)  Path(ns)    Netlist Resource(s)
  -------------------------------------------------------------------    -------------------
                         (clock core_clk rise edge)
                                                      0.000     0.000 r  
                                                      0.000     0.000 r  clk218 (IN)
                         net (fo=121078, unset)       0.030     0.030    u_dut/u_frontend/u_tid/g_branch[2].u_tid/clk
    SLICE_X79Y233        FDCE                                         r  u_dut/u_frontend/u_tid/g_branch[2].u_tid/bank_enable_reg[0]/C
  -------------------------------------------------------------------    -------------------
    SLICE_X79Y233        FDCE (Prop_EFF_SLICEM_C_Q)
                                                      0.076     0.106 r  u_dut/u_frontend/u_tid/g_branch[2].u_tid/bank_enable_reg[0]/Q
                         net (fo=767, routed)         3.920     4.026    u_dut/u_frontend/u_tid/g_branch[2].u_tid/bank_enable[0]
    SLICE_X90Y187        SRLC32E                                      r  u_dut/u_frontend/u_tid/g_branch[2].u_tid/a_q_reg[3][29][1]_srl26_a_i_reg_c_677/CE
  -------------------------------------------------------------------    -------------------

                         (clock core_clk rise edge)
                                                      4.571     4.571 r  
                                                      0.000     4.571 r  clk218 (IN)
                         net (fo=121078, unset)       0.043     4.614    u_dut/u_frontend/u_tid/g_branch[2].u_tid/clk
    SLICE_X90Y187        SRLC32E                                      r  u_dut/u_frontend/u_tid/g_branch[2].u_tid/a_q_reg[3][29][1]_srl26_a_i_reg_c_677/CLK
                         clock pessimism              0.000     4.614    
                         clock uncertainty           -0.035     4.579    
    SLICE_X90Y187        SRLC32E (Setup_F6LUT_SLICEM_CLK_CE)
                                                     -0.180     4.399    u_dut/u_frontend/u_tid/g_branch[2].u_tid/a_q_reg[3][29][1]_srl26_a_i_reg_c_677
  -------------------------------------------------------------------
                         required time                          4.399    
                         arrival time                          -4.026    
  -------------------------------------------------------------------
                         slack                                  0.372    

Slack (MET) :             0.372ns  (required time - arrival time)
  Source:                 u_dut/u_frontend/u_tid/g_branch[2].u_tid/bank_enable_reg[0]/C
                            (rising edge-triggered cell FDCE clocked by core_clk  {rise@0.000ns fall@2.286ns period=4.571ns})
  Destination:            u_dut/u_frontend/u_tid/g_branch[2].u_tid/a_q_reg[3][29][8]_srl26_a_i_reg_c_677/CE
                            (rising edge-triggered cell SRLC32E clocked by core_clk  {rise@0.000ns fall@2.286ns period=4.571ns})
  Path Group:             core_clk
  Path Type:              Setup (Max at Slow Process Corner)
  Requirement:            4.571ns  (core_clk rise@4.571ns - core_clk rise@0.000ns)
  Data Path Delay:        3.996ns  (logic 0.076ns (1.902%)  route 3.920ns (98.098%))
  Logic Levels:           0  
  Clock Path Skew:        0.013ns (DCD - SCD + CPR)
    Destination Clock Delay (DCD):    0.043ns = ( 4.614 - 4.571 ) 
    Source Clock Delay      (SCD):    0.030ns
    Clock Pessimism Removal (CPR):    0.000ns
  Clock Uncertainty:      0.035ns  ((TSJ^2 + TIJ^2)^1/2 + DJ) / 2 + PE
    Total System Jitter     (TSJ):    0.071ns
    Total Input Jitter      (TIJ):    0.000ns
    Discrete Jitter          (DJ):    0.000ns
    Phase Error              (PE):    0.000ns

    Location             Delay type                Incr(ns)  Path(ns)    Netlist Resource(s)
  -------------------------------------------------------------------    -------------------
                         (clock core_clk rise edge)
                                                      0.000     0.000 r  
                                                      0.000     0.000 r  clk218 (IN)
                         net (fo=121078, unset)       0.030     0.030    u_dut/u_frontend/u_tid/g_branch[2].u_tid/clk
    SLICE_X79Y233        FDCE                                         r  u_dut/u_frontend/u_tid/g_branch[2].u_tid/bank_enable_reg[0]/C
  -------------------------------------------------------------------    -------------------
    SLICE_X79Y233        FDCE (Prop_EFF_SLICEM_C_Q)
                                                      0.076     0.106 r  u_dut/u_frontend/u_tid/g_branch[2].u_tid/bank_enable_reg[0]/Q
                         net (fo=767, routed)         3.920     4.026    u_dut/u_frontend/u_tid/g_branch[2].u_tid/bank_enable[0]
    SLICE_X90Y187        SRLC32E                                      r  u_dut/u_frontend/u_tid/g_branch[2].u_tid/a_q_reg[3][29][8]_srl26_a_i_reg_c_677/CE
  -------------------------------------------------------------------    -------------------

                         (clock core_clk rise edge)
                                                      4.571     4.571 r  
                                                      0.000     4.571 r  clk218 (IN)
                         net (fo=121078, unset)       0.043     4.614    u_dut/u_frontend/u_tid/g_branch[2].u_tid/clk
    SLICE_X90Y187        SRLC32E                                      r  u_dut/u_frontend/u_tid/g_branch[2].u_tid/a_q_reg[3][29][8]_srl26_a_i_reg_c_677/CLK
                         clock pessimism              0.000     4.614    
                         clock uncertainty           -0.035     4.579    
    SLICE_X90Y187        SRLC32E (Setup_E6LUT_SLICEM_CLK_CE)
                                                     -0.180     4.399    u_dut/u_frontend/u_tid/g_branch[2].u_tid/a_q_reg[3][29][8]_srl26_a_i_reg_c_677
  -------------------------------------------------------------------
                         required time                          4.399    
                         arrival time                          -4.026    
  -------------------------------------------------------------------
                         slack                                  0.372    

Slack (MET) :             0.372ns  (required time - arrival time)
  Source:                 u_dut/u_frontend/u_tid/g_branch[2].u_tid/bank_enable_reg[0]/C
                            (rising edge-triggered cell FDCE clocked by core_clk  {rise@0.000ns fall@2.286ns period=4.571ns})
  Destination:            u_dut/u_frontend/u_tid/g_branch[2].u_tid/a_q_reg[3][29][9]_srl26_a_i_reg_c_677/CE
                            (rising edge-triggered cell SRLC32E clocked by core_clk  {rise@0.000ns fall@2.286ns period=4.571ns})
  Path Group:             core_clk
  Path Type:              Setup (Max at Slow Process Corner)
  Requirement:            4.571ns  (core_clk rise@4.571ns - core_clk rise@0.000ns)
  Data Path Delay:        3.996ns  (logic 0.076ns (1.902%)  route 3.920ns (98.098%))
  Logic Levels:           0  
  Clock Path Skew:        0.013ns (DCD - SCD + CPR)
    Destination Clock Delay (DCD):    0.043ns = ( 4.614 - 4.571 ) 
    Source Clock Delay      (SCD):    0.030ns
    Clock Pessimism Removal (CPR):    0.000ns
  Clock Uncertainty:      0.035ns  ((TSJ^2 + TIJ^2)^1/2 + DJ) / 2 + PE
    Total System Jitter     (TSJ):    0.071ns
    Total Input Jitter      (TIJ):    0.000ns
    Discrete Jitter          (DJ):    0.000ns
    Phase Error              (PE):    0.000ns

    Location             Delay type                Incr(ns)  Path(ns)    Netlist Resource(s)
  -------------------------------------------------------------------    -------------------
                         (clock core_clk rise edge)
                                                      0.000     0.000 r  
                                                      0.000     0.000 r  clk218 (IN)
                         net (fo=121078, unset)       0.030     0.030    u_dut/u_frontend/u_tid/g_branch[2].u_tid/clk
    SLICE_X79Y233        FDCE                                         r  u_dut/u_frontend/u_tid/g_branch[2].u_tid/bank_enable_reg[0]/C
  -------------------------------------------------------------------    -------------------
    SLICE_X79Y233        FDCE (Prop_EFF_SLICEM_C_Q)
                                                      0.076     0.106 r  u_dut/u_frontend/u_tid/g_branch[2].u_tid/bank_enable_reg[0]/Q
                         net (fo=767, routed)         3.920     4.026    u_dut/u_frontend/u_tid/g_branch[2].u_tid/bank_enable[0]
    SLICE_X90Y187        SRLC32E                                      r  u_dut/u_frontend/u_tid/g_branch[2].u_tid/a_q_reg[3][29][9]_srl26_a_i_reg_c_677/CE
  -------------------------------------------------------------------    -------------------

                         (clock core_clk rise edge)
                                                      4.571     4.571 r  
                                                      0.000     4.571 r  clk218 (IN)
                         net (fo=121078, unset)       0.043     4.614    u_dut/u_frontend/u_tid/g_branch[2].u_tid/clk
    SLICE_X90Y187        SRLC32E                                      r  u_dut/u_frontend/u_tid/g_branch[2].u_tid/a_q_reg[3][29][9]_srl26_a_i_reg_c_677/CLK
                         clock pessimism              0.000     4.614    
                         clock uncertainty           -0.035     4.579    
    SLICE_X90Y187        SRLC32E (Setup_D6LUT_SLICEM_CLK_CE)
                                                     -0.180     4.399    u_dut/u_frontend/u_tid/g_branch[2].u_tid/a_q_reg[3][29][9]_srl26_a_i_reg_c_677
  -------------------------------------------------------------------
                         required time                          4.399    
                         arrival time                          -4.026    
  -------------------------------------------------------------------
                         slack                                  0.372    

Slack (MET) :             0.376ns  (required time - arrival time)
  Source:                 u_dut/u_frontend/u_interp_to_dpd_elastic/data_i_reg[223]/C
                            (rising edge-triggered cell FDCE clocked by core_clk  {rise@0.000ns fall@2.286ns period=4.571ns})
  Destination:            u_dut/u_frontend/g_memory_dpd.u_memory_dpd/g_lane[13].u_dpd/p_0_out__30/DSP_A_B_DATA_INST/A[20]
                            (rising edge-triggered cell DSP_A_B_DATA clocked by core_clk  {rise@0.000ns fall@2.286ns period=4.571ns})
  Path Group:             core_clk
  Path Type:              Setup (Max at Slow Process Corner)
  Requirement:            4.571ns  (core_clk rise@4.571ns - core_clk rise@0.000ns)
  Data Path Delay:        3.905ns  (logic 0.081ns (2.074%)  route 3.824ns (97.926%))
  Logic Levels:           0  
  Clock Path Skew:        0.014ns (DCD - SCD + CPR)
    Destination Clock Delay (DCD):    0.043ns = ( 4.614 - 4.571 ) 
    Source Clock Delay      (SCD):    0.029ns
    Clock Pessimism Removal (CPR):    0.000ns
  Clock Uncertainty:      0.035ns  ((TSJ^2 + TIJ^2)^1/2 + DJ) / 2 + PE
    Total System Jitter     (TSJ):    0.071ns
    Total Input Jitter      (TIJ):    0.000ns
    Discrete Jitter          (DJ):    0.000ns
    Phase Error              (PE):    0.000ns

    Location             Delay type                Incr(ns)  Path(ns)    Netlist Resource(s)
  -------------------------------------------------------------------    -------------------
                         (clock core_clk rise edge)
                                                      0.000     0.000 r  
                                                      0.000     0.000 r  clk218 (IN)
                         net (fo=121078, unset)       0.029     0.029    u_dut/u_frontend/u_interp_to_dpd_elastic/clk
    SLICE_X56Y237        FDCE                                         r  u_dut/u_frontend/u_interp_to_dpd_elastic/data_i_reg[223]/C
  -------------------------------------------------------------------    -------------------
    SLICE_X56Y237        FDCE (Prop_FFF2_SLICEL_C_Q)
                                                      0.081     0.110 r  u_dut/u_frontend/u_interp_to_dpd_elastic/data_i_reg[223]/Q
                         net (fo=58, routed)          3.824     3.934    u_dut/u_frontend/g_memory_dpd.u_memory_dpd/g_lane[13].u_dpd/p_0_out__30/A[20]
    DSP48E2_X5Y130       DSP_A_B_DATA                                 r  u_dut/u_frontend/g_memory_dpd.u_memory_dpd/g_lane[13].u_dpd/p_0_out__30/DSP_A_B_DATA_INST/A[20]
  -------------------------------------------------------------------    -------------------

                         (clock core_clk rise edge)
                                                      4.571     4.571 r  
                                                      0.000     4.571 r  clk218 (IN)
                         net (fo=121078, unset)       0.043     4.614    u_dut/u_frontend/g_memory_dpd.u_memory_dpd/g_lane[13].u_dpd/p_0_out__30/CLK
    DSP48E2_X5Y130       DSP_A_B_DATA                                 r  u_dut/u_frontend/g_memory_dpd.u_memory_dpd/g_lane[13].u_dpd/p_0_out__30/DSP_A_B_DATA_INST/CLK
                         clock pessimism              0.000     4.614    
                         clock uncertainty           -0.035     4.579    
    DSP48E2_X5Y130       DSP_A_B_DATA (Setup_DSP_A_B_DATA_DSP48E2_CLK_A[20])
                                                     -0.268     4.311    u_dut/u_frontend/g_memory_dpd.u_memory_dpd/g_lane[13].u_dpd/p_0_out__30/DSP_A_B_DATA_INST
  -------------------------------------------------------------------
                         required time                          4.311    
                         arrival time                          -3.934    
  -------------------------------------------------------------------
                         slack                                  0.376    

Slack (MET) :             0.381ns  (required time - arrival time)
  Source:                 u_dut/u_frontend/g_memory_dpd.u_memory_dpd/g_lane[7].u_dpd/r4_full_s2[3]/DSP_A_B_DATA_INST/CLK
                            (rising edge-triggered cell DSP_A_B_DATA clocked by core_clk  {rise@0.000ns fall@2.286ns period=4.571ns})
  Destination:            u_dut/u_frontend/g_memory_dpd.u_memory_dpd/g_lane[7].u_dpd/p_156_out__0/DSP_A_B_DATA_INST/B[10]
                            (rising edge-triggered cell DSP_A_B_DATA clocked by core_clk  {rise@0.000ns fall@2.286ns period=4.571ns})
  Path Group:             core_clk
  Path Type:              Setup (Max at Slow Process Corner)
  Requirement:            4.571ns  (core_clk rise@4.571ns - core_clk rise@0.000ns)
  Data Path Delay:        3.849ns  (logic 2.567ns (66.687%)  route 1.282ns (33.313%))
  Logic Levels:           10  (CARRY8=2 DSP_ALU=2 DSP_M_DATA=1 DSP_MULTIPLIER=1 DSP_OUTPUT=2 DSP_PREADD_DATA=1 LUT2=1)
  Clock Path Skew:        -0.017ns (DCD - SCD + CPR)
    Destination Clock Delay (DCD):    0.043ns = ( 4.614 - 4.571 ) 
    Source Clock Delay      (SCD):    0.060ns
    Clock Pessimism Removal (CPR):    0.000ns
  Clock Uncertainty:      0.035ns  ((TSJ^2 + TIJ^2)^1/2 + DJ) / 2 + PE
    Total System Jitter     (TSJ):    0.071ns
    Total Input Jitter      (TIJ):    0.000ns
    Discrete Jitter          (DJ):    0.000ns
    Phase Error              (PE):    0.000ns

    Location             Delay type                Incr(ns)  Path(ns)    Netlist Resource(s)
  -------------------------------------------------------------------    -------------------
                         (clock core_clk rise edge)
                                                      0.000     0.000 r  
                                                      0.000     0.000 r  clk218 (IN)
                         net (fo=121078, unset)       0.060     0.060    u_dut/u_frontend/g_memory_dpd.u_memory_dpd/g_lane[7].u_dpd/r4_full_s2[3]/CLK
    DSP48E2_X1Y74        DSP_A_B_DATA                                 r  u_dut/u_frontend/g_memory_dpd.u_memory_dpd/g_lane[7].u_dpd/r4_full_s2[3]/DSP_A_B_DATA_INST/CLK
  -------------------------------------------------------------------    -------------------
    DSP48E2_X1Y74        DSP_A_B_DATA (Prop_DSP_A_B_DATA_DSP48E2_CLK_B2_DATA[17])
                                                      0.212     0.272 r  u_dut/u_frontend/g_memory_dpd.u_memory_dpd/g_lane[7].u_dpd/r4_full_s2[3]/DSP_A_B_DATA_INST/B2_DATA[17]
                         net (fo=1, routed)           0.000     0.272    u_dut/u_frontend/g_memory_dpd.u_memory_dpd/g_lane[7].u_dpd/r4_full_s2[3]/DSP_A_B_DATA.B2_DATA<17>
    DSP48E2_X1Y74        DSP_PREADD_DATA (Prop_DSP_PREADD_DATA_DSP48E2_B2_DATA[17]_B2B1[17])
                                                      0.073     0.345 r  u_dut/u_frontend/g_memory_dpd.u_memory_dpd/g_lane[7].u_dpd/r4_full_s2[3]/DSP_PREADD_DATA_INST/B2B1[17]
                         net (fo=1, routed)           0.000     0.345    u_dut/u_frontend/g_memory_dpd.u_memory_dpd/g_lane[7].u_dpd/r4_full_s2[3]/DSP_PREADD_DATA.B2B1<17>
    DSP48E2_X1Y74        DSP_MULTIPLIER (Prop_DSP_MULTIPLIER_DSP48E2_B2B1[17]_V[43])
                                                      0.609     0.954 f  u_dut/u_frontend/g_memory_dpd.u_memory_dpd/g_lane[7].u_dpd/r4_full_s2[3]/DSP_MULTIPLIER_INST/V[43]
                         net (fo=1, routed)           0.000     0.954    u_dut/u_frontend/g_memory_dpd.u_memory_dpd/g_lane[7].u_dpd/r4_full_s2[3]/DSP_MULTIPLIER.V<43>
    DSP48E2_X1Y74        DSP_M_DATA (Prop_DSP_M_DATA_DSP48E2_V[43]_V_DATA[43])
                                                      0.046     1.000 r  u_dut/u_frontend/g_memory_dpd.u_memory_dpd/g_lane[7].u_dpd/r4_full_s2[3]/DSP_M_DATA_INST/V_DATA[43]
                         net (fo=1, routed)           0.000     1.000    u_dut/u_frontend/g_memory_dpd.u_memory_dpd/g_lane[7].u_dpd/r4_full_s2[3]/DSP_M_DATA.V_DATA<43>
    DSP48E2_X1Y74        DSP_ALU (Prop_DSP_ALU_DSP48E2_V_DATA[43]_ALU_OUT[47])
                                                      0.571     1.571 f  u_dut/u_frontend/g_memory_dpd.u_memory_dpd/g_lane[7].u_dpd/r4_full_s2[3]/DSP_ALU_INST/ALU_OUT[47]
                         net (fo=1, routed)           0.000     1.571    u_dut/u_frontend/g_memory_dpd.u_memory_dpd/g_lane[7].u_dpd/r4_full_s2[3]/DSP_ALU.ALU_OUT<47>
    DSP48E2_X1Y74        DSP_OUTPUT (Prop_DSP_OUTPUT_DSP48E2_ALU_OUT[47]_PCOUT[47])
                                                      0.122     1.693 r  u_dut/u_frontend/g_memory_dpd.u_memory_dpd/g_lane[7].u_dpd/r4_full_s2[3]/DSP_OUTPUT_INST/PCOUT[47]
                         net (fo=1, routed)           0.014     1.707    u_dut/u_frontend/g_memory_dpd.u_memory_dpd/g_lane[7].u_dpd/r4_full_s2[3]__0/PCIN[47]
    DSP48E2_X1Y75        DSP_ALU (Prop_DSP_ALU_DSP48E2_PCIN[47]_ALU_OUT[0])
                                                      0.546     2.253 f  u_dut/u_frontend/g_memory_dpd.u_memory_dpd/g_lane[7].u_dpd/r4_full_s2[3]__0/DSP_ALU_INST/ALU_OUT[0]
                         net (fo=1, routed)           0.000     2.253    u_dut/u_frontend/g_memory_dpd.u_memory_dpd/g_lane[7].u_dpd/r4_full_s2[3]__0/DSP_ALU.ALU_OUT<0>
    DSP48E2_X1Y75        DSP_OUTPUT (Prop_DSP_OUTPUT_DSP48E2_ALU_OUT[0]_P[0])
                                                      0.109     2.362 r  u_dut/u_frontend/g_memory_dpd.u_memory_dpd/g_lane[7].u_dpd/r4_full_s2[3]__0/DSP_OUTPUT_INST/P[0]
                         net (fo=1, routed)           0.345     2.707    u_dut/u_frontend/g_memory_dpd.u_memory_dpd/g_lane[7].u_dpd/r4_full_s2[3]__0_n_105
    SLICE_X13Y187        LUT2 (Prop_C6LUT_SLICEM_I1_O)
                                                      0.051     2.758 r  u_dut/u_frontend/g_memory_dpd.u_memory_dpd/g_lane[7].u_dpd/p_156_out__0_i_15/O
                         net (fo=1, routed)           0.021     2.779    u_dut/u_frontend/g_memory_dpd.u_memory_dpd/g_lane[7].u_dpd/p_156_out__0_i_15_n_0
    SLICE_X13Y187        CARRY8 (Prop_CARRY8_SLICEM_S[2]_CO[7])
                                                      0.161     2.940 r  u_dut/u_frontend/g_memory_dpd.u_memory_dpd/g_lane[7].u_dpd/p_156_out__0_i_2/CO[7]
                         net (fo=1, routed)           0.026     2.966    u_dut/u_frontend/g_memory_dpd.u_memory_dpd/g_lane[7].u_dpd/p_156_out__0_i_2_n_0
    SLICE_X13Y188        CARRY8 (Prop_CARRY8_SLICEM_CI_O[2])
                                                      0.067     3.033 r  u_dut/u_frontend/g_memory_dpd.u_memory_dpd/g_lane[7].u_dpd/p_156_out__0_i_1/O[2]
                         net (fo=2, routed)           0.876     3.909    u_dut/u_frontend/g_memory_dpd.u_memory_dpd/g_lane[7].u_dpd/p_156_out__0/B[10]
    DSP48E2_X7Y74        DSP_A_B_DATA                                 r  u_dut/u_frontend/g_memory_dpd.u_memory_dpd/g_lane[7].u_dpd/p_156_out__0/DSP_A_B_DATA_INST/B[10]
  -------------------------------------------------------------------    -------------------

                         (clock core_clk rise edge)
                                                      4.571     4.571 r  
                                                      0.000     4.571 r  clk218 (IN)
                         net (fo=121078, unset)       0.043     4.614    u_dut/u_frontend/g_memory_dpd.u_memory_dpd/g_lane[7].u_dpd/p_156_out__0/CLK
    DSP48E2_X7Y74        DSP_A_B_DATA                                 r  u_dut/u_frontend/g_memory_dpd.u_memory_dpd/g_lane[7].u_dpd/p_156_out__0/DSP_A_B_DATA_INST/CLK
                         clock pessimism              0.000     4.614    
                         clock uncertainty           -0.035     4.579    
    DSP48E2_X7Y74        DSP_A_B_DATA (Setup_DSP_A_B_DATA_DSP48E2_CLK_B[10])
                                                     -0.288     4.291    u_dut/u_frontend/g_memory_dpd.u_memory_dpd/g_lane[7].u_dpd/p_156_out__0/DSP_A_B_DATA_INST
  -------------------------------------------------------------------
                         required time                          4.291    
                         arrival time                          -3.909    
  -------------------------------------------------------------------
                         slack                                  0.381    

Slack (MET) :             0.389ns  (required time - arrival time)
  Source:                 u_dut/u_frontend/u_interp_to_dpd_elastic/data_i_reg[223]/C
                            (rising edge-triggered cell FDCE clocked by core_clk  {rise@0.000ns fall@2.286ns period=4.571ns})
  Destination:            u_dut/u_frontend/g_memory_dpd.u_memory_dpd/g_lane[13].u_dpd/p_0_out__30/DSP_A_B_DATA_INST/A[22]
                            (rising edge-triggered cell DSP_A_B_DATA clocked by core_clk  {rise@0.000ns fall@2.286ns period=4.571ns})
  Path Group:             core_clk
  Path Type:              Setup (Max at Slow Process Corner)
  Requirement:            4.571ns  (core_clk rise@4.571ns - core_clk rise@0.000ns)
  Data Path Delay:        3.910ns  (logic 0.081ns (2.072%)  route 3.829ns (97.928%))
  Logic Levels:           0  
  Clock Path Skew:        0.014ns (DCD - SCD + CPR)
    Destination Clock Delay (DCD):    0.043ns = ( 4.614 - 4.571 ) 
    Source Clock Delay      (SCD):    0.029ns
    Clock Pessimism Removal (CPR):    0.000ns
  Clock Uncertainty:      0.035ns  ((TSJ^2 + TIJ^2)^1/2 + DJ) / 2 + PE
    Total System Jitter     (TSJ):    0.071ns
    Total Input Jitter      (TIJ):    0.000ns
    Discrete Jitter          (DJ):    0.000ns
    Phase Error              (PE):    0.000ns

    Location             Delay type                Incr(ns)  Path(ns)    Netlist Resource(s)
  -------------------------------------------------------------------    -------------------
                         (clock core_clk rise edge)
                                                      0.000     0.000 r  
                                                      0.000     0.000 r  clk218 (IN)
                         net (fo=121078, unset)       0.029     0.029    u_dut/u_frontend/u_interp_to_dpd_elastic/clk
    SLICE_X56Y237        FDCE                                         r  u_dut/u_frontend/u_interp_to_dpd_elastic/data_i_reg[223]/C
  -------------------------------------------------------------------    -------------------
    SLICE_X56Y237        FDCE (Prop_FFF2_SLICEL_C_Q)
                                                      0.081     0.110 r  u_dut/u_frontend/u_interp_to_dpd_elastic/data_i_reg[223]/Q
                         net (fo=58, routed)          3.829     3.939    u_dut/u_frontend/g_memory_dpd.u_memory_dpd/g_lane[13].u_dpd/p_0_out__30/A[22]
    DSP48E2_X5Y130       DSP_A_B_DATA                                 r  u_dut/u_frontend/g_memory_dpd.u_memory_dpd/g_lane[13].u_dpd/p_0_out__30/DSP_A_B_DATA_INST/A[22]
  -------------------------------------------------------------------    -------------------

                         (clock core_clk rise edge)
                                                      4.571     4.571 r  
                                                      0.000     4.571 r  clk218 (IN)
                         net (fo=121078, unset)       0.043     4.614    u_dut/u_frontend/g_memory_dpd.u_memory_dpd/g_lane[13].u_dpd/p_0_out__30/CLK
    DSP48E2_X5Y130       DSP_A_B_DATA                                 r  u_dut/u_frontend/g_memory_dpd.u_memory_dpd/g_lane[13].u_dpd/p_0_out__30/DSP_A_B_DATA_INST/CLK
                         clock pessimism              0.000     4.614    
                         clock uncertainty           -0.035     4.579    
    DSP48E2_X5Y130       DSP_A_B_DATA (Setup_DSP_A_B_DATA_DSP48E2_CLK_A[22])
                                                     -0.251     4.328    u_dut/u_frontend/g_memory_dpd.u_memory_dpd/g_lane[13].u_dpd/p_0_out__30/DSP_A_B_DATA_INST
  -------------------------------------------------------------------
                         required time                          4.328    
                         arrival time                          -3.939    
  -------------------------------------------------------------------
                         slack                                  0.389    

Slack (MET) :             0.390ns  (required time - arrival time)
  Source:                 u_dut/u_frontend/g_memory_dpd.u_memory_dpd/g_lane[7].u_dpd/r4_full_s2[3]/DSP_A_B_DATA_INST/CLK
                            (rising edge-triggered cell DSP_A_B_DATA clocked by core_clk  {rise@0.000ns fall@2.286ns period=4.571ns})
  Destination:            u_dut/u_frontend/g_memory_dpd.u_memory_dpd/g_lane[7].u_dpd/p_156_out__0/DSP_A_B_DATA_INST/B[14]
                            (rising edge-triggered cell DSP_A_B_DATA clocked by core_clk  {rise@0.000ns fall@2.286ns period=4.571ns})
  Path Group:             core_clk
  Path Type:              Setup (Max at Slow Process Corner)
  Requirement:            4.571ns  (core_clk rise@4.571ns - core_clk rise@0.000ns)
  Data Path Delay:        3.869ns  (logic 2.603ns (67.280%)  route 1.266ns (32.720%))
  Logic Levels:           10  (CARRY8=2 DSP_ALU=2 DSP_M_DATA=1 DSP_MULTIPLIER=1 DSP_OUTPUT=2 DSP_PREADD_DATA=1 LUT2=1)
  Clock Path Skew:        -0.017ns (DCD - SCD + CPR)
    Destination Clock Delay (DCD):    0.043ns = ( 4.614 - 4.571 ) 
    Source Clock Delay      (SCD):    0.060ns
    Clock Pessimism Removal (CPR):    0.000ns
  Clock Uncertainty:      0.035ns  ((TSJ^2 + TIJ^2)^1/2 + DJ) / 2 + PE
    Total System Jitter     (TSJ):    0.071ns
    Total Input Jitter      (TIJ):    0.000ns
    Discrete Jitter          (DJ):    0.000ns
    Phase Error              (PE):    0.000ns

    Location             Delay type                Incr(ns)  Path(ns)    Netlist Resource(s)
  -------------------------------------------------------------------    -------------------
                         (clock core_clk rise edge)
                                                      0.000     0.000 r  
                                                      0.000     0.000 r  clk218 (IN)
                         net (fo=121078, unset)       0.060     0.060    u_dut/u_frontend/g_memory_dpd.u_memory_dpd/g_lane[7].u_dpd/r4_full_s2[3]/CLK
    DSP48E2_X1Y74        DSP_A_B_DATA                                 r  u_dut/u_frontend/g_memory_dpd.u_memory_dpd/g_lane[7].u_dpd/r4_full_s2[3]/DSP_A_B_DATA_INST/CLK
  -------------------------------------------------------------------    -------------------
    DSP48E2_X1Y74        DSP_A_B_DATA (Prop_DSP_A_B_DATA_DSP48E2_CLK_B2_DATA[17])
                                                      0.212     0.272 r  u_dut/u_frontend/g_memory_dpd.u_memory_dpd/g_lane[7].u_dpd/r4_full_s2[3]/DSP_A_B_DATA_INST/B2_DATA[17]
                         net (fo=1, routed)           0.000     0.272    u_dut/u_frontend/g_memory_dpd.u_memory_dpd/g_lane[7].u_dpd/r4_full_s2[3]/DSP_A_B_DATA.B2_DATA<17>
    DSP48E2_X1Y74        DSP_PREADD_DATA (Prop_DSP_PREADD_DATA_DSP48E2_B2_DATA[17]_B2B1[17])
                                                      0.073     0.345 r  u_dut/u_frontend/g_memory_dpd.u_memory_dpd/g_lane[7].u_dpd/r4_full_s2[3]/DSP_PREADD_DATA_INST/B2B1[17]
                         net (fo=1, routed)           0.000     0.345    u_dut/u_frontend/g_memory_dpd.u_memory_dpd/g_lane[7].u_dpd/r4_full_s2[3]/DSP_PREADD_DATA.B2B1<17>
    DSP48E2_X1Y74        DSP_MULTIPLIER (Prop_DSP_MULTIPLIER_DSP48E2_B2B1[17]_V[43])
                                                      0.609     0.954 f  u_dut/u_frontend/g_memory_dpd.u_memory_dpd/g_lane[7].u_dpd/r4_full_s2[3]/DSP_MULTIPLIER_INST/V[43]
                         net (fo=1, routed)           0.000     0.954    u_dut/u_frontend/g_memory_dpd.u_memory_dpd/g_lane[7].u_dpd/r4_full_s2[3]/DSP_MULTIPLIER.V<43>
    DSP48E2_X1Y74        DSP_M_DATA (Prop_DSP_M_DATA_DSP48E2_V[43]_V_DATA[43])
                                                      0.046     1.000 r  u_dut/u_frontend/g_memory_dpd.u_memory_dpd/g_lane[7].u_dpd/r4_full_s2[3]/DSP_M_DATA_INST/V_DATA[43]
                         net (fo=1, routed)           0.000     1.000    u_dut/u_frontend/g_memory_dpd.u_memory_dpd/g_lane[7].u_dpd/r4_full_s2[3]/DSP_M_DATA.V_DATA<43>
    DSP48E2_X1Y74        DSP_ALU (Prop_DSP_ALU_DSP48E2_V_DATA[43]_ALU_OUT[47])
                                                      0.571     1.571 f  u_dut/u_frontend/g_memory_dpd.u_memory_dpd/g_lane[7].u_dpd/r4_full_s2[3]/DSP_ALU_INST/ALU_OUT[47]
                         net (fo=1, routed)           0.000     1.571    u_dut/u_frontend/g_memory_dpd.u_memory_dpd/g_lane[7].u_dpd/r4_full_s2[3]/DSP_ALU.ALU_OUT<47>
    DSP48E2_X1Y74        DSP_OUTPUT (Prop_DSP_OUTPUT_DSP48E2_ALU_OUT[47]_PCOUT[47])
                                                      0.122     1.693 r  u_dut/u_frontend/g_memory_dpd.u_memory_dpd/g_lane[7].u_dpd/r4_full_s2[3]/DSP_OUTPUT_INST/PCOUT[47]
                         net (fo=1, routed)           0.014     1.707    u_dut/u_frontend/g_memory_dpd.u_memory_dpd/g_lane[7].u_dpd/r4_full_s2[3]__0/PCIN[47]
    DSP48E2_X1Y75        DSP_ALU (Prop_DSP_ALU_DSP48E2_PCIN[47]_ALU_OUT[0])
                                                      0.546     2.253 f  u_dut/u_frontend/g_memory_dpd.u_memory_dpd/g_lane[7].u_dpd/r4_full_s2[3]__0/DSP_ALU_INST/ALU_OUT[0]
                         net (fo=1, routed)           0.000     2.253    u_dut/u_frontend/g_memory_dpd.u_memory_dpd/g_lane[7].u_dpd/r4_full_s2[3]__0/DSP_ALU.ALU_OUT<0>
    DSP48E2_X1Y75        DSP_OUTPUT (Prop_DSP_OUTPUT_DSP48E2_ALU_OUT[0]_P[0])
                                                      0.109     2.362 r  u_dut/u_frontend/g_memory_dpd.u_memory_dpd/g_lane[7].u_dpd/r4_full_s2[3]__0/DSP_OUTPUT_INST/P[0]
                         net (fo=1, routed)           0.345     2.707    u_dut/u_frontend/g_memory_dpd.u_memory_dpd/g_lane[7].u_dpd/r4_full_s2[3]__0_n_105
    SLICE_X13Y187        LUT2 (Prop_C6LUT_SLICEM_I1_O)
                                                      0.051     2.758 r  u_dut/u_frontend/g_memory_dpd.u_memory_dpd/g_lane[7].u_dpd/p_156_out__0_i_15/O
                         net (fo=1, routed)           0.021     2.779    u_dut/u_frontend/g_memory_dpd.u_memory_dpd/g_lane[7].u_dpd/p_156_out__0_i_15_n_0
    SLICE_X13Y187        CARRY8 (Prop_CARRY8_SLICEM_S[2]_CO[7])
                                                      0.161     2.940 r  u_dut/u_frontend/g_memory_dpd.u_memory_dpd/g_lane[7].u_dpd/p_156_out__0_i_2/CO[7]
                         net (fo=1, routed)           0.026     2.966    u_dut/u_frontend/g_memory_dpd.u_memory_dpd/g_lane[7].u_dpd/p_156_out__0_i_2_n_0
    SLICE_X13Y188        CARRY8 (Prop_CARRY8_SLICEM_CI_O[6])
                                                      0.103     3.069 r  u_dut/u_frontend/g_memory_dpd.u_memory_dpd/g_lane[7].u_dpd/p_156_out__0_i_1/O[6]
                         net (fo=8, routed)           0.860     3.929    u_dut/u_frontend/g_memory_dpd.u_memory_dpd/g_lane[7].u_dpd/p_156_out__0/B[14]
    DSP48E2_X7Y74        DSP_A_B_DATA                                 r  u_dut/u_frontend/g_memory_dpd.u_memory_dpd/g_lane[7].u_dpd/p_156_out__0/DSP_A_B_DATA_INST/B[14]
  -------------------------------------------------------------------    -------------------

                         (clock core_clk rise edge)
                                                      4.571     4.571 r  
                                                      0.000     4.571 r  clk218 (IN)
                         net (fo=121078, unset)       0.043     4.614    u_dut/u_frontend/g_memory_dpd.u_memory_dpd/g_lane[7].u_dpd/p_156_out__0/CLK
    DSP48E2_X7Y74        DSP_A_B_DATA                                 r  u_dut/u_frontend/g_memory_dpd.u_memory_dpd/g_lane[7].u_dpd/p_156_out__0/DSP_A_B_DATA_INST/CLK
                         clock pessimism              0.000     4.614    
                         clock uncertainty           -0.035     4.579    
    DSP48E2_X7Y74        DSP_A_B_DATA (Setup_DSP_A_B_DATA_DSP48E2_CLK_B[14])
                                                     -0.260     4.319    u_dut/u_frontend/g_memory_dpd.u_memory_dpd/g_lane[7].u_dpd/p_156_out__0/DSP_A_B_DATA_INST
  -------------------------------------------------------------------
                         required time                          4.319    
                         arrival time                          -3.929    
  -------------------------------------------------------------------
                         slack                                  0.390    

Slack (MET) :             0.391ns  (required time - arrival time)
  Source:                 u_dut/u_frontend/u_interp_to_dpd_elastic/data_i_reg[223]/C
                            (rising edge-triggered cell FDCE clocked by core_clk  {rise@0.000ns fall@2.286ns period=4.571ns})
  Destination:            u_dut/u_frontend/g_memory_dpd.u_memory_dpd/g_lane[14].u_dpd/p_0_out__20/DSP_A_B_DATA_INST/A[27]
                            (rising edge-triggered cell DSP_A_B_DATA clocked by core_clk  {rise@0.000ns fall@2.286ns period=4.571ns})
  Path Group:             core_clk
  Path Type:              Setup (Max at Slow Process Corner)
  Requirement:            4.571ns  (core_clk rise@4.571ns - core_clk rise@0.000ns)
  Data Path Delay:        3.876ns  (logic 0.081ns (2.090%)  route 3.795ns (97.910%))
  Logic Levels:           0  
  Clock Path Skew:        0.014ns (DCD - SCD + CPR)
    Destination Clock Delay (DCD):    0.043ns = ( 4.614 - 4.571 ) 
    Source Clock Delay      (SCD):    0.029ns
    Clock Pessimism Removal (CPR):    0.000ns
  Clock Uncertainty:      0.035ns  ((TSJ^2 + TIJ^2)^1/2 + DJ) / 2 + PE
    Total System Jitter     (TSJ):    0.071ns
    Total Input Jitter      (TIJ):    0.000ns
    Discrete Jitter          (DJ):    0.000ns
    Phase Error              (PE):    0.000ns

    Location             Delay type                Incr(ns)  Path(ns)    Netlist Resource(s)
  -------------------------------------------------------------------    -------------------
                         (clock core_clk rise edge)
                                                      0.000     0.000 r  
                                                      0.000     0.000 r  clk218 (IN)
                         net (fo=121078, unset)       0.029     0.029    u_dut/u_frontend/u_interp_to_dpd_elastic/clk
    SLICE_X56Y237        FDCE                                         r  u_dut/u_frontend/u_interp_to_dpd_elastic/data_i_reg[223]/C
  -------------------------------------------------------------------    -------------------
    SLICE_X56Y237        FDCE (Prop_FFF2_SLICEL_C_Q)
                                                      0.081     0.110 r  u_dut/u_frontend/u_interp_to_dpd_elastic/data_i_reg[223]/Q
                         net (fo=58, routed)          3.795     3.905    u_dut/u_frontend/g_memory_dpd.u_memory_dpd/g_lane[14].u_dpd/p_0_out__20/A[27]
    DSP48E2_X6Y119       DSP_A_B_DATA                                 r  u_dut/u_frontend/g_memory_dpd.u_memory_dpd/g_lane[14].u_dpd/p_0_out__20/DSP_A_B_DATA_INST/A[27]
  -------------------------------------------------------------------    -------------------

                         (clock core_clk rise edge)
                                                      4.571     4.571 r  
                                                      0.000     4.571 r  clk218 (IN)
                         net (fo=121078, unset)       0.043     4.614    u_dut/u_frontend/g_memory_dpd.u_memory_dpd/g_lane[14].u_dpd/p_0_out__20/CLK
    DSP48E2_X6Y119       DSP_A_B_DATA                                 r  u_dut/u_frontend/g_memory_dpd.u_memory_dpd/g_lane[14].u_dpd/p_0_out__20/DSP_A_B_DATA_INST/CLK
                         clock pessimism              0.000     4.614    
                         clock uncertainty           -0.035     4.579    
    DSP48E2_X6Y119       DSP_A_B_DATA (Setup_DSP_A_B_DATA_DSP48E2_CLK_A[27])
                                                     -0.282     4.297    u_dut/u_frontend/g_memory_dpd.u_memory_dpd/g_lane[14].u_dpd/p_0_out__20/DSP_A_B_DATA_INST
  -------------------------------------------------------------------
                         required time                          4.297    
                         arrival time                          -3.905    
  -------------------------------------------------------------------
                         slack                                  0.391    

Slack (MET) :             0.393ns  (required time - arrival time)
  Source:                 u_dut/u_frontend/g_memory_dpd.u_memory_dpd/g_lane[3].u_dpd/r4_full_s2[3]__1/DSP_A_B_DATA_INST/CLK
                            (rising edge-triggered cell DSP_A_B_DATA clocked by core_clk  {rise@0.000ns fall@2.286ns period=4.571ns})
  Destination:            u_dut/u_frontend/g_memory_dpd.u_memory_dpd/g_lane[3].u_dpd/p_157_out__0/DSP_A_B_DATA_INST/B[6]
                            (rising edge-triggered cell DSP_A_B_DATA clocked by core_clk  {rise@0.000ns fall@2.286ns period=4.571ns})
  Path Group:             core_clk
  Path Type:              Setup (Max at Slow Process Corner)
  Requirement:            4.571ns  (core_clk rise@4.571ns - core_clk rise@0.000ns)
  Data Path Delay:        3.857ns  (logic 2.599ns (67.389%)  route 1.258ns (32.611%))
  Logic Levels:           11  (CARRY8=3 DSP_ALU=2 DSP_M_DATA=1 DSP_MULTIPLIER=1 DSP_OUTPUT=2 DSP_PREADD_DATA=1 LUT2=1)
  Clock Path Skew:        -0.017ns (DCD - SCD + CPR)
    Destination Clock Delay (DCD):    0.043ns = ( 4.614 - 4.571 ) 
    Source Clock Delay      (SCD):    0.060ns
    Clock Pessimism Removal (CPR):    0.000ns
  Clock Uncertainty:      0.035ns  ((TSJ^2 + TIJ^2)^1/2 + DJ) / 2 + PE
    Total System Jitter     (TSJ):    0.071ns
    Total Input Jitter      (TIJ):    0.000ns
    Discrete Jitter          (DJ):    0.000ns
    Phase Error              (PE):    0.000ns

    Location             Delay type                Incr(ns)  Path(ns)    Netlist Resource(s)
  -------------------------------------------------------------------    -------------------
                         (clock core_clk rise edge)
                                                      0.000     0.000 r  
                                                      0.000     0.000 r  clk218 (IN)
                         net (fo=121078, unset)       0.060     0.060    u_dut/u_frontend/g_memory_dpd.u_memory_dpd/g_lane[3].u_dpd/r4_full_s2[3]__1/CLK
    DSP48E2_X7Y35        DSP_A_B_DATA                                 r  u_dut/u_frontend/g_memory_dpd.u_memory_dpd/g_lane[3].u_dpd/r4_full_s2[3]__1/DSP_A_B_DATA_INST/CLK
  -------------------------------------------------------------------    -------------------
    DSP48E2_X7Y35        DSP_A_B_DATA (Prop_DSP_A_B_DATA_DSP48E2_CLK_B2_DATA[17])
                                                      0.212     0.272 r  u_dut/u_frontend/g_memory_dpd.u_memory_dpd/g_lane[3].u_dpd/r4_full_s2[3]__1/DSP_A_B_DATA_INST/B2_DATA[17]
                         net (fo=1, routed)           0.000     0.272    u_dut/u_frontend/g_memory_dpd.u_memory_dpd/g_lane[3].u_dpd/r4_full_s2[3]__1/DSP_A_B_DATA.B2_DATA<17>
    DSP48E2_X7Y35        DSP_PREADD_DATA (Prop_DSP_PREADD_DATA_DSP48E2_B2_DATA[17]_B2B1[17])
                                                      0.073     0.345 r  u_dut/u_frontend/g_memory_dpd.u_memory_dpd/g_lane[3].u_dpd/r4_full_s2[3]__1/DSP_PREADD_DATA_INST/B2B1[17]
                         net (fo=1, routed)           0.000     0.345    u_dut/u_frontend/g_memory_dpd.u_memory_dpd/g_lane[3].u_dpd/r4_full_s2[3]__1/DSP_PREADD_DATA.B2B1<17>
    DSP48E2_X7Y35        DSP_MULTIPLIER (Prop_DSP_MULTIPLIER_DSP48E2_B2B1[17]_V[43])
                                                      0.609     0.954 f  u_dut/u_frontend/g_memory_dpd.u_memory_dpd/g_lane[3].u_dpd/r4_full_s2[3]__1/DSP_MULTIPLIER_INST/V[43]
                         net (fo=1, routed)           0.000     0.954    u_dut/u_frontend/g_memory_dpd.u_memory_dpd/g_lane[3].u_dpd/r4_full_s2[3]__1/DSP_MULTIPLIER.V<43>
    DSP48E2_X7Y35        DSP_M_DATA (Prop_DSP_M_DATA_DSP48E2_V[43]_V_DATA[43])
                                                      0.046     1.000 r  u_dut/u_frontend/g_memory_dpd.u_memory_dpd/g_lane[3].u_dpd/r4_full_s2[3]__1/DSP_M_DATA_INST/V_DATA[43]
                         net (fo=1, routed)           0.000     1.000    u_dut/u_frontend/g_memory_dpd.u_memory_dpd/g_lane[3].u_dpd/r4_full_s2[3]__1/DSP_M_DATA.V_DATA<43>
    DSP48E2_X7Y35        DSP_ALU (Prop_DSP_ALU_DSP48E2_V_DATA[43]_ALU_OUT[47])
                                                      0.571     1.571 f  u_dut/u_frontend/g_memory_dpd.u_memory_dpd/g_lane[3].u_dpd/r4_full_s2[3]__1/DSP_ALU_INST/ALU_OUT[47]
                         net (fo=1, routed)           0.000     1.571    u_dut/u_frontend/g_memory_dpd.u_memory_dpd/g_lane[3].u_dpd/r4_full_s2[3]__1/DSP_ALU.ALU_OUT<47>
    DSP48E2_X7Y35        DSP_OUTPUT (Prop_DSP_OUTPUT_DSP48E2_ALU_OUT[47]_PCOUT[47])
                                                      0.122     1.693 r  u_dut/u_frontend/g_memory_dpd.u_memory_dpd/g_lane[3].u_dpd/r4_full_s2[3]__1/DSP_OUTPUT_INST/PCOUT[47]
                         net (fo=1, routed)           0.073     1.766    u_dut/u_frontend/g_memory_dpd.u_memory_dpd/g_lane[3].u_dpd/r4_full_s2[3]__2/PCIN[47]
    DSP48E2_X7Y36        DSP_ALU (Prop_DSP_ALU_DSP48E2_PCIN[47]_ALU_OUT[3])
                                                      0.546     2.312 f  u_dut/u_frontend/g_memory_dpd.u_memory_dpd/g_lane[3].u_dpd/r4_full_s2[3]__2/DSP_ALU_INST/ALU_OUT[3]
                         net (fo=1, routed)           0.000     2.312    u_dut/u_frontend/g_memory_dpd.u_memory_dpd/g_lane[3].u_dpd/r4_full_s2[3]__2/DSP_ALU.ALU_OUT<3>
    DSP48E2_X7Y36        DSP_OUTPUT (Prop_DSP_OUTPUT_DSP48E2_ALU_OUT[3]_P[3])
                                                      0.109     2.421 r  u_dut/u_frontend/g_memory_dpd.u_memory_dpd/g_lane[3].u_dpd/r4_full_s2[3]__2/DSP_OUTPUT_INST/P[3]
                         net (fo=2, routed)           0.370     2.791    u_dut/u_frontend/g_memory_dpd.u_memory_dpd/g_lane[3].u_dpd/r4_full_s2[3]__2_n_102
    SLICE_X40Y87         LUT2 (Prop_E6LUT_SLICEM_I0_O)
                                                      0.037     2.828 r  u_dut/u_frontend/g_memory_dpd.u_memory_dpd/g_lane[3].u_dpd/p_156_out_i_14/O
                         net (fo=1, routed)           0.014     2.842    u_dut/u_frontend/g_memory_dpd.u_memory_dpd/g_lane[3].u_dpd/p_156_out_i_14_n_0
    SLICE_X40Y87         CARRY8 (Prop_CARRY8_SLICEM_S[4]_CO[7])
                                                      0.156     2.998 r  u_dut/u_frontend/g_memory_dpd.u_memory_dpd/g_lane[3].u_dpd/p_156_out_i_2/CO[7]
                         net (fo=1, routed)           0.026     3.024    u_dut/u_frontend/g_memory_dpd.u_memory_dpd/g_lane[3].u_dpd/p_156_out_i_2_n_0
    SLICE_X40Y88         CARRY8 (Prop_CARRY8_SLICEM_CI_CO[7])
                                                      0.015     3.039 r  u_dut/u_frontend/g_memory_dpd.u_memory_dpd/g_lane[3].u_dpd/p_156_out_i_1/CO[7]
                         net (fo=1, routed)           0.026     3.065    u_dut/u_frontend/g_memory_dpd.u_memory_dpd/g_lane[3].u_dpd/p_156_out_i_1_n_0
    SLICE_X40Y89         CARRY8 (Prop_CARRY8_SLICEM_CI_O[6])
                                                      0.103     3.168 r  u_dut/u_frontend/g_memory_dpd.u_memory_dpd/g_lane[3].u_dpd/p_156_out__0_i_2/O[6]
                         net (fo=2, routed)           0.748     3.917    u_dut/u_frontend/g_memory_dpd.u_memory_dpd/g_lane[3].u_dpd/p_157_out__0/B[6]
    DSP48E2_X9Y49        DSP_A_B_DATA                                 r  u_dut/u_frontend/g_memory_dpd.u_memory_dpd/g_lane[3].u_dpd/p_157_out__0/DSP_A_B_DATA_INST/B[6]
  -------------------------------------------------------------------    -------------------

                         (clock core_clk rise edge)
                                                      4.571     4.571 r  
                                                      0.000     4.571 r  clk218 (IN)
                         net (fo=121078, unset)       0.043     4.614    u_dut/u_frontend/g_memory_dpd.u_memory_dpd/g_lane[3].u_dpd/p_157_out__0/CLK
    DSP48E2_X9Y49        DSP_A_B_DATA                                 r  u_dut/u_frontend/g_memory_dpd.u_memory_dpd/g_lane[3].u_dpd/p_157_out__0/DSP_A_B_DATA_INST/CLK
                         clock pessimism              0.000     4.614    
                         clock uncertainty           -0.035     4.579    
    DSP48E2_X9Y49        DSP_A_B_DATA (Setup_DSP_A_B_DATA_DSP48E2_CLK_B[6])
                                                     -0.269     4.310    u_dut/u_frontend/g_memory_dpd.u_memory_dpd/g_lane[3].u_dpd/p_157_out__0/DSP_A_B_DATA_INST
  -------------------------------------------------------------------
                         required time                          4.310    
                         arrival time                          -3.917    
  -------------------------------------------------------------------
                         slack                                  0.393    

Slack (MET) :             0.394ns  (required time - arrival time)
  Source:                 u_dut/u_frontend/u_interp_to_dpd_elastic/data_i_reg[223]/C
                            (rising edge-triggered cell FDCE clocked by core_clk  {rise@0.000ns fall@2.286ns period=4.571ns})
  Destination:            u_dut/u_frontend/g_memory_dpd.u_memory_dpd/g_lane[13].u_dpd/p_0_out__30/DSP_A_B_DATA_INST/A[19]
                            (rising edge-triggered cell DSP_A_B_DATA clocked by core_clk  {rise@0.000ns fall@2.286ns period=4.571ns})
  Path Group:             core_clk
  Path Type:              Setup (Max at Slow Process Corner)
  Requirement:            4.571ns  (core_clk rise@4.571ns - core_clk rise@0.000ns)
  Data Path Delay:        3.890ns  (logic 0.081ns (2.082%)  route 3.809ns (97.918%))
  Logic Levels:           0  
  Clock Path Skew:        0.014ns (DCD - SCD + CPR)
    Destination Clock Delay (DCD):    0.043ns = ( 4.614 - 4.571 ) 
    Source Clock Delay      (SCD):    0.029ns
    Clock Pessimism Removal (CPR):    0.000ns
  Clock Uncertainty:      0.035ns  ((TSJ^2 + TIJ^2)^1/2 + DJ) / 2 + PE
    Total System Jitter     (TSJ):    0.071ns
    Total Input Jitter      (TIJ):    0.000ns
    Discrete Jitter          (DJ):    0.000ns
    Phase Error              (PE):    0.000ns

    Location             Delay type                Incr(ns)  Path(ns)    Netlist Resource(s)
  -------------------------------------------------------------------    -------------------
                         (clock core_clk rise edge)
                                                      0.000     0.000 r  
                                                      0.000     0.000 r  clk218 (IN)
                         net (fo=121078, unset)       0.029     0.029    u_dut/u_frontend/u_interp_to_dpd_elastic/clk
    SLICE_X56Y237        FDCE                                         r  u_dut/u_frontend/u_interp_to_dpd_elastic/data_i_reg[223]/C
  -------------------------------------------------------------------    -------------------
    SLICE_X56Y237        FDCE (Prop_FFF2_SLICEL_C_Q)
                                                      0.081     0.110 r  u_dut/u_frontend/u_interp_to_dpd_elastic/data_i_reg[223]/Q
                         net (fo=58, routed)          3.809     3.919    u_dut/u_frontend/g_memory_dpd.u_memory_dpd/g_lane[13].u_dpd/p_0_out__30/A[19]
    DSP48E2_X5Y130       DSP_A_B_DATA                                 r  u_dut/u_frontend/g_memory_dpd.u_memory_dpd/g_lane[13].u_dpd/p_0_out__30/DSP_A_B_DATA_INST/A[19]
  -------------------------------------------------------------------    -------------------

                         (clock core_clk rise edge)
                                                      4.571     4.571 r  
                                                      0.000     4.571 r  clk218 (IN)
                         net (fo=121078, unset)       0.043     4.614    u_dut/u_frontend/g_memory_dpd.u_memory_dpd/g_lane[13].u_dpd/p_0_out__30/CLK
    DSP48E2_X5Y130       DSP_A_B_DATA                                 r  u_dut/u_frontend/g_memory_dpd.u_memory_dpd/g_lane[13].u_dpd/p_0_out__30/DSP_A_B_DATA_INST/CLK
                         clock pessimism              0.000     4.614    
                         clock uncertainty           -0.035     4.579    
    DSP48E2_X5Y130       DSP_A_B_DATA (Setup_DSP_A_B_DATA_DSP48E2_CLK_A[19])
                                                     -0.266     4.313    u_dut/u_frontend/g_memory_dpd.u_memory_dpd/g_lane[13].u_dpd/p_0_out__30/DSP_A_B_DATA_INST
  -------------------------------------------------------------------
                         required time                          4.313    
                         arrival time                          -3.919    
  -------------------------------------------------------------------
                         slack                                  0.394    

Slack (MET) :             0.395ns  (required time - arrival time)
  Source:                 u_dut/u_frontend/g_memory_dpd.u_memory_dpd/g_lane[3].u_dpd/r4_full_s2[3]__1/DSP_A_B_DATA_INST/CLK
                            (rising edge-triggered cell DSP_A_B_DATA clocked by core_clk  {rise@0.000ns fall@2.286ns period=4.571ns})
  Destination:            u_dut/u_frontend/g_memory_dpd.u_memory_dpd/g_lane[3].u_dpd/p_157_out__0/DSP_A_B_DATA_INST/B[13]
                            (rising edge-triggered cell DSP_A_B_DATA clocked by core_clk  {rise@0.000ns fall@2.286ns period=4.571ns})
  Path Group:             core_clk
  Path Type:              Setup (Max at Slow Process Corner)
  Requirement:            4.571ns  (core_clk rise@4.571ns - core_clk rise@0.000ns)
  Data Path Delay:        3.870ns  (logic 2.627ns (67.876%)  route 1.243ns (32.124%))
  Logic Levels:           12  (CARRY8=4 DSP_ALU=2 DSP_M_DATA=1 DSP_MULTIPLIER=1 DSP_OUTPUT=2 DSP_PREADD_DATA=1 LUT2=1)
  Clock Path Skew:        -0.017ns (DCD - SCD + CPR)
    Destination Clock Delay (DCD):    0.043ns = ( 4.614 - 4.571 ) 
    Source Clock Delay      (SCD):    0.060ns
    Clock Pessimism Removal (CPR):    0.000ns
  Clock Uncertainty:      0.035ns  ((TSJ^2 + TIJ^2)^1/2 + DJ) / 2 + PE
    Total System Jitter     (TSJ):    0.071ns
    Total Input Jitter      (TIJ):    0.000ns
    Discrete Jitter          (DJ):    0.000ns
    Phase Error              (PE):    0.000ns

    Location             Delay type                Incr(ns)  Path(ns)    Netlist Resource(s)
  -------------------------------------------------------------------    -------------------
                         (clock core_clk rise edge)
                                                      0.000     0.000 r  
                                                      0.000     0.000 r  clk218 (IN)
                         net (fo=121078, unset)       0.060     0.060    u_dut/u_frontend/g_memory_dpd.u_memory_dpd/g_lane[3].u_dpd/r4_full_s2[3]__1/CLK
    DSP48E2_X7Y35        DSP_A_B_DATA                                 r  u_dut/u_frontend/g_memory_dpd.u_memory_dpd/g_lane[3].u_dpd/r4_full_s2[3]__1/DSP_A_B_DATA_INST/CLK
  -------------------------------------------------------------------    -------------------
    DSP48E2_X7Y35        DSP_A_B_DATA (Prop_DSP_A_B_DATA_DSP48E2_CLK_B2_DATA[17])
                                                      0.212     0.272 r  u_dut/u_frontend/g_memory_dpd.u_memory_dpd/g_lane[3].u_dpd/r4_full_s2[3]__1/DSP_A_B_DATA_INST/B2_DATA[17]
                         net (fo=1, routed)           0.000     0.272    u_dut/u_frontend/g_memory_dpd.u_memory_dpd/g_lane[3].u_dpd/r4_full_s2[3]__1/DSP_A_B_DATA.B2_DATA<17>
    DSP48E2_X7Y35        DSP_PREADD_DATA (Prop_DSP_PREADD_DATA_DSP48E2_B2_DATA[17]_B2B1[17])
                                                      0.073     0.345 r  u_dut/u_frontend/g_memory_dpd.u_memory_dpd/g_lane[3].u_dpd/r4_full_s2[3]__1/DSP_PREADD_DATA_INST/B2B1[17]
                         net (fo=1, routed)           0.000     0.345    u_dut/u_frontend/g_memory_dpd.u_memory_dpd/g_lane[3].u_dpd/r4_full_s2[3]__1/DSP_PREADD_DATA.B2B1<17>
    DSP48E2_X7Y35        DSP_MULTIPLIER (Prop_DSP_MULTIPLIER_DSP48E2_B2B1[17]_V[43])
                                                      0.609     0.954 f  u_dut/u_frontend/g_memory_dpd.u_memory_dpd/g_lane[3].u_dpd/r4_full_s2[3]__1/DSP_MULTIPLIER_INST/V[43]
                         net (fo=1, routed)           0.000     0.954    u_dut/u_frontend/g_memory_dpd.u_memory_dpd/g_lane[3].u_dpd/r4_full_s2[3]__1/DSP_MULTIPLIER.V<43>
    DSP48E2_X7Y35        DSP_M_DATA (Prop_DSP_M_DATA_DSP48E2_V[43]_V_DATA[43])
                                                      0.046     1.000 r  u_dut/u_frontend/g_memory_dpd.u_memory_dpd/g_lane[3].u_dpd/r4_full_s2[3]__1/DSP_M_DATA_INST/V_DATA[43]
                         net (fo=1, routed)           0.000     1.000    u_dut/u_frontend/g_memory_dpd.u_memory_dpd/g_lane[3].u_dpd/r4_full_s2[3]__1/DSP_M_DATA.V_DATA<43>
    DSP48E2_X7Y35        DSP_ALU (Prop_DSP_ALU_DSP48E2_V_DATA[43]_ALU_OUT[47])
                                                      0.571     1.571 f  u_dut/u_frontend/g_memory_dpd.u_memory_dpd/g_lane[3].u_dpd/r4_full_s2[3]__1/DSP_ALU_INST/ALU_OUT[47]
                         net (fo=1, routed)           0.000     1.571    u_dut/u_frontend/g_memory_dpd.u_memory_dpd/g_lane[3].u_dpd/r4_full_s2[3]__1/DSP_ALU.ALU_OUT<47>
    DSP48E2_X7Y35        DSP_OUTPUT (Prop_DSP_OUTPUT_DSP48E2_ALU_OUT[47]_PCOUT[47])
                                                      0.122     1.693 r  u_dut/u_frontend/g_memory_dpd.u_memory_dpd/g_lane[3].u_dpd/r4_full_s2[3]__1/DSP_OUTPUT_INST/PCOUT[47]
                         net (fo=1, routed)           0.073     1.766    u_dut/u_frontend/g_memory_dpd.u_memory_dpd/g_lane[3].u_dpd/r4_full_s2[3]__2/PCIN[47]
    DSP48E2_X7Y36        DSP_ALU (Prop_DSP_ALU_DSP48E2_PCIN[47]_ALU_OUT[3])
                                                      0.546     2.312 f  u_dut/u_frontend/g_memory_dpd.u_memory_dpd/g_lane[3].u_dpd/r4_full_s2[3]__2/DSP_ALU_INST/ALU_OUT[3]
                         net (fo=1, routed)           0.000     2.312    u_dut/u_frontend/g_memory_dpd.u_memory_dpd/g_lane[3].u_dpd/r4_full_s2[3]__2/DSP_ALU.ALU_OUT<3>
    DSP48E2_X7Y36        DSP_OUTPUT (Prop_DSP_OUTPUT_DSP48E2_ALU_OUT[3]_P[3])
                                                      0.109     2.421 r  u_dut/u_frontend/g_memory_dpd.u_memory_dpd/g_lane[3].u_dpd/r4_full_s2[3]__2/DSP_OUTPUT_INST/P[3]
                         net (fo=2, routed)           0.370     2.791    u_dut/u_frontend/g_memory_dpd.u_memory_dpd/g_lane[3].u_dpd/r4_full_s2[3]__2_n_102
    SLICE_X40Y87         LUT2 (Prop_E6LUT_SLICEM_I0_O)
                                                      0.037     2.828 r  u_dut/u_frontend/g_memory_dpd.u_memory_dpd/g_lane[3].u_dpd/p_156_out_i_14/O
                         net (fo=1, routed)           0.014     2.842    u_dut/u_frontend/g_memory_dpd.u_memory_dpd/g_lane[3].u_dpd/p_156_out_i_14_n_0
    SLICE_X40Y87         CARRY8 (Prop_CARRY8_SLICEM_S[4]_CO[7])
                                                      0.156     2.998 r  u_dut/u_frontend/g_memory_dpd.u_memory_dpd/g_lane[3].u_dpd/p_156_out_i_2/CO[7]
                         net (fo=1, routed)           0.026     3.024    u_dut/u_frontend/g_memory_dpd.u_memory_dpd/g_lane[3].u_dpd/p_156_out_i_2_n_0
    SLICE_X40Y88         CARRY8 (Prop_CARRY8_SLICEM_CI_CO[7])
                                                      0.015     3.039 r  u_dut/u_frontend/g_memory_dpd.u_memory_dpd/g_lane[3].u_dpd/p_156_out_i_1/CO[7]
                         net (fo=1, routed)           0.026     3.065    u_dut/u_frontend/g_memory_dpd.u_memory_dpd/g_lane[3].u_dpd/p_156_out_i_1_n_0
    SLICE_X40Y89         CARRY8 (Prop_CARRY8_SLICEM_CI_CO[7])
                                                      0.015     3.080 r  u_dut/u_frontend/g_memory_dpd.u_memory_dpd/g_lane[3].u_dpd/p_156_out__0_i_2/CO[7]
                         net (fo=1, routed)           0.052     3.132    u_dut/u_frontend/g_memory_dpd.u_memory_dpd/g_lane[3].u_dpd/p_156_out__0_i_2_n_0
    SLICE_X40Y90         CARRY8 (Prop_CARRY8_SLICEM_CI_O[5])
                                                      0.116     3.248 r  u_dut/u_frontend/g_memory_dpd.u_memory_dpd/g_lane[3].u_dpd/p_156_out__0_i_1/O[5]
                         net (fo=2, routed)           0.682     3.930    u_dut/u_frontend/g_memory_dpd.u_memory_dpd/g_lane[3].u_dpd/p_157_out__0/B[13]
    DSP48E2_X9Y49        DSP_A_B_DATA                                 r  u_dut/u_frontend/g_memory_dpd.u_memory_dpd/g_lane[3].u_dpd/p_157_out__0/DSP_A_B_DATA_INST/B[13]
  -------------------------------------------------------------------    -------------------

                         (clock core_clk rise edge)
                                                      4.571     4.571 r  
                                                      0.000     4.571 r  clk218 (IN)
                         net (fo=121078, unset)       0.043     4.614    u_dut/u_frontend/g_memory_dpd.u_memory_dpd/g_lane[3].u_dpd/p_157_out__0/CLK
    DSP48E2_X9Y49        DSP_A_B_DATA                                 r  u_dut/u_frontend/g_memory_dpd.u_memory_dpd/g_lane[3].u_dpd/p_157_out__0/DSP_A_B_DATA_INST/CLK
                         clock pessimism              0.000     4.614    
                         clock uncertainty           -0.035     4.579    
    DSP48E2_X9Y49        DSP_A_B_DATA (Setup_DSP_A_B_DATA_DSP48E2_CLK_B[13])
                                                     -0.253     4.326    u_dut/u_frontend/g_memory_dpd.u_memory_dpd/g_lane[3].u_dpd/p_157_out__0/DSP_A_B_DATA_INST
  -------------------------------------------------------------------
                         required time                          4.326    
                         arrival time                          -3.930    
  -------------------------------------------------------------------
                         slack                                  0.395    

Slack (MET) :             0.396ns  (required time - arrival time)
  Source:                 u_dut/u_frontend/g_memory_dpd.u_memory_dpd/g_lane[7].u_dpd/r4_full_s2[3]/DSP_A_B_DATA_INST/CLK
                            (rising edge-triggered cell DSP_A_B_DATA clocked by core_clk  {rise@0.000ns fall@2.286ns period=4.571ns})
  Destination:            u_dut/u_frontend/g_memory_dpd.u_memory_dpd/g_lane[7].u_dpd/p_156_out__0/DSP_A_B_DATA_INST/B[11]
                            (rising edge-triggered cell DSP_A_B_DATA clocked by core_clk  {rise@0.000ns fall@2.286ns period=4.571ns})
  Path Group:             core_clk
  Path Type:              Setup (Max at Slow Process Corner)
  Requirement:            4.571ns  (core_clk rise@4.571ns - core_clk rise@0.000ns)
  Data Path Delay:        3.857ns  (logic 2.582ns (66.938%)  route 1.275ns (33.062%))
  Logic Levels:           10  (CARRY8=2 DSP_ALU=2 DSP_M_DATA=1 DSP_MULTIPLIER=1 DSP_OUTPUT=2 DSP_PREADD_DATA=1 LUT2=1)
  Clock Path Skew:        -0.017ns (DCD - SCD + CPR)
    Destination Clock Delay (DCD):    0.043ns = ( 4.614 - 4.571 ) 
    Source Clock Delay      (SCD):    0.060ns
    Clock Pessimism Removal (CPR):    0.000ns
  Clock Uncertainty:      0.035ns  ((TSJ^2 + TIJ^2)^1/2 + DJ) / 2 + PE
    Total System Jitter     (TSJ):    0.071ns
    Total Input Jitter      (TIJ):    0.000ns
    Discrete Jitter          (DJ):    0.000ns
    Phase Error              (PE):    0.000ns

    Location             Delay type                Incr(ns)  Path(ns)    Netlist Resource(s)
  -------------------------------------------------------------------    -------------------
                         (clock core_clk rise edge)
                                                      0.000     0.000 r  
                                                      0.000     0.000 r  clk218 (IN)
                         net (fo=121078, unset)       0.060     0.060    u_dut/u_frontend/g_memory_dpd.u_memory_dpd/g_lane[7].u_dpd/r4_full_s2[3]/CLK
    DSP48E2_X1Y74        DSP_A_B_DATA                                 r  u_dut/u_frontend/g_memory_dpd.u_memory_dpd/g_lane[7].u_dpd/r4_full_s2[3]/DSP_A_B_DATA_INST/CLK
  -------------------------------------------------------------------    -------------------
    DSP48E2_X1Y74        DSP_A_B_DATA (Prop_DSP_A_B_DATA_DSP48E2_CLK_B2_DATA[17])
                                                      0.212     0.272 r  u_dut/u_frontend/g_memory_dpd.u_memory_dpd/g_lane[7].u_dpd/r4_full_s2[3]/DSP_A_B_DATA_INST/B2_DATA[17]
                         net (fo=1, routed)           0.000     0.272    u_dut/u_frontend/g_memory_dpd.u_memory_dpd/g_lane[7].u_dpd/r4_full_s2[3]/DSP_A_B_DATA.B2_DATA<17>
    DSP48E2_X1Y74        DSP_PREADD_DATA (Prop_DSP_PREADD_DATA_DSP48E2_B2_DATA[17]_B2B1[17])
                                                      0.073     0.345 r  u_dut/u_frontend/g_memory_dpd.u_memory_dpd/g_lane[7].u_dpd/r4_full_s2[3]/DSP_PREADD_DATA_INST/B2B1[17]
                         net (fo=1, routed)           0.000     0.345    u_dut/u_frontend/g_memory_dpd.u_memory_dpd/g_lane[7].u_dpd/r4_full_s2[3]/DSP_PREADD_DATA.B2B1<17>
    DSP48E2_X1Y74        DSP_MULTIPLIER (Prop_DSP_MULTIPLIER_DSP48E2_B2B1[17]_V[43])
                                                      0.609     0.954 f  u_dut/u_frontend/g_memory_dpd.u_memory_dpd/g_lane[7].u_dpd/r4_full_s2[3]/DSP_MULTIPLIER_INST/V[43]
                         net (fo=1, routed)           0.000     0.954    u_dut/u_frontend/g_memory_dpd.u_memory_dpd/g_lane[7].u_dpd/r4_full_s2[3]/DSP_MULTIPLIER.V<43>
    DSP48E2_X1Y74        DSP_M_DATA (Prop_DSP_M_DATA_DSP48E2_V[43]_V_DATA[43])
                                                      0.046     1.000 r  u_dut/u_frontend/g_memory_dpd.u_memory_dpd/g_lane[7].u_dpd/r4_full_s2[3]/DSP_M_DATA_INST/V_DATA[43]
                         net (fo=1, routed)           0.000     1.000    u_dut/u_frontend/g_memory_dpd.u_memory_dpd/g_lane[7].u_dpd/r4_full_s2[3]/DSP_M_DATA.V_DATA<43>
    DSP48E2_X1Y74        DSP_ALU (Prop_DSP_ALU_DSP48E2_V_DATA[43]_ALU_OUT[47])
                                                      0.571     1.571 f  u_dut/u_frontend/g_memory_dpd.u_memory_dpd/g_lane[7].u_dpd/r4_full_s2[3]/DSP_ALU_INST/ALU_OUT[47]
                         net (fo=1, routed)           0.000     1.571    u_dut/u_frontend/g_memory_dpd.u_memory_dpd/g_lane[7].u_dpd/r4_full_s2[3]/DSP_ALU.ALU_OUT<47>
    DSP48E2_X1Y74        DSP_OUTPUT (Prop_DSP_OUTPUT_DSP48E2_ALU_OUT[47]_PCOUT[47])
                                                      0.122     1.693 r  u_dut/u_frontend/g_memory_dpd.u_memory_dpd/g_lane[7].u_dpd/r4_full_s2[3]/DSP_OUTPUT_INST/PCOUT[47]
                         net (fo=1, routed)           0.014     1.707    u_dut/u_frontend/g_memory_dpd.u_memory_dpd/g_lane[7].u_dpd/r4_full_s2[3]__0/PCIN[47]
    DSP48E2_X1Y75        DSP_ALU (Prop_DSP_ALU_DSP48E2_PCIN[47]_ALU_OUT[0])
                                                      0.546     2.253 f  u_dut/u_frontend/g_memory_dpd.u_memory_dpd/g_lane[7].u_dpd/r4_full_s2[3]__0/DSP_ALU_INST/ALU_OUT[0]
                         net (fo=1, routed)           0.000     2.253    u_dut/u_frontend/g_memory_dpd.u_memory_dpd/g_lane[7].u_dpd/r4_full_s2[3]__0/DSP_ALU.ALU_OUT<0>
    DSP48E2_X1Y75        DSP_OUTPUT (Prop_DSP_OUTPUT_DSP48E2_ALU_OUT[0]_P[0])
                                                      0.109     2.362 r  u_dut/u_frontend/g_memory_dpd.u_memory_dpd/g_lane[7].u_dpd/r4_full_s2[3]__0/DSP_OUTPUT_INST/P[0]
                         net (fo=1, routed)           0.345     2.707    u_dut/u_frontend/g_memory_dpd.u_memory_dpd/g_lane[7].u_dpd/r4_full_s2[3]__0_n_105
    SLICE_X13Y187        LUT2 (Prop_C6LUT_SLICEM_I1_O)
                                                      0.051     2.758 r  u_dut/u_frontend/g_memory_dpd.u_memory_dpd/g_lane[7].u_dpd/p_156_out__0_i_15/O
                         net (fo=1, routed)           0.021     2.779    u_dut/u_frontend/g_memory_dpd.u_memory_dpd/g_lane[7].u_dpd/p_156_out__0_i_15_n_0
    SLICE_X13Y187        CARRY8 (Prop_CARRY8_SLICEM_S[2]_CO[7])
                                                      0.161     2.940 r  u_dut/u_frontend/g_memory_dpd.u_memory_dpd/g_lane[7].u_dpd/p_156_out__0_i_2/CO[7]
                         net (fo=1, routed)           0.026     2.966    u_dut/u_frontend/g_memory_dpd.u_memory_dpd/g_lane[7].u_dpd/p_156_out__0_i_2_n_0
    SLICE_X13Y188        CARRY8 (Prop_CARRY8_SLICEM_CI_O[3])
                                                      0.082     3.048 r  u_dut/u_frontend/g_memory_dpd.u_memory_dpd/g_lane[7].u_dpd/p_156_out__0_i_1/O[3]
                         net (fo=2, routed)           0.869     3.917    u_dut/u_frontend/g_memory_dpd.u_memory_dpd/g_lane[7].u_dpd/p_156_out__0/B[11]
    DSP48E2_X7Y74        DSP_A_B_DATA                                 r  u_dut/u_frontend/g_memory_dpd.u_memory_dpd/g_lane[7].u_dpd/p_156_out__0/DSP_A_B_DATA_INST/B[11]
  -------------------------------------------------------------------    -------------------

                         (clock core_clk rise edge)
                                                      4.571     4.571 r  
                                                      0.000     4.571 r  clk218 (IN)
                         net (fo=121078, unset)       0.043     4.614    u_dut/u_frontend/g_memory_dpd.u_memory_dpd/g_lane[7].u_dpd/p_156_out__0/CLK
    DSP48E2_X7Y74        DSP_A_B_DATA                                 r  u_dut/u_frontend/g_memory_dpd.u_memory_dpd/g_lane[7].u_dpd/p_156_out__0/DSP_A_B_DATA_INST/CLK
                         clock pessimism              0.000     4.614    
                         clock uncertainty           -0.035     4.579    
    DSP48E2_X7Y74        DSP_A_B_DATA (Setup_DSP_A_B_DATA_DSP48E2_CLK_B[11])
                                                     -0.265     4.314    u_dut/u_frontend/g_memory_dpd.u_memory_dpd/g_lane[7].u_dpd/p_156_out__0/DSP_A_B_DATA_INST
  -------------------------------------------------------------------
                         required time                          4.314    
                         arrival time                          -3.917    
  -------------------------------------------------------------------
                         slack                                  0.396    

Slack (MET) :             0.402ns  (required time - arrival time)
  Source:                 u_dut/u_frontend/g_memory_dpd.u_memory_dpd/g_lane[7].u_dpd/r4_full_s2[3]/DSP_A_B_DATA_INST/CLK
                            (rising edge-triggered cell DSP_A_B_DATA clocked by core_clk  {rise@0.000ns fall@2.286ns period=4.571ns})
  Destination:            u_dut/u_frontend/g_memory_dpd.u_memory_dpd/g_lane[7].u_dpd/p_156_out__0/DSP_A_B_DATA_INST/B[13]
                            (rising edge-triggered cell DSP_A_B_DATA clocked by core_clk  {rise@0.000ns fall@2.286ns period=4.571ns})
  Path Group:             core_clk
  Path Type:              Setup (Max at Slow Process Corner)
  Requirement:            4.571ns  (core_clk rise@4.571ns - core_clk rise@0.000ns)
  Data Path Delay:        3.864ns  (logic 2.616ns (67.704%)  route 1.248ns (32.296%))
  Logic Levels:           10  (CARRY8=2 DSP_ALU=2 DSP_M_DATA=1 DSP_MULTIPLIER=1 DSP_OUTPUT=2 DSP_PREADD_DATA=1 LUT2=1)
  Clock Path Skew:        -0.017ns (DCD - SCD + CPR)
    Destination Clock Delay (DCD):    0.043ns = ( 4.614 - 4.571 ) 
    Source Clock Delay      (SCD):    0.060ns
    Clock Pessimism Removal (CPR):    0.000ns
  Clock Uncertainty:      0.035ns  ((TSJ^2 + TIJ^2)^1/2 + DJ) / 2 + PE
    Total System Jitter     (TSJ):    0.071ns
    Total Input Jitter      (TIJ):    0.000ns
    Discrete Jitter          (DJ):    0.000ns
    Phase Error              (PE):    0.000ns

    Location             Delay type                Incr(ns)  Path(ns)    Netlist Resource(s)
  -------------------------------------------------------------------    -------------------
                         (clock core_clk rise edge)
                                                      0.000     0.000 r  
                                                      0.000     0.000 r  clk218 (IN)
                         net (fo=121078, unset)       0.060     0.060    u_dut/u_frontend/g_memory_dpd.u_memory_dpd/g_lane[7].u_dpd/r4_full_s2[3]/CLK
    DSP48E2_X1Y74        DSP_A_B_DATA                                 r  u_dut/u_frontend/g_memory_dpd.u_memory_dpd/g_lane[7].u_dpd/r4_full_s2[3]/DSP_A_B_DATA_INST/CLK
  -------------------------------------------------------------------    -------------------
    DSP48E2_X1Y74        DSP_A_B_DATA (Prop_DSP_A_B_DATA_DSP48E2_CLK_B2_DATA[17])
                                                      0.212     0.272 r  u_dut/u_frontend/g_memory_dpd.u_memory_dpd/g_lane[7].u_dpd/r4_full_s2[3]/DSP_A_B_DATA_INST/B2_DATA[17]
                         net (fo=1, routed)           0.000     0.272    u_dut/u_frontend/g_memory_dpd.u_memory_dpd/g_lane[7].u_dpd/r4_full_s2[3]/DSP_A_B_DATA.B2_DATA<17>
    DSP48E2_X1Y74        DSP_PREADD_DATA (Prop_DSP_PREADD_DATA_DSP48E2_B2_DATA[17]_B2B1[17])
                                                      0.073     0.345 r  u_dut/u_frontend/g_memory_dpd.u_memory_dpd/g_lane[7].u_dpd/r4_full_s2[3]/DSP_PREADD_DATA_INST/B2B1[17]
                         net (fo=1, routed)           0.000     0.345    u_dut/u_frontend/g_memory_dpd.u_memory_dpd/g_lane[7].u_dpd/r4_full_s2[3]/DSP_PREADD_DATA.B2B1<17>
    DSP48E2_X1Y74        DSP_MULTIPLIER (Prop_DSP_MULTIPLIER_DSP48E2_B2B1[17]_V[43])
                                                      0.609     0.954 f  u_dut/u_frontend/g_memory_dpd.u_memory_dpd/g_lane[7].u_dpd/r4_full_s2[3]/DSP_MULTIPLIER_INST/V[43]
                         net (fo=1, routed)           0.000     0.954    u_dut/u_frontend/g_memory_dpd.u_memory_dpd/g_lane[7].u_dpd/r4_full_s2[3]/DSP_MULTIPLIER.V<43>
    DSP48E2_X1Y74        DSP_M_DATA (Prop_DSP_M_DATA_DSP48E2_V[43]_V_DATA[43])
                                                      0.046     1.000 r  u_dut/u_frontend/g_memory_dpd.u_memory_dpd/g_lane[7].u_dpd/r4_full_s2[3]/DSP_M_DATA_INST/V_DATA[43]
                         net (fo=1, routed)           0.000     1.000    u_dut/u_frontend/g_memory_dpd.u_memory_dpd/g_lane[7].u_dpd/r4_full_s2[3]/DSP_M_DATA.V_DATA<43>
    DSP48E2_X1Y74        DSP_ALU (Prop_DSP_ALU_DSP48E2_V_DATA[43]_ALU_OUT[47])
                                                      0.571     1.571 f  u_dut/u_frontend/g_memory_dpd.u_memory_dpd/g_lane[7].u_dpd/r4_full_s2[3]/DSP_ALU_INST/ALU_OUT[47]
                         net (fo=1, routed)           0.000     1.571    u_dut/u_frontend/g_memory_dpd.u_memory_dpd/g_lane[7].u_dpd/r4_full_s2[3]/DSP_ALU.ALU_OUT<47>
    DSP48E2_X1Y74        DSP_OUTPUT (Prop_DSP_OUTPUT_DSP48E2_ALU_OUT[47]_PCOUT[47])
                                                      0.122     1.693 r  u_dut/u_frontend/g_memory_dpd.u_memory_dpd/g_lane[7].u_dpd/r4_full_s2[3]/DSP_OUTPUT_INST/PCOUT[47]
                         net (fo=1, routed)           0.014     1.707    u_dut/u_frontend/g_memory_dpd.u_memory_dpd/g_lane[7].u_dpd/r4_full_s2[3]__0/PCIN[47]
    DSP48E2_X1Y75        DSP_ALU (Prop_DSP_ALU_DSP48E2_PCIN[47]_ALU_OUT[0])
                                                      0.546     2.253 f  u_dut/u_frontend/g_memory_dpd.u_memory_dpd/g_lane[7].u_dpd/r4_full_s2[3]__0/DSP_ALU_INST/ALU_OUT[0]
                         net (fo=1, routed)           0.000     2.253    u_dut/u_frontend/g_memory_dpd.u_memory_dpd/g_lane[7].u_dpd/r4_full_s2[3]__0/DSP_ALU.ALU_OUT<0>
    DSP48E2_X1Y75        DSP_OUTPUT (Prop_DSP_OUTPUT_DSP48E2_ALU_OUT[0]_P[0])
                                                      0.109     2.362 r  u_dut/u_frontend/g_memory_dpd.u_memory_dpd/g_lane[7].u_dpd/r4_full_s2[3]__0/DSP_OUTPUT_INST/P[0]
                         net (fo=1, routed)           0.345     2.707    u_dut/u_frontend/g_memory_dpd.u_memory_dpd/g_lane[7].u_dpd/r4_full_s2[3]__0_n_105
    SLICE_X13Y187        LUT2 (Prop_C6LUT_SLICEM_I1_O)
                                                      0.051     2.758 r  u_dut/u_frontend/g_memory_dpd.u_memory_dpd/g_lane[7].u_dpd/p_156_out__0_i_15/O
                         net (fo=1, routed)           0.021     2.779    u_dut/u_frontend/g_memory_dpd.u_memory_dpd/g_lane[7].u_dpd/p_156_out__0_i_15_n_0
    SLICE_X13Y187        CARRY8 (Prop_CARRY8_SLICEM_S[2]_CO[7])
                                                      0.161     2.940 r  u_dut/u_frontend/g_memory_dpd.u_memory_dpd/g_lane[7].u_dpd/p_156_out__0_i_2/CO[7]
                         net (fo=1, routed)           0.026     2.966    u_dut/u_frontend/g_memory_dpd.u_memory_dpd/g_lane[7].u_dpd/p_156_out__0_i_2_n_0
    SLICE_X13Y188        CARRY8 (Prop_CARRY8_SLICEM_CI_O[5])
                                                      0.116     3.082 r  u_dut/u_frontend/g_memory_dpd.u_memory_dpd/g_lane[7].u_dpd/p_156_out__0_i_1/O[5]
                         net (fo=2, routed)           0.842     3.924    u_dut/u_frontend/g_memory_dpd.u_memory_dpd/g_lane[7].u_dpd/p_156_out__0/B[13]
    DSP48E2_X7Y74        DSP_A_B_DATA                                 r  u_dut/u_frontend/g_memory_dpd.u_memory_dpd/g_lane[7].u_dpd/p_156_out__0/DSP_A_B_DATA_INST/B[13]
  -------------------------------------------------------------------    -------------------

                         (clock core_clk rise edge)
                                                      4.571     4.571 r  
                                                      0.000     4.571 r  clk218 (IN)
                         net (fo=121078, unset)       0.043     4.614    u_dut/u_frontend/g_memory_dpd.u_memory_dpd/g_lane[7].u_dpd/p_156_out__0/CLK
    DSP48E2_X7Y74        DSP_A_B_DATA                                 r  u_dut/u_frontend/g_memory_dpd.u_memory_dpd/g_lane[7].u_dpd/p_156_out__0/DSP_A_B_DATA_INST/CLK
                         clock pessimism              0.000     4.614    
                         clock uncertainty           -0.035     4.579    
    DSP48E2_X7Y74        DSP_A_B_DATA (Setup_DSP_A_B_DATA_DSP48E2_CLK_B[13])
                                                     -0.253     4.326    u_dut/u_frontend/g_memory_dpd.u_memory_dpd/g_lane[7].u_dpd/p_156_out__0/DSP_A_B_DATA_INST
  -------------------------------------------------------------------
                         required time                          4.326    
                         arrival time                          -3.924    
  -------------------------------------------------------------------
                         slack                                  0.402    

Slack (MET) :             0.402ns  (required time - arrival time)
  Source:                 u_dut/u_frontend/g_memory_dpd.u_memory_dpd/g_lane[11].u_dpd/r4_full_s2[3]__1/DSP_A_B_DATA_INST/CLK
                            (rising edge-triggered cell DSP_A_B_DATA clocked by core_clk  {rise@0.000ns fall@2.286ns period=4.571ns})
  Destination:            u_dut/u_frontend/g_memory_dpd.u_memory_dpd/g_lane[11].u_dpd/p_156_out__0/DSP_A_B_DATA_INST/B[17]
                            (rising edge-triggered cell DSP_A_B_DATA clocked by core_clk  {rise@0.000ns fall@2.286ns period=4.571ns})
  Path Group:             core_clk
  Path Type:              Setup (Max at Slow Process Corner)
  Requirement:            4.571ns  (core_clk rise@4.571ns - core_clk rise@0.000ns)
  Data Path Delay:        3.853ns  (logic 2.711ns (70.352%)  route 1.142ns (29.648%))
  Logic Levels:           12  (CARRY8=4 DSP_ALU=2 DSP_M_DATA=1 DSP_MULTIPLIER=1 DSP_OUTPUT=2 DSP_PREADD_DATA=1 LUT2=1)
  Clock Path Skew:        -0.017ns (DCD - SCD + CPR)
    Destination Clock Delay (DCD):    0.043ns = ( 4.614 - 4.571 ) 
    Source Clock Delay      (SCD):    0.060ns
    Clock Pessimism Removal (CPR):    0.000ns
  Clock Uncertainty:      0.035ns  ((TSJ^2 + TIJ^2)^1/2 + DJ) / 2 + PE
    Total System Jitter     (TSJ):    0.071ns
    Total Input Jitter      (TIJ):    0.000ns
    Discrete Jitter          (DJ):    0.000ns
    Phase Error              (PE):    0.000ns

    Location             Delay type                Incr(ns)  Path(ns)    Netlist Resource(s)
  -------------------------------------------------------------------    -------------------
                         (clock core_clk rise edge)
                                                      0.000     0.000 r  
                                                      0.000     0.000 r  clk218 (IN)
                         net (fo=121078, unset)       0.060     0.060    u_dut/u_frontend/g_memory_dpd.u_memory_dpd/g_lane[11].u_dpd/r4_full_s2[3]__1/CLK
    DSP48E2_X9Y124       DSP_A_B_DATA                                 r  u_dut/u_frontend/g_memory_dpd.u_memory_dpd/g_lane[11].u_dpd/r4_full_s2[3]__1/DSP_A_B_DATA_INST/CLK
  -------------------------------------------------------------------    -------------------
    DSP48E2_X9Y124       DSP_A_B_DATA (Prop_DSP_A_B_DATA_DSP48E2_CLK_B2_DATA[17])
                                                      0.212     0.272 r  u_dut/u_frontend/g_memory_dpd.u_memory_dpd/g_lane[11].u_dpd/r4_full_s2[3]__1/DSP_A_B_DATA_INST/B2_DATA[17]
                         net (fo=1, routed)           0.000     0.272    u_dut/u_frontend/g_memory_dpd.u_memory_dpd/g_lane[11].u_dpd/r4_full_s2[3]__1/DSP_A_B_DATA.B2_DATA<17>
    DSP48E2_X9Y124       DSP_PREADD_DATA (Prop_DSP_PREADD_DATA_DSP48E2_B2_DATA[17]_B2B1[17])
                                                      0.073     0.345 r  u_dut/u_frontend/g_memory_dpd.u_memory_dpd/g_lane[11].u_dpd/r4_full_s2[3]__1/DSP_PREADD_DATA_INST/B2B1[17]
                         net (fo=1, routed)           0.000     0.345    u_dut/u_frontend/g_memory_dpd.u_memory_dpd/g_lane[11].u_dpd/r4_full_s2[3]__1/DSP_PREADD_DATA.B2B1<17>
    DSP48E2_X9Y124       DSP_MULTIPLIER (Prop_DSP_MULTIPLIER_DSP48E2_B2B1[17]_V[43])
                                                      0.609     0.954 f  u_dut/u_frontend/g_memory_dpd.u_memory_dpd/g_lane[11].u_dpd/r4_full_s2[3]__1/DSP_MULTIPLIER_INST/V[43]
                         net (fo=1, routed)           0.000     0.954    u_dut/u_frontend/g_memory_dpd.u_memory_dpd/g_lane[11].u_dpd/r4_full_s2[3]__1/DSP_MULTIPLIER.V<43>
    DSP48E2_X9Y124       DSP_M_DATA (Prop_DSP_M_DATA_DSP48E2_V[43]_V_DATA[43])
                                                      0.046     1.000 r  u_dut/u_frontend/g_memory_dpd.u_memory_dpd/g_lane[11].u_dpd/r4_full_s2[3]__1/DSP_M_DATA_INST/V_DATA[43]
                         net (fo=1, routed)           0.000     1.000    u_dut/u_frontend/g_memory_dpd.u_memory_dpd/g_lane[11].u_dpd/r4_full_s2[3]__1/DSP_M_DATA.V_DATA<43>
    DSP48E2_X9Y124       DSP_ALU (Prop_DSP_ALU_DSP48E2_V_DATA[43]_ALU_OUT[47])
                                                      0.571     1.571 f  u_dut/u_frontend/g_memory_dpd.u_memory_dpd/g_lane[11].u_dpd/r4_full_s2[3]__1/DSP_ALU_INST/ALU_OUT[47]
                         net (fo=1, routed)           0.000     1.571    u_dut/u_frontend/g_memory_dpd.u_memory_dpd/g_lane[11].u_dpd/r4_full_s2[3]__1/DSP_ALU.ALU_OUT<47>
    DSP48E2_X9Y124       DSP_OUTPUT (Prop_DSP_OUTPUT_DSP48E2_ALU_OUT[47]_PCOUT[47])
                                                      0.122     1.693 r  u_dut/u_frontend/g_memory_dpd.u_memory_dpd/g_lane[11].u_dpd/r4_full_s2[3]__1/DSP_OUTPUT_INST/PCOUT[47]
                         net (fo=1, routed)           0.014     1.707    u_dut/u_frontend/g_memory_dpd.u_memory_dpd/g_lane[11].u_dpd/r4_full_s2[3]__2/PCIN[47]
    DSP48E2_X9Y125       DSP_ALU (Prop_DSP_ALU_DSP48E2_PCIN[47]_ALU_OUT[0])
                                                      0.546     2.253 f  u_dut/u_frontend/g_memory_dpd.u_memory_dpd/g_lane[11].u_dpd/r4_full_s2[3]__2/DSP_ALU_INST/ALU_OUT[0]
                         net (fo=1, routed)           0.000     2.253    u_dut/u_frontend/g_memory_dpd.u_memory_dpd/g_lane[11].u_dpd/r4_full_s2[3]__2/DSP_ALU.ALU_OUT<0>
    DSP48E2_X9Y125       DSP_OUTPUT (Prop_DSP_OUTPUT_DSP48E2_ALU_OUT[0]_P[0])
                                                      0.109     2.362 r  u_dut/u_frontend/g_memory_dpd.u_memory_dpd/g_lane[11].u_dpd/r4_full_s2[3]__2/DSP_OUTPUT_INST/P[0]
                         net (fo=2, routed)           0.548     2.910    u_dut/u_frontend/g_memory_dpd.u_memory_dpd/g_lane[11].u_dpd/r4_full_s2[3]__2_n_105
    SLICE_X60Y308        LUT2 (Prop_B6LUT_SLICEM_I0_O)
                                                      0.100     3.010 r  u_dut/u_frontend/g_memory_dpd.u_memory_dpd/g_lane[11].u_dpd/p_156_out_i_17/O
                         net (fo=1, routed)           0.016     3.026    u_dut/u_frontend/g_memory_dpd.u_memory_dpd/g_lane[11].u_dpd/p_156_out_i_17_n_0
    SLICE_X60Y308        CARRY8 (Prop_CARRY8_SLICEM_S[1]_CO[7])
                                                      0.190     3.216 r  u_dut/u_frontend/g_memory_dpd.u_memory_dpd/g_lane[11].u_dpd/p_156_out_i_2/CO[7]
                         net (fo=1, routed)           0.026     3.242    u_dut/u_frontend/g_memory_dpd.u_memory_dpd/g_lane[11].u_dpd/p_156_out_i_2_n_0
    SLICE_X60Y309        CARRY8 (Prop_CARRY8_SLICEM_CI_CO[7])
                                                      0.015     3.257 r  u_dut/u_frontend/g_memory_dpd.u_memory_dpd/g_lane[11].u_dpd/p_156_out_i_1/CO[7]
                         net (fo=1, routed)           0.026     3.283    u_dut/u_frontend/g_memory_dpd.u_memory_dpd/g_lane[11].u_dpd/p_156_out_i_1_n_0
    SLICE_X60Y310        CARRY8 (Prop_CARRY8_SLICEM_CI_CO[7])
                                                      0.015     3.298 r  u_dut/u_frontend/g_memory_dpd.u_memory_dpd/g_lane[11].u_dpd/p_156_out__0_i_2/CO[7]
                         net (fo=1, routed)           0.026     3.324    u_dut/u_frontend/g_memory_dpd.u_memory_dpd/g_lane[11].u_dpd/p_156_out__0_i_2_n_0
    SLICE_X60Y311        CARRY8 (Prop_CARRY8_SLICEM_CI_O[6])
                                                      0.103     3.427 r  u_dut/u_frontend/g_memory_dpd.u_memory_dpd/g_lane[11].u_dpd/p_156_out__0_i_1/O[6]
                         net (fo=8, routed)           0.487     3.913    u_dut/u_frontend/g_memory_dpd.u_memory_dpd/g_lane[11].u_dpd/p_156_out__0/B[17]
    DSP48E2_X10Y125      DSP_A_B_DATA                                 r  u_dut/u_frontend/g_memory_dpd.u_memory_dpd/g_lane[11].u_dpd/p_156_out__0/DSP_A_B_DATA_INST/B[17]
  -------------------------------------------------------------------    -------------------

                         (clock core_clk rise edge)
                                                      4.571     4.571 r  
                                                      0.000     4.571 r  clk218 (IN)
                         net (fo=121078, unset)       0.043     4.614    u_dut/u_frontend/g_memory_dpd.u_memory_dpd/g_lane[11].u_dpd/p_156_out__0/CLK
    DSP48E2_X10Y125      DSP_A_B_DATA                                 r  u_dut/u_frontend/g_memory_dpd.u_memory_dpd/g_lane[11].u_dpd/p_156_out__0/DSP_A_B_DATA_INST/CLK
                         clock pessimism              0.000     4.614    
                         clock uncertainty           -0.035     4.579    
    DSP48E2_X10Y125      DSP_A_B_DATA (Setup_DSP_A_B_DATA_DSP48E2_CLK_B[17])
                                                     -0.263     4.316    u_dut/u_frontend/g_memory_dpd.u_memory_dpd/g_lane[11].u_dpd/p_156_out__0/DSP_A_B_DATA_INST
  -------------------------------------------------------------------
                         required time                          4.316    
                         arrival time                          -3.913    
  -------------------------------------------------------------------
                         slack                                  0.402    




