Copyright 1986-2022 Xilinx, Inc. All Rights Reserved. Copyright 2022-2024 Advanced Micro Devices, Inc. All Rights Reserved.
-------------------------------------------------------------------------------------------------------------------------------------------------
| Tool Version : Vivado v.2024.1 (win64) Build 5076996 Wed May 22 18:37:14 MDT 2024
| Date         : Thu Jul  2 21:56:56 2026
| Host         : LAPTOP-KNBVGAN8 running 64-bit major release  (build 9200)
| Command      : report_methodology -file E:/workspace/chip/dsm_ip/syn/reports/ooc_xc7z020clg400_1_20260702_214700/p0_ooc_mash22/methodology.rpt
| Design       : p0_ooc_mash22
| Device       : xc7z020clg400-1
| Speed File   : -1
| Design State : Fully Routed
-------------------------------------------------------------------------------------------------------------------------------------------------

Report Methodology

Table of Contents
-----------------
1. REPORT SUMMARY
2. REPORT DETAILS

1. REPORT SUMMARY
-----------------
            Netlist: p0_ooc_mash22
          Floorplan: design_1
      Design limits: <entire design considered>
             Max violations: <unlimited>
             Violations found: 424
+-----------+----------+---------------------------+------------+
| Rule      | Severity | Description               | Violations |
+-----------+----------+---------------------------+------------+
| DPIR-1    | Warning  | Asynchronous driver check | 380        |
| TIMING-16 | Warning  | Large setup violation     | 44         |
+-----------+----------+---------------------------+------------+

2. REPORT DETAILS
-----------------
DPIR-1#1 Warning
Asynchronous driver check  
DSP u_i/y1_int2 input pin u_i/y1_int2/A[0] is connected to registers with an asynchronous reset. This is preventing the possibility of merging these registers in to the DSP Block since the DSP block registers only possess synchronous reset capability.  It is suggested to recode or change these registers to remove the reset or use a synchronous reset to get the best optimization for performance, power and area.
Related violations: <none>

DPIR-1#2 Warning
Asynchronous driver check  
DSP u_i/y1_int2 input pin u_i/y1_int2/A[10] is connected to registers with an asynchronous reset. This is preventing the possibility of merging these registers in to the DSP Block since the DSP block registers only possess synchronous reset capability.  It is suggested to recode or change these registers to remove the reset or use a synchronous reset to get the best optimization for performance, power and area.
Related violations: <none>

DPIR-1#3 Warning
Asynchronous driver check  
DSP u_i/y1_int2 input pin u_i/y1_int2/A[11] is connected to registers with an asynchronous reset. This is preventing the possibility of merging these registers in to the DSP Block since the DSP block registers only possess synchronous reset capability.  It is suggested to recode or change these registers to remove the reset or use a synchronous reset to get the best optimization for performance, power and area.
Related violations: <none>

DPIR-1#4 Warning
Asynchronous driver check  
DSP u_i/y1_int2 input pin u_i/y1_int2/A[12] is connected to registers with an asynchronous reset. This is preventing the possibility of merging these registers in to the DSP Block since the DSP block registers only possess synchronous reset capability.  It is suggested to recode or change these registers to remove the reset or use a synchronous reset to get the best optimization for performance, power and area.
Related violations: <none>

DPIR-1#5 Warning
Asynchronous driver check  
DSP u_i/y1_int2 input pin u_i/y1_int2/A[13] is connected to registers with an asynchronous reset. This is preventing the possibility of merging these registers in to the DSP Block since the DSP block registers only possess synchronous reset capability.  It is suggested to recode or change these registers to remove the reset or use a synchronous reset to get the best optimization for performance, power and area.
Related violations: <none>

DPIR-1#6 Warning
Asynchronous driver check  
DSP u_i/y1_int2 input pin u_i/y1_int2/A[14] is connected to registers with an asynchronous reset. This is preventing the possibility of merging these registers in to the DSP Block since the DSP block registers only possess synchronous reset capability.  It is suggested to recode or change these registers to remove the reset or use a synchronous reset to get the best optimization for performance, power and area.
Related violations: <none>

DPIR-1#7 Warning
Asynchronous driver check  
DSP u_i/y1_int2 input pin u_i/y1_int2/A[15] is connected to registers with an asynchronous reset. This is preventing the possibility of merging these registers in to the DSP Block since the DSP block registers only possess synchronous reset capability.  It is suggested to recode or change these registers to remove the reset or use a synchronous reset to get the best optimization for performance, power and area.
Related violations: <none>

DPIR-1#8 Warning
Asynchronous driver check  
DSP u_i/y1_int2 input pin u_i/y1_int2/A[16] is connected to registers with an asynchronous reset. This is preventing the possibility of merging these registers in to the DSP Block since the DSP block registers only possess synchronous reset capability.  It is suggested to recode or change these registers to remove the reset or use a synchronous reset to get the best optimization for performance, power and area.
Related violations: <none>

DPIR-1#9 Warning
Asynchronous driver check  
DSP u_i/y1_int2 input pin u_i/y1_int2/A[17] is connected to registers with an asynchronous reset. This is preventing the possibility of merging these registers in to the DSP Block since the DSP block registers only possess synchronous reset capability.  It is suggested to recode or change these registers to remove the reset or use a synchronous reset to get the best optimization for performance, power and area.
Related violations: <none>

DPIR-1#10 Warning
Asynchronous driver check  
DSP u_i/y1_int2 input pin u_i/y1_int2/A[18] is connected to registers with an asynchronous reset. This is preventing the possibility of merging these registers in to the DSP Block since the DSP block registers only possess synchronous reset capability.  It is suggested to recode or change these registers to remove the reset or use a synchronous reset to get the best optimization for performance, power and area.
Related violations: <none>

DPIR-1#11 Warning
Asynchronous driver check  
DSP u_i/y1_int2 input pin u_i/y1_int2/A[19] is connected to registers with an asynchronous reset. This is preventing the possibility of merging these registers in to the DSP Block since the DSP block registers only possess synchronous reset capability.  It is suggested to recode or change these registers to remove the reset or use a synchronous reset to get the best optimization for performance, power and area.
Related violations: <none>

DPIR-1#12 Warning
Asynchronous driver check  
DSP u_i/y1_int2 input pin u_i/y1_int2/A[1] is connected to registers with an asynchronous reset. This is preventing the possibility of merging these registers in to the DSP Block since the DSP block registers only possess synchronous reset capability.  It is suggested to recode or change these registers to remove the reset or use a synchronous reset to get the best optimization for performance, power and area.
Related violations: <none>

DPIR-1#13 Warning
Asynchronous driver check  
DSP u_i/y1_int2 input pin u_i/y1_int2/A[20] is connected to registers with an asynchronous reset. This is preventing the possibility of merging these registers in to the DSP Block since the DSP block registers only possess synchronous reset capability.  It is suggested to recode or change these registers to remove the reset or use a synchronous reset to get the best optimization for performance, power and area.
Related violations: <none>

DPIR-1#14 Warning
Asynchronous driver check  
DSP u_i/y1_int2 input pin u_i/y1_int2/A[21] is connected to registers with an asynchronous reset. This is preventing the possibility of merging these registers in to the DSP Block since the DSP block registers only possess synchronous reset capability.  It is suggested to recode or change these registers to remove the reset or use a synchronous reset to get the best optimization for performance, power and area.
Related violations: <none>

DPIR-1#15 Warning
Asynchronous driver check  
DSP u_i/y1_int2 input pin u_i/y1_int2/A[22] is connected to registers with an asynchronous reset. This is preventing the possibility of merging these registers in to the DSP Block since the DSP block registers only possess synchronous reset capability.  It is suggested to recode or change these registers to remove the reset or use a synchronous reset to get the best optimization for performance, power and area.
Related violations: <none>

DPIR-1#16 Warning
Asynchronous driver check  
DSP u_i/y1_int2 input pin u_i/y1_int2/A[23] is connected to registers with an asynchronous reset. This is preventing the possibility of merging these registers in to the DSP Block since the DSP block registers only possess synchronous reset capability.  It is suggested to recode or change these registers to remove the reset or use a synchronous reset to get the best optimization for performance, power and area.
Related violations: <none>

DPIR-1#17 Warning
Asynchronous driver check  
DSP u_i/y1_int2 input pin u_i/y1_int2/A[24] is connected to registers with an asynchronous reset. This is preventing the possibility of merging these registers in to the DSP Block since the DSP block registers only possess synchronous reset capability.  It is suggested to recode or change these registers to remove the reset or use a synchronous reset to get the best optimization for performance, power and area.
Related violations: <none>

DPIR-1#18 Warning
Asynchronous driver check  
DSP u_i/y1_int2 input pin u_i/y1_int2/A[25] is connected to registers with an asynchronous reset. This is preventing the possibility of merging these registers in to the DSP Block since the DSP block registers only possess synchronous reset capability.  It is suggested to recode or change these registers to remove the reset or use a synchronous reset to get the best optimization for performance, power and area.
Related violations: <none>

DPIR-1#19 Warning
Asynchronous driver check  
DSP u_i/y1_int2 input pin u_i/y1_int2/A[26] is connected to registers with an asynchronous reset. This is preventing the possibility of merging these registers in to the DSP Block since the DSP block registers only possess synchronous reset capability.  It is suggested to recode or change these registers to remove the reset or use a synchronous reset to get the best optimization for performance, power and area.
Related violations: <none>

DPIR-1#20 Warning
Asynchronous driver check  
DSP u_i/y1_int2 input pin u_i/y1_int2/A[27] is connected to registers with an asynchronous reset. This is preventing the possibility of merging these registers in to the DSP Block since the DSP block registers only possess synchronous reset capability.  It is suggested to recode or change these registers to remove the reset or use a synchronous reset to get the best optimization for performance, power and area.
Related violations: <none>

DPIR-1#21 Warning
Asynchronous driver check  
DSP u_i/y1_int2 input pin u_i/y1_int2/A[28] is connected to registers with an asynchronous reset. This is preventing the possibility of merging these registers in to the DSP Block since the DSP block registers only possess synchronous reset capability.  It is suggested to recode or change these registers to remove the reset or use a synchronous reset to get the best optimization for performance, power and area.
Related violations: <none>

DPIR-1#22 Warning
Asynchronous driver check  
DSP u_i/y1_int2 input pin u_i/y1_int2/A[29] is connected to registers with an asynchronous reset. This is preventing the possibility of merging these registers in to the DSP Block since the DSP block registers only possess synchronous reset capability.  It is suggested to recode or change these registers to remove the reset or use a synchronous reset to get the best optimization for performance, power and area.
Related violations: <none>

DPIR-1#23 Warning
Asynchronous driver check  
DSP u_i/y1_int2 input pin u_i/y1_int2/A[2] is connected to registers with an asynchronous reset. This is preventing the possibility of merging these registers in to the DSP Block since the DSP block registers only possess synchronous reset capability.  It is suggested to recode or change these registers to remove the reset or use a synchronous reset to get the best optimization for performance, power and area.
Related violations: <none>

DPIR-1#24 Warning
Asynchronous driver check  
DSP u_i/y1_int2 input pin u_i/y1_int2/A[3] is connected to registers with an asynchronous reset. This is preventing the possibility of merging these registers in to the DSP Block since the DSP block registers only possess synchronous reset capability.  It is suggested to recode or change these registers to remove the reset or use a synchronous reset to get the best optimization for performance, power and area.
Related violations: <none>

DPIR-1#25 Warning
Asynchronous driver check  
DSP u_i/y1_int2 input pin u_i/y1_int2/A[4] is connected to registers with an asynchronous reset. This is preventing the possibility of merging these registers in to the DSP Block since the DSP block registers only possess synchronous reset capability.  It is suggested to recode or change these registers to remove the reset or use a synchronous reset to get the best optimization for performance, power and area.
Related violations: <none>

DPIR-1#26 Warning
Asynchronous driver check  
DSP u_i/y1_int2 input pin u_i/y1_int2/A[5] is connected to registers with an asynchronous reset. This is preventing the possibility of merging these registers in to the DSP Block since the DSP block registers only possess synchronous reset capability.  It is suggested to recode or change these registers to remove the reset or use a synchronous reset to get the best optimization for performance, power and area.
Related violations: <none>

DPIR-1#27 Warning
Asynchronous driver check  
DSP u_i/y1_int2 input pin u_i/y1_int2/A[6] is connected to registers with an asynchronous reset. This is preventing the possibility of merging these registers in to the DSP Block since the DSP block registers only possess synchronous reset capability.  It is suggested to recode or change these registers to remove the reset or use a synchronous reset to get the best optimization for performance, power and area.
Related violations: <none>

DPIR-1#28 Warning
Asynchronous driver check  
DSP u_i/y1_int2 input pin u_i/y1_int2/A[7] is connected to registers with an asynchronous reset. This is preventing the possibility of merging these registers in to the DSP Block since the DSP block registers only possess synchronous reset capability.  It is suggested to recode or change these registers to remove the reset or use a synchronous reset to get the best optimization for performance, power and area.
Related violations: <none>

DPIR-1#29 Warning
Asynchronous driver check  
DSP u_i/y1_int2 input pin u_i/y1_int2/A[8] is connected to registers with an asynchronous reset. This is preventing the possibility of merging these registers in to the DSP Block since the DSP block registers only possess synchronous reset capability.  It is suggested to recode or change these registers to remove the reset or use a synchronous reset to get the best optimization for performance, power and area.
Related violations: <none>

DPIR-1#30 Warning
Asynchronous driver check  
DSP u_i/y1_int2 input pin u_i/y1_int2/A[9] is connected to registers with an asynchronous reset. This is preventing the possibility of merging these registers in to the DSP Block since the DSP block registers only possess synchronous reset capability.  It is suggested to recode or change these registers to remove the reset or use a synchronous reset to get the best optimization for performance, power and area.
Related violations: <none>

DPIR-1#31 Warning
Asynchronous driver check  
DSP u_i/y1_int2 input pin u_i/y1_int2/B[0] is connected to registers with an asynchronous reset. This is preventing the possibility of merging these registers in to the DSP Block since the DSP block registers only possess synchronous reset capability.  It is suggested to recode or change these registers to remove the reset or use a synchronous reset to get the best optimization for performance, power and area.
Related violations: <none>

DPIR-1#32 Warning
Asynchronous driver check  
DSP u_i/y1_int2 input pin u_i/y1_int2/B[10] is connected to registers with an asynchronous reset. This is preventing the possibility of merging these registers in to the DSP Block since the DSP block registers only possess synchronous reset capability.  It is suggested to recode or change these registers to remove the reset or use a synchronous reset to get the best optimization for performance, power and area.
Related violations: <none>

DPIR-1#33 Warning
Asynchronous driver check  
DSP u_i/y1_int2 input pin u_i/y1_int2/B[11] is connected to registers with an asynchronous reset. This is preventing the possibility of merging these registers in to the DSP Block since the DSP block registers only possess synchronous reset capability.  It is suggested to recode or change these registers to remove the reset or use a synchronous reset to get the best optimization for performance, power and area.
Related violations: <none>

DPIR-1#34 Warning
Asynchronous driver check  
DSP u_i/y1_int2 input pin u_i/y1_int2/B[12] is connected to registers with an asynchronous reset. This is preventing the possibility of merging these registers in to the DSP Block since the DSP block registers only possess synchronous reset capability.  It is suggested to recode or change these registers to remove the reset or use a synchronous reset to get the best optimization for performance, power and area.
Related violations: <none>

DPIR-1#35 Warning
Asynchronous driver check  
DSP u_i/y1_int2 input pin u_i/y1_int2/B[13] is connected to registers with an asynchronous reset. This is preventing the possibility of merging these registers in to the DSP Block since the DSP block registers only possess synchronous reset capability.  It is suggested to recode or change these registers to remove the reset or use a synchronous reset to get the best optimization for performance, power and area.
Related violations: <none>

DPIR-1#36 Warning
Asynchronous driver check  
DSP u_i/y1_int2 input pin u_i/y1_int2/B[14] is connected to registers with an asynchronous reset. This is preventing the possibility of merging these registers in to the DSP Block since the DSP block registers only possess synchronous reset capability.  It is suggested to recode or change these registers to remove the reset or use a synchronous reset to get the best optimization for performance, power and area.
Related violations: <none>

DPIR-1#37 Warning
Asynchronous driver check  
DSP u_i/y1_int2 input pin u_i/y1_int2/B[15] is connected to registers with an asynchronous reset. This is preventing the possibility of merging these registers in to the DSP Block since the DSP block registers only possess synchronous reset capability.  It is suggested to recode or change these registers to remove the reset or use a synchronous reset to get the best optimization for performance, power and area.
Related violations: <none>

DPIR-1#38 Warning
Asynchronous driver check  
DSP u_i/y1_int2 input pin u_i/y1_int2/B[16] is connected to registers with an asynchronous reset. This is preventing the possibility of merging these registers in to the DSP Block since the DSP block registers only possess synchronous reset capability.  It is suggested to recode or change these registers to remove the reset or use a synchronous reset to get the best optimization for performance, power and area.
Related violations: <none>

DPIR-1#39 Warning
Asynchronous driver check  
DSP u_i/y1_int2 input pin u_i/y1_int2/B[17] is connected to registers with an asynchronous reset. This is preventing the possibility of merging these registers in to the DSP Block since the DSP block registers only possess synchronous reset capability.  It is suggested to recode or change these registers to remove the reset or use a synchronous reset to get the best optimization for performance, power and area.
Related violations: <none>

DPIR-1#40 Warning
Asynchronous driver check  
DSP u_i/y1_int2 input pin u_i/y1_int2/B[1] is connected to registers with an asynchronous reset. This is preventing the possibility of merging these registers in to the DSP Block since the DSP block registers only possess synchronous reset capability.  It is suggested to recode or change these registers to remove the reset or use a synchronous reset to get the best optimization for performance, power and area.
Related violations: <none>

DPIR-1#41 Warning
Asynchronous driver check  
DSP u_i/y1_int2 input pin u_i/y1_int2/B[2] is connected to registers with an asynchronous reset. This is preventing the possibility of merging these registers in to the DSP Block since the DSP block registers only possess synchronous reset capability.  It is suggested to recode or change these registers to remove the reset or use a synchronous reset to get the best optimization for performance, power and area.
Related violations: <none>

DPIR-1#42 Warning
Asynchronous driver check  
DSP u_i/y1_int2 input pin u_i/y1_int2/B[3] is connected to registers with an asynchronous reset. This is preventing the possibility of merging these registers in to the DSP Block since the DSP block registers only possess synchronous reset capability.  It is suggested to recode or change these registers to remove the reset or use a synchronous reset to get the best optimization for performance, power and area.
Related violations: <none>

DPIR-1#43 Warning
Asynchronous driver check  
DSP u_i/y1_int2 input pin u_i/y1_int2/B[4] is connected to registers with an asynchronous reset. This is preventing the possibility of merging these registers in to the DSP Block since the DSP block registers only possess synchronous reset capability.  It is suggested to recode or change these registers to remove the reset or use a synchronous reset to get the best optimization for performance, power and area.
Related violations: <none>

DPIR-1#44 Warning
Asynchronous driver check  
DSP u_i/y1_int2 input pin u_i/y1_int2/B[5] is connected to registers with an asynchronous reset. This is preventing the possibility of merging these registers in to the DSP Block since the DSP block registers only possess synchronous reset capability.  It is suggested to recode or change these registers to remove the reset or use a synchronous reset to get the best optimization for performance, power and area.
Related violations: <none>

DPIR-1#45 Warning
Asynchronous driver check  
DSP u_i/y1_int2 input pin u_i/y1_int2/B[6] is connected to registers with an asynchronous reset. This is preventing the possibility of merging these registers in to the DSP Block since the DSP block registers only possess synchronous reset capability.  It is suggested to recode or change these registers to remove the reset or use a synchronous reset to get the best optimization for performance, power and area.
Related violations: <none>

DPIR-1#46 Warning
Asynchronous driver check  
DSP u_i/y1_int2 input pin u_i/y1_int2/B[7] is connected to registers with an asynchronous reset. This is preventing the possibility of merging these registers in to the DSP Block since the DSP block registers only possess synchronous reset capability.  It is suggested to recode or change these registers to remove the reset or use a synchronous reset to get the best optimization for performance, power and area.
Related violations: <none>

DPIR-1#47 Warning
Asynchronous driver check  
DSP u_i/y1_int2 input pin u_i/y1_int2/B[8] is connected to registers with an asynchronous reset. This is preventing the possibility of merging these registers in to the DSP Block since the DSP block registers only possess synchronous reset capability.  It is suggested to recode or change these registers to remove the reset or use a synchronous reset to get the best optimization for performance, power and area.
Related violations: <none>

DPIR-1#48 Warning
Asynchronous driver check  
DSP u_i/y1_int2 input pin u_i/y1_int2/B[9] is connected to registers with an asynchronous reset. This is preventing the possibility of merging these registers in to the DSP Block since the DSP block registers only possess synchronous reset capability.  It is suggested to recode or change these registers to remove the reset or use a synchronous reset to get the best optimization for performance, power and area.
Related violations: <none>

DPIR-1#49 Warning
Asynchronous driver check  
DSP u_i/y1_int2__0 input pin u_i/y1_int2__0/A[0] is connected to registers with an asynchronous reset. This is preventing the possibility of merging these registers in to the DSP Block since the DSP block registers only possess synchronous reset capability.  It is suggested to recode or change these registers to remove the reset or use a synchronous reset to get the best optimization for performance, power and area.
Related violations: <none>

DPIR-1#50 Warning
Asynchronous driver check  
DSP u_i/y1_int2__0 input pin u_i/y1_int2__0/A[10] is connected to registers with an asynchronous reset. This is preventing the possibility of merging these registers in to the DSP Block since the DSP block registers only possess synchronous reset capability.  It is suggested to recode or change these registers to remove the reset or use a synchronous reset to get the best optimization for performance, power and area.
Related violations: <none>

DPIR-1#51 Warning
Asynchronous driver check  
DSP u_i/y1_int2__0 input pin u_i/y1_int2__0/A[11] is connected to registers with an asynchronous reset. This is preventing the possibility of merging these registers in to the DSP Block since the DSP block registers only possess synchronous reset capability.  It is suggested to recode or change these registers to remove the reset or use a synchronous reset to get the best optimization for performance, power and area.
Related violations: <none>

DPIR-1#52 Warning
Asynchronous driver check  
DSP u_i/y1_int2__0 input pin u_i/y1_int2__0/A[12] is connected to registers with an asynchronous reset. This is preventing the possibility of merging these registers in to the DSP Block since the DSP block registers only possess synchronous reset capability.  It is suggested to recode or change these registers to remove the reset or use a synchronous reset to get the best optimization for performance, power and area.
Related violations: <none>

DPIR-1#53 Warning
Asynchronous driver check  
DSP u_i/y1_int2__0 input pin u_i/y1_int2__0/A[13] is connected to registers with an asynchronous reset. This is preventing the possibility of merging these registers in to the DSP Block since the DSP block registers only possess synchronous reset capability.  It is suggested to recode or change these registers to remove the reset or use a synchronous reset to get the best optimization for performance, power and area.
Related violations: <none>

DPIR-1#54 Warning
Asynchronous driver check  
DSP u_i/y1_int2__0 input pin u_i/y1_int2__0/A[14] is connected to registers with an asynchronous reset. This is preventing the possibility of merging these registers in to the DSP Block since the DSP block registers only possess synchronous reset capability.  It is suggested to recode or change these registers to remove the reset or use a synchronous reset to get the best optimization for performance, power and area.
Related violations: <none>

DPIR-1#55 Warning
Asynchronous driver check  
DSP u_i/y1_int2__0 input pin u_i/y1_int2__0/A[15] is connected to registers with an asynchronous reset. This is preventing the possibility of merging these registers in to the DSP Block since the DSP block registers only possess synchronous reset capability.  It is suggested to recode or change these registers to remove the reset or use a synchronous reset to get the best optimization for performance, power and area.
Related violations: <none>

DPIR-1#56 Warning
Asynchronous driver check  
DSP u_i/y1_int2__0 input pin u_i/y1_int2__0/A[16] is connected to registers with an asynchronous reset. This is preventing the possibility of merging these registers in to the DSP Block since the DSP block registers only possess synchronous reset capability.  It is suggested to recode or change these registers to remove the reset or use a synchronous reset to get the best optimization for performance, power and area.
Related violations: <none>

DPIR-1#57 Warning
Asynchronous driver check  
DSP u_i/y1_int2__0 input pin u_i/y1_int2__0/A[17] is connected to registers with an asynchronous reset. This is preventing the possibility of merging these registers in to the DSP Block since the DSP block registers only possess synchronous reset capability.  It is suggested to recode or change these registers to remove the reset or use a synchronous reset to get the best optimization for performance, power and area.
Related violations: <none>

DPIR-1#58 Warning
Asynchronous driver check  
DSP u_i/y1_int2__0 input pin u_i/y1_int2__0/A[18] is connected to registers with an asynchronous reset. This is preventing the possibility of merging these registers in to the DSP Block since the DSP block registers only possess synchronous reset capability.  It is suggested to recode or change these registers to remove the reset or use a synchronous reset to get the best optimization for performance, power and area.
Related violations: <none>

DPIR-1#59 Warning
Asynchronous driver check  
DSP u_i/y1_int2__0 input pin u_i/y1_int2__0/A[19] is connected to registers with an asynchronous reset. This is preventing the possibility of merging these registers in to the DSP Block since the DSP block registers only possess synchronous reset capability.  It is suggested to recode or change these registers to remove the reset or use a synchronous reset to get the best optimization for performance, power and area.
Related violations: <none>

DPIR-1#60 Warning
Asynchronous driver check  
DSP u_i/y1_int2__0 input pin u_i/y1_int2__0/A[1] is connected to registers with an asynchronous reset. This is preventing the possibility of merging these registers in to the DSP Block since the DSP block registers only possess synchronous reset capability.  It is suggested to recode or change these registers to remove the reset or use a synchronous reset to get the best optimization for performance, power and area.
Related violations: <none>

DPIR-1#61 Warning
Asynchronous driver check  
DSP u_i/y1_int2__0 input pin u_i/y1_int2__0/A[20] is connected to registers with an asynchronous reset. This is preventing the possibility of merging these registers in to the DSP Block since the DSP block registers only possess synchronous reset capability.  It is suggested to recode or change these registers to remove the reset or use a synchronous reset to get the best optimization for performance, power and area.
Related violations: <none>

DPIR-1#62 Warning
Asynchronous driver check  
DSP u_i/y1_int2__0 input pin u_i/y1_int2__0/A[21] is connected to registers with an asynchronous reset. This is preventing the possibility of merging these registers in to the DSP Block since the DSP block registers only possess synchronous reset capability.  It is suggested to recode or change these registers to remove the reset or use a synchronous reset to get the best optimization for performance, power and area.
Related violations: <none>

DPIR-1#63 Warning
Asynchronous driver check  
DSP u_i/y1_int2__0 input pin u_i/y1_int2__0/A[22] is connected to registers with an asynchronous reset. This is preventing the possibility of merging these registers in to the DSP Block since the DSP block registers only possess synchronous reset capability.  It is suggested to recode or change these registers to remove the reset or use a synchronous reset to get the best optimization for performance, power and area.
Related violations: <none>

DPIR-1#64 Warning
Asynchronous driver check  
DSP u_i/y1_int2__0 input pin u_i/y1_int2__0/A[23] is connected to registers with an asynchronous reset. This is preventing the possibility of merging these registers in to the DSP Block since the DSP block registers only possess synchronous reset capability.  It is suggested to recode or change these registers to remove the reset or use a synchronous reset to get the best optimization for performance, power and area.
Related violations: <none>

DPIR-1#65 Warning
Asynchronous driver check  
DSP u_i/y1_int2__0 input pin u_i/y1_int2__0/A[24] is connected to registers with an asynchronous reset. This is preventing the possibility of merging these registers in to the DSP Block since the DSP block registers only possess synchronous reset capability.  It is suggested to recode or change these registers to remove the reset or use a synchronous reset to get the best optimization for performance, power and area.
Related violations: <none>

DPIR-1#66 Warning
Asynchronous driver check  
DSP u_i/y1_int2__0 input pin u_i/y1_int2__0/A[25] is connected to registers with an asynchronous reset. This is preventing the possibility of merging these registers in to the DSP Block since the DSP block registers only possess synchronous reset capability.  It is suggested to recode or change these registers to remove the reset or use a synchronous reset to get the best optimization for performance, power and area.
Related violations: <none>

DPIR-1#67 Warning
Asynchronous driver check  
DSP u_i/y1_int2__0 input pin u_i/y1_int2__0/A[26] is connected to registers with an asynchronous reset. This is preventing the possibility of merging these registers in to the DSP Block since the DSP block registers only possess synchronous reset capability.  It is suggested to recode or change these registers to remove the reset or use a synchronous reset to get the best optimization for performance, power and area.
Related violations: <none>

DPIR-1#68 Warning
Asynchronous driver check  
DSP u_i/y1_int2__0 input pin u_i/y1_int2__0/A[27] is connected to registers with an asynchronous reset. This is preventing the possibility of merging these registers in to the DSP Block since the DSP block registers only possess synchronous reset capability.  It is suggested to recode or change these registers to remove the reset or use a synchronous reset to get the best optimization for performance, power and area.
Related violations: <none>

DPIR-1#69 Warning
Asynchronous driver check  
DSP u_i/y1_int2__0 input pin u_i/y1_int2__0/A[28] is connected to registers with an asynchronous reset. This is preventing the possibility of merging these registers in to the DSP Block since the DSP block registers only possess synchronous reset capability.  It is suggested to recode or change these registers to remove the reset or use a synchronous reset to get the best optimization for performance, power and area.
Related violations: <none>

DPIR-1#70 Warning
Asynchronous driver check  
DSP u_i/y1_int2__0 input pin u_i/y1_int2__0/A[29] is connected to registers with an asynchronous reset. This is preventing the possibility of merging these registers in to the DSP Block since the DSP block registers only possess synchronous reset capability.  It is suggested to recode or change these registers to remove the reset or use a synchronous reset to get the best optimization for performance, power and area.
Related violations: <none>

DPIR-1#71 Warning
Asynchronous driver check  
DSP u_i/y1_int2__0 input pin u_i/y1_int2__0/A[2] is connected to registers with an asynchronous reset. This is preventing the possibility of merging these registers in to the DSP Block since the DSP block registers only possess synchronous reset capability.  It is suggested to recode or change these registers to remove the reset or use a synchronous reset to get the best optimization for performance, power and area.
Related violations: <none>

DPIR-1#72 Warning
Asynchronous driver check  
DSP u_i/y1_int2__0 input pin u_i/y1_int2__0/A[3] is connected to registers with an asynchronous reset. This is preventing the possibility of merging these registers in to the DSP Block since the DSP block registers only possess synchronous reset capability.  It is suggested to recode or change these registers to remove the reset or use a synchronous reset to get the best optimization for performance, power and area.
Related violations: <none>

DPIR-1#73 Warning
Asynchronous driver check  
DSP u_i/y1_int2__0 input pin u_i/y1_int2__0/A[4] is connected to registers with an asynchronous reset. This is preventing the possibility of merging these registers in to the DSP Block since the DSP block registers only possess synchronous reset capability.  It is suggested to recode or change these registers to remove the reset or use a synchronous reset to get the best optimization for performance, power and area.
Related violations: <none>

DPIR-1#74 Warning
Asynchronous driver check  
DSP u_i/y1_int2__0 input pin u_i/y1_int2__0/A[5] is connected to registers with an asynchronous reset. This is preventing the possibility of merging these registers in to the DSP Block since the DSP block registers only possess synchronous reset capability.  It is suggested to recode or change these registers to remove the reset or use a synchronous reset to get the best optimization for performance, power and area.
Related violations: <none>

DPIR-1#75 Warning
Asynchronous driver check  
DSP u_i/y1_int2__0 input pin u_i/y1_int2__0/A[6] is connected to registers with an asynchronous reset. This is preventing the possibility of merging these registers in to the DSP Block since the DSP block registers only possess synchronous reset capability.  It is suggested to recode or change these registers to remove the reset or use a synchronous reset to get the best optimization for performance, power and area.
Related violations: <none>

DPIR-1#76 Warning
Asynchronous driver check  
DSP u_i/y1_int2__0 input pin u_i/y1_int2__0/A[7] is connected to registers with an asynchronous reset. This is preventing the possibility of merging these registers in to the DSP Block since the DSP block registers only possess synchronous reset capability.  It is suggested to recode or change these registers to remove the reset or use a synchronous reset to get the best optimization for performance, power and area.
Related violations: <none>

DPIR-1#77 Warning
Asynchronous driver check  
DSP u_i/y1_int2__0 input pin u_i/y1_int2__0/A[8] is connected to registers with an asynchronous reset. This is preventing the possibility of merging these registers in to the DSP Block since the DSP block registers only possess synchronous reset capability.  It is suggested to recode or change these registers to remove the reset or use a synchronous reset to get the best optimization for performance, power and area.
Related violations: <none>

DPIR-1#78 Warning
Asynchronous driver check  
DSP u_i/y1_int2__0 input pin u_i/y1_int2__0/A[9] is connected to registers with an asynchronous reset. This is preventing the possibility of merging these registers in to the DSP Block since the DSP block registers only possess synchronous reset capability.  It is suggested to recode or change these registers to remove the reset or use a synchronous reset to get the best optimization for performance, power and area.
Related violations: <none>

DPIR-1#79 Warning
Asynchronous driver check  
DSP u_i/y1_int2__0 input pin u_i/y1_int2__0/B[10] is connected to registers with an asynchronous reset. This is preventing the possibility of merging these registers in to the DSP Block since the DSP block registers only possess synchronous reset capability.  It is suggested to recode or change these registers to remove the reset or use a synchronous reset to get the best optimization for performance, power and area.
Related violations: <none>

DPIR-1#80 Warning
Asynchronous driver check  
DSP u_i/y1_int2__0 input pin u_i/y1_int2__0/B[11] is connected to registers with an asynchronous reset. This is preventing the possibility of merging these registers in to the DSP Block since the DSP block registers only possess synchronous reset capability.  It is suggested to recode or change these registers to remove the reset or use a synchronous reset to get the best optimization for performance, power and area.
Related violations: <none>

DPIR-1#81 Warning
Asynchronous driver check  
DSP u_i/y1_int2__0 input pin u_i/y1_int2__0/B[12] is connected to registers with an asynchronous reset. This is preventing the possibility of merging these registers in to the DSP Block since the DSP block registers only possess synchronous reset capability.  It is suggested to recode or change these registers to remove the reset or use a synchronous reset to get the best optimization for performance, power and area.
Related violations: <none>

DPIR-1#82 Warning
Asynchronous driver check  
DSP u_i/y1_int2__0 input pin u_i/y1_int2__0/B[13] is connected to registers with an asynchronous reset. This is preventing the possibility of merging these registers in to the DSP Block since the DSP block registers only possess synchronous reset capability.  It is suggested to recode or change these registers to remove the reset or use a synchronous reset to get the best optimization for performance, power and area.
Related violations: <none>

DPIR-1#83 Warning
Asynchronous driver check  
DSP u_i/y1_int2__0 input pin u_i/y1_int2__0/B[14] is connected to registers with an asynchronous reset. This is preventing the possibility of merging these registers in to the DSP Block since the DSP block registers only possess synchronous reset capability.  It is suggested to recode or change these registers to remove the reset or use a synchronous reset to get the best optimization for performance, power and area.
Related violations: <none>

DPIR-1#84 Warning
Asynchronous driver check  
DSP u_i/y1_int2__0 input pin u_i/y1_int2__0/B[15] is connected to registers with an asynchronous reset. This is preventing the possibility of merging these registers in to the DSP Block since the DSP block registers only possess synchronous reset capability.  It is suggested to recode or change these registers to remove the reset or use a synchronous reset to get the best optimization for performance, power and area.
Related violations: <none>

DPIR-1#85 Warning
Asynchronous driver check  
DSP u_i/y1_int2__0 input pin u_i/y1_int2__0/B[16] is connected to registers with an asynchronous reset. This is preventing the possibility of merging these registers in to the DSP Block since the DSP block registers only possess synchronous reset capability.  It is suggested to recode or change these registers to remove the reset or use a synchronous reset to get the best optimization for performance, power and area.
Related violations: <none>

DPIR-1#86 Warning
Asynchronous driver check  
DSP u_i/y1_int2__0 input pin u_i/y1_int2__0/B[17] is connected to registers with an asynchronous reset. This is preventing the possibility of merging these registers in to the DSP Block since the DSP block registers only possess synchronous reset capability.  It is suggested to recode or change these registers to remove the reset or use a synchronous reset to get the best optimization for performance, power and area.
Related violations: <none>

DPIR-1#87 Warning
Asynchronous driver check  
DSP u_i/y1_int2__0 input pin u_i/y1_int2__0/B[1] is connected to registers with an asynchronous reset. This is preventing the possibility of merging these registers in to the DSP Block since the DSP block registers only possess synchronous reset capability.  It is suggested to recode or change these registers to remove the reset or use a synchronous reset to get the best optimization for performance, power and area.
Related violations: <none>

DPIR-1#88 Warning
Asynchronous driver check  
DSP u_i/y1_int2__0 input pin u_i/y1_int2__0/B[2] is connected to registers with an asynchronous reset. This is preventing the possibility of merging these registers in to the DSP Block since the DSP block registers only possess synchronous reset capability.  It is suggested to recode or change these registers to remove the reset or use a synchronous reset to get the best optimization for performance, power and area.
Related violations: <none>

DPIR-1#89 Warning
Asynchronous driver check  
DSP u_i/y1_int2__0 input pin u_i/y1_int2__0/B[3] is connected to registers with an asynchronous reset. This is preventing the possibility of merging these registers in to the DSP Block since the DSP block registers only possess synchronous reset capability.  It is suggested to recode or change these registers to remove the reset or use a synchronous reset to get the best optimization for performance, power and area.
Related violations: <none>

DPIR-1#90 Warning
Asynchronous driver check  
DSP u_i/y1_int2__0 input pin u_i/y1_int2__0/B[4] is connected to registers with an asynchronous reset. This is preventing the possibility of merging these registers in to the DSP Block since the DSP block registers only possess synchronous reset capability.  It is suggested to recode or change these registers to remove the reset or use a synchronous reset to get the best optimization for performance, power and area.
Related violations: <none>

DPIR-1#91 Warning
Asynchronous driver check  
DSP u_i/y1_int2__0 input pin u_i/y1_int2__0/B[5] is connected to registers with an asynchronous reset. This is preventing the possibility of merging these registers in to the DSP Block since the DSP block registers only possess synchronous reset capability.  It is suggested to recode or change these registers to remove the reset or use a synchronous reset to get the best optimization for performance, power and area.
Related violations: <none>

DPIR-1#92 Warning
Asynchronous driver check  
DSP u_i/y1_int2__0 input pin u_i/y1_int2__0/B[6] is connected to registers with an asynchronous reset. This is preventing the possibility of merging these registers in to the DSP Block since the DSP block registers only possess synchronous reset capability.  It is suggested to recode or change these registers to remove the reset or use a synchronous reset to get the best optimization for performance, power and area.
Related violations: <none>

DPIR-1#93 Warning
Asynchronous driver check  
DSP u_i/y1_int2__0 input pin u_i/y1_int2__0/B[7] is connected to registers with an asynchronous reset. This is preventing the possibility of merging these registers in to the DSP Block since the DSP block registers only possess synchronous reset capability.  It is suggested to recode or change these registers to remove the reset or use a synchronous reset to get the best optimization for performance, power and area.
Related violations: <none>

DPIR-1#94 Warning
Asynchronous driver check  
DSP u_i/y1_int2__0 input pin u_i/y1_int2__0/B[8] is connected to registers with an asynchronous reset. This is preventing the possibility of merging these registers in to the DSP Block since the DSP block registers only possess synchronous reset capability.  It is suggested to recode or change these registers to remove the reset or use a synchronous reset to get the best optimization for performance, power and area.
Related violations: <none>

DPIR-1#95 Warning
Asynchronous driver check  
DSP u_i/y1_int2__0 input pin u_i/y1_int2__0/B[9] is connected to registers with an asynchronous reset. This is preventing the possibility of merging these registers in to the DSP Block since the DSP block registers only possess synchronous reset capability.  It is suggested to recode or change these registers to remove the reset or use a synchronous reset to get the best optimization for performance, power and area.
Related violations: <none>

DPIR-1#96 Warning
Asynchronous driver check  
DSP u_i/y2_int2 input pin u_i/y2_int2/A[0] is connected to registers with an asynchronous reset. This is preventing the possibility of merging these registers in to the DSP Block since the DSP block registers only possess synchronous reset capability.  It is suggested to recode or change these registers to remove the reset or use a synchronous reset to get the best optimization for performance, power and area.
Related violations: <none>

DPIR-1#97 Warning
Asynchronous driver check  
DSP u_i/y2_int2 input pin u_i/y2_int2/A[10] is connected to registers with an asynchronous reset. This is preventing the possibility of merging these registers in to the DSP Block since the DSP block registers only possess synchronous reset capability.  It is suggested to recode or change these registers to remove the reset or use a synchronous reset to get the best optimization for performance, power and area.
Related violations: <none>

DPIR-1#98 Warning
Asynchronous driver check  
DSP u_i/y2_int2 input pin u_i/y2_int2/A[11] is connected to registers with an asynchronous reset. This is preventing the possibility of merging these registers in to the DSP Block since the DSP block registers only possess synchronous reset capability.  It is suggested to recode or change these registers to remove the reset or use a synchronous reset to get the best optimization for performance, power and area.
Related violations: <none>

DPIR-1#99 Warning
Asynchronous driver check  
DSP u_i/y2_int2 input pin u_i/y2_int2/A[12] is connected to registers with an asynchronous reset. This is preventing the possibility of merging these registers in to the DSP Block since the DSP block registers only possess synchronous reset capability.  It is suggested to recode or change these registers to remove the reset or use a synchronous reset to get the best optimization for performance, power and area.
Related violations: <none>

DPIR-1#100 Warning
Asynchronous driver check  
DSP u_i/y2_int2 input pin u_i/y2_int2/A[13] is connected to registers with an asynchronous reset. This is preventing the possibility of merging these registers in to the DSP Block since the DSP block registers only possess synchronous reset capability.  It is suggested to recode or change these registers to remove the reset or use a synchronous reset to get the best optimization for performance, power and area.
Related violations: <none>

DPIR-1#101 Warning
Asynchronous driver check  
DSP u_i/y2_int2 input pin u_i/y2_int2/A[14] is connected to registers with an asynchronous reset. This is preventing the possibility of merging these registers in to the DSP Block since the DSP block registers only possess synchronous reset capability.  It is suggested to recode or change these registers to remove the reset or use a synchronous reset to get the best optimization for performance, power and area.
Related violations: <none>

DPIR-1#102 Warning
Asynchronous driver check  
DSP u_i/y2_int2 input pin u_i/y2_int2/A[15] is connected to registers with an asynchronous reset. This is preventing the possibility of merging these registers in to the DSP Block since the DSP block registers only possess synchronous reset capability.  It is suggested to recode or change these registers to remove the reset or use a synchronous reset to get the best optimization for performance, power and area.
Related violations: <none>

DPIR-1#103 Warning
Asynchronous driver check  
DSP u_i/y2_int2 input pin u_i/y2_int2/A[16] is connected to registers with an asynchronous reset. This is preventing the possibility of merging these registers in to the DSP Block since the DSP block registers only possess synchronous reset capability.  It is suggested to recode or change these registers to remove the reset or use a synchronous reset to get the best optimization for performance, power and area.
Related violations: <none>

DPIR-1#104 Warning
Asynchronous driver check  
DSP u_i/y2_int2 input pin u_i/y2_int2/A[17] is connected to registers with an asynchronous reset. This is preventing the possibility of merging these registers in to the DSP Block since the DSP block registers only possess synchronous reset capability.  It is suggested to recode or change these registers to remove the reset or use a synchronous reset to get the best optimization for performance, power and area.
Related violations: <none>

DPIR-1#105 Warning
Asynchronous driver check  
DSP u_i/y2_int2 input pin u_i/y2_int2/A[18] is connected to registers with an asynchronous reset. This is preventing the possibility of merging these registers in to the DSP Block since the DSP block registers only possess synchronous reset capability.  It is suggested to recode or change these registers to remove the reset or use a synchronous reset to get the best optimization for performance, power and area.
Related violations: <none>

DPIR-1#106 Warning
Asynchronous driver check  
DSP u_i/y2_int2 input pin u_i/y2_int2/A[19] is connected to registers with an asynchronous reset. This is preventing the possibility of merging these registers in to the DSP Block since the DSP block registers only possess synchronous reset capability.  It is suggested to recode or change these registers to remove the reset or use a synchronous reset to get the best optimization for performance, power and area.
Related violations: <none>

DPIR-1#107 Warning
Asynchronous driver check  
DSP u_i/y2_int2 input pin u_i/y2_int2/A[1] is connected to registers with an asynchronous reset. This is preventing the possibility of merging these registers in to the DSP Block since the DSP block registers only possess synchronous reset capability.  It is suggested to recode or change these registers to remove the reset or use a synchronous reset to get the best optimization for performance, power and area.
Related violations: <none>

DPIR-1#108 Warning
Asynchronous driver check  
DSP u_i/y2_int2 input pin u_i/y2_int2/A[20] is connected to registers with an asynchronous reset. This is preventing the possibility of merging these registers in to the DSP Block since the DSP block registers only possess synchronous reset capability.  It is suggested to recode or change these registers to remove the reset or use a synchronous reset to get the best optimization for performance, power and area.
Related violations: <none>

DPIR-1#109 Warning
Asynchronous driver check  
DSP u_i/y2_int2 input pin u_i/y2_int2/A[21] is connected to registers with an asynchronous reset. This is preventing the possibility of merging these registers in to the DSP Block since the DSP block registers only possess synchronous reset capability.  It is suggested to recode or change these registers to remove the reset or use a synchronous reset to get the best optimization for performance, power and area.
Related violations: <none>

DPIR-1#110 Warning
Asynchronous driver check  
DSP u_i/y2_int2 input pin u_i/y2_int2/A[22] is connected to registers with an asynchronous reset. This is preventing the possibility of merging these registers in to the DSP Block since the DSP block registers only possess synchronous reset capability.  It is suggested to recode or change these registers to remove the reset or use a synchronous reset to get the best optimization for performance, power and area.
Related violations: <none>

DPIR-1#111 Warning
Asynchronous driver check  
DSP u_i/y2_int2 input pin u_i/y2_int2/A[23] is connected to registers with an asynchronous reset. This is preventing the possibility of merging these registers in to the DSP Block since the DSP block registers only possess synchronous reset capability.  It is suggested to recode or change these registers to remove the reset or use a synchronous reset to get the best optimization for performance, power and area.
Related violations: <none>

DPIR-1#112 Warning
Asynchronous driver check  
DSP u_i/y2_int2 input pin u_i/y2_int2/A[24] is connected to registers with an asynchronous reset. This is preventing the possibility of merging these registers in to the DSP Block since the DSP block registers only possess synchronous reset capability.  It is suggested to recode or change these registers to remove the reset or use a synchronous reset to get the best optimization for performance, power and area.
Related violations: <none>

DPIR-1#113 Warning
Asynchronous driver check  
DSP u_i/y2_int2 input pin u_i/y2_int2/A[25] is connected to registers with an asynchronous reset. This is preventing the possibility of merging these registers in to the DSP Block since the DSP block registers only possess synchronous reset capability.  It is suggested to recode or change these registers to remove the reset or use a synchronous reset to get the best optimization for performance, power and area.
Related violations: <none>

DPIR-1#114 Warning
Asynchronous driver check  
DSP u_i/y2_int2 input pin u_i/y2_int2/A[26] is connected to registers with an asynchronous reset. This is preventing the possibility of merging these registers in to the DSP Block since the DSP block registers only possess synchronous reset capability.  It is suggested to recode or change these registers to remove the reset or use a synchronous reset to get the best optimization for performance, power and area.
Related violations: <none>

DPIR-1#115 Warning
Asynchronous driver check  
DSP u_i/y2_int2 input pin u_i/y2_int2/A[27] is connected to registers with an asynchronous reset. This is preventing the possibility of merging these registers in to the DSP Block since the DSP block registers only possess synchronous reset capability.  It is suggested to recode or change these registers to remove the reset or use a synchronous reset to get the best optimization for performance, power and area.
Related violations: <none>

DPIR-1#116 Warning
Asynchronous driver check  
DSP u_i/y2_int2 input pin u_i/y2_int2/A[28] is connected to registers with an asynchronous reset. This is preventing the possibility of merging these registers in to the DSP Block since the DSP block registers only possess synchronous reset capability.  It is suggested to recode or change these registers to remove the reset or use a synchronous reset to get the best optimization for performance, power and area.
Related violations: <none>

DPIR-1#117 Warning
Asynchronous driver check  
DSP u_i/y2_int2 input pin u_i/y2_int2/A[29] is connected to registers with an asynchronous reset. This is preventing the possibility of merging these registers in to the DSP Block since the DSP block registers only possess synchronous reset capability.  It is suggested to recode or change these registers to remove the reset or use a synchronous reset to get the best optimization for performance, power and area.
Related violations: <none>

DPIR-1#118 Warning
Asynchronous driver check  
DSP u_i/y2_int2 input pin u_i/y2_int2/A[2] is connected to registers with an asynchronous reset. This is preventing the possibility of merging these registers in to the DSP Block since the DSP block registers only possess synchronous reset capability.  It is suggested to recode or change these registers to remove the reset or use a synchronous reset to get the best optimization for performance, power and area.
Related violations: <none>

DPIR-1#119 Warning
Asynchronous driver check  
DSP u_i/y2_int2 input pin u_i/y2_int2/A[3] is connected to registers with an asynchronous reset. This is preventing the possibility of merging these registers in to the DSP Block since the DSP block registers only possess synchronous reset capability.  It is suggested to recode or change these registers to remove the reset or use a synchronous reset to get the best optimization for performance, power and area.
Related violations: <none>

DPIR-1#120 Warning
Asynchronous driver check  
DSP u_i/y2_int2 input pin u_i/y2_int2/A[4] is connected to registers with an asynchronous reset. This is preventing the possibility of merging these registers in to the DSP Block since the DSP block registers only possess synchronous reset capability.  It is suggested to recode or change these registers to remove the reset or use a synchronous reset to get the best optimization for performance, power and area.
Related violations: <none>

DPIR-1#121 Warning
Asynchronous driver check  
DSP u_i/y2_int2 input pin u_i/y2_int2/A[5] is connected to registers with an asynchronous reset. This is preventing the possibility of merging these registers in to the DSP Block since the DSP block registers only possess synchronous reset capability.  It is suggested to recode or change these registers to remove the reset or use a synchronous reset to get the best optimization for performance, power and area.
Related violations: <none>

DPIR-1#122 Warning
Asynchronous driver check  
DSP u_i/y2_int2 input pin u_i/y2_int2/A[6] is connected to registers with an asynchronous reset. This is preventing the possibility of merging these registers in to the DSP Block since the DSP block registers only possess synchronous reset capability.  It is suggested to recode or change these registers to remove the reset or use a synchronous reset to get the best optimization for performance, power and area.
Related violations: <none>

DPIR-1#123 Warning
Asynchronous driver check  
DSP u_i/y2_int2 input pin u_i/y2_int2/A[7] is connected to registers with an asynchronous reset. This is preventing the possibility of merging these registers in to the DSP Block since the DSP block registers only possess synchronous reset capability.  It is suggested to recode or change these registers to remove the reset or use a synchronous reset to get the best optimization for performance, power and area.
Related violations: <none>

DPIR-1#124 Warning
Asynchronous driver check  
DSP u_i/y2_int2 input pin u_i/y2_int2/A[8] is connected to registers with an asynchronous reset. This is preventing the possibility of merging these registers in to the DSP Block since the DSP block registers only possess synchronous reset capability.  It is suggested to recode or change these registers to remove the reset or use a synchronous reset to get the best optimization for performance, power and area.
Related violations: <none>

DPIR-1#125 Warning
Asynchronous driver check  
DSP u_i/y2_int2 input pin u_i/y2_int2/A[9] is connected to registers with an asynchronous reset. This is preventing the possibility of merging these registers in to the DSP Block since the DSP block registers only possess synchronous reset capability.  It is suggested to recode or change these registers to remove the reset or use a synchronous reset to get the best optimization for performance, power and area.
Related violations: <none>

DPIR-1#126 Warning
Asynchronous driver check  
DSP u_i/y2_int2 input pin u_i/y2_int2/B[0] is connected to registers with an asynchronous reset. This is preventing the possibility of merging these registers in to the DSP Block since the DSP block registers only possess synchronous reset capability.  It is suggested to recode or change these registers to remove the reset or use a synchronous reset to get the best optimization for performance, power and area.
Related violations: <none>

DPIR-1#127 Warning
Asynchronous driver check  
DSP u_i/y2_int2 input pin u_i/y2_int2/B[10] is connected to registers with an asynchronous reset. This is preventing the possibility of merging these registers in to the DSP Block since the DSP block registers only possess synchronous reset capability.  It is suggested to recode or change these registers to remove the reset or use a synchronous reset to get the best optimization for performance, power and area.
Related violations: <none>

DPIR-1#128 Warning
Asynchronous driver check  
DSP u_i/y2_int2 input pin u_i/y2_int2/B[11] is connected to registers with an asynchronous reset. This is preventing the possibility of merging these registers in to the DSP Block since the DSP block registers only possess synchronous reset capability.  It is suggested to recode or change these registers to remove the reset or use a synchronous reset to get the best optimization for performance, power and area.
Related violations: <none>

DPIR-1#129 Warning
Asynchronous driver check  
DSP u_i/y2_int2 input pin u_i/y2_int2/B[12] is connected to registers with an asynchronous reset. This is preventing the possibility of merging these registers in to the DSP Block since the DSP block registers only possess synchronous reset capability.  It is suggested to recode or change these registers to remove the reset or use a synchronous reset to get the best optimization for performance, power and area.
Related violations: <none>

DPIR-1#130 Warning
Asynchronous driver check  
DSP u_i/y2_int2 input pin u_i/y2_int2/B[13] is connected to registers with an asynchronous reset. This is preventing the possibility of merging these registers in to the DSP Block since the DSP block registers only possess synchronous reset capability.  It is suggested to recode or change these registers to remove the reset or use a synchronous reset to get the best optimization for performance, power and area.
Related violations: <none>

DPIR-1#131 Warning
Asynchronous driver check  
DSP u_i/y2_int2 input pin u_i/y2_int2/B[14] is connected to registers with an asynchronous reset. This is preventing the possibility of merging these registers in to the DSP Block since the DSP block registers only possess synchronous reset capability.  It is suggested to recode or change these registers to remove the reset or use a synchronous reset to get the best optimization for performance, power and area.
Related violations: <none>

DPIR-1#132 Warning
Asynchronous driver check  
DSP u_i/y2_int2 input pin u_i/y2_int2/B[15] is connected to registers with an asynchronous reset. This is preventing the possibility of merging these registers in to the DSP Block since the DSP block registers only possess synchronous reset capability.  It is suggested to recode or change these registers to remove the reset or use a synchronous reset to get the best optimization for performance, power and area.
Related violations: <none>

DPIR-1#133 Warning
Asynchronous driver check  
DSP u_i/y2_int2 input pin u_i/y2_int2/B[16] is connected to registers with an asynchronous reset. This is preventing the possibility of merging these registers in to the DSP Block since the DSP block registers only possess synchronous reset capability.  It is suggested to recode or change these registers to remove the reset or use a synchronous reset to get the best optimization for performance, power and area.
Related violations: <none>

DPIR-1#134 Warning
Asynchronous driver check  
DSP u_i/y2_int2 input pin u_i/y2_int2/B[17] is connected to registers with an asynchronous reset. This is preventing the possibility of merging these registers in to the DSP Block since the DSP block registers only possess synchronous reset capability.  It is suggested to recode or change these registers to remove the reset or use a synchronous reset to get the best optimization for performance, power and area.
Related violations: <none>

DPIR-1#135 Warning
Asynchronous driver check  
DSP u_i/y2_int2 input pin u_i/y2_int2/B[1] is connected to registers with an asynchronous reset. This is preventing the possibility of merging these registers in to the DSP Block since the DSP block registers only possess synchronous reset capability.  It is suggested to recode or change these registers to remove the reset or use a synchronous reset to get the best optimization for performance, power and area.
Related violations: <none>

DPIR-1#136 Warning
Asynchronous driver check  
DSP u_i/y2_int2 input pin u_i/y2_int2/B[2] is connected to registers with an asynchronous reset. This is preventing the possibility of merging these registers in to the DSP Block since the DSP block registers only possess synchronous reset capability.  It is suggested to recode or change these registers to remove the reset or use a synchronous reset to get the best optimization for performance, power and area.
Related violations: <none>

DPIR-1#137 Warning
Asynchronous driver check  
DSP u_i/y2_int2 input pin u_i/y2_int2/B[3] is connected to registers with an asynchronous reset. This is preventing the possibility of merging these registers in to the DSP Block since the DSP block registers only possess synchronous reset capability.  It is suggested to recode or change these registers to remove the reset or use a synchronous reset to get the best optimization for performance, power and area.
Related violations: <none>

DPIR-1#138 Warning
Asynchronous driver check  
DSP u_i/y2_int2 input pin u_i/y2_int2/B[4] is connected to registers with an asynchronous reset. This is preventing the possibility of merging these registers in to the DSP Block since the DSP block registers only possess synchronous reset capability.  It is suggested to recode or change these registers to remove the reset or use a synchronous reset to get the best optimization for performance, power and area.
Related violations: <none>

DPIR-1#139 Warning
Asynchronous driver check  
DSP u_i/y2_int2 input pin u_i/y2_int2/B[5] is connected to registers with an asynchronous reset. This is preventing the possibility of merging these registers in to the DSP Block since the DSP block registers only possess synchronous reset capability.  It is suggested to recode or change these registers to remove the reset or use a synchronous reset to get the best optimization for performance, power and area.
Related violations: <none>

DPIR-1#140 Warning
Asynchronous driver check  
DSP u_i/y2_int2 input pin u_i/y2_int2/B[6] is connected to registers with an asynchronous reset. This is preventing the possibility of merging these registers in to the DSP Block since the DSP block registers only possess synchronous reset capability.  It is suggested to recode or change these registers to remove the reset or use a synchronous reset to get the best optimization for performance, power and area.
Related violations: <none>

DPIR-1#141 Warning
Asynchronous driver check  
DSP u_i/y2_int2 input pin u_i/y2_int2/B[7] is connected to registers with an asynchronous reset. This is preventing the possibility of merging these registers in to the DSP Block since the DSP block registers only possess synchronous reset capability.  It is suggested to recode or change these registers to remove the reset or use a synchronous reset to get the best optimization for performance, power and area.
Related violations: <none>

DPIR-1#142 Warning
Asynchronous driver check  
DSP u_i/y2_int2 input pin u_i/y2_int2/B[8] is connected to registers with an asynchronous reset. This is preventing the possibility of merging these registers in to the DSP Block since the DSP block registers only possess synchronous reset capability.  It is suggested to recode or change these registers to remove the reset or use a synchronous reset to get the best optimization for performance, power and area.
Related violations: <none>

DPIR-1#143 Warning
Asynchronous driver check  
DSP u_i/y2_int2 input pin u_i/y2_int2/B[9] is connected to registers with an asynchronous reset. This is preventing the possibility of merging these registers in to the DSP Block since the DSP block registers only possess synchronous reset capability.  It is suggested to recode or change these registers to remove the reset or use a synchronous reset to get the best optimization for performance, power and area.
Related violations: <none>

DPIR-1#144 Warning
Asynchronous driver check  
DSP u_i/y2_int2__0 input pin u_i/y2_int2__0/A[0] is connected to registers with an asynchronous reset. This is preventing the possibility of merging these registers in to the DSP Block since the DSP block registers only possess synchronous reset capability.  It is suggested to recode or change these registers to remove the reset or use a synchronous reset to get the best optimization for performance, power and area.
Related violations: <none>

DPIR-1#145 Warning
Asynchronous driver check  
DSP u_i/y2_int2__0 input pin u_i/y2_int2__0/A[10] is connected to registers with an asynchronous reset. This is preventing the possibility of merging these registers in to the DSP Block since the DSP block registers only possess synchronous reset capability.  It is suggested to recode or change these registers to remove the reset or use a synchronous reset to get the best optimization for performance, power and area.
Related violations: <none>

DPIR-1#146 Warning
Asynchronous driver check  
DSP u_i/y2_int2__0 input pin u_i/y2_int2__0/A[11] is connected to registers with an asynchronous reset. This is preventing the possibility of merging these registers in to the DSP Block since the DSP block registers only possess synchronous reset capability.  It is suggested to recode or change these registers to remove the reset or use a synchronous reset to get the best optimization for performance, power and area.
Related violations: <none>

DPIR-1#147 Warning
Asynchronous driver check  
DSP u_i/y2_int2__0 input pin u_i/y2_int2__0/A[12] is connected to registers with an asynchronous reset. This is preventing the possibility of merging these registers in to the DSP Block since the DSP block registers only possess synchronous reset capability.  It is suggested to recode or change these registers to remove the reset or use a synchronous reset to get the best optimization for performance, power and area.
Related violations: <none>

DPIR-1#148 Warning
Asynchronous driver check  
DSP u_i/y2_int2__0 input pin u_i/y2_int2__0/A[13] is connected to registers with an asynchronous reset. This is preventing the possibility of merging these registers in to the DSP Block since the DSP block registers only possess synchronous reset capability.  It is suggested to recode or change these registers to remove the reset or use a synchronous reset to get the best optimization for performance, power and area.
Related violations: <none>

DPIR-1#149 Warning
Asynchronous driver check  
DSP u_i/y2_int2__0 input pin u_i/y2_int2__0/A[14] is connected to registers with an asynchronous reset. This is preventing the possibility of merging these registers in to the DSP Block since the DSP block registers only possess synchronous reset capability.  It is suggested to recode or change these registers to remove the reset or use a synchronous reset to get the best optimization for performance, power and area.
Related violations: <none>

DPIR-1#150 Warning
Asynchronous driver check  
DSP u_i/y2_int2__0 input pin u_i/y2_int2__0/A[15] is connected to registers with an asynchronous reset. This is preventing the possibility of merging these registers in to the DSP Block since the DSP block registers only possess synchronous reset capability.  It is suggested to recode or change these registers to remove the reset or use a synchronous reset to get the best optimization for performance, power and area.
Related violations: <none>

DPIR-1#151 Warning
Asynchronous driver check  
DSP u_i/y2_int2__0 input pin u_i/y2_int2__0/A[16] is connected to registers with an asynchronous reset. This is preventing the possibility of merging these registers in to the DSP Block since the DSP block registers only possess synchronous reset capability.  It is suggested to recode or change these registers to remove the reset or use a synchronous reset to get the best optimization for performance, power and area.
Related violations: <none>

DPIR-1#152 Warning
Asynchronous driver check  
DSP u_i/y2_int2__0 input pin u_i/y2_int2__0/A[17] is connected to registers with an asynchronous reset. This is preventing the possibility of merging these registers in to the DSP Block since the DSP block registers only possess synchronous reset capability.  It is suggested to recode or change these registers to remove the reset or use a synchronous reset to get the best optimization for performance, power and area.
Related violations: <none>

DPIR-1#153 Warning
Asynchronous driver check  
DSP u_i/y2_int2__0 input pin u_i/y2_int2__0/A[18] is connected to registers with an asynchronous reset. This is preventing the possibility of merging these registers in to the DSP Block since the DSP block registers only possess synchronous reset capability.  It is suggested to recode or change these registers to remove the reset or use a synchronous reset to get the best optimization for performance, power and area.
Related violations: <none>

DPIR-1#154 Warning
Asynchronous driver check  
DSP u_i/y2_int2__0 input pin u_i/y2_int2__0/A[19] is connected to registers with an asynchronous reset. This is preventing the possibility of merging these registers in to the DSP Block since the DSP block registers only possess synchronous reset capability.  It is suggested to recode or change these registers to remove the reset or use a synchronous reset to get the best optimization for performance, power and area.
Related violations: <none>

DPIR-1#155 Warning
Asynchronous driver check  
DSP u_i/y2_int2__0 input pin u_i/y2_int2__0/A[1] is connected to registers with an asynchronous reset. This is preventing the possibility of merging these registers in to the DSP Block since the DSP block registers only possess synchronous reset capability.  It is suggested to recode or change these registers to remove the reset or use a synchronous reset to get the best optimization for performance, power and area.
Related violations: <none>

DPIR-1#156 Warning
Asynchronous driver check  
DSP u_i/y2_int2__0 input pin u_i/y2_int2__0/A[20] is connected to registers with an asynchronous reset. This is preventing the possibility of merging these registers in to the DSP Block since the DSP block registers only possess synchronous reset capability.  It is suggested to recode or change these registers to remove the reset or use a synchronous reset to get the best optimization for performance, power and area.
Related violations: <none>

DPIR-1#157 Warning
Asynchronous driver check  
DSP u_i/y2_int2__0 input pin u_i/y2_int2__0/A[21] is connected to registers with an asynchronous reset. This is preventing the possibility of merging these registers in to the DSP Block since the DSP block registers only possess synchronous reset capability.  It is suggested to recode or change these registers to remove the reset or use a synchronous reset to get the best optimization for performance, power and area.
Related violations: <none>

DPIR-1#158 Warning
Asynchronous driver check  
DSP u_i/y2_int2__0 input pin u_i/y2_int2__0/A[22] is connected to registers with an asynchronous reset. This is preventing the possibility of merging these registers in to the DSP Block since the DSP block registers only possess synchronous reset capability.  It is suggested to recode or change these registers to remove the reset or use a synchronous reset to get the best optimization for performance, power and area.
Related violations: <none>

DPIR-1#159 Warning
Asynchronous driver check  
DSP u_i/y2_int2__0 input pin u_i/y2_int2__0/A[23] is connected to registers with an asynchronous reset. This is preventing the possibility of merging these registers in to the DSP Block since the DSP block registers only possess synchronous reset capability.  It is suggested to recode or change these registers to remove the reset or use a synchronous reset to get the best optimization for performance, power and area.
Related violations: <none>

DPIR-1#160 Warning
Asynchronous driver check  
DSP u_i/y2_int2__0 input pin u_i/y2_int2__0/A[24] is connected to registers with an asynchronous reset. This is preventing the possibility of merging these registers in to the DSP Block since the DSP block registers only possess synchronous reset capability.  It is suggested to recode or change these registers to remove the reset or use a synchronous reset to get the best optimization for performance, power and area.
Related violations: <none>

DPIR-1#161 Warning
Asynchronous driver check  
DSP u_i/y2_int2__0 input pin u_i/y2_int2__0/A[25] is connected to registers with an asynchronous reset. This is preventing the possibility of merging these registers in to the DSP Block since the DSP block registers only possess synchronous reset capability.  It is suggested to recode or change these registers to remove the reset or use a synchronous reset to get the best optimization for performance, power and area.
Related violations: <none>

DPIR-1#162 Warning
Asynchronous driver check  
DSP u_i/y2_int2__0 input pin u_i/y2_int2__0/A[26] is connected to registers with an asynchronous reset. This is preventing the possibility of merging these registers in to the DSP Block since the DSP block registers only possess synchronous reset capability.  It is suggested to recode or change these registers to remove the reset or use a synchronous reset to get the best optimization for performance, power and area.
Related violations: <none>

DPIR-1#163 Warning
Asynchronous driver check  
DSP u_i/y2_int2__0 input pin u_i/y2_int2__0/A[27] is connected to registers with an asynchronous reset. This is preventing the possibility of merging these registers in to the DSP Block since the DSP block registers only possess synchronous reset capability.  It is suggested to recode or change these registers to remove the reset or use a synchronous reset to get the best optimization for performance, power and area.
Related violations: <none>

DPIR-1#164 Warning
Asynchronous driver check  
DSP u_i/y2_int2__0 input pin u_i/y2_int2__0/A[28] is connected to registers with an asynchronous reset. This is preventing the possibility of merging these registers in to the DSP Block since the DSP block registers only possess synchronous reset capability.  It is suggested to recode or change these registers to remove the reset or use a synchronous reset to get the best optimization for performance, power and area.
Related violations: <none>

DPIR-1#165 Warning
Asynchronous driver check  
DSP u_i/y2_int2__0 input pin u_i/y2_int2__0/A[29] is connected to registers with an asynchronous reset. This is preventing the possibility of merging these registers in to the DSP Block since the DSP block registers only possess synchronous reset capability.  It is suggested to recode or change these registers to remove the reset or use a synchronous reset to get the best optimization for performance, power and area.
Related violations: <none>

DPIR-1#166 Warning
Asynchronous driver check  
DSP u_i/y2_int2__0 input pin u_i/y2_int2__0/A[2] is connected to registers with an asynchronous reset. This is preventing the possibility of merging these registers in to the DSP Block since the DSP block registers only possess synchronous reset capability.  It is suggested to recode or change these registers to remove the reset or use a synchronous reset to get the best optimization for performance, power and area.
Related violations: <none>

DPIR-1#167 Warning
Asynchronous driver check  
DSP u_i/y2_int2__0 input pin u_i/y2_int2__0/A[3] is connected to registers with an asynchronous reset. This is preventing the possibility of merging these registers in to the DSP Block since the DSP block registers only possess synchronous reset capability.  It is suggested to recode or change these registers to remove the reset or use a synchronous reset to get the best optimization for performance, power and area.
Related violations: <none>

DPIR-1#168 Warning
Asynchronous driver check  
DSP u_i/y2_int2__0 input pin u_i/y2_int2__0/A[4] is connected to registers with an asynchronous reset. This is preventing the possibility of merging these registers in to the DSP Block since the DSP block registers only possess synchronous reset capability.  It is suggested to recode or change these registers to remove the reset or use a synchronous reset to get the best optimization for performance, power and area.
Related violations: <none>

DPIR-1#169 Warning
Asynchronous driver check  
DSP u_i/y2_int2__0 input pin u_i/y2_int2__0/A[5] is connected to registers with an asynchronous reset. This is preventing the possibility of merging these registers in to the DSP Block since the DSP block registers only possess synchronous reset capability.  It is suggested to recode or change these registers to remove the reset or use a synchronous reset to get the best optimization for performance, power and area.
Related violations: <none>

DPIR-1#170 Warning
Asynchronous driver check  
DSP u_i/y2_int2__0 input pin u_i/y2_int2__0/A[6] is connected to registers with an asynchronous reset. This is preventing the possibility of merging these registers in to the DSP Block since the DSP block registers only possess synchronous reset capability.  It is suggested to recode or change these registers to remove the reset or use a synchronous reset to get the best optimization for performance, power and area.
Related violations: <none>

DPIR-1#171 Warning
Asynchronous driver check  
DSP u_i/y2_int2__0 input pin u_i/y2_int2__0/A[7] is connected to registers with an asynchronous reset. This is preventing the possibility of merging these registers in to the DSP Block since the DSP block registers only possess synchronous reset capability.  It is suggested to recode or change these registers to remove the reset or use a synchronous reset to get the best optimization for performance, power and area.
Related violations: <none>

DPIR-1#172 Warning
Asynchronous driver check  
DSP u_i/y2_int2__0 input pin u_i/y2_int2__0/A[8] is connected to registers with an asynchronous reset. This is preventing the possibility of merging these registers in to the DSP Block since the DSP block registers only possess synchronous reset capability.  It is suggested to recode or change these registers to remove the reset or use a synchronous reset to get the best optimization for performance, power and area.
Related violations: <none>

DPIR-1#173 Warning
Asynchronous driver check  
DSP u_i/y2_int2__0 input pin u_i/y2_int2__0/A[9] is connected to registers with an asynchronous reset. This is preventing the possibility of merging these registers in to the DSP Block since the DSP block registers only possess synchronous reset capability.  It is suggested to recode or change these registers to remove the reset or use a synchronous reset to get the best optimization for performance, power and area.
Related violations: <none>

DPIR-1#174 Warning
Asynchronous driver check  
DSP u_i/y2_int2__0 input pin u_i/y2_int2__0/B[10] is connected to registers with an asynchronous reset. This is preventing the possibility of merging these registers in to the DSP Block since the DSP block registers only possess synchronous reset capability.  It is suggested to recode or change these registers to remove the reset or use a synchronous reset to get the best optimization for performance, power and area.
Related violations: <none>

DPIR-1#175 Warning
Asynchronous driver check  
DSP u_i/y2_int2__0 input pin u_i/y2_int2__0/B[11] is connected to registers with an asynchronous reset. This is preventing the possibility of merging these registers in to the DSP Block since the DSP block registers only possess synchronous reset capability.  It is suggested to recode or change these registers to remove the reset or use a synchronous reset to get the best optimization for performance, power and area.
Related violations: <none>

DPIR-1#176 Warning
Asynchronous driver check  
DSP u_i/y2_int2__0 input pin u_i/y2_int2__0/B[12] is connected to registers with an asynchronous reset. This is preventing the possibility of merging these registers in to the DSP Block since the DSP block registers only possess synchronous reset capability.  It is suggested to recode or change these registers to remove the reset or use a synchronous reset to get the best optimization for performance, power and area.
Related violations: <none>

DPIR-1#177 Warning
Asynchronous driver check  
DSP u_i/y2_int2__0 input pin u_i/y2_int2__0/B[13] is connected to registers with an asynchronous reset. This is preventing the possibility of merging these registers in to the DSP Block since the DSP block registers only possess synchronous reset capability.  It is suggested to recode or change these registers to remove the reset or use a synchronous reset to get the best optimization for performance, power and area.
Related violations: <none>

DPIR-1#178 Warning
Asynchronous driver check  
DSP u_i/y2_int2__0 input pin u_i/y2_int2__0/B[14] is connected to registers with an asynchronous reset. This is preventing the possibility of merging these registers in to the DSP Block since the DSP block registers only possess synchronous reset capability.  It is suggested to recode or change these registers to remove the reset or use a synchronous reset to get the best optimization for performance, power and area.
Related violations: <none>

DPIR-1#179 Warning
Asynchronous driver check  
DSP u_i/y2_int2__0 input pin u_i/y2_int2__0/B[15] is connected to registers with an asynchronous reset. This is preventing the possibility of merging these registers in to the DSP Block since the DSP block registers only possess synchronous reset capability.  It is suggested to recode or change these registers to remove the reset or use a synchronous reset to get the best optimization for performance, power and area.
Related violations: <none>

DPIR-1#180 Warning
Asynchronous driver check  
DSP u_i/y2_int2__0 input pin u_i/y2_int2__0/B[16] is connected to registers with an asynchronous reset. This is preventing the possibility of merging these registers in to the DSP Block since the DSP block registers only possess synchronous reset capability.  It is suggested to recode or change these registers to remove the reset or use a synchronous reset to get the best optimization for performance, power and area.
Related violations: <none>

DPIR-1#181 Warning
Asynchronous driver check  
DSP u_i/y2_int2__0 input pin u_i/y2_int2__0/B[17] is connected to registers with an asynchronous reset. This is preventing the possibility of merging these registers in to the DSP Block since the DSP block registers only possess synchronous reset capability.  It is suggested to recode or change these registers to remove the reset or use a synchronous reset to get the best optimization for performance, power and area.
Related violations: <none>

DPIR-1#182 Warning
Asynchronous driver check  
DSP u_i/y2_int2__0 input pin u_i/y2_int2__0/B[1] is connected to registers with an asynchronous reset. This is preventing the possibility of merging these registers in to the DSP Block since the DSP block registers only possess synchronous reset capability.  It is suggested to recode or change these registers to remove the reset or use a synchronous reset to get the best optimization for performance, power and area.
Related violations: <none>

DPIR-1#183 Warning
Asynchronous driver check  
DSP u_i/y2_int2__0 input pin u_i/y2_int2__0/B[2] is connected to registers with an asynchronous reset. This is preventing the possibility of merging these registers in to the DSP Block since the DSP block registers only possess synchronous reset capability.  It is suggested to recode or change these registers to remove the reset or use a synchronous reset to get the best optimization for performance, power and area.
Related violations: <none>

DPIR-1#184 Warning
Asynchronous driver check  
DSP u_i/y2_int2__0 input pin u_i/y2_int2__0/B[3] is connected to registers with an asynchronous reset. This is preventing the possibility of merging these registers in to the DSP Block since the DSP block registers only possess synchronous reset capability.  It is suggested to recode or change these registers to remove the reset or use a synchronous reset to get the best optimization for performance, power and area.
Related violations: <none>

DPIR-1#185 Warning
Asynchronous driver check  
DSP u_i/y2_int2__0 input pin u_i/y2_int2__0/B[4] is connected to registers with an asynchronous reset. This is preventing the possibility of merging these registers in to the DSP Block since the DSP block registers only possess synchronous reset capability.  It is suggested to recode or change these registers to remove the reset or use a synchronous reset to get the best optimization for performance, power and area.
Related violations: <none>

DPIR-1#186 Warning
Asynchronous driver check  
DSP u_i/y2_int2__0 input pin u_i/y2_int2__0/B[5] is connected to registers with an asynchronous reset. This is preventing the possibility of merging these registers in to the DSP Block since the DSP block registers only possess synchronous reset capability.  It is suggested to recode or change these registers to remove the reset or use a synchronous reset to get the best optimization for performance, power and area.
Related violations: <none>

DPIR-1#187 Warning
Asynchronous driver check  
DSP u_i/y2_int2__0 input pin u_i/y2_int2__0/B[6] is connected to registers with an asynchronous reset. This is preventing the possibility of merging these registers in to the DSP Block since the DSP block registers only possess synchronous reset capability.  It is suggested to recode or change these registers to remove the reset or use a synchronous reset to get the best optimization for performance, power and area.
Related violations: <none>

DPIR-1#188 Warning
Asynchronous driver check  
DSP u_i/y2_int2__0 input pin u_i/y2_int2__0/B[7] is connected to registers with an asynchronous reset. This is preventing the possibility of merging these registers in to the DSP Block since the DSP block registers only possess synchronous reset capability.  It is suggested to recode or change these registers to remove the reset or use a synchronous reset to get the best optimization for performance, power and area.
Related violations: <none>

DPIR-1#189 Warning
Asynchronous driver check  
DSP u_i/y2_int2__0 input pin u_i/y2_int2__0/B[8] is connected to registers with an asynchronous reset. This is preventing the possibility of merging these registers in to the DSP Block since the DSP block registers only possess synchronous reset capability.  It is suggested to recode or change these registers to remove the reset or use a synchronous reset to get the best optimization for performance, power and area.
Related violations: <none>

DPIR-1#190 Warning
Asynchronous driver check  
DSP u_i/y2_int2__0 input pin u_i/y2_int2__0/B[9] is connected to registers with an asynchronous reset. This is preventing the possibility of merging these registers in to the DSP Block since the DSP block registers only possess synchronous reset capability.  It is suggested to recode or change these registers to remove the reset or use a synchronous reset to get the best optimization for performance, power and area.
Related violations: <none>

DPIR-1#191 Warning
Asynchronous driver check  
DSP u_q/y1_int2 input pin u_q/y1_int2/A[0] is connected to registers with an asynchronous reset. This is preventing the possibility of merging these registers in to the DSP Block since the DSP block registers only possess synchronous reset capability.  It is suggested to recode or change these registers to remove the reset or use a synchronous reset to get the best optimization for performance, power and area.
Related violations: <none>

DPIR-1#192 Warning
Asynchronous driver check  
DSP u_q/y1_int2 input pin u_q/y1_int2/A[10] is connected to registers with an asynchronous reset. This is preventing the possibility of merging these registers in to the DSP Block since the DSP block registers only possess synchronous reset capability.  It is suggested to recode or change these registers to remove the reset or use a synchronous reset to get the best optimization for performance, power and area.
Related violations: <none>

DPIR-1#193 Warning
Asynchronous driver check  
DSP u_q/y1_int2 input pin u_q/y1_int2/A[11] is connected to registers with an asynchronous reset. This is preventing the possibility of merging these registers in to the DSP Block since the DSP block registers only possess synchronous reset capability.  It is suggested to recode or change these registers to remove the reset or use a synchronous reset to get the best optimization for performance, power and area.
Related violations: <none>

DPIR-1#194 Warning
Asynchronous driver check  
DSP u_q/y1_int2 input pin u_q/y1_int2/A[12] is connected to registers with an asynchronous reset. This is preventing the possibility of merging these registers in to the DSP Block since the DSP block registers only possess synchronous reset capability.  It is suggested to recode or change these registers to remove the reset or use a synchronous reset to get the best optimization for performance, power and area.
Related violations: <none>

DPIR-1#195 Warning
Asynchronous driver check  
DSP u_q/y1_int2 input pin u_q/y1_int2/A[13] is connected to registers with an asynchronous reset. This is preventing the possibility of merging these registers in to the DSP Block since the DSP block registers only possess synchronous reset capability.  It is suggested to recode or change these registers to remove the reset or use a synchronous reset to get the best optimization for performance, power and area.
Related violations: <none>

DPIR-1#196 Warning
Asynchronous driver check  
DSP u_q/y1_int2 input pin u_q/y1_int2/A[14] is connected to registers with an asynchronous reset. This is preventing the possibility of merging these registers in to the DSP Block since the DSP block registers only possess synchronous reset capability.  It is suggested to recode or change these registers to remove the reset or use a synchronous reset to get the best optimization for performance, power and area.
Related violations: <none>

DPIR-1#197 Warning
Asynchronous driver check  
DSP u_q/y1_int2 input pin u_q/y1_int2/A[15] is connected to registers with an asynchronous reset. This is preventing the possibility of merging these registers in to the DSP Block since the DSP block registers only possess synchronous reset capability.  It is suggested to recode or change these registers to remove the reset or use a synchronous reset to get the best optimization for performance, power and area.
Related violations: <none>

DPIR-1#198 Warning
Asynchronous driver check  
DSP u_q/y1_int2 input pin u_q/y1_int2/A[16] is connected to registers with an asynchronous reset. This is preventing the possibility of merging these registers in to the DSP Block since the DSP block registers only possess synchronous reset capability.  It is suggested to recode or change these registers to remove the reset or use a synchronous reset to get the best optimization for performance, power and area.
Related violations: <none>

DPIR-1#199 Warning
Asynchronous driver check  
DSP u_q/y1_int2 input pin u_q/y1_int2/A[17] is connected to registers with an asynchronous reset. This is preventing the possibility of merging these registers in to the DSP Block since the DSP block registers only possess synchronous reset capability.  It is suggested to recode or change these registers to remove the reset or use a synchronous reset to get the best optimization for performance, power and area.
Related violations: <none>

DPIR-1#200 Warning
Asynchronous driver check  
DSP u_q/y1_int2 input pin u_q/y1_int2/A[18] is connected to registers with an asynchronous reset. This is preventing the possibility of merging these registers in to the DSP Block since the DSP block registers only possess synchronous reset capability.  It is suggested to recode or change these registers to remove the reset or use a synchronous reset to get the best optimization for performance, power and area.
Related violations: <none>

DPIR-1#201 Warning
Asynchronous driver check  
DSP u_q/y1_int2 input pin u_q/y1_int2/A[19] is connected to registers with an asynchronous reset. This is preventing the possibility of merging these registers in to the DSP Block since the DSP block registers only possess synchronous reset capability.  It is suggested to recode or change these registers to remove the reset or use a synchronous reset to get the best optimization for performance, power and area.
Related violations: <none>

DPIR-1#202 Warning
Asynchronous driver check  
DSP u_q/y1_int2 input pin u_q/y1_int2/A[1] is connected to registers with an asynchronous reset. This is preventing the possibility of merging these registers in to the DSP Block since the DSP block registers only possess synchronous reset capability.  It is suggested to recode or change these registers to remove the reset or use a synchronous reset to get the best optimization for performance, power and area.
Related violations: <none>

DPIR-1#203 Warning
Asynchronous driver check  
DSP u_q/y1_int2 input pin u_q/y1_int2/A[20] is connected to registers with an asynchronous reset. This is preventing the possibility of merging these registers in to the DSP Block since the DSP block registers only possess synchronous reset capability.  It is suggested to recode or change these registers to remove the reset or use a synchronous reset to get the best optimization for performance, power and area.
Related violations: <none>

DPIR-1#204 Warning
Asynchronous driver check  
DSP u_q/y1_int2 input pin u_q/y1_int2/A[21] is connected to registers with an asynchronous reset. This is preventing the possibility of merging these registers in to the DSP Block since the DSP block registers only possess synchronous reset capability.  It is suggested to recode or change these registers to remove the reset or use a synchronous reset to get the best optimization for performance, power and area.
Related violations: <none>

DPIR-1#205 Warning
Asynchronous driver check  
DSP u_q/y1_int2 input pin u_q/y1_int2/A[22] is connected to registers with an asynchronous reset. This is preventing the possibility of merging these registers in to the DSP Block since the DSP block registers only possess synchronous reset capability.  It is suggested to recode or change these registers to remove the reset or use a synchronous reset to get the best optimization for performance, power and area.
Related violations: <none>

DPIR-1#206 Warning
Asynchronous driver check  
DSP u_q/y1_int2 input pin u_q/y1_int2/A[23] is connected to registers with an asynchronous reset. This is preventing the possibility of merging these registers in to the DSP Block since the DSP block registers only possess synchronous reset capability.  It is suggested to recode or change these registers to remove the reset or use a synchronous reset to get the best optimization for performance, power and area.
Related violations: <none>

DPIR-1#207 Warning
Asynchronous driver check  
DSP u_q/y1_int2 input pin u_q/y1_int2/A[24] is connected to registers with an asynchronous reset. This is preventing the possibility of merging these registers in to the DSP Block since the DSP block registers only possess synchronous reset capability.  It is suggested to recode or change these registers to remove the reset or use a synchronous reset to get the best optimization for performance, power and area.
Related violations: <none>

DPIR-1#208 Warning
Asynchronous driver check  
DSP u_q/y1_int2 input pin u_q/y1_int2/A[25] is connected to registers with an asynchronous reset. This is preventing the possibility of merging these registers in to the DSP Block since the DSP block registers only possess synchronous reset capability.  It is suggested to recode or change these registers to remove the reset or use a synchronous reset to get the best optimization for performance, power and area.
Related violations: <none>

DPIR-1#209 Warning
Asynchronous driver check  
DSP u_q/y1_int2 input pin u_q/y1_int2/A[26] is connected to registers with an asynchronous reset. This is preventing the possibility of merging these registers in to the DSP Block since the DSP block registers only possess synchronous reset capability.  It is suggested to recode or change these registers to remove the reset or use a synchronous reset to get the best optimization for performance, power and area.
Related violations: <none>

DPIR-1#210 Warning
Asynchronous driver check  
DSP u_q/y1_int2 input pin u_q/y1_int2/A[27] is connected to registers with an asynchronous reset. This is preventing the possibility of merging these registers in to the DSP Block since the DSP block registers only possess synchronous reset capability.  It is suggested to recode or change these registers to remove the reset or use a synchronous reset to get the best optimization for performance, power and area.
Related violations: <none>

DPIR-1#211 Warning
Asynchronous driver check  
DSP u_q/y1_int2 input pin u_q/y1_int2/A[28] is connected to registers with an asynchronous reset. This is preventing the possibility of merging these registers in to the DSP Block since the DSP block registers only possess synchronous reset capability.  It is suggested to recode or change these registers to remove the reset or use a synchronous reset to get the best optimization for performance, power and area.
Related violations: <none>

DPIR-1#212 Warning
Asynchronous driver check  
DSP u_q/y1_int2 input pin u_q/y1_int2/A[29] is connected to registers with an asynchronous reset. This is preventing the possibility of merging these registers in to the DSP Block since the DSP block registers only possess synchronous reset capability.  It is suggested to recode or change these registers to remove the reset or use a synchronous reset to get the best optimization for performance, power and area.
Related violations: <none>

DPIR-1#213 Warning
Asynchronous driver check  
DSP u_q/y1_int2 input pin u_q/y1_int2/A[2] is connected to registers with an asynchronous reset. This is preventing the possibility of merging these registers in to the DSP Block since the DSP block registers only possess synchronous reset capability.  It is suggested to recode or change these registers to remove the reset or use a synchronous reset to get the best optimization for performance, power and area.
Related violations: <none>

DPIR-1#214 Warning
Asynchronous driver check  
DSP u_q/y1_int2 input pin u_q/y1_int2/A[3] is connected to registers with an asynchronous reset. This is preventing the possibility of merging these registers in to the DSP Block since the DSP block registers only possess synchronous reset capability.  It is suggested to recode or change these registers to remove the reset or use a synchronous reset to get the best optimization for performance, power and area.
Related violations: <none>

DPIR-1#215 Warning
Asynchronous driver check  
DSP u_q/y1_int2 input pin u_q/y1_int2/A[4] is connected to registers with an asynchronous reset. This is preventing the possibility of merging these registers in to the DSP Block since the DSP block registers only possess synchronous reset capability.  It is suggested to recode or change these registers to remove the reset or use a synchronous reset to get the best optimization for performance, power and area.
Related violations: <none>

DPIR-1#216 Warning
Asynchronous driver check  
DSP u_q/y1_int2 input pin u_q/y1_int2/A[5] is connected to registers with an asynchronous reset. This is preventing the possibility of merging these registers in to the DSP Block since the DSP block registers only possess synchronous reset capability.  It is suggested to recode or change these registers to remove the reset or use a synchronous reset to get the best optimization for performance, power and area.
Related violations: <none>

DPIR-1#217 Warning
Asynchronous driver check  
DSP u_q/y1_int2 input pin u_q/y1_int2/A[6] is connected to registers with an asynchronous reset. This is preventing the possibility of merging these registers in to the DSP Block since the DSP block registers only possess synchronous reset capability.  It is suggested to recode or change these registers to remove the reset or use a synchronous reset to get the best optimization for performance, power and area.
Related violations: <none>

DPIR-1#218 Warning
Asynchronous driver check  
DSP u_q/y1_int2 input pin u_q/y1_int2/A[7] is connected to registers with an asynchronous reset. This is preventing the possibility of merging these registers in to the DSP Block since the DSP block registers only possess synchronous reset capability.  It is suggested to recode or change these registers to remove the reset or use a synchronous reset to get the best optimization for performance, power and area.
Related violations: <none>

DPIR-1#219 Warning
Asynchronous driver check  
DSP u_q/y1_int2 input pin u_q/y1_int2/A[8] is connected to registers with an asynchronous reset. This is preventing the possibility of merging these registers in to the DSP Block since the DSP block registers only possess synchronous reset capability.  It is suggested to recode or change these registers to remove the reset or use a synchronous reset to get the best optimization for performance, power and area.
Related violations: <none>

DPIR-1#220 Warning
Asynchronous driver check  
DSP u_q/y1_int2 input pin u_q/y1_int2/A[9] is connected to registers with an asynchronous reset. This is preventing the possibility of merging these registers in to the DSP Block since the DSP block registers only possess synchronous reset capability.  It is suggested to recode or change these registers to remove the reset or use a synchronous reset to get the best optimization for performance, power and area.
Related violations: <none>

DPIR-1#221 Warning
Asynchronous driver check  
DSP u_q/y1_int2 input pin u_q/y1_int2/B[0] is connected to registers with an asynchronous reset. This is preventing the possibility of merging these registers in to the DSP Block since the DSP block registers only possess synchronous reset capability.  It is suggested to recode or change these registers to remove the reset or use a synchronous reset to get the best optimization for performance, power and area.
Related violations: <none>

DPIR-1#222 Warning
Asynchronous driver check  
DSP u_q/y1_int2 input pin u_q/y1_int2/B[10] is connected to registers with an asynchronous reset. This is preventing the possibility of merging these registers in to the DSP Block since the DSP block registers only possess synchronous reset capability.  It is suggested to recode or change these registers to remove the reset or use a synchronous reset to get the best optimization for performance, power and area.
Related violations: <none>

DPIR-1#223 Warning
Asynchronous driver check  
DSP u_q/y1_int2 input pin u_q/y1_int2/B[11] is connected to registers with an asynchronous reset. This is preventing the possibility of merging these registers in to the DSP Block since the DSP block registers only possess synchronous reset capability.  It is suggested to recode or change these registers to remove the reset or use a synchronous reset to get the best optimization for performance, power and area.
Related violations: <none>

DPIR-1#224 Warning
Asynchronous driver check  
DSP u_q/y1_int2 input pin u_q/y1_int2/B[12] is connected to registers with an asynchronous reset. This is preventing the possibility of merging these registers in to the DSP Block since the DSP block registers only possess synchronous reset capability.  It is suggested to recode or change these registers to remove the reset or use a synchronous reset to get the best optimization for performance, power and area.
Related violations: <none>

DPIR-1#225 Warning
Asynchronous driver check  
DSP u_q/y1_int2 input pin u_q/y1_int2/B[13] is connected to registers with an asynchronous reset. This is preventing the possibility of merging these registers in to the DSP Block since the DSP block registers only possess synchronous reset capability.  It is suggested to recode or change these registers to remove the reset or use a synchronous reset to get the best optimization for performance, power and area.
Related violations: <none>

DPIR-1#226 Warning
Asynchronous driver check  
DSP u_q/y1_int2 input pin u_q/y1_int2/B[14] is connected to registers with an asynchronous reset. This is preventing the possibility of merging these registers in to the DSP Block since the DSP block registers only possess synchronous reset capability.  It is suggested to recode or change these registers to remove the reset or use a synchronous reset to get the best optimization for performance, power and area.
Related violations: <none>

DPIR-1#227 Warning
Asynchronous driver check  
DSP u_q/y1_int2 input pin u_q/y1_int2/B[15] is connected to registers with an asynchronous reset. This is preventing the possibility of merging these registers in to the DSP Block since the DSP block registers only possess synchronous reset capability.  It is suggested to recode or change these registers to remove the reset or use a synchronous reset to get the best optimization for performance, power and area.
Related violations: <none>

DPIR-1#228 Warning
Asynchronous driver check  
DSP u_q/y1_int2 input pin u_q/y1_int2/B[16] is connected to registers with an asynchronous reset. This is preventing the possibility of merging these registers in to the DSP Block since the DSP block registers only possess synchronous reset capability.  It is suggested to recode or change these registers to remove the reset or use a synchronous reset to get the best optimization for performance, power and area.
Related violations: <none>

DPIR-1#229 Warning
Asynchronous driver check  
DSP u_q/y1_int2 input pin u_q/y1_int2/B[17] is connected to registers with an asynchronous reset. This is preventing the possibility of merging these registers in to the DSP Block since the DSP block registers only possess synchronous reset capability.  It is suggested to recode or change these registers to remove the reset or use a synchronous reset to get the best optimization for performance, power and area.
Related violations: <none>

DPIR-1#230 Warning
Asynchronous driver check  
DSP u_q/y1_int2 input pin u_q/y1_int2/B[1] is connected to registers with an asynchronous reset. This is preventing the possibility of merging these registers in to the DSP Block since the DSP block registers only possess synchronous reset capability.  It is suggested to recode or change these registers to remove the reset or use a synchronous reset to get the best optimization for performance, power and area.
Related violations: <none>

DPIR-1#231 Warning
Asynchronous driver check  
DSP u_q/y1_int2 input pin u_q/y1_int2/B[2] is connected to registers with an asynchronous reset. This is preventing the possibility of merging these registers in to the DSP Block since the DSP block registers only possess synchronous reset capability.  It is suggested to recode or change these registers to remove the reset or use a synchronous reset to get the best optimization for performance, power and area.
Related violations: <none>

DPIR-1#232 Warning
Asynchronous driver check  
DSP u_q/y1_int2 input pin u_q/y1_int2/B[3] is connected to registers with an asynchronous reset. This is preventing the possibility of merging these registers in to the DSP Block since the DSP block registers only possess synchronous reset capability.  It is suggested to recode or change these registers to remove the reset or use a synchronous reset to get the best optimization for performance, power and area.
Related violations: <none>

DPIR-1#233 Warning
Asynchronous driver check  
DSP u_q/y1_int2 input pin u_q/y1_int2/B[4] is connected to registers with an asynchronous reset. This is preventing the possibility of merging these registers in to the DSP Block since the DSP block registers only possess synchronous reset capability.  It is suggested to recode or change these registers to remove the reset or use a synchronous reset to get the best optimization for performance, power and area.
Related violations: <none>

DPIR-1#234 Warning
Asynchronous driver check  
DSP u_q/y1_int2 input pin u_q/y1_int2/B[5] is connected to registers with an asynchronous reset. This is preventing the possibility of merging these registers in to the DSP Block since the DSP block registers only possess synchronous reset capability.  It is suggested to recode or change these registers to remove the reset or use a synchronous reset to get the best optimization for performance, power and area.
Related violations: <none>

DPIR-1#235 Warning
Asynchronous driver check  
DSP u_q/y1_int2 input pin u_q/y1_int2/B[6] is connected to registers with an asynchronous reset. This is preventing the possibility of merging these registers in to the DSP Block since the DSP block registers only possess synchronous reset capability.  It is suggested to recode or change these registers to remove the reset or use a synchronous reset to get the best optimization for performance, power and area.
Related violations: <none>

DPIR-1#236 Warning
Asynchronous driver check  
DSP u_q/y1_int2 input pin u_q/y1_int2/B[7] is connected to registers with an asynchronous reset. This is preventing the possibility of merging these registers in to the DSP Block since the DSP block registers only possess synchronous reset capability.  It is suggested to recode or change these registers to remove the reset or use a synchronous reset to get the best optimization for performance, power and area.
Related violations: <none>

DPIR-1#237 Warning
Asynchronous driver check  
DSP u_q/y1_int2 input pin u_q/y1_int2/B[8] is connected to registers with an asynchronous reset. This is preventing the possibility of merging these registers in to the DSP Block since the DSP block registers only possess synchronous reset capability.  It is suggested to recode or change these registers to remove the reset or use a synchronous reset to get the best optimization for performance, power and area.
Related violations: <none>

DPIR-1#238 Warning
Asynchronous driver check  
DSP u_q/y1_int2 input pin u_q/y1_int2/B[9] is connected to registers with an asynchronous reset. This is preventing the possibility of merging these registers in to the DSP Block since the DSP block registers only possess synchronous reset capability.  It is suggested to recode or change these registers to remove the reset or use a synchronous reset to get the best optimization for performance, power and area.
Related violations: <none>

DPIR-1#239 Warning
Asynchronous driver check  
DSP u_q/y1_int2__0 input pin u_q/y1_int2__0/A[0] is connected to registers with an asynchronous reset. This is preventing the possibility of merging these registers in to the DSP Block since the DSP block registers only possess synchronous reset capability.  It is suggested to recode or change these registers to remove the reset or use a synchronous reset to get the best optimization for performance, power and area.
Related violations: <none>

DPIR-1#240 Warning
Asynchronous driver check  
DSP u_q/y1_int2__0 input pin u_q/y1_int2__0/A[10] is connected to registers with an asynchronous reset. This is preventing the possibility of merging these registers in to the DSP Block since the DSP block registers only possess synchronous reset capability.  It is suggested to recode or change these registers to remove the reset or use a synchronous reset to get the best optimization for performance, power and area.
Related violations: <none>

DPIR-1#241 Warning
Asynchronous driver check  
DSP u_q/y1_int2__0 input pin u_q/y1_int2__0/A[11] is connected to registers with an asynchronous reset. This is preventing the possibility of merging these registers in to the DSP Block since the DSP block registers only possess synchronous reset capability.  It is suggested to recode or change these registers to remove the reset or use a synchronous reset to get the best optimization for performance, power and area.
Related violations: <none>

DPIR-1#242 Warning
Asynchronous driver check  
DSP u_q/y1_int2__0 input pin u_q/y1_int2__0/A[12] is connected to registers with an asynchronous reset. This is preventing the possibility of merging these registers in to the DSP Block since the DSP block registers only possess synchronous reset capability.  It is suggested to recode or change these registers to remove the reset or use a synchronous reset to get the best optimization for performance, power and area.
Related violations: <none>

DPIR-1#243 Warning
Asynchronous driver check  
DSP u_q/y1_int2__0 input pin u_q/y1_int2__0/A[13] is connected to registers with an asynchronous reset. This is preventing the possibility of merging these registers in to the DSP Block since the DSP block registers only possess synchronous reset capability.  It is suggested to recode or change these registers to remove the reset or use a synchronous reset to get the best optimization for performance, power and area.
Related violations: <none>

DPIR-1#244 Warning
Asynchronous driver check  
DSP u_q/y1_int2__0 input pin u_q/y1_int2__0/A[14] is connected to registers with an asynchronous reset. This is preventing the possibility of merging these registers in to the DSP Block since the DSP block registers only possess synchronous reset capability.  It is suggested to recode or change these registers to remove the reset or use a synchronous reset to get the best optimization for performance, power and area.
Related violations: <none>

DPIR-1#245 Warning
Asynchronous driver check  
DSP u_q/y1_int2__0 input pin u_q/y1_int2__0/A[15] is connected to registers with an asynchronous reset. This is preventing the possibility of merging these registers in to the DSP Block since the DSP block registers only possess synchronous reset capability.  It is suggested to recode or change these registers to remove the reset or use a synchronous reset to get the best optimization for performance, power and area.
Related violations: <none>

DPIR-1#246 Warning
Asynchronous driver check  
DSP u_q/y1_int2__0 input pin u_q/y1_int2__0/A[16] is connected to registers with an asynchronous reset. This is preventing the possibility of merging these registers in to the DSP Block since the DSP block registers only possess synchronous reset capability.  It is suggested to recode or change these registers to remove the reset or use a synchronous reset to get the best optimization for performance, power and area.
Related violations: <none>

DPIR-1#247 Warning
Asynchronous driver check  
DSP u_q/y1_int2__0 input pin u_q/y1_int2__0/A[17] is connected to registers with an asynchronous reset. This is preventing the possibility of merging these registers in to the DSP Block since the DSP block registers only possess synchronous reset capability.  It is suggested to recode or change these registers to remove the reset or use a synchronous reset to get the best optimization for performance, power and area.
Related violations: <none>

DPIR-1#248 Warning
Asynchronous driver check  
DSP u_q/y1_int2__0 input pin u_q/y1_int2__0/A[18] is connected to registers with an asynchronous reset. This is preventing the possibility of merging these registers in to the DSP Block since the DSP block registers only possess synchronous reset capability.  It is suggested to recode or change these registers to remove the reset or use a synchronous reset to get the best optimization for performance, power and area.
Related violations: <none>

DPIR-1#249 Warning
Asynchronous driver check  
DSP u_q/y1_int2__0 input pin u_q/y1_int2__0/A[19] is connected to registers with an asynchronous reset. This is preventing the possibility of merging these registers in to the DSP Block since the DSP block registers only possess synchronous reset capability.  It is suggested to recode or change these registers to remove the reset or use a synchronous reset to get the best optimization for performance, power and area.
Related violations: <none>

DPIR-1#250 Warning
Asynchronous driver check  
DSP u_q/y1_int2__0 input pin u_q/y1_int2__0/A[1] is connected to registers with an asynchronous reset. This is preventing the possibility of merging these registers in to the DSP Block since the DSP block registers only possess synchronous reset capability.  It is suggested to recode or change these registers to remove the reset or use a synchronous reset to get the best optimization for performance, power and area.
Related violations: <none>

DPIR-1#251 Warning
Asynchronous driver check  
DSP u_q/y1_int2__0 input pin u_q/y1_int2__0/A[20] is connected to registers with an asynchronous reset. This is preventing the possibility of merging these registers in to the DSP Block since the DSP block registers only possess synchronous reset capability.  It is suggested to recode or change these registers to remove the reset or use a synchronous reset to get the best optimization for performance, power and area.
Related violations: <none>

DPIR-1#252 Warning
Asynchronous driver check  
DSP u_q/y1_int2__0 input pin u_q/y1_int2__0/A[21] is connected to registers with an asynchronous reset. This is preventing the possibility of merging these registers in to the DSP Block since the DSP block registers only possess synchronous reset capability.  It is suggested to recode or change these registers to remove the reset or use a synchronous reset to get the best optimization for performance, power and area.
Related violations: <none>

DPIR-1#253 Warning
Asynchronous driver check  
DSP u_q/y1_int2__0 input pin u_q/y1_int2__0/A[22] is connected to registers with an asynchronous reset. This is preventing the possibility of merging these registers in to the DSP Block since the DSP block registers only possess synchronous reset capability.  It is suggested to recode or change these registers to remove the reset or use a synchronous reset to get the best optimization for performance, power and area.
Related violations: <none>

DPIR-1#254 Warning
Asynchronous driver check  
DSP u_q/y1_int2__0 input pin u_q/y1_int2__0/A[23] is connected to registers with an asynchronous reset. This is preventing the possibility of merging these registers in to the DSP Block since the DSP block registers only possess synchronous reset capability.  It is suggested to recode or change these registers to remove the reset or use a synchronous reset to get the best optimization for performance, power and area.
Related violations: <none>

DPIR-1#255 Warning
Asynchronous driver check  
DSP u_q/y1_int2__0 input pin u_q/y1_int2__0/A[24] is connected to registers with an asynchronous reset. This is preventing the possibility of merging these registers in to the DSP Block since the DSP block registers only possess synchronous reset capability.  It is suggested to recode or change these registers to remove the reset or use a synchronous reset to get the best optimization for performance, power and area.
Related violations: <none>

DPIR-1#256 Warning
Asynchronous driver check  
DSP u_q/y1_int2__0 input pin u_q/y1_int2__0/A[25] is connected to registers with an asynchronous reset. This is preventing the possibility of merging these registers in to the DSP Block since the DSP block registers only possess synchronous reset capability.  It is suggested to recode or change these registers to remove the reset or use a synchronous reset to get the best optimization for performance, power and area.
Related violations: <none>

DPIR-1#257 Warning
Asynchronous driver check  
DSP u_q/y1_int2__0 input pin u_q/y1_int2__0/A[26] is connected to registers with an asynchronous reset. This is preventing the possibility of merging these registers in to the DSP Block since the DSP block registers only possess synchronous reset capability.  It is suggested to recode or change these registers to remove the reset or use a synchronous reset to get the best optimization for performance, power and area.
Related violations: <none>

DPIR-1#258 Warning
Asynchronous driver check  
DSP u_q/y1_int2__0 input pin u_q/y1_int2__0/A[27] is connected to registers with an asynchronous reset. This is preventing the possibility of merging these registers in to the DSP Block since the DSP block registers only possess synchronous reset capability.  It is suggested to recode or change these registers to remove the reset or use a synchronous reset to get the best optimization for performance, power and area.
Related violations: <none>

DPIR-1#259 Warning
Asynchronous driver check  
DSP u_q/y1_int2__0 input pin u_q/y1_int2__0/A[28] is connected to registers with an asynchronous reset. This is preventing the possibility of merging these registers in to the DSP Block since the DSP block registers only possess synchronous reset capability.  It is suggested to recode or change these registers to remove the reset or use a synchronous reset to get the best optimization for performance, power and area.
Related violations: <none>

DPIR-1#260 Warning
Asynchronous driver check  
DSP u_q/y1_int2__0 input pin u_q/y1_int2__0/A[29] is connected to registers with an asynchronous reset. This is preventing the possibility of merging these registers in to the DSP Block since the DSP block registers only possess synchronous reset capability.  It is suggested to recode or change these registers to remove the reset or use a synchronous reset to get the best optimization for performance, power and area.
Related violations: <none>

DPIR-1#261 Warning
Asynchronous driver check  
DSP u_q/y1_int2__0 input pin u_q/y1_int2__0/A[2] is connected to registers with an asynchronous reset. This is preventing the possibility of merging these registers in to the DSP Block since the DSP block registers only possess synchronous reset capability.  It is suggested to recode or change these registers to remove the reset or use a synchronous reset to get the best optimization for performance, power and area.
Related violations: <none>

DPIR-1#262 Warning
Asynchronous driver check  
DSP u_q/y1_int2__0 input pin u_q/y1_int2__0/A[3] is connected to registers with an asynchronous reset. This is preventing the possibility of merging these registers in to the DSP Block since the DSP block registers only possess synchronous reset capability.  It is suggested to recode or change these registers to remove the reset or use a synchronous reset to get the best optimization for performance, power and area.
Related violations: <none>

DPIR-1#263 Warning
Asynchronous driver check  
DSP u_q/y1_int2__0 input pin u_q/y1_int2__0/A[4] is connected to registers with an asynchronous reset. This is preventing the possibility of merging these registers in to the DSP Block since the DSP block registers only possess synchronous reset capability.  It is suggested to recode or change these registers to remove the reset or use a synchronous reset to get the best optimization for performance, power and area.
Related violations: <none>

DPIR-1#264 Warning
Asynchronous driver check  
DSP u_q/y1_int2__0 input pin u_q/y1_int2__0/A[5] is connected to registers with an asynchronous reset. This is preventing the possibility of merging these registers in to the DSP Block since the DSP block registers only possess synchronous reset capability.  It is suggested to recode or change these registers to remove the reset or use a synchronous reset to get the best optimization for performance, power and area.
Related violations: <none>

DPIR-1#265 Warning
Asynchronous driver check  
DSP u_q/y1_int2__0 input pin u_q/y1_int2__0/A[6] is connected to registers with an asynchronous reset. This is preventing the possibility of merging these registers in to the DSP Block since the DSP block registers only possess synchronous reset capability.  It is suggested to recode or change these registers to remove the reset or use a synchronous reset to get the best optimization for performance, power and area.
Related violations: <none>

DPIR-1#266 Warning
Asynchronous driver check  
DSP u_q/y1_int2__0 input pin u_q/y1_int2__0/A[7] is connected to registers with an asynchronous reset. This is preventing the possibility of merging these registers in to the DSP Block since the DSP block registers only possess synchronous reset capability.  It is suggested to recode or change these registers to remove the reset or use a synchronous reset to get the best optimization for performance, power and area.
Related violations: <none>

DPIR-1#267 Warning
Asynchronous driver check  
DSP u_q/y1_int2__0 input pin u_q/y1_int2__0/A[8] is connected to registers with an asynchronous reset. This is preventing the possibility of merging these registers in to the DSP Block since the DSP block registers only possess synchronous reset capability.  It is suggested to recode or change these registers to remove the reset or use a synchronous reset to get the best optimization for performance, power and area.
Related violations: <none>

DPIR-1#268 Warning
Asynchronous driver check  
DSP u_q/y1_int2__0 input pin u_q/y1_int2__0/A[9] is connected to registers with an asynchronous reset. This is preventing the possibility of merging these registers in to the DSP Block since the DSP block registers only possess synchronous reset capability.  It is suggested to recode or change these registers to remove the reset or use a synchronous reset to get the best optimization for performance, power and area.
Related violations: <none>

DPIR-1#269 Warning
Asynchronous driver check  
DSP u_q/y1_int2__0 input pin u_q/y1_int2__0/B[10] is connected to registers with an asynchronous reset. This is preventing the possibility of merging these registers in to the DSP Block since the DSP block registers only possess synchronous reset capability.  It is suggested to recode or change these registers to remove the reset or use a synchronous reset to get the best optimization for performance, power and area.
Related violations: <none>

DPIR-1#270 Warning
Asynchronous driver check  
DSP u_q/y1_int2__0 input pin u_q/y1_int2__0/B[11] is connected to registers with an asynchronous reset. This is preventing the possibility of merging these registers in to the DSP Block since the DSP block registers only possess synchronous reset capability.  It is suggested to recode or change these registers to remove the reset or use a synchronous reset to get the best optimization for performance, power and area.
Related violations: <none>

DPIR-1#271 Warning
Asynchronous driver check  
DSP u_q/y1_int2__0 input pin u_q/y1_int2__0/B[12] is connected to registers with an asynchronous reset. This is preventing the possibility of merging these registers in to the DSP Block since the DSP block registers only possess synchronous reset capability.  It is suggested to recode or change these registers to remove the reset or use a synchronous reset to get the best optimization for performance, power and area.
Related violations: <none>

DPIR-1#272 Warning
Asynchronous driver check  
DSP u_q/y1_int2__0 input pin u_q/y1_int2__0/B[13] is connected to registers with an asynchronous reset. This is preventing the possibility of merging these registers in to the DSP Block since the DSP block registers only possess synchronous reset capability.  It is suggested to recode or change these registers to remove the reset or use a synchronous reset to get the best optimization for performance, power and area.
Related violations: <none>

DPIR-1#273 Warning
Asynchronous driver check  
DSP u_q/y1_int2__0 input pin u_q/y1_int2__0/B[14] is connected to registers with an asynchronous reset. This is preventing the possibility of merging these registers in to the DSP Block since the DSP block registers only possess synchronous reset capability.  It is suggested to recode or change these registers to remove the reset or use a synchronous reset to get the best optimization for performance, power and area.
Related violations: <none>

DPIR-1#274 Warning
Asynchronous driver check  
DSP u_q/y1_int2__0 input pin u_q/y1_int2__0/B[15] is connected to registers with an asynchronous reset. This is preventing the possibility of merging these registers in to the DSP Block since the DSP block registers only possess synchronous reset capability.  It is suggested to recode or change these registers to remove the reset or use a synchronous reset to get the best optimization for performance, power and area.
Related violations: <none>

DPIR-1#275 Warning
Asynchronous driver check  
DSP u_q/y1_int2__0 input pin u_q/y1_int2__0/B[16] is connected to registers with an asynchronous reset. This is preventing the possibility of merging these registers in to the DSP Block since the DSP block registers only possess synchronous reset capability.  It is suggested to recode or change these registers to remove the reset or use a synchronous reset to get the best optimization for performance, power and area.
Related violations: <none>

DPIR-1#276 Warning
Asynchronous driver check  
DSP u_q/y1_int2__0 input pin u_q/y1_int2__0/B[17] is connected to registers with an asynchronous reset. This is preventing the possibility of merging these registers in to the DSP Block since the DSP block registers only possess synchronous reset capability.  It is suggested to recode or change these registers to remove the reset or use a synchronous reset to get the best optimization for performance, power and area.
Related violations: <none>

DPIR-1#277 Warning
Asynchronous driver check  
DSP u_q/y1_int2__0 input pin u_q/y1_int2__0/B[1] is connected to registers with an asynchronous reset. This is preventing the possibility of merging these registers in to the DSP Block since the DSP block registers only possess synchronous reset capability.  It is suggested to recode or change these registers to remove the reset or use a synchronous reset to get the best optimization for performance, power and area.
Related violations: <none>

DPIR-1#278 Warning
Asynchronous driver check  
DSP u_q/y1_int2__0 input pin u_q/y1_int2__0/B[2] is connected to registers with an asynchronous reset. This is preventing the possibility of merging these registers in to the DSP Block since the DSP block registers only possess synchronous reset capability.  It is suggested to recode or change these registers to remove the reset or use a synchronous reset to get the best optimization for performance, power and area.
Related violations: <none>

DPIR-1#279 Warning
Asynchronous driver check  
DSP u_q/y1_int2__0 input pin u_q/y1_int2__0/B[3] is connected to registers with an asynchronous reset. This is preventing the possibility of merging these registers in to the DSP Block since the DSP block registers only possess synchronous reset capability.  It is suggested to recode or change these registers to remove the reset or use a synchronous reset to get the best optimization for performance, power and area.
Related violations: <none>

DPIR-1#280 Warning
Asynchronous driver check  
DSP u_q/y1_int2__0 input pin u_q/y1_int2__0/B[4] is connected to registers with an asynchronous reset. This is preventing the possibility of merging these registers in to the DSP Block since the DSP block registers only possess synchronous reset capability.  It is suggested to recode or change these registers to remove the reset or use a synchronous reset to get the best optimization for performance, power and area.
Related violations: <none>

DPIR-1#281 Warning
Asynchronous driver check  
DSP u_q/y1_int2__0 input pin u_q/y1_int2__0/B[5] is connected to registers with an asynchronous reset. This is preventing the possibility of merging these registers in to the DSP Block since the DSP block registers only possess synchronous reset capability.  It is suggested to recode or change these registers to remove the reset or use a synchronous reset to get the best optimization for performance, power and area.
Related violations: <none>

DPIR-1#282 Warning
Asynchronous driver check  
DSP u_q/y1_int2__0 input pin u_q/y1_int2__0/B[6] is connected to registers with an asynchronous reset. This is preventing the possibility of merging these registers in to the DSP Block since the DSP block registers only possess synchronous reset capability.  It is suggested to recode or change these registers to remove the reset or use a synchronous reset to get the best optimization for performance, power and area.
Related violations: <none>

DPIR-1#283 Warning
Asynchronous driver check  
DSP u_q/y1_int2__0 input pin u_q/y1_int2__0/B[7] is connected to registers with an asynchronous reset. This is preventing the possibility of merging these registers in to the DSP Block since the DSP block registers only possess synchronous reset capability.  It is suggested to recode or change these registers to remove the reset or use a synchronous reset to get the best optimization for performance, power and area.
Related violations: <none>

DPIR-1#284 Warning
Asynchronous driver check  
DSP u_q/y1_int2__0 input pin u_q/y1_int2__0/B[8] is connected to registers with an asynchronous reset. This is preventing the possibility of merging these registers in to the DSP Block since the DSP block registers only possess synchronous reset capability.  It is suggested to recode or change these registers to remove the reset or use a synchronous reset to get the best optimization for performance, power and area.
Related violations: <none>

DPIR-1#285 Warning
Asynchronous driver check  
DSP u_q/y1_int2__0 input pin u_q/y1_int2__0/B[9] is connected to registers with an asynchronous reset. This is preventing the possibility of merging these registers in to the DSP Block since the DSP block registers only possess synchronous reset capability.  It is suggested to recode or change these registers to remove the reset or use a synchronous reset to get the best optimization for performance, power and area.
Related violations: <none>

DPIR-1#286 Warning
Asynchronous driver check  
DSP u_q/y2_int2 input pin u_q/y2_int2/A[0] is connected to registers with an asynchronous reset. This is preventing the possibility of merging these registers in to the DSP Block since the DSP block registers only possess synchronous reset capability.  It is suggested to recode or change these registers to remove the reset or use a synchronous reset to get the best optimization for performance, power and area.
Related violations: <none>

DPIR-1#287 Warning
Asynchronous driver check  
DSP u_q/y2_int2 input pin u_q/y2_int2/A[10] is connected to registers with an asynchronous reset. This is preventing the possibility of merging these registers in to the DSP Block since the DSP block registers only possess synchronous reset capability.  It is suggested to recode or change these registers to remove the reset or use a synchronous reset to get the best optimization for performance, power and area.
Related violations: <none>

DPIR-1#288 Warning
Asynchronous driver check  
DSP u_q/y2_int2 input pin u_q/y2_int2/A[11] is connected to registers with an asynchronous reset. This is preventing the possibility of merging these registers in to the DSP Block since the DSP block registers only possess synchronous reset capability.  It is suggested to recode or change these registers to remove the reset or use a synchronous reset to get the best optimization for performance, power and area.
Related violations: <none>

DPIR-1#289 Warning
Asynchronous driver check  
DSP u_q/y2_int2 input pin u_q/y2_int2/A[12] is connected to registers with an asynchronous reset. This is preventing the possibility of merging these registers in to the DSP Block since the DSP block registers only possess synchronous reset capability.  It is suggested to recode or change these registers to remove the reset or use a synchronous reset to get the best optimization for performance, power and area.
Related violations: <none>

DPIR-1#290 Warning
Asynchronous driver check  
DSP u_q/y2_int2 input pin u_q/y2_int2/A[13] is connected to registers with an asynchronous reset. This is preventing the possibility of merging these registers in to the DSP Block since the DSP block registers only possess synchronous reset capability.  It is suggested to recode or change these registers to remove the reset or use a synchronous reset to get the best optimization for performance, power and area.
Related violations: <none>

DPIR-1#291 Warning
Asynchronous driver check  
DSP u_q/y2_int2 input pin u_q/y2_int2/A[14] is connected to registers with an asynchronous reset. This is preventing the possibility of merging these registers in to the DSP Block since the DSP block registers only possess synchronous reset capability.  It is suggested to recode or change these registers to remove the reset or use a synchronous reset to get the best optimization for performance, power and area.
Related violations: <none>

DPIR-1#292 Warning
Asynchronous driver check  
DSP u_q/y2_int2 input pin u_q/y2_int2/A[15] is connected to registers with an asynchronous reset. This is preventing the possibility of merging these registers in to the DSP Block since the DSP block registers only possess synchronous reset capability.  It is suggested to recode or change these registers to remove the reset or use a synchronous reset to get the best optimization for performance, power and area.
Related violations: <none>

DPIR-1#293 Warning
Asynchronous driver check  
DSP u_q/y2_int2 input pin u_q/y2_int2/A[16] is connected to registers with an asynchronous reset. This is preventing the possibility of merging these registers in to the DSP Block since the DSP block registers only possess synchronous reset capability.  It is suggested to recode or change these registers to remove the reset or use a synchronous reset to get the best optimization for performance, power and area.
Related violations: <none>

DPIR-1#294 Warning
Asynchronous driver check  
DSP u_q/y2_int2 input pin u_q/y2_int2/A[17] is connected to registers with an asynchronous reset. This is preventing the possibility of merging these registers in to the DSP Block since the DSP block registers only possess synchronous reset capability.  It is suggested to recode or change these registers to remove the reset or use a synchronous reset to get the best optimization for performance, power and area.
Related violations: <none>

DPIR-1#295 Warning
Asynchronous driver check  
DSP u_q/y2_int2 input pin u_q/y2_int2/A[18] is connected to registers with an asynchronous reset. This is preventing the possibility of merging these registers in to the DSP Block since the DSP block registers only possess synchronous reset capability.  It is suggested to recode or change these registers to remove the reset or use a synchronous reset to get the best optimization for performance, power and area.
Related violations: <none>

DPIR-1#296 Warning
Asynchronous driver check  
DSP u_q/y2_int2 input pin u_q/y2_int2/A[19] is connected to registers with an asynchronous reset. This is preventing the possibility of merging these registers in to the DSP Block since the DSP block registers only possess synchronous reset capability.  It is suggested to recode or change these registers to remove the reset or use a synchronous reset to get the best optimization for performance, power and area.
Related violations: <none>

DPIR-1#297 Warning
Asynchronous driver check  
DSP u_q/y2_int2 input pin u_q/y2_int2/A[1] is connected to registers with an asynchronous reset. This is preventing the possibility of merging these registers in to the DSP Block since the DSP block registers only possess synchronous reset capability.  It is suggested to recode or change these registers to remove the reset or use a synchronous reset to get the best optimization for performance, power and area.
Related violations: <none>

DPIR-1#298 Warning
Asynchronous driver check  
DSP u_q/y2_int2 input pin u_q/y2_int2/A[20] is connected to registers with an asynchronous reset. This is preventing the possibility of merging these registers in to the DSP Block since the DSP block registers only possess synchronous reset capability.  It is suggested to recode or change these registers to remove the reset or use a synchronous reset to get the best optimization for performance, power and area.
Related violations: <none>

DPIR-1#299 Warning
Asynchronous driver check  
DSP u_q/y2_int2 input pin u_q/y2_int2/A[21] is connected to registers with an asynchronous reset. This is preventing the possibility of merging these registers in to the DSP Block since the DSP block registers only possess synchronous reset capability.  It is suggested to recode or change these registers to remove the reset or use a synchronous reset to get the best optimization for performance, power and area.
Related violations: <none>

DPIR-1#300 Warning
Asynchronous driver check  
DSP u_q/y2_int2 input pin u_q/y2_int2/A[22] is connected to registers with an asynchronous reset. This is preventing the possibility of merging these registers in to the DSP Block since the DSP block registers only possess synchronous reset capability.  It is suggested to recode or change these registers to remove the reset or use a synchronous reset to get the best optimization for performance, power and area.
Related violations: <none>

DPIR-1#301 Warning
Asynchronous driver check  
DSP u_q/y2_int2 input pin u_q/y2_int2/A[23] is connected to registers with an asynchronous reset. This is preventing the possibility of merging these registers in to the DSP Block since the DSP block registers only possess synchronous reset capability.  It is suggested to recode or change these registers to remove the reset or use a synchronous reset to get the best optimization for performance, power and area.
Related violations: <none>

DPIR-1#302 Warning
Asynchronous driver check  
DSP u_q/y2_int2 input pin u_q/y2_int2/A[24] is connected to registers with an asynchronous reset. This is preventing the possibility of merging these registers in to the DSP Block since the DSP block registers only possess synchronous reset capability.  It is suggested to recode or change these registers to remove the reset or use a synchronous reset to get the best optimization for performance, power and area.
Related violations: <none>

DPIR-1#303 Warning
Asynchronous driver check  
DSP u_q/y2_int2 input pin u_q/y2_int2/A[25] is connected to registers with an asynchronous reset. This is preventing the possibility of merging these registers in to the DSP Block since the DSP block registers only possess synchronous reset capability.  It is suggested to recode or change these registers to remove the reset or use a synchronous reset to get the best optimization for performance, power and area.
Related violations: <none>

DPIR-1#304 Warning
Asynchronous driver check  
DSP u_q/y2_int2 input pin u_q/y2_int2/A[26] is connected to registers with an asynchronous reset. This is preventing the possibility of merging these registers in to the DSP Block since the DSP block registers only possess synchronous reset capability.  It is suggested to recode or change these registers to remove the reset or use a synchronous reset to get the best optimization for performance, power and area.
Related violations: <none>

DPIR-1#305 Warning
Asynchronous driver check  
DSP u_q/y2_int2 input pin u_q/y2_int2/A[27] is connected to registers with an asynchronous reset. This is preventing the possibility of merging these registers in to the DSP Block since the DSP block registers only possess synchronous reset capability.  It is suggested to recode or change these registers to remove the reset or use a synchronous reset to get the best optimization for performance, power and area.
Related violations: <none>

DPIR-1#306 Warning
Asynchronous driver check  
DSP u_q/y2_int2 input pin u_q/y2_int2/A[28] is connected to registers with an asynchronous reset. This is preventing the possibility of merging these registers in to the DSP Block since the DSP block registers only possess synchronous reset capability.  It is suggested to recode or change these registers to remove the reset or use a synchronous reset to get the best optimization for performance, power and area.
Related violations: <none>

DPIR-1#307 Warning
Asynchronous driver check  
DSP u_q/y2_int2 input pin u_q/y2_int2/A[29] is connected to registers with an asynchronous reset. This is preventing the possibility of merging these registers in to the DSP Block since the DSP block registers only possess synchronous reset capability.  It is suggested to recode or change these registers to remove the reset or use a synchronous reset to get the best optimization for performance, power and area.
Related violations: <none>

DPIR-1#308 Warning
Asynchronous driver check  
DSP u_q/y2_int2 input pin u_q/y2_int2/A[2] is connected to registers with an asynchronous reset. This is preventing the possibility of merging these registers in to the DSP Block since the DSP block registers only possess synchronous reset capability.  It is suggested to recode or change these registers to remove the reset or use a synchronous reset to get the best optimization for performance, power and area.
Related violations: <none>

DPIR-1#309 Warning
Asynchronous driver check  
DSP u_q/y2_int2 input pin u_q/y2_int2/A[3] is connected to registers with an asynchronous reset. This is preventing the possibility of merging these registers in to the DSP Block since the DSP block registers only possess synchronous reset capability.  It is suggested to recode or change these registers to remove the reset or use a synchronous reset to get the best optimization for performance, power and area.
Related violations: <none>

DPIR-1#310 Warning
Asynchronous driver check  
DSP u_q/y2_int2 input pin u_q/y2_int2/A[4] is connected to registers with an asynchronous reset. This is preventing the possibility of merging these registers in to the DSP Block since the DSP block registers only possess synchronous reset capability.  It is suggested to recode or change these registers to remove the reset or use a synchronous reset to get the best optimization for performance, power and area.
Related violations: <none>

DPIR-1#311 Warning
Asynchronous driver check  
DSP u_q/y2_int2 input pin u_q/y2_int2/A[5] is connected to registers with an asynchronous reset. This is preventing the possibility of merging these registers in to the DSP Block since the DSP block registers only possess synchronous reset capability.  It is suggested to recode or change these registers to remove the reset or use a synchronous reset to get the best optimization for performance, power and area.
Related violations: <none>

DPIR-1#312 Warning
Asynchronous driver check  
DSP u_q/y2_int2 input pin u_q/y2_int2/A[6] is connected to registers with an asynchronous reset. This is preventing the possibility of merging these registers in to the DSP Block since the DSP block registers only possess synchronous reset capability.  It is suggested to recode or change these registers to remove the reset or use a synchronous reset to get the best optimization for performance, power and area.
Related violations: <none>

DPIR-1#313 Warning
Asynchronous driver check  
DSP u_q/y2_int2 input pin u_q/y2_int2/A[7] is connected to registers with an asynchronous reset. This is preventing the possibility of merging these registers in to the DSP Block since the DSP block registers only possess synchronous reset capability.  It is suggested to recode or change these registers to remove the reset or use a synchronous reset to get the best optimization for performance, power and area.
Related violations: <none>

DPIR-1#314 Warning
Asynchronous driver check  
DSP u_q/y2_int2 input pin u_q/y2_int2/A[8] is connected to registers with an asynchronous reset. This is preventing the possibility of merging these registers in to the DSP Block since the DSP block registers only possess synchronous reset capability.  It is suggested to recode or change these registers to remove the reset or use a synchronous reset to get the best optimization for performance, power and area.
Related violations: <none>

DPIR-1#315 Warning
Asynchronous driver check  
DSP u_q/y2_int2 input pin u_q/y2_int2/A[9] is connected to registers with an asynchronous reset. This is preventing the possibility of merging these registers in to the DSP Block since the DSP block registers only possess synchronous reset capability.  It is suggested to recode or change these registers to remove the reset or use a synchronous reset to get the best optimization for performance, power and area.
Related violations: <none>

DPIR-1#316 Warning
Asynchronous driver check  
DSP u_q/y2_int2 input pin u_q/y2_int2/B[0] is connected to registers with an asynchronous reset. This is preventing the possibility of merging these registers in to the DSP Block since the DSP block registers only possess synchronous reset capability.  It is suggested to recode or change these registers to remove the reset or use a synchronous reset to get the best optimization for performance, power and area.
Related violations: <none>

DPIR-1#317 Warning
Asynchronous driver check  
DSP u_q/y2_int2 input pin u_q/y2_int2/B[10] is connected to registers with an asynchronous reset. This is preventing the possibility of merging these registers in to the DSP Block since the DSP block registers only possess synchronous reset capability.  It is suggested to recode or change these registers to remove the reset or use a synchronous reset to get the best optimization for performance, power and area.
Related violations: <none>

DPIR-1#318 Warning
Asynchronous driver check  
DSP u_q/y2_int2 input pin u_q/y2_int2/B[11] is connected to registers with an asynchronous reset. This is preventing the possibility of merging these registers in to the DSP Block since the DSP block registers only possess synchronous reset capability.  It is suggested to recode or change these registers to remove the reset or use a synchronous reset to get the best optimization for performance, power and area.
Related violations: <none>

DPIR-1#319 Warning
Asynchronous driver check  
DSP u_q/y2_int2 input pin u_q/y2_int2/B[12] is connected to registers with an asynchronous reset. This is preventing the possibility of merging these registers in to the DSP Block since the DSP block registers only possess synchronous reset capability.  It is suggested to recode or change these registers to remove the reset or use a synchronous reset to get the best optimization for performance, power and area.
Related violations: <none>

DPIR-1#320 Warning
Asynchronous driver check  
DSP u_q/y2_int2 input pin u_q/y2_int2/B[13] is connected to registers with an asynchronous reset. This is preventing the possibility of merging these registers in to the DSP Block since the DSP block registers only possess synchronous reset capability.  It is suggested to recode or change these registers to remove the reset or use a synchronous reset to get the best optimization for performance, power and area.
Related violations: <none>

DPIR-1#321 Warning
Asynchronous driver check  
DSP u_q/y2_int2 input pin u_q/y2_int2/B[14] is connected to registers with an asynchronous reset. This is preventing the possibility of merging these registers in to the DSP Block since the DSP block registers only possess synchronous reset capability.  It is suggested to recode or change these registers to remove the reset or use a synchronous reset to get the best optimization for performance, power and area.
Related violations: <none>

DPIR-1#322 Warning
Asynchronous driver check  
DSP u_q/y2_int2 input pin u_q/y2_int2/B[15] is connected to registers with an asynchronous reset. This is preventing the possibility of merging these registers in to the DSP Block since the DSP block registers only possess synchronous reset capability.  It is suggested to recode or change these registers to remove the reset or use a synchronous reset to get the best optimization for performance, power and area.
Related violations: <none>

DPIR-1#323 Warning
Asynchronous driver check  
DSP u_q/y2_int2 input pin u_q/y2_int2/B[16] is connected to registers with an asynchronous reset. This is preventing the possibility of merging these registers in to the DSP Block since the DSP block registers only possess synchronous reset capability.  It is suggested to recode or change these registers to remove the reset or use a synchronous reset to get the best optimization for performance, power and area.
Related violations: <none>

DPIR-1#324 Warning
Asynchronous driver check  
DSP u_q/y2_int2 input pin u_q/y2_int2/B[17] is connected to registers with an asynchronous reset. This is preventing the possibility of merging these registers in to the DSP Block since the DSP block registers only possess synchronous reset capability.  It is suggested to recode or change these registers to remove the reset or use a synchronous reset to get the best optimization for performance, power and area.
Related violations: <none>

DPIR-1#325 Warning
Asynchronous driver check  
DSP u_q/y2_int2 input pin u_q/y2_int2/B[1] is connected to registers with an asynchronous reset. This is preventing the possibility of merging these registers in to the DSP Block since the DSP block registers only possess synchronous reset capability.  It is suggested to recode or change these registers to remove the reset or use a synchronous reset to get the best optimization for performance, power and area.
Related violations: <none>

DPIR-1#326 Warning
Asynchronous driver check  
DSP u_q/y2_int2 input pin u_q/y2_int2/B[2] is connected to registers with an asynchronous reset. This is preventing the possibility of merging these registers in to the DSP Block since the DSP block registers only possess synchronous reset capability.  It is suggested to recode or change these registers to remove the reset or use a synchronous reset to get the best optimization for performance, power and area.
Related violations: <none>

DPIR-1#327 Warning
Asynchronous driver check  
DSP u_q/y2_int2 input pin u_q/y2_int2/B[3] is connected to registers with an asynchronous reset. This is preventing the possibility of merging these registers in to the DSP Block since the DSP block registers only possess synchronous reset capability.  It is suggested to recode or change these registers to remove the reset or use a synchronous reset to get the best optimization for performance, power and area.
Related violations: <none>

DPIR-1#328 Warning
Asynchronous driver check  
DSP u_q/y2_int2 input pin u_q/y2_int2/B[4] is connected to registers with an asynchronous reset. This is preventing the possibility of merging these registers in to the DSP Block since the DSP block registers only possess synchronous reset capability.  It is suggested to recode or change these registers to remove the reset or use a synchronous reset to get the best optimization for performance, power and area.
Related violations: <none>

DPIR-1#329 Warning
Asynchronous driver check  
DSP u_q/y2_int2 input pin u_q/y2_int2/B[5] is connected to registers with an asynchronous reset. This is preventing the possibility of merging these registers in to the DSP Block since the DSP block registers only possess synchronous reset capability.  It is suggested to recode or change these registers to remove the reset or use a synchronous reset to get the best optimization for performance, power and area.
Related violations: <none>

DPIR-1#330 Warning
Asynchronous driver check  
DSP u_q/y2_int2 input pin u_q/y2_int2/B[6] is connected to registers with an asynchronous reset. This is preventing the possibility of merging these registers in to the DSP Block since the DSP block registers only possess synchronous reset capability.  It is suggested to recode or change these registers to remove the reset or use a synchronous reset to get the best optimization for performance, power and area.
Related violations: <none>

DPIR-1#331 Warning
Asynchronous driver check  
DSP u_q/y2_int2 input pin u_q/y2_int2/B[7] is connected to registers with an asynchronous reset. This is preventing the possibility of merging these registers in to the DSP Block since the DSP block registers only possess synchronous reset capability.  It is suggested to recode or change these registers to remove the reset or use a synchronous reset to get the best optimization for performance, power and area.
Related violations: <none>

DPIR-1#332 Warning
Asynchronous driver check  
DSP u_q/y2_int2 input pin u_q/y2_int2/B[8] is connected to registers with an asynchronous reset. This is preventing the possibility of merging these registers in to the DSP Block since the DSP block registers only possess synchronous reset capability.  It is suggested to recode or change these registers to remove the reset or use a synchronous reset to get the best optimization for performance, power and area.
Related violations: <none>

DPIR-1#333 Warning
Asynchronous driver check  
DSP u_q/y2_int2 input pin u_q/y2_int2/B[9] is connected to registers with an asynchronous reset. This is preventing the possibility of merging these registers in to the DSP Block since the DSP block registers only possess synchronous reset capability.  It is suggested to recode or change these registers to remove the reset or use a synchronous reset to get the best optimization for performance, power and area.
Related violations: <none>

DPIR-1#334 Warning
Asynchronous driver check  
DSP u_q/y2_int2__0 input pin u_q/y2_int2__0/A[0] is connected to registers with an asynchronous reset. This is preventing the possibility of merging these registers in to the DSP Block since the DSP block registers only possess synchronous reset capability.  It is suggested to recode or change these registers to remove the reset or use a synchronous reset to get the best optimization for performance, power and area.
Related violations: <none>

DPIR-1#335 Warning
Asynchronous driver check  
DSP u_q/y2_int2__0 input pin u_q/y2_int2__0/A[10] is connected to registers with an asynchronous reset. This is preventing the possibility of merging these registers in to the DSP Block since the DSP block registers only possess synchronous reset capability.  It is suggested to recode or change these registers to remove the reset or use a synchronous reset to get the best optimization for performance, power and area.
Related violations: <none>

DPIR-1#336 Warning
Asynchronous driver check  
DSP u_q/y2_int2__0 input pin u_q/y2_int2__0/A[11] is connected to registers with an asynchronous reset. This is preventing the possibility of merging these registers in to the DSP Block since the DSP block registers only possess synchronous reset capability.  It is suggested to recode or change these registers to remove the reset or use a synchronous reset to get the best optimization for performance, power and area.
Related violations: <none>

DPIR-1#337 Warning
Asynchronous driver check  
DSP u_q/y2_int2__0 input pin u_q/y2_int2__0/A[12] is connected to registers with an asynchronous reset. This is preventing the possibility of merging these registers in to the DSP Block since the DSP block registers only possess synchronous reset capability.  It is suggested to recode or change these registers to remove the reset or use a synchronous reset to get the best optimization for performance, power and area.
Related violations: <none>

DPIR-1#338 Warning
Asynchronous driver check  
DSP u_q/y2_int2__0 input pin u_q/y2_int2__0/A[13] is connected to registers with an asynchronous reset. This is preventing the possibility of merging these registers in to the DSP Block since the DSP block registers only possess synchronous reset capability.  It is suggested to recode or change these registers to remove the reset or use a synchronous reset to get the best optimization for performance, power and area.
Related violations: <none>

DPIR-1#339 Warning
Asynchronous driver check  
DSP u_q/y2_int2__0 input pin u_q/y2_int2__0/A[14] is connected to registers with an asynchronous reset. This is preventing the possibility of merging these registers in to the DSP Block since the DSP block registers only possess synchronous reset capability.  It is suggested to recode or change these registers to remove the reset or use a synchronous reset to get the best optimization for performance, power and area.
Related violations: <none>

DPIR-1#340 Warning
Asynchronous driver check  
DSP u_q/y2_int2__0 input pin u_q/y2_int2__0/A[15] is connected to registers with an asynchronous reset. This is preventing the possibility of merging these registers in to the DSP Block since the DSP block registers only possess synchronous reset capability.  It is suggested to recode or change these registers to remove the reset or use a synchronous reset to get the best optimization for performance, power and area.
Related violations: <none>

DPIR-1#341 Warning
Asynchronous driver check  
DSP u_q/y2_int2__0 input pin u_q/y2_int2__0/A[16] is connected to registers with an asynchronous reset. This is preventing the possibility of merging these registers in to the DSP Block since the DSP block registers only possess synchronous reset capability.  It is suggested to recode or change these registers to remove the reset or use a synchronous reset to get the best optimization for performance, power and area.
Related violations: <none>

DPIR-1#342 Warning
Asynchronous driver check  
DSP u_q/y2_int2__0 input pin u_q/y2_int2__0/A[17] is connected to registers with an asynchronous reset. This is preventing the possibility of merging these registers in to the DSP Block since the DSP block registers only possess synchronous reset capability.  It is suggested to recode or change these registers to remove the reset or use a synchronous reset to get the best optimization for performance, power and area.
Related violations: <none>

DPIR-1#343 Warning
Asynchronous driver check  
DSP u_q/y2_int2__0 input pin u_q/y2_int2__0/A[18] is connected to registers with an asynchronous reset. This is preventing the possibility of merging these registers in to the DSP Block since the DSP block registers only possess synchronous reset capability.  It is suggested to recode or change these registers to remove the reset or use a synchronous reset to get the best optimization for performance, power and area.
Related violations: <none>

DPIR-1#344 Warning
Asynchronous driver check  
DSP u_q/y2_int2__0 input pin u_q/y2_int2__0/A[19] is connected to registers with an asynchronous reset. This is preventing the possibility of merging these registers in to the DSP Block since the DSP block registers only possess synchronous reset capability.  It is suggested to recode or change these registers to remove the reset or use a synchronous reset to get the best optimization for performance, power and area.
Related violations: <none>

DPIR-1#345 Warning
Asynchronous driver check  
DSP u_q/y2_int2__0 input pin u_q/y2_int2__0/A[1] is connected to registers with an asynchronous reset. This is preventing the possibility of merging these registers in to the DSP Block since the DSP block registers only possess synchronous reset capability.  It is suggested to recode or change these registers to remove the reset or use a synchronous reset to get the best optimization for performance, power and area.
Related violations: <none>

DPIR-1#346 Warning
Asynchronous driver check  
DSP u_q/y2_int2__0 input pin u_q/y2_int2__0/A[20] is connected to registers with an asynchronous reset. This is preventing the possibility of merging these registers in to the DSP Block since the DSP block registers only possess synchronous reset capability.  It is suggested to recode or change these registers to remove the reset or use a synchronous reset to get the best optimization for performance, power and area.
Related violations: <none>

DPIR-1#347 Warning
Asynchronous driver check  
DSP u_q/y2_int2__0 input pin u_q/y2_int2__0/A[21] is connected to registers with an asynchronous reset. This is preventing the possibility of merging these registers in to the DSP Block since the DSP block registers only possess synchronous reset capability.  It is suggested to recode or change these registers to remove the reset or use a synchronous reset to get the best optimization for performance, power and area.
Related violations: <none>

DPIR-1#348 Warning
Asynchronous driver check  
DSP u_q/y2_int2__0 input pin u_q/y2_int2__0/A[22] is connected to registers with an asynchronous reset. This is preventing the possibility of merging these registers in to the DSP Block since the DSP block registers only possess synchronous reset capability.  It is suggested to recode or change these registers to remove the reset or use a synchronous reset to get the best optimization for performance, power and area.
Related violations: <none>

DPIR-1#349 Warning
Asynchronous driver check  
DSP u_q/y2_int2__0 input pin u_q/y2_int2__0/A[23] is connected to registers with an asynchronous reset. This is preventing the possibility of merging these registers in to the DSP Block since the DSP block registers only possess synchronous reset capability.  It is suggested to recode or change these registers to remove the reset or use a synchronous reset to get the best optimization for performance, power and area.
Related violations: <none>

DPIR-1#350 Warning
Asynchronous driver check  
DSP u_q/y2_int2__0 input pin u_q/y2_int2__0/A[24] is connected to registers with an asynchronous reset. This is preventing the possibility of merging these registers in to the DSP Block since the DSP block registers only possess synchronous reset capability.  It is suggested to recode or change these registers to remove the reset or use a synchronous reset to get the best optimization for performance, power and area.
Related violations: <none>

DPIR-1#351 Warning
Asynchronous driver check  
DSP u_q/y2_int2__0 input pin u_q/y2_int2__0/A[25] is connected to registers with an asynchronous reset. This is preventing the possibility of merging these registers in to the DSP Block since the DSP block registers only possess synchronous reset capability.  It is suggested to recode or change these registers to remove the reset or use a synchronous reset to get the best optimization for performance, power and area.
Related violations: <none>

DPIR-1#352 Warning
Asynchronous driver check  
DSP u_q/y2_int2__0 input pin u_q/y2_int2__0/A[26] is connected to registers with an asynchronous reset. This is preventing the possibility of merging these registers in to the DSP Block since the DSP block registers only possess synchronous reset capability.  It is suggested to recode or change these registers to remove the reset or use a synchronous reset to get the best optimization for performance, power and area.
Related violations: <none>

DPIR-1#353 Warning
Asynchronous driver check  
DSP u_q/y2_int2__0 input pin u_q/y2_int2__0/A[27] is connected to registers with an asynchronous reset. This is preventing the possibility of merging these registers in to the DSP Block since the DSP block registers only possess synchronous reset capability.  It is suggested to recode or change these registers to remove the reset or use a synchronous reset to get the best optimization for performance, power and area.
Related violations: <none>

DPIR-1#354 Warning
Asynchronous driver check  
DSP u_q/y2_int2__0 input pin u_q/y2_int2__0/A[28] is connected to registers with an asynchronous reset. This is preventing the possibility of merging these registers in to the DSP Block since the DSP block registers only possess synchronous reset capability.  It is suggested to recode or change these registers to remove the reset or use a synchronous reset to get the best optimization for performance, power and area.
Related violations: <none>

DPIR-1#355 Warning
Asynchronous driver check  
DSP u_q/y2_int2__0 input pin u_q/y2_int2__0/A[29] is connected to registers with an asynchronous reset. This is preventing the possibility of merging these registers in to the DSP Block since the DSP block registers only possess synchronous reset capability.  It is suggested to recode or change these registers to remove the reset or use a synchronous reset to get the best optimization for performance, power and area.
Related violations: <none>

DPIR-1#356 Warning
Asynchronous driver check  
DSP u_q/y2_int2__0 input pin u_q/y2_int2__0/A[2] is connected to registers with an asynchronous reset. This is preventing the possibility of merging these registers in to the DSP Block since the DSP block registers only possess synchronous reset capability.  It is suggested to recode or change these registers to remove the reset or use a synchronous reset to get the best optimization for performance, power and area.
Related violations: <none>

DPIR-1#357 Warning
Asynchronous driver check  
DSP u_q/y2_int2__0 input pin u_q/y2_int2__0/A[3] is connected to registers with an asynchronous reset. This is preventing the possibility of merging these registers in to the DSP Block since the DSP block registers only possess synchronous reset capability.  It is suggested to recode or change these registers to remove the reset or use a synchronous reset to get the best optimization for performance, power and area.
Related violations: <none>

DPIR-1#358 Warning
Asynchronous driver check  
DSP u_q/y2_int2__0 input pin u_q/y2_int2__0/A[4] is connected to registers with an asynchronous reset. This is preventing the possibility of merging these registers in to the DSP Block since the DSP block registers only possess synchronous reset capability.  It is suggested to recode or change these registers to remove the reset or use a synchronous reset to get the best optimization for performance, power and area.
Related violations: <none>

DPIR-1#359 Warning
Asynchronous driver check  
DSP u_q/y2_int2__0 input pin u_q/y2_int2__0/A[5] is connected to registers with an asynchronous reset. This is preventing the possibility of merging these registers in to the DSP Block since the DSP block registers only possess synchronous reset capability.  It is suggested to recode or change these registers to remove the reset or use a synchronous reset to get the best optimization for performance, power and area.
Related violations: <none>

DPIR-1#360 Warning
Asynchronous driver check  
DSP u_q/y2_int2__0 input pin u_q/y2_int2__0/A[6] is connected to registers with an asynchronous reset. This is preventing the possibility of merging these registers in to the DSP Block since the DSP block registers only possess synchronous reset capability.  It is suggested to recode or change these registers to remove the reset or use a synchronous reset to get the best optimization for performance, power and area.
Related violations: <none>

DPIR-1#361 Warning
Asynchronous driver check  
DSP u_q/y2_int2__0 input pin u_q/y2_int2__0/A[7] is connected to registers with an asynchronous reset. This is preventing the possibility of merging these registers in to the DSP Block since the DSP block registers only possess synchronous reset capability.  It is suggested to recode or change these registers to remove the reset or use a synchronous reset to get the best optimization for performance, power and area.
Related violations: <none>

DPIR-1#362 Warning
Asynchronous driver check  
DSP u_q/y2_int2__0 input pin u_q/y2_int2__0/A[8] is connected to registers with an asynchronous reset. This is preventing the possibility of merging these registers in to the DSP Block since the DSP block registers only possess synchronous reset capability.  It is suggested to recode or change these registers to remove the reset or use a synchronous reset to get the best optimization for performance, power and area.
Related violations: <none>

DPIR-1#363 Warning
Asynchronous driver check  
DSP u_q/y2_int2__0 input pin u_q/y2_int2__0/A[9] is connected to registers with an asynchronous reset. This is preventing the possibility of merging these registers in to the DSP Block since the DSP block registers only possess synchronous reset capability.  It is suggested to recode or change these registers to remove the reset or use a synchronous reset to get the best optimization for performance, power and area.
Related violations: <none>

DPIR-1#364 Warning
Asynchronous driver check  
DSP u_q/y2_int2__0 input pin u_q/y2_int2__0/B[10] is connected to registers with an asynchronous reset. This is preventing the possibility of merging these registers in to the DSP Block since the DSP block registers only possess synchronous reset capability.  It is suggested to recode or change these registers to remove the reset or use a synchronous reset to get the best optimization for performance, power and area.
Related violations: <none>

DPIR-1#365 Warning
Asynchronous driver check  
DSP u_q/y2_int2__0 input pin u_q/y2_int2__0/B[11] is connected to registers with an asynchronous reset. This is preventing the possibility of merging these registers in to the DSP Block since the DSP block registers only possess synchronous reset capability.  It is suggested to recode or change these registers to remove the reset or use a synchronous reset to get the best optimization for performance, power and area.
Related violations: <none>

DPIR-1#366 Warning
Asynchronous driver check  
DSP u_q/y2_int2__0 input pin u_q/y2_int2__0/B[12] is connected to registers with an asynchronous reset. This is preventing the possibility of merging these registers in to the DSP Block since the DSP block registers only possess synchronous reset capability.  It is suggested to recode or change these registers to remove the reset or use a synchronous reset to get the best optimization for performance, power and area.
Related violations: <none>

DPIR-1#367 Warning
Asynchronous driver check  
DSP u_q/y2_int2__0 input pin u_q/y2_int2__0/B[13] is connected to registers with an asynchronous reset. This is preventing the possibility of merging these registers in to the DSP Block since the DSP block registers only possess synchronous reset capability.  It is suggested to recode or change these registers to remove the reset or use a synchronous reset to get the best optimization for performance, power and area.
Related violations: <none>

DPIR-1#368 Warning
Asynchronous driver check  
DSP u_q/y2_int2__0 input pin u_q/y2_int2__0/B[14] is connected to registers with an asynchronous reset. This is preventing the possibility of merging these registers in to the DSP Block since the DSP block registers only possess synchronous reset capability.  It is suggested to recode or change these registers to remove the reset or use a synchronous reset to get the best optimization for performance, power and area.
Related violations: <none>

DPIR-1#369 Warning
Asynchronous driver check  
DSP u_q/y2_int2__0 input pin u_q/y2_int2__0/B[15] is connected to registers with an asynchronous reset. This is preventing the possibility of merging these registers in to the DSP Block since the DSP block registers only possess synchronous reset capability.  It is suggested to recode or change these registers to remove the reset or use a synchronous reset to get the best optimization for performance, power and area.
Related violations: <none>

DPIR-1#370 Warning
Asynchronous driver check  
DSP u_q/y2_int2__0 input pin u_q/y2_int2__0/B[16] is connected to registers with an asynchronous reset. This is preventing the possibility of merging these registers in to the DSP Block since the DSP block registers only possess synchronous reset capability.  It is suggested to recode or change these registers to remove the reset or use a synchronous reset to get the best optimization for performance, power and area.
Related violations: <none>

DPIR-1#371 Warning
Asynchronous driver check  
DSP u_q/y2_int2__0 input pin u_q/y2_int2__0/B[17] is connected to registers with an asynchronous reset. This is preventing the possibility of merging these registers in to the DSP Block since the DSP block registers only possess synchronous reset capability.  It is suggested to recode or change these registers to remove the reset or use a synchronous reset to get the best optimization for performance, power and area.
Related violations: <none>

DPIR-1#372 Warning
Asynchronous driver check  
DSP u_q/y2_int2__0 input pin u_q/y2_int2__0/B[1] is connected to registers with an asynchronous reset. This is preventing the possibility of merging these registers in to the DSP Block since the DSP block registers only possess synchronous reset capability.  It is suggested to recode or change these registers to remove the reset or use a synchronous reset to get the best optimization for performance, power and area.
Related violations: <none>

DPIR-1#373 Warning
Asynchronous driver check  
DSP u_q/y2_int2__0 input pin u_q/y2_int2__0/B[2] is connected to registers with an asynchronous reset. This is preventing the possibility of merging these registers in to the DSP Block since the DSP block registers only possess synchronous reset capability.  It is suggested to recode or change these registers to remove the reset or use a synchronous reset to get the best optimization for performance, power and area.
Related violations: <none>

DPIR-1#374 Warning
Asynchronous driver check  
DSP u_q/y2_int2__0 input pin u_q/y2_int2__0/B[3] is connected to registers with an asynchronous reset. This is preventing the possibility of merging these registers in to the DSP Block since the DSP block registers only possess synchronous reset capability.  It is suggested to recode or change these registers to remove the reset or use a synchronous reset to get the best optimization for performance, power and area.
Related violations: <none>

DPIR-1#375 Warning
Asynchronous driver check  
DSP u_q/y2_int2__0 input pin u_q/y2_int2__0/B[4] is connected to registers with an asynchronous reset. This is preventing the possibility of merging these registers in to the DSP Block since the DSP block registers only possess synchronous reset capability.  It is suggested to recode or change these registers to remove the reset or use a synchronous reset to get the best optimization for performance, power and area.
Related violations: <none>

DPIR-1#376 Warning
Asynchronous driver check  
DSP u_q/y2_int2__0 input pin u_q/y2_int2__0/B[5] is connected to registers with an asynchronous reset. This is preventing the possibility of merging these registers in to the DSP Block since the DSP block registers only possess synchronous reset capability.  It is suggested to recode or change these registers to remove the reset or use a synchronous reset to get the best optimization for performance, power and area.
Related violations: <none>

DPIR-1#377 Warning
Asynchronous driver check  
DSP u_q/y2_int2__0 input pin u_q/y2_int2__0/B[6] is connected to registers with an asynchronous reset. This is preventing the possibility of merging these registers in to the DSP Block since the DSP block registers only possess synchronous reset capability.  It is suggested to recode or change these registers to remove the reset or use a synchronous reset to get the best optimization for performance, power and area.
Related violations: <none>

DPIR-1#378 Warning
Asynchronous driver check  
DSP u_q/y2_int2__0 input pin u_q/y2_int2__0/B[7] is connected to registers with an asynchronous reset. This is preventing the possibility of merging these registers in to the DSP Block since the DSP block registers only possess synchronous reset capability.  It is suggested to recode or change these registers to remove the reset or use a synchronous reset to get the best optimization for performance, power and area.
Related violations: <none>

DPIR-1#379 Warning
Asynchronous driver check  
DSP u_q/y2_int2__0 input pin u_q/y2_int2__0/B[8] is connected to registers with an asynchronous reset. This is preventing the possibility of merging these registers in to the DSP Block since the DSP block registers only possess synchronous reset capability.  It is suggested to recode or change these registers to remove the reset or use a synchronous reset to get the best optimization for performance, power and area.
Related violations: <none>

DPIR-1#380 Warning
Asynchronous driver check  
DSP u_q/y2_int2__0 input pin u_q/y2_int2__0/B[9] is connected to registers with an asynchronous reset. This is preventing the possibility of merging these registers in to the DSP Block since the DSP block registers only possess synchronous reset capability.  It is suggested to recode or change these registers to remove the reset or use a synchronous reset to get the best optimization for performance, power and area.
Related violations: <none>

TIMING-16#1 Warning
Large setup violation  
There is a large setup violation of -6.592 ns between u_q/e12_state_reg[17]/C (clocked by clk) and u_q/e21_state_reg[0]/D (clocked by clk). Large setup violations at the end of those stages might be difficult to fix during the post-placement implementation flow and could be the result of non-optimal XDC constraints or non-optimal design architecture
Related violations: <none>

TIMING-16#2 Warning
Large setup violation  
There is a large setup violation of -6.626 ns between u_q/e12_state_reg[17]/C (clocked by clk) and u_q/y2_pm_prev1_reg[1]/D (clocked by clk). Large setup violations at the end of those stages might be difficult to fix during the post-placement implementation flow and could be the result of non-optimal XDC constraints or non-optimal design architecture
Related violations: <none>

TIMING-16#3 Warning
Large setup violation  
There is a large setup violation of -6.857 ns between u_i/e12_state_reg[17]/C (clocked by clk) and u_i/y2_pm_prev1_reg[1]/D (clocked by clk). Large setup violations at the end of those stages might be difficult to fix during the post-placement implementation flow and could be the result of non-optimal XDC constraints or non-optimal design architecture
Related violations: <none>

TIMING-16#4 Warning
Large setup violation  
There is a large setup violation of -7.004 ns between u_i/e12_state_reg[17]/C (clocked by clk) and u_i/e21_state_reg[0]/D (clocked by clk). Large setup violations at the end of those stages might be difficult to fix during the post-placement implementation flow and could be the result of non-optimal XDC constraints or non-optimal design architecture
Related violations: <none>

TIMING-16#5 Warning
Large setup violation  
There is a large setup violation of -7.106 ns between u_q/e12_state_reg[17]/C (clocked by clk) and u_q/y_mash_signed_reg[2]/D (clocked by clk). Large setup violations at the end of those stages might be difficult to fix during the post-placement implementation flow and could be the result of non-optimal XDC constraints or non-optimal design architecture
Related violations: <none>

TIMING-16#6 Warning
Large setup violation  
There is a large setup violation of -7.111 ns between u_q/e12_state_reg[17]/C (clocked by clk) and u_q/y_mash_signed_reg[1]/D (clocked by clk). Large setup violations at the end of those stages might be difficult to fix during the post-placement implementation flow and could be the result of non-optimal XDC constraints or non-optimal design architecture
Related violations: <none>

TIMING-16#7 Warning
Large setup violation  
There is a large setup violation of -7.218 ns between u_q/e12_state_reg[17]/C (clocked by clk) and u_q/y_mash_signed_reg[3]/D (clocked by clk). Large setup violations at the end of those stages might be difficult to fix during the post-placement implementation flow and could be the result of non-optimal XDC constraints or non-optimal design architecture
Related violations: <none>

TIMING-16#8 Warning
Large setup violation  
There is a large setup violation of -7.244 ns between u_i/e12_state_reg[17]/C (clocked by clk) and u_i/y_mash_signed_reg[2]/D (clocked by clk). Large setup violations at the end of those stages might be difficult to fix during the post-placement implementation flow and could be the result of non-optimal XDC constraints or non-optimal design architecture
Related violations: <none>

TIMING-16#9 Warning
Large setup violation  
There is a large setup violation of -7.322 ns between u_q/e12_state_reg[17]/C (clocked by clk) and u_q/e21_state_reg[1]/D (clocked by clk). Large setup violations at the end of those stages might be difficult to fix during the post-placement implementation flow and could be the result of non-optimal XDC constraints or non-optimal design architecture
Related violations: <none>

TIMING-16#10 Warning
Large setup violation  
There is a large setup violation of -7.343 ns between u_i/e12_state_reg[17]/C (clocked by clk) and u_i/y_mash_signed_reg[3]/D (clocked by clk). Large setup violations at the end of those stages might be difficult to fix during the post-placement implementation flow and could be the result of non-optimal XDC constraints or non-optimal design architecture
Related violations: <none>

TIMING-16#11 Warning
Large setup violation  
There is a large setup violation of -7.429 ns between u_q/e12_state_reg[17]/C (clocked by clk) and u_q/e21_state_reg[3]/D (clocked by clk). Large setup violations at the end of those stages might be difficult to fix during the post-placement implementation flow and could be the result of non-optimal XDC constraints or non-optimal design architecture
Related violations: <none>

TIMING-16#12 Warning
Large setup violation  
There is a large setup violation of -7.438 ns between u_q/e12_state_reg[17]/C (clocked by clk) and u_q/e21_state_reg[2]/D (clocked by clk). Large setup violations at the end of those stages might be difficult to fix during the post-placement implementation flow and could be the result of non-optimal XDC constraints or non-optimal design architecture
Related violations: <none>

TIMING-16#13 Warning
Large setup violation  
There is a large setup violation of -7.489 ns between u_q/e12_state_reg[17]/C (clocked by clk) and u_q/e21_state_reg[4]/D (clocked by clk). Large setup violations at the end of those stages might be difficult to fix during the post-placement implementation flow and could be the result of non-optimal XDC constraints or non-optimal design architecture
Related violations: <none>

TIMING-16#14 Warning
Large setup violation  
There is a large setup violation of -7.490 ns between u_i/e12_state_reg[17]/C (clocked by clk) and u_i/y_mash_signed_reg[1]/D (clocked by clk). Large setup violations at the end of those stages might be difficult to fix during the post-placement implementation flow and could be the result of non-optimal XDC constraints or non-optimal design architecture
Related violations: <none>

TIMING-16#15 Warning
Large setup violation  
There is a large setup violation of -7.643 ns between u_q/e12_state_reg[17]/C (clocked by clk) and u_q/e21_state_reg[5]/D (clocked by clk). Large setup violations at the end of those stages might be difficult to fix during the post-placement implementation flow and could be the result of non-optimal XDC constraints or non-optimal design architecture
Related violations: <none>

TIMING-16#16 Warning
Large setup violation  
There is a large setup violation of -7.659 ns between u_q/e12_state_reg[17]/C (clocked by clk) and u_q/e21_state_reg[7]/D (clocked by clk). Large setup violations at the end of those stages might be difficult to fix during the post-placement implementation flow and could be the result of non-optimal XDC constraints or non-optimal design architecture
Related violations: <none>

TIMING-16#17 Warning
Large setup violation  
There is a large setup violation of -7.733 ns between u_q/e12_state_reg[17]/C (clocked by clk) and u_q/e21_state_reg[8]/D (clocked by clk). Large setup violations at the end of those stages might be difficult to fix during the post-placement implementation flow and could be the result of non-optimal XDC constraints or non-optimal design architecture
Related violations: <none>

TIMING-16#18 Warning
Large setup violation  
There is a large setup violation of -7.754 ns between u_q/e12_state_reg[17]/C (clocked by clk) and u_q/e21_state_reg[6]/D (clocked by clk). Large setup violations at the end of those stages might be difficult to fix during the post-placement implementation flow and could be the result of non-optimal XDC constraints or non-optimal design architecture
Related violations: <none>

TIMING-16#19 Warning
Large setup violation  
There is a large setup violation of -7.757 ns between u_q/e12_state_reg[17]/C (clocked by clk) and u_q/e21_state_reg[9]/D (clocked by clk). Large setup violations at the end of those stages might be difficult to fix during the post-placement implementation flow and could be the result of non-optimal XDC constraints or non-optimal design architecture
Related violations: <none>

TIMING-16#20 Warning
Large setup violation  
There is a large setup violation of -7.773 ns between u_q/e12_state_reg[17]/C (clocked by clk) and u_q/e21_state_reg[11]/D (clocked by clk). Large setup violations at the end of those stages might be difficult to fix during the post-placement implementation flow and could be the result of non-optimal XDC constraints or non-optimal design architecture
Related violations: <none>

TIMING-16#21 Warning
Large setup violation  
There is a large setup violation of -7.847 ns between u_q/e12_state_reg[17]/C (clocked by clk) and u_q/e21_state_reg[12]/D (clocked by clk). Large setup violations at the end of those stages might be difficult to fix during the post-placement implementation flow and could be the result of non-optimal XDC constraints or non-optimal design architecture
Related violations: <none>

TIMING-16#22 Warning
Large setup violation  
There is a large setup violation of -7.868 ns between u_q/e12_state_reg[17]/C (clocked by clk) and u_q/e21_state_reg[10]/D (clocked by clk). Large setup violations at the end of those stages might be difficult to fix during the post-placement implementation flow and could be the result of non-optimal XDC constraints or non-optimal design architecture
Related violations: <none>

TIMING-16#23 Warning
Large setup violation  
There is a large setup violation of -7.871 ns between u_q/e12_state_reg[17]/C (clocked by clk) and u_q/e21_state_reg[13]/D (clocked by clk). Large setup violations at the end of those stages might be difficult to fix during the post-placement implementation flow and could be the result of non-optimal XDC constraints or non-optimal design architecture
Related violations: <none>

TIMING-16#24 Warning
Large setup violation  
There is a large setup violation of -7.887 ns between u_q/e12_state_reg[17]/C (clocked by clk) and u_q/e21_state_reg[15]/D (clocked by clk). Large setup violations at the end of those stages might be difficult to fix during the post-placement implementation flow and could be the result of non-optimal XDC constraints or non-optimal design architecture
Related violations: <none>

TIMING-16#25 Warning
Large setup violation  
There is a large setup violation of -7.961 ns between u_q/e12_state_reg[17]/C (clocked by clk) and u_q/e21_state_reg[16]/D (clocked by clk). Large setup violations at the end of those stages might be difficult to fix during the post-placement implementation flow and could be the result of non-optimal XDC constraints or non-optimal design architecture
Related violations: <none>

TIMING-16#26 Warning
Large setup violation  
There is a large setup violation of -7.982 ns between u_q/e12_state_reg[17]/C (clocked by clk) and u_q/e21_state_reg[14]/D (clocked by clk). Large setup violations at the end of those stages might be difficult to fix during the post-placement implementation flow and could be the result of non-optimal XDC constraints or non-optimal design architecture
Related violations: <none>

TIMING-16#27 Warning
Large setup violation  
There is a large setup violation of -7.985 ns between u_q/e12_state_reg[17]/C (clocked by clk) and u_q/e21_state_reg[17]/D (clocked by clk). Large setup violations at the end of those stages might be difficult to fix during the post-placement implementation flow and could be the result of non-optimal XDC constraints or non-optimal design architecture
Related violations: <none>

TIMING-16#28 Warning
Large setup violation  
There is a large setup violation of -7.991 ns between u_i/e12_state_reg[17]/C (clocked by clk) and u_i/e21_state_reg[1]/D (clocked by clk). Large setup violations at the end of those stages might be difficult to fix during the post-placement implementation flow and could be the result of non-optimal XDC constraints or non-optimal design architecture
Related violations: <none>

TIMING-16#29 Warning
Large setup violation  
There is a large setup violation of -8.083 ns between u_i/e12_state_reg[17]/C (clocked by clk) and u_i/e21_state_reg[3]/D (clocked by clk). Large setup violations at the end of those stages might be difficult to fix during the post-placement implementation flow and could be the result of non-optimal XDC constraints or non-optimal design architecture
Related violations: <none>

TIMING-16#30 Warning
Large setup violation  
There is a large setup violation of -8.112 ns between u_i/e12_state_reg[17]/C (clocked by clk) and u_i/e21_state_reg[2]/D (clocked by clk). Large setup violations at the end of those stages might be difficult to fix during the post-placement implementation flow and could be the result of non-optimal XDC constraints or non-optimal design architecture
Related violations: <none>

TIMING-16#31 Warning
Large setup violation  
There is a large setup violation of -8.143 ns between u_i/e12_state_reg[17]/C (clocked by clk) and u_i/e21_state_reg[4]/D (clocked by clk). Large setup violations at the end of those stages might be difficult to fix during the post-placement implementation flow and could be the result of non-optimal XDC constraints or non-optimal design architecture
Related violations: <none>

TIMING-16#32 Warning
Large setup violation  
There is a large setup violation of -8.295 ns between u_i/e12_state_reg[17]/C (clocked by clk) and u_i/e21_state_reg[5]/D (clocked by clk). Large setup violations at the end of those stages might be difficult to fix during the post-placement implementation flow and could be the result of non-optimal XDC constraints or non-optimal design architecture
Related violations: <none>

TIMING-16#33 Warning
Large setup violation  
There is a large setup violation of -8.315 ns between u_i/e12_state_reg[17]/C (clocked by clk) and u_i/e21_state_reg[7]/D (clocked by clk). Large setup violations at the end of those stages might be difficult to fix during the post-placement implementation flow and could be the result of non-optimal XDC constraints or non-optimal design architecture
Related violations: <none>

TIMING-16#34 Warning
Large setup violation  
There is a large setup violation of -8.391 ns between u_i/e12_state_reg[17]/C (clocked by clk) and u_i/e21_state_reg[8]/D (clocked by clk). Large setup violations at the end of those stages might be difficult to fix during the post-placement implementation flow and could be the result of non-optimal XDC constraints or non-optimal design architecture
Related violations: <none>

TIMING-16#35 Warning
Large setup violation  
There is a large setup violation of -8.399 ns between u_i/e12_state_reg[17]/C (clocked by clk) and u_i/e21_state_reg[6]/D (clocked by clk). Large setup violations at the end of those stages might be difficult to fix during the post-placement implementation flow and could be the result of non-optimal XDC constraints or non-optimal design architecture
Related violations: <none>

TIMING-16#36 Warning
Large setup violation  
There is a large setup violation of -8.412 ns between u_i/e12_state_reg[17]/C (clocked by clk) and u_i/e21_state_reg[9]/D (clocked by clk). Large setup violations at the end of those stages might be difficult to fix during the post-placement implementation flow and could be the result of non-optimal XDC constraints or non-optimal design architecture
Related violations: <none>

TIMING-16#37 Warning
Large setup violation  
There is a large setup violation of -8.432 ns between u_i/e12_state_reg[17]/C (clocked by clk) and u_i/e21_state_reg[11]/D (clocked by clk). Large setup violations at the end of those stages might be difficult to fix during the post-placement implementation flow and could be the result of non-optimal XDC constraints or non-optimal design architecture
Related violations: <none>

TIMING-16#38 Warning
Large setup violation  
There is a large setup violation of -8.508 ns between u_i/e12_state_reg[17]/C (clocked by clk) and u_i/e21_state_reg[12]/D (clocked by clk). Large setup violations at the end of those stages might be difficult to fix during the post-placement implementation flow and could be the result of non-optimal XDC constraints or non-optimal design architecture
Related violations: <none>

TIMING-16#39 Warning
Large setup violation  
There is a large setup violation of -8.516 ns between u_i/e12_state_reg[17]/C (clocked by clk) and u_i/e21_state_reg[10]/D (clocked by clk). Large setup violations at the end of those stages might be difficult to fix during the post-placement implementation flow and could be the result of non-optimal XDC constraints or non-optimal design architecture
Related violations: <none>

TIMING-16#40 Warning
Large setup violation  
There is a large setup violation of -8.529 ns between u_i/e12_state_reg[17]/C (clocked by clk) and u_i/e21_state_reg[13]/D (clocked by clk). Large setup violations at the end of those stages might be difficult to fix during the post-placement implementation flow and could be the result of non-optimal XDC constraints or non-optimal design architecture
Related violations: <none>

TIMING-16#41 Warning
Large setup violation  
There is a large setup violation of -8.549 ns between u_i/e12_state_reg[17]/C (clocked by clk) and u_i/e21_state_reg[15]/D (clocked by clk). Large setup violations at the end of those stages might be difficult to fix during the post-placement implementation flow and could be the result of non-optimal XDC constraints or non-optimal design architecture
Related violations: <none>

TIMING-16#42 Warning
Large setup violation  
There is a large setup violation of -8.625 ns between u_i/e12_state_reg[17]/C (clocked by clk) and u_i/e21_state_reg[16]/D (clocked by clk). Large setup violations at the end of those stages might be difficult to fix during the post-placement implementation flow and could be the result of non-optimal XDC constraints or non-optimal design architecture
Related violations: <none>

TIMING-16#43 Warning
Large setup violation  
There is a large setup violation of -8.633 ns between u_i/e12_state_reg[17]/C (clocked by clk) and u_i/e21_state_reg[14]/D (clocked by clk). Large setup violations at the end of those stages might be difficult to fix during the post-placement implementation flow and could be the result of non-optimal XDC constraints or non-optimal design architecture
Related violations: <none>

TIMING-16#44 Warning
Large setup violation  
There is a large setup violation of -8.646 ns between u_i/e12_state_reg[17]/C (clocked by clk) and u_i/e21_state_reg[17]/D (clocked by clk). Large setup violations at the end of those stages might be difficult to fix during the post-placement implementation flow and could be the result of non-optimal XDC constraints or non-optimal design architecture
Related violations: <none>


