F95E
F8DF
F861
F7E5
F76C
F6F6
F686
F61C
F5B9
F55E
F50C
F4C5
F48A
F45B
F43A
F427
F425
F432
F451
F483
F4C7
F51E
F58A
F60A
F69E
F748
F806
F8DA
F9C2
FABF
FBD1
FCF6
FE2F
FF79
00D4
0241
03BD
0547
06DF
0883
0A31
0BE8
0DA6
0F6A
1132
12FC
14C7
168F
1854
1A14
1BCC
1D7B
1F1F
20B5
223C
23B3
2517
2666
27A0
28C2
29CB
2AB9
2B8B
2C41
2CD8
2D50
2DA8
2DE0
2DF6
2DEB
2DBF
2D70
2CFF
2C6C
2BB8
2AE3
29EE
28D8
27A4
2651
24E2
2357
21B1
1FF2
1E1C
1C2F
1A2F
181B
15F7
13C4
1185
0F3A
0CE6
0A8B
082C
05C9
0366
0104
FEA7
FC4E
F9FD
F7B4
F577
F347
F125
EF13
ED14
EB28
E950
E78F
E5E5
E455
E2DE
E181
E041
DF1D
DE16
DD2D
DC62
DBB7
DB2A
DABD
DA6F
DA40
DA31
DA42
DA71
DABF
DB2B
DBB7
DC60
DD25
DE07
DF04
E01B
E14C
E296
E3F6
E56E
E6FA
E89B
EA4E
EC14
EDE9
EFCE
F1C0
F3BF
F5C8
F7DB
F9F7
FC19
FE40
006B
0298
04C6
06F4
0920
0B48
0D6C
0F8A
11A0
13AD
15B0
17A8
1993
1B70
1D3F
1EFD
20A9
2243
23CA
253D
269B
27E2
2913
2A2C
2B2D
2C16
2CE5
2D9A
2E36
2EB7
2F1E
2F6A
2F9B
2FB2
2FAD
2F8E
2F55
2F02
2E95
2E0F
2D70
2CB9
2BEA
2B05
2A09
28F8
27D3
269B
2550
23F4
2287
210C
1F83
1DEC
1C4B
1A9F
18EA
172E
156B
13A3
11D7
1009
0E3A
0C6B
0A9E
08D3
070C
054A
038F
01DC
0030
FE8F
FCF8
FB6E
F9F0
F87F
F71D
F5CA
F486
F353
F232
F121
F023
EF37
EE5E
ED98
ECE5
EC45
EBB9
EB40
EADB
EA89
EA4A
EA1E
EA05
E9FE
EA09
EA26
EA54
EA93
EAE2
EB41
EBAE
EC2A
ECB4
ED4B
EDEF
EE9E
EF59
F01D
F0EB
F1C2
F2A1
F388
F475
F567
F65F
F75B
F85A
F95D
FA61
FB67
FC6E
FD76
FE7C
FF82
0087
0189
0289
0386
0480
0575
0667
0754
083C
091E
09FC
0AD4
0BA7
0C73
0D3A
0DFA
0EB4
0F68
1016
10BE
115F
11FB
1290
1320
13AA
142E
14AE
1528
159D
160D
1679
16E1
1745
17A5
1802
185C
18B2
1907
1958
19A8
19F6
1A43
1A8E
1AD9
1B22
1B6C
1BB4
1BFD
1C45
1C8D
1CD5
1D1D
1D66
1DAF
1DF8
1E41
1E8A
1ED3
1F1D
1F66
1FAF
1FF7
203F
2086
20CC
2110
2153
2194
21D2
220E
2247
227C
22AE
22DB
2303
2327
2345
235D
236E
2379
237C
2378
236B
2356
2338
2310
22DE
22A3
225C
220B
21AE
2146
20D2
2052
1FC6
1F2D
1E87
1DD5
1D16
1C4A
1B71
1A8B
1998
1899
178C
1674
154F
141C
12DD
1193
103D
0EDD
0D73
0BFF
0A82
08FC
076F
05D9
043D
029A
00F2
FF45
FD94
FBDF
FA28
F86F
F6B5
F4FB
F341
F189
EFD4
EE21
EC73
EAC9
E925
E788
E5F2
E465
E2E0
E165
DFF4
DE8E
DD34
DBE7
DAA8
D977
D854
D741
D63E
D54C
D46A
D39A
D2DC
D230
D196
D110
D09C
D03C
CFEE
CFB5
CF8F
CF7C
CF7D
CF91
CFB9
CFF3
D040
D0A0
D112
D195
D22A
D2CF
D385
D44A
D51F
D601
D6F1
D7EF
D8F8
DA0D
DB2D
DC57
DD8B
DEC6
E00A
E153
E2A3
E3F8
E551
E6AE
E80C
E96D
EACE
EC2F
ED8F
EEED
F048
F1A0
F2F4
F443
F58B
F6CE
F809
F93B
FA65
FB86
FC9D
FDAA
FEAB
FFA2
008D
016C
023F
0305
03BE
046A
0508
0599
061C
0691
06F9
0752
079E
07DD
080E
0831
0848
0851
084F
083F
0824
07FE
07CC
0790
074A
06F9
069F
063D
05D2
0561
04E8
0469
03E5
035B
02CD
023C
01A6
010E
0074
FFD9
FF3C
FE9F
FE02
FD65
FCCA
FC30
FB99
FB04
FA72
F9E3
F958
F8D2
F850
F7D3
F75B
F6E8
F67B
F615
F5B6
F55C
F509
F4BD
F478
F439
F400
F3CF
F3A4
F37F
F361
F34A
F338
F32D
F328
F328
F32E
F338
F348
F35C
F375
F391
F3B2
F3D5
F3FC
F425
F450
F47D
F4AC
F4DC
F50D
F53E
F570
F5A1
F5D2
F601
F630
F65C
F687
F6AF
F6D5
F6F8
F718
F735
F74F
F765
F777
F786
F791
F797
F79A
F798
F793
F789
F77B
F76A
F754
F73A
F71D
F6FC
F6D8
F6B1
F686
F658
F627
F5F3
F5BE
F587
F54E
F514
F4D9
F49D
F462
F426
F3EB
F3B0
F377
F33F
F309
F2D5
F2A4
F276
F24A
F223
F1FF
F1E0
F1C5
F1AF
F19E
F193
F18D
F18D
F193
F19F
F1B2
F1CB
F1EB
F213
F241
F276
F2B3
F2F7
F342
F395
F3EF
F450
F4B9
F528
F59E
F61B
F69F
F729
F7B9
F850
F8EC
F98D
FA34
FADF
FB90
FC44
FCFD
FDB9
FE78
FF3A
FFFF
00C7
0190
025A
0326
03F2
04C0
058D
065A
0727
07F3
08BD
0986
0A4D
0B12
0BD4
0C94
0D50
0E09
0EBE
0F6F
101B
10C4
1167
1206
12A0
1335
13C4
144E
14D3
1552
15CC
163F
16AE
1717
1779
17D6
182E
1881
18CE
1916
195A
1998
19D2
1A08
1A39
1A66
1A8F
1AB5
1AD7
1AF6
1B12
1B2B
1B41
1B55
1B67
1B78
1B86
1B93
1B9F
1BAB
1BB5
1BBE
1BC8
1BD1
1BDA
1BE3
1BED
1BF7
1C01
1C0C
1C18
1C24
1C31
1C3E
1C4C
1C5B
1C6B
1C7B
1C8C
1C9D
1CAF
1CC1
1CD4
1CE6
1CF9
1D0B
1D1D
1D2E
1D3F
1D4E
1D5D
1D69
1D74
1D7D
1D84
1D88
1D89
1D87
1D83
1D7C
1D71
1D62
1D4D
1D33
1D14
1CF0
1CC5
1C94
1C5C
1C1E
1BD8
1B8B
1B36
1AD9
1A75
1A08
1993
1915
188F
1800
1768
16C7
161E
156B
14B0
13EB
131F
1249
116B
1085
0F97
0EA3
0DA6
0CA2
0B97
0A85
096D
084F
072B
0601
04D3
03A0
0269
012F
FFF2
FEB2
FD70
FC2D
FAE9
F9A4
F860
F71D
F5DB
F49B
F35E
F224
F0EF
EFBD
EE91
ED6B
EC4B
EB31
EA1F
E914
E812
E71A
E62B
E546
E46C
E39D
E2DA
E223
E179
E0DC
E04C
DFCA
DF56
DEF1
DE9A
DE52
DE18
DDEF
DDD4
DDC9
DDCE
DDE2
DE06
DE39
DE7C
DECE
DF2F
DF9F
E01E
E0AC
E147
E1F0
E2A6
E36A
E43A
E516
E5FF
E6F2
E7F0
E8F9
EA0B
EB26
EC4A
ED76
EEA9
EFE2
F122
F266
F3AF
F4FC
F64B
F79D
F8F1
FA45
FB9A
FCEE
FE41
FF91
00DF
0229
036F
04B0
05EC
0722
0851
0979
0A98
0BAF
0CBC
0DBF
0EB7
0FA4
1085
115A
1223
12DE
138C
142C
14BE
1541
15B6
161B
1672
16B9
16F0
1718
1730
1738
1731
171A
16F3
16BD
1677
1623
15C1
1550
14D1
1444
13AA
1302
124D
118C
10BF
0FE6
0F03
0E15
0D1D
0C1C
0B13
0A01
08E8
07C8
06A2
0576
0446
0312
01DA
00A0
FF64
FE27
FCEA
FBAC
FA70
F936
F7FE
F6C9
F597
F46A
F342
F220
F105
EFF0
EEE3
EDDE
ECE3
EBF0
EB08
EA2A
E958
E890
E7D5
E726
E684
E5EF
E567
E4EE
E482
E424
E3D5
E395
E363
E340
E32C
E326
E330
E348
E36F
E3A5
E3E8
E43A
E49A
E507
E581
E609
E69D
E73D
E7E9
E8A0
E962
EA2E
EB03
EBE1
ECC8
EDB7
EEAC
EFA8
F0AA
F1B0
F2BB
F3C9
F4DA
F5EC
F700
F814
F928
FA3A
FB4A
FC57
FD61
FE66
FF67
0063
0158
0245
032A
0407
04DA
05A3
0661
0714
07BA
0854
08E0
095E
09CE
0A2F
0A81
0AC3
0AF5
0B17
0B27
0B27
0B16
0AF3
0ABE
0A79
0A21
09B8
093E
08B2
0815
0768
06AA
05DC
04FE
0410
0314
020A
00F1
FFCB
FE99
FD5A
FC11
FABC
F95E
F7F7
F688
F511
F394
F212
F08B
EF01
ED74
EBE5
EA57
E8C8
E73C
E5B2
E42C
E2AA
E12F
DFBA
DE4D
DCEA
DB8F
DA3F
D8FB
D7C4
D69C
D582
D479
D380
D299
D1C4
D103
D055
CFBD
CF39
CECC
CE75
CE34
CE0C
CDFB
CE02
CE21
CE59
CEA9
CF12
CF94
D02F
D0E2
D1AE
D292
D38E
D4A1
D5CB
D70B
D860
D9CA
DB4A
DCDD
DE84
E03C
E207
E3E1
E5CB
E7C4
E9CA
EBDC
EDF9
F020
F24F
F486
F6C3
F904
FB49
FD90
FFD7
021D
0461
06A1
08DC
0B11
0D3E
0F61
117A
1387
1586
1777
1958
1B27
1CE4
1E8E
2022
21A1
2309
2459
2591
26AF
27B2
289B
2967
2A18
2AAB
2B21
2B7A
2BB4
2BD1
2BCF
2BAF
2B70
2B13
2A98
2A00
2949
2876
2786
267A
2552
2410
22B5
2140
1FB3
1E0F
1C55
1A85
18A1
16AB
14A3
128B
1065
0E30
0BF0
09A6
0752
04F7
0296
0031
FDC9
FB61
F8F8
F692
F430
F1D3
EF7D
ED30
EAEC
E8B5
E68A
E46E
E262
E067
DE7E
DCAA
DAEB
D942
D7B1
D638
D4D8
D393
D269
D15B
D06A
CF96
CEDF
CE47
CDCE
CD73
CD37
CD1B
CD1D
CD3F
CD7F
CDDE
CE5C
CEF7
CFB0
D086
D178
D285
D3AD
D4EF
D64A
D7BC
D945
DAE3
DC95
DE5B
E032
E21A
E411
E616
E826
EA41
EC66
EE91
F0C2
F2F8
F530
F769
F9A1
FBD7
FE08
0034
0259
0475
0687
088D
0A85
0C6E
0E48
100F
11C4
1364
14EF
1664
17C1
1906
1A32
1B42
1C38
1D12
1DCF
1E6E
1EF0
1F54
1F9A
1FC1
1FC9
1FB3
1F7D
1F29
1EB6
1E26
1D77
1CAA
1BC1
1ABC
199A
185E
1708
1598
1410
1271
10BC
0EF1
0D13
0B22
0922
0711
04F2
02C5
008D
FE4A
FBFF
F9AC
F753
F4F6
F297
F036
EDD5
EB77
E91C
E6C6
E476
E22E
DFF0
DDBD
DB96
D97C
D771
D577
D38E
D1B7
CFF5
CE46
CCAE
CB2D
C9C3
C871
C739
C61B
C517
C42E
C361
C2B0
C21B
C1A3
C147
C108
C0E7
C0E2
C0F9
C12E
C17E
C1EB
C274
C318
C3D6
C4AF
C5A2
C6AD
C7D1
C90B
CA5D
CBC4
CD41
CED0
D073
D228
D3ED
D5C2
D7A5
D995
DB91
DD99
DFAA
E1C4
E3E5
E60D
E83A
EA6B
EC9F
EED4
F10A
F33F
F572
F7A3
F9CF
FBF7
FE18
0033
0245
044F
064F
0845
0A2F
0C0D
0DDE
0FA1
1157
12FD
1495
161C
1793
18FA
1A4F
1B93
1CC5
1DE5
1EF3
1FEF
20D9
21B1
2276
2329
23CB
245A
24D8
2545
25A0
25EB
2626
2650
266A
2676
2672
2661
2641
2614
25DB
2595
2543
24E7
247F
240E
2393
2310
2284
21F0
2154
20B2
200A
1F5D
1EAA
1DF3
1D38
1C79
1BB8
1AF5
1A2F
1969
18A1
17D9
1712
164A
1584
14BF
13FB
133A
127B
11BE
1104
104D
0F9A
0EEA
0E3E
0D96
0CF0
0C50
0BB3
0B1B
0A87
09F8
096E
08E8
0867
07EB
0773
0700
0692
0628
05C2
0561
0504
04AC
0457
0407
03BB
0372
032E
02ED
02AF
0275
023F
020B
01DB
01AE
0183
015C
0137
0114
00F4
00D7
00BC
00A4
008E
007B
0069
005A
004D
0041
0038
0030
002A
0026
0023
0022
0022
0024
0027
002B
0030
0037
003E
0046
004F
0059
0064
006F
007A
0086
0094
00A1
00AF
00BC
00C9
00D6
00E3
00EF
00FB
0106
0111
011A
0123
012A
0130
0135
0139
013B
013B
0139
0136
0130
0129
011E
0112
0103
00F1
00DC
00C5
00AA
008C
006B
0047
001F
FFF4
FFC5
FF91
FF5A
FF1F
FEE0
FE9C
FE55
FE09
FDB9
FD65
FD0D
FCB1
FC51
FBED
FB86
FB1B
FAAC
FA3A
F9C5
F94C
F8D1
F854
F7D3
F751
F6CD
F646
F5BF
F536
F4AD
F422
F397
F30C
F282
F1F9
F170
F0E9
F064
EFE1
EF60
EEE2
EE68
EDF0
ED7D
ED0E
ECA3
EC3D
EBDC
EB81
EB2B
EADC
EA92
EA50
EA14
E9E0
E9B3
E98D
E970
E95A
E94D
E949
E94C
E959
E96E
E98C
E9B3
E9E3
EA1D
EA60
EAAC
EB01
EB5F
EBC7
EC37
ECB1
ED33
EDBE
EE52
EEEE
EF92
F03E
F0F2
F1AE
F270
F33A
F40A
F4E0
F5BC
F69E
F786
F872
F962
FA57
FB4F
FC4B
FD49
FE49
FF4B
004F
0154
0259
035F
0464
0569
066D
0770
0872
0972
0A6F
0B6A
0C63
0D58
0E4A
0F39
1024
110B
11ED
12CC
13A6
147B
154B
1617
16DD
179E
185A
1911
19C1
1A6D
1B12
1BB2
1C4C
1CE0
1D6E
1DF7
1E7A
1EF7
1F6F
1FE1
204E
20B6
2118
2175
21CE
2221
2270
22BB
2301
2342
2380
23B9
23EF
2421
244F
247A
24A1
24C5
24E6
2503
251E
2536
254B
255E
256E
257B
2586
258D
2593
2595
2595
2592
258C
2583
2577
2568
2555
253F
2526
2509
24E8
24C3
249A
246C
243A
2403
23C8
2388
2342
22F7
22A7
2251
21F5
2193
212C
20BE
204B
1FD1
1F51
1ECB
1E3E
1DAB
1D11
1C71
1BCA
1B1D
1A69
19AF
18EE
1828
175B
1689
15B0
14D2
13EF
1307
1219
1128
1031
0F37
0E3A
0D39
0C35
0B2F
0A26
091C
0811
0705
05F9
04EE
03E4
02DB
01D4
00D0
FFCF
FED2
FDD9
FCE5
FBF7
FB0E
FA2D
F952
F87F
F7B4
F6F2
F639
F58A
F4E5
F44B
F3BC
F338
F2C0
F254
F1F5
F1A2
F15D
F124
F0F9
F0DC
F0CC
F0CA
F0D6
F0F0
F117
F14C
F18F
F1DF
F23C
F2A7
F31E
F3A1
F431
F4CC
F572
F623
F6DE
F7A3
F870
F947
FA25
FB0A
FBF6
FCE7
FDDE
FED8
FFD6
00D7
01DA
02DD
03E0
04E3
05E4
06E2
07DE
08D5
09C8
0AB5
0B9C
0C7C
0D54
0E23
0EE9
0FA5
1056
10FD
1197
1225
12A7
131B
1381
13DA
1424
145F
148C
14A9
14B7
14B6
14A6
1486
1457
1418
13CA
136D
1301
1288
1200
116C
10CA
101D
0F64
0EA0
0DD2
0CFA
0C1A
0B32
0A42
094D
0853
0754
0652
054E
0449
0343
023E
013B
003B
FF3F
FE48
FD57
FC6D
FB8B
FAB3
F9E4
F920
F869
F7BE
F721
F693
F614
F5A5
F547
F4FA
F4C0
F499
F484
F484
F497
F4BF
F4FC
F54E
F5B4
F630
F6C1
F767
F823
F8F3
F9D7
FAD0
FBDC
FCFC
FE2F
FF74
00CB
0233
03AB
0534
06CA
086E
0A1F
0BDB
0DA1
0F71
1149
1327
150C
16F4
18E0
1ACE
1CBC
1EA9
2094
227C
245E
263B
2810
29DC
2B9E
2D54
2EFE
3099
3226
33A1
350C
3663
37A7
38D6
39F0
3AF2
3BDD
3CB0
3D6A
3E0A
3E90
3EFB
3F4B
3F7F
3F97
3F94
3F73
3F37
3EDE
3E69
3DD7
3D2A
3C61
3B7D
3A7E
3965
3832
36E6
3582
3406
3274
30CC
2F0F
2D3F
2B5C
2968
2762
254D
232A
20FB
1EC1
1C7C
1A2F
17DC
1582
1324
10C3
0E61
0BFF
099E
0740
04E6
0291
0043
FDFE
FBC1
F990
F76A
F552
F347
F14C
EF61
ED88
EBC1
EA0D
E86D
E6E1
E56B
E40B
E2C2
E190
E076
DF74
DE8A
DDB9
DD00
DC60
DBD9
DB6B
DB15
DAD7
DAB1
DAA3
DAAC
DACC
DB01
DB4D
DBAD
DC22
DCAA
DD45
DDF2
DEB0
DF7E
E05B
E146
E23F
E344
E454
E56E
E691
E7BD
E8F1
EA2A
EB68
ECAA
EDEF
EF36
F07E
F1C5
F30C
F450
F591
F6CD
F805
F938
FA63
FB87
FCA4
FDB7
FEC1
FFC2
00B7
01A2
0282
0355
041D
04D9
0588
062A
06C0
0749
07C6
0835
0898
08EF
093A
097A
09AE
09D7
09F5
0A09
0A14
0A16
0A10
0A01
09EC
09D0
09AE
0987
095B
092C
08FB
08C7
0891
085B
0826
07F1
07BD
078D
075F
0735
070F
06EF
06D4
06BF
06B1
06AA
06AB
06B5
06C7
06E3
0708
0737
076F
07B3
0801
0859
08BC
092A
09A3
0A26
0AB4
0B4D
0BEF
0C9C
0D52
0E12
0EDB
0FAC
1085
1166
124E
133C
1430
1529
1628
172A
182F
1937
1A40
1B4A
1C53
1D5C
1E63
1F68
2069
2165
225D
234E
2439
251C
25F6
26C7
278E
284B
28FB
29A0
2A38
2AC2
2B3F
2BAC
2C0B
2C5A
2C9A
2CC9
2CE7
2CF5
2CF3
2CE1
2CBD
2C88
2C42
2BEA
2B82
2B08
2A7E
29E3
2938
287D
27B3
26D9
25F0
24FA
23F5
22E3
21C5
209C
1F67
1E27
1CDE
1B8C
1A33
18D2
176A
15FE
148C
1318
11A0
1027
0EAE
0D36
0BBE
0A49
08D6
0768
05FF
049B
033E
01E9
009D
FF59
FE20
FCF1
FBCE
FAB7
F9AD
F8B1
F7C2
F6E3
F612
F551
F4A0
F3FF
F36F
F2F0
F282
F225
F1DA
F1A0
F177
F15F
F159
F163
F17E
F1AA
F1E6
F232
F28D
F2F8
F370
F3F7
F48B
F52C
F5D9
F692
F755
F822
F8F8
F9D6
FABC
FBA8
FC9B
FD92
FE8D
FF8B
008B
018D
028E
038F
048F
058C
0685
077B
086B
0955
0A39
0B15
0BE8
0CB3
0D73
0E29
0ED4
0F72
1003
1086
10FB
1162
11B9
1201
1238
125E
1273
1277
1269
1249
1217
11D3
117C
1113
1097
100A
0F6A
0EB8
0DF4
0D1F
0C39
0B43
0A3D
0928
0803
06CF
058E
043F
02E3
017B
0007
FE89
FD01
FB70
F9D6
F835
F68D
F4E0
F32E
F178
EFBF
EE04
EC47
EA8B
E8D0
E716
E55F
E3AC
E1FE
E055
DEB3
DD18
DB87
D9FF
D881
D70F
D5A8
D44E
D302
D1C4
D096
CF77
CE69
CD6C
CC81
CBA9
CAE4
CA32
C995
C90C
C898
C83A
C7F1
C7BE
C7A2
C79B
C7AC
C7D2
C810
C864
C8CE
C94F
C9E6
CA94
CB57
CC30
CD1E
CE20
CF37
D061
D19E
D2EE
D450
D5C2
D746
D8D8
DA7A
DC2A
DDE7
DFB1
E185
E365
E54D
E73F
E937
EB36
ED3A
EF43
F14E
F35C
F56A
F778
F985
FB8F
FD96
FF97
0194
0389
0576
075A
0933
0B01
0CC3
0E76
101C
11B1
1336
14AA
160B
1758
1892
19B6
1AC5
1BBD
1C9E
1D67
1E17
1EAF
1F2D
1F91
1FDB
200B
201F
2019
1FF7
1FBA
1F62
1EEE
1E5F
1DB4
1CEF
1C10
1B16
1A03
18D6
1790
1633
14BE
1332
1190
0FD8
0E0D
0C2E
0A3D
083A
0627
0404
01D4
FF97
FD4E
FAFA
F89E
F63A
F3CF
F15F
EEEC
EC76
EA00
E789
E515
E2A3
E036
DDCF
DB6F
D918
D6CC
D48C
D258
D033
CE1D
CC18
CA26
C846
C67B
C4C5
C326
C19E
C02E
BED7
BD9B
BC79
BB72
BA87
B9B9
B908
B874
B7FE
B7A6
B76C
B751
B753
B774
B7B2
B80E
B889
B920
B9D4
BAA5
BB92
BC9A
BDBC
BEF7
C04B
C1B7
C33A
C4D2
C67E
C83E
CA0F
CBF1
CDE2
CFE0
D1EB
D401
D620
D846
DA73
DCA4
DED8
E10D
E342
E575
E7A5
E9CF
EBF2
EE0C
F01D
F222
F41A
F604
F7DE
F9A6
FB5C
FCFE
FE8B
0001
0160
02A6
03D3
04E5
05DC
06B7
0775
0816
0899
08FD
0942
0969
0970
0957
0920
08C9
0853
07BE
070A
0638
0547
0439
030E
01C7
0066
FEEA
FD56
FBA9
F9E6
F80E
F621
F422
F211
EFF0
EDC1
EB85
E93D
E6ED
E494
E235
DFD2
DD6C
DB05
D89F
D63B
D3DC
D183
CF31
CCE9
CAAD
C87C
C65B
C447
C246
C057
BE7C
BCB7
BB09
B973
B7F6
B694
B54D
B422
B315
B226
B156
B0A4
B013
AFA2
AF51
AF21
AF12
AF24
AF57
AFAB
B01F
B0B4
B168
B23C
B32E
B43E
B56B
B6B5
B81B
B99B
BB34
BCE6
BEAF
C08E
C281
C488
C6A0
C8C8
CAFF
CD43
CF92
D1EB
D44D
D6B4
D921
DB91
DE02
E073
E2E2
E54D
E7B3
EA12
EC69
EEB6
F0F7
F32B
F551
F767
F96C
FB5F
FD3F
FF0B
00C1
0260
03E8
0558
06AF
07EB
090E
0A16
0B03
0BD4
0C8A
0D24
0DA3
0E06
0E4E
0E7A
0E8C
0E84
0E62
0E26
0DD2
0D67
0CE4
0C4C
0B9E
0ADD
0A08
0922
082B
0725
0611
04F1
03C6
0291
0153
000E
FEC3
FD73
FC21
FACD
F979
F827
F6D8
F58E
F449
F30B
F1D6
F0AB
EF8A
EE77
ED70
EC79
EB91
EAB9
E9F4
E941
E8A1
E815
E79D
E73B
E6EE
E6B8
E697
E68E
E69B
E6BF
E6FA
E74C
E7B4
E831
E8C5
E96E
EA2C
EAFD
EBE2
ECDA
EDE4
EEFE
F028
F161
F2A8
F3FC
F55B
F6C4
F836
F9B0
FB31
FCB6
FE3E
FFC9
0155
02E0
0469
05EE
076E
08E8
0A5A
0BC4
0D23
0E77
0FBE
10F7
1220
133A
1442
1538
161A
16E8
17A1
1845
18D2
1948
19A6
19EC
1A1A
1A30
1A2C
1A10
19DA
198C
1925
18A5
180E
175E
1698
15BA
14C7
13C0
12A3
1174
1031
0EDD
0D79
0C05
0A83
08F5
075B
05B7
040A
0257
009D
FEE0
FD20
FB5E
F99E
F7DF
F625
F46F
F2C1
F11B
EF7F
EDEF
EC6B
EAF7
E992
E83E
E6FD
E5D0
E4B8
E3B9
E2D1
E201
E14A
E0AE
E02C
DFC6
DF7C
DF4F
DF3F
DF4D
DF78
DFC2
E02A
E0B0
E155
E218
E2F8
E3F6
E511
E648
E79B
E90A
EA93
EC35
EDF0
EFC3
F1AC
F3AB
F5BD
F7E3
FA1A
FC62
FEB8
011C
038B
0604
0885
0B0D
0D9A
102A
12BB
154C
17DB
1A66
1CEC
1F6B
21E1
244C
26AB
28FD
2B3F
2D70
2F8F
319B
3391
3570
3739
38E8
3A7D
3BF7
3D56
3E97
3FBB
40BF
41A5
426A
4310
4395
43FA
443E
4460
4462
4442
4402
43A2
4321
4280
41C1
40E2
3FE6
3ECD
3D98
3C47
3ADB
3957
37BA
3607
343D
3260
306F
2E6C
2C59
2A37
2808
25CD
2389
213B
1EE7
1C8C
1A2D
17CC
1569
1307
10A7
0E4B
0BF4
09A3
075B
051C
02E8
00C0
FEA6
FC9B
FAA0
F8B5
F6DD
F519
F368
F1CD
F047
EED8
ED81
EC41
EB19
EA0B
E916
E83A
E77A
E6D4
E648
E5D6
E57D
E53D
E516
E508
E512
E534
E56D
E5BD
E622
E69D
E72C
E7CF
E884
E94B
EA23
EB0A
EC00
ED04
EE14
EF2F
F055
F183
F2B9
F3F6
F538
F67E
F7C6
F911
FA5C
FBA7
FCF0
FE36
FF78
00B4
01EA
0319
043F
055C
066F
0776
0871
095F
0A40
0B13
0BD6
0C8A
0D2E
0DC2
0E45
0EB7
0F17
0F65
0FA2
0FCC
0FE5
0FEC
0FE0
0FC3
0F95
0F55
0F03
0EA0
0E2D
0DAB
0D19
0C78
0BC9
0B0D
0A44
0970
0890
07A6
06B2
05B6
04B1
03A6
0296
0180
0065
FF48
FE29
FD08
FBE7
FAC7
F9A8
F88C
F773
F65E
F54E
F444
F341
F245
F151
F066
EF84
EEAC
EDDE
ED1C
EC65
EBBB
EB1D
EA8C
EA08
E992
E92A
E8CF
E883
E845
E815
E7F3
E7E0
E7DA
E7E3
E7F9
E81D
E84D
E88B
E8D5
E92C
E98D
E9FA
EA72
EAF4
EB7F
EC12
ECAE
ED51
EDFC
EEAC
EF62
F01C
F0DA
F19C
F25F
F325
F3EB
F4B1
F577
F63B
F6FD
F7BB
F877
F92D
F9DF
FA8B
FB30
FBCF
FC66
FCF4
FD7A
FDF7
FE6B
FED4
FF33
FF87
FFD0
000B
003C
0060
0079
0086
0087
007C
0065
0043
0015
FFDB
FF97
FF48
FEEE
FE8A
FE1D
FDA6
FD26
FC9F
FC0F
FB79
FADB
FA38
F990
F8E3
F833
F77F
F6C8
F611
F558
F49F
F3E6
F32E
F278
F1C5
F115
F069
EFC2
EF21
EE86
EDF3
ED67
ECE4
EC6A
EBFA
EB94
EB39
EAEA
EAA7
EA70
EA47
EA2A
EA1C
EA1B
EA29
EA45
EA70
EAA9
EAF2
EB4A
EBB0
EC26
ECAA
ED3D
EDE0
EE91
EF50
F01D
F0F7
F1DD
F2D0
F3CF
F4D8
F5ED
F70A
F831
F961
FA98
FBD5
FD19
FE62
FFAF
00FF
0251
03A5
04FA
064E
07A0
08F0
0A3C
0B85
0CC7
0E04
0F39
1066
118A
12A5
13B5
14BA
15B2
169E
177C
184B
190B
19BB
1A5B
1AEA
1B67
1BD2
1C2A
1C6F
1CA1
1CBF
1CC9
1CBE
1CA0
1C6D
1C25
1BC9
1B58
1AD4
1A3B
198E
18CE
17FA
1714
161C
1512
13F5
12C8
118B
103F
0EE5
0D7E
0C0B
0A8C
0903
0770
05D6
0433
028B
00DE
FF2D
FD79
FBC4
FA0E
F85A
F6A7
F4F8
F34E
F1A9
F00C
EE76
ECEA
EB69
E9F3
E88A
E72F
E5E2
E4A6
E379
E25E
E156
E060
DF7F
DEB3
DDFC
DD5B
DCD2
DC5F
DC05
DBC2
DB98
DB87
DB8F
DBB1
DBEB
DC3F
DCAC
DD33
DDD2
DE8A
DF5A
E043
E142
E259
E387
E4CA
E622
E78E
E90E
EAA1
EC45
EDFA
EFBF
F192
F372
F55F
F756
F957
FB61
FD72
FF89
01A4
03C3
05E3
0804
0A24
0C41
0E5B
1070
127F
1486
1684
1878
1A60
1C3C
1E09
1FC8
2177
2315
24A1
2619
277E
28CE
2A09
2B2E
2C3C
2D33
2E12
2ED8
2F87
301C
3098
30FB
3145
3176
318E
318C
3172
3140
30F6
3094
301B
2F8C
2EE7
2E2D
2D5F
2C7E
2B8B
2A86
2971
284D
271A
25DB
2491
233C
21DF
207A
1F0E
1D9E
1C2A
1AB3
193C
17C5
1651
14DF
1373
120C
10AD
0F57
0E0B
0CCA
0B96
0A70
0959
0852
075C
0678
05A7
04EB
0443
03B0
0334
02CE
0280
0249
022B
0227
023C
0269
02B0
030F
0386
0416
04BE
057E
0654
0741
0844
095B
0A87
0BC7
0D18
0E7B
0FEE
116F
12FF
149B
1642
17F2
19AB
1B6B
1D2F
1EF7
20C2
228C
2455
261C
27DD
299B
2B51
2CFD
2E9F
3034
31BA
3331
3496
35E9
3727
384F
395F
3A58
3B36
3BF9
3CA0
3D2A
3D95
3DE2
3E0E
3E19
3E03
3DCB
3D71
3CF4
3C53
3B90
3AA9
399E
3871
3720
35AD
3419
3263
308B
2E94
2C7D
2A48
27F5
2585
22FB
2056
1D99
1AC5
17DC
14DE
11CF
0EAE
0B7F
0843
04FC
01AC
FE54
FAF8
F798
F438
F0D8
ED7B
EA23
E6D3
E38C
E050
DD22
DA02
D6F5
D3FB
D116
CE48
CB92
C8F7
C678
C417
C1D5
BFB4
BDB5
BBD9
BA21
B890
B725
B5E1
B4C6
B3D5
B30C
B26F
B1FB
B1B3
B196
B1A3
B1DC
B240
B2CF
B388
B46A
B576
B6AB
B807
B98A
BB33
BD01
BEF2
C106
C33A
C58E
C800
CA8F
CD38
CFFA
D2D3
D5C1
D8C3
DBD6
DEF8
E228
E563
E8A8
EBF3
EF44
F298
F5ED
F940
FC90
FFDB
031F
065A
0989
0CAB
0FBE
12C0
15B0
188B
1B51
1DFF
2095
2310
2570
27B3
29D8
2BDF
2DC5
2F8B
312F
32B2
3411
354D
3666
375B
382B
38D8
3961
39C5
3A06
3A24
3A1E
39F6
39AD
3942
38B7
380C
3743
365C
3559
343A
3302
31B1
3048
2EC8
2D34
2B8D
29D4
280A
2632
244C
225B
2060
1E5D
1C53
1A44
1832
161D
1408
11F5
0FE4
0DD7
0BCF
09CF
07D7
05E9
0405
022E
0063
FEA7
FCFA
FB5E
F9D2
F858
F6F0
F59B
F459
F32B
F212
F10C
F01C
EF40
EE7A
EDC8
ED2B
ECA2
EC2E
EBCE
EB81
EB47
EB20
EB0A
EB06
EB12
EB2E
EB59
EB92
EBD7
EC29
EC86
ECEC
ED5B
EDD2
EE4E
EED0
EF56
EFDE
F069
F0F5
F180
F209
F290
F313
F391
F408
F479
F4E1
F540
F595
F5DF
F61C
F64D
F671
F686
F68C
F682
F669
F63F
F604
F5B7
F55A
F4EA
F469
F3D5
F330
F278
F1AE
F0D3
EFE6
EEEA
EDDC
ECBF
EB93
EA58
E910
E7BA
E658
E4EA
E371
E1EF
E063
DED0
DD36
DB97
D9F3
D84B
D6A1
D4F5
D34A
D1A0
CFF8
CE53
CCB4
CB1A
C987
C7FC
C67B
C504
C39A
C23B
C0EB
BFA9
BE77
BD55
BC44
BB46
BA5B
B983
B8C0
B811
B778
B6F5
B688
B632
B5F3
B5CB
B5BB
B5C2
B5E0
B616
B663
B6C7
B742
B7D4
B87C
B93A
BA0D
BAF5
BBF1
BD00
BE22
BF56
C09C
C1F2
C358
C4CC
C64F
C7DE
C979
CB1E
CCCD
CE85
D044
D209
D3D3
D5A1
D772
D944
DB17
DCE9
DEBA
E087
E250
E414
E5D2
E789
E938
EADD
EC79
EE09
EF8E
F105
F26F
F3CB
F519
F657
F786
F8A5
F9B3
FAB1
FB9D
FC77
FD40
FDF6
FE9B
FF2D
FFAE
001C
0078
00C2
00FB
0122
0139
013E
0133
0119
00EF
00B6
006F
001B
FFBA
FF4C
FED3
FE51
FDC6
FD31
FC94
FBEF
FB43
FA92
F9DB
F920
F861
F7A0
F6DE
F61A
F556
F493
F3D2
F313
F257
F19F
F0EB
F03D
EF94
EEF2
EE57
EDC3
ED38
ECB5
EC3C
EBCC
EB66
EB0A
EAB9
EA75
EA3D
EA0F
E9ED
E9D6
E9CA
E9CA
E9D4
E9EA
EA0B
EA36
EA6D
EAAD
EAF8
EB4D
EBAC
EC14
EC84
ECFE
ED7F
EE08
EE98
EF2F
EFCC
F06E
F116
F1C2
F273
F327
F3DE
F497
F552
F60D
F6C8
F784
F83F
F8F9
F9B1
FA68
FB1D
FBCE
FC7D
FD28
FDCE
FE71
FF0F
FFA7
003B
00C9
0151
01D3
024F
02C4
0333
039C
03FE
045A
04AF
04FE
0546
0587
05C3
05F8
0627
064D
066D
0688
069D
06AE
06BA
06C2
06C6
06C6
06C3
06BC
06B4
06A9
069C
068D
067E
066D
065D
064C
063B
062B
061C
060E
0601
05F7
05EE
05E8
05E5
05E4
05E7
05ED
05F6
0603
0615
062A
0642
065F
0680
06A5
06CD
06FA
072A
075D
0794
07CF
080C
084D
0890
08D5
091C
0965
09B0
09FC
0A48
0A95
0AE2
0B2F
0B7B
0BC6
0C0F
0C56
0C9B
0CDD
0D1C
0D59
0D92
0DC8
0DF8
0E23
0E49
0E68
0E82
0E95
0EA1
0EA5
0EA3
0E98
0E86
0E6B
0E48
0E1D
0DE8
0DAB
0D66
0D17
0CBF
0C5F
0BF5
0B83
0B08
0A85
09F9
0965
08CA
0826
077B
06C9
0611
0552
048D
03C2
02F2
021E
0145
0069
FF89
FEA7
FDC3
FCDE
FBF7
FB11
FA2B
F945
F861
F780
F6A1
F5C5
F4EE
F41B
F34D
F284
F1C2
F107
F053
EFA6
EF02
EE66
EDD4
ED4B
ECCD
EC58
EBED
EB8D
EB37
EAEC
EAAC
EA77
EA4D
EA2E
EA1A
EA11
EA13
EA20
EA37
EA59
EA85
EABB
EAFB
EB44
EB96
EBF0
EC52
ECBB
ED2C
EDA2
EE1F
EEA1
EF27
EFB1
F03E
F0D0
F164
F1F8
F28D
F321
F3B3
F443
F4D0
F55A
F5DF
F65E
F6D8
F74B
F7B6
F819
F873
F8C4
F90B
F947
F977
F99C
F9B5
F9C1
F9C0
F9B2
F995
F96B
F932
F8EB
F895
F830
F7BC
F73B
F6AA
F60B
F55D
F4A2
F3D8
F301
F21D
F12C
F02F
EF26
EE13
ECF5
EBCE
EA9E
E966
E827
E6E1
E597
E448
E2F6
E1A2
E04D
DEF7
DDA3
DC51
DB02
D9B8
D874
D736
D601
D4D5
D3B2
D29B
D191
D095
CFA8
CECB
CDFF
CD45
CC9E
CC0C
CB8F
CB28
CAD8
CAA0
CA80
CA79
CA8C
CABA
CB02
CB66
CBE5
CC80
CD38
CE0C
CEFC
D009
D132
D278
D3DA
D557
D6F0
D8A3
DA72
DC5B
DE5D
E077
E2A9
E4F1
E74E
E9C1
EC46
EEDE
F186
F43E
F705
F9D8
FCB6
FF9F
0290
0587
0884
0B84
0E86
1187
1488
1784
1A7C
1D6D
2055
2333
2605
28C8
2B7D
2E20
30B2
332F
3596
37E5
3A1C
3C38
3E39
401C
41E1
4387
450C
4670
47B1
48CE
49C7
4A9B
4B4A
4BD2
4C34
4C6F
4C83
4C6F
4C34
4BD2
4B48
4A98
49C0
48C3
47A0
4657
44EA
435A
41A7
3FD1
3DDC
3BC6
3992
3742
34D5
324F
2FB0
2CF9
2A2E
274E
245D
215B
1E4A
1B2D
1806
14D6
119E
0E62
0B23
07E3
04A5
0169
FE32
FB01
F7DA
F4BD
F1AD
EEAC
EBBA
E8DA
E60E
E358
E0B8
DE30
DBC3
D970
D73A
D521
D327
D14C
CF93
CDFA
CC84
CB31
CA02
C8F6
C80F
C74C
C6AE
C635
C5E0
C5B0
C5A5
C5BD
C5FA
C659
C6DB
C77E
C843
C928
CA2B
CB4D
CC8C
CDE6
CF5B
D0EA
D290
D44C
D61D
D802
D9F8
DBFF
DE14
E035
E262
E497
E6D5
E918
EB5F
EDA8
EFF1
F23A
F47F
F6BF
F8F9
FB2B
FD54
FF71
0181
0383
0576
0757
0927
0AE3
0C88
0E18
0F91
10F2
123B
136A
1480
157B
165B
171F
17C8
1855
18C7
191C
1955
1973
1975
195C
1928
18DA
1872
17F2
1759
16A9
15E3
1507
1416
1313
11FD
10D6
0F9F
0E5A
0D08
0BAA
0A42
08D0
0757
05D8
0454
02CE
0145
FFBC
FE35
FCB0
FB30
F9B5
F841
F6D6
F574
F41D
F2D2
F195
F066
EF47
EE39
ED3C
EC52
EB7B
EAB8
EA0A
E972
E8EF
E883
E82D
E7F1
E7CC
E7BF
E7C9
E7EA
E823
E873
E8DA
E958
E9EB
EA94
EB52
EC24
ED09
EE01
EF0B
F026
F150
F289
F3D0
F524
F683
F7EB
F95D
FAD7
FC56
FDDB
FF63
00EE
0279
0405
058E
0715
0899
0A16
0B8C
0CFB
0E5F
0FB9
1107
1248
137B
149F
15B2
16B5
17A5
1883
194E
1A04
1AA6
1B32
1BA9
1C0A
1C54
1C87
1CA4
1CAA
1C99
1C72
1C33
1BDE
1B74
1AF3
1A5D
19B4
18F6
1824
1740
164A
1542
1429
1302
11CB
1087
0F37
0DDC
0C76
0B08
0992
0815
0693
050D
0385
01FB
0070
FEE7
FD61
FBDD
FA5F
F8E7
F776
F60D
F4AD
F358
F20F
F0D1
EFA3
EE83
ED71
EC70
EB7E
EA9E
E9CF
E912
E868
E7D1
E74C
E6DB
E67E
E634
E5FD
E5DA
E5CB
E5CF
E5E5
E60E
E649
E696
E6F4
E763
E7E1
E86F
E90B
E9B4
EA6B
EB2D
EBFA
ECD1
EDB1
EE98
EF87
F07B
F175
F272
F371
F472
F574
F675
F773
F86F
F967
FA5A
FB46
FC2B
FD09
FDDD
FEA7
FF66
0019
00C0
015A
01E7
0265
02D4
0334
0384
03C4
03F4
0413
0422
0420
040D
03EA
03B7
0374
0322
02C1
0251
01D3
0148
00B0
000B
FF5C
FEA1
FDDD
FD10
FC3B
FB5F
FA7D
F996
F8AB
F7BD
F6CD
F5DD
F4EE
F400
F315
F22F
F14E
F073
EF9F
EED5
EE15
ED61
ECB8
EC1D
EB8F
EB10
EAA1
EA43
E9F6
E9BB
E993
E97E
E97E
E992
E9BA
E9F8
EA4C
EAB5
EB34
EBC9
EC74
ED34
EE0A
EEF5
EFF5
F10A
F232
F36E
F4BC
F61C
F78E
F90F
FAA2
FC42
FDEF
FFA9
016D
033A
0510
06ED
08D0
0AB7
0CA0
0E8B
1076
1260
1447
1629
1805
19DA
1BA7
1D68
1F1F
20C8
2263
23EE
2567
26CF
2822
2961
2A8A
2B9C
2C96
2D77
2E3E
2EEA
2F7B
2FF0
3047
3082
309F
309E
307F
3042
2FE5
2F6A
2ED1
2E19
2D43
2C50
2B3F
2A11
28C6
2760
25DF
2444
2290
20C4
1EE0
1CE6
1AD7
18B4
167F
1439
11E4
0F7F
0D10
0A95
0811
0584
02F1
005A
FDBE
FB22
F885
F5E9
F351
F0BD
EE2F
EBA9
E92C
E6BA
E454
E1FB
DFB1
DD77
DB4E
D938
D736
D549
D371
D1B0
D006
CE75
CCFD
CB9F
CA5C
C933
C828
C739
C666
C5B0
C515
C498
C436
C3F1
C3C8
C3BB
C3C9
C3F3
C437
C495
C50C
C59D
C645
C704
C7DA
C8C5
C9C4
CAD7
CBFD
CD33
CE7A
CFD0
D133
D2A4
D41F
D5A5
D734
D8CA
DA66
DC08
DDAD
DF54
E0FE
E2A7
E44F
E5F6
E798
E937
EAD0
EC62
EDED
EF70
F0E9
F258
F3BC
F514
F65F
F79D
F8CE
F9F0
FB04
FC08
FCFC
FDE1
FEB5
FF79
002D
00D0
0162
01E3
0253
02B2
0300
033F
036E
038D
039D
039F
0392
0378
0351
031C
02DC
0290
023A
01D9
016E
00FA
007F
FFFB
FF71
FEE1
FE4B
FDB0
FD11
FC6F
FBCA
FB23
FA7A
F9D1
F927
F87E
F7D6
F730
F68B
F5E9
F54A
F4AE
F416
F382
F2F2
F267
F1E1
F160
F0E4
F06D
EFFC
EF91
EF2C
EECC
EE72
EE1E
EDCF
ED86
ED42
ED03
ECCA
EC95
EC65
EC39
EC12
EBEE
EBCE
EBB2
EB98
EB82
EB6E
EB5C
EB4B
EB3C
EB2E
EB21
EB15
EB08
EAFC
EAEF
EAE2
EAD4
EAC5
EAB5
EAA4
EA91
EA7D
EA67
EA50
EA37
EA1C
E9FF
E9E1
E9C1
E99F
E97D
E959
E933
E90D
E8E7
E8BF
E897
E86F
E847
E820
E7FA
E7D5
E7B2
E792
E773
E758
E740
E72C
E71C
E710
E709
E708
E70C
E716
E727
E73E
E75D
E783
E7B1
E7E6
E824
E86B
E8BA
E911
E972
E9DC
EA4F
EACA
EB4F
EBDD
EC73
ED12
EDBA
EE6A
EF22
EFE2
F0A9
F178
F24D
F328
F40A
F4F0
F5DB
F6CB
F7BE
F8B3
F9AB
FAA5
FB9F
FC99
FD93
FE8A
FF80
0072
0160
024A
032D
040A
04E0
05AD
0672
072D
07DC
0880
0918
09A3
0A1F
0A8D
0AEB
0B3A
0B77
0BA4
0BBE
0BC7
0BBC
0B9F
0B6E
0B29
0AD1
0A64
09E2
094C
08A2
07E4
0711
062A
0530
0421
0300
01CC
0086
FF2D
FDC5
FC4C
FAC3
F92C
F786
F5D4
F416
F24D
F079
EE9C
ECB7
EACC
E8DA
E6E4
E4EB
E2EF
E0F2
DEF6
DCFB
DB04
D910
D722
D53A
D35A
D184
CFB8
CDF8
CC45
CAA0
C90B
C786
C613
C4B3
C368
C230
C10F
C005
BF11
BE37
BD75
BCCC
BC3E
BBCB
BB72
BB36
BB15
BB10
BB27
BB5B
BBAB
BC17
BC9F
BD43
BE03
BEDE
BFD4
C0E5
C20F
C352
C4AE
C621
C7AB
C94C
CB03
CCCD
CEAB
D09B
D29B
D4AB
D6C9
D8F4
DB2B
DD6C
DFB7
E209
E462
E6C0
E922
EB86
EDEC
F051
F2B4
F514
F770
F9C6
FC15
FE5C
009A
02CD
04F4
070E
091A
0B18
0D04
0EE0
10AB
1263
1407
1597
1712
1876
19C5
1AFD
1C1E
1D27
1E18
1EF2
1FB3
205C
20ED
2166
21C6
220F
2240
225A
225D
224A
2220
21E1
218D
2125
20A9
201A
1F7A
1EC8
1E06
1D34
1C54
1B65
1A6B
1964
1853
1738
1615
14EA
13B9
1283
1148
100A
0EC9
0D88
0C46
0B05
09C7
088A
0752
061E
04F0
03C9
02A8
0190
0080
FF7A
FE7E
FD8D
FCA8
FBCE
FB01
FA41
F98D
F8E7
F84F
F7C5
F749
F6DC
F67E
F62E
F5EE
F5BC
F599
F585
F57F
F588
F59F
F5C4
F5F7
F637
F685
F6DE
F745
F7B7
F834
F8BC
F94E
F9EB
FA90
FB3E
FBF4
FCB2
FD76
FE40
FF10
FFE4
00BD
0199
0278
0359
043C
051F
0604
06E7
07CB
08AC
098C
0A69
0B44
0C1B
0CED
0DBC
0E85
0F4A
1008
10C1
1173
121E
12C2
135F
13F4
1481
1506
1583
15F8
1663
16C6
1721
1772
17BA
17F8
182E
185A
187D
1897
18A7
18AE
18AD
18A2
188E
1872
184C
181E
17E8
17A9
1763
1714
16BD
165E
15F8
158A
1515
1499
1416
138C
12FC
1265
11C8
1124
107B
0FCB
0F16
0E5B
0D9A
0CD5
0C0A
0B39
0A64
098B
08AC
07CA
06E3
05F7
0508
0415
031F
0224
0127
0026
FF23
FE1C
FD13
FC08
FAFA
F9EA
F8D8
F7C5
F6B0
F59A
F483
F36A
F251
F138
F01E
EF05
EDEC
ECD4
EBBD
EAA7
E993
E880
E770
E662
E558
E450
E34C
E24C
E150
E058
DF66
DE78
DD91
DCAF
DBD4
DB00
DA32
D96D
D8AF
D7F9
D74C
D6A7
D60C
D57C
D4F5
D479
D407
D3A0
D344
D2F3
D2AE
D275
D247
D226
D210
D207
D20A
D21A
D236
D25F
D294
D2D6
D324
D37E
D3E4
D457
D4D5
D55F
D5F4
D695
D740
D7F6
D8B6
D980
DA54
DB33
DC1C
DD0C
DE04
DF03
E00A
E116
E228
E340
E45C
E57C
E6A0
E7C7
E8F0
EA1B
EB48
EC75
EDA2
EECF
EFFA
F124
F24C
F371
F493
F5B1
F6CB
F7E0
F8F0
F9FA
FAFD
FBFA
FCF0
FDE0
FEC8
FFA7
007E
014D
0212
02CD
037F
0428
04C7
055C
05E7
0668
06DF
074D
07B1
080B
085C
08A3
08E2
0918
0945
096A
0988
099E
09AC
09B4
09B6
09B2
09A9
099B
0988
0971
0957
093A
091B
08F9
08D7
08B4
0890
086D
084B
082A
080B
07EE
07D5
07BE
07AB
079C
0792
078D
078D
0793
079E
07B0
07C8
07E7
080D
083A
086E
08AA
08ED
0937
0989
09E1
0A41
0AA8
0B17
0B8D
0C09
0C8D
0D16
0DA7
0E3D
0ED8
0F79
101F
10C9
1178
1229
12DE
1396
1450
150B
15C8
1685
1742
17FF
18BB
1975
1A2C
1AE1
1B93
1C41
1CEB
1D8F
1E2E
1EC7
1F59
1FE5
2069
20E6
215A
21C6
222A
2284
22D5
231C
235A
238E
23B7
23D7
23EC
23F7
23F8
23EF
23DB
23BE
2396
2365
232A
22E6
2299
2243
21E5
217F
2111
209C
2020
1F9D
1F14
1E86
1DF3
1D5C
1CC1
1C22
1B81
1ADD
1A38
1991
18EA
1843
179D
16F8
1655
15B4
1516
147B
13E4
1351
12C3
123A
11B7
113A
10C4
1054
0FEB
0F89
0F2F
0EDD
0E93
0E51
0E17
0DE6
0DBD
0D9D
0D85
0D75
0D6D
0D6D
0D75
0D84
0D9B
0DB8
0DDC
0E06
0E35
0E6A
0EA4
0EE2
0F23
0F68
0FAF
0FF9
1044
108F
10DB
1126
1170
11B9
11FF
1242
1281
12BB
12F1
1322
134C
136F
138C
13A0
13AC
13AF
13A8
1398
137D
1358
1327
12EB
12A4
1250
11F1
1185
110C
1087
0FF6
0F57
0EAD
0DF5
0D31
0C61
0B86
0A9E
09AB
08AD
07A3
068F
0571
044A
031A
01E2
00A2
FF5B
FE0D
FCBB
FB63
FA07
F8A8
F747
F5E4
F480
F31D
F1BA
F059
EEFB
EDA0
EC4A
EAFA
E9AF
E86B
E730
E5FD
E4D3
E3B4
E29F
E197
E09A
DFAB
DECA
DDF7
DD32
DC7C
DBD6
DB40
DABA
DA45
D9E1
D98E
D94D
D91D
D8FF
D8F3
D8F9
D910
D939
D974
D9BF
DA1C
DA8A
DB08
DB96
DC34
DCE0
DD9C
DE65
DF3C
E01F
E10F
E20A
E312
E422
E53C
E65F
E788
E8B8
E9EE
EB28
EC67
EDA8
EEEC
F030
F175
F2B9
F3FC
F53D
F67A
F7B3
F8E8
FA17
FB3F
FC60
FD7A
FE8B
FF93
0091
0184
026D
034B
041C
04E2
059B
0647
06E6
0779
07FD
0874
08DD
0939
0987
09C7
09FA
0A1F
0A37
0A43
0A42
0A34
0A1B
09F7
09C7
098D
0949
08FC
08A6
0848
07E3
0777
0704
068D
0610
0590
050D
0487
0400
0378
02EF
0267
01E1
015D
00DC
005F
FFE6
FF72
FF04
FE9C
FE3B
FDE2
FD91
FD49
FD0A
FCD5
FCA9
FC88
FC72
FC66
FC66
FC72
FC88
FCAB
FCD9
FD13
FD58
FDA9
FE06
FE6D
FEE0
FF5D
FFE4
0075
0110
01B5
0262
0317
03D4
0497
0562
0632
0707
07E0
08BE
099E
0A80
0B64
0C48
0D2C
0E0F
0EF0
0FCE
10A9
117F
1250
131C
13E0
149D
1552
15FE
16A0
1737
17C3
1844
18B8
191F
1979
19C5
1A03
1A32
1A52
1A63
1A64
1A55
1A36
1A07
19C7
1977
1917
18A6
1825
1794
16F2
1642
1582
14B2
13D5
12E9
11EF
10E8
0FD4
0EB5
0D8A
0C55
0B14
09CB
087A
0721
05C1
045C
02F2
0184
0012
FE9F
FD2B
FBB6
FA43
F8D1
F761
F5F6
F48F
F32D
F1D2
F07E
EF33
EDF1
ECB8
EB8B
EA69
E954
E84C
E751
E666
E589
E4BC
E400
E354
E2B9
E22F
E1B9
E154
E103
E0C4
E099
E082
E07E
E08E
E0B2
E0E9
E133
E192
E203
E287
E31E
E3C8
E483
E551
E62F
E71E
E81D
E92B
EA49
EB74
ECAD
EDF3
EF46
F0A3
F20B
F37B
F4F4
F675
F7FD
F98B
FB1E
FCB6
FE51
FFEF
018E
032E
04CE
066C
0809
09A2
0B38
0CC9
0E54
0FD8
1156
12CB
1438
159B
16F3
1841
1983
1AB8
1BE1
1CFC
1E0A
1F08
1FF8
20D8
21A8
2267
2317
23B5
2443
24C0
252C
2586
25CF
2607
262D
2643
2647
263A
261C
25EE
25B0
2561
2503
2496
2419
238E
22F5
224E
219A
20DA
200D
1F35
1E52
1D64
1C6D
1B6D
1A64
1954
183C
171E
15F9
14D0
13A2
1270
113B
1004
0ECA
0D90
0C56
0B1B
09E2
08AA
0775
0642
0513
03E8
02C2
01A1
0086
FF72
FE64
FD5D
FC5F
FB68
FA7A
F996
F8BA
F7E9
F722
F665
F5B3
F50B
F46E
F3DC
F355
F2DA
F26A
F205
F1AC
F15F
F11D
F0E6
F0BB
F09B
F087
F07E
F07F
F08C
F0A3
F0C4
F0F0
F126
F165
F1AD
F1FF
F25A
F2BC
F327
F39A
F413
F493
F51A
F5A7
F63A
F6D2
F76E
F80F
F8B5
F95D
FA09
FAB7
FB67
FC1A
FCCD
FD81
FE36
FEEA
FF9E
0051
0103
01B3
0261
030C
03B5
045A
04FB
0598
0631
06C5
0754
07DE
0862
08DF
0957
09C8
0A32
0A96
0AF2
0B48
0B96
0BDD
0C1C
0C53
0C83
0CAB
0CCC
0CE4
0CF5
0CFE
0CFF
0CF8
0CEA
0CD5
0CB8
0C93
0C68
0C35
0BFC
0BBC
0B75
0B28
0AD5
0A7D
0A1E
09BA
0950
08E2
086F
07F8
077D
06FF
067D
05F9
0572
04E9
045D
03D1
0343
02B5
0226
0197
0109
007B
FFEE
FF63
FED9
FE52
FDCD
FD4B
FCCD
FC51
FBDA
FB67
FAF8
FA8E
FA28
F9C7
F96C
F917
F8C8
F87F
F83D
F801
F7CC
F79E
F777
F758
F73F
F72E
F725
F723
F729
F736
F74B
F767
F78B
F7B6
F7E9
F822
F864
F8AC
F8FB
F951
F9AE
FA11
FA7A
FAEA
FB5F
FBDA
FC5B
FCE0
FD6B
FDFB
FE8F
FF27
FFC3
0063
0106
01AC
0255
0300
03AD
045C
050C
05BE
0670
0723
07D6
0889
093C
09ED
0A9E
0B4D
0BFA
0CA6
0D4F
0DF6
0E99
0F3A
0FD8
1071
1107
1199
1226
12AF
1334
13B3
142E
14A3
1514
157F
15E5
1646
16A1
16F7
1747
1792
17D7
1817
1852
1888
18B8
18E3
1909
1929
1945
195C
196F
197D
1986
198B
198B
1987
197F
1973
1963
1950
1939
191F
1903
18E3
18C1
189D
1876
184D
1823
17F6
17C8
1799
1769
1738
1706
16D4
16A1
166D
163A
1606
15D3
159F
156C
153A
1508
14D6
14A4
1473
1443
1414
13E6
13B8
138C
1361
1336
130D
12E4
12BD
1296
1270
124A
1226
1202
11DE
11BB
1198
1176
1154
1131
110F
10ED
10CA
10A7
1084
1060
103C
1017
0FF2
0FCC
0FA5
0F7E
0F55
0F2C
0F02
0ED7
0EAB
0E7E
0E50
0E21
0DF0
0DBF
0D8C
0D59
0D24
0CEE
0CB7
0C7F
0C46
0C0C
0BD1
0B96
0B59
0B1D
0ADF
0AA2
0A63
0A25
09E7
09A9
096B
092E
08F2
08B7
087C
0842
080A
07D3
079E
076B
073A
070B
06DE
06B4
068C
0668
0647
0629
060E
05F7
05E4
05D5
05CA
05C3
05C1
05C3
05CA
05D5
05E5
05FA
0613
0632
0655
067E
06AB
06DD
0715
0751
0791
07D7
0820
086F
08C1
0918
0973
09D2
0A34
0A9A
0B03
0B6F
0BDE
0C50
0CC4
0D3A
0DB2
0E2B
0EA6
0F22
0F9E
101B
1097
1114
1190
120B
1284
12FD
1374
13EA
145C
14CC
1539
15A2
1607
1668
16C4
171C
176F
17BC
1803
1845
1880
18B4
18E2
1909
1928
1941
1951
195A
195B
1953
1944
192D
190D
18E5
18B5
187C
183C
17F4
17A5
174E
16EF
1689
161B
15A6
152A
14A8
141E
138F
12FA
125F
11BE
1119
106F
0FC1
0F0F
0E59
0DA0
0CE5
0C27
0B68
0AA7
09E6
0924
0862
07A1
06E1
0623
0566
04AC
03F6
0343
0294
01E9
0144
00A4
000A
FF76
FEEA
FE65
FDE7
FD72
FD05
FCA2
FC47
FBF7
FBB0
FB74
FB43
FB1C
FB01
FAF1
FAEC
FAF4
FB07
FB26
FB52
FB89
FBCD
FC1C
FC78
FCE0
FD54
FDD4
FE5F
FEF6
FF98
0045
00FD
01C0
028C
0362
0442
052B
061C
0715
0816
091E
0A2C
0B41
0C5B
0D79
0E9C
0FC3
10ED
1219
1346
1475
15A4
16D3
1800
192C
1A56
1B7C
1C9F
1DBE
1ED8
1FED
20FA
2201
22FF
23F5
24E2
25C5
269E
276B
282D
28E2
298B
2A26
2AB3
2B32
2BA2
2C03
2C54
2C95
2CC6
2CE6
2CF5
2CF2
2CDF
2CBA
2C83
2C3B
2BE1
2B76
2AF9
2A6B
29CC
291C
285B
278A
26A8
25B6
24B4
23A3
2284
2155
2019
1ED0
1D7A
1C17
1AA9
1930
17AD
1620
148B
12ED
1148
0F9D
0DEB
0C35
0A7C
08BF
06FF
053F
037E
01BD
FFFD
FE40
FC86
FAD1
F920
F775
F5D1
F435
F2A1
F116
EF95
EE20
ECB5
EB58
EA07
E8C4
E78F
E669
E553
E44D
E357
E273
E1A0
E0DE
E02F
DF92
DF07
DE90
DE2B
DDDA
DD9B
DD70
DD57
DD50
DD5D
DD7C
DDAD
DDF1
DE46
DEAD
DF24
DFAC
E044
E0EB
E1A0
E264
E335
E413
E4FD
E5F2
E6F1
E7F9
E90A
EA22
EB41
EC66
ED8F
EEBD
EFEC
F11E
F250
F382
F4B2
F5E0
F709
F82D
F94B
FA63
FB73
FC7B
FD7A
FE6E
FF57
0034
0104
01C6
027A
031F
03B4
0438
04AC
050E
055E
059C
05C7
05DF
05E3
05D4
05B1
057A
052F
04D0
045D
03D6
033C
028E
01CB
00F5
000C
FF12
FE05
FCE8
FBBA
FA7D
F931
F7D7
F66F
F4FB
F37B
F1F1
F05D
EEC1
ED1D
EB73
E9C4
E810
E659
E4A1
E2E7
E12F
DF78
DDC3
DC13
DA69
D8C4
D728
D594
D40A
D28A
D115
CFAE
CE55
CD0B
CBD2
CAAA
C993
C890
C7A0
C6C4
C5FE
C54D
C4B2
C42F
C3C2
C36E
C331
C30D
C301
C30D
C333
C371
C3C8
C437
C4BE
C55E
C615
C6E4
C7C9
C8C5
C9D7
CAFC
CC36
CD84
CEE4
D057
D1DA
D36E
D511
D6C1
D87F
DA49
DC1D
DDFB
DFE1
E1CE
E3C0
E5B7
E7B1
E9AD
EBAA
EDA6
EF9F
F195
F386
F571
F755
F930
FB01
FCC7
FE81
002D
01CA
0357
04D2
063C
0793
08D7
0A06
0B1F
0C23
0D10
0DE6
0EA5
0F4B
0FD8
104D
10A8
10EA
1113
1122
1118
10F4
10B7
1060
0FF1
0F6A
0ECB
0E14
0D46
0C62
0B68
0A59
0936
07FF
06B6
055B
03F0
0275
00EB
FF53
FDB0
FC00
FA47
F884
F6BA
F4E9
F313
F138
EF5A
ED7B
EB9B
E9BC
E7DF
E604
E42E
E25E
E093
DED1
DD17
DB67
D9C2
D828
D69C
D51D
D3AC
D24A
D0FA
CFBA
CE8C
CD71
CC68
CB72
CA90
C9C1
C907
C862
C7D1
C755
C6ED
C69B
C65D
C634
C61F
C61F
C632
C659
C694
C6E1
C741
C7B2
C835
C8C9
C96C
CA1F
CAE1
CBB1
CC8E
CD78
CE6E
CF6F
D07A
D18F
D2AD
D3D3
D500
D634
D76D
D8AC
D9EE
DB33
DC7B
DDC5
DF10
E05B
E1A6
E2F0
E438
E57E
E6C1
E801
E93D
EA74
EBA8
ECD6
EDFF
EF22
F03F
F156
F267
F372
F475
F572
F668
F758
F841
F924
FA01
FAD8
FBA9
FC75
FD3C
FDFE
FEBC
FF75
002B
00DE
018E
023C
02E8
0392
043C
04E5
058F
0639
06E4
0791
0840
08F2
09A6
0A5E
0B1A
0BDA
0CA0
0D6A
0E3A
0F0F
0FEA
10CB
11B2
129F
1393
148D
158E
1696
17A4
18B9
19D4
1AF6
1C1D
1D4B
1E7E
1FB6
20F3
2235
237B
24C5
2612
2761
28B3
2A06
2B5A
2CAE
2E02
2F55
30A6
31F5
3341
3488
35CB
3709
383F
396F
3A97
3BB6
3CCC
3DD8
3ED9
3FCE
40B7
4193
4261
4321
43D2
4474
4507
4588
45F9
4659
46A8
46E4
470F
4727
472C
4720
4700
46CE
4689
4632
45C8
454C
44BF
4420
4370
42AF
41DE
40FE
400F
3F11
3E05
3CED
3BC8
3A98
395D
3819
36CB
3576
341B
32B9
3152
2FE8
2E7A
2D0B
2B9C
2A2C
28BE
2753
25EB
2487
232A
21D4
2084
1F3D
1E00
1CCC
1BA4
1A88
1978
1875
1781
169B
15C5
14FF
1449
13A4
1310
128E
121E
11BF
1173
1139
1111
10FC
10F8
1107
1126
1158
119A
11EC
124E
12C0
1342
13D2
146F
1518
15CD
168C
1755
1826
18FF
19DE
1AC3
1BAB
1C97
1D84
1E73
1F60
204C
2135
221A
22F9
23D2
24A3
256B
2628
26DB
2781
2819
28A3
291E
2988
29E0
2A26
2A59
2A79
2A83
2A79
2A58
2A22
29D4
296F
28F2
285E
27B1
26ED
2610
251B
240E
22E9
21AC
2059
1EEE
1D6D
1BD6
1A2B
186A
1696
14B0
12B7
10AD
0E94
0C6C
0A36
07F3
05A5
034D
00EC
FE83
FC15
F9A2
F72B
F4B4
F23B
EFC5
ED51
EAE1
E877
E614
E3B9
E169
DF24
DCED
DAC3
D8A9
D6A0
D4A9
D2C6
D0F7
CF3E
CD9B
CC10
CA9E
C945
C807
C6E4
C5DC
C4F1
C423
C372
C2DE
C269
C211
C1D7
C1BB
C1BE
C1DE
C21C
C278
C2F1
C386
C438
C506
C5EF
C6F2
C80F
C945
CA92
CBF7
CD71
CF01
D0A4
D25A
D421
D5F8
D7DE
D9D2
DBD2
DDDC
DFF0
E20D
E430
E658
E884
EAB2
ECE0
EF0D
F139
F360
F583
F79F
F9B4
FBC0
FDC1
FFB8
01A1
037E
054B
0709
08B7
0A53
0BDC
0D53
0EB6
1004
113E
1262
1370
1468
1549
1613
16C7
1763
17E9
1858
18AF
18F0
191B
192F
192D
1916
18EA
18AA
1856
17EF
1776
16EB
164F
15A3
14E9
1420
134A
1268
117B
1083
0F83
0E7A
0D6B
0C55
0B3B
0A1E
08FE
07DC
06BA
0598
0479
035C
0243
012F
0020
FF18
FE18
FD20
FC31
FB4C
FA72
F9A3
F8E0
F829
F780
F6E4
F656
F5D6
F565
F503
F4B0
F46C
F437
F412
F3FC
F3F5
F3FE
F416
F43C
F471
F4B4
F505
F563
F5CF
F647
F6CB
F75B
F7F6
F89B
F94A
FA01
FAC1
FB89
FC57
FD2A
FE03
FEE1
FFC1
00A4
0189
026E
0354
0439
051C
05FD
06DA
07B3
0888
0957
0A1F
0AE1
0B9B
0C4D
0CF5
0D94
0E29
0EB5
0F35
0FAB
1015
1073
10C6
110B
1144
1171
1190
11A2
11A7
119F
1189
1166
1137
10FA
10B0
1059
0FF7
0F88
0F0D
0E86
0DF5
0D59
0CB3
0C03
0B49
0A87
09BC
08EA
0810
0731
064B
0561
0472
0380
028A
0192
0098
FF9E
FEA2
FDA7
FCAD
FBB4
FABD
F9C9
F8D9
F7EC
F704
F621
F543
F46C
F39B
F2D1
F20F
F155
F0A3
EFFA
EF5A
EEC3
EE34
EDB0
ED35
ECC6
EC60
EC05
EBB5
EB70
EB36
EB07
EAE3
EACB
EABD
EABA
EAC2
EAD4
EAF2
EB1A
EB4C
EB88
EBCE
EC1E
EC77
ECD9
ED44
EDB8
EE34
EEB8
EF44
EFD7
F070
F111
F1B7
F262
F313
F3CA
F485
F545
F609
F6D1
F79C
F869
F93A
FA0C
FAE1
FBB7
FC8D
FD65
FE3D
FF15
FFEC
00C3
0199
026D
0340
0412
04E1
05AD
0677
073E
0802
08C3
0980
0A3A
0AF2
0BA5
0C55
0D01
0DA8
0E4C
0EEA
0F84
1019
10AA
1136
11BC
123E
12BA
1331
13A3
1410
1477
14D9
1536
158C
15DE
162A
1670
16B1
16EC
1721
1751
177B
17A0
17BF
17D8
17EF
1800
180B
1811
1811
180B
1801
17F0
17DB
17BF
179F
1779
174F
171F
16EA
16B0
1672
162E
15E6
159A
1549
14F3
149A
143C
13DB
1375
130C
129F
122F
11BB
1145
10CB
104E
0FCF
0F4D
0EC8
0E41
0DB8
0D2C
0C9F
0C10
0B7F
0AED
0A5A
09C5
0930
089B
0804
076E
06D7
0641
05AB
0515
0480
03EC
0358
02C6
0235
01A6
0118
008C
0002
FF79
FEF3
FE6D
FDEA
FD69
FCEA
FC6E
FBF4
FB7D
FB08
FA96
FA26
F9B9
F94E
F8E6
F880
F81C
F7BB
F75B
F6FE
F6A3
F649
F5F1
F59B
F545
F4F1
F49F
F44D
F3FB
F3AA
F35A
F30A
F2B9
F269
F217
F1C5
F172
F11F
F0CA
F073
F01C
EFC2
EF67
EF0A
EEAB
EE49
EDE6
ED7F
ED17
ECAB
EC3D
EBCD
EB59
EAE3
EA6A
E9EE
E970
E8EF
E86B
E7E5
E75D
E6D2
E645
E5B7
E526
E494
E401
E36C
E2D7
E241
E1AB
E115
E07F
DFEA
DF57
DEC5
DE35
DDA7
DD1C
DC95
DC11
DB92
DB17
DAA2
DA32
D9C8
D965
D909
D8B4
D868
D824
D7E9
D7B7
D78F
D771
D75E
D756
D759
D768
D782
D7A9
D7DC
D81C
D869
D8C3
D92B
D9A0
DA22
DAB2
DB50
DBFB
DCB4
DD7A
DE4D
DF2D
E01A
E114
E21A
E32C
E449
E571
E6A4
E7E1
E928
EA78
EBD0
ED31
EE98
F006
F17A
F2F3
F470
F5F1
F775
F8FA
FA80
FC07
FD8C
FF10
0091
020F
0387
04FB
0668
07CD
092A
0A7E
0BC7
0D05
0E37
0F5D
1074
117D
1276
135F
1437
14FE
15B2
1653
16E0
1759
17BE
180E
1849
186E
187D
1875
1856
1821
17D5
1771
16F7
1665
15BD
14FE
1429
133E
123D
1127
0FFC
0EBC
0D69
0C04
0A8B
0901
0767
05BC
0402
023A
0065
FE84
FC98
FAA2
F8A2
F69C
F48E
F27B
F064
EE4A
EC2E
EA12
E7F6
E5DC
E3C5
E1B2
DFA5
DDA0
DBA2
D9AD
D7C3
D5E5
D414
D250
D09C
CEF8
CD65
CBE3
CA75
C91B
C7D6
C6A6
C58C
C489
C39E
C2CB
C210
C16E
C0E6
C077
C023
BFE9
BFC9
BFC4
BFD9
C009
C053
C0B7
C135
C1CC
C27D
C346
C428
C521
C632
C758
C895
C9E6
CB4C
CCC5
CE50
CFED
D19A
D357
D522
D6FB
D8E0
DAD0
DCCA
DECC
E0D7
E2E8
E4FF
E71A
E938
EB58
ED79
EF99
F1B8
F3D4
F5ED
F800
FA0D
FC13
FE11
0006
01F1
03D1
05A5
076D
0926
0AD2
0C6F
0DFC
0F78
10E4
123F
1388
14BF
15E3
16F5
17F4
18DF
19B8
1A7D
1B2F
1BCE
1C5A
1CD3
1D39
1D8D
1DCE
1DFE
1E1C
1E29
1E26
1E12
1DEF
1DBD
1D7D
1D2F
1CD4
1C6D
1BFB
1B7D
1AF6
1A65
19CC
192B
1883
17D5
1723
166B
15B1
14F4
1434
1374
12B4
11F4
1135
1078
0FBE
0F07
0E54
0DA5
0CFC
0C59
0BBD
0B27
0A98
0A11
0993
091D
08AF
084B
07F0
079F
0758
071A
06E6
06BD
069D
0687
067A
0678
067F
068F
06A8
06CA
06F5
0727
0761
07A3
07EB
083A
088E
08E9
0948
09AB
0A13
0A7D
0AEB
0B5B
0BCC
0C3E
0CB1
0D23
0D95
0E05
0E73
0EDE
0F47
0FAB
100B
1067
10BD
110D
1156
1199
11D5
1208
1234
1256
1270
1280
1287
1284
1277
1260
123E
1212
11DC
119B
114F
10F9
1098
102C
0FB6
0F37
0EAD
0E19
0D7B
0CD5
0C25
0B6C
0AAC
09E3
0913
083B
075D
0679
058E
049F
03AA
02B1
01B3
00B3
FFAF
FEAA
FDA2
FC9A
FB91
FA88
F97F
F878
F773
F670
F570
F474
F37C
F288
F19A
F0B1
EFCE
EEF2
EE1D
ED4F
EC89
EBCC
EB17
EA6B
E9C9
E931
E8A2
E81D
E7A3
E733
E6CE
E673
E624
E5DF
E5A5
E576
E553
E53A
E52C
E529
E531
E543
E560
E587
E5B9
E5F4
E638
E686
E6DD
E73D
E7A5
E815
E88D
E90C
E992
EA1F
EAB2
EB4B
EBE9
EC8C
ED34
EDE0
EE90
EF43
EFF9
F0B1
F16B
F226
F2E2
F39F
F45C
F518
F5D3
F68E
F746
F7FC
F8B0
F961
FA0E
FAB8
FB5E
FBFF
FC9C
FD34
FDC6
FE53
FEDA
FF5B
FFD6
004A
00B8
011E
017E
01D7
0228
0272
02B5
02F0
0323
034F
0374
0391
03A6
03B4
03BB
03BB
03B3
03A4
038E
0372
034F
0325
02F5
02BF
0283
0241
01F9
01AD
015B
0104
00AA
004B
FFE8
FF81
FF16
FEA7
FE35
FDC0
FD48
FCCE
FC52
FBD4
FB54
FAD4
FA52
F9CF
F94D
F8CA
F847
F7C5
F744
F6C4
F645
F5C8
F54C
F4D3
F45C
F3E8
F376
F308
F29D
F235
F1D1
F171
F115
F0BD
F069
F019
EFCD
EF86
EF44
EF06
EECD
EE99
EE69
EE3F
EE19
EDF9
EDDD
EDC7
EDB6
EDAA
EDA3
EDA1
EDA4
EDAC
EDB9
EDCB
EDE2
EDFE
EE1E
EE43
EE6D
EE9B
EECD
EF04
EF3E
EF7D
EFC0
F006
F051
F09F
F0F1
F146
F19E
F1F9
F257
F2B8
F31C
F382
F3EA
F455
F4C2
F530
F5A0
F612
F685
F6F9
F76F
F7E5
F85C
F8D4
F94C
F9C5
FA3E
FAB7
FB2F
FBA7
FC1E
FC96
FD0D
FD84
FDFA
FE6F
FEE4
FF59
FFCC
003F
00B1
0122
0192
0201
026F
02DD
0349
03B4
041F
0488
04F0
0558
05BE
0624
0688
06EC
074F
07B1
0812
0872
08D1
092F
098C
09E9
0A45
0AA0
0AFA
0B54
0BAE
0C06
0C5F
0CB6
0D0D
0D64
0DBA
0E10
0E65
0EB9
0F0D
0F61
0FB4
1006
1057
10A8
10F8
1147
1195
11E3
122F
127A
12C4
130D
1354
139A
13DF
1422
1463
14A2
14DF
1519
1551
1587
15BA
15EA
1617
1640
1666
1689
16A7
16C1
16D8
16E9
16F6
16FF
1702
1700
16F9
16EC
16DA
16C2
16A4
1680
1656
1626
15F0
15B4
1572
1529
14DA
1485
1429
13C6
135D
12EE
1278
11FC
1179
10F1
1062
0FCD
0F33
0E92
0DED
0D42
0C92
0BDD
0B23
0A65
09A3
08DD
0814
0748
0679
05A7
04D3
03FD
0327
0250
0179
00A1
FFC9
FEF2
FE1D
FD49
FC76
FBA7
FADA
FA11
F94C
F88A
F7CE
F717
F666
F5BA
F516
F478
F3E1
F352
F2CB
F24D
F1D8
F16B
F108
F0AF
F060
F01A
EFE0
EFB0
EF8A
EF70
EF60
EF5C
EF63
EF74
EF91
EFB9
EFED
F02B
F074
F0C8
F127
F190
F204
F281
F309
F39A
F434
F4D8
F584
F638
F6F3
F7B7
F881
F951
FA28
FB04
FBE5
FCCB
FDB4
FEA1
FF90
0081
0174
0268
035C
0451
0544
0636
0726
0813
08FE
09E4
0AC7
0BA4
0C7C
0D4F
0E1A
0EDF
0F9D
1053
1100
11A5
1241
12D4
135D
13DB
1450
14BA
151A
156E
15B8
15F6
1629
1652
166F
1680
1687
1682
1673
1659
1634
1604
15CB
1587
153A
14E4
1485
141D
13AD
1336
12B7
1232
11A6
1115
107E
0FE3
0F43
0EA1
0DFB
0D53
0CA9
0BFE
0B52
0AA7
09FC
0952
08AB
0805
0763
06C4
062A
0594
0503
0478
03F3
0376
02FF
0290
0229
01CB
0175
0128
00E6
00AC
007D
0058
003D
002D
0027
002C
003C
0056
007B
00AB
00E5
0129
0176
01CC
022C
0296
0308
0382
0405
048F
0520
05B8
0657
06FB
07A5
0853
0906
09BC
0A76
0B32
0BEF
0CAE
0D6D
0E2C
0EEB
0FA8
1063
111C
11D1
1282
132E
13D5
1476
1511
15A4
162F
16B2
172C
179D
1803
185F
18B1
18F7
1931
195F
1981
1996
199E
1999
1986
1966
1937
18FB
18B1
1859
17F3
177E
16FC
166C
15CF
1524
146B
13A6
12D4
11F5
110B
1016
0F15
0E0A
0CF5
0BD6
0AAD
097C
0843
0702
05BA
046C
0317
01BE
0060
FEFE
FD99
FC31
FAC7
F95C
F7F1
F686
F51B
F3B2
F24B
F0E8
EF87
EE2B
ECD4
EB82
EA36
E8F1
E7B4
E67F
E553
E430
E317
E209
E105
E00C
DF1F
DE3E
DD69
DCA1
DBE6
DB39
DA99
DA07
D983
D90D
D8A6
D84D
D803
D7C8
D79B
D77C
D76D
D76C
D77A
D796
D7C0
D7F9
D83F
D893
D8F5
D964
D9DF
DA68
DAFD
DB9E
DC4B
DD03
DDC7
DE95
DF6D
E04F
E13A
E22E
E32B
E42F
E53B
E64E
E767
E886
E9AB
EAD4
EC02
ED33
EE68
EF9F
F0D8
F214
F350
F48D
F5CA
F706
F842
F97B
FAB3
FBE8
FD1B
FE49
FF75
009B
01BD
02DA
03F1
0503
060E
0712
080F
0904
09F2
0AD8
0BB5
0C8A
0D56
0E18
0ED1
0F81
1026
10C1
1153
11D9
1256
12C7
132E
138A
13DB
1422
145D
148E
14B3
14CE
14DD
14E2
14DC
14CB
14AF
1489
1459
141F
13DB
138D
1335
12D5
126B
11F9
117F
10FC
1072
0FE1
0F48
0EA9
0E05
0D5A
0CAA
0BF5
0B3C
0A7F
09BE
08FC
0837
0770
06A8
05DF
0515
044C
0384
02BD
01F8
0135
0076
FFB9
FF01
FE4D
FD9F
FCF6
FC53
FBB7
FB22
FA95
FA10
F994
F921
F8B7
F858
F802
F7B8
F779
F746
F71E
F703
F6F4
F6F3
F6FF
F718
F73F
F773
F7B6
F806
F865
F8D2
F94C
F9D5
FA6C
FB11
FBC3
FC84
FD51
FE2C
FF13
0007
0107
0213
032A
044C
0578
06AE
07ED
0936
0A86
0BDE
0D3C
0EA1
100A
1178
12E9
145E
15D5
174E
18C7
1A40
1BB8
1D2E
1EA1
2010
217B
22E1
2440
2599
26E9
2830
296E
2AA0
2BC8
2CE3
2DF2
2EF2
2FE4
30C7
319A
325C
330C
33AB
3437
34B0
3515
3566
35A2
35C9
35DB
35D8
35BE
358F
3549
34ED
347A
33F1
3351
329C
31D0
30EE
2FF6
2EE8
2DC6
2C8F
2B43
29E3
2870
26EA
2552
23A9
21EE
2024
1E4A
1C61
1A6B
1868
165A
1441
121E
0FF3
0DBF
0B85
0945
0700
04B7
026B
001E
FDD0
FB82
F936
F6EC
F4A6
F265
F029
EDF3
EBC6
E9A0
E784
E573
E36D
E173
DF85
DDA6
DBD5
DA14
D863
D6C2
D533
D3B7
D24E
D0F8
CFB5
CE87
CD6D
CC68
CB78
CA9D
C9D8
C929
C88F
C80A
C79C
C743
C700
C6D1
C6B9
C6B5
C6C5
C6EA
C723
C770
C7CF
C842
C8C6
C95C
CA03
CABA
CB81
CC58
CD3D
CE30
CF30
D03C
D154
D276
D3A3
D4D9
D617
D75E
D8AB
D9FF
DB58
DCB6
DE18
DF7D
E0E5
E24F
E3BA
E525
E690
E7FB
E964
EACB
EC2F
ED91
EEEE
F048
F19C
F2EC
F435
F579
F6B6
F7ED
F91C
FA43
FB63
FC7A
FD89
FE8F
FF8C
007F
016A
024B
0323
03F1
04B5
0570
0621
06C8
0765
07F9
0884
0905
097C
09EA
0A4F
0AAB
0AFD
0B47
0B88
0BC0
0BF0
0C18
0C37
0C4E
0C5E
0C65
0C65
0C5E
0C4F
0C39
0C1B
0BF7
0BCC
0B9A
0B62
0B23
0ADD
0A92
0A40
09E8
098A
0926
08BD
084E
07D9
075E
06DE
0659
05CE
053E
04A9
040F
0370
02CC
0223
0174
00C1
0009
FF4C
FE8C
FDC7
FCFF
FC33
FB63
FA90
F9BA
F8E2
F807
F729
F649
F568
F486
F3A2
F2BD
F1D9
F0F4
F00F
EF2C
EE4A
ED69
EC8A
EBAF
EAD6
EA00
E92F
E862
E79B
E6D7
E61A
E563
E4B3
E40B
E36B
E2D4
E246
E1C1
E147
E0D7
E073
E01A
DFCE
DF8E
DF5B
DF35
DF1D
DF13
DF18
DF2B
DF4E
DF7F
DFC0
E011
E071
E0E1
E161
E1F0
E290
E33F
E3FE
E4CD
E5AB
E699
E795
E89F
E9B7
EADD
EC0F
ED4F
EE99
EFF0
F150
F2BB
F42E
F5AA
F72D
F8B7
FA46
FBDA
FD72
FF0C
00A8
0245
03E1
057B
0713
08A7
0A36
0BBF
0D41
0EBA
102A
118E
12E7
1433
1571
16A0
17BF
18CE
19CA
1AB3
1B88
1C49
1CF4
1D89
1E07
1E6E
1EBC
1EF2
1F0E
1F10
1EF8
1EC6
1E7A
1E13
1D90
1CF4
1C3C
1B69
1A7D
1976
1855
171A
15C7
1459
12D3
1136
0F82
0DBA
0BDD
09ED
07EA
05D6
03B2
0180
FF3F
FCF3
FA9C
F83B
F5D2
F362
F0ED
EE75
EBFB
E980
E706
E48F
E21C
DFAF
DD49
DAEC
D89A
D654
D41B
D1F1
CFD8
CDCF
CBDA
C9F9
C82E
C67B
C4DF
C35C
C1F4
C0A7
BF77
BE63
BD6D
BC95
BBDC
BB42
BAC8
BA6F
BA35
BA1C
BA23
BA4B
BA93
BAFC
BB84
BC2B
BCF2
BDD7
BED9
BFF9
C135
C28C
C3FE
C58B
C731
C8EE
CAC0
CCA8
CEA2
D0AF
D2CC
D4F9
D732
D978
DBC9
DE22
E083
E2EA
E555
E7C2
EA30
EC9E
EF0A
F172
F3D4
F630
F884
FACE
FD0C
FF3F
0163
0378
057D
0771
0952
0B22
0CDD
0E82
1011
118A
12EA
1433
1563
167A
1777
185B
1926
19D7
1A6E
1AEB
1B50
1B9B
1BCE
1BE9
1BEC
1BD8
1BAE
1B6E
1B19
1AB1
1A36
19AA
190C
185F
17A3
16DA
1605
1525
143C
134B
1253
1155
1053
0F4F
0E49
0D42
0C3D
0B3B
0A3C
0942
084F
0763
0680
05A6
04D8
0415
035F
02B8
021E
0194
011B
00B2
005A
0014
FFE1
FFC0
FFB2
FFB7
FFD0
FFFB
003A
008C
00F1
0168
01F2
028D
033A
03F8
04C6
05A3
068F
0789
0890
09A2
0AC0
0BE7
0D17
0E4F
0F8E
10D1
1219
1363
14AF
15FB
1746
188E
19D3
1B12
1C4C
1D7D
1EA6
1FC5
20D8
21DE
22D8
23C2
249D
2567
2620
26C6
275A
27D9
2844
2899
28D9
2903
2916
2913
28F8
28C7
287E
281E
27A7
271A
2675
25BB
24EB
2406
230C
21FF
20DE
1FAB
1E66
1D12
1BAE
1A3C
18BC
1731
159A
13F9
1251
10A1
0EEB
0D31
0B75
09B7
07F9
063C
0483
02CE
011E
FF76
FDD7
FC42
FAB8
F93B
F7CC
F66C
F51D
F3DF
F2B4
F19D
F09B
EFAE
EED8
EE1A
ED74
ECE7
EC73
EC18
EBD7
EBB1
EBA4
EBB3
EBDC
EC1F
EC7D
ECF4
ED86
EE31
EEF5
EFD2
F0C6
F1D1
F2F3
F42A
F575
F6D4
F846
F9C8
FB5B
FCFC
FEAB
0067
022D
03FD
05D4
07B1
0994
0B79
0D61
0F49
1131
1315
14F6
16D1
18A4
1A70
1C31
1DE7
1F90
212B
22B7
2432
259B
26F1
2833
2960
2A77
2B78
2C60
2D31
2DE8
2E86
2F0A
2F73
2FC1
2FF4
300C
3008
2FE9
2FAE
2F59
2EE8
2E5E
2DB9
2CFA
2C23
2B33
2A2C
290D
27D9
268F
2531
23BF
223C
20A7
1F02
1D4F
1B8E
19C0
17E8
1606
141B
1229
1032
0E36
0C37
0A36
0835
0635
043A
0242
004F
FE62
FC7D
FAA0
F8CC
F704
F547
F396
F1F4
F060
EEDB
ED67
EC04
EAB2
E973
E847
E72D
E628
E536
E459
E390
E2DC
E23C
E1B1
E13B
E0D9
E08C
E052
E02C
E01A
E01C
E031
E058
E090
E0D8
E130
E197
E20D
E291
E321
E3BD
E464
E516
E5D1
E694
E75F
E831
E909
E9E5
EAC6
EBA9
EC8F
ED76
EE5E
EF46
F02C
F111
F1F3
F2D1
F3AC
F482
F553
F61D
F6E2
F79F
F855
F904
F9AA
FA48
FADE
FB6B
FBEF
FC6A
FCDC
FD45
FDA5
FDFB
FE49
FE8E
FECB
FEFF
FF2B
FF4F
FF6C
FF82
FF91
FF9A
FF9D
FF9B
FF95
FF8A
FF7B
FF69
FF54
FF3D
FF25
FF0C
FEF3
FED9
FEC1
FEAA
FE94
FE81
FE71
FE64
FE5B
FE56
FE55
FE5A
FE63
FE71
FE86
FEA0
FEC0
FEE7
FF13
FF46
FF7F
FFBF
0005
0051
00A4
00FC
0159
01BD
0225
0293
0306
037D
03F7
0475
04F6
0579
05FF
0685
070D
0794
081C
08A3
0928
09AB
0A2C
0AA9
0B23
0B98
0C08
0C73
0CD7
0D35
0D8C
0DDB
0E22
0E60
0E96
0EC2
0EE4
0EFC
0F0A
0F0D
0F05
0EF2
0ED4
0EAB
0E77
0E38
0DED
0D98
0D38
0CCD
0C58
0BD8
0B4F
0ABC
0A1F
097A
08CD
0818
075B
0698
05CF
0500
042C
0354
0279
019B
00BB
FFDA
FEF9
FE17
FD37
FC59
FB7D
FAA4
F9D0
F902
F839
F777
F6BC
F60A
F561
F4C1
F42B
F3A0
F320
F2AD
F245
F1EB
F19D
F15D
F12C
F108
F0F3
F0EC
F0F4
F10A
F130
F164
F1A7
F1F8
F258
F2C5
F341
F3CA
F461
F504
F5B3
F66D
F733
F802
F8DC
F9BE
FAA8
FB9A
FC93
FD91
FE94
FF9B
00A5
01B1
02BF
03CC
04DA
05E5
06EE
07F4
08F5
09F0
0AE6
0BD4
0CB9
0D96
0E69
0F31
0FEE
109E
1142
11D7
125F
12D7
1341
139A
13E3
141B
1442
1457
145B
144E
142E
13FC
13B8
1363
12FB
1282
11F8
115C
10B0
0FF3
0F26
0E4A
0D5F
0C66
0B5F
0A4B
092B
0800
06CA
0588
043D
02EB
0191
0032
FECE
FD65
FBFA
FA8E
F920
F7B3
F647
F4DE
F377
F216
F0BA
EF64
EE16
ECD0
EB93
EA61
E93A
E81F
E710
E60F
E51C
E438
E363
E29E
E1EA
E147
E0B5
E033
DFC3
DF65
DF1A
DEE1
DEBB
DEA7
DEA6
DEB7
DEDB
DF11
DF59
DFB2
E01D
E099
E125
E1C1
E26C
E326
E3EE
E4C3
E5A5
E693
E78C
E88F
E99C
EAB1
EBCE
ECF1
EE1B
EF49
F07B
F1B0
F2E7
F41F
F557
F68E
F7C2
F8F4
FA22
FB4B
FC6E
FD8B
FEA0
FFAD
00B1
01AC
029D
0382
045C
0529
05EA
069E
0744
07DD
0867
08E2
094E
09AB
09FA
0A38
0A68
0A88
0A98
0A9A
0A8D
0A71
0A47
0A0D
09C6
0972
090F
08A1
0825
079E
070C
066E
05C7
0516
045D
039B
02D2
0202
012C
0051
FF71
FE8D
FDA7
FCBE
FBD4
FAE9
F9FD
F913
F82A
F743
F65F
F57F
F4A2
F3CA
F2F8
F22B
F165
F0A7
EFF0
EF41
EE9A
EDFD
ED69
ECDF
EC5E
EBE8
EB7D
EB1D
EAC7
EA7C
EA3D
EA09
E9E0
E9C2
E9AF
E9A8
E9AB
E9BA
E9D2
E9F6
EA23
EA5A
EA9B
EAE4
EB37
EB91
EBF4
EC5E
ECD0
ED48
EDC7
EE4B
EED4
EF62
EFF5
F08B
F124
F1C0
F25E
F2FD
F39E
F440
F4E1
F582
F622
F6C1
F75E
F7F8
F890
F925
F9B6
FA44
FACD
FB52
FBD1
FC4C
FCC2
FD32
FD9D
FE01
FE60
FEB8
FF09
FF54
FF98
FFD6
000C
003C
0065
0087
00A3
00B8
00C6
00CD
00CF
00CA
00BF
00AE
0097
007B
0059
0033
0008
FFD8
FFA4
FF6C
FF30
FEF1
FEB0
FE6C
FE25
FDDD
FD92
FD47
FCFA
FCAD
FC5F
FC11
FBC4
FB77
FB2B
FAE1
FA98
FA51
FA0D
F9CA
F98B
F94F
F916
F8E1
F8B0
F883
F85B
F837
F817
F7FD
F7E9
F7D9
F7D0
F7CB
F7CC
F7D3
F7E1
F7F4
F80E
F82E
F855
F883
F8B7
F8F2
F934
F97D
F9CC
FA23
FA81
FAE6
FB52
FBC5
FC3F
FCC0
FD48
FDD8
FE6E
FF0B
FFAF
0059
010A
01C2
0280
0345
0410
04DF
05B5
0690
0771
0857
0943
0A33
0B28
0C22
0D20
0E21
0F27
1030
113D
124C
135E
1472
1588
169F
17B8
18D2
19EC
1B06
1C20
1D39
1E51
1F68
207D
218F
229E
23AB
24B3
25B7
26B7
27B1
28A6
2995
2A7E
2B60
2C3B
2D0D
2DD8
2E9B
2F54
3004
30AA
3146
31D7
325D
32D8
3348
33AB
3402
344D
348B
34BC
34DF
34F6
34FE
34F9
34E6
34C4
3495
3458
340D
33B4
334D
32D8
3255
31C4
3126
307A
2FC1
2EFB
2E29
2D4B
2C61
2B6C
2A6C
2961
284D
272F
2609
24DA
23A4
2268
2124
1FDC
1E8F
1D3D
1BE8
1A91
1938
17DE
1683
152A
13D3
127E
112C
0FDE
0E94
0D50
0C12
0ADA
09AA
0882
0763
064D
0542
0441
034C
0263
0186
00B5
FFF3
FF3E
FE97
FDFE
FD74
FCFA
FC8E
FC32
FBE5
FBA8
FB7B
FB5D
FB4F
FB50
FB62
FB83
FBB3
FBF2
FC3F
FC9A
FD03
FD78
FDFA
FE87
FF20
FFC4
0071
0127
01E6
02AC
0378
044B
0523
05FE
06DD
07BE
08A0
0982
0A64
0B44
0C22
0CFC
0DD1
0EA1
0F6B
102E
10E9
119A
1242
12E0
1372
13F8
1471
14DC
153A
1588
15C8
15F7
1617
1626
1624
1611
15ED
15B7
156F
1516
14AC
142F
13A2
1303
1253
1192
10C1
0FE0
0EF0
0DF1
0CE3
0BC8
0A9F
0969
0828
06DC
0586
0426
02BF
0150
FFDB
FE61
FCE3
FB62
F9DF
F85B
F6D7
F555
F3D5
F259
F0E2
EF71
EE06
ECA4
EB4C
E9FD
E8BA
E783
E65A
E53F
E433
E337
E24B
E172
E0AA
DFF5
DF53
DEC6
DE4D
DDE9
DD9A
DD61
DD3E
DD31
DD3B
DD5A
DD90
DDDC
DE3E
DEB6
DF43
DFE6
E09D
E169
E249
E33C
E441
E559
E682
E7BB
E904
EA5C
EBC1
ED33
EEB2
F03B
F1CE
F36B
F50F
F6B9
F869
FA1D
FBD5
FD8E
FF48
0102
02BA
046F
0621
07CE
0974
0B14
0CAC
0E3B
0FBF
1139
12A6
1407
155B
16A0
17D6
18FD
1A13
1B19
1C0E
1CF1
1DC1
1E80
1F2E
1FC8
2050
20C6
2128
2178
21B5
21DF
21F8
21FE
21F3
21D7
21AA
216D
2120
20C5
205A
1FE2
1F5D
1ECC
1E2F
1D88
1CD6
1C1C
1B59
1A90
19BF
18EA
1810
1732
1651
156F
148C
13A9
12C7
11E7
1109
102E
0F58
0E86
0DBA
0CF3
0C34
0B7C
0ACC
0A24
0985
08EF
0863
07E0
0767
06F9
0695
063B
05EC
05A7
056C
053B
0514
04F7
04E3
04D8
04D6
04DC
04E7
04FA
0514
0533
0557
0581
05AE
05DE
0611
0646
067B
06B1
06E6
0719
074A
0777
07A1
07C6
07E5
07FE
080F
0819
081A
0811
07FE
07E1
07B8
0783
0742
06F3
0698
062E
05B4
052C
0494
03EF
033A
0276
01A3
00C1
FFD1
FED1
FDC4
FCA8
FB7E
FA46
F902
F7B1
F654
F4EC
F379
F1FC
F076
EEE8
ED52
EBB5
EA12
E86B
E6C0
E512
E362
E1B2
E002
DE53
DCA7
DAFE
D95A
D7BD
D626
D498
D314
D19A
D02C
CECB
CD78
CC33
CAFF
C9DB
C8C9
C7C9
C6DE
C606
C543
C496
C400
C380
C318
C2C8
C290
C270
C26A
C27D
C2A9
C2EE
C34D
C3C6
C457
C501
C5C4
C6A0
C793
C89F
C9C1
CAFB
CC4A
CDAF
CF29
D0B7
D258
D40B
D5D0
D7A6
D98B
DB7E
DD7F
DF8D
E1A6
E3C9
E5F5
E829
EA64
ECA4
EEE9
F131
F37A
F5C5
F80F
FA57
FC9B
FEDB
0116
034B
0578
079D
09B8
0BC8
0DCE
0FC6
11B2
138F
155D
171C
18CA
1A67
1BF3
1D6C
1ED2
2024
2164
228F
23A5
24A7
2594
266C
272F
27DD
2876
28F9
2968
29C1
2A06
2A37
2A54
2A5C
2A52
2A34
2A04
29C1
296D
2907
2891
280B
2776
26D1
261E
255E
2490
23B6
22D1
21E0
20E5
1FE0
1ED2
1DBC
1C9E
1B79
1A4E
191D
17E6
16AB
156C
142A
12E7
11A1
105A
0F12
0DC9
0C7F
0B36
09ED
08A6
0760
061C
04DA
039A
025D
0123
FFED
FEBA
FD8A
FC5F
FB38
FA15
F8F7
F7DD
F6C8
F5B7
F4AC
F3A5
F2A3
F1A7
F0AF
EFBD
EED0
EDE7
ED04
EC26
EB4D
EA7A
E9AB
E8E2
E81E
E760
E6A7
E5F3
E545
E49D
E3FA
E35D
E2C6
E235
E1AB
E126
E0A8
E031
DFC0
DF57
DEF4
DE99
DE45
DDF9
DDB5
DD79
DD45
DD1A
DCF7
DCDB
DCC8
DCBF
DCBF
DCC8
DCDC
DCFA
DD22
DD55
DD93
DDDB
DE2F
DE8D
DEF7
DF6C
DFED
E079
E110
E1B4
E262
E31C
E3E2
E4B3
E58F
E676
E768
E864
E96B
EA7D
EB98
ECBD
EDEB
EF20
F05E
F1A4
F2F2
F447
F5A2
F703
F86A
F9D6
FB46
FCB9
FE30
FFA9
0124
029F
041B
0597
0711
0889
09FF
0B72
0CE0
0E49
0FAD
110A
1261
13B0
14F6
1633
1767
1890
19AE
1AC1
1BC8
1CC2
1DAF
1E8F
1F60
2023
20D8
217D
2213
229A
2310
2377
23CE
2414
244B
2471
2487
248E
2484
246C
2443
240C
23C7
2373
2311
22A2
2226
219E
210A
206B
1FC2
1F0F
1E52
1D8E
1CC2
1BF0
1B18
1A3A
1959
1874
178C
16A3
15BA
14D0
13E7
1301
121D
113C
1060
0F89
0EB7
0DED
0D2A
0C6F
0BBD
0B14
0A76
09E2
0959
08DC
086A
0806
07AE
0763
0726
06F6
06D3
06BE
06B7
06BE
06D2
06F4
0724
0761
07AB
0802
0866
08D5
0950
09D7
0A68
0B04
0BA8
0C56
0D0D
0DCA
0E8F
0F59
1029
10FD
11D5
12B0
138C
1469
1546
1624
16FF
17D7
18AC
197C
1A46
1B09
1BC5
1C78
1D23
1DC3
1E59
1EE3
1F61
1FD2
2035
208A
20D1
2109
2130
2148
214F
2146
212B
2100
20C3
2074
2014
1FA2
1F1F
1E8A
1DE5
1D2F
1C69
1B93
1AAD
19B8
18B3
17A0
167F
1550
1415
12CE
117C
1020
0EB9
0D4A
0BD3
0A55
08D1
0748
05BA
042A
0297
0103
FF6F
FDDB
FC4A
FABB
F931
F7AB
F62B
F4B3
F342
F1DA
F07D
EF2A
EDE3
ECA9
EB7D
EA5F
E951
E852
E764
E687
E5BC
E504
E45E
E3CC
E34D
E2E2
E28C
E24A
E21D
E205
E202
E214
E23C
E278
E2C9
E32E
E3A8
E437
E4D9
E58F
E657
E732
E820
E91E
EA2E
EB4F
EC7F
EDBF
EF0D
F069
F1D2
F347
F4C7
F652
F7E6
F983
FB28
FCD5
FE87
003E
01FA
03B8
057A
073C
0900
0AC3
0C85
0E44
1001
11BA
136E
151D
16C5
1868
1A03
1B96
1D1F
1E9F
2013
217D
22DB
242D
2572
26A9
27D3
28EF
29FB
2AF9
2BE8
2CC7
2D96
2E55
2F04
2FA2
3030
30AD
311A
3176
31C1
31FB
3225
323F
3248
3241
3229
3205
31D0
318D
313A
30D9
3069
2FEB
2F60
2EC7
2E21
2D6F
2CB0
2BE6
2B10
2A30
2946
2851
2754
264D
253E
2427
2309
21E5
20B9
1F89
1E52
1D17
1BD8
1A96
1950
1807
16BD
1571
1424
12D6
1188
103B
0EEF
0DA4
0C5B
0B14
09D1
0891
0754
061D
04EA
03BC
0295
0173
0059
FF46
FE3A
FD36
FC3B
FB49
FA60
F981
F8AC
F7E1
F721
F66C
F5C3
F525
F494
F40E
F394
F327
F2C8
F275
F230
F1F9
F1D0
F1B4
F1A6
F1A7
F1B5
F1D2
F1FD
F236
F27D
F2D1
F334
F3A5
F422
F4AE
F546
F5EB
F69D
F75B
F825
F8FB
F9DC
FAC8
FBBE
FCBE
FDC7
FED9
FFF4
0116
0240
0370
04A7
05E3
0723
0868
09AF
0AF9
0C44
0D91
0EDD
1028
1172
12BA
13FD
153D
1678
17AC
18DA
1A01
1B1E
1C33
1D3D
1E3C
1F30
2017
20F1
21BC
2279
2327
23C4
2451
24CD
2537
258F
25D4
2606
2625
262F
2626
2607
25D5
258D
2531
24C0
243A
239F
22EF
222B
2153
2066
1F66
1E52
1D2C
1BF3
1AA8
194C
17DF
1662
14D6
133B
1192
0FDC
0E19
0C4C
0A75
0895
06AD
04BE
02C9
00CF
FED2
FCD2
FAD1
F8D0
F6D0
F4D1
F2D6
F0E0
EEEF
ED05
EB22
E949
E779
E5B5
E3FD
E252
E0B4
DF26
DDA8
DC3B
DADF
D995
D85E
D73A
D62B
D530
D44B
D37B
D2C2
D21F
D193
D11E
D0BF
D077
D046
D02C
D029
D03C
D065
D0A3
D0F7
D160
D1DC
D26C
D30F
D3C4
D48B
D562
D648
D73D
D840
D950
DA6B
DB91
DCC0
DDF9
DF38
E07D
E1C8
E315
E465
E5B7
E708
E858
E9A6
EAF0
EC35
ED75
EEAD
EFDE
F105
F222
F334
F439
F532
F61D
F6F9
F7C6
F882
F92E
F9C9
FA51
FAC7
FB2B
FB7C
FBB9
FBE3
FBFA
FBFD
FBEC
FBC7
FB8F
FB44
FAE6
FA76
F9F3
F95F
F8BA
F804
F73F
F66A
F588
F498
F39C
F295
F183
F068
EF44
EE1A
ECE9
EBB3
EA7A
E93E
E800
E6C2
E586
E44C
E315
E1E1
E0B4
DF8D
DE6F
DD5A
DC4F
DB50
DA5E
D979
D8A2
D7DB
D724
D67E
D5EA
D569
D4FA
D4A0
D459
D427
D40A
D402
D410
D433
D46C
D4BB
D520
D59A
D629
D6CE
D787
D854
D935
DA27
DB2C
DC42
DD6A
DEA2
DFEA
E141
E2A5
E416
E593
E71A
E8AC
EA45
EBE6
ED8C
EF38
F0E7
F298
F44A
F5FC
F7AD
F95A
FB04
FCA8
FE46
FFDC
0169
02EC
0464
05D0
072E
087E
09BE
0AED
0C0C
0D18
0E13
0EFA
0FCD
108C
1136
11CA
1249
12B2
1305
1342
1368
1378
1372
1355
1323
12DA
127D
120A
1184
10E9
103B
0F7B
0EA8
0DC5
0CD1
0BCE
0ABD
099E
0875
0740
0601
04B9
0368
0211
00B5
FF54
FDEF
FC89
FB21
F9BA
F854
F6F1
F592
F438
F2E3
F196
F051
EF15
EDE4
ECBD
EBA3
EA95
E996
E8A5
E7C3
E6F1
E630
E57F
E4E1
E454
E3DB
E375
E323
E2E3
E2B7
E29F
E299
E2A7
E2C9
E2FD
E344
E39E
E409
E487
E515
E5B4
E663
E721
E7EE
E8C9
E9B0
EAA5
EBA4
ECAF
EDC3
EEE0
F004
F130
F262
F398
F4D3
F610
F74F
F88F
F9CF
FB0E
FC4B
FD86
FEBC
FFEF
011B
0241
0360
0476
0584
0688
0782
0871
0954
0A2C
0AF6
0BB3
0C63
0D05
0D99
0E1E
0E94
0EFB
0F53
0F9C
0FD6
1001
101D
102A
1028
1018
0FF9
0FCD
0F94
0F4D
0EFA
0E9B
0E30
0DBA
0D3A
0CB0
0C1D
0B81
0ADE
0A33
0981
08CA
080E
074D
0689
05C2
04F8
042E
0362
0296
01CC
0102
003A
FF76
FEB4
FDF7
FD3F
FC8C
FBDE
FB37
FA96
F9FC
F96A
F8DF
F85C
F7E2
F771
F709
F6AA
F654
F609
F5C7
F58E
F560
F53C
F521
F511
F50A
F50D
F51A
F530
F54F
F578
F5A9
F5E3
F625
F66F
F6C1
F71A
F77B
F7E2
F84F
F8C2
F93B
F9B8
FA3B
FAC1
FB4B
FBD9
FC6A
FCFE
FD94
FE2C
FEC6
FF62
FFFE
009C
013A
01D8
0276
0314
03B2
0450
04EC
0588
0622
06BC
0754
07EB
0880
0915
09A7
0A39
0AC9
0B57
0BE4
0C6F
0CF9
0D82
0E09
0E8F
0F15
0F99
101C
109E
1120
11A1
1222
12A2
1322
13A1
1421
14A0
151F
159E
161D
169D
171C
179B
181B
189A
191A
199A
1A1A
1A9A
1B1A
1B98
1C16
1C93
1D0F
1D89
1E02
1E79
1EED
1F5F
1FCF
203B
20A4
2109
216A
21C6
221D
226F
22BB
2301
2341
2379
23AA
23D3
23F3
240B
2419
241E
2419
240A
23F0
23CB
239B
235E
2315
22BF
225C
21EC
216F
20E4
204C
1FA6
1EF1
1E2F
1D5F
1C81
1B95
1A9B
1993
187E
175C
162C
14F0
13A7
1253
10F2
0F86
0E10
0C8F
0B04
0970
07D4
062F
0483
02D1
0118
FF5A
FD98
FBD3
FA0A
F83F
F674
F4A7
F2DB
F111
EF48
ED82
EBC1
EA03
E84C
E69A
E4F0
E34D
E1B3
E023
DE9D
DD21
DBB2
DA4E
D8F8
D7AF
D674
D548
D42B
D31E
D221
D135
D059
CF8F
CED6
CE2E
CD99
CD16
CCA4
CC45
CBF8
CBBC
CB93
CB7B
CB75
CB80
CB9C
CBC9
CC06
CC53
CCB0
CD1B
CD95
CE1C
CEB1
CF52
D000
D0B8
D17C
D249
D320
D3FF
D4E6
D5D3
D6C7
D7BF
D8BD
D9BD
DAC1
DBC7
DCCF
DDD6
DEDE
DFE5
E0EB
E1EE
E2EF
E3EC
E4E5
E5D9
E6C8
E7B2
E895
E972
EA48
EB16
EBDD
EC9B
ED52
EE00
EEA5
EF41
EFD5
F060
F0E1
F15A
F1CA
F231
F28F
F2E4
F331
F376
F3B3
F3E9
F417
F43E
F45F
F479
F48E
F49E
F4A8
F4AE
F4B1
F4B0
F4AC
F4A6
F49E
F495
F48B
F481
F477
F46D
F466
F460
F45C
F45B
F45D
F463
F46D
F47C
F48F
F4A7
F4C5
F4E9
F512
F542
F578
F5B4
F5F7
F640
F690
F6E7
F744
F7A7
F811
F881
F8F8
F974
F9F6
FA7D
FB09
FB9A
FC2F
FCC8
FD65
FE05
FEA8
FF4E
FFF5
009E
0147
01F0
029A
0343
03EA
048F
0532
05D3
066F
0708
079C
082C
08B6
0939
09B7
0A2E
0A9D
0B05
0B64
0BBC
0C0B
0C50
0C8D
0CC0
0CEA
0D09
0D1F
0D2B
0D2E
0D26
0D15
0CF9
0CD4
0CA4
0C6C
0C29
0BDE
0B8A
0B2C
0AC7
0A5A
09E5
0969
08E6
085C
07CD
0739
069F
0602
0561
04BC
0415
036C
02C2
0216
016B
00C0
0016
FF6D
FEC7
FE23
FD83
FCE6
FC4E
FBBB
FB2E
FAA6
FA24
F9AA
F937
F8CB
F867
F80C
F7B9
F76F
F72E
F6F6
F6C7
F6A2
F687
F675
F66C
F66D
F678
F68C
F6A9
F6CF
F6FE
F735
F775
F7BC
F80B
F85F
F8BB
F91C
F984
F9F0
FA62
FAD9
FB53
FBD1
FC52
FCD5
FD5B
FDE1
FE68
FEF0
FF77
FFFD
0081
0104
0184
0201
027A
02F0
0361
03CD
0434
0495
04EF
0544
0591
05D7
0616
064C
0679
069E
06BB
06D1
06DD
06E2
06DE
06D2
06BE
06A1
067D
0651
061D
05E2
05A0
0558
0508
04B3
0458
03F8
0392
0329
02BB
0249
01D5
015E
00E5
006A
FFEF
FF73
FEF7
FE7C
FE01
FD89
FD13
FC9F
FC2F
FBC2
FB5A
FAF6
FA97
FA3E
F9EB
F99E
F958
F919
F8E0
F8B0
F887
F865
F84C
F83B
F832
F832
F83A
F84A
F862
F882
F8AB
F8DB
F913
F953
F999
F9E8
FA3D
FA98
FAFA
FB60
FBCC
FC3C
FCB0
FD28
FDA3
FE21
FEA1
FF23
FFA6
0029
00AD
0130
01B3
0233
02B2
032F
03A8
041E
0490
04FD
0566
05C9
0626
067D
06CD
0716
0758
0794
07C7
07F2
0814
082E
083E
0846
0844
083A
0826
0809
07E3
07B3
077B
073A
06F1
069F
0645
05E3
057A
0509
0492
0414
0391
0307
0279
01E6
014E
00B3
0015
FF75
FED2
FE2F
FD8B
FCE7
FC42
FB9F
FAFC
FA5B
F9BD
F921
F888
F7F2
F761
F6D4
F64B
F5C8
F54B
F4D3
F461
F3F6
F392
F334
F2DE
F28E
F246
F206
F1CC
F19B
F170
F14D
F132
F11E
F111
F10C
F10D
F116
F124
F139
F153
F173
F198
F1C1
F1EF
F221
F256
F28F
F2CA
F307
F346
F386
F3C7
F408
F449
F48A
F4CA
F508
F544
F57E
F5B6
F5EA
F61B
F648
F671
F695
F6B5
F6CF
F6E3
F6F2
F6FC
F700
F6FE
F6F6
F6E9
F6D5
F6BD
F69E
F67A
F651
F622
F5EF
F5B8
F57C
F53D
F4FA
F4B4
F46B
F421
F3D4
F387
F33A
F2EC
F29F
F253
F20A
F1C2
F17E
F13E
F100
F0C7
F094
F067
F041
F023
F00C
EFFE
EFFA
EFFF
F00F
F029
F04F
F081
F0BF
F109
F160
F1C4
F236
F2B5
F343
F3DE
F487
F53E
F603
F6D6
F7B7
F8A5
F9A1
FAAA
FBC0
FCE2
FE10
FF49
008D
01DC
0334
0496
0600
0771
08EA
0A69
0BED
0D76
0F02
1091
1222
13B4
1545
16D5
1863
19EE
1B74
1CF5
1E70
1FE4
214F
22B1
2409
2556
2697
27CB
28F1
2A08
2B0F
2C06
2CEC
2DC1
2E82
2F31
2FCD
3055
30C8
3127
3171
31A6
31C5
31CF
31C4
31A3
316D
3122
30C2
304D
2FC4
2F27
2E76
2DB3
2CDD
2BF5
2AFD
29F4
28DC
27B5
2681
253F
23F1
2299
2136
1FCB
1E58
1CDE
1B5F
19DC
1856
16CD
1545
13BC
1235
10B1
0F31
0DB6
0C41
0AD4
096E
0812
06C1
057A
0440
0313
01F4
00E3
FFE2
FEF1
FE11
FD41
FC84
FBD8
FB3E
FAB8
FA43
F9E2
F994
F95A
F932
F91D
F91B
F92C
F94E
F983
F9C9
FA1F
FA86
FAFC
FB82
FC15
FCB6
FD63
FE1C
FEE0
FFAD
0082
0160
0244
032D
041A
050B
05FD
06F0
07E3
08D3
09C1
0AAB
0B8F
0C6D
0D44
0E12
0ED7
0F90
103F
10E0
1175
11FB
1271
12D8
132E
1373
13A6
13C7
13D5
13CF
13B6
138A
1349
12F4
128C
120F
117E
10DA
1022
0F57
0E79
0D88
0C86
0B73
0A50
091D
07DA
068A
052D
03C3
024E
00CF
FF47
FDB7
FC20
FA83
F8E2
F73E
F598
F3F1
F24B
F0A8
EF07
ED6B
EBD5
EA46
E8C0
E743
E5D1
E46B
E313
E1C9
E08F
DF66
DE4F
DD4B
DC5A
DB7D
DAB6
DA05
D96B
D8E8
D87C
D829
D7EF
D7CE
D7C6
D7D8
D804
D849
D8A8
D920
D9B2
DA5C
DB20
DBFC
DCEF
DDFA
DF1C
E054
E1A1
E302
E477
E5FF
E799
E943
EAFC
ECC5
EE9A
F07C
F268
F45F
F65E
F864
FA70
FC81
FE96
00AC
02C4
04DB
06F0
0903
0B11
0D1A
0F1C
1117
1308
14F0
16CD
189E
1A62
1C18
1DBF
1F56
20DD
2253
23B8
2509
2647
2772
2889
298C
2A7B
2B54
2C19
2CC8
2D63
2DE9
2E5A
2EB6
2EFD
2F31
2F50
2F5C
2F55
2F3C
2F11
2ED4
2E86
2E29
2DBC
2D40
2CB7
2C21
2B7F
2AD2
2A1A
2959
2890
27C1
26EC
2611
2531
244E
2368
2280
2197
20AE
1FC6
1EE0
1DFC
1D1B
1C3E
1B66
1A93
19C6
1900
1841
178A
16DB
1635
1598
1504
147A
13F9
1383
1318
12B7
1260
1214
11D3
119E
1174
1154
113E
1132
1131
1138
1149
1162
1184
11AE
11DF
1217
1255
129A
12E4
1332
1385
13DC
1436
1492
14F0
1550
15B0
1610
1671
16D0
172E
178A
17E3
183A
188D
18DB
1925
196A
19AB
19E6
1A1C
1A4D
1A77
1A9C
1ABA
1AD1
1AE3
1AED
1AF1
1AEF
1AE6
1AD7
1AC1
1AA5
1A83
1A5B
1A2E
19FC
19C4
1988
1947
1903
18BB
186F
1821
17D0
177D
1727
16D0
1678
1620
15C8
1571
151B
14C7
1474
1424
13D7
138D
1346
1303
12C4
128A
1254
1223
11F8
11D1
11B0
1195
117F
116F
1164
115F
1160
1166
1172
1183
1199
11B4
11D4
11F8
1220
124C
127C
12AE
12E3
1319
1352
138C
13C6
1401
143B
1474
14AC
14E2
1515
1545
1572
159A
15BD
15DC
15F4
1606
1611
1615
1612
1606
15F1
15D3
15AC
157B
1540
14FA
14AA
144F
13E9
1379
12FD
1277
11E6
1149
10A2
0FF1
0F35
0E6F
0D9F
0CC6
0BE4
0AF9
0A06
090B
080A
0701
05F3
04E0
03C8
02AC
018E
006D
FF4A
FE27
FD04
FBE2
FAC0
F9A1
F885
F76E
F65C
F551
F44C
F350
F25C
F172
F093
EFBF
EEF7
EE3C
ED8F
ECF0
EC61
EBE0
EB71
EB12
EAC4
EA88
EA5E
EA46
EA41
EA4F
EA71
EAA5
EAED
EB48
EBB7
EC38
ECCD
ED74
EE2D
EEF8
EFD5
F0C2
F1C0
F2CD
F3EA
F514
F64D
F792
F8E3
FA3E
FBA4
FD13
FE89
0007
018A
0312
049D
062A
07B9
0947
0AD4
0C5E
0DE4
0F65
10E0
1253
13BC
151C
1672
17BB
18F6
1A22
1B3F
1C4A
1D44
1E2A
1EFC
1FBA
2061
20F2
216C
21CE
2218
2248
225F
225C
223F
2208
21B5
2148
20C0
201E
1F60
1E88
1D96
1C8A
1B64
1A25
18CE
175F
15D7
1439
1286
10BE
0EE2
0CF3
0AF3
08E3
06C2
0494
0259
0012
FDC1
FB66
F904
F69C
F42F
F1BF
EF4D
ECDA
EA69
E7FA
E58F
E329
E0CA
DE74
DC27
D9E5
D7B0
D589
D370
D169
CF70
CD8B
CBBA
C9FD
C857
C6C7
C550
C3F1
C2AC
C181
C071
BF7D
BEA4
BDE8
BD49
BCC7
BC62
BC1A
BBF0
BBE4
BBF4
BC22
BC6D
BCD5
BD58
BDF8
BEB3
BF88
C078
C181
C2A2
C3DB
C52C
C692
C80D
C99D
CB3F
CCF3
CEB7
D08B
D26D
D45C
D656
D85B
DA68
DC7D
DE99
E0B9
E2DD
E503
E729
E94F
EB73
ED94
EFB1
F1C7
F3D7
F5DF
F7DD
F9D1
FBB9
FD94
FF62
0121
02D2
0472
0601
077F
08EA
0A42
0B87
0CB7
0DD3
0EDB
0FCD
10AA
1171
1222
12BE
1344
13B4
140F
1454
1484
14A0
14A7
149A
1479
1446
1400
13A9
1340
12C8
1240
11A9
1104
1051
0F92
0EC7
0DF3
0D16
0C31
0B44
0A52
095B
0861
0763
0664
0565
0466
0369
026F
0179
0087
FF9B
FEB6
FDD9
FD05
FC3A
FB79
FAC4
FA1B
F97E
F8F0
F86F
F7FD
F79A
F747
F702
F6CE
F6AA
F698
F697
F6A8
F6CA
F6FF
F745
F79D
F807
F882
F90F
F9AD
FA5C
FB1C
FBEC
FCCB
FDB9
FEB7
FFC2
00DA
0200
0331
046E
05B5
0706
0860
09C1
0B2A
0C99
0E0D
0F85
10FF
127C
13FB
1579
16F7
1873
19ED
1B63
1CD4
1E3F
1FA4
2101
2255
23A0
24E1
2616
273F
285B
2969
2A68
2B59
2C39
2D09
2DC8
2E75
2F0F
2F97
300C
306D
30BB
30F4
3119
312A
3125
310D
30DF
309D
3047
2FDC
2F5D
2ECA
2E24
2D6B
2C9E
2BC0
2AD0
29CF
28BD
279B
266B
252B
23DE
2284
211E
1FAD
1E31
1CAC
1B1F
198A
17EF
164E
14A8
12FF
1153
0FA6
0DF8
0C4A
0A9E
08F5
074F
05AE
0412
027D
00F0
FF6B
FDF0
FC7F
FB1A
F9C1
F874
F736
F606
F4E5
F3D4
F2D4
F1E4
F107
F03B
EF82
EEDC
EE49
EDCA
ED5E
ED07
ECC3
EC93
EC78
EC70
EC7C
EC9D
ECD0
ED18
ED72
EDDE
EE5D
EEEE
EF90
F042
F104
F1D5
F2B5
F3A2
F49C
F5A2
F6B3
F7CF
F8F3
FA20
FB54
FC8E
FDCD
FF11
0057
019F
02E8
0431
0578
06BD
07FF
093C
0A73
0BA4
0CCD
0DED
0F04
100F
110F
1203
12E9
13C0
1489
1541
15E9
167F
1704
1775
17D4
181F
1856
1878
1885
187E
1861
182F
17E7
178A
1718
1690
15F3
1542
147D
13A3
12B5
11B3
109F
0F78
0E40
0CF7
0B9E
0A35
08BF
073A
05AA
040E
0268
00B8
FF00
FD42
FB7E
F9B5
F7EA
F61C
F44E
F280
F0B4
EEEB
ED27
EB69
E9B2
E803
E65E
E4C4
E336
E1B5
E042
DEDE
DD8B
DC49
DB1A
D9FE
D8F6
D804
D727
D662
D5B4
D51E
D4A1
D43E
D3F4
D3C5
D3B0
D3B6
D3D7
D414
D46C
D4DF
D56D
D616
D6DA
D7B9
D8B2
D9C4
DAF0
DC34
DD8F
DF03
E08C
E22B
E3DF
E5A6
E781
E96C
EB69
ED75
EF8F
F1B6
F3E9
F626
F86D
FABB
FD0F
FF69
01C6
0425
0685
08E5
0B42
0D9B
0FF0
123F
1486
16C4
18F7
1B20
1D3B
1F48
2145
2332
250E
26D8
288E
2A30
2BBD
2D33
2E93
2FDC
310D
3225
3325
340B
34D7
3589
3622
369F
3703
374C
377C
3791
378D
376F
3738
36E8
3681
3602
356D
34C1
3400
332B
3242
3147
303A
2F1C
2DEF
2CB3
2B6A
2A15
28B5
274B
25D9
245F
22DF
215B
1FD3
1E49
1CBE
1B34
19AB
1825
16A3
1526
13B0
1242
10DC
0F7F
0E2E
0CE8
0BAF
0A84
0966
0858
075A
066C
058F
04C4
040B
0364
02D1
0250
01E3
018A
0144
0111
00F2
00E7
00EF
0109
0136
0175
01C6
0229
029B
031E
03B0
0451
04FF
05BA
0682
0754
0831
0917
0A05
0AF9
0BF3
0CF2
0DF5
0EFB
1003
110B
1214
131B
141F
1520
161C
1712
1801
18E9
19C7
1A9C
1B66
1C25
1CD7
1D7C
1E12
1E9A
1F13
1F7B
1FD3
201A
204F
2073
2084
2083
206F
2047
200D
1FC0
1F60
1EEE
1E69
1DD2
1D29
1C6F
1BA3
1AC7
19DB
18E0
17D5
16BD
1597
1465
1327
11DE
108B
0F2F
0DCA
0C5F
0AEE
0978
07FE
0681
0502
0382
0203
0086
FF0B
FD95
FC24
FAB9
F954
F7F8
F6A4
F55B
F41C
F2E8
F1C2
F0A8
EF9D
EEA1
EDB4
ECD8
EC0C
EB52
EAAA
EA14
E991
E921
E8C4
E87B
E846
E825
E817
E81E
E838
E866
E8A8
E8FD
E965
E9E0
EA6E
EB0E
EBBF
EC82
ED54
EE36
EF27
F027
F134
F24D
F373
F4A3
F5DE
F722
F86E
F9C2
FB1D
FC7C
FDE1
FF48
00B3
021F
038C
04F8
0663
07CC
0932
0A94
0BF1
0D48
0E98
0FE1
1121
1258
1385
14A9
15C1
16CE
17D0
18C4
19AC
1A87
1B54
1C13
1CC3
1D66
1DF9
1E7E
1EF4
1F5A
1FB2
1FFC
2036
2062
207F
208E
208F
2082
2068
2041
200D
1FCD
1F81
1F2A
1EC8
1E5B
1DE5
1D65
1CDD
1C4D
1BB6
1B17
1A73
19C9
191A
1867
17B1
16F7
163C
157E
14C0
1402
1343
1286
11CA
110F
1057
0FA2
0EF0
0E42
0D98
0CF2
0C52
0BB6
0B20
0A90
0A06
0982
0903
088B
081A
07AE
0749
06EA
0692
0640
05F4
05AF
056F
0535
0501
04D2
04A9
0484
0465
044A
0433
0420
0410
0404
03FB
03F5
03F1
03EF
03EE
03EF
03F1
03F3
03F5
03F6
03F8
03FA
03FA
03FA
03F8
03F4
03EF
03E8
03DF
03D4
03C6
03B6
03A3
038D
0375
0359
033B
031B
02F7
02D1
02A9
027D
0250
0221
01EF
01BC
0188
0152
011B
00E2
00A8
006F
0036
FFFE
FFC6
FF90
FF5C
FF2A
FEFA
FECC
FEA2
FE7B
FE58
FE39
FE1E
FE08
FDF7
FDEA
FDE4
FDE3
FDE8
FDF2
FE04
FE1B
FE39
FE5E
FE8A
FEBC
FEF5
FF36
FF7C
FFCA
001F
007A
00DC
0144
01B2
0227
02A0
0320
03A4
042D
04BB
054D
05E2
067A
0716
07B3
0852
08F2
0993
0A35
0AD5
0B75
0C13
0CAF
0D48
0DDE
0E70
0EFD
0F85
1007
1083
10F8
1166
11CB
1228
127C
12C7
1307
133D
1367
1387
139A
13A2
139D
138B
136C
1340
1307
12C0
126B
1208
1198
111A
108E
0FF4
0F4C
0E98
0DD6
0D07
0C2B
0B43
0A4F
094F
0843
072C
060C
04E1
03AE
0273
012F
FFE5
FE94
FD3D
FBE2
FA82
F91F
F7B9
F652
F4E9
F380
F218
F0B1
EF4C
EDEA
EC8D
EB34
E9E1
E894
E74E
E610
E4DB
E3AF
E28E
E177
E06C
DF6D
DE7A
DD95
DCBF
DBF6
DB3D
DA93
D9FA
D970
D8F8
D890
D83A
D7F6
D7C3
D7A3
D795
D798
D7AE
D7D7
D811
D85E
D8BC
D92C
D9AE
DA41
DAE5
DB9A
DC5F
DD34
DE18
DF0B
E00C
E11C
E238
E361
E496
E5D7
E721
E876
E9D4
EB3A
ECA9
EE1E
EF99
F11A
F29F
F428
F5B5
F743
F8D4
FA65
FBF6
FD87
FF16
00A4
022E
03B5
0537
06B5
082E
09A0
0B0C
0C70
0DCD
0F21
106C
11AF
12E8
1416
153B
1654
1763
1866
195E
1A4A
1B2A
1BFE
1CC6
1D81
1E30
1ED2
1F68
1FF1
206E
20DF
2144
219C
21E9
2229
225F
2289
22A8
22BC
22C5
22C5
22BB
22A6
2288
2262
2233
21FD
21BF
217A
212E
20DC
2083
2026
1FC3
1F5B
1EEF
1E7F
1E0C
1D95
1D1C
1CA0
1C22
1BA2
1B21
1A9F
1A1C
1998
1914
1890
180C
1789
1706
1685
1604
1583
1504
1486
140A
1390
1317
12A0
122C
11B9
1149
10DA
106E
1004
0F9C
0F37
0ED3
0E71
0E12
0DB4
0D59
0CFF
0CA7
0C51
0BFC
0BA9
0B57
0B07
0AB7
0A69
0A1B
09CE
0982
0935
08E8
089C
084F
0803
07B6
0769
071C
06CF
0681
0632
05E3
0594
0543
04F2
04A0
044E
03FA
03A6
0351
02FB
02A4
024D
01F5
019C
0142
00E8
008D
0032
FFD6
FF79
FF1D
FEBF
FE61
FE03
FDA5
FD47
FCE9
FC8C
FC2F
FBD2
FB76
FB1A
FAC0
FA66
FA0D
F9B6
F960
F90B
F8B8
F866
F816
F7C8
F77C
F732
F6EA
F6A4
F661
F621
F5E2
F5A7
F56E
F538
F506
F4D6
F4AA
F481
F45B
F439
F41A
F3FE
F3E6
F3D1
F3BF
F3B2
F3A8
F3A1
F39E
F39E
F3A3
F3AA
F3B6
F3C5
F3D8
F3EE
F408
F425
F447
F46B
F493
F4BF
F4EE
F521
F557
F591
F5CE
F60F
F653
F69B
F6E7
F735
F787
F7DC
F835
F890
F8EF
F951
F9B6
FA1D
FA88
FAF5
FB65
FBD8
FC4D
FCC5
FD3F
FDBB
FE39
FEBA
FF3C
FFC0
0046
00CD
0156
01E0
026B
02F8
0385
0412
04A0
052F
05BE
064C
06DB
076A
07F8
0886
0912
099E
0A29
0AB2
0B3A
0BC0
0C44
0CC6
0D46
0DC3
0E3D
0EB4
0F28
0F98
1005
106D
10D2
1132
118E
11E4
1236
1282
12C9
130A
1345
1379
13A8
13CF
13F0
140A
141D
1428
142D
142A
141F
140D
13F3
13D2
13A9
1379
1340
1301
12B9
126A
1214
11B6
1151
10E5
1071
0FF7
0F76
0EEF
0E61
0DCD
0D34
0C95
0BF1
0B48
0A9A
09E7
0930
0875
07B6
06F4
0630
0569
049F
03D4
0308
023B
016E
00A1
FFD4
FF09
FE3E
FD76
FCB0
FBED
FB2D
FA71
F9BA
F907
F859
F7B1
F70F
F673
F5DF
F553
F4CF
F453
F3E0
F376
F315
F2BF
F272
F230
F1F8
F1CB
F1A9
F192
F187
F188
F194
F1AB
F1CF
F1FF
F23A
F282
F2D5
F335
F3A0
F417
F49A
F528
F5C2
F666
F716
F7D0
F895
F965
FA3F
FB23
FC10
FD07
FE06
FF0E
001E
0135
0253
0378
04A3
05D4
070A
0845
0983
0AC5
0C0A
0D52
0E9B
0FE6
1131
127C
13C7
1511
165A
17A0
18E4
1A24
1B61
1C99
1DCD
1EFB
2024
2146
2261
2376
2482
2587
2683
2776
2860
2940
2A16
2AE2
2BA3
2C59
2D04
2DA3
2E36
2EBE
2F39
2FA8
300A
305F
30A8
30E4
3112
3134
3148
3150
314A
3137
3117
30E9
30AF
3068
3014
2FB3
2F46
2ECD
2E48
2DB7
2D1A
2C72
2BBE
2B00
2A37
2964
2887
27A0
26B0
25B6
24B4
23A9
2296
217C
205A
1F31
1E01
1CCB
1B90
1A4F
1908
17BD
166E
151A
13C2
1268
110A
0FAB
0E49
0CE6
0B81
0A1C
08B7
0752
05ED
048A
0328
01C7
0069
FF0E
FDB5
FC60
FB0F
F9C2
F87A
F737
F5F9
F4C1
F38F
F264
F140
F023
EF0D
EE00
ECFB
EBFE
EB0B
EA21
E941
E86A
E79E
E6DC
E625
E579
E4D8
E443
E3B9
E33C
E2CA
E265
E20D
E1C2
E183
E152
E12D
E116
E10D
E111
E123
E142
E16F
E1AA
E1F2
E249
E2AC
E31E
E39D
E42A
E4C5
E56D
E622
E6E4
E7B2
E88D
E974
EA66
EB64
EC6D
ED81
EEA0
EFC8
F0FA
F235
F378
F4C4
F618
F772
F8D3
FA3A
FBA7
FD18
FE8E
0007
0183
0301
0481
0602
0783
0904
0A84
0C01
0D7D
0EF5
1069
11D8
1343
14A6
1604
1759
18A6
19EB
1B26
1C56
1D7C
1E96
1FA4
20A6
2199
227F
2357
241F
24D8
2581
261A
26A2
2718
277D
27D0
2811
283F
285B
2862
2855
2835
2802
27BC
2762
26F4
2674
25E0
2539
2480
23B4
22D5
21E5
20E3
1FCF
1EAB
1D76
1C31
1ADD
197A
1808
1689
14FD
1364
11C0
1010
0E57
0C93
0AC7
08F3
0717
0534
034B
015E
FF6C
FD77
FB80
F988
F78F
F596
F39F
F1A9
EFB6
EDC7
EBDC
E9F7
E817
E63E
E46D
E2A4
E0E4
DF2E
DD82
DBE1
DA4B
D8C2
D745
D5D6
D474
D321
D1DC
D0A6
CF7F
CE6A
CD65
CC70
CB8B
CAB7
C9F5
C943
C8A2
C812
C793
C725
C6C9
C67D
C642
C617
C5FD
C5F3
C5F9
C60E
C633
C667
C6A9
C6F9
C758
C7C3
C83C
C8C1
C952
C9EF
CA97
CB49
CC06
CCCD
CD9D
CE76
CF57
D03F
D12E
D224
D320
D421
D527
D632
D740
D852
D967
DA7F
DB99
DCB5
DDD2
DEF0
E00E
E12D
E24B
E369
E487
E5A3
E6BE
E7D8
E8F0
EA06
EB1A
EC2B
ED3A
EE45
EF4D
F052
F154
F253
F350
F449
F53F
F633
F723
F810
F8FB
F9E2
FAC7
FBA8
FC87
FD64
FE3D
FF15
FFE9
00BB
018B
0259
0324
03ED
04B4
0579
063B
06FC
07BA
0877
0931
09E7
0A9B
0B4D
0BFC
0CAA
0D55
0DFD
0EA3
0F47
0FE7
1085
111F
11B6
1249
12D9
1364
13EC
146E
14EC
1565
15D8
1645
16AD
170E
1768
17BC
1808
184D
188A
18BE
18EA
190E
1928
1938
193F
193D
1930
1918
18F7
18CA
1893
1850
1802
17A9
1744
16D4
1658
15D0
153D
149E
13F3
133D
127C
11AF
10D7
0FF5
0F08
0E11
0D10
0C05
0AF2
09D5
08B0
0784
0651
0518
03D8
0293
0149
FFFB
FEA9
FD55
FBFE
FAA6
F94E
F7F6
F69F
F549
F3F7
F2A8
F15D
F018
EED9
EDA1
EC70
EB49
EA2B
E917
E80E
E711
E622
E53F
E46B
E3A6
E2F0
E24B
E1B8
E136
E0C6
E068
E01E
DFE7
DFC4
DFB5
DFBA
DFD5
E004
E049
E0A2
E112
E196
E230
E2DF
E3A3
E47C
E56A
E66C
E781
E8AB
E9E7
EB36
EC96
EE08
EF8A
F11D
F2BE
F46D
F62A
F7F2
F9C6
FBA4
FD8B
FF7B
0172
036F
0571
0777
0980
0B8A
0D94
0F9E
11A5
13A9
15A8
17A2
1994
1B7E
1D5F
1F35
20FF
22BC
246B
260B
279B
291A
2A86
2BDF
2D24
2E54
2F6E
3070
315A
322C
32E6
3387
340F
347C
34CF
3508
3526
3529
3510
34DD
348F
3425
33A1
3302
3249
3176
308A
2F84
2E66
2D30
2BE3
2A7F
2906
2778
25D5
2420
2259
2080
1E98
1CA0
1A9A
1888
166A
1442
1211
0FD9
0D9B
0B58
0912
06C9
0480
0237
FFF0
FDAD
FB6E
F935
F704
F4DB
F2BC
F0A8
EEA1
ECA7
EABC
E8E1
E716
E55E
E3B8
E227
E0AA
DF42
DDF1
DCB8
DB96
DA8D
D99C
D8C4
D806
D762
D6D8
D669
D614
D5DA
D5BA
D5B6
D5CC
D5FD
D647
D6AC
D72B
D7C2
D873
D93C
DA1C
DB14
DC22
DD46
DE7E
DFCB
E12A
E29C
E41F
E5B3
E755
E907
EAC6
EC91
EE66
F045
F22C
F41A
F60E
F806
FA02
FC01
FE00
FFFF
01FD
03F9
05F0
07E3
09D0
0BB7
0D95
0F69
1134
12F4
14A7
164E
17E6
1971
1AEB
1C56
1DAF
1EF7
202D
2151
2262
235F
2448
251C
25DC
2687
271C
279D
2807
285C
289C
28C6
28DB
28DB
28C5
289B
285D
280A
27A4
272A
269E
25FF
254F
248D
23BB
22D9
21E7
20E7
1FDA
1EBF
1D98
1C67
1B2B
19E5
1896
1740
15E2
147D
1314
11A5
1033
0EBE
0D46
0BCD
0A54
08DB
0763
05ED
0479
0309
019D
0035
FED3
FD78
FC22
FAD4
F98E
F850
F71C
F5F0
F4CF
F3B7
F2AB
F1AA
F0B4
EFCA
EEEC
EE1A
ED55
EC9D
EBF1
EB53
EAC2
EA3E
E9C6
E95C
E900
E8B0
E86D
E837
E80D
E7F0
E7E0
E7DB
E7E3
E7F6
E814
E83E
E872
E8B1
E8FB
E94E
E9AA
EA10
EA7F
EAF6
EB75
EBFC
EC8A
ED1F
EDBB
EE5D
EF05
EFB3
F066
F11E
F1DA
F29B
F35F
F427
F4F2
F5C0
F690
F762
F837
F90D
F9E4
FABD
FB96
FC70
FD4A
FE25
FEFF
FFD9
00B3
018C
0264
033B
0412
04E7
05BA
068C
075C
082A
08F7
09C1
0A89
0B4F
0C12
0CD3
0D92
0E4F
0F09
0FC0
1075
1127
11D7
1284
132E
13D6
147B
151D
15BD
1659
16F3
178A
181E
18AF
193D
19C8
1A50
1AD4
1B56
1BD4
1C4F
1CC6
1D3A
1DAA
1E17
1E80
1EE6
1F47
1FA5
1FFF
2055
20A7
20F4
213E
2183
21C4
2201
2239
226D
229D
22C7
22EE
230F
232C
2344
2358
2366
2370
2374
2374
236F
2366
2358
2346
232F
2314
22F4
22D0
22A7
227A
2249
2214
21DA
219D
215B
2116
20CD
2080
2030
1FDD
1F86
1F2C
1ED0
1E70
1E0E
1DAA
1D43
1CDA
1C70
1C04
1B98
1B2A
1ABB
1A4C
19DC
196C
18FC
188B
181B
17AB
173C
16CD
165F
15F2
1586
151B
14B2
1449
13E3
137D
1319
12B7
1257
11F8
119B
1140
10E6
108F
1039
0FE5
0F92
0F45
0EF9
0EAE
0E65
0E1E
0DD8
0D94
0D50
0D0D
0CCC
0C8B
0C4B
0C0B
0BCB
0B8B
0B4C
0B0C
0ACB
0A8A
0A48
0A04
09C0
097A
0932
08E8
089C
084E
07FD
07AA
0754
06FA
069D
063E
05DB
0574
050A
049B
0428
03B1
0335
02B5
0230
01A7
0119
0086
FFEF
FF53
FEB3
FE0E
FD65
FCB7
FC06
FB50
FA96
F9D8
F917
F852
F78A
F6BF
F5F2
F521
F44F
F37B
F2A4
F1CB
F0F1
F016
EF3A
EE5F
ED84
ECA9
EBD0
EAF8
EA22
E94E
E87D
E7AF
E6E4
E61D
E55A
E49C
E3E2
E32E
E280
E1D7
E135
E09A
E005
DF78
DEF3
DE75
DE00
DD94
DD30
DCD5
DC83
DC3A
DBFA
DBC4
DB97
DB75
DB5E
DB50
DB4D
DB54
DB66
DB82
DBA8
DBD8
DC13
DC58
DCA7
DD00
DD62
DDCE
DE44
DEC2
DF49
DFD9
E071
E111
E1B8
E267
E31D
E3D9
E49C
E564
E632
E704
E7DB
E8B6
E995
EA77
EB5C
EC43
ED2C
EE17
EF03
EFEF
F0DC
F1C9
F2B5
F3A1
F48B
F574
F65A
F73F
F820
F8FF
F9DA
FAB2
FB86
FC55
FD20
FDE7
FEA8
FF65
001C
00CD
0179
021E
02BE
0356
03E9
0475
04FB
057A
05F3
0665
06D1
0736
0795
07EE
0841
088E
08D4
0915
0950
0986
09B6
09E1
0A07
0A29
0A45
0A5D
0A71
0A81
0A8D
0A95
0A9A
0A9B
0A9A
0A95
0A8D
0A83
0A76
0A67
0A56
0A43
0A2D
0A16
09FD
09E3
09C6
09A9
0989
0968
0945
0921
08FB
08D4
08AA
087F
0852
0823
07F2
07BF
0789
0750
0715
06D7
0696
0652
060A
05BF
0570
051D
04C6
046B
040B
03A6
033C
02CC
0257
01DC
015B
00D3
0045
FFB0
FF15
FE72
FDC7
FD16
FC5C
FB9B
FAD2
FA01
F928
F846
F75D
F66B
F572
F470
F366
F254
F13B
F019
EEF0
EDC0
EC89
EB4B
EA07
E8BD
E76E
E619
E4C0
E362
E201
E09C
DF34
DDCA
DC5E
DAF1
D983
D816
D6A9
D53D
D3D4
D26D
D10A
CFAB
CE51
CCFC
CBAE
CA66
C927
C7F0
C6C2
C59D
C484
C375
C273
C17E
C096
BFBD
BEF2
BE37
BD8B
BCF0
BC66
BBEE
BB87
BB33
BAF2
BAC3
BAA9
BAA2
BAAE
BACF
BB04
BB4E
BBAC
BC1F
BCA6
BD41
BDF0
BEB4
BF8C
C077
C176
C289
C3AE
C4E6
C630
C78C
C8F8
CA74
CC00
CD9B
CF44
D0FA
D2BD
D48C
D666
D849
DA36
DC2B
DE27
E029
E230
E43C
E64B
E85C
EA6F
EC81
EE93
F0A3
F2B0
F4B9
F6BE
F8BC
FAB4
FCA6
FE8F
006F
0245
0410
05CF
0782
0927
0ABF
0C48
0DC2
0F2D
1087
11D1
1309
1431
1546
1649
173B
181A
18E6
19A0
1A48
1ADD
1B5F
1BD0
1C2E
1C7B
1CB6
1CE0
1CFA
1D03
1CFD
1CE8
1CC4
1C92
1C53
1C07
1BAF
1B4C
1ADF
1A68
19E9
1962
18D5
1841
17A8
170C
166C
15CA
1526
1483
13E0
133E
129F
1203
116C
10D9
104D
0FC7
0F49
0ED2
0E65
0E01
0DA8
0D59
0D15
0CDD
0CB1
0C91
0C7E
0C79
0C80
0C95
0CB8
0CE9
0D27
0D73
0DCD
0E35
0EAA
0F2C
0FBB
1056
10FE
11B1
1270
1339
140C
14E9
15CE
16BC
17B1
18AC
19AD
1AB3
1BBE
1CCC
1DDB
1EEC
1FFE
210E
221C
2328
2430
2533
2630
2726
2814
28FA
29D6
2AA7
2B6D
2C26
2CD2
2D70
2DFF
2E7E
2EED
2F4B
2F98
2FD2
2FF9
300E
300E
2FFB
2FD3
2F97
2F46
2EE1
2E66
2DD7
2D33
2C7A
2BAC
2ACA
29D5
28CB
27AF
267F
253D
23EA
2286
2111
1F8D
1DFB
1C5A
1AAC
18F3
172E
155F
1387
11A7
0FC0
0DD4
0BE3
09EE
07F7
05FF
0407
020E
0018
FE26
FC38
FA50
F870
F697
F4C8
F303
F14A
EF9E
EDFE
EC6E
EAED
E97C
E81C
E6CE
E593
E46B
E357
E258
E16E
E099
DFDA
DF32
DE9F
DE24
DDBF
DD71
DD39
DD19
DD0E
DD19
DD39
DD6F
DDBA
DE19
DE8D
DF14
DFAE
E05A
E117
E1E5
E2C3
E3AF
E4AA
E5B1
E6C3
E7E1
E908
EA37
EB6E
ECAB
EDED
EF33
F07B
F1C4
F30D
F455
F59B
F6DD
F81A
F952
FA81
FBA9
FCC7
FDDA
FEE2
FFDD
00CA
01A8
0277
0335
03E2
047C
0504
0579
05DA
0626
065D
067F
068B
0681
0661
062B
05DF
057C
0503
0474
03D0
0316
0247
0163
006B
FF5F
FE40
FD11
FBD1
FA80
F91E
F7AE
F62F
F4A3
F30B
F167
EFB9
EE03
EC44
EA7F
E8B5
E6E6
E515
E341
E16E
DF9B
DDCB
DBFE
DA36
D874
D6B9
D507
D35E
D1C1
D02F
CEAB
CD35
CBCE
CA78
C935
C805
C6E8
C5DE
C4E9
C40A
C340
C28D
C1F1
C16D
C101
C0AE
C073
C051
C048
C059
C083
C0C6
C123
C198
C226
C2CD
C38C
C463
C551
C656
C770
C8A1
C9E6
CB40
CCAD
CE2C
CFBC
D15D
D30E
D4CD
D69A
D873
DA57
DC46
DE3E
E03D
E244
E450
E660
E874
EA89
EC9F
EEB5
F0C9
F2DA
F4E8
F6F0
F8F2
FAED
FCDF
FEC9
00A8
027B
0442
05FD
07A9
0946
0AD4
0C51
0DBE
0F19
1062
1198
12BC
13CC
14C8
15B1
1685
1745
17F0
1887
1909
1976
19CF
1A14
1A44
1A60
1A68
1A5D
1A3F
1A0E
19CB
1976
1910
189A
1814
177F
16DB
1629
156A
149F
13C9
12E8
11FD
110A
100E
0F0C
0E03
0CF5
0BE3
0ACD
09B5
089B
0780
0665
054B
0433
031E
020C
00FF
FFF6
FEF4
FDF8
FD03
FC17
FB33
FA58
F987
F8C1
F806
F756
F6B2
F619
F58C
F50D
F49B
F437
F3E0
F398
F35F
F334
F317
F309
F30A
F31A
F339
F366
F3A2
F3EC
F444
F4AB
F51F
F5A1
F630
F6CD
F776
F82B
F8ED
F9B9
FA91
FB74
FC61
FD58
FE58
FF5F
006D
0184
02A2
03C7
04F2
0622
0757
0891
09CE
0B0F
0C53
0D98
0EDF
1027
116F
12B7
13FE
1543
1687
17C8
1906
1A40
1B76
1CA7
1DD4
1EFA
201A
2134
2247
2352
2455
2551
2645
272F
2810
28E7
29B4
2A77
2B2F
2BDC
2C7E
2D14
2D9E
2E1D
2E8F
2EF4
2F4D
2F99
2FD8
300A
302F
3046
3050
304C
303A
301B
2FEE
2FB3
2F6B
2F15
2EB1
2E40
2DC1
2D36
2C9D
2BF8
2B45
2A86
29B9
28E1
27FB
270A
260D
2505
23F1
22D2
21A9
2076
1F38
1DF2
1CA2
1B4A
19EA
1882
1713
159D
1421
129F
1119
0F8D
0DFE
0C6B
0AD5
093D
07A3
0607
046B
02CE
0132
FF98
FDFF
FC69
FAD5
F946
F7BB
F635
F4B5
F33C
F1C9
F05E
EEFB
EDA0
EC50
EB09
E9CD
E89C
E776
E65D
E550
E451
E35F
E27B
E1A6
E0DF
E028
DF80
DEE8
DE60
DDE9
DD82
DD2C
DCE6
DCB2
DC8E
DC7B
DC79
DC87
DCA7
DCD7
DD17
DD67
DDC7
DE37
DEB6
DF43
DFDF
E089
E140
E205
E2D5
E3B2
E499
E58B
E687
E78C
E89A
E9AF
EACC
EBEE
ED1A
EE4A
EF7D
F0B4
F1ED
F327
F461
F59B
F6D4
F80B
F93E
FA6E
FB99
FCBF
FDDE
FEF6
0007
010F
020E
0302
03ED
04CC
059F
0666
0720
07CD
086B
08FC
097E
09F1
0A55
0AAA
0AF0
0B27
0B4D
0B64
0B6A
0B61
0B48
0B1F
0AE8
0AA1
0A4C
09E8
0977
08F8
086D
07D5
0733
0685
05CD
050B
0442
0370
0297
01B9
00D5
FFED
FF02
FE14
FD26
FC36
FB48
FA5B
F96E
F885
F7A1
F6C2
F5E9
F518
F44F
F38F
F2D9
F22E
F18F
F0FC
F077
EFFF
EF96
EF3D
EEF3
EEBA
EE92
EE7B
EE75
EE82
EEA1
EED3
EF17
EF6E
EFD7
F054
F0E3
F185
F238
F2FE
F3D5
F4BD
F5B6
F6BF
F7D8
F8FF
FA35
FB78
FCC8
FE24
FF8A
00FB
0274
03F5
057D
070A
089B
0A30
0BC7
0D5E
0EF5
108A
121C
13A9
1531
16B2
182B
199B
1B00
1C59
1DA4
1EE2
2011
212F
223C
2336
241D
24EF
25AD
2654
26E4
275D
27BE
2807
2837
284D
2849
282C
27F4
27A2
2736
26B0
260F
2555
2482
2395
2290
2172
203D
1EF2
1D90
1C19
1A8D
18EF
173C
1578
13A4
11C1
0FD1
0DD3
0BCB
09B9
079F
057E
0358
012E
FF02
FCD5
FAA9
F880
F65B
F43C
F224
F014
EE10
EC17
EA2C
E84F
E683
E4C8
E321
E18E
E010
DEA9
DD5A
DC24
DB06
DA03
D91C
D851
D7A4
D713
D6A1
D64D
D618
D602
D60A
D632
D679
D6DE
D762
D804
D8C4
D9A1
DA9A
DBAF
DCDF
DE29
DF8B
E106
E298
E43F
E5FA
E7C8
E9A8
EB97
ED96
EFA1
F1B7
F3D7
F600
F82F
FA62
FC99
FED1
0108
033D
056D
0798
09BA
0BD3
0DE1
0FE1
11D3
13B5
1584
1740
18E7
1A77
1BEF
1D4E
1E93
1FBC
20C9
21B8
2288
2338
23C9
2439
2488
24B4
24BE
24A6
246C
240F
2390
22F0
222D
2149
2045
1F20
1DDC
1C79
1AF9
195C
17A4
15D1
13E6
11E3
0FC9
0D9B
0B5A
0908
06A5
0435
01B8
FF32
FCA2
FA0D
F772
F4D5
F237
EF9A
ED00
EA6B
E7DD
E557
E2DD
E070
DE11
DBC2
D986
D75E
D54B
D350
D16E
CFA6
CDFA
CC6B
CAFB
C9AA
C87B
C76C
C681
C5B9
C514
C495
C43B
C406
C3F7
C40E
C44C
C4AF
C537
C5E6
C6BA
C7B3
C8CF
CA0F
CB70
CCF4
CE97
D05A
D23B
D438
D651
D884
DACF
DD31
DFA9
E233
E4CF
E77B
EA35
ECFA
EFCA
F2A2
F57F
F861
FB45
FE29
010B
03EA
06C2
0992
0C59
0F14
11C2
1460
16EE
1969
1BCF
1E20
2059
2279
247F
266A
2838
29E8
2B7A
2CEC
2E3E
2F6E
307D
3169
3233
32DB
335F
33C0
33FE
3419
3411
33E8
339C
332F
32A2
31F5
3129
303F
2F38
2E15
2CD7
2B80
2A12
288C
26F2
2544
2385
21B5
1FD6
1DEB
1BF5
19F6
17F0
15E4
13D4
11C3
0FB1
0DA1
0B95
098F
078F
0599
03AD
01CE
FFFC
FE3A
FC88
FAE9
F95E
F7E7
F687
F53D
F40C
F2F4
F1F5
F112
F04B
EF9F
EF10
EE9F
EE4A
EE13
EDFA
EDFE
EE20
EE60
EEBC
EF35
EFCA
F07B
F147
F22C
F32B
F443
F571
F6B6
F810
F97D
FAFD
FC8E
FE2F
FFDB
0195
0359
0527
06FC
08D7
0AB7
0C9A
0E7E
1060
1241
141D
15F4
17C3
1989
1B44
1CF3
1E94
2025
21A6
2315
2470
25B6
26E6
27FF
2900
29E8
2AB5
2B68
2BFF
2C7A
2CD8
2D18
2D3A
2D3F
2D25
2CED
2C97
2C24
2B93
2AE4
2A19
2931
282D
270F
25D6
2483
2318
2196
1FFD
1E4F
1C8D
1AB8
18D2
16DB
14D7
12C5
10A8
0E81
0C52
0A1D
07E2
05A5
0366
0129
FEEE
FCB6
FA84
F859
F636
F41E
F212
F012
EE22
EC42
EA74
E8B9
E713
E582
E408
E2A6
E15D
E02E
DF1A
DE22
DD46
DC88
DBE6
DB63
DAFF
DAB9
DA92
DA8A
DAA1
DAD6
DB2B
DBA0
DC33
DCE4
DDB3
DE9D
DFA4
E0C6
E202
E357
E4C4
E649
E7E4
E993
EB56
ED2C
EF12
F107
F30B
F51C
F737
F95C
FB89
FDBC
FFF4
022F
046B
06A8
08E3
0B1B
0D4E
0F7B
11A0
13BB
15CB
17CF
19C7
1BAF
1D87
1F4F
2104
22A5
2432
25AA
270B
2855
2988
2AA1
2BA1
2C88
2D54
2E06
2E9C
2F18
2F78
2FBC
2FE6
2FF4
2FE6
2FBE
2F7C
2F1F
2EA8
2E19
2D70
2CB0
2BD9
2AEB
29E8
28D0
27A4
2665
2515
23B4
2244
20C5
1F39
1DA1
1BFF
1A53
189E
16E3
1522
135D
1195
0FCB
0E00
0C36
0A6D
08A8
06E7
052B
0376
01C9
0024
FE89
FCF8
FB75
F9FE
F895
F739
F5EB
F4AD
F37F
F261
F154
F059
EF6F
EE97
EDD2
ED1F
EC7F
EBF2
EB77
EB10
EABC
EA7A
EA4B
EA2E
EA23
EA2B
EA43
EA6D
EAA8
EAF2
EB4D
EBB6
EC2E
ECB4
ED47
EDE7
EE93
EF4A
F00C
F0D8
F1AC
F28A
F36E
F45A
F54C
F643
F73F
F83F
F941
FA47
FB4E
FC56
FD5F
FE67
FF6F
0075
0179
027B
037A
0475
056D
0660
074F
0838
091D
09FC
0AD4
0BA7
0C73
0D3A
0DFA
0EB4
0F68
1016
10BE
115F
11FB
1290
1320
13AA
142E
14AE
1528
159D
160D
1679
16E1
1745
17A5
1802
185C
18B2
1907
1958
19A8
19F6
1A43
1A8E
1AD9
1B22
1B6C
1BB4
1BFD
1C45
1C8D
1CD5
1D1D
1D66
1DAF
1DF8
1E41
1E8A
1ED3
1F1D
1F66
1FAF
1FF7
203F
2086
20CC
2110
2153
2194
21D2
220E
2247
227C
22AE
22DB
2303
2327
2345
235D
236E
2379
237C
2378
236B
2356
2338
2310
22DE
22A3
225C
220B
21AE
2146
20D2
2052
1FC6
1F2D
1E87
1DD5
1D16
1C4A
1B71
1A8B
1998
1899
178C
1674
154F
141C
12DD
1193
103D
0EDD
0D73
0BFF
0A82
08FC
076F
05D9
043D
029A
00F2
FF45
FD94
FBDF
FA28
F86F
F6B5
F4FB
F341
F189
EFD4
EE21
EC73
EAC9
E925
E788
E5F2
E465
E2E0
E165
DFF4
DE8E
DD34
DBE7
DAA8
D977
D854
D741
D63E
D54C
D46A
D39A
D2DC
D230
D196
D110
D09C
D03C
CFEE
CFB5
CF8F
CF7C
CF7D
CF91
CFB9
CFF3
D040
D0A0
D112
D195
D22A
D2CF
D385
D44A
D51F
D601
D6F1
D7EF
D8F8
DA0D
DB2D
DC57
DD8B
DEC6
E00A
E153
E2A3
E3F8
E551
E6AE
E80C
E96D
EACE
EC2F
ED8F
EEED
F048
F1A0
F2F4
F443
F58B
F6CE
F809
F93B
FA65
FB86
FC9D
FDAA
FEAB
FFA2
008D
016C
023F
0305
03BE
046A
0508
0599
061C
0691
06F9
0752
079E
07DD
080E
0831
0848
0851
084F
083F
0824
07FE
07CC
0790
074A
06F9
069F
063D
05D2
0561
04E8
0469
03E5
035B
02CD
023C
01A6
010E
0074
FFD9
FF3C
FE9F
FE02
FD65
FCCA
FC30
FB99
FB04
FA72
F9E3
F958
F8D2
F850
F7D3
F75B
F6E8
F67B
F615
F5B6
F55C
F509
F4BD
F478
F439
F400
F3CF
F3A4
F37F
F361
F34A
F338
F32D
F328
F328
F32E
F338
F348
F35C
F375
F391
F3B2
F3D5
F3FC
F425
F450
F47D
F4AC
F4DC
F50D
F53E
F570
F5A1
F5D2
F601
F630
F65C
F687
F6AF
F6D5
F6F8
F718
F735
F74F
F765
F777
F786
F791
F797
F79A
F798
F793
F789
F77B
F76A
F754
F73A
F71D
F6FC
F6D8
F6B1
F686
F658
F627
F5F3
F5BE
F587
F54E
F514
F4D9
F49D
F462
F426
F3EB
F3B0
F377
F33F
F309
F2D5
F2A4
F276
F24A
F223
F1FF
F1E0
F1C5
F1AF
F19E
F193
F18D
F18D
F193
F19F
F1B2
F1CB
F1EB
F213
F241
F276
F2B3
F2F7
F342
F395
F3EF
F450
F4B9
F528
F59E
F61B
F69F
F729
F7B9
F850
F8EC
F98D
FA34
FADF
FB90
FC44
FCFD
FDB9
FE78
FF3A
FFFF
00C7
0190
025A
0326
03F2
04C0
058D
065A
0727
07F3
08BD
0986
0A4D
0B12
0BD4
0C94
0D50
0E09
0EBE
0F6F
101B
10C4
1167
1206
12A0
1335
13C4
144E
14D3
1552
15CC
163F
16AE
1717
1779
17D6
182E
1881
18CE
1916
195A
1998
19D2
1A08
1A39
1A66
1A8F
1AB5
1AD7
1AF6
1B12
1B2B
1B41
1B55
1B67
1B78
1B86
1B93
1B9F
1BAB
1BB5
1BBE
1BC8
1BD1
1BDA
1BE3
1BED
1BF7
1C01
1C0C
1C18
1C24
1C31
1C3E
1C4C
1C5B
1C6B
1C7B
1C8C
1C9D
1CAF
1CC1
1CD4
1CE6
1CF9
1D0B
1D1D
1D2E
1D3F
1D4E
1D5D
1D69
1D74
1D7D
1D84
1D88
1D89
1D87
1D83
1D7C
1D71
1D62
1D4D
1D33
1D14
1CF0
1CC5
1C94
1C5C
1C1E
1BD8
1B8B
1B36
1AD9
1A75
1A08
1993
1915
188F
1800
1768
16C7
161E
156B
14B0
13EB
131F
1249
116B
1085
0F97
0EA3
0DA6
0CA2
0B97
0A85
096D
084F
072B
0601
04D3
03A0
0269
012F
FFF2
FEB2
FD70
FC2D
FAE9
F9A4
F860
F71D
F5DB
F49B
F35E
F224
F0EF
EFBD
EE91
ED6B
EC4B
EB31
EA1F
E914
E812
E719
E62A
E545
E46B
E39C
E2D9
E222
E178
E0DB
E04B
DFC9
DF55
DEEF
DE98
DE50
DE17
DDED
DDD3
DDC8
DDCC
DDE1
DE04
DE38
DE7B
DECD
DF2E
DF9F
E01E
E0AC
E148
E1F2
E2A9
E36E
E43F
E51D
E606
E6FB
E7FA
E904
EA17
EB34
EC58
ED85
EEB8
EFF2
F132
F277
F3C0
F50C
F65C
F7AD
F900
FA54
FBA7
FCFA
FE4B
FF9A
00E6
022E
0371
04B0
05E8
071B
0846
0969
0A84
0B96
0C9F
0D9D
0E91
0F7A
1058
1129
11EF
12A7
1353
13F1
1482
1505
1579
15DF
1637
1680
16BA
16E5
1701
170E
170C
16FB
16DC
16AD
166F
1623
15C8
155F
14E7
1462
13CF
132E
1281
11C7
1100
102E
0F50
0E68
0D74
0C77
0B70
0A60
0948
0829
0702
05D5
04A2
036A
022E
00EE
FFAB
FE66
FD20
FBD9
FA93
F94D
F80A
F6C9
F58C
F453
F31F
F1F1
F0CA
EFAA
EE92
ED83
EC7E
EB82
EA92
E9AD
E8D4
E807
E748
E697
E5F4
E55F
E4D9
E462
E3FB
E3A4
E35C
E324
E2FD
E2E5
E2DE
E2E6
E2FF
E327
E35E
E3A5
E3FB
E45F
E4D1
E551
E5DE
E678
E71E
E7CF
E88A
E950
EA1F
EAF6
EBD6
ECBC
EDA9
EE9C
EF93
F08F
F18E
F28F
F393
F497
F59C
F6A0
F7A4
F8A5
F9A4
FAA1
FB99
FC8D
FD7C
FE66
FF4A
0027
00FD
01CC
0294
0353
0409
04B7
055B
05F6
0686
070D
0788
07F9
085F
08B9
0907
0949
097F
09A8
09C4
09D3
09D5
09C9
09B0
0988
0952
090E
08BB
0859
07E8
0768
06D7
0638
0589
04CB
03FD
031F
0233
0137
002C
FF12
FDE9
FCB3
FB6E
FA1C
F8BC
F751
F5D9
F457
F2CA
F134
EF95
EDEF
EC43
EA92
E8DC
E724
E56A
E3B1
E1F9
E044
DE94
DCEA
DB47
D9AE
D820
D6A0
D52E
D3CC
D27C
D140
D019
CF09
CE11
CD33
CC70
CBC9
CB3F
CAD4
CA88
CA5D
CA53
CA6A
CAA3
CAFF
CB7D
CC1D
CCE0
CDC5
CECC
CFF4
D13C
D2A3
D428
D5CB
D789
D961
DB52
DD5A
DF76
E1A6
E3E7
E638
E894
EAFC
ED6B
EFE1
F259
F4D3
F74B
F9C0
FC2F
FE95
00F0
033F
057E
07AD
09C8
0BCF
0DBF
0F97
1155
12F8
1480
15EA
1736
1864
1973
1A62
1B31
1BE1
1C71
1CE2
1D34
1D68
1D7F
1D79
1D59
1D1E
1CCA
1C5F
1BDE
1B48
1AA1
19E8
1920
184B
176A
1680
158E
1497
139B
129D
119E
10A1
0FA6
0EB0
0DC0
0CD7
0BF7
0B20
0A55
0994
08E1
083A
07A2
0717
069C
062F
05D2
0583
0544
0514
04F2
04DE
04D8
04E0
04F4
0513
053E
0573
05B1
05F8
0646
069A
06F4
0753
07B4
0819
087F
08E5
094B
09AF
0A12
0A71
0ACD
0B24
0B76
0BC3
0C09
0C48
0C7F
0CB0
0CD8
0CF8
0D10
0D1F
0D25
0D24
0D19
0D06
0CEB
0CC7
0C9C
0C69
0C2E
0BED
0BA4
0B55
0B00
0AA5
0A45
09E0
0975
0906
0893
081C
07A2
0725
06A6
0624
05A0
051B
0493
040B
0381
02F6
026A
01DD
014F
00C1
0032
FFA3
FF13
FE83
FDF2
FD61
FCCF
FC3E
FBAC
FB1A
FA87
F9F5
F963
F8D0
F83D
F7AA
F718
F686
F5F5
F564
F4D5
F447
F3BB
F331
F2A9
F223
F1A1
F122
F0A6
F02F
EFBC
EF4D
EEE4
EE80
EE23
EDCC
ED7B
ED31
ECEF
ECB4
EC82
EC57
EC35
EC1C
EC0B
EC04
EC06
EC11
EC25
EC42
EC68
EC97
ECCF
ED10
ED59
EDAB
EE04
EE66
EECF
EF3E
EFB5
F032
F0B5
F13D
F1C9
F25A
F2EF
F387
F422
F4BF
F55D
F5FC
F69C
F73B
F7D9
F876
F911
F9AA
FA3F
FAD1
FB5E
FBE7
FC6C
FCEA
FD63
FDD5
FE41
FEA7
FF04
FF5B
FFAA
FFF1
0031
0068
0097
00BE
00DD
00F4
0103
010A
0109
0100
00F0
00D9
00BA
0095
0069
0037
0000
FFC2
FF80
FF38
FEED
FE9D
FE4A
FDF3
FD9A
FD3F
FCE2
FC84
FC25
FBC6
FB66
FB08
FAAA
FA4D
F9F3
F99B
F946
F8F3
F8A5
F85B
F815
F7D4
F798
F761
F731
F707
F6E4
F6C7
F6B2
F6A4
F69E
F6A0
F6AB
F6BD
F6D8
F6FB
F727
F75B
F799
F7DF
F82D
F885
F8E6
F94F
F9C1
FA3B
FABE
FB49
FBDC
FC77
FD1A
FDC4
FE75
FF2C
FFEA
00AE
0178
0247
031A
03F2
04CE
05AD
068F
0773
0859
0941
0A28
0B0F
0BF6
0CDC
0DBF
0EA1
0F7F
105A
1130
1202
12CF
1396
1457
1511
15C4
166F
1712
17AD
183E
18C6
1945
19B9
1A23
1A82
1AD6
1B1F
1B5C
1B8E
1BB3
1BCB
1BD8
1BD8
1BCD
1BB6
1B93
1B64
1B2A
1AE4
1A92
1A36
19CF
195E
18E2
185C
17CD
1735
1694
15EA
1539
1481
13C2
12FC
1231
1160
108B
0FB2
0ED5
0DF6
0D14
0C31
0B4B
0A64
097E
0899
07B5
06D3
05F4
0518
0440
036C
029D
01D4
0111
0055
FFA0
FEF2
FE4D
FDB0
FD1C
FC92
FC11
FB9B
FB2F
FACE
FA78
FA2D
F9EE
F9BA
F993
F977
F968
F965
F96E
F984
F9A6
F9D4
FA0E
FA54
FAA6
FB04
FB6D
FBE1
FC60
FCEA
FD7E
FE1B
FEC2
FF73
002B
00EC
01B5
0285
035C
0439
051C
0604
06F1
07E1
08D6
09CD
0AC6
0BC2
0CBF
0DBC
0EBB
0FBA
10B7
11B4
12AE
13A6
149B
158C
1679
1762
1845
1923
19FA
1ACB
1B95
1C58
1D13
1DC5
1E6F
1F10
1FA8
2037
20BB
2136
21A6
220C
2267
22B8
22FE
2339
2369
238E
23A8
23B7
23BC
23B5
23A4
2388
2362
2331
22F6
22B1
2262
220A
21A8
213E
20CB
204F
1FCC
1F41
1EAE
1E15
1D75
1CD0
1C24
1B73
1ABD
1A03
1944
1882
17BD
16F5
162B
155F
1491
13C1
12F1
1221
1151
1081
0FB2
0EE4
0E18
0D4E
0C86
0BC1
0AFE
0A3F
0984
08CD
081A
076B
06C1
061C
057C
04E2
044D
03BE
0335
02B2
0236
01BF
014F
00E5
0082
0025
FFCF
FF80
FF37
FEF4
FEB8
FE83
FE53
FE2A
FE07
FDEA
FDD2
FDC1
FDB5
FDAE
FDAC
FDAF
FDB7
FDC4
FDD5
FDEB
FE04
FE21
FE42
FE66
FE8D
FEB7
FEE3
FF12
FF44
FF77
FFAC
FFE3
001B
0055
0090
00CB
0107
0144
0181
01BF
01FC
023A
0278
02B5
02F2
032F
036B
03A6
03E2
041C
0456
0490
04C9
0501
0539
0571
05A7
05DE
0614
064A
0680
06B6
06EC
0722
0757
078D
07C4
07FB
0833
086B
08A5
08E0
091D
095B
099B
09DD
0A21
0A67
0AB0
0AFC
0B4A
0B9B
0BF0
0C47
0CA2
0D01
0D63
0DCA
0E34
0EA1
0F13
0F89
1003
1081
1104
118A
1214
12A1
1333
13C8
1461
14FE
159E
1641
16E7
1790
183C
18EA
199A
1A4B
1AFE
1BB2
1C67
1D1D
1DD2
1E86
1F3A
1FED
209E
214C
21F8
22A1
2346
23E7
2484
251B
25AC
2638
26BC
2739
27AF
281C
2881
28DC
292E
2976
29B3
29E5
2A0B
2A25
2A32
2A33
2A26
2A0C
29E3
29AC
2966
2912
28AD
283A
27B6
2723
2680
25CC
2509
2435
2351
225C
2158
2043
1F1E
1DE9
1CA4
1B51
19EE
187D
16FE
1572
13D8
1232
1080
0EC2
0CFA
0B27
094C
0767
057B
0387
018E
FF8E
FD8B
FB83
F979
F76E
F561
F354
F148
EF3F
ED38
EB36
E938
E741
E54E
E364
E182
DFAA
DDDC
DC1A
DA65
D8BD
D724
D59A
D420
D2B6
D15F
D01A
CEE8
CDC9
CCC0
CBCB
CAEC
CA23
C971
C8D5
C851
C7E5
C790
C754
C72F
C724
C730
C755
C792
C7E8
C854
C8D8
C973
CA26
CAEE
CBCD
CCC2
CDCC
CEEA
D01B
D160
D2B7
D41F
D598
D720
D8B7
DA5C
DC0D
DDCA
DF91
E162
E33B
E51C
E702
E8EE
EADD
ECCF
EEC2
F0B5
F2A7
F497
F684
F86B
FA4D
FC28
FDFC
FFC6
0187
033D
04E7
0685
0814
0996
0B07
0C69
0DBA
0EF9
1025
113F
1246
1339
1417
14E1
1597
1637
16C1
1737
1796
17E1
1816
1836
1841
1837
1818
17E5
179E
1743
16D6
1658
15C8
1527
1477
13B8
12EA
1210
1129
1036
0F3A
0E34
0D25
0C10
0AF4
09D4
08AF
0788
065F
0535
040C
02E4
01BF
009F
FF83
FE6C
FD5D
FC56
FB58
FA63
F978
F899
F7C7
F702
F64A
F5A1
F508
F47E
F405
F39D
F346
F301
F2CD
F2AC
F29E
F2A2
F2B8
F2E1
F31D
F36B
F3CC
F43E
F4C2
F558
F5FE
F6B5
F77C
F851
F936
FA28
FB28
FC34
FD4B
FE6E
FF99
00CE
020B
034E
0497
05E5
0737
088B
09E1
0B37
0C8C
0DE0
0F31
107D
11C5
1306
1440
1572
169A
17B8
18CB
19D2
1ACC
1BB8
1C95
1D63
1E21
1ECE
1F6A
1FF4
206C
20D1
2123
2162
218D
21A4
21A7
2196
2171
2139
20EC
208C
2019
1F93
1EFA
1E4F
1D93
1CC6
1BE8
1AFA
19FE
18F3
17DB
16B7
1587
144C
1308
11BC
1068
0F0E
0DAE
0C4A
0AE3
097A
0811
06A9
0542
03DF
027F
0126
FFD3
FE88
FD46
FC0E
FAE1
F9C0
F8AD
F7A8
F6B2
F5CD
F4F8
F435
F385
F2E8
F25F
F1EB
F18C
F142
F10F
F0F2
F0EB
F0FC
F123
F160
F1B3
F21E
F2A0
F339
F3E8
F4AE
F589
F67A
F780
F89B
F9C9
FB0A
FC5E
FDC3
FF39
00BF
0253
03F6
05A5
0760
0926
0AF5
0CCC
0EAB
1090
1279
1466
1655
1845
1A35
1C23
1E0C
1FF2
21D2
23AC
257E
2747
2906
2AB9
2C61
2DFA
2F86
3102
326D
33C7
350F
3644
3765
3871
3969
3A4A
3B16
3BCA
3C68
3CEE
3D5C
3DB2
3DF0
3E16
3E23
3E19
3DF6
3DBB
3D69
3D00
3C80
3BE9
3B3C
3A79
39A2
38B5
37B5
36A2
357D
3446
32FF
31A8
3042
2ECF
2D4F
2BC3
2A2D
288D
26E5
2536
2380
21C6
2008
1E47
1C85
1AC2
1900
1740
1582
13C9
1218
106C
0EC8
0D2C
0B99
0A10
0891
071F
05B9
0461
0317
01DB
00B0
FF94
FE89
FD8F
FCA7
FBD1
FB0D
FA5C
F9BE
F933
F8BB
F857
F806
F7C9
F79F
F788
F784
F793
F7B4
F7E8
F82E
F885
F8EE
F966
F9EF
FA87
FB2E
FBE2
FCA5
FD73
FE4E
FF34
0025
011F
0222
032D
043F
0557
0675
0797
08BD
09E5
0B10
0C3C
0D67
0E92
0FBC
10E3
1207
1327
1442
1558
1666
176D
186C
1963
1A51
1B35
1C0F
1CDF
1DA3
1E5B
1F08
1FA8
203B
20C1
213A
21A4
2201
2250
2290
22C2
22E5
22FA
2301
22F9
22E2
22BE
228B
224A
21FC
21A0
2137
20C1
203E
1FAF
1F13
1E6D
1DBB
1CFF
1C38
1B68
1A8F
19AD
18C3
17D2
16DA
15DB
14D6
13CD
12BE
11AC
1096
0F7E
0E63
0D47
0C2A
0B0C
09EF
08D3
07B8
069F
0588
0475
0365
025A
0154
0053
FF58
FE63
FD75
FC8D
FBAE
FAD6
FA06
F93F
F880
F7CB
F720
F67E
F5E6
F558
F4D5
F45C
F3EE
F38B
F333
F2E6
F2A4
F26D
F242
F222
F20D
F203
F205
F211
F229
F24B
F278
F2AF
F2F1
F33D
F393
F3F3
F45D
F4D1
F54E
F5D4
F663
F6FB
F79A
F842
F8F1
F9A8
FA65
FB29
FBF3
FCC3
FD98
FE72
FF51
0035
011C
0206
02F4
03E4
04D6
05CA
06C0
07B6
08AA
099F
0A93
0B86
0C77
0D67
0E55
0F41
1029
110E
11F0
12CE
13A7
147C
154C
1616
16DB
1799
1852
1904
19AF
1A53
1AEF
1B84
1C11
1C95
1D12
1D85
1DF0
1E52
1EAB
1EFA
1F3F
1F7B
1FAC
1FD3
1FF1
2004
200D
200B
2000
1FEA
1FCA
1F9F
1F6A
1F2B
1EE2
1E8F
1E33
1DCC
1D5C
1CE2
1C5F
1BD2
1B3D
1A9F
19F9
194A
1894
17D5
1710
1643
156F
1495
13B5
12CF
11E3
10F3
0FFE
0F05
0E08
0D07
0C03
0AFC
09F3
08E8
07DB
06CD
05BD
04AE
039E
028E
017F
0071
FF64
FE59
FD50
FC49
FB46
FA45
F949
F850
F75C
F66C
F581
F49C
F3BB
F2E1
F20E
F141
F07C
EFBE
EF08
EE5A
EDB4
ED17
EC82
EBF6
EB74
EAFB
EA8B
EA24
E9C8
E975
E92C
E8ED
E8B9
E88E
E86E
E857
E84B
E849
E852
E864
E881
E8A7
E8D8
E912
E955
E9A2
E9F8
EA58
EAC1
EB33
EBAE
EC32
ECBE
ED53
EDF0
EE94
EF41
EFF5
F0B0
F172
F23A
F309
F3DE
F4B9
F599
F67E
F768
F857
F949
FA3F
FB38
FC35
FD34
FE35
FF37
003B
0141
0246
034C
0452
0557
065B
075D
085D
095A
0A55
0B4D
0C40
0D30
0E1B
0F01
0FE1
10BC
1191
125E
1325
13E5
149C
154C
15F3
1691
1725
17B1
1832
18AA
1916
1979
19D0
1A1D
1A5E
1A94
1ABE
1ADD
1AEF
1AF6
1AF0
1ADE
1AC0
1A95
1A5E
1A1B
19CB
196F
1907
1893
1812
1786
16EE
164B
159D
14E3
141F
1351
1279
1197
10AC
0FB9
0EBD
0DB9
0CAE
0B9C
0A84
0966
0844
071D
05F3
04C6
0397
0267
0136
0004
FED4
FDA5
FC79
FB4F
FA2A
F909
F7EE
F6D9
F5CA
F4C4
F3C7
F2D2
F1E8
F109
F036
EF6E
EEB4
EE08
ED6A
ECDC
EC5D
EBEE
EB91
EB45
EB0A
EAE2
EACD
EACC
EADE
EB04
EB3E
EB8C
EBEF
EC67
ECF4
ED95
EE4B
EF16
EFF6
F0EA
F1F3
F30F
F43F
F582
F6D8
F841
F9BB
FB46
FCE2
FE8E
0049
0212
03E9
05CD
07BC
09B6
0BBA
0DC7
0FDB
11F5
1415
1639
1860
1A88
1CB1
1EDA
2100
2323
2541
275A
296B
2B74
2D73
2F67
314F
3329
34F4
36B0
385A
39F2
3B76
3CE6
3E41
3F85
40B1
41C4
42BE
439E
4463
450C
459A
460A
465D
4693
46AA
46A4
467E
463A
45D7
4555
44B5
43F6
4319
421D
4104
3FCE
3E7B
3D0C
3B82
39DD
381E
3646
3456
324F
3032
2E00
2BBA
2960
26F5
247A
21F1
1F5B
1CB9
1A0D
1758
149C
11DB
0F16
0C4E
0985
06BE
03F8
0137
FE7B
FBC6
F91A
F678
F3E2
F159
EEDF
EC74
EA1B
E7D5
E5A2
E385
E17E
DF8F
DDB8
DBFA
DA56
D8CE
D761
D611
D4DF
D3CA
D2D4
D1FD
D144
D0AB
D031
CFD6
CF9A
CF7E
CF81
CFA3
CFE2
D040
D0BB
D153
D206
D2D5
D3BF
D4C1
D5DD
D710
D859
D9B8
DB2B
DCB0
DE47
DFEF
E1A5
E36A
E53A
E715
E8F9
EAE4
ECD5
EECB
F0C4
F2BF
F4B9
F6B2
F8A8
FA99
FC85
FE69
0044
0215
03DB
0594
073F
08DC
0A68
0BE2
0D4B
0EA0
0FE1
110E
1224
1325
140E
14E0
159B
163E
16C9
173A
1792
17D2
17F8
1806
17FA
17D6
179A
1746
16DA
1658
15BF
1510
144C
1375
1289
118B
107C
0F5C
0E2D
0CEE
0BA3
0A4B
08E8
077B
0606
0489
0305
017D
FFF1
FE63
FCD4
FB45
F9B7
F82B
F6A3
F520
F3A3
F22D
F0BF
EF5A
EDFF
ECB0
EB6C
EA36
E90D
E7F2
E6E7
E5EB
E500
E426
E35D
E2A6
E201
E16E
E0EE
E080
E026
DFDE
DFA9
DF87
DF77
DF78
DF8C
DFB1
DFE8
E02F
E087
E0EF
E166
E1EC
E280
E321
E3CE
E488
E54C
E61A
E6F2
E7D2
E8B9
E9A7
EA9B
EB93
EC8F
ED8E
EE8E
EF90
F092
F193
F292
F38F
F489
F57E
F66C
F755
F838
F913
F9E7
FAB2
FB74
FC2D
FCDC
FD81
FE1B
FEAA
FF2D
FFA6
0013
0074
00C9
0113
0151
0183
01AA
01C5
01D6
01DB
01D7
01C8
01B0
018E
0164
0131
00F7
00B6
006F
0022
FFCF
FF79
FF1E
FEC0
FE60
FDFE
FD9B
FD38
FCD5
FC73
FC13
FBB6
FB5C
FB06
FAB4
FA68
FA21
F9E1
F9A8
F976
F94C
F92B
F912
F902
F8FC
F900
F90E
F926
F949
F977
F9AF
F9F2
FA40
FA98
FAFB
FB69
FBE0
FC62
FCEE
FD83
FE21
FEC8
FF77
002D
00EC
01B0
027C
034C
0422
04FC
05DA
06BB
079E
0883
0969
0A4F
0B34
0C19
0CFB
0DDB
0EB7
0F8F
1060
112C
11F1
12B0
1367
1417
14BF
155D
15F2
167D
16FD
1773
17DD
183C
188F
18D6
1911
193F
1960
1975
197D
1978
1966
1947
191C
18E5
18A1
1851
17F5
178E
171C
169F
1616
1583
14E7
1442
1395
12E1
1225
1162
109A
0FCD
0EFA
0E24
0D4A
0C6E
0B8F
0AAF
09CF
08ED
080D
072D
064F
0573
049A
03C4
02F2
0224
015B
0097
FFD8
FF20
FE6E
FDC3
FD20
FC84
FBF0
FB63
FADE
FA61
F9EC
F97E
F919
F8BB
F865
F817
F7D1
F791
F759
F728
F6FE
F6DA
F6BC
F6A4
F691
F683
F67A
F675
F674
F676
F67A
F682
F68B
F695
F6A1
F6AD
F6BA
F6C6
F6D2
F6DC
F6E4
F6EA
F6ED
F6ED
F6E9
F6E2
F6D6
F6C7
F6B2
F699
F67A
F657
F62E
F600
F5CC
F593
F554
F510
F4C7
F479
F425
F3CD
F371
F311
F2AC
F244
F1D9
F16C
F0FB
F089
F015
EFA1
EF2D
EEB9
EE46
EDD5
ED66
ECFA
EC92
EC2D
EBCD
EB73
EB1F
EAD1
EA8B
EA4D
EA17
E9EA
E9C7
E9AE
E9A0
E99D
E9A6
E9BB
E9DC
EA0A
EA46
EA8F
EAE6
EB4B
EBBE
EC40
ECD0
ED6E
EE1B
EED7
EFA0
F078
F15E
F251
F352
F45F
F579
F69F
F7D1
F90D
FA55
FBA5
FCFF
FE62
FFCB
013C
02B3
042E
05AE
0731
08B6
0A3D
0BC4
0D4B
0ED0
1052
11D1
134C
14C1
162F
1795
18F2
1A46
1B8F
1CCC
1DFD
1F20
2035
213B
2231
2317
23EB
24AD
255E
25FB
2684
26FA
275C
27A9
27E2
2805
2814
280D
27F1
27C0
277A
2720
26B0
262D
2597
24EC
242F
2360
227E
218C
2089
1F76
1E54
1D25
1BE8
1A9F
194A
17EC
1684
1514
139D
1220
109E
0F19
0D91
0C08
0A7E
08F6
0770
05ED
046F
02F7
0185
001B
FEBA
FD64
FC1A
FADB
F9AA
F886
F771
F66C
F577
F493
F3C1
F301
F253
F1B9
F132
F0BF
F060
F016
EFE0
EFBF
EFB2
EFB9
EFD5
F005
F04A
F0A1
F10C
F189
F219
F2BB
F36D
F430
F503
F5E5
F6D6
F7D5
F8DF
F9F6
FB16
FC40
FD73
FEAD
FFED
0133
027C
03C8
0517
0666
07B4
0901
0A4B
0B91
0CD3
0E0E
0F42
106F
1192
12AB
13BA
14BC
15B2
169A
1774
1840
18FB
19A7
1A42
1ACC
1B45
1BAB
1BFF
1C41
1C70
1C8C
1C95
1C8B
1C6E
1C3F
1BFC
1BA8
1B41
1AC8
1A3D
19A2
18F6
183A
176F
1694
15AC
14B6
13B4
12A6
118D
106A
0F3D
0E08
0CCC
0B89
0A41
08F4
07A4
0651
04FD
03A9
0255
0102
FFB2
FE65
FD1C
FBD8
FA9A
F964
F834
F70D
F5EF
F4DB
F3D2
F2D3
F1E0
F0F9
F01F
EF52
EE93
EDE1
ED3E
ECA9
EC22
EBAA
EB41
EAE7
EA9C
EA60
EA32
EA13
EA03
EA00
EA0B
EA24
EA4A
EA7C
EABB
EB05
EB5B
EBBC
EC27
EC9B
ED18
ED9E
EE2B
EEBF
EF59
EFF9
F09E
F147
F1F4
F2A3
F354
F407
F4BA
F56D
F620
F6D1
F781
F82E
F8D8
F97E
FA20
FABD
FB54
FBE5
FC71
FCF5
FD73
FDE9
FE57
FEBD
FF1C
FF72
FFBF
0004
0041
0074
009F
00C2
00DC
00EE
00F7
00F9
00F3
00E5
00D0
00B4
0092
006C
003F
000E
FFD8
FF9D
FF5E
FF1C
FED7
FE8F
FE45
FDFA
FDAD
FD60
FD13
FCC6
FC7A
FC2F
FBE6
FB9F
FB5A
FB18
FADA
FAA0
FA69
FA37
FA09
F9E1
F9BD
F99F
F986
F973
F966
F960
F961
F968
F974
F987
F9A0
F9BE
F9E2
FA0B
FA3A
FA6D
FAA5
FAE2
FB23
FB68
FBB0
FBFB
FC48
FC98
FCEA
FD3D
FD91
FDE6
FE3A
FE8D
FEE0
FF31
FF7F
FFCB
0014
005A
009B
00D7
010F
0141
016D
0193
01B2
01C9
01DA
01E2
01E2
01DA
01C9
01AE
018B
015E
0127
00E7
009D
0049
FFEB
FF83
FF11
FE95
FE10
FD81
FCE8
FC47
FB9C
FAE9
FA2D
F96A
F89E
F7CB
F6F0
F610
F529
F43D
F34C
F257
F15D
F061
EF61
EE60
ED5C
EC58
EB53
EA4E
E949
E846
E744
E645
E549
E450
E35B
E26A
E17F
E099
DFB8
DEDF
DE0C
DD40
DC7C
DBC0
DB0D
DA63
D9C2
D92B
D89D
D819
D79E
D72F
D6C9
D66E
D61D
D5D6
D59A
D568
D541
D524
D511
D508
D509
D513
D527
D544
D56A
D599
D5D0
D60E
D655
D6A2
D6F7
D752
D7B3
D81A
D886
D8F8
D96F
D9E9
DA68
DAE9
DB6D
DBF4
DC7D
DD07
DD92
DE1E
DEAB
DF37
DFC3
E04F
E0D9
E163
E1EA
E270
E2F4
E375
E3F4
E470
E4EA
E560
E5D4
E644
E6B1
E71A
E781
E7E4
E843
E89F
E8F8
E94E
E9A1
E9F1
EA3F
EA8A
EAD2
EB18
EB5C
EB9E
EBDE
EC1D
EC5A
EC96
ECD2
ED0C
ED46
ED80
EDB9
EDF3
EE2D
EE67
EEA2
EEDE
EF1B
EF59
EF99
EFDA
F01C
F060
F0A6
F0EE
F138
F184
F1D1
F221
F273
F2C7
F31C
F374
F3CD
F427
F483
F4E1
F53F
F59E
F5FD
F65D
F6BD
F71C
F77B
F7DA
F836
F892
F8EB
F942
F997
F9E8
FA36
FA80
FAC5
FB06
FB42
FB7A
FBAB
FBD6
FBFB
FC18
FC2E
FC3D
FC43
FC40
FC35
FC21
FC04
FBDD
FBAC
FB72
FB2D
FADE
FA85
FA21
F9B2
F939
F8B5
F827
F78E
F6EB
F63D
F585
F4C3
F3F7
F322
F243
F15C
F06C
EF73
EE72
ED6A
EC5B
EB45
EA29
E907
E7E0
E6B5
E586
E454
E31F
E1E9
E0B0
DF78
DE3F
DD07
DBD1
DA9C
D96B
D83D
D713
D5EE
D4CF
D3B6
D2A4
D19A
D098
CF9F
CEAF
CDC9
CCEC
CC1B
CB55
CA9B
C9ED
C94D
C8BA
C834
C7BD
C754
C6F9
C6AE
C672
C645
C627
C619
C61A
C62B
C64C
C67C
C6BB
C70A
C767
C7D4
C84F
C8D8
C970
CA15
CAC7
CB86
CC52
CD29
CE0B
CEF7
CFED
D0ED
D1F6
D307
D420
D53F
D665
D791
D8C1
D9F6
DB2E
DC69
DDA6
DEE4
E023
E162
E2A0
E3DD
E517
E64E
E782
E8B2
E9DD
EB02
EC22
ED3A
EE4C
EF56
F057
F150
F240
F326
F402
F4D3
F59A
F656
F707
F7AC
F845
F8D2
F954
F9C9
FA31
FA8E
FADE
FB21
FB58
FB83
FBA2
FBB5
FBBC
FBB8
FBA8
FB8D
FB67
FB37
FAFC
FAB7
FA69
FA12
F9B2
F94A
F8DC
F866
F7E9
F766
F6DD
F64E
F5BB
F524
F488
F3EA
F348
F2A4
F1FF
F158
F0B0
F008
EF60
EEB9
EE13
ED6F
ECCC
EC2C
EB8F
EAF5
EA5E
E9CC
E93E
E8B5
E831
E7B2
E738
E6C5
E65A
E5F5
E596
E53F
E4EE
E4A4
E461
E425
E3F0
E3C2
E39C
E37C
E364
E353
E349
E346
E34A
E354
E365
E37D
E39B
E3BF
E3E9
E418
E44E
E488
E4C8
E50C
E555
E5A3
E5F4
E649
E6A5
E703
E764
E7C8
E82E
E897
E901
E96C
E9D9
EA47
EAB5
EB23
EB92
EC00
EC6E
ECDB
ED47
EDB2
EE1B
EE83
EEE9
EF4C
EFAE
F00C
F069
F0C2
F118
F16C
F1BC
F209
F252
F298
F2DB
F31B
F357
F38F
F3C4
F3F5
F421
F44A
F470
F491
F4AF
F4C9
F4DF
F4F2
F501
F50D
F515
F51B
F51E
F51D
F51A
F515
F50D
F503
F4F7
F4E9
F4D9
F4C9
F4B6
F4A3
F490
F47B
F468
F455
F442
F430
F41F
F40E
F3FE
F3F0
F3E4
F3DA
F3D1
F3CB
F3C8
F3C7
F3CA
F3D0
F3DA
F3E7
F3F8
F40D
F427
F446
F469
F491
F4BE
F4F1
F529
F567
F5AB
F5F5
F645
F69B
F6F9
F75E
F7CA
F83D
F8B6
F936
F9BD
FA4B
FAE0
FB7B
FC1E
FCC7
FD77
FE2E
FEEB
FFAF
0078
0148
021E
02FA
03DC
04C2
05AE
069F
0795
088F
098D
0A8F
0B94
0C9D
0DA9
0EB7
0FC8
10DB
11EF
1305
141B
1531
1648
175D
1872
1986
1A98
1BA7
1CB4
1DBE
1EC5
1FC7
20C6
21BF
22B4
23A3
248B
256E
264A
271E
27EB
28B0
296D
2A21
2ACB
2B6D
2C04
2C92
2D15
2D8D
2DFA
2E5B
2EB0
2EFA
2F38
2F6A
2F8F
2FA8
2FB4
2FB3
2FA6
2F8D
2F67
2F34
2EF5
2EA9
2E51
2DED
2D7C
2D00
2C78
2BE4
2B46
2A9C
29E7
2928
285F
278C
26AF
25C9
24DB
23E5
22E6
21DF
20D0
1FBA
1E9E
1D7B
1C52
1B24
19F0
18B8
177C
163B
14F8
13B2
1269
111E
0FD1
0E84
0D35
0BE7
0A98
0949
07FC
06B0
0565
041C
02D5
0191
0050
FF12
FDD9
FCA3
FB72
FA45
F91C
F7F7
F6D8
F5BD
F4A7
F396
F28B
F184
F083
EF88
EE91
EDA0
ECB5
EBCE
EAED
EA12
E93B
E86A
E79E
E6D6
E614
E557
E49E
E3EA
E33A
E28F
E1E8
E145
E0A7
E00C
DF76
DEE3
DE54
DDC8
DD40
DCBB
DC3A
DBBB
DB40
DAC7
DA52
D9DF
D970
D903
D899
D832
D7CE
D76D
D70F
D6B4
D65B
D606
D5B4
D566
D51A
D4D2
D48E
D44D
D410
D3D7
D3A3
D372
D346
D31E
D2FB
D2DC
D2C2
D2AD
D29D
D292
D28D
D28D
D293
D29F
D2B1
D2C8
D2E6
D30A
D334
D365
D39C
D3D9
D41D
D467
D4B8
D50E
D56B
D5CF
D638
D6A7
D71C
D796
D817
D89D
D928
D9B7
DA4B
DAE3
DB7E
DC1C
DCBE
DD61
DE07
DEAF
DF57
E000
E0AA
E153
E1FB
E2A2
E347
E3E9
E489
E525
E5BD
E650
E6DE
E767
E7E9
E864
E8D8
E944
E9A8
EA03
EA55
EA9D
EADC
EB0F
EB38
EB56
EB67
EB6D
EB67
EB55
EB36
EB0A
EAD2
EA8C
EA3A
E9DB
E970
E8F8
E873
E7E2
E745
E69C
E5E8
E52A
E460
E38C
E2AF
E1C9
E0DB
DFE4
DEE7
DDE4
DCDA
DBCC
DABA
D9A4
D88D
D774
D65A
D542
D42A
D316
D204
D0F8
CFF1
CEF1
CDF8
CD09
CC23
CB48
CA79
C9B6
C902
C85D
C7C7
C742
C6CE
C66D
C61F
C5E6
C5C0
C5B1
C5B7
C5D4
C608
C653
C6B7
C732
C7C7
C874
C93A
CA19
CB11
CC23
CD4D
CE90
CFEC
D160
D2EC
D48F
D649
D819
D9FF
DBFA
DE09
E02B
E25F
E4A5
E6FB
E95F
EBD2
EE52
F0DD
F372
F610
F8B5
FB5E
FE0C
00BD
0370
0622
08D3
0B81
0E2A
10CD
1369
15FB
1883
1AFE
1D6C
1FCA
2218
2455
267D
2892
2A90
2C77
2E46
2FFC
3197
3317
347B
35C1
36EA
37F4
38DE
39A9
3A54
3ADB
3B41
3B87
3BAA
3BAD
3B8E
3B4E
3AEC
3A6A
39C8
3906
3824
3724
3605
34CA
3371
31FE
306F
2EC8
2D08
2B30
2943
2742
252D
2306
20CF
1E89
1C36
19D7
176D
14FB
1282
1004
0D82
0AFE
087A
05F7
0377
00FC
FE87
FC19
F9B5
F75B
F50E
F2CE
F09D
EE7B
EC6C
EA6F
E885
E6B0
E4F1
E349
E1B7
E03F
DEDF
DD98
DC6C
DB5A
DA63
D987
D8C7
D823
D79A
D72D
D6DD
D6A8
D68E
D68F
D6AA
D6E0
D72F
D796
D816
D8AD
D95B
DA1E
DAF5
DBE1
DCDF
DDEF
DF0F
E03F
E17C
E2C7
E41D
E57E
E6E7
E859
E9D1
EB4E
ECCE
EE52
EFD6
F15B
F2DE
F45F
F5DC
F753
F8C5
FA2F
FB90
FCE8
FE36
FF78
00AE
01D7
02F1
03FE
04FB
05E8
06C5
0791
084C
08F5
098D
0A13
0A86
0AE8
0B37
0B75
0BA0
0BBA
0BC3
0BBA
0BA1
0B77
0B3E
0AF5
0A9E
0A39
09C6
0946
08BA
0822
0780
06D4
0620
0563
04A0
03D6
0307
0234
015E
0085
FFAB
FED1
FDF7
FD1E
FC48
FB75
FAA7
F9DD
F918
F85B
F7A4
F6F6
F650
F5B3
F520
F49A
F41F
F3AE
F34A
F2F1
F2A5
F265
F232
F20B
F1F2
F1E5
F1E6
F1F3
F20D
F234
F267
F2A7
F2F2
F348
F3AA
F417
F48E
F50F
F599
F62C
F6C7
F76A
F814
F8C4
F97A
FA35
FAF5
FBBA
FC82
FD4C
FE19
FEE6
FFB4
0082
014F
021B
02E5
03AC
0471
0532
05EF
06A7
075B
0809
08B2
0955
09F2
0A89
0B19
0BA2
0C24
0CA0
0D14
0D82
0DE9
0E49
0EA2
0EF4
0F41
0F87
0FC7
1002
1037
1067
1093
10BA
10DE
10FE
111C
1137
1151
116A
1182
119A
11B2
11CC
11E7
1204
1224
1248
126F
129A
12CA
12FF
133A
137B
13C3
1411
1466
14C2
1526
1592
1605
1680
1703
178E
1820
18BA
195C
1A04
1AB4
1B6B
1C28
1CEB
1DB4
1E82
1F56
202D
2109
21E7
22C8
23AB
248F
2573
2657
2739
281A
28F8
29D2
2AA7
2B77
2C41
2D03
2DBD
2E6E
2F15
2FB1
3041
30C4
313A
31A2
31FA
3242
3279
32A0
32B4
32B5
32A3
327D
3243
31F5
3191
3118
3089
2FE4
2F2A
2E59
2D73
2C76
2B64
2A3C
28FE
27AC
2645
24CA
233A
2197
1FE2
1E1C
1C45
1A5E
1868
1665
1454
1238
1012
0DE1
0BA9
0969
0723
04D9
028B
003C
FDEC
FB9C
F94F
F706
F4C1
F283
F04D
EE20
EBFD
E9E6
E7DD
E5E2
E3F6
E21C
E053
DE9E
DCFD
DB72
D9FD
D8A0
D75C
D631
D520
D42A
D34F
D291
D1EF
D16A
D102
D0B8
D08C
D07D
D08D
D0BA
D105
D16E
D1F3
D296
D354
D42F
D524
D634
D75E
D8A1
D9FB
DB6D
DCF5
DE92
E043
E206
E3DA
E5BE
E7B1
E9B0
EBBB
EDD0
EFEE
F213
F43D
F66C
F89D
FAD0
FD01
FF31
015E
0385
05A6
07BF
09CE
0BD2
0DCB
0FB5
1191
135D
1517
16BF
1853
19D3
1B3E
1C93
1DD0
1EF6
2002
20F5
21CE
228D
2331
23B9
2426
2477
24AC
24C6
24C3
24A5
246C
2417
23A8
231E
227A
21BD
20E7
1FFA
1EF5
1DDA
1CAA
1B65
1A0C
18A1
1725
1599
13FE
1255
109F
0EDE
0D14
0B41
0967
0786
05A2
03BA
01D0
FFE6
FDFD
FC17
FA33
F855
F67D
F4AC
F2E4
F126
EF73
EDCD
EC33
EAA8
E92C
E7C0
E665
E51C
E3E6
E2C4
E1B5
E0BC
DFD7
DF09
DE50
DDAE
DD23
DCAF
DC52
DC0D
DBDF
DBC8
DBC9
DBE2
DC11
DC57
DCB4
DD27
DDB0
DE4E
DF01
DFC8
E0A3
E191
E291
E3A3
E4C7
E5FA
E73C
E88D
E9EC
EB57
ECCE
EE4F
EFDB
F171
F30D
F4B1
F65B
F80A
F9BD
FB72
FD2A
FEE3
009B
0253
0409
05BC
076B
0916
0ABB
0C5A
0DF2
0F83
110A
1289
13FD
1567
16C5
1818
195E
1A98
1BC4
1CE3
1DF3
1EF6
1FE9
20CE
21A4
226B
2322
23C9
2461
24EA
2562
25CB
2625
266F
26AA
26D5
26F2
26FF
26FF
26F0
26D3
26A8
2670
262B
25D9
257C
2512
249E
241E
2394
2300
2263
21BC
210D
2056
1F97
1ED1
1E05
1D33
1C5C
1B80
1AA0
19BC
18D5
17EB
1700
1612
1523
1434
1344
1254
1165
1078
0F8C
0EA1
0DBA
0CD5
0BF3
0B15
0A3B
0965
0894
07C8
0701
063F
0583
04CD
041E
0375
02D3
0238
01A5
0118
0094
0017
FFA1
FF34
FECE
FE70
FE1B
FDCD
FD86
FD48
FD11
FCE3
FCBB
FC9C
FC83
FC72
FC68
FC65
FC69
FC73
FC84
FC9B
FCB9
FCDC
FD04
FD33
FD67
FDA1
FDDF
FE21
FE68
FEB2
FF01
FF52
FFA6
FFFD
0055
00B0
010B
0168
01C5
0223
0280
02DD
0338
0392
03EA
0440
0493
04E3
0530
0579
05BD
05FD
0638
066E
069E
06C9
06EE
070C
0724
0734
073D
073F
0738
072A
0714
06F6
06CF
06A0
0669
0629
05E1
0590
0538
04D7
046E
03FD
0384
0303
027B
01EC
0156
00B9
0016
FF6D
FEBE
FE09
FD50
FC91
FBCE
FB07
FA3D
F970
F8A0
F7CE
F6FA
F626
F551
F47D
F3A9
F2D7
F207
F139
F06F
EFA8
EEE5
EE28
ED70
ECBE
EC13
EB6F
EAD3
EA40
E9B5
E933
E8BB
E84E
E7EB
E793
E746
E705
E6CF
E6A5
E688
E678
E675
E67E
E695
E6B9
E6EA
E728
E773
E7CB
E830
E8A1
E91E
E9A8
EA3D
EADD
EB89
EC3E
ECFE
EDC7
EE99
EF74
F056
F13F
F22F
F324
F41F
F51E
F621
F726
F82D
F935
FA3E
FB47
FC4F
FD55
FE59
FF59
0054
014B
023C
0327
040A
04E5
05B7
0680
073F
07F3
089C
0939
09C9
0A4D
0AC3
0B2B
0B85
0BD0
0C0D
0C3B
0C59
0C68
0C67
0C57
0C37
0C07
0BC8
0B79
0B1B
0AAE
0A33
09A9
0912
086D
07BB
06FD
0634
055F
0480
0397
02A6
01AC
00AB
FFA4
FE97
FD86
FC70
FB58
FA3F
F924
F809
F6F0
F5D8
F4C3
F3B2
F2A6
F1A0
F0A0
EFA7
EEB7
EDD0
ECF2
EC1F
EB57
EA9C
E9EC
E94A
E8B6
E82F
E7B8
E74F
E6F6
E6AD
E673
E649
E630
E626
E62D
E644
E66B
E6A2
E6E8
E73D
E7A1
E814
E894
E922
E9BC
EA63
EB14
EBD1
EC98
ED67
EE3F
EF1E
F004
F0EF
F1DE
F2D0
F3C4
F4B9
F5AF
F6A3
F794
F883
F96C
FA50
FB2D
FC02
FCCE
FD90
FE47
FEF2
FF8F
001E
009F
0110
0170
01BE
01FA
0223
0239
023B
0229
0203
01C8
0178
0113
0098
0009
FF64
FEAA
FDDB
FCF8
FC01
FAF6
F9D8
F8A7
F764
F610
F4AC
F338
F1B6
F026
EE8A
ECE2
EB30
E975
E7B2
E5E8
E41A
E247
E072
DE9B
DCC6
DAF2
D922
D756
D591
D3D5
D221
D079
CEDC
CD4E
CBCF
CA60
C904
C7BA
C685
C566
C45D
C36D
C295
C1D8
C135
C0AE
C043
BFF5
BFC5
BFB4
BFC1
BFED
C038
C0A2
C12C
C1D6
C29E
C386
C48D
C5B2
C6F6
C857
C9D4
CB6E
CD23
CEF3
D0DC
D2DD
D4F6
D724
D968
DBBF
DE28
E0A2
E32C
E5C3
E866
EB13
EDCA
F088
F34B
F612
F8DC
FBA5
FE6E
0132
03F2
06AC
095E
0C05
0EA2
1131
13B2
1622
1881
1ACE
1D05
1F28
2134
2327
2502
26C3
2869
29F3
2B61
2CB1
2DE4
2EF8
2FEE
30C5
317D
3216
328F
32E9
3324
3340
333D
331D
32DF
3284
320D
317A
30CD
3006
2F25
2E2E
2D1F
2BFB
2AC2
2977
281A
26AD
2530
23A7
2211
2071
1EC7
1D17
1B60
19A5
17E7
1627
1468
12AA
10F0
0F3A
0D8A
0BE1
0A42
08AD
0723
05A6
0436
02D5
0184
0044
FF15
FDF8
FCEF
FBF9
FB18
FA4B
F994
F8F3
F868
F7F3
F795
F74D
F71B
F6FF
F6FA
F70A
F730
F76B
F7BA
F81D
F894
F91D
F9B7
FA63
FB1F
FBE9
FCC2
FDA8
FE9A
FF97
009D
01AC
02C2
03DF
0500
0625
074D
0876
099F
0AC7
0BEC
0D0E
0E2B
0F42
1052
115A
1259
134D
1437
1514
15E4
16A7
175B
1800
1895
191A
198D
19EF
1A3F
1A7C
1AA8
1AC0
1AC6
1ABA
1A9A
1A68
1A24
19CD
1964
18E9
185E
17C1
1714
1658
158D
14B3
13CB
12D7
11D7
10CC
0FB6
0E97
0D70
0C42
0B0D
09D3
0895
0754
0610
04CD
038A
0247
0107
FFCA
FE92
FD5E
FC31
FB0B
F9ED
F8D9
F7CD
F6CD
F5D8
F4EF
F413
F345
F284
F1D2
F130
F09C
F019
EFA6
EF43
EEF0
EEAF
EE7E
EE5E
EE4F
EE51
EE63
EE85
EEB8
EEFB
EF4D
EFAE
F01E
F09B
F126
F1BD
F261
F310
F3CA
F48E
F55C
F632
F710
F7F5
F8E0
F9D1
FAC6
FBBE
FCBA
FDB8
FEB6
FFB5
00B4
01B1
02AC
03A5
0499
0589
0675
075A
0838
090F
09DE
0AA5
0B64
0C19
0CC5
0D66
0DFE
0E8B
0F0D
0F83
0FEF
1050
10A5
10EE
112D
1160
1188
11A4
11B6
11BE
11BB
11AE
1197
1177
114E
111D
10E3
10A2
105A
100B
0FB7
0F5E
0F00
0E9D
0E36
0DCC
0D5F
0CF1
0C80
0C0F
0B9D
0B2B
0ABA
0A4A
09DB
096F
0905
089E
083B
07DB
077F
0728
06D6
0688
0640
05FD
05BF
0588
0556
052A
0503
04E3
04CA
04B7
04AA
04A2
049F
04A0
04A7
04B1
04C0
04D3
04E9
0502
051D
053B
055B
057D
059F
05C2
05E6
0609
062C
064D
066D
068C
06A8
06C1
06D7
06E9
06F8
0702
0708
0709
0705
06FB
06EB
06D6
06BB
0699
0671
0643
060E
05D3
0592
054A
04FC
04A7
044D
03ED
0387
031C
02AC
0237
01BD
0140
00BF
003B
FFB4
FF2B
FEA0
FE14
FD87
FCFA
FC6D
FBE1
FB54
FAC9
FA40
F9BB
F93A
F8BD
F845
F7D2
F766
F700
F6A1
F64A
F5FB
F5B4
F577
F542
F518
F4F7
F4E1
F4D5
F4D4
F4DE
F4F3
F513
F53F
F575
F5B7
F604
F65C
F6C0
F72D
F7A5
F826
F8B1
F945
F9E2
FA88
FB35
FBEB
FCA7
FD6B
FE34
FF02
FFD5
00AC
0186
0263
0341
0421
0501
05E1
06BF
079B
0875
094B
0A1D
0AE9
0BB0
0C70
0D29
0DD9
0E81
0F1F
0FB4
103E
10BC
112F
1195
11EF
123B
127A
12AB
12CD
12E1
12E6
12DD
12C4
129C
1264
121E
11C9
1165
10F2
1071
0FE2
0F45
0E9A
0DE3
0D1F
0C4F
0B74
0A8F
099F
08A6
07A5
069B
058B
0475
035A
023B
0118
FFF3
FECC
FDA5
FC7E
FB58
FA34
F914
F7F8
F6E1
F5D0
F4C5
F3C3
F2C9
F1D8
F0F2
F017
EF47
EE84
EDCE
ED26
EC8D
EC02
EB87
EB1B
EAC0
EA76
EA3D
EA15
E9FF
E9FB
EA08
EA28
EA59
EA9C
EAF1
EB57
EBCE
EC57
ECF0
ED99
EE53
EF1B
EFF3
F0D8
F1CC
F2CC
F3D8
F4F0
F612
F73E
F874
F9B1
FAF6
FC41
FD91
FEE5
003D
0197
02F3
0450
05AD
0708
0861
09B5
0B06
0C50
0D94
0ED1
1005
1130
1251
1367
1472
1570
1660
1743
1817
18DC
1992
1A37
1ACC
1B4F
1BC2
1C22
1C71
1CAE
1CD8
1CF1
1CF6
1CEA
1CCB
1C9C
1C5C
1C09
1BA6
1B31
1AAC
1A17
1972
18BE
17FA
1729
164A
155F
1466
1363
1254
113B
1019
0EEE
0DBC
0C82
0B42
09FD
08B4
0767
0617
04C6
0373
0221
00CF
FF80
FE32
FCEA
FBA5
FA66
F92D
F7FA
F6CF
F5AD
F493
F383
F27D
F182
F092
EFAE
EED7
EE0C
ED4F
ECA0
EBFE
EB6B
EAE7
EA72
EA0C
E9B5
E96E
E936
E90E
E8F6
E8ED
E8F5
E90B
E931
E967
E9AC
EA00
EA63
EAD5
EB55
EBE3
EC7F
ED28
EDDE
EEA1
EF70
F04A
F130
F221
F31C
F421
F52F
F647
F766
F88E
F9BD
FAF3
FC2F
FD71
FEB8
0004
0154
02A8
03FF
0559
06B5
0813
0973
0AD4
0C35
0D96
0EF6
1056
11B3
130F
1468
15BE
1711
1860
19AB
1AF1
1C32
1D6D
1EA3
1FD2
20FB
221D
2337
2449
2554
2656
274F
2840
2927
2A05
2AD8
2BA2
2C61
2D15
2DC1
2E61
2EF6
2F7F
2FFD
306F
30D5
312F
317C
31BC
31F0
3217
3232
323F
323E
3231
3216
31EE
31B8
3174
3123
30C5
3059
2FDF
2F58
2EC3
2E21
2D72
2CB6
2BED
2B17
2A34
2945
284A
2743
2630
2511
23E8
22B4
2175
202D
1EDB
1D80
1C1C
1AB0
193D
17C2
1641
14BA
132D
119C
1006
0E6D
0CD1
0B33
0994
07F3
0653
04B3
0314
0177
FFDD
FE46
FCB4
FB25
F99C
F819
F69C
F528
F3BC
F258
F0FE
EFAF
EE6A
ED30
EC03
EAE1
E9CD
E8C6
E7CD
E6E2
E605
E538
E479
E3CA
E32B
E29B
E21B
E1AC
E14C
E0FD
E0BD
E08E
E06E
E05E
E05E
E06C
E08A
E0B6
E0F0
E138
E18D
E1EE
E25C
E2D6
E35A
E3E9
E481
E522
E5CA
E67B
E731
E7ED
E8AE
E973
EA3A
EB04
EBCE
EC99
ED63
EE2B
EEF0
EFB2
F070
F127
F1D9
F283
F326
F3BF
F44F
F4D5
F54E
F5BC
F61D
F671
F6B6
F6ED
F715
F72E
F736
F72E
F715
F6EC
F6B1
F665
F608
F599
F519
F488
F3E6
F333
F26F
F19B
F0B7
EFC3
EEC1
EDB0
EC91
EB65
EA2D
E8E9
E79A
E640
E4DE
E373
E201
E088
DF09
DD86
DBFF
DA76
D8EC
D761
D5D7
D44E
D2C9
D148
CFCB
CE55
CCE6
CB7F
CA21
C8CE
C786
C64A
C51B
C3FA
C2E8
C1E6
C0F3
C012
BF43
BE87
BDDD
BD48
BCC6
BC59
BC00
BBBD
BB8E
BB74
BB70
BB80
BBA6
BBE0
BC2F
BC92
BD09
BD94
BE31
BEE1
BFA2
C075
C157
C249
C34A
C459
C574
C69C
C7CE
C90A
CA4F
CB9B
CCEE
CE48
CFA6
D106
D269
D3CD
D530
D692
D7F1
D94B
DAA1
DBF0
DD38
DE78
DFAE
E0D9
E1F9
E30D
E413
E50A
E5F3
E6CC
E794
E84B
E8F1
E984
EA05
EA72
EACC
EB13
EB45
EB64
EB6E
EB65
EB49
EB18
EAD4
EA7D
EA13
E996
E908
E868
E7B8
E6F8
E628
E54B
E460
E368
E264
E157
E03F
DF1F
DDF8
DCCB
DB99
DA64
D92B
D7F2
D6B9
D580
D44B
D319
D1EC
D0C6
CFA7
CE90
CD84
CC82
CB8D
CAA5
C9CB
C900
C845
C79C
C704
C680
C60E
C5B1
C568
C534
C516
C50E
C51D
C542
C57E
C5D1
C63B
C6BC
C754
C802
C8C7
C9A2
CA93
CB99
CCB4
CDE3
CF25
D07A
D1E0
D358
D4E0
D678
D81F
D9D3
DB94
DD60
DF37
E117
E2FF
E4EE
E6E2
E8DB
EAD7
ECD5
EED3
F0D1
F2CD
F4C6
F6BA
F8A9
FA91
FC72
FE49
0017
01D9
0390
0539
06D4
0860
09DB
0B45
0C9E
0DE5
0F1A
103D
114C
1247
132F
1402
14C1
156C
1602
1684
16F1
174B
1790
17C1
17DF
17EA
17E3
17CA
179F
1763
1717
16BC
1651
15D9
1554
14C3
1426
137F
12CD
1213
1151
1088
0FBA
0EE6
0E10
0D36
0C5B
0B7F
0AA3
09C9
08F1
081C
074A
067E
05B7
04F6
043D
038B
02E2
0241
01AA
011E
009B
0024
FFB8
FF57
FF02
FEB9
FE7B
FE4A
FE25
FE0B
FDFD
FDFB
FE03
FE16
FE34
FE5C
FE8D
FEC7
FF0A
FF54
FFA6
FFFF
005D
00C0
0128
0193
0201
0271
02E2
0353
03C3
0432
049E
0507
056C
05CB
0625
0677
06C2
0704
073D
076B
078F
07A7
07B3
07B2
07A3
0787
075D
0723
06DB
0683
061B
05A4
051C
0485
03DD
0325
025E
0186
009F
FFA8
FEA3
FD8F
FC6D
FB3D
FA00
F8B6
F761
F601
F496
F321
F1A3
F01C
EE8E
ECFA
EB61
E9C3
E822
E67F
E4DA
E336
E193
DFF1
DE53
DCB9
DB25
D997
D811
D693
D51F
D3B6
D258
D107
CFC4
CE8F
CD6A
CC54
CB4F
CA5C
C97B
C8AD
C7F3
C74C
C6BA
C63C
C5D2
C57E
C53F
C515
C500
C501
C517
C543
C583
C5D9
C643
C6C2
C755
C7FB
C8B4
C97F
CA5D
CB4C
CC4B
CD5A
CE78
CFA4
D0DE
D224
D376
D4D2
D638
D7A6
D91C
DA98
DC1A
DDA1
DF2A
E0B5
E242
E3CE
E559
E6E2
E868
E9E9
EB66
ECDC
EE4B
EFB3
F111
F266
F3B1
F4F1
F625
F74D
F868
F975
FA75
FB66
FC49
FD1C
FDE0
FE95
FF3A
FFCF
0054
00CA
0130
0186
01CC
0203
022B
0245
0250
024D
023C
021F
01F5
01BF
017E
0133
00DE
0080
0019
FFAB
FF36
FEBC
FE3C
FDB9
FD32
FCA8
FC1D
FB91
FB06
FA7B
F9F3
F96D
F8EB
F86D
F7F6
F785
F71A
F6B6
F65B
F608
F5BF
F57F
F54A
F520
F501
F4EE
F4E8
F4EE
F501
F521
F54F
F58A
F5D3
F62A
F68F
F702
F782
F810
F8AB
F954
FA09
FACC
FB9A
FC75
FD5B
FE4C
FF4A
0051
0162
027C
039E
04C7
05F7
072D
0868
09A8
0AEC
0C32
0D7B
0EC6
1011
115C
12A6
13EE
1534
1677
17B6
18F0
1A24
1B53
1C7B
1D9B
1EB3
1FC2
20C8
21C3
22B5
239B
2477
2547
260B
26C2
276C
2809
2899
291B
2990
29F6
2A4F
2A99
2AD5
2B03
2B23
2B35
2B39
2B2F
2B18
2AF4
2AC3
2A85
2A3B
29E5
2983
2917
28A0
281F
2794
2701
2665
25C1
2517
2465
23AF
22F3
2232
216E
20A6
1FDC
1F10
1E43
1D75
1CA7
1BDA
1B0F
1A46
197F
18BC
17FC
1741
168B
15DB
1531
148E
13F2
135D
12D0
124C
11D1
115F
10F7
1099
1045
0FFC
0FBF
0F8D
0F66
0F4A
0F3A
0F35
0F3C
0F4F
0F6D
0F96
0FCB
100C
1058
10AF
1110
117D
11F4
1276
1301
1396
1435
14DC
158D
1645
1706
17CF
189E
1974
1A51
1B34
1C1C
1D0A
1DFC
1EF3
1FEE
20EC
21EC
22EF
23F4
24FA
2600
2707
280E
2914
2A18
2B1B
2C1C
2D1A
2E15
2F0D
3001
30F0
31DA
32BF
339F
3479
354C
3618
36DE
379C
3853
3901
39A8
3A45
3ADA
3B65
3BE8
3C61
3CD0
3D36
3D92
3DE5
3E2D
3E6B
3EA0
3ECA
3EEA
3F00
3F0C
3F0F
3F07
3EF5
3EDA
3EB6
3E87
3E50
3E0F
3DC6
3D74
3D19
3CB5
3C4A
3BD6
3B5B
3AD8
3A4E
39BC
3923
3884
37DE
3731
367F
35C8
350B
3449
3383
32B9
31EB
3119
3044
2F6D
2E93
2DB7
2CD9
2BFB
2B1B
2A3A
295A
2879
2799
26B9
25DA
24FD
2422
2348
2271
219B
20CA
1FFB
1F2F
1E67
1DA2
1CE0
1C22
1B68
1AB2
1A00
1952
18A8
1802
1761
16C5
162C
1599
1509
147E
13F7
1375
12F6
127C
1206
1193
1125
10BA
1052
0FEE
0F8D
0F2F
0ED4
0E7C
0E27
0DD4
0D84
0D35
0CE7
0C9B
0C50
0C05
0BBB
0B71
0B27
0ADD
0A92
0A46
09F9
09AA
095A
0907
08B3
085C
0803
07A6
0747
06E4
067E
0615
05A7
0536
04C1
0448
03CA
0349
02C4
023B
01AD
011B
0085
FFEB
FF4D
FEAA
FE04
FD5A
FCAC
FBFB
FB46
FA8E
F9D4
F916
F856
F795
F6D1
F60B
F544
F47C
F3B4
F2EB
F222
F159
F090
EFC9
EF03
EE3E
ED7C
ECBB
EBFD
EB42
EA8A
E9D5
E925
E878
E7D1
E72D
E68F
E5F7
E563
E4D6
E44E
E3CD
E352
E2DE
E270
E209
E1A8
E14F
E0FD
E0B1
E06D
E02F
DFF8
DFC8
DF9F
DF7C
DF60
DF4A
DF3A
DF2E
DF28
DF28
DF2C
DF36
DF43
DF55
DF6A
DF83
DF9F
DFBE
DFDE
E000
E024
E048
E06D
E091
E0B5
E0D9
E0FA
E11A
E137
E152
E169
E17D
E18C
E198
E19E
E1A0
E19C
E192
E183
E16C
E14F
E12B
E100
E0CF
E097
E057
E011
DFC4
DF70
DF14
DEB2
DE4A
DDDA
DD65
DCE9
DC68
DBE1
DB55
DAC5
DA30
D997
D8FC
D85D
D7BC
D71A
D676
D5D3
D52F
D48D
D3ED
D34F
D2B4
D21D
D18B
D0FF
D07A
CFFB
CF85
CF18
CEB4
CE5A
CE0C
CDCA
CD94
CD6C
CD52
CD47
CD4B
CD5F
CD84
CDBA
CE02
CE5C
CEC9
CF49
CFDC
D083
D13E
D20E
D2F2
D3EA
D4F7
D619
D74E
D898
D9F6
DB68
DCEF
DE88
E035
E1F5
E3C6
E5A9
E79E
E9A2
EBB6
EDD9
F00A
F247
F491
F6E6
F945
FBAD
FE1D
0093
030F
0590
0814
0A99
0D20
0FA5
1229
14A9
1725
199A
1C06
1E69
20C2
2310
2552
2786
29AA
2BBF
2DC3
2FB3
3191
3359
350C
36A8
382C
3998
3AEA
3C21
3D3E
3E3F
3F24
3FEC
4097
4123
4192
41E2
4214
4227
421B
41F0
41A7
413F
40B6
400F
3F4A
3E68
3D6A
3C50
3B1A
39C9
385F
36DB
353F
338C
31C3
2FE4
2DF1
2BEB
29D3
27AA
2572
232C
20D9
1E7A
1C11
19A0
1727
14A8
1224
0F9D
0D14
0A8B
0802
057D
02FA
007C
FE05
FB95
F92F
F6D3
F483
F23F
F009
EDE2
EBCB
E9C5
E7D0
E5EF
E420
E266
E0C1
DF32
DDB9
DC56
DB0B
D9D7
D8BB
D7B7
D6CC
D5F9
D53F
D49D
D414
D3A3
D34A
D30A
D2E1
D2D0
D2D6
D2F3
D326
D36F
D3CC
D43F
D4C5
D55E
D60A
D6C7
D795
D874
D961
DA5D
DB66
DC7C
DD9D
DEC9
DFFF
E13D
E284
E3D1
E524
E67D
E7D9
E939
EA9B
EBFF
ED63
EEC7
F029
F18A
F2E8
F443
F59A
F6EC
F839
F980
FAC0
FBFA
FD2B
FE55
FF76
008F
019E
02A3
039F
0491
0579
0656
0729
07F1
08AE
0960
0A08
0AA5
0B38
0BC0
0C3D
0CB0
0D19
0D78
0DCE
0E1A
0E5D
0E97
0EC8
0EF0
0F10
0F28
0F38
0F41
0F43
0F3E
0F33
0F21
0F0A
0EED
0ECB
0EA3
0E77
0E47
0E12
0DDA
0D9E
0D5E
0D1B
0CD6
0C8D
0C42
0BF4
0BA3
0B51
0AFC
0AA7
0A50
09F7
099C
093F
08E0
0880
081E
07BA
0754
06ED
0684
0619
05AC
053E
04CD
045B
03E7
0371
02F9
0280
0204
0186
0107
0085
0002
FF7C
FEF5
FE6C
FDE2
FD55
FCC8
FC3A
FBAA
FB1A
FA88
F9F6
F963
F8CF
F83C
F7A8
F714
F681
F5EF
F55F
F4CF
F442
F3B7
F32E
F2A8
F226
F1A7
F12D
F0B7
F047
EFDB
EF76
EF17
EEBF
EE6D
EE24
EDE3
EDAA
ED79
ED54
ED38
ED27
ED1F
ED22
ED30
ED49
ED6D
ED9E
EDDA
EE22
EE76
EED7
EF44
EFBE
F045
F0D8
F178
F224
F2DD
F3A3
F474
F551
F63A
F72F
F82E
F939
FA4E
FB6C
FC95
FDC6
FF00
0043
018D
02DF
0436
0592
06F3
0858
09C0
0B2A
0C96
0E03
0F6F
10DB
1245
13AD
1511
1671
17CD
1922
1A71
1BB8
1CF7
1E2D
1F5A
207C
2193
229D
239C
248D
2570
2645
270B
27C1
2868
28FF
2985
29FA
2A5D
2AAF
2AF0
2B1E
2B3A
2B44
2B3C
2B21
2AF4
2AB5
2A65
2A02
298D
2908
2871
27CA
2713
264C
2576
2491
239E
229E
2191
2078
1F53
1E24
1CEC
1BA9
1A5E
190D
17B5
1658
14F6
1391
1229
10C0
0F55
0DEB
0C81
0B19
09B4
0853
06F5
059D
044A
02FE
01BA
007D
FF49
FE1F
FCFE
FBE8
FADE
F9DE
F8EB
F804
F72A
F65E
F59E
F4ED
F44A
F3B5
F32E
F2B5
F24B
F1F0
F1A3
F164
F133
F110
F0FB
F0F3
F0F9
F10C
F12B
F156
F18D
F1CF
F21B
F272
F2D2
F33C
F3AE
F428
F4A9
F530
F5BE
F650
F6E8
F783
F821
F8C3
F968
FA0D
FAB2
FB58
FBFC
FC9F
FD3F
FDDD
FE77
FF0D
FF9F
002C
00B3
0134
01AF
0223
0290
02F5
0352
03A8
03F5
0439
0475
04A7
04D1
04F2
050A
0519
051E
051B
050F
04FC
04E0
04BC
048F
045B
041F
03DC
0392
0340
02E9
028B
0228
01C0
0152
00E0
006B
FFF1
FF74
FEF5
FE73
FDF0
FD6B
FCE5
FC5F
FBD9
FB53
FACE
FA4A
F9C7
F947
F8C9
F84D
F7D5
F75F
F6EE
F681
F617
F5B3
F553
F4F8
F4A2
F451
F405
F3BF
F37F
F344
F30F
F2DF
F2B5
F290
F271
F257
F243
F234
F22A
F225
F224
F229
F231
F23E
F24F
F263
F27B
F296
F2B4
F2D4
F2F6
F31B
F342
F36A
F393
F3BE
F3E9
F415
F442
F46E
F49A
F4C6
F4F0
F51A
F543
F56B
F591
F5B6
F5D8
F5F9
F617
F634
F64E
F666
F67B
F68E
F69E
F6AC
F6B7
F6C0
F6C7
F6CB
F6CD
F6CD
F6CA
F6C5
F6BE
F6B4
F6A9
F69C
F68D
F67C
F66A
F656
F641
F62A
F613
F5FA
F5E1
F5C7
F5AC
F591
F575
F559
F53C
F520
F503
F4E7
F4CA
F4AE
F492
F476
F45B
F441
F428
F40E
F3F5
F3DC
F3C3
F3AB
F392
F37A
F361
F349
F330
F317
F2FD
F2E3
F2C9
F2AD
F291
F273
F255
F235
F213
F1F0
F1CB
F1A4
F17B
F150
F122
F0F2
F0BF
F08A
F051
F015
EFD6
EF94
EF4F
EF06
EEBA
EE6B
EE19
EDC3
ED6A
ED0E
ECAF
EC4D
EBE8
EB80
EB16
EAA9
EA3A
E9C8
E955
E8E1
E86B
E7F4
E77C
E704
E68B
E613
E59B
E524
E4AE
E43A
E3C5
E354
E2E4
E279
E210
E1AB
E14B
E0F0
E099
E048
DFFD
DFB7
DF79
DF41
DF10
DEE6
DEC4
DEAA
DE99
DE8F
DE8E
DE96
DEA7
DEC1
DEE3
DF0F
DF44
DF82
DFCA
E01A
E074
E0D6
E140
E1B3
E22E
E2B1
E33D
E3CF
E46A
E50B
E5B3
E661
E714
E7CD
E88B
E94D
EA12
EADB
EBA7
EC74
ED43
EE13
EEE3
EFB2
F080
F14D
F217
F2DE
F3A1
F461
F51B
F5CF
F67D
F725
F7C5
F85D
F8EC
F973
F9F0
FA62
FACB
FB28
FB7B
FBC2
FBFD
FC2C
FC4E
FC65
FC6E
FC6B
FC5C
FC3F
FC16
FBE0
FB9E
FB50
FAF5
FA8F
FA1D
F9A0
F918
F886
F7EA
F744
F696
F5DF
F521
F45C
F390
F2BF
F1E9
F10E
F030
EF50
EE6D
ED89
ECA5
EBC2
EAE0
EA00
E923
E84B
E776
E6A8
E5E0
E51E
E465
E3B4
E30D
E26F
E1DD
E155
E0DA
E06B
E009
DFB5
DF6F
DF37
DF0D
DEF3
DEE9
DEED
DF02
DF26
DF5A
DF9E
DFF2
E055
E0C8
E14A
E1DB
E27B
E329
E3E5
E4AE
E584
E666
E754
E84D
E950
EA5D
EB72
EC8F
EDB3
EEDE
F00D
F141
F278
F3B1
F4EC
F626
F760
F897
F9CC
FAFE
FC2A
FD51
FE70
FF89
0098
019F
029B
038B
0470
0548
0612
06CF
077C
081A
08A8
0926
0992
09ED
0A37
0A6F
0A94
0AA7
0AA8
0A96
0A72
0A3B
09F2
0996
0928
08A9
0818
0776
06C4
0602
0531
0451
0363
0269
0162
004F
FF32
FE0C
FCDC
FBA5
FA68
F924
F7DC
F691
F544
F3F5
F2A6
F158
F00C
EEC3
ED7F
EC40
EB08
E9D7
E8B0
E792
E67F
E578
E47E
E391
E2B2
E1E3
E123
E074
DFD6
DF4A
DED0
DE69
DE15
DDD5
DDA9
DD91
DD8D
DD9D
DDC2
DDFC
DE4A
DEAC
DF22
DFAC
E049
E0FA
E1BC
E291
E378
E46F
E577
E690
E7B8
E8ED
EA30
EB80
ECDA
EE40
EFAE
F126
F2A4
F42A
F5B4
F743
F8D5
FA6A
FBFF
FD95
FF29
00BC
024B
03D6
055C
06DC
0854
09C5
0B2D
0C8B
0DDE
0F26
1062
1191
12B3
13C8
14CF
15C7
16B0
1788
1851
1909
19B1
1A48
1ACE
1B43
1BA7
1BFB
1C3E
1C71
1C93
1CA6
1CA9
1C9C
1C81
1C58
1C21
1BDD
1B8C
1B2F
1AC7
1A55
19D8
1953
18C5
182F
1793
16F3
164E
15A4
14F7
1448
1396
12E4
1231
117F
10CE
101F
0F74
0ECB
0E27
0D87
0CED
0C58
0BCA
0B43
0AC4
0A4C
09DC
0975
0916
08C0
0874
0830
07F6
07C5
079E
077F
076A
075F
075D
0763
0772
0788
07A6
07CB
07F7
0829
0860
089D
08DE
0923
096B
09B7
0A05
0A54
0AA4
0AF4
0B44
0B93
0BE0
0C2B
0C73
0CB7
0CF7
0D32
0D68
0D98
0DC1
0DE4
0DFF
0E13
0E1E
0E21
0E1B
0E0B
0DF3
0DD0
0DA4
0D6E
0D2E
0CE4
0C90
0C32
0BCA
0B59
0ADF
0A5B
09CF
093B
089F
07FB
0750
06A0
05E9
052D
046C
03A8
02E1
0217
014B
007F
FFB3
FEE9
FE20
FD5A
FC97
FBD9
FB20
FA6C
F9BF
F91A
F87D
F7EA
F760
F6E1
F66E
F606
F5AC
F55E
F51F
F4EE
F4CC
F4BA
F4B8
F4C5
F4E3
F512
F552
F5A3
F606
F679
F6FE
F793
F83A
F8F3
F9BC
FA95
FB7E
FC77
FD7E
FE93
FFB6
00E6
0223
036B
04BD
061A
0780
08EE
0A63
0BDF
0D5F
0EE4
106D
11F7
1382
150D
1697
181F
19A3
1B22
1C9C
1E0F
1F79
20DB
2233
237E
24BE
25F0
2713
2828
292C
2A1F
2B01
2BD0
2C8C
2D34
2DC7
2E46
2EAF
2F02
2F3F
2F65
2F74
2F6D
2F4F
2F19
2ECC
2E69
2DEE
2D5D
2CB6
2BF9
2B26
2A3E
2942
2832
270E
25D7
248F
2335
21CB
2051
1EC9
1D33
1B90
19E2
1829
1666
149B
12C8
10EF
0F10
0D2D
0B47
095E
0775
058C
03A3
01BD
FFDA
FDFB
FC22
FA4E
F882
F6BE
F502
F350
F1A9
F00D
EE7F
ECFD
EB89
EA22
E8C9
E780
E645
E51A
E3FE
E2F3
E1F7
E10C
E031
DF66
DEAC
DE02
DD67
DCDD
DC62
DBF7
DB9A
DB4C
DB0C
DAD9
DAB4
DA9B
DA8F
DA8E
DA97
DAAB
DAC8
DAEE
DB1D
DB53
DB8F
DBD2
DC19
DC65
DCB4
DD07
DD5C
DDB2
DE09
DE61
DEB8
DF0E
DF63
DFB6
E006
E053
E09C
E0E2
E123
E160
E197
E1C9
E1F6
E21D
E23E
E25A
E26F
E27E
E287
E28A
E285
E279
E268
E251
E235
E213
E1EE
E1C3
E195
E163
E12E
E0F7
E0BD
E082
E045
E008
DFCB
DF8E
DF53
DF19
DEE1
DEAC
DE7A
DE4C
DE23
DDFE
DDDF
DDC6
DDB3
DDA7
DDA2
DDA5
DDAE
DDBF
DDD9
DDFC
DE28
DE5D
DE9C
DEE5
DF37
DF92
DFF8
E067
E0DF
E161
E1EC
E280
E31D
E3C2
E46F
E524
E5E0
E6A2
E76B
E83A
E90E
E9E6
EAC2
EBA2
EC84
ED68
EE4D
EF33
F019
F0FE
F1E2
F2C3
F3A1
F47B
F550
F621
F6EB
F7AE
F86A
F91E
F9C9
FA6A
FB02
FB8F
FC11
FC87
FCF1
FD4F
FDA0
FDE4
FE1B
FE43
FE5E
FE6B
FE6A
FE5B
FE3E
FE13
FDDA
FD94
FD40
FCDF
FC71
FBF7
FB72
FAE1
FA45
F99F
F8EF
F837
F776
F6AE
F5DF
F50A
F431
F353
F273
F190
F0AB
EFC7
EEE3
EE00
ED21
EC44
EB6D
EA9B
E9D0
E90C
E850
E79E
E6F6
E65A
E5C9
E546
E4D0
E468
E410
E3C7
E38E
E366
E350
E34B
E359
E379
E3AC
E3F1
E44A
E4B6
E535
E5C8
E66D
E725
E7F0
E8CC
E9BB
EABB
EBCC
ECED
EE1D
EF5D
F0AA
F205
F36D
F4E0
F65E
F7E5
F975
FB0C
FCAA
FE4C
FFF3
019C
0346
04F0
0699
0840
09E3
0B80
0D18
0EA7
102E
11AB
131C
1480
15D6
171E
1855
197B
1A8F
1B90
1C7C
1D54
1E15
1EC0
1F54
1FD0
2032
207C
20AD
20C3
20C0
20A3
206C
201A
1FAE
1F28
1E87
1DCD
1CFA
1C0E
1B09
19ED
18B9
176F
160F
149B
1312
1177
0FCA
0E0C
0C3F
0A63
087B
0687
0489
0282
0074
FE5F
FC46
FA2A
F80C
F5F0
F3D5
F1BD
EFAB
EDA0
EB9D
E9A4
E7B6
E5D6
E403
E241
E08F
DEF0
DD65
DBF0
DA90
D948
D819
D703
D608
D529
D466
D3C0
D337
D2CD
D282
D256
D24A
D25E
D292
D2E5
D35A
D3EE
D4A2
D576
D669
D77B
D8AB
D9FA
DB66
DCEE
DE92
E051
E22A
E41C
E626
E847
EA7D
ECC8
EF26
F195
F415
F6A4
F940
FBE8
FE9A
0155
0418
06E0
09AC
0C7B
0F4B
121A
14E6
17AF
1A71
1D2D
1FDF
2287
2523
27B2
2A32
2CA2
2F01
314D
3385
35A7
37B4
39A9
3B87
3D4B
3EF5
4084
41F8
434F
448A
45A8
46A7
4789
484D
48F2
4978
49E0
4A2A
4A55
4A61
4A4F
4A1F
49D2
4967
48E0
483C
477D
46A3
45AF
44A2
437C
423F
40EB
3F82
3E04
3C73
3ACF
391A
3755
3580
339E
31B0
2FB6
2DB2
2BA5
2990
2775
2555
2331
210A
1EE2
1CB9
1A91
186B
1647
1428
120D
0FF9
0DEC
0BE6
09EA
07F8
0610
0434
0264
00A1
FEEC
FD46
FBAE
FA25
F8AD
F745
F5ED
F4A7
F371
F24E
F13C
F03C
EF4D
EE71
EDA6
ECED
EC45
EBAF
EB2A
EAB6
EA53
EA00
E9BD
E98A
E966
E950
E949
E94F
E963
E983
E9B0
E9E8
EA2A
EA78
EACE
EB2E
EB96
EC06
EC7D
ECFB
ED7E
EE06
EE93
EF23
EFB7
F04D
F0E5
F17F
F21A
F2B5
F34F
F3E9
F481
F517
F5AB
F63B
F6C9
F752
F7D7
F858
F8D3
F94A
F9BB
FA25
FA8A
FAE9
FB40
FB91
FBDC
FC1F
FC5B
FC8F
FCBD
FCE3
FD02
FD1A
FD2A
FD33
FD35
FD32
FD28
FD17
FCFF
FCE1
FCBD
FC93
FC63
FC2E
FBF3
FBB3
FB6E
FB25
FAD7
FA86
FA30
F9D8
F97C
F91D
F8BC
F859
F7F4
F78D
F725
F6BC
F653
F5E9
F57F
F516
F4AD
F445
F3DE
F379
F316
F2B5
F255
F1F9
F19F
F148
F0F4
F0A3
F056
F00D
EFC7
EF86
EF49
EF10
EEDD
EEAD
EE83
EE5E
EE3E
EE23
EE0E
EDFE
EDF3
EDEE
EDEF
EDF6
EE02
EE14
EE2C
EE49
EE6D
EE95
EEC3
EEF7
EF30
EF70
EFB5
F000
F050
F0A6
F101
F162
F1C8
F233
F2A3
F318
F391
F40F
F492
F518
F5A3
F632
F6C4
F759
F7F2
F88E
F92D
F9CF
FA73
FB19
FBC1
FC6B
FD16
FDC2
FE6F
FF1C
FFCA
0078
0126
01D4
0281
032D
03D9
0482
052B
05D1
0675
0717
07B6
0853
08EC
0982
0A14
0AA3
0B2D
0BB4
0C36
0CB3
0D2B
0D9F
0E0D
0E76
0ED9
0F36
0F8E
0FE0
102B
1070
10AE
10E6
1117
1141
1165
1182
1198
11A8
11B1
11B4
11B0
11A5
1195
117E
1162
1140
1118
10EB
10B8
1081
1045
1005
0FC1
0F79
0F2D
0EDE
0E8C
0E37
0DE0
0D86
0D2A
0CCC
0C6E
0C0F
0BAF
0B50
0AF1
0A93
0A36
09DA
0981
0929
08D4
0882
0833
07E8
07A0
075D
071D
06E3
06AE
067D
0653
062E
060E
05F5
05E2
05D6
05D0
05D1
05D8
05E4
05F7
0611
0632
065A
0689
06BF
06FC
0740
078A
07DA
0831
088D
08EF
0957
09C3
0A35
0AAB
0B24
0BA2
0C23
0CA7
0D2D
0DB5
0E3E
0EC9
0F55
0FE0
106B
10F5
117E
1205
1288
1308
1385
13FE
1472
14E2
154D
15B2
1610
1668
16B9
1703
1745
177E
17AF
17D8
17F6
180C
1817
1819
1810
17FD
17DF
17B6
1782
1743
16FA
16A5
1644
15D9
1563
14E2
1454
13BC
1319
126C
11B4
10F2
1027
0F52
0E74
0D8E
0C9F
0BA9
0AAB
09A6
089B
078B
0675
055A
043C
031A
01F5
00CE
FFA5
FE7B
FD51
FC27
FAFE
F9D6
F8B1
F78E
F66F
F554
F43D
F32B
F21F
F119
F01A
EF22
EE32
ED4A
EC6B
EB95
EAC9
EA07
E94F
E8A2
E800
E769
E6DE
E65E
E5EB
E584
E528
E4DA
E497
E461
E438
E41B
E40A
E405
E40D
E421
E440
E46B
E4A1
E4E3
E530
E586
E5E7
E652
E6C6
E743
E7C8
E856
E8EB
E987
EA29
EAD2
EB80
EC34
ECEC
EDA8
EE67
EF29
EFEE
F0B5
F17D
F246
F30F
F3D8
F4A1
F569
F62F
F6F3
F7B5
F875
F932
F9EB
FAA1
FB53
FC00
FCA9
FD4D
FDEC
FE86
FF1B
FFAA
0033
00B7
0135
01AE
0221
028E
02F6
0359
03B6
040E
0461
04B0
04FA
0540
0582
05C0
05FA
0632
0667
069A
06CA
06FB
072A
0758
0786
07B4
07E2
0810
0840
0871
08A4
08D9
0910
094B
0988
09C9
0A0E
0A57
0AA4
0AF6
0B4D
0BA8
0C09
0C6F
0CDA
0D4B
0DC2
0E3E
0EC0
0F47
0FD5
1067
1100
119F
1243
12EC
139B
144E
1505
15C0
1680
1742
1808
18D0
199A
1A66
1B33
1C01
1CD0
1D9E
1E6B
1F37
2001
20C9
218E
224F
230C
23C4
2477
2524
25CA
266A
2702
2792
281A
2898
290D
2977
29D8
2A2E
2A78
2AB8
2AEB
2B12
2B2D
2B3C
2B3E
2B32
2B1A
2AF5
2AC3
2A83
2A37
29DD
2976
2903
2883
27F7
275F
26BB
260B
2551
248C
23BD
22E4
2202
2117
2024
1F29
1E28
1D20
1C14
1B02
19ED
18D5
17BA
169E
1581
1465
1349
122F
1117
1003
0EF4
0DE9
0CE4
0BE6
0AEF
0A00
091A
083E
076C
06A5
05EA
053B
0499
0405
037E
0306
029C
0241
01F6
01BB
0190
0176
016C
0172
0189
01B2
01EA
0234
028E
02F8
0373
03FD
0497
0540
05F8
06BE
0792
0873
0960
0A5A
0B60
0C6F
0D89
0EAC
0FD8
110B
1244
1384
14C7
160F
175A
18A8
19F6
1B45
1C93
1DE0
1F2A
2071
21B3
22F0
2427
2557
267F
279E
28B3
29BD
2ABD
2BB0
2C97
2D70
2E3B
2EF7
2FA4
3041
30CE
314B
31B6
3210
3258
328E
32B1
32C1
32C0
32AB
3285
324C
3200
31A3
3134
30B3
3021
2F7E
2ECA
2E06
2D33
2C50
2B5F
2A5F
2953
2839
2714
25E3
24A8
2363
2215
20BF
1F61
1DFD
1C93
1B24
19B1
183B
16C3
154A
13D0
1256
10DD
0F66
0DF2
0C81
0B14
09AC
0849
06ED
0597
0449
0303
01C5
0090
FF65
FE44
FD2D
FC20
FB1E
FA28
F93C
F85D
F788
F6C0
F603
F552
F4AC
F412
F383
F301
F28A
F21D
F1BA
F162
F113
F0CE
F091
F05D
F030
F00B
EFED
EFD5
EFC3
EFB6
EFAE
EFA9
EFA8
EFAA
EFAE
EFB3
EFB9
EFC0
EFC6
EFCC
EFD0
EFD1
EFD1
EFCD
EFC6
EFBA
EFAA
EF94
EF79
EF58
EF31
EF03
EECF
EE93
EE51
EE07
EDB5
ED5C
ECFC
EC94
EC24
EBAE
EB30
EAAA
EA1E
E98C
E8F3
E854
E7B0
E706
E658
E5A5
E4EF
E435
E379
E2BB
E1FB
E13A
E079
DFB8
DEF8
DE3A
DD7F
DCC7
DC12
DB62
DAB8
DA13
D975
D8DF
D851
D7CB
D74F
D6DD
D675
D618
D5C8
D583
D54B
D520
D503
D4F4
D4F3
D501
D51D
D549
D584
D5CF
D629
D693
D70C
D795
D82E
D8D7
D98F
DA55
DB2B
DC0F
DD01
DE01
DF0E
E027
E14D
E27F
E3BB
E501
E651
E7AA
E90B
EA73
EBE2
ED57
EED0
F04E
F1CE
F351
F4D5
F659
F7DD
F960
FAE1
FC5E
FDD8
FF4D
00BC
0225
0386
04E0
0631
0779
08B7
09EA
0B11
0C2D
0D3B
0E3D
0F31
1017
10EE
11B7
1270
131A
13B4
143E
14B8
1522
157D
15C7
1601
162B
1645
1650
164C
1639
1618
15E7
15A9
155E
1507
14A4
1435
13BC
1338
12AB
1216
1179
10D5
102A
0F7A
0EC6
0E0D
0D51
0C93
0BD4
0B14
0A54
0995
08D8
081D
0766
06B3
0604
055B
04B8
041B
0386
02F9
0273
01F6
0183
0119
00B9
0064
0019
FFD9
FFA5
FF7C
FF5E
FF4C
FF45
FF4A
FF5B
FF76
FF9D
FFCF
000B
0052
00A2
00FD
0160
01CC
0241
02BD
0340
03CA
0459
04EE
0587
0624
06C3
0764
0807
08AA
094E
09F1
0A93
0B32
0BCF
0C67
0CFC
0D8B
0E15
0E98
0F13
0F88
0FF3
1056
10AF
10FE
1142
117C
11AA
11CC
11E2
11EC
11E9
11DA
11BE
1194
115E
111A
10C8
1069
0FFD
0F85
0F01
0E71
0DD5
0D2E
0C7D
0BC1
0AFC
0A2D
0956
0877
0790
06A3
05B0
04B8
03BB
02BB
01B8
00B3
FFAC
FEA6
FDA0
FC9B
FB98
FA98
F99D
F8A6
F7B5
F6CA
F5E5
F508
F435
F36A
F2AA
F1F6
F14D
F0B0
F020
EF9E
EF29
EEC3
EE6C
EE25
EDED
EDC5
EDAD
EDA5
EDAE
EDC8
EDF2
EE2C
EE77
EED2
EF3E
EFB9
F044
F0DF
F188
F240
F305
F3D8
F4B7
F5A2
F699
F79A
F8A5
F9BA
FAD7
FBFB
FD26
FE57
FF8D
00C6
0203
0342
0483
05C3
0703
0840
097C
0AB3
0BE6
0D14
0E3B
0F5A
1071
117F
1283
137D
146A
154C
1620
16E6
179E
1846
18DF
1968
19E0
1A46
1A9B
1ADE
1B0F
1B2D
1B39
1B32
1B17
1AEA
1AAA
1A57
19F1
1979
18EE
1852
17A3
16E3
1612
1531
1440
133F
1230
1112
0FE6
0EAE
0D6A
0C1A
0AC2
0960
07F5
0682
0508
0388
0202
0077
FEE9
FD58
FBC6
FA32
F89F
F70C
F57B
F3ED
F262
F0DC
EF5B
EDE1
EC6D
EB00
E99C
E841
E6F0
E5A9
E46E
E33E
E21A
E103
DFF9
DEFD
DE11
DD33
DC64
DBA4
DAF3
DA52
D9C1
D93F
D8CD
D86B
D819
D7D7
D7A4
D782
D76F
D76C
D778
D793
D7BD
D7F6
D83D
D891
D8F4
D964
D9E0
DA6A
DAFF
DB9F
DC4B
DD02
DDC2
DE8D
DF60
E03D
E122
E20E
E301
E3FB
E4FB
E601
E70C
E81B
E92F
EA46
EB60
EC7D
ED9C
EEBC
EFDF
F102
F225
F349
F46D
F590
F6B2
F7D3
F8F3
FA10
FB2C
FC46
FD5D
FE71
FF82
0091
019C
02A4
03A9
04AA
05A7
06A1
0797
0889
0977
0A61
0B47
0C29
0D07
0DE0
0EB5
0F86
1053
111B
11DE
129E
1359
140F
14C1
156E
1617
16BB
175A
17F5
188B
191C
19A9
1A30
1AB3
1B31
1BAB
1C1F
1C8D
1CF7
1D5C
1DBB
1E15
1E69
1EB8
1F01
1F45
1F82
1FBA
1FEC
2018
203E
205D
2077
208A
2097
209D
209E
2097
208A
2077
205E
203D
2017
1FEA
1FB6
1F7B
1F3A
1EF3
1EA5
1E52
1DF8
1D99
1D35
1CCB
1C5D
1BE9
1B71
1AF5
1A75
19F1
196A
18E0
1854
17C5
1734
16A2
160F
157B
14E6
1452
13BF
132D
129C
120D
1180
10F7
1070
0FEB
0F6A
0EEE
0E76
0E04
0D97
0D31
0CD1
0C78
0C26
0BDB
0B99
0B5E
0B2C
0B03
0AE2
0ACB
0ABC
0AB7
0ABB
0AC9
0AE1
0B01
0B2C
0B60
0B9D
0BE3
0C33
0C8B
0CEC
0D56
0DC7
0E40
0EC0
0F47
0FD5
1068
1102
11A0
1243
12E9
1394
1441
14F0
15A1
1652
1704
17B6
1866
1914
19C0
1A69
1B0E
1BAE
1C48
1CDD
1D6A
1DF0
1E6E
1EE4
1F4F
1FB1
2007
2053
2092
20C5
20EB
2104
210F
210B
20F9
20D7
20A7
2066
2016
1FB6
1F46
1EC6
1E35
1D95
1CE4
1C24
1B53
1A73
1984
1885
1778
165C
1533
13FC
12B8
1168
100C
0EA4
0D33
0BB7
0A32
08A4
070E
0572
03D1
022A
007F
FED1
FD21
FB70
F9BE
F80D
F65D
F4B0
F306
F160
EFC0
EE26
EC93
EB07
E985
E80C
E69D
E53A
E3E2
E297
E15A
E02A
DF09
DDF7
DCF5
DC02
DB20
DA4E
D98D
D8DE
D840
D7B5
D73C
D6D4
D680
D63D
D60D
D5EF
D5E2
D5E8
D5FE
D626
D65F
D6A8
D701
D769
D7E1
D866
D8F9
D999
DA46
DAFE
DBC1
DC8D
DD63
DE42
DF28
E015
E107
E1FF
E2FA
E3F9
E4F9
E5FB
E6FD
E7FE
E8FE
E9FB
EAF5
EBEC
ECDD
EDC9
EEAE
EF8C
F063
F131
F1F6
F2B2
F363
F40A
F4A6
F536
F5BA
F632
F69E
F6FC
F74E
F793
F7CB
F7F6
F815
F827
F82C
F824
F810
F7EF
F7C2
F78A
F746
F6F8
F69F
F63C
F5D1
F55D
F4E0
F45D
F3D3
F343
F2AE
F214
F178
F0D8
F037
EF94
EEF2
EE50
EDAF
ED12
EC77
EBE0
EB4F
EAC3
EA3E
E9C1
E94C
E8E1
E87F
E827
E7DB
E79A
E765
E73E
E724
E718
E71B
E72C
E74D
E77D
E7BD
E80E
E86E
E8DF
E960
E9F2
EA94
EB47
EC0B
ECDE
EDC1
EEB5
EFB8
F0C9
F1EA
F319
F456
F5A0
F6F7
F85B
F9CA
FB45
FCCA
FE58
FFF0
018F
0337
04E4
0697
0850
0A0C
0BCB
0D8D
0F50
1113
12D6
1497
1657
1813
19CB
1B7E
1D2B
1ED2
2071
2209
2397
251C
2696
2804
2967
2ABD
2C06
2D42
2E70
2F8F
30A0
31A1
3293
3374
3445
3505
35B5
3653
36E1
375D
37C8
3821
386A
38A1
38C7
38DC
38E0
38D3
38B7
388A
384D
3801
37A6
373D
36C5
363F
35AB
350A
345D
33A5
32E2
3214
313C
305C
2F72
2E81
2D88
2C89
2B84
2A7A
296A
2857
2741
2628
250D
23F1
22D3
21B6
2099
1F7D
1E63
1D4B
1C35
1B23
1A15
190A
1805
1703
1607
1511
1420
1337
1254
1179
10A5
0FDA
0F16
0E5A
0DA7
0CFC
0C5A
0BC1
0B31
0AAA
0A2C
09B7
094C
08E9
0890
0840
07F9
07BA
0785
0759
0735
071A
0707
06FD
06FB
0700
070E
0724
0741
0765
0791
07C3
07FC
083B
0881
08CC
091D
0973
09CE
0A2E
0A92
0AFA
0B66
0BD6
0C49
0CBE
0D37
0DB2
0E2F
0EAE
0F2E
0FAF
1032
10B5
1139
11BD
1241
12C6
134A
13CE
1451
14D3
1554
15D3
1650
16CC
1745
17BB
182F
18A0
190E
1978
19DF
1A42
1AA1
1AFC
1B53
1BA5
1BF3
1C3B
1C7F
1CBD
1CF6
1D29
1D56
1D7E
1D9F
1DBB
1DD0
1DDF
1DE7
1DE8
1DE3
1DD7
1DC3
1DA9
1D87
1D5E
1D2E
1CF7
1CB9
1C73
1C26
1BD2
1B77
1B15
1AAC
1A3C
19C5
1948
18C5
183B
17AA
1714
1678
15D6
152E
1482
13D0
1319
125D
119D
10D9
1010
0F44
0E74
0DA0
0CCA
0BF1
0B15
0A38
0958
0877
0795
06B2
05CE
04EA
0407
0323
0241
015F
007F
FFA1
FEC5
FDEB
FD14
FC3F
FB6E
FAA1
F9D7
F911
F850
F793
F6DB
F628
F57B
F4D2
F42F
F392
F2FB
F269
F1DD
F158
F0D8
F05F
EFEB
EF7E
EF17
EEB6
EE5C
EE07
EDB9
ED70
ED2D
ECF0
ECB9
EC87
EC5B
EC34
EC12
EBF5
EBDD
EBC9
EBBA
EBAF
EBA9
EBA7
EBA9
EBAE
EBB6
EBC2
EBD1
EBE2
EBF6
EC0C
EC24
EC3F
EC5B
EC79
EC99
ECBA
ECDC
ED00
ED26
ED4C
ED73
ED9C
EDC5
EDF0
EE1B
EE48
EE75
EEA4
EED3
EF04
EF36
EF6A
EF9F
EFD6
F00E
F049
F085
F0C3
F104
F147
F18D
F1D5
F221
F270
F2C3
F319
F373
F3D1
F434
F49B
F507
F578
F5EE
F669
F6E9
F770
F7FC
F88E
F926
F9C4
FA68
FB13
FBC4
FC7B
FD38
FDFB
FEC4
FF93
0069
0145
0226
030D
03F9
04EA
05E0
06DA
07D9
08DB
09E0
0AE8
0BF3
0CFF
0E0C
0F1A
1028
1136
1242
134D
1455
155A
165C
1758
1850
1941
1A2C
1B0F
1BE9
1CBA
1D81
1E3E
1EF1
1F97
2031
20BF
213E
21AF
2211
2263
22A6
22D7
22F7
2305
2301
22EB
22C1
2284
2233
21CE
2156
20C8
2027
1F71
1EA7
1DC8
1CD5
1BCE
1AB3
1984
1841
16EC
1584
140A
127F
10E3
0F38
0D7D
0BB4
09DD
07F9
060A
040F
020B
FFFF
FDEA
FBCF
F9AF
F78A
F562
F339
F10F
EEE6
ECBF
EA9B
E87C
E663
E451
E248
E048
DE54
DC6C
DA92
D8C6
D70B
D560
D3C8
D244
D0D4
CF7A
CE36
CD09
CBF5
CAF9
CA18
C951
C8A5
C814
C7A0
C748
C70D
C6EF
C6EE
C70B
C745
C79D
C812
C8A4
C952
CA1E
CB05
CC07
CD25
CE5D
CFAE
D117
D298
D430
D5DF
D7A2
D979
DB64
DD60
DF6C
E188
E3B1
E5E7
E828
EA72
ECC5
EF1E
F17D
F3E0
F644
F8AA
FB0F
FD71
FFD0
0229
047B
06C6
0906
0B3C
0D65
0F81
118D
1387
156F
1745
1907
1AB4
1C4B
1DCC
1F35
2087
21BF
22DE
23E2
24CD
259C
2650
26E9
2766
27C7
280C
2836
2845
2838
2810
27CE
2772
26FC
266D
25C6
2507
2432
2346
2246
2130
2008
1ECE
1D82
1C27
1ABE
1947
17C4
1636
149E
12FE
1157
0FAB
0DFA
0C46
0A90
08D9
0723
0570
03BF
0213
006D
FECD
FD36
FBA7
FA22
F8A9
F73B
F5DA
F487
F343
F20E
F0E9
EFD5
EED1
EDE0
ED00
EC33
EB78
EAD0
EA3B
E9B9
E94B
E8EF
E8A7
E871
E84F
E83E
E83F
E853
E877
E8AC
E8F1
E945
E9A9
EA1A
EA99
EB25
EBBC
EC5F
ED0C
EDC1
EE80
EF45
F011
F0E2
F1B7
F291
F36C
F449
F527
F605
F6E2
F7BC
F894
F968
FA38
FB03
FBC7
FC85
FD3C
FDEB
FE91
FF2F
FFC3
004D
00CC
0142
01AC
020B
025F
02A7
02E3
0314
033A
0354
0361
0364
035B
0347
0329
0300
02CD
0291
024C
01FE
01A8
014B
00E6
007C
000C
FF97
FF1D
FEA0
FE20
FD9E
FD1A
FC96
FC11
FB8D
FB0B
FA8A
FA0C
F992
F91B
F8AA
F83D
F7D6
F775
F71C
F6C9
F67F
F63C
F602
F5D1
F5A9
F58A
F575
F56A
F569
F571
F584
F5A0
F5C7
F5F7
F631
F675
F6C1
F717
F775
F7DC
F84B
F8C1
F93E
F9C2
FA4C
FADC
FB71
FC0A
FCA7
FD46
FDE8
FE8C
FF31
FFD7
007D
0123
01C7
026A
030B
03A8
0442
04D8
0569
05F5
067B
06FB
0774
07E6
0851
08B4
090F
0961
09AB
09ED
0A25
0A54
0A7B
0A98
0AAC
0AB8
0ABA
0AB3
0AA4
0A8D
0A6E
0A47
0A1A
09E5
09AB
096A
0924
08DA
088C
083A
07E5
078E
0735
06DB
0681
0628
05D0
0579
0526
04D5
0489
0441
03FF
03C4
038E
0361
033B
031F
030B
0304
0308
0316
0330
0355
0387
03C5
040F
0466
04CA
053C
05BA
0645
06DD
0783
0835
08F3
09BE
0A95
0B77
0C64
0D5C
0E5E
0F69
107E
119A
12BE
13E9
1519
164F
1789
18C6
1A08
1B4B
1C8F
1DD3
1F14
2053
218F
22C5
23F6
2521
2643
275D
286D
2972
2A6C
2B59
2C39
2D0B
2DCD
2E80
2F22
2FB3
3032
309E
30F8
313D
316F
318D
3196
318A
3169
3133
30E7
3086
300F
2F84
2EE4
2E30
2D67
2C8B
2B9C
2A9B
2987
2863
272D
25E8
2494
2333
21C4
2049
1EC3
1D34
1B9C
19FC
1856
16AA
14FB
1349
1196
0FE2
0E30
0C81
0AD5
092E
078D
05F4
0464
02DE
0164
FFF6
FE95
FD44
FC02
FAD1
F9B2
F8A6
F7AD
F6C8
F5F8
F53D
F499
F40B
F394
F334
F2EC
F2BC
F2A4
F2A3
F2BB
F2EB
F332
F390
F406
F492
F534
F5EC
F6BA
F79D
F893
F99B
FAB6
FBE2
FD1E
FE68
FFC1
0127
0298
0414
0599
0727
08BB
0A54
0BF2
0D93
0F35
10D7
1279
1418
15B3
1749
18D9
1A62
1BE2
1D57
1EC2
2021
2172
22B5
23E7
250A
261B
271A
2806
28DF
29A4
2A54
2AF0
2B76
2BE6
2C41
2C85
2CB4
2CCC
2CCF
2CBB
2C92
2C54
2C00
2B99
2B1D
2A8E
29EC
2938
2873
279E
26B9
25C5
24C4
23B6
229C
2177
2048
1F12
1DD3
1C8F
1B47
19FA
18AB
175B
160B
14BC
136F
1226
10E1
0FA2
0E6A
0D39
0C12
0AF4
09E1
08DA
07DF
06F1
0611
053F
047D
03CA
0327
0295
0213
01A3
0144
00F7
00BC
0092
007A
0072
007C
0095
00BF
00F8
0140
0196
01FA
026A
02E7
036F
0401
049C
0540
05EB
069C
0752
080C
08C8
0987
0A45
0B03
0BBE
0C76
0D2A
0DD8
0E7F
0F1D
0FB4
1040
10C1
1135
119C
11F4
123C
1275
129C
12B1
12B3
12A3
127E
1245
11F7
1193
111A
108C
0FE7
0F2D
0E5D
0D76
0C7B
0B69
0A43
0908
07B9
0657
04E1
0359
01C0
0017
FE5C
FC93
FABC
F8D9
F6EA
F4F1
F2F0
F0E7
EED8
ECC3
EAAC
E893
E679
E460
E249
E037
DE2A
DC23
DA26
D832
D649
D46D
D29F
D0E1
CF33
CD97
CC0F
CA9B
C93C
C7F4
C6C3
C5AB
C4AC
C3C7
C2FC
C24D
C1BA
C143
C0E8
C0AB
C08B
C089
C0A3
C0DC
C131
C1A3
C231
C2DC
C3A3
C484
C580
C696
C7C4
C90A
CA68
CBDB
CD63
CEFE
D0AC
D26B
D43A
D617
D801
D9F6
DBF5
DDFD
E00C
E221
E439
E654
E86F
EA8A
ECA2
EEB6
F0C5
F2CC
F4CB
F6C0
F8AA
FA87
FC55
FE14
FFC3
0160
02E9
045F
05C0
070C
0840
095E
0A64
0B51
0C25
0CE0
0D81
0E09
0E76
0EC9
0F03
0F23
0F2A
0F18
0EEE
0EAC
0E53
0DE3
0D5D
0CC2
0C13
0B51
0A7D
0997
08A2
079F
068D
0570
0448
0317
01DE
009E
FF59
FE11
FCC7
FB7C
FA33
F8EC
F7A9
F66C
F535
F407
F2E3
F1CA
F0BE
EFC0
EED1
EDF3
ED26
EC6C
EBC6
EB34
EAB8
EA52
EA04
E9CD
E9AF
E9A9
E9BD
E9EA
EA31
EA91
EB0C
EBA0
EC4E
ED16
EDF6
EEEF
F001
F129
F269
F3BF
F529
F6A7
F839
F9DC
FB91
FD55
FF27
0107
02F2
04E7
06E6
08EB
0AF6
0D06
0F18
112B
133D
154C
1758
195E
1B5D
1D53
1F3E
211D
22EF
24B1
2663
2803
298F
2B06
2C67
2DB0
2EE0
2FF5
30F1
31D0
3293
3339
33C0
3429
3473
349D
34A7
3490
345A
3402
338A
32F2
3239
3160
3068
2F50
2E1A
2CC6
2B55
29C7
281E
265B
247E
2289
207D
1E5B
1C25
19DC
1782
1517
129F
1019
0D89
0AEF
084E
05A7
02FB
004D
FD9E
FAF0
F845
F59E
F2FE
F065
EDD6
EB52
E8DA
E671
E417
E1CF
DF9A
DD78
DB6C
D977
D799
D5D4
D429
D299
D125
CFCE
CE95
CD7A
CC7D
CBA0
CAE3
CA46
C9C8
C96B
C92F
C912
C916
C93A
C97E
C9E1
CA63
CB03
CBC1
CC9B
CD93
CEA5
CFD3
D119
D279
D3F0
D57D
D720
D8D6
DA9F
DC79
DE64
E05D
E263
E474
E690
E8B5
EAE1
ED13
EF49
F183
F3BE
F5F9
F833
FA6A
FC9D
FECA
00F0
030F
0523
072D
092C
0B1D
0D00
0ED4
1098
124B
13EC
157A
16F5
185B
19AD
1AEA
1C10
1D21
1E1A
1EFD
1FC8
207B
2118
219C
2209
225F
229D
22C5
22D5
22CF
22B3
2281
223A
21DE
216E
20EA
2053
1FAA
1EF0
1E25
1D4A
1C5F
1B67
1A60
194D
182F
1705
15D2
1495
1351
1205
10B5
0F5F
0E04
0CA6
0B45
09E2
087D
0719
05B5
0452
02F1
0193
0039
FEE3
FD92
FC46
FB01
F9C2
F88B
F75C
F635
F516
F401
F2F5
F1F4
F0FC
F00F
EF2C
EE55
ED88
ECC7
EC11
EB67
EAC8
EA35
E9AC
E92F
E8BE
E857
E7FB
E7AA
E764
E728
E6F7
E6CF
E6B2
E69E
E694
E694
E69C
E6AD
E6C7
E6E9
E713
E746
E77F
E7C1
E809
E858
E8AE
E90B
E96D
E9D6
EA45
EAB8
EB31
EBB0
EC33
ECBC
ED49
EDDA
EE70
EF0B
EFA9
F04C
F0F2
F19C
F24A
F2FC
F3B0
F468
F524
F5E2
F6A4
F768
F82F
F8F9
F9C6
FA95
FB66
FC3A
FD10
FDE8
FEC2
FF9E
007C
015C
023D
031F
0403
04E7
05CC
06B1
0797
087C
0961
0A45
0B29
0C0B
0CEC
0DCB
0EA8
0F82
1059
112E
11FE
12CA
1392
1455
1513
15CB
167D
1728
17CC
1868
18FD
1989
1A0D
1A87
1AF8
1B5F
1BBB
1C0C
1C52
1C8C
1CBA
1CDC
1CF1
1CF9
1CF3
1CE1
1CC0
1C92
1C55
1C0A
1BB1
1B49
1AD3
1A4F
19BB
191A
186A
17AC
16E0
1607
151F
142B
1329
121B
1100
0FD8
0EA4
0D66
0C1D
0ACB
096F
080B
069F
052B
03B2
0232
00AD
FF24
FD98
FC09
FA78
F8E5
F753
F5C1
F431
F2A3
F118
EF92
EE10
EC94
EB1F
E9B1
E84B
E6EF
E59D
E455
E319
E1E9
E0C5
DFAF
DEA8
DDB0
DCC7
DBEE
DB26
DA6F
D9CA
D937
D8B6
D847
D7EC
D7A3
D76D
D74B
D73C
D741
D758
D783
D7C1
D811
D874
D8EA
D971
DA0A
DAB4
DB6E
DC39
DD13
DDFB
DEF4
DFFB
E10E
E22D
E357
E48C
E5CA
E711
E860
E9B6
EB12
EC73
EDD8
EF41
F0AC
F218
F385
F4F2
F65D
F7C6
F92C
FA8E
FBEB
FD43
FE94
FFDD
011F
0258
0387
04AC
05C7
06D5
07DA
08D1
09BC
0A99
0B68
0C29
0CDC
0D7F
0E14
0E99
0F10
0F77
0FCE
1017
1050
107A
1095
10A1
109F
108F
1071
1046
100E
0FC9
0F78
0F1D
0EB6
0E45
0DCB
0D47
0CBC
0C28
0B8E
0AEE
0A48
099E
08F1
0840
078D
06D9
0624
056F
04BB
0408
0358
02AA
0200
015A
00B9
001D
FF88
FEF8
FE70
FDEF
FD76
FD05
FC9D
FC3D
FBE7
FB9B
FB58
FB1F
FAF0
FACA
FAAF
FA9D
FA96
FA99
FAA5
FABC
FADB
FB04
FB36
FB71
FBB4
FBFF
FC52
FCAC
FD0C
FD72
FDDE
FE4F
FEC5
FF3F
FFBC
003B
00BD
0140
01C4
0249
02CD
034F
03D1
044F
04CB
0544
05B9
0629
0694
06F9
0757
07AF
0800
0849
088A
08C2
08F2
0918
0935
0949
0953
0952
0948
0934
0916
08EE
08BB
087F
0839
07E9
0790
072E
06C3
064F
05D3
054F
04C4
0432
039B
02FE
025C
01B5
0109
005A
FFA8
FEF3
FE3D
FD85
FCCD
FC15
FB5D
FAA8
F9F4
F943
F896
F7EC
F748
F6A8
F60F
F57C
F4F0
F46C
F3F0
F37C
F312
F2B1
F25A
F20D
F1CB
F193
F168
F147
F133
F12A
F12D
F13C
F157
F17E
F1B1
F1F0
F23A
F290
F2F1
F35E
F3D5
F457
F4E3
F578
F617
F6BF
F76F
F826
F8E5
F9AB
FA77
FB49
FC1F
FCFA
FDD8
FEB9
FF9C
0081
0165
0249
032C
040F
04EF
05CC
06A7
077D
084F
091B
09E2
0AA2
0B5B
0C0C
0CB6
0D56
0DEE
0E7C
0F00
0F7B
0FEA
104E
10A8
10F6
1138
116F
1199
11B8
11CB
11D2
11CD
11BC
119E
1175
1141
1101
10B7
1062
1002
0F99
0F25
0EA9
0E24
0D96
0D01
0C64
0BC0
0B16
0A66
09B0
08F6
0837
0775
06AF
05E8
051E
0452
0386
02BA
01ED
0122
0058
FF90
FECA
FE08
FD49
FC8E
FBD8
FB25
FA78
F9D0
F92D
F890
F7F9
F769
F6DF
F65C
F5E0
F56B
F4FD
F496
F436
F3DE
F38C
F342
F2FF
F2C3
F28E
F260
F237
F216
F1FA
F1E4
F1D4
F1C8
F1C2
F1C1
F1C4
F1CB
F1D5
F1E2
F1F2
F205
F219
F22F
F247
F25F
F278
F292
F2AB
F2C5
F2DD
F2F5
F30B
F320
F334
F345
F355
F362
F36E
F376
F37C
F380
F380
F37E
F379
F372
F367
F35A
F34B
F339
F324
F30D
F2F5
F2DA
F2BE
F2A0
F281
F261
F241
F220
F1FF
F1DE
F1BD
F19D
F17F
F161
F146
F12C
F115
F100
F0EE
F0E0
F0D5
F0CE
F0CC
F0CD
F0D4
F0DF
F0EF
F106
F123
F145
F16E
F19C
F1D1
F20C
F24D
F294
F2E2
F335
F38F
F3EE
F453
F4BE
F52E
F5A2
F61C
F69A
F71C
F7A1
F82A
F8B6
F944
F9D5
FA66
FAF9
FB8C
FC1F
FCB2
FD43
FDD3
FE61
FEEC
FF73
FFF6
0075
00EF
0163
01D1
0238
0299
02F1
0341
0389
03C8
03FD
0428
044A
0461
046D
046E
0464
044F
042E
0402
03CA
0387
0337
02DD
0277
0206
0189
0102
006F
FFD1
FF2A
FE79
FDBF
FCFC
FC31
FB5F
FA86
F9A7
F8C2
F7D8
F6EA
F5F9
F506
F410
F31A
F223
F12E
F03A
EF48
EE5A
ED70
EC8B
EBAD
EAD5
EA05
E93D
E87F
E7CC
E723
E686
E5F6
E573
E4FE
E497
E440
E3F8
E3C0
E399
E383
E37E
E38B
E3A9
E3D9
E41C
E470
E4D6
E54F
E5D9
E675
E723
E7E2
E8B1
E991
EA81
EB80
EC8E
EDAA
EED4
F00A
F14D
F29A
F3F2
F555
F6C0
F833
F9AC
FB2A
FCAD
FE34
FFBC
0146
02D0
0458
05DE
0761
08DF
0A58
0BCA
0D34
0E95
0FEC
1138
1278
13AB
14D0
15E7
16EE
17E5
18CA
199E
1A5F
1B0D
1BA8
1C2F
1CA1
1CFE
1D46
1D79
1D96
1D9E
1D91
1D6F
1D37
1CEB
1C8B
1C16
1B8D
1AF2
1A44
1983
18B2
17D0
16DF
15DE
14D0
13B5
128E
115C
1021
0EDD
0D91
0C3F
0AE8
098E
0830
06D1
0571
0412
02B5
015C
0008
FEB9
FD72
FC33
FAFE
F9D3
F8B3
F7A0
F69B
F5A4
F4BD
F3E6
F31F
F26A
F1C8
F137
F0BB
F051
EFFC
EFBB
EF8E
EF76
EF72
EF82
EFA8
EFE1
F02E
F08E
F102
F188
F221
F2CB
F385
F450
F529
F611
F706
F807
F913
FA29
FB48
FC6E
FD9B
FECD
0003
013C
0275
03AF
04E7
061C
074D
0878
099D
0AB9
0BCC
0CD3
0DCF
0EBE
0F9E
106E
112E
11DD
1278
1301
1374
13D3
141B
144E
1469
146C
1458
142C
13E7
138A
1314
1286
11DF
1121
104A
0F5D
0E58
0D3E
0C0D
0AC8
096F
0803
0685
04F6
0357
01A9
FFEE
FE26
FC55
FA7A
F897
F6AE
F4C1
F2CF
F0DD
EEEA
ECF8
EB0A
E921
E73E
E563
E392
E1CC
E013
DE69
DCCE
DB45
D9CE
D86C
D71F
D5E9
D4CB
D3C6
D2DB
D20B
D157
D0C0
D046
CFEB
CFAE
CF92
CF96
CFB9
CFFC
D060
D0E3
D186
D249
D32A
D42B
D549
D685
D7DE
D953
DAE2
DC8C
DE4E
E028
E218
E41D
E636
E861
EA9C
ECE6
EF3D
F19F
F40B
F67F
F8FA
FB78
FDF8
0079
02F9
0575
07EB
0A5B
0CC1
0F1C
116B
13AC
15DC
17FB
1A06
1BFC
1DDC
1FA3
2152
22E5
245D
25B8
26F6
2814
2912
29F0
2AAD
2B48
2BC1
2C18
2C4C
2C5D
2C4B
2C17
2BC0
2B46
2AAA
29EC
290D
280E
26F0
25B3
2459
22E3
2152
1FA7
1DE3
1C09
1A19
1815
15FF
13D8
11A2
0F5F
0D11
0AB9
085A
05F5
038C
0121
FEB6
FC4C
F9E7
F787
F52F
F2E0
F09C
EE65
EC3D
EA25
E81F
E62D
E44F
E287
E0D6
DF3F
DDC1
DC5E
DB17
D9ED
D8E0
D7F2
D723
D673
D5E3
D573
D523
D4F4
D4E6
D4F8
D52A
D57C
D5ED
D67D
D72B
D7F8
D8E1
D9E6
DB06
DC40
DD94
DF00
E082
E21A
E3C5
E583
E752
E930
EB1C
ED15
EF18
F124
F337
F550
F76E
F98D
FBAE
FDCD
FFEA
0203
0416
0621
0824
0A1D
0C0A
0DEA
0FBB
117D
132E
14CD
165A
17D2
1934
1A81
1BB7
1CD7
1DDE
1ECE
1FA5
2064
210A
2196
220A
2264
22A5
22CE
22DE
22D6
22B6
227F
2232
21CF
2157
20CA
202A
1F78
1EB4
1DE0
1CFC
1C0A
1B0B
19FF
18E9
17CA
16A1
1571
143B
1301
11C4
1084
0F44
0E05
0CC7
0B8D
0A56
0925
07FB
06D8
05BD
04AC
03A6
02AB
01BB
00D9
0004
FF3D
FE85
FDDC
FD43
FCB9
FC3F
FBD6
FB7D
FB34
FAFC
FAD4
FABB
FAB2
FAB8
FACC
FAF0
FB21
FB60
FBAB
FC02
FC65
FCD2
FD48
FDC8
FE4F
FEDD
FF71
000B
00A8
0148
01EA
028C
032F
03D0
046F
050B
05A2
0633
06BF
0742
07BE
0830
0898
08F5
0945
0989
09C0
09E9
0A04
0A10
0A0C
09F9
09D6
09A3
095F
090B
08A6
0831
07AB
0714
066E
05B8
04F2
041E
033B
024A
014C
0042
FF2B
FE0A
FCDF
FBAA
FA6D
F929
F7DF
F690
F53D
F3E8
F290
F139
EFE2
EE8D
ED3C
EBEE
EAA7
E966
E82E
E6FF
E5DA
E4C1
E3B4
E2B5
E1C6
E0E6
E016
DF59
DEAE
DE17
DD94
DD25
DCCD
DC8A
DC5E
DC49
DC4B
DC65
DC97
DCE3
DD47
DDC4
DE58
DF04
DFC7
E0A2
E194
E29C
E3BA
E4ED
E635
E790
E8FF
EA80
EC12
EDB4
EF66
F126
F2F3
F4CC
F6AF
F89D
FA92
FC8E
FE8F
0095
029E
04A8
06B2
08BB
0AC1
0CC4
0EC1
10B7
12A5
148A
1664
1832
19F3
1BA6
1D48
1EDB
205B
21C9
2323
2469
2599
26B4
27B7
28A3
2977
2A33
2AD5
2B5F
2BCF
2C25
2C62
2C84
2C8D
2C7D
2C53
2C0F
2BB3
2B3D
2AB0
2A0B
2950
287E
2797
269C
258C
246A
2336
21F1
209C
1F38
1DC6
1C48
1ABD
1929
178B
15E4
1437
1285
10CE
0F13
0D57
0B9A
09DD
0822
0669
04B5
0306
015D
FFBB
FE22
FC92
FB0C
F992
F824
F6C3
F56F
F42B
F2F5
F1CF
F0BA
EFB6
EEC4
EDE3
ED15
EC5A
EBB1
EB1C
EA9B
EA2C
E9D2
E98B
E957
E937
E92A
E930
E948
E973
E9B0
E9FF
EA5F
EACF
EB51
EBE2
EC82
ED30
EDEC
EEB4
EF89
F06A
F155
F24A
F349
F451
F560
F676
F793
F8B5
F9DC
FB07
FC36
FD67
FE9A
FFCF
0104
0239
036D
04A1
05D2
0701
082D
0956
0A7B
0B9C
0CB8
0DCF
0EE1
0FEE
10F4
11F4
12EE
13E1
14CE
15B3
1692
1769
1839
1902
19C4
1A7E
1B31
1BDD
1C82
1D20
1DB7
1E46
1ED0
1F52
1FCF
2045
20B5
211F
2184
21E3
223C
2291
22E2
232E
2376
23BA
23FA
2436
246E
24A4
24D5
2504
2530
2558
257E
25A1
25C1
25DE
25F9
2611
2626
2638
2647
2653
265C
2663
2665
2665
2661
2659
264D
263E
262A
2612
25F6
25D5
25AF
2584
2554
251E
24E3
24A1
245A
240C
23B8
235D
22FB
2292
2222
21AB
212D
20A7
2019
1F85
1EE8
1E44
1D98
1CE5
1C2A
1B67
1A9D
19CC
18F3
1814
172E
1640
154C
1452
1352
124C
1140
1030
0F1A
0E01
0CE3
0BC2
0A9D
0976
084D
0721
05F4
04C7
0398
026A
013C
000F
FEE4
FDBA
FC93
FB6F
FA4F
F932
F819
F706
F5F7
F4EF
F3EC
F2F0
F1FB
F10D
F026
EF48
EE72
EDA4
ECDF
EC23
EB71
EAC7
EA28
E992
E906
E884
E80C
E79E
E73A
E6E0
E690
E64A
E60E
E5DB
E5B2
E592
E57B
E56D
E567
E56A
E575
E587
E5A1
E5C2
E5EA
E618
E64C
E686
E6C4
E707
E74E
E799
E7E6
E837
E88A
E8DF
E935
E98D
E9E5
EA3E
EA97
EAEF
EB47
EB9E
EBF3
EC47
EC99
ECE9
ED36
ED81
EDC9
EE0E
EE50
EE8F
EECA
EF02
EF37
EF68
EF96
EFC1
EFE8
F00C
F02D
F04A
F065
F07D
F092
F0A5
F0B5
F0C4
F0D0
F0DB
F0E5
F0EE
F0F6
F0FE
F105
F10D
F115
F11E
F128
F133
F140
F14F
F161
F175
F18C
F1A7
F1C4
F1E5
F20A
F234
F262
F295
F2CE
F30B
F34D
F394
F3E1
F434
F48B
F4E8
F54B
F5B2
F61F
F691
F707
F782
F802
F886
F90E
F999
FA28
FABA
FB4E
FBE5
FC7D
FD17
FDB2
FE4E
FEE9
FF85
001F
00B8
0150
01E4
0276
0305
038F
0415
0496
0511
0586
05F5
065C
06BC
0714
0763
07AA
07E7
081A
0843
0862
0876
0880
087D
086F
0856
0830
07FF
07C1
0777
0721
06BF
0651
05D7
0550
04BE
041F
0375
02C0
01FF
0134
005E
FF7F
FE95
FDA3
FCA8
FBA4
FA99
F987
F86F
F750
F62C
F504
F3D8
F2A8
F176
F043
EF0E
EDD8
ECA4
EB70
EA3E
E90F
E7E3
E6BB
E598
E47A
E363
E253
E14A
E049
DF51
DE63
DD7E
DCA4
DBD5
DB11
DA5A
D9AF
D910
D87F
D7FB
D785
D71D
D6C3
D678
D63B
D60D
D5ED
D5DC
D5DB
D5E7
D603
D62D
D665
D6AB
D6FF
D761
D7D0
D84D
D8D7
D96D
DA10
DABE
DB77
DC3C
DD0A
DDE2
DEC4
DFAE
E0A0
E19A
E29A
E3A1
E4AD
E5BF
E6D5
E7EF
E90B
EA2B
EB4C
EC6F
ED92
EEB6
EFD9
F0FB
F21A
F338
F453
F56A
F67F
F78F
F89B
F9A2
FAA4
FBA0
FC96
FD86
FE6F
FF52
002D
0101
01CD
0291
034E
0402
04AF
0553
05EF
0682
070E
0791
080B
087E
08E9
094B
09A6
09F9
0A45
0A89
0AC7
0AFD
0B2D
0B57
0B7A
0B98
0BB0
0BC2
0BD0
0BD8
0BDC
0BDB
0BD6
0BCE
0BC1
0BB2
0B9E
0B88
0B70
0B54
0B37
0B17
0AF5
0AD1
0AAB
0A84
0A5C
0A32
0A07
09DA
09AD
097F
0951
0921
08F0
08BE
088C
0858
0824
07EE
07B8
0780
0748
070E
06D3
0697
0659
061A
05D9
0597
0553
050D
04C5
047B
042F
03E1
0391
033E
02E9
0291
0237
01DA
017B
011A
00B5
004E
FFE4
FF77
FF08
FE96
FE21
FDA9
FD2F
FCB3
FC34
FBB4
FB31
FAAC
FA26
F99E
F915
F88B
F801
F775
F6E9
F65D
F5D2
F546
F4BC
F432
F3AA
F323
F29E
F21B
F19C
F11F
F0A5
F02E
EFBB
EF4C
EEE1
EE7A
EE18
EDBB
ED63
ED11
ECC4
EC7D
EC3C
EC01
EBCD
EB9E
EB77
EB56
EB3C
EB28
EB1C
EB16
EB18
EB20
EB2F
EB44
EB61
EB83
EBAD
EBDC
EC11
EC4D
EC8E
ECD4
ED20
ED70
EDC5
EE1E
EE7B
EEDC
EF40
EFA8
F012
F07E
F0EC
F15C
F1CC
F23E
F2B0
F322
F394
F405
F474
F4E3
F54F
F5B9
F620
F684
F6E5
F742
F79B
F7F0
F83F
F888
F8CD
F90C
F945
F978
F9A5
F9CB
F9EC
FA06
FA19
FA26
FA2D
FA2C
FA26
FA18
FA05
F9EB
F9CB
F9A5
F979
F948
F911
F8D5
F894
F84F
F805
F7B8
F767
F713
F6BB
F662
F605
F5A6
F546
F4E5
F484
F422
F3C1
F361
F301
F2A3
F247
F1EE
F197
F143
F0F2
F0A6
F05E
F01A
EFDB
EFA1
EF6D
EF3E
EF15
EEF2
EED6
EEC0
EEB1
EEA9
EEA7
EEAD
EEB9
EECD
EEE9
EF0C
EF37
EF68
EFA0
EFDE
F024
F06F
F0C0
F117
F174
F1D6
F23C
F2A8
F317
F38B
F401
F47B
F4F8
F577
F5F7
F679
F6FC
F77F
F802
F885
F907
F987
FA06
FA82
FAFB
FB71
FBE6
FC57
FCC3
FD2B
FD8D
FDEA
FE41
FE91
FEDB
FF1E
FF5B
FF8F
FFBD
FFE3
0001
0017
0026
002C
002B
0021
0010
FFF7
FFD6
FFAD
FF7D
FF46
FF08
FEC3
FE77
FE25
FDCD
FD6F
FD0D
FCA5
FC39
FBC9
FB55
FADD
FA63
F9E7
F969
F8EA
F86A
F7E9
F769
F6E9
F66B
F5EF
F575
F4FE
F48A
F419
F3AE
F346
F2E4
F288
F232
F1E2
F198
F156
F11C
F0E9
F0BE
F09B
F07F
F06C
F062
F061
F068
F079
F092
F0B5
F0E0
F115
F152
F198
F1E6
F23D
F29B
F302
F370
F3E5
F461
F4E4
F56C
F5FA
F68E
F726
F7C3
F863
F907
F9AE
FA56
FB01
FBAD
FC59
FD04
FDAF
FE59
FF01
FFA7
004A
00EA
0186
021E
02B1
033F
03C8
044A
04C6
053B
05A9
060F
066D
06C3
0711
0756
0793
07C6
07F1
0812
082A
083A
0840
083D
0831
081C
07FF
07D8
07A9
0772
0733
06ED
06A0
064D
05F4
0595
0531
04C8
045B
03EB
0379
0303
028D
0215
019D
0125
00AE
0039
FFC7
FF57
FEEB
FE83
FE20
FDC3
FD6C
FD1C
FCD4
FC93
FC5C
FC2D
FC07
FBEB
FBDA
FBD4
FBDA
FBEB
FC08
FC31
FC67
FCAA
FCFA
FD57
FDC1
FE39
FEBE
FF50
FFEF
009B
0155
021B
02ED
03CC
04B6
05AC
06AD
07B9
08CE
09ED
0B15
0C45
0D7D
0EBC
1001
114C
129B
13EE
1544
169C
17F5
194F
1AA8
1C00
1D55
1EA7
1FF5
213E
2280
23BC
24F0
261B
273C
2853
295F
2A5E
2B50
2C34
2D0A
2DD1
2E87
2F2D
2FC2
3045
30B5
3114
315F
3197
31BA
31C9
31C3
31A8
3178
3133
30D9
3068
2FE3
2F48
2E98
2DD3
2CF9
2C0A
2B07
29F0
28C6
2788
2638
24D6
2363
21DF
204B
1EA8
1CF6
1B37
196A
1792
15AE
13C2
11CD
0FD0
0DCB
0BC0
09B0
079C
0585
036B
0151
FF37
FD1D
FB06
F8F3
F6E3
F4D9
F2D5
F0D8
EEE3
ECF8
EB17
E941
E776
E5B9
E409
E268
E0D5
DF53
DDE1
DC81
DB32
D9F5
D8CD
D7B8
D6B7
D5CA
D4F1
D42E
D37F
D2E6
D262
D1F4
D19C
D159
D12B
D114
D111
D124
D14C
D188
D1D9
D23E
D2B7
D343
D3E2
D493
D556
D62A
D70F
D804
D909
DA1C
DB3D
DC6B
DDA6
DEED
E03E
E199
E2FE
E46C
E5E1
E75E
E8E0
EA68
EBF4
ED84
EF17
F0AC
F242
F3D9
F570
F705
F899
FA2A
FBB8
FD43
FEC9
0049
01C4
0339
04A6
060D
076B
08C1
0A0E
0B51
0C8B
0DBA
0EDE
0FF8
1107
120A
1302
13EF
14D0
15A5
166F
172C
17DE
1884
191F
19AD
1A31
1AA9
1B16
1B77
1BCF
1C1C
1C5E
1C97
1CC6
1CEC
1D0A
1D1F
1D2B
1D30
1D2E
1D25
1D16
1D01
1CE6
1CC6
1CA2
1C79
1C4C
1C1C
1BEA
1BB4
1B7D
1B44
1B0A
1ACF
1A94
1A59
1A1F
19E5
19AC
1975
1940
190D
18DD
18AF
1885
185E
183A
181A
17FD
17E5
17D1
17C2
17B7
17B1
17B0
17B3
17BB
17C7
17D9
17EE
1808
1827
1849
1870
189B
18CA
18FC
1931
196A
19A6
19E4
1A25
1A68
1AAD
1AF4
1B3C
1B85
1BCF
1C18
1C62
1CAC
1CF5
1D3D
1D84
1DC9
1E0D
1E4E
1E8C
1EC8
1F00
1F35
1F65
1F92
1FBA
1FDD
1FFC
2014
2027
2035
203C
203D
2037
202B
2017
1FFD
1FDB
1FB1
1F81
1F48
1F08
1EC0
1E70
1E18
1DB8
1D51
1CE1
1C6A
1BEA
1B63
1AD5
1A3E
19A0
18FB
184E
179A
16DF
161D
1554
1485
13AF
12D4
11F3
110C
101F
0F2E
0E38
0D3D
0C3E
0B3A
0A34
0929
081C
070B
05F9
04E4
03CD
02B4
019A
007F
FF64
FE49
FD2D
FC12
FAF7
F9DD
F8C5
F7AD
F698
F584
F473
F364
F258
F14E
F048
EF45
EE46
ED4B
EC54
EB60
EA72
E987
E8A2
E7C1
E6E5
E60F
E53E
E472
E3AC
E2EB
E231
E17B
E0CB
E022
DF7E
DEE2
DE4B
DDBC
DD33
DCB0
DC35
DBC0
DB52
DAEB
DA8B
DA32
D9DF
D994
D950
D912
D8DC
D8AD
D884
D863
D849
D836
D82A
D825
D827
D830
D841
D858
D877
D89C
D8C8
D8FB
D936
D978
D9C1
DA11
DA68
DAC7
DB2D
DB9A
DC0E
DC8A
DD0C
DD96
DE27
DEBF
DF5E
E004
E0B0
E164
E21E
E2DF
E3A7
E475
E54A
E625
E706
E7EE
E8DB
E9CE
EAC7
EBC7
ECCC
EDD6
EEE5
EFF8
F110
F22C
F34C
F470
F596
F6C0
F7ED
F91C
FA4E
FB81
FCB5
FDEB
FF22
0059
0190
02C6
03FC
0531
0664
0795
08C4
09F0
0B19
0C3E
0D5F
0E7B
0F92
10A6
11B4
12BB
13BB
14B5
15A6
1690
1771
1849
1918
19DD
1A98
1B48
1BEE
1C89
1D18
1D9B
1E13
1E7F
1EDE
1F30
1F75
1FAE
1FD9
1FF8
2008
200C
2002
1FEA
1FC5
1F93
1F53
1F07
1EAE
1E47
1DD5
1D55
1CC9
1C32
1B8E
1AE0
1A26
1961
1892
17B9
16D6
15EB
14F6
13FA
12F6
11EA
10D8
0FC0
0EA2
0D80
0C59
0B2E
0A00
08D0
079E
066A
0536
0402
02CF
019D
006D
FF40
FE17
FCF1
FBD0
FAB3
F99D
F88C
F783
F680
F585
F493
F3A9
F2C7
F1F0
F121
F05D
EFA3
EEF4
EE50
EDB6
ED28
ECA5
EC2E
EBC2
EB62
EB0D
EAC4
EA87
EA55
EA2F
EA14
EA04
E9FF
EA04
EA15
EA2F
EA54
EA82
EABA
EAFA
EB43
EB94
EBEC
EC4C
ECB2
ED1E
ED90
EE07
EE82
EF02
EF85
F00B
F093
F11C
F1A7
F233
F2BE
F349
F3D3
F45C
F4E2
F565
F5E4
F65F
F6D5
F748
F7B5
F81D
F87F
F8DB
F930
F97F
F9C7
FA07
FA40
FA72
FA9B
FABD
FAD6
FAE8
FAF1
FAF2
FAEB
FADC
FAC4
FAA5
FA7F
FA51
FA1B
F9DF
F99B
F952
F902
F8AC
F84F
F7ED
F787
F71C
F6AD
F63B
F5C7
F54F
F4D6
F45C
F3E0
F365
F2E9
F26E
F1F4
F17B
F105
F091
F021
EFB3
EF4A
EEE6
EE86
EE2C
EDD7
ED88
ED40
ECFF
ECC4
EC91
EC66
EC42
EC27
EC15
EC0A
EC09
EC10
EC1F
EC38
EC59
EC83
ECB5
ECF0
ED34
ED7F
EDD3
EE2E
EE91
EEFB
EF6C
EFE4
F062
F0E5
F16F
F1FD
F290
F327
F3C2
F460
F500
F5A3
F648
F6ED
F793
F83B
F8E2
F988
FA2D
FACF
FB6F
FC0B
FCA4
FD38
FDC8
FE52
FED7
FF55
FFCD
003E
00A8
0109
0163
01B5
01FD
023D
0274
02A2
02C6
02E0
02F1
02F8
02F5
02E8
02D1
02B1
0287
0256
021C
01D9
018C
0137
00D9
0072
0004
FF8E
FF11
FE8D
FE02
FD71
FCDA
FC3E
FB9D
FAF8
FA4F
F9A2
F8F2
F840
F78B
F6D5
F61F
F567
F4B0
F3F9
F343
F28E
F1DB
F12B
F07D
EFD5
EF30
EE90
EDF4
ED5C
ECCA
EC3C
EBB5
EB32
EAB6
EA40
E9D0
E966
E903
E8A6
E850
E800
E7B6
E773
E736
E700
E6CF
E6A4
E67F
E65F
E645
E62F
E61E
E612
E60A
E605
E604
E607
E60D
E615
E61F
E62C
E639
E647
E656
E665
E674
E682
E68F
E69A
E6A4
E6AB
E6B0
E6B2
E6B1
E6AD
E6A4
E698
E687
E672
E659
E63A
E617
E5EF
E5C2
E58F
E558
E51B
E4DA
E494
E44A
E3FB
E3A8
E351
E2F6
E298
E236
E1D2
E16B
E102
E097
E02B
DFBE
DF50
DEE3
DE76
DE0A
DD9F
DD37
DCD1
DC6E
DC0F
DBB4
DB5E
DB0D
DAC3
DA7E
DA41
DA0C
D9DE
D9BA
D9A0
D990
D98B
D990
D9A1
D9BC
D9E4
DA18
DA59
DAA6
DB01
DB68
DBDD
DC60
DCF0
DD8D
DE39
DEF1
DFB8
E08B
E16C
E259
E353
E45A
E56D
E68B
E7B5
E8E9
EA28
EB71
ECC3
EE1E
EF82
F0EE
F260
F3D8
F556
F6D9
F85F
F9E8
FB74
FD00
FE8E
001B
01A7
0331
04B9
063C
07BC
0936
0AA9
0C16
0D7B
0ED8
102C
1175
12B4
13E7
150E
1628
1735
1834
1924
1A06
1AD7
1B99
1C4A
1CEB
1D7A
1DF8
1E65
1EC0
1F09
1F41
1F66
1F7A
1F7C
1F6C
1F4B
1F19
1ED6
1E81
1E1D
1DA9
1D25
1C91
1BF0
1B40
1A82
19B8
18E1
17FF
1711
1619
1518
140D
12FA
11E0
10BF
0F98
0E6B
0D3B
0C06
0ACF
0995
085A
071E
05E2
04A7
036D
0236
0101
FFCF
FEA1
FD78
FC54
FB35
FA1C
F90A
F7FE
F6FA
F5FD
F508
F41B
F336
F25A
F187
F0BC
EFFB
EF42
EE93
EDEC
ED4E
ECB8
EC2A
EBA5
EB28
EAB2
EA43
E9DB
E97A
E91F
E8CA
E87B
E830
E7EA
E7A8
E769
E72E
E6F5
E6BE
E689
E654
E621
E5ED
E5B8
E583
E54C
E513
E4D7
E498
E456
E411
E3C6
E378
E324
E2CC
E26E
E20A
E1A0
E130
E0BA
E03E
DFBB
DF32
DEA2
DE0C
DD70
DCCE
DC25
DB77
DAC3
DA0A
D94B
D888
D7C1
D6F5
D626
D554
D47F
D3A8
D2CF
D1F4
D118
D03C
CF60
CE86
CDAD
CCD6
CC02
CB32
CA65
C99D
C8DA
C81E
C767
C6B7
C60F
C56F
C4D8
C449
C3C4
C349
C2D9
C273
C218
C1C9
C185
C14E
C122
C103
C0F0
C0EA
C0F0
C104
C124
C150
C189
C1CE
C21F
C27B
C2E3
C355
C3D3
C45A
C4EC
C586
C62A
C6D5
C788
C842
C903
C9C9
CA94
CB63
CC35
CD0B
CDE2
CEBA
CF93
D06C
D143
D218
D2EB
D3BA
D484
D54B
D60C
D6C6
D779
D823
D8C5
D95E
D9ED
DA71
DAEB
DB59
DBBB
DC11
DC5A
DC96
DCC4
DCE6
DCF9
DCFF
DCF7
DCE1
DCBE
DC8C
DC4E
DC01
DBA8
DB42
DACF
DA51
D9C6
D931
D891
D7E8
D735
D67A
D5B7
D4ED
D41C
D346
D26A
D18B
D0AA
CFC6
CEE1
CDFC
CD18
CC36
CB57
CA7B
C9A5
C8D5
C80C
C74B
C692
C5E4
C540
C4A8
C41D
C39F
C32F
C2CF
C27E
C23E
C20F
C1F3
C1E8
C1F0
C20C
C23B
C27D
C2D4
C340
C3C0
C455
C4FE
C5BD
C690
C777
C873
C983
CAA7
CBDF
CD29
CE86
CFF4
D174
D304
D4A5
D654
D812
D9DD
DBB5
DD98
DF85
E17C
E37B
E581
E78D
E99E
EBB2
EDC9
EFE0
F1F8
F40F
F624
F834
FA40
FC46
FE45
003C
0229
040C
05E3
07AD
096A
0B18
0CB6
0E44
0FC1
112B
1283
13C7
14F7
1612
1718
1808
18E2
19A5
1A50
1AE5
1B62
1BC8
1C16
1C4E
1C6F
1C78
1C6C
1C49
1C10
1BC2
1B5E
1AE7
1A5B
19BD
190C
184A
1777
1694
15A1
14A1
1394
127B
1157
1028
0EF1
0DB3
0C6D
0B23
09D4
0882
072E
05DA
0486
0334
01E5
009A
FF54
FE14
FCDB
FBAA
FA83
F966
F853
F74D
F653
F567
F489
F3B9
F2FA
F24A
F1AB
F11D
F0A0
F035
EFDD
EF96
EF62
EF40
EF31
EF35
EF4B
EF74
EFB1
F000
F060
F0D2
F155
F1E8
F28C
F33F
F400
F4D0
F5AD
F697
F78D
F88E
F999
FAAE
FBCB
FCF0
FE1B
FF4C
0082
01BC
02F8
0437
0576
06B5
07F3
092F
0A68
0B9C
0CCD
0DF7
0F1C
1039
114E
125A
135B
1453
153F
161E
16F2
17B8
1871
191B
19B7
1A45
1AC3
1B31
1B90
1BDF
1C1E
1C4D
1C6B
1C7A
1C79
1C68
1C47
1C16
1BD7
1B88
1B2B
1AC0
1A47
19C0
192E
188F
17E4
172E
166D
15A2
14CE
13F1
130C
121F
112C
1034
0F36
0E34
0D2E
0C25
0B1B
0A0F
0903
07F7
06EB
05E2
04DB
03D6
02D6
01DA
00E2
FFF0
FF05
FE1F
FD41
FC6B
FB9D
FAD7
FA1A
F966
F8BB
F819
F781
F6F2
F66E
F5F3
F583
F51D
F4C2
F471
F42A
F3ED
F3BB
F393
F374
F360
F354
F353
F35A
F36B
F383
F3A5
F3CE
F3FE
F437
F475
F4BB
F507
F558
F5AF
F60A
F66A
F6CE
F736
F7A1
F80E
F87F
F8F1
F965
F9DB
FA52
FAC9
FB42
FBBB
FC34
FCAD
FD25
FD9D
FE15
FE8C
FF02
FF77
FFEB
005D
00CF
0140
01AF
021D
028B
02F7
0363
03CE
0437
04A1
0509
0571
05D9
0640
06A8
0710
0778
07E0
084A
08B4
0920
098C
09FB
0A6B
0ADE
0B52
0BC9
0C42
0CBE
0D3D
0DBE
0E43
0ECB
0F56
0FE4
1075
110A
11A2
123F
12DF
1383
1429
14D1
157D
162A
16DA
178C
183F
18F4
19AA
1A60
1B17
1BCE
1C85
1D3B
1DF0
1EA3
1F54
2002
20AE
2156
21FA
2299
2334
23C8
2457
24DE
255F
25D7
2647
26AF
270D
2761
27AA
27E9
281B
2842
285C
2869
2869
285B
283F
2814
27DB
2794
273C
26D6
2660
25DB
2545
24A0
23EC
2327
2253
216F
207C
1F79
1E68
1D48
1C19
1ADC
1991
1836
16CF
155B
13DB
124F
10B9
0F18
0D6E
0BBB
0A00
083D
0674
04A5
02D0
00F8
FF1C
FD3D
FB5D
F97C
F79B
F5BA
F3DC
F200
F028
EE54
EC85
EABD
E8FB
E741
E590
E3E9
E24B
E0B7
DF2F
DDB2
DC43
DAE2
D98E
D84A
D715
D5EF
D4DB
D3D7
D2E4
D203
D133
D076
CFCC
CF33
CEAE
CE3C
CDDC
CD90
CD56
CD2F
CD1B
CD19
CD2A
CD4D
CD82
CDC8
CE1F
CE87
CF00
CF88
D020
D0C6
D17B
D23D
D30C
D3E8
D4CF
D5C2
D6C0
D7C7
D8D7
D9F0
DB10
DC38
DD66
DE99
DFD2
E10F
E24F
E392
E4D8
E61F
E766
E8AE
E9F6
EB3C
EC81
EDC4
EF04
F041
F17B
F2AF
F3DF
F509
F62F
F74E
F868
F97B
FA88
FB8E
FC8D
FD85
FE76
FF5F
0042
011C
01EF
02BB
0380
043D
04F3
05A2
064B
06EC
0788
081D
08AC
0936
09BA
0A39
0AB3
0B29
0B9B
0C08
0C73
0CDA
0D3F
0DA2
0E02
0E61
0EBF
0F1C
0F78
0FD4
1030
108D
10EA
1147
11A6
1205
1267
12C9
132E
1394
13FC
1466
14D2
1540
15B0
1622
1696
170C
1784
17FD
1878
18F5
1974
19F4
1A74
1AF5
1B76
1BF7
1C77
1CF7
1D75
1DF2
1E6C
1EE5
1F5A
1FCD
203B
20A6
210C
216D
21C9
221E
226D
22B6
22F7
2331
2363
238C
23AD
23C4
23D2
23D6
23D0
23C1
23A7
2382
2352
2317
22D1
227F
2222
21B9
2145
20C5
203A
1FA3
1F01
1E54
1D9B
1CD9
1C0C
1B34
1A53
1969
1876
177A
1676
156B
1458
1340
1221
10FD
0FD5
0EA8
0D79
0C47
0B14
09DF
08AA
0776
0642
0511
03E3
02B8
0191
0070
FF54
FE3F
FD31
FC2C
FB2F
FA3B
F952
F874
F7A1
F6DB
F621
F574
F4D5
F445
F3C3
F351
F2EE
F29B
F259
F227
F206
F1F7
F1F9
F20C
F231
F267
F2AF
F309
F374
F3F0
F47D
F51B
F5CA
F689
F758
F836
F923
FA1F
FB28
FC3F
FD63
FE93
FFCF
0115
0266
03C0
0523
068D
07FF
0976
0AF4
0C75
0DFB
0F83
110C
1297
1423
15AE
1738
18BF
1A44
1BC5
1D41
1EB8
2028
2192
22F4
244D
259D
26E3
281F
2950
2A75
2B8F
2C9B
2D9A
2E8C
2F70
3046
310D
31C5
326E
3308
3393
340E
347A
34D5
3522
355F
358D
35AC
35BD
35BE
35B2
3597
356F
3539
34F6
34A7
344C
33E6
3374
32F7
3271
31E1
3149
30A8
2FFF
2F4F
2E99
2DDD
2D1C
2C56
2B8D
2AC0
29F0
291E
284C
2779
26A6
25D3
2501
2430
2361
2294
21CA
2103
2040
1F81
1EC6
1E10
1D60
1CB4
1C0E
1B6E
1AD4
1A40
19B2
192A
18A9
182E
17B9
174B
16E2
1680
1624
15CD
157C
1530
14EB
14AA
146D
1433
13FE
13CB
139C
136F
1343
1319
12F1
12C9
12A1
1279
1250
1226
11FA
11CD
119D
116A
1134
10FA
10BB
1079
1031
0FE5
0F92
0F3A
0EDB
0E76
0E0B
0D98
0D1E
0C9C
0C13
0B82
0AE9
0A48
09A0
08EF
0837
0777
06AF
05E0
0509
042C
0347
025B
0169
0071
FF73
FE70
FD68
FC5B
FB4A
FA35
F91D
F802
F6E5
F5C6
F4A6
F385
F264
F143
F023
EF05
EDE8
ECCF
EBB9
EAA6
E998
E88F
E78C
E68E
E598
E4A8
E3C0
E2E0
E208
E139
E074
DFB8
DF07
DE5F
DDC3
DD31
DCAA
DC2F
DBBF
DB5B
DB03
DAB7
DA77
DA42
DA1A
D9FD
D9EB
D9E4
D9E9
D9FA
DA16
DA3C
DA6D
DAA9
DAEF
DB3F
DB98
DBFA
DC64
DCD7
DD51
DDD3
DE5B
DEEA
DF7E
E018
E0B6
E158
E1FE
E2A7
E352
E3FF
E4AD
E55C
E60C
E6BB
E769
E815
E8BE
E963
EA06
EAA5
EB41
EBD8
EC6A
ECF8
ED80
EE02
EE7E
EEF4
EF63
EFCC
F02D
F087
F0DA
F126
F16A
F1A6
F1DB
F209
F22F
F24D
F264
F274
F27D
F27E
F279
F26E
F25C
F245
F227
F203
F1DA
F1AD
F17B
F145
F10C
F0D0
F090
F04E
F00A
EFC5
EF7E
EF37
EEEF
EEA7
EE60
EE19
EDD4
ED90
ED4F
ED10
ECD3
EC9A
EC63
EC31
EC03
EBD8
EBB3
EB92
EB76
EB5F
EB4F
EB45
EB40
EB41
EB48
EB55
EB67
EB7F
EB9D
EBC1
EBEA
EC18
EC4B
EC84
ECC2
ED04
ED4A
ED95
EDE4
EE36
EE8C
EEE4
EF40
EF9D
EFFD
F05E
F0C1
F124
F188
F1EC
F250
F2B3
F317
F379
F3DA
F439
F495
F4F0
F547
F59C
F5ED
F63A
F683
F6C8
F709
F745
F77D
F7AF
F7DC
F805
F828
F845
F85E
F871
F87E
F887
F88A
F888
F881
F876
F865
F851
F838
F81B
F7F8
F7D3
F7AA
F77E
F751
F721
F6F0
F6BE
F68B
F658
F625
F5F3
F5C2
F592
F564
F538
F510
F4EA
F4C8
F4AB
F492
F47D
F46E
F465
F462
F465
F46F
F480
F498
F4B8
F4E0
F50F
F544
F582
F5C8
F616
F66E
F6CD
F736
F7A7
F821
F8A4
F92F
F9C2
FA5E
FB01
FBAC
FC5E
FD18
FDD8
FE9E
FF6B
003D
0115
01F1
02D1
03B4
049B
0585
0670
075D
084B
0939
0A27
0B11
0BFA
0CE1
0DC4
0EA5
0F81
1058
112A
11F6
12BC
137B
1433
14E3
158A
1629
16BE
174A
17CC
1844
18B0
1913
196A
19B5
19F6
1A2A
1A53
1A71
1A83
1A89
1A83
1A72
1A56
1A2D
19FA
19BB
1973
1920
18C4
185F
17F1
177B
16FD
1678
15ED
155C
14C6
142C
138D
12EC
1248
11A2
10FC
1055
0FAF
0F0B
0E68
0DC9
0D2D
0C96
0C03
0B77
0AF1
0A73
09FD
098F
092B
08D0
0880
083B
0801
07D3
07B1
079C
0795
079A
07AE
07CF
07FE
083B
0887
08E1
0949
09C0
0A44
0AD6
0B76
0C23
0CDE
0DA4
0E77
0F56
1040
1134
1232
133A
144A
1563
1682
17A8
18D2
1A01
1B34
1C69
1D9F
1ED6
200C
2141
2274
23A3
24CD
25F2
2710
2827
2935
2A3A
2B34
2C22
2D04
2DD8
2E9E
2F55
2FFC
3092
3117
3189
31E8
3233
326A
328C
3298
328E
326F
3238
31EA
3186
3109
3076
2FCB
2F08
2E2E
2D3C
2C34
2B15
29DF
2893
2732
25BB
2430
2291
20DF
1F1A
1D43
1B5B
1964
175D
1548
1326
10F7
0EBE
0C7A
0A2E
07DA
057F
031F
00BB
FE54
FBEB
F981
F718
F4B2
F24E
EFEF
ED95
EB42
E8F7
E6B5
E47E
E252
E032
DE21
DC1D
DA2A
D847
D675
D4B6
D30A
D173
CFEF
CE82
CD2A
CBE9
CABF
C9AE
C8B5
C7D4
C70C
C65D
C5C7
C54A
C4E7
C49D
C46C
C454
C456
C470
C4A3
C4EE
C551
C5CC
C65E
C706
C7C4
C898
C981
CA7E
CB8E
CCB1
CDE6
CF2D
D083
D1EA
D35F
D4E2
D672
D80E
D9B5
DB67
DD22
DEE6
E0B1
E282
E45A
E636
E816
E9F9
EBDF
EDC5
EFAD
F194
F37B
F55F
F742
F921
FAFD
FCD4
FEA6
0072
0239
03F9
05B2
0764
090D
0AAF
0C47
0DD7
0F5E
10DA
124D
13B5
1514
1668
17B3
18F3
1A29
1B55
1C77
1D8F
1E9D
1FA1
209C
218D
2275
2355
242B
24F9
25BF
267C
2732
27E1
2888
2929
29C2
2A56
2AE3
2B6B
2BED
2C69
2CE1
2D52
2DBE
2E26
2E89
2EE8
2F43
2F9A
2FEE
303E
308B
30D4
311B
315E
319E
31DB
3216
324D
3282
32B3
32E2
330D
3336
335B
337D
339C
33B8
33CF
33E3
33F3
33FF
3407
340B
3408
3401
33F4
33E3
33CC
33AF
338D
3365
3337
3302
32C8
3287
323F
31F1
319C
3140
30DD
3073
3002
2F8A
2F0C
2E86
2DF9
2D66
2CCC
2C2B
2B84
2AD6
2A22
2969
28AA
27E5
271B
264D
2579
24A2
23C7
22E9
2208
2124
203E
1F56
1E6C
1D82
1C97
1BAC
1AC2
19D8
18F0
1809
1725
1644
1565
148B
13B4
12E3
1216
114F
108D
0FD2
0F1E
0E70
0DCA
0D2C
0C97
0C0B
0B87
0B0D
0A9C
0A34
09D6
0982
0939
08F9
08C4
0898
0877
0861
0854
0852
0859
086B
0885
08AA
08D7
090E
094D
0995
09E4
0A3B
0A99
0AFE
0B69
0BDA
0C50
0CCB
0D4A
0DCC
0E52
0EDA
0F65
0FF1
107E
110C
1199
1225
12B1
133A
13C0
1444
14C4
153F
15B6
1627
1693
16F8
1757
17AE
17FD
1844
1883
18B9
18E5
1908
1921
192F
1934
192D
191A
18FC
18D2
189E
185E
1814
17BF
175E
16F3
167D
15FD
1572
14DD
143E
1396
12E4
122A
1167
109C
0FC9
0EEF
0E0E
0D27
0C3A
0B47
0A50
0955
0856
0755
0650
054B
0444
033B
0233
012C
0026
FF22
FE21
FD23
FC29
FB34
FA44
F959
F875
F797
F6C1
F5F3
F52E
F471
F3BE
F315
F276
F1E2
F159
F0DB
F06A
F004
EFAB
EF5E
EF1E
EEEB
EEC6
EEAE
EEA3
EEA8
EEBA
EEDA
EF07
EF42
EF8A
EFDF
F042
F0B1
F12E
F1B7
F24D
F2F0
F39E
F458
F51E
F5EF
F6CC
F7B2
F8A3
F99E
FAA3
FBB1
FCC7
FDE6
FF0D
003B
0170
02AC
03EE
0536
0683
07D6
092D
0A88
0BE6
0D47
0EAB
1010
1176
12DE
1446
15AE
1716
187D
19E3
1B48
1CAA
1E0A
1F68
20C2
2219
236D
24BC
2606
274C
288D
29C9
2AFF
2C2F
2D59
2E7C
2F99
30AF
31BC
32C2
33C1
34B7
35A6
368C
3769
383E
390A
39CD
3A87
3B37
3BDE
3C7B
3D0F
3D98
3E17
3E8C
3EF6
3F55
3FAA
3FF5
4034
4068
4091
40AF
40C1
40C8
40C4
40B4
4098
4070
403B
3FFB
3FAF
3F57
3EF3
3E83
3E07
3D80
3CEC
3C4D
3BA2
3AEB
3A28
395A
387F
379A
36A8
35AC
34A4
3391
3273
314A
3016
2ED8
2D90
2C3E
2AE2
297D
280F
2698
2518
2391
2200
2069
1ECB
1D27
1B7C
19CD
1818
165F
14A2
12E2
111F
0F59
0D92
0BC9
0A00
0837
066E
04A7
02E1
011E
FF5D
FDA1
FBE8
FA35
F887
F6DF
F53E
F3A5
F213
F08B
EF0B
ED96
EC2A
EACA
E976
E82E
E6F3
E5C5
E4A6
E395
E293
E1A0
E0BD
DFEB
DF29
DE78
DDD8
DD49
DCCC
DC61
DC08
DBC2
DB8E
DB6C
DB5C
DB60
DB75
DB9D
DBD7
DC23
DC82
DCF2
DD73
DE06
DEA9
DF5C
E020
E0F3
E1D6
E2C8
E3C8
E4D7
E5F2
E71A
E84F
E98F
EAD9
EC2E
ED8D
EEF4
F064
F1DB
F358
F4DB
F663
F7F0
F980
FB12
FCA6
FE3C
FFD1
0166
02FA
048B
0619
07A4
0929
0AA8
0C22
0D95
0F00
1063
11BD
130E
1454
1590
16C1
17E5
18FE
1A0A
1B08
1BF9
1CDC
1DB0
1E76
1F2D
1FD4
206D
20F5
216E
21D7
2230
227A
22B3
22DC
22F6
2300
22FB
22E5
22C1
228D
224B
21FB
219D
2131
20B8
2033
1FA1
1F04
1E5B
1DA7
1CEA
1C22
1B51
1A78
1997
18AE
17BF
16C9
15CE
14CE
13CA
12C2
11B7
10AA
0F9C
0E8C
0D7C
0C6C
0B5D
0A50
0945
083C
0737
0636
053A
0442
0350
0264
017E
009F
FFC7
FEF7
FE30
FD70
FCBA
FC0C
FB68
FACE
FA3E
F9B7
F93B
F8CA
F863
F807
F7B5
F76E
F732
F701
F6DA
F6BE
F6AD
F6A7
F6AC
F6BB
F6D3
F6F6
F722
F758
F797
F7DE
F82F
F887
F8E8
F950
F9BF
FA36
FAB2
FB36
FBBE
FC4D
FCE0
FD77
FE13
FEB3
FF56
FFFB
00A3
014D
01F8
02A5
0352
03FF
04AC
0557
0601
06AA
0751
07F5
0897
0935
09D0
0A67
0AF9
0B87
0C10
0C94
0D13
0D8B
0DFD
0E69
0ECE
0F2D
0F84
0FD4
101D
105D
1097
10C8
10F1
1112
112B
113B
1143
1143
113A
1127
110C
10E8
10BB
1087
104B
1006
0FBA
0F65
0F09
0EA6
0E3B
0DC9
0D50
0CD0
0C49
0BBC
0B29
0A90
09F1
094D
08A4
07F5
0742
068B
05D0
0511
044E
0389
02C0
01F6
0129
0058
FF86
FEB4
FDE0
FD0D
FC39
FB66
FA94
F9C4
F8F5
F828
F75D
F695
F5CF
F50D
F44F
F394
F2DE
F22D
F180
F0D8
F036
EF99
EF03
EE73
EDE9
ED65
ECE9
EC74
EC07
EBA1
EB42
EAEB
EA9B
EA54
EA16
E9E0
E9B2
E98E
E973
E961
E957
E957
E960
E973
E98E
E9B3
E9E0
EA17
EA57
EAA0
EAF2
EB4C
EBAF
EC1B
EC8F
ED0B
ED8F
EE1B
EEAE
EF49
EFEB
F094
F143
F1F9
F2B5
F377
F43E
F50B
F5DC
F6B1
F78B
F868
F949
FA2D
FB14
FBFD
FCE8
FDD5
FEC3
FFB2
00A2
0191
0281
0370
045D
054A
0635
071E
0804
08E7
09C8
0AA5
0B7E
0C52
0D23
0DEF
0EB6
0F78
1034
10EA
1199
1241
12E3
137D
1410
149B
151E
1599
160C
1677
16D8
1732
1782
17C9
1808
183D
1869
188C
18A6
18B7
18BE
18BD
18B2
189E
1881
185C
182D
17F6
17B7
176F
171F
16C8
1668
1600
1592
151B
149E
141A
1390
12FF
1268
11CB
1129
1081
0FD5
0F24
0E6F
0DB5
0CF8
0C37
0B74
0AAD
09E5
091A
084D
077F
06B0
05E0
0510
043F
036E
029F
01D0
0103
0037
FF6E
FEA7
FDE2
FD21
FC63
FBA9
FAF2
FA40
F992
F8E9
F845
F7A6
F70D
F679
F5EB
F563
F4E2
F467
F3F3
F385
F31F
F2BF
F267
F217
F1CD
F18C
F152
F11F
F0F5
F0D2
F0B8
F0A5
F09B
F098
F09E
F0AB
F0C1
F0DE
F104
F131
F166
F1A2
F1E7
F232
F285
F2DF
F341
F3A9
F418
F48D
F509
F58B
F613
F6A0
F733
F7CC
F869
F90C
F9B3
FA5F
FB0F
FBC3
FC7A
FD34
FDF2
FEB1
FF74
0038
00FE
01C5
028E
0357
0421
04EA
05B4
067D
0746
080D
08D3
0998
0A5A
0B1A
0BD8
0C92
0D4A
0DFE
0EAE
0F5A
1002
10A6
1145
11DE
1273
1302
138C
140F
148D
1505
1577
15E2
1647
16A5
16FC
174D
1797
17D9
1815
184A
1878
189F
18BF
18D8
18EA
18F5
18FA
18F7
18EF
18DF
18CA
18AE
188C
1864
1836
1801
17C7
1789
1745
16FD
16B0
165F
160A
15B2
1556
14F7
1496
1432
13CC
1364
12FA
128F
1223
11B7
114A
10DD
1070
1004
0F99
0F2F
0EC6
0E5F
0DF9
0D96
0D35
0CD7
0C7B
0C22
0BCD
0B7A
0B2C
0AE1
0A9A
0A57
0A18
09DD
09A6
0974
0946
091D
08F8
08D7
08BB
08A4
0890
0881
0876
086F
086C
086C
0871
0878
0883
0892
08A3
08B6
08CD
08E5
0900
091D
093B
095A
097A
099A
09BB
09DC
09FC
0A1B
0A3A
0A57
0A72
0A8C
0AA3
0AB8
0ACA
0AD9
0AE5
0AED
0AF1
0AF1
0AED
0AE4
0AD6
0AC3
0AAB
0A8E
0A6B
0A42
0A14
09E0
09A6
0966
0920
08D3
0880
0828
07C9
0764
06F9
0688
0612
0596
0515
048E
0402
0372
02DD
0243
01A6
0105
0060
FFB9
FF0E
FE61
FDB2
FD02
FC50
FB9D
FAEA
FA36
F983
F8D0
F81D
F76C
F6BC
F60E
F563
F4BB
F417
F376
F2DA
F242
F1AF
F122
F09A
F018
EF9C
EF28
EEBA
EE53
EDF3
ED9B
ED4B
ED03
ECC3
EC8C
EC5D
EC36
EC18
EC03
EBF6
EBF2
EBF7
EC04
EC18
EC35
EC5A
EC87
ECBD
ECFA
ED3E
ED8A
EDDD
EE37
EE97
EEFD
EF6A
EFDB
F052
F0CE
F14D
F1D1
F258
F2E3
F370
F3FF
F48F
F522
F5B4
F648
F6DB
F76E
F7FF
F88F
F91E
F9AA
FA33
FAB9
FB3B
FBBA
FC34
FCAA
FD1A
FD86
FDEC
FE4C
FEA6
FEF9
FF46
FF8D
FFCC
0004
0036
0060
0082
009E
00B2
00BE
00C4
00C2
00B9
00A9
0093
0076
0052
0028
FFF8
FFC2
FF88
FF48
FF03
FEBA
FE6D
FE1D
FDC9
FD72
FD18
FCBD
FC60
FC02
FBA4
FB45
FAE7
FA8A
FA2E
F9D4
F97C
F927
F8D5
F887
F83D
F7F8
F7B7
F77C
F748
F719
F6F1
F6D0
F6B6
F6A4
F699
F697
F69D
F6AC
F6C3
F6E3
F70C
F73F
F77A
F7BF
F80D
F864
F8C4
F92E
F9A0
FA1B
FA9F
FB2C
FBC1
FC5E
FD02
FDAE
FE61
FF1B
FFDB
00A2
016E
023F
0314
03EE
04CC
05AD
068F
0773
0859
0941
0A28
0B0F
0BF6
0CDC
0DBF
0EA1
0F7F
105A
1130
1202
12CF
1396
1457
1511
15C4
166F
1712
17AD
183E
18C6
1945
19B9
1A23
1A82
1AD6
1B1F
1B5C
1B8E
1BB3
1BCB
1BD8
1BD8
1BCD
1BB6
1B93
1B64
1B2A
1AE4
1A92
1A36
19CF
195E
18E2
185C
17CD
1735
1694
15EA
1539
1481
13C2
12FC
1231
1160
108B
0FB2
0ED5
0DF6
0D14
0C31
0B4B
0A64
097E
0899
07B5
06D3
05F4
0518
0440
036C
029D
01D4
0111
0055
FFA0
FEF2
FE4D
FDB0
FD1C
FC92
FC11
FB9B
FB2F
FACE
FA78
FA2D
F9EE
F9BA
F993
F977
F968
F965
F96E
F984
F9A6
F9D4
FA0E
FA54
FAA6
FB04
FB6D
FBE1
FC60
FCEA
FD7E
FE1B
FEC2
FF73
002B
00EC
01B5
0285
035C
0439
051C
0604
06F1
07E1
08D6
09CD
0AC6
0BC2
0CBF
0DBC
0EBB
0FBA
10B7
11B4
12AE
13A6
149B
158C
1679
1762
1845
1923
19FA
1ACB
1B95
1C58
1D13
1DC5
1E6F
1F10
1FA8
2037
20BB
2136
21A6
220C
2267
22B8
22FE
2339
2369
238E
23A8
23B7
23BC
23B5
23A4
2388
2362
2331
22F6
22B1
2262
220A
21A8
213E
20CB
204F
1FCC
1F41
1EAE
1E15
1D75
1CD0
1C24
1B73
1ABD
1A03
1944
1882
17BD
16F5
162B
155F
1491
13C1
12F1
1221
1151
1081
0FB2
0EE4
0E18
0D4E
0C86
0BC1
0AFE
0A3F
0984
08CD
081A
076B
06C1
061C
057C
04E2
044D
03BE
0335
02B2
0236
01BF
014F
00E5
0082
0025
FFCF
FF80
FF37
FEF4
FEB8
FE83
FE53
FE2A
FE07
FDEA
FDD2
FDC1
FDB5
FDAE
FDAC
FDAF
FDB7
FDC4
FDD5
FDEB
FE04
FE21
FE42
FE66
FE8D
FEB7
FEE3
FF12
FF44
FF77
FFAC
FFE3
001B
0055
0090
00CB
0107
0144
0181
01BF
01FC
023A
0278
02B5
02F2
032F
036B
03A6
03E2
041C
0456
0490
04C9
0501
0539
0571
05A7
05DE
0614
064A
0680
06B6
06EC
0722
0757
078D
07C4
07FB
0833
086B
08A5
08E0
091D
095B
099B
09DD
0A21
0A67
0AB0
0AFC
0B4A
0B9B
0BF0
0C47
0CA2
0D01
0D63
0DCA
0E34
0EA1
0F13
0F89
1003
1081
1104
118A
1214
12A1
1333
13C8
1461
14FE
159E
1641
16E7
1790
183C
18EA
199A
1A4B
1AFE
1BB2
1C67
1D1D
1DD2
1E86
1F3A
1FED
209E
214C
21F8
22A1
2346
23E7
2484
251B
25AC
2638
26BC
2739
27AF
281C
2881
28DC
292E
2976
29B3
29E5
2A0B
2A25
2A32
2A33
2A26
2A0C
29E3
29AC
2966
2912
28AD
283A
27B6
2723
2680
25CC
2509
2435
2351
225C
2158
2043
1F1E
1DE9
1CA4
1B51
19EE
187D
16FE
1572
13D8
1232
1080
0EC2
0CFA
0B27
094C
0767
057B
0387
018E
FF8E
FD8B
FB83
F979
F76E
F561
F354
F148
EF3F
ED38
EB36
E938
E741
E54E
E364
E182
DFAA
DDDC
DC1A
DA65
D8BD
D724
D59A
D420
D2B6
D15F
D01A
CEE8
CDC9
CCC0
CBCB
CAEC
CA23
C971
C8D5
C851
C7E5
C790
C754
C72F
C724
C730
C755
C792
C7E8
C854
C8D8
C973
CA26
CAEE
CBCD
CCC2
CDCC
CEEA
D01B
D160
D2B7
D41F
D598
D720
D8B7
DA5C
DC0D
DDCA
DF91
E162
E33B
E51C
E702
E8EE
EADD
ECCF
EEC2
F0B5
F2A7
F497
F684
F86B
FA4D
FC28
FDFC
FFC6
0187
033D
04E7
0685
0814
0996
0B07
0C69
0DBA
0EF9
1025
113F
1246
1339
1417
14E1
1597
1637
16C1
1737
1796
17E1
1816
1836
1841
1837
1818
17E5
179E
1743
16D6
1658
15C8
1527
1477
13B8
12EA
1210
1129
1036
0F3A
0E34
0D25
0C10
0AF4
09D4
08AF
0788
065F
0535
040C
02E4
01BF
009F
FF83
FE6C
FD5D
FC56
FB58
FA65
F97D
F8A0
F7D0
F70D
F659
F5B3
F51C
F495
F41E
F3B9
F364
F321
F2F0
F2D0
F2C3
F2C8
F2DF
F309
F344
F392
F3F1
F462
F4E4
F577
F61A
F6CD
F790
F861
F941
FA2E
FB28
FC2F
FD42
FE5F
FF86
00B6
01EE
032C
0471
05BA
0708
0858
09AA
0AFD
0C50
0DA1
0EF0
103C
1183
12C5
1400
1533
165E
1780
1896
19A2
1AA1
1B93
1C76
1D4B
1E11
1EC6
1F6A
1FFC
207C
20EA
2144
218B
21BF
21DE
21E9
21DF
21C1
218F
2148
20ED
207D
1FFA
1F64
1EBA
1DFD
1D2F
1C4F
1B5E
1A5E
194E
182F
1703
15CB
1487
1339
11E1
1081
0F1B
0DAE
0C3C
0AC7
0950
07D9
0662
04EE
037D
0211
00AB
FF4D
FDF7
FCAC
FB6C
FA39
F913
F7FD
F6F6
F600
F51C
F44C
F38E
F2E5
F252
F1D4
F16C
F11B
F0E1
F0BF
F0B4
F0C1
F0E6
F123
F176
F1E1
F263
F2FC
F3AB
F471
F54C
F63C
F741
F859
F984
FAC1
FC0F
FD6C
FEDA
0055
01DD
0372
0511
06BA
086C
0A26
0BE7
0DAD
0F77
1145
1315
14E6
16B8
1888
1A57
1C23
1DEA
1FAC
2169
231F
24CE
2674
2812
29A6
2B30
2CAE
2E21
2F86
30DF
322A
3366
3493
35B0
36BD
37B9
38A4
397D
3A44
3AF8
3B99
3C26
3C9F
3D03
3D53
3D8D
3DB2
3DC2
3DBB
3D9E
3D6C
3D22
3CC2
3C4A
3BBC
3B17
3A5C
3989
38A1
37A2
368D
3563
3425
32D2
316B
2FF1
2E65
2CC8
2B1B
295E
2794
25BC
23D9
21EB
1FF5
1DF7
1BF3
19EB
17E0
15D4
13C9
11C2
0FBF
0DC2
0BCC
09E1
0800
062D
0469
02B6
0115
FF88
FE11
FCB1
FB69
FA3B
F928
F831
F756
F69A
F5FC
F57C
F51C
F4DB
F4BA
F4B8
F4D5
F510
F56A
F5E0
F673
F721
F7E8
F8C7
F9BC
FAC6
FBE3
FD11
FE4D
FF97
00EB
0247
03A9
050E
0675
07D9
0939
0A93
0BE3
0D28
0E5F
0F85
1099
1198
1281
1351
1406
14A0
151C
1579
15B6
15D2
15CC
15A3
1558
14E9
1457
13A1
12C9
11CF
10B3
0F77
0E1B
0CA1
0B0A
0957
078B
05A7
03AC
019E
FF7E
FD4E
FB11
F8C8
F678
F421
F1C6
EF6A
ED0E
EAB7
E865
E61C
E3DD
E1AA
DF87
DD74
DB74
D98A
D7B6
D5FA
D458
D2D0
D163
D013
CEE1
CDCD
CCD7
CC01
CB4A
CAB3
CA3B
C9E2
C9A9
C98E
C991
C9B1
C9EE
CA47
CABB
CB49
CBF0
CCAE
CD83
CE6E
CF6C
D07D
D19F
D2D1
D412
D561
D6BC
D822
D991
DB09
DC87
DE0C
DF96
E124
E2B4
E447
E5DA
E76E
E901
EA93
EC23
EDB1
EF3B
F0C2
F245
F3C4
F53D
F6B2
F821
F98B
FAEE
FC4C
FDA4
FEF5
0040
0184
02C1
03F6
0525
064C
076C
0886
0998
0AA3
0BA6
0CA2
0D96
0E83
0F67
1044
1118
11E4
12A7
1362
1414
14BC
155C
15F2
167F
1701
177A
17E9
184E
18A9
18FA
1940
197C
19AD
19D5
19F2
1A05
1A0E
1A0E
1A04
19F0
19D3
19AC
197E
1946
1907
18BF
1871
181B
17BE
175C
16F3
1685
1612
159B
1520
14A1
141F
139A
1314
128B
1201
1176
10EB
105F
0FD4
0F49
0EC0
0E38
0DB1
0D2C
0CA9
0C28
0BA9
0B2C
0AB1
0A39
09C3
0950
08DF
0871
0805
079C
0735
06D0
066D
060C
05AD
0551
04F5
049C
0444
03ED
0398
0343
02F0
029E
024E
01FE
01AD
015D
010F
00C1
0075
002A
FFE0
FF99
FF53
FF0F
FECD
FE8E
FE51
FE18
FDE2
FDAF
FD81
FD57
FD32
FD12
FCF7
FCE2
FCD4
FCCC
FCCB
FCD1
FCDF
FCF6
FD14
FD3C
FD6C
FDA5
FDE5
FE2F
FE83
FEE0
FF48
FFBB
0038
00C0
0152
01EF
0296
0348
0403
04C9
0599
0672
0754
083F
0932
0A2D
0B30
0C39
0D4A
0E60
0F7B
109A
11BE
12E5
140E
1539
1665
1791
18BA
19E2
1B07
1C29
1D47
1E60
1F73
2080
2185
2281
2375
245F
253D
2611
26D7
2791
283D
28DA
2968
29E6
2A53
2AAF
2AFA
2B32
2B57
2B69
2B67
2B51
2B27
2AE9
2A95
2A2C
29AD
2918
286E
27AE
26DA
25F0
24F1
23DE
22B6
217B
202C
1ECA
1D57
1BD1
1A3B
1894
16DE
151A
1348
1169
0F7F
0D8A
0B8B
0984
0775
0560
0346
0129
FF09
FCE8
FAC7
F8A7
F688
F46E
F258
F049
EE42
EC44
EA51
E869
E68E
E4C0
E303
E155
DFB9
DE2F
DCB9
DB57
DA0B
D8D4
D7B5
D6AD
D5BE
D4E7
D42A
D387
D2FF
D291
D23E
D206
D1E9
D1E8
D201
D236
D287
D2F2
D378
D417
D4D0
D5A1
D68A
D78B
D8A2
D9CF
DB11
DC67
DDCF
DF4A
E0D5
E270
E419
E5CF
E792
E95E
EB34
ED12
EEF6
F0DF
F2CC
F4BB
F6AA
F899
FA86
FC6F
FE54
0032
0209
03D8
059B
0753
08FE
0A9B
0C28
0DA5
0F10
1069
11AE
12DE
13FA
14FF
15EE
16C5
1785
182D
18BB
1932
198F
19D2
19FD
1A0E
1A06
19E4
19AA
1958
18EE
186B
17D2
1723
165E
1584
1497
1396
1282
115D
1028
0EE4
0D92
0C32
0AC7
0951
07D2
064C
04BE
032B
0194
FFFB
FE60
FCC5
FB2B
F995
F802
F675
F4EE
F36F
F1FA
F08F
EF2F
EDDC
EC97
EB60
EA39
E923
E81F
E72E
E64F
E585
E4D0
E430
E3A6
E332
E2D5
E28F
E260
E249
E249
E260
E28F
E2D6
E333
E3A8
E433
E4D5
E58C
E659
E73A
E830
E938
EA54
EB82
ECC0
EE0F
EF6D
F0D8
F251
F3D6
F567
F701
F8A5
FA52
FC05
FDBF
FF7D
013F
0305
04CB
0693
085A
0A20
0BE3
0DA3
0F5F
1115
12C5
146E
160F
17A8
1938
1ABD
1C38
1DA7
1F0B
2062
21AD
22EA
241A
253C
2650
2755
284D
2936
2A11
2ADE
2B9C
2C4C
2CEF
2D84
2E0B
2E86
2EF4
2F55
2FAB
2FF6
3036
306B
3097
30BA
30D4
30E7
30F2
30F7
30F6
30F0
30E5
30D7
30C6
30B2
309E
3089
3074
305F
304B
3038
3028
301A
300F
3007
3004
3005
300A
3015
3025
303A
3055
3075
309C
30C9
30FC
3134
3173
31B7
3201
3251
32A5
32FF
335D
33C0
3426
3490
34FD
356D
35DF
3653
36C8
373D
37B2
3827
389A
390C
397B
39E6
3A4E
3AB2
3B10
3B68
3BBA
3C05
3C48
3C83
3CB5
3CDD
3CFC
3D10
3D1A
3D18
3D0A
3CF1
3CCA
3C98
3C58
3C0B
3BAF
3B45
3ACE
3A4A
39B8
3918
386B
37B1
36EA
3616
3535
3449
3350
324C
313D
3023
2F00
2DD2
2C9C
2B5E
2A17
28CA
2776
261C
24BE
235B
21F5
208C
1F20
1DB4
1C47
1ADA
196E
1803
169B
1536
13D5
1278
1121
0FD0
0E85
0D41
0C06
0AD3
09A9
0888
0771
0664
0562
046B
0380
02A0
01CB
0103
0047
FF96
FEF2
FE5A
FDCE
FD4E
FCDA
FC71
FC13
FBC0
FB79
FB3B
FB07
FADD
FABB
FAA1
FA8F
FA85
FA81
FA83
FA8B
FA97
FAA8
FABC
FAD4
FAEE
FB09
FB26
FB43
FB60
FB7D
FB97
FBB1
FBC7
FBDB
FBEB
FBF7
FBFE
FC00
FBFE
FBF5
FBE6
FBD1
FBB6
FB93
FB6A
FB39
FB01
FAC2
FA7B
FA2D
F9D8
F97C
F919
F8AF
F83E
F7C8
F74B
F6C9
F642
F5B7
F527
F494
F3FE
F365
F2CB
F22F
F193
F0F8
F05D
EFC4
EF2E
EE9B
EE0B
ED82
ECFE
EC80
EC0A
EB9C
EB36
EADA
EA88
EA40
EA04
E9D4
E9B0
E999
E98F
E994
E9A6
E9C7
E9F8
EA37
EA86
EAE4
EB52
EBD0
EC5E
ECFB
EDA7
EE63
EF2E
F008
F0F0
F1E6
F2EA
F3FC
F51A
F645
F77B
F8BB
FA05
FB58
FCB3
FE15
FF7E
00EC
025F
03D5
054D
06C7
0841
09BA
0B31
0CA5
0E15
0F80
10E4
1240
1394
14DF
161E
1752
1879
1991
1A9B
1B95
1C7E
1D55
1E19
1EC9
1F65
1FED
205F
20BB
2100
212F
2147
2147
2130
2101
20B9
205A
1FE3
1F55
1EAF
1DF1
1D1D
1C33
1B32
1A1C
18F1
17B2
1660
14FB
1384
11FC
1065
0EBF
0D0A
0B48
0979
07A1
05BF
03D5
01E4
FFEE
FDF3
FBF6
F9F7
F7F8
F5FA
F3FE
F206
F013
EE26
EC41
EA64
E891
E6C9
E50E
E360
E1C0
E02F
DEAF
DD41
DBE4
DA9B
D965
D844
D738
D642
D561
D498
D3E6
D34C
D2C9
D25F
D20E
D1D4
D1B4
D1AB
D1BB
D1E2
D222
D279
D2E7
D36B
D405
D4B5
D57A
D653
D73F
D83E
D94E
DA70
DBA2
DCE3
DE32
DF8F
E0F8
E26C
E3EA
E572
E700
E896
EA31
EBD2
ED78
EF20
F0CA
F276
F422
F5CD
F776
F91D
FAC0
FC5F
FDF8
FF8C
0119
029F
041D
0592
06FF
0861
09BA
0B08
0C4B
0D83
0EB0
0FD1
10E6
11EF
12EC
13DD
14C1
1598
1664
1725
17DA
1884
1924
19B9
1A43
1AC4
1B3B
1BAA
1C0F
1C6D
1CC2
1D11
1D58
1D99
1DD4
1E0A
1E3A
1E66
1E8F
1EB3
1ED4
1EF3
1F0F
1F29
1F42
1F5A
1F70
1F86
1F9C
1FB2
1FC8
1FDF
1FF6
200E
2027
2040
2059
2074
208E
20A9
20C4
20DF
20FA
2113
212C
2143
2159
216C
217D
218B
2195
219A
219B
2197
218D
217D
2166
2147
2120
20F1
20BA
2079
202E
1FD8
1F77
1F0B
1E92
1E0C
1D7A
1CDA
1C2C
1B70
1AA6
19CD
18E6
17EF
16EA
15D6
14B3
1381
1240
10F1
0F93
0E27
0CAE
0B28
0995
07F5
064A
0494
02D4
010A
FF38
FD5F
FB7E
F997
F7AB
F5BC
F3C9
F1D5
EFE0
EDEB
EBF9
EA09
E81E
E637
E458
E281
E0B3
DEEF
DD38
DB8D
D9F1
D864
D6E8
D57E
D427
D2E5
D1B8
D0A1
CFA1
CEBA
CDEC
CD37
CC9E
CC21
CBBF
CB7A
CB52
CB48
CB5C
CB8E
CBDE
CC4D
CCDB
CD87
CE51
CF3A
D041
D165
D2A6
D404
D57E
D713
D8C3
DA8C
DC6E
DE68
E078
E29D
E4D7
E724
E982
EBF0
EE6E
F0F8
F38F
F630
F8D9
FB89
FE3F
00F8
03B3
066E
0928
0BDE
0E8F
113A
13DC
1675
1901
1B81
1DF2
2052
22A1
24DC
2703
2914
2B0D
2CEF
2EB7
3064
31F6
336B
34C3
35FD
3718
3815
38F2
39AF
3A4B
3AC8
3B24
3B5F
3B7A
3B74
3B4E
3B09
3AA3
3A20
397D
38BD
37E0
36E7
35D3
34A5
335D
31FD
3086
2EF9
2D58
2BA4
29DE
2808
2622
2430
2231
2028
1E17
1BFE
19E1
17BF
159C
1378
1154
0F34
0D17
0AFF
08EF
06E7
04E9
02F5
010F
FF36
FD6B
FBB1
FA08
F871
F6ED
F57D
F422
F2DB
F1AB
F092
EF8F
EEA4
EDD1
ED15
EC72
EBE7
EB74
EB1A
EAD7
EAAD
EA99
EA9C
EAB5
EAE4
EB29
EB82
EBEE
EC6E
ED00
EDA3
EE56
EF18
EFE9
F0C7
F1B2
F2A7
F3A6
F4AD
F5BC
F6D1
F7EB
F909
FA29
FB4A
FC6C
FD8C
FEA9
FFC3
00D7
01E6
02EC
03EA
04DF
05C8
06A6
0778
083C
08F1
0998
0A2F
0AB5
0B2A
0B8E
0BE0
0C1F
0C4B
0C64
0C6A
0C5D
0C3C
0C07
0BBF
0B63
0AF5
0A73
09DF
0938
0880
07B6
06DC
05F1
04F7
03ED
02D6
01B1
007F
FF42
FDFA
FCA9
FB4E
F9EB
F881
F711
F59C
F423
F2A7
F128
EFA8
EE29
ECAA
EB2D
E9B3
E83C
E6CA
E55E
E3F8
E29A
E144
DFF7
DEB3
DD7A
DC4C
DB2A
DA15
D90C
D811
D725
D647
D578
D4B8
D409
D369
D2DA
D25B
D1EC
D18E
D141
D104
D0D8
D0BD
D0B1
D0B6
D0CB
D0EF
D123
D165
D1B6
D216
D283
D2FE
D385
D419
D4B9
D564
D619
D6D9
D7A1
D871
D94A
DA2B
DB13
DC02
DCF7
DDF1
DEF1
DFF4
E0FC
E206
E313
E422
E533
E645
E757
E86A
E97C
EA8D
EB9E
ECAC
EDB9
EEC3
EFCB
F0CF
F1D1
F2CE
F3C8
F4BE
F5B0
F69D
F785
F869
F947
FA20
FAF4
FBC3
FC8C
FD50
FE0E
FEC7
FF7A
0027
00CF
0172
020E
02A5
0336
03C1
0447
04C7
0541
05B5
0623
068C
06EF
074B
07A2
07F3
083E
0882
08C1
08F9
092D
095B
0982
09A2
09BB
09CD
09D9
09DC
09D9
09CD
09BA
099F
097C
0951
091D
08E1
089C
084E
07F7
0797
072E
06BB
063F
05BA
052B
0492
03EF
0343
028D
01CE
0105
0032
FF57
FE73
FD85
FC8F
FB90
FA88
F978
F860
F740
F619
F4EC
F3B7
F27D
F13D
EFF9
EEAF
ED62
EC12
EABF
E96B
E815
E6BE
E568
E413
E2C0
E170
E023
DEDA
DD97
DC59
DB23
D9F5
D8CD
D7B0
D69D
D596
D49B
D3AE
D2CE
D1FE
D13D
D08D
CFEF
CF62
CEE8
CE81
CE2F
CDF1
CDC8
CDB5
CDB8
CDD1
CE01
CE48
CEA7
CF1D
CFAB
D051
D10E
D1E3
D2D0
D3D4
D4F0
D622
D76B
D8CA
DA3F
DBC9
DD68
DF1A
E0E0
E2B9
E4A3
E69E
E8A9
EAC3
ECEB
EF1F
F15E
F3A8
F5FC
F857
FAB8
FD1F
FF8A
01F7
0465
06D3
093F
0BA8
0E0D
106B
12C2
1510
1754
198D
1BB9
1DD7
1FE5
21E2
23CE
25A6
2769
2917
2AAE
2C2D
2D94
2EE2
3015
312D
322A
330A
33CD
3474
34FC
3567
35B3
35E2
35F2
35E3
35B7
356C
3504
347E
33DB
331C
3241
314A
3039
2F0E
2DCB
2C6F
2AFC
2974
27D7
2626
2463
228F
20AC
1EBA
1CBB
1AB1
189C
1680
145C
1233
1006
0DD7
0BA7
0978
074C
0523
0300
00E4
FED0
FCC6
FAC8
F8D6
F6F3
F51E
F35A
F1A7
F007
EE7C
ED05
EBA5
EA5B
E929
E810
E710
E62A
E55E
E4AD
E417
E39D
E33E
E2FB
E2D5
E2CA
E2DA
E307
E34E
E3B0
E42D
E4C4
E574
E63D
E71D
E815
E923
EA47
EB7E
ECCA
EE28
EF97
F115
F2A2
F43C
F5E2
F792
F94C
FB0D
FCD5
FEA1
0071
0244
0417
05E9
07B9
0985
0B4D
0D0E
0EC7
1078
121E
13B9
1547
16C7
1838
1999
1AE9
1C27
1D52
1E69
1F6D
205B
2133
21F5
229F
2332
23AC
240E
2458
2488
24A0
249F
2484
2451
2406
23A1
2325
2292
21E7
2125
204D
1F60
1E5E
1D48
1C1F
1AE3
1996
1838
16CB
154F
13C6
1231
1090
0EE5
0D32
0B76
09B4
07EC
0620
0451
027F
00AD
FEDB
FD0B
FB3D
F973
F7AE
F5F0
F438
F288
F0E1
EF44
EDB2
EC2C
EAB2
E946
E7E8
E698
E558
E429
E30A
E1FC
E0FF
E015
DF3C
DE77
DDC4
DD24
DC97
DC1D
DBB6
DB63
DB22
DAF4
DAD8
DACF
DAD8
DAF2
DB1E
DB5A
DBA7
DC03
DC6F
DCE9
DD71
DE07
DEA9
DF57
E010
E0D3
E1A1
E277
E355
E43B
E527
E619
E710
E80C
E90B
EA0C
EB0F
EC13
ED18
EE1B
EF1D
F01D
F11A
F214
F309
F3FA
F4E5
F5C9
F6A8
F77F
F84E
F915
F9D3
FA89
FB35
FBD8
FC70
FCFE
FD82
FDFB
FE6A
FECD
FF26
FF73
FFB7
FFF1
001F
0043
005C
006A
006E
0068
0058
003E
001C
FFF0
FFBC
FF7F
FF3B
FEEF
FE9D
FE44
FDE4
FD80
FD16
FCA8
FC36
FBC0
FB48
FACC
FA4F
F9D1
F951
F8D2
F852
F7D3
F756
F6DB
F662
F5EB
F577
F506
F499
F430
F3CC
F36D
F313
F2BE
F270
F228
F1E6
F1AC
F178
F14C
F127
F10A
F0F5
F0E9
F0E4
F0E8
F0F4
F108
F125
F14B
F179
F1AF
F1EE
F236
F286
F2DE
F33E
F3A6
F417
F48F
F50E
F595
F623
F6B7
F753
F7F4
F89B
F948
F9FB
FAB2
FB6E
FC2E
FCF2
FDBA
FE85
FF52
0022
00F4
01C8
029D
0373
0449
051F
05F5
06CB
079F
0871
0942
0A10
0ADD
0BA6
0C6D
0D30
0DEF
0EAA
0F61
1013
10C0
1167
1208
12A4
1339
13C8
1450
14D0
154A
15BB
1625
1687
16E1
1732
177B
17BB
17F2
1821
1846
1863
1876
1880
1881
1879
1868
184D
1829
17FC
17C7
1788
1741
16F1
1699
1638
15D0
1560
14E8
1469
13E3
1356
12C3
1229
118A
10E5
103A
0F8B
0ED8
0E20
0D64
0CA5
0BE3
0B1F
0A58
098F
08C4
07F8
072B
065E
0591
04C4
03F9
032E
0265
019E
00D9
0017
FF58
FE9C
FDE5
FD31
FC82
FBD8
FB33
FA93
F9F9
F965
F8D7
F850
F7CF
F755
F6E2
F676
F611
F5B4
F55E
F50F
F4C7
F486
F44E
F41D
F3F3
F3D1
F3B6
F3A2
F396
F390
F391
F398
F3A6
F3B9
F3D3
F3F1
F415
F43D
F46A
F49B
F4CF
F507
F541
F57E
F5BD
F5FE
F640
F682
F6C5
F708
F74A
F78A
F7C9
F807
F842
F87A
F8AF
F8E1
F910
F93A
F95F
F980
F99C
F9B2
F9C2
F9CC
F9D0
F9CE
F9C5
F9B5
F99E
F980
F95B
F92E
F8FA
F8BE
F87C
F831
F7E0
F787
F727
F6C0
F653
F5DF
F564
F4E4
F45D
F3D1
F33F
F2A8
F20C
F16C
F0C9
F022
EF77
EECB
EE1C
ED6B
ECBA
EC08
EB56
EAA4
E9F4
E945
E898
E7EE
E747
E6A4
E605
E56B
E4D7
E447
E3BF
E33D
E2C2
E24F
E1E5
E183
E12A
E0DA
E093
E056
E022
DFF9
DFD9
DFC4
DFB9
DFB9
DFC3
DFD8
DFF8
E022
E056
E094
E0DD
E130
E18C
E1F1
E260
E2D8
E358
E3E0
E470
E507
E5A5
E649
E6F4
E7A4
E85A
E913
E9D1
EA91
EB54
EC19
ECDE
EDA5
EE6B
EF30
EFF4
F0B6
F175
F230
F2E8
F39B
F448
F4F0
F591
F62B
F6BD
F747
F7C9
F841
F8B0
F915
F970
F9C0
FA05
FA3F
FA6D
FA91
FAA8
FAB3
FAB3
FAA6
FA8E
FA69
FA39
F9FD
F9B5
F962
F904
F89B
F828
F7AA
F724
F694
F5FB
F55A
F4B2
F402
F34D
F291
F1D1
F10C
F043
EF78
EEAA
EDDB
ED0B
EC3B
EB6C
EA9F
E9D3
E90B
E847
E787
E6CD
E619
E56B
E4C6
E429
E395
E30A
E28B
E216
E1AC
E14F
E0FE
E0BB
E085
E05D
E043
E038
E03C
E04F
E071
E0A3
E0E5
E136
E197
E207
E287
E317
E3B4
E460
E51B
E5E5
E6BC
E7A0
E892
E990
EA9B
EBB0
ECD1
EDFC
EF30
F06D
F1B2
F2FF
F452
F5AB
F709
F86B
F9D0
FB38
FCA1
FE0B
FF74
00DD
0244
03A7
0508
0663
07BA
090A
0A52
0B92
0CC9
0DF8
0F1D
1037
1146
1249
1340
142A
1507
15D6
1698
174A
17EE
1883
1909
197F
19E6
1A3D
1A84
1ABC
1AE5
1AFE
1B07
1B02
1AEE
1ACB
1A9B
1A5C
1A10
19B7
1952
18E0
1863
17DB
1749
16AE
160A
155E
14AB
13F1
1332
126D
11A5
10D9
100A
0F39
0E67
0D95
0CC4
0BF3
0B25
0A5A
0992
08CE
080F
0756
06A3
05F6
0552
04B5
0420
0395
0313
029B
022D
01C9
0170
0123
00E0
00A8
007C
005C
0046
003D
003E
004B
0063
0085
00B3
00EA
012C
0177
01CB
0228
028E
02FB
036F
03EA
046B
04F2
057D
060C
069F
0734
07CC
0865
08FF
0998
0A31
0AC7
0B5B
0BEC
0C79
0D01
0D84
0E01
0E76
0EE4
0F4A
0FA7
0FFB
1045
1084
10B8
10E1
10FE
110E
1112
1108
10F1
10CD
109A
105A
100B
0FAF
0F44
0ECB
0E44
0DAE
0D0B
0C5A
0B9C
0AD0
09F8
0912
0821
0724
061B
0508
03EB
02C4
0194
005B
FF1B
FDD4
FC87
FB34
F9DD
F881
F722
F5C1
F45E
F2FB
F197
F035
EED4
ED75
EC1A
EAC4
E973
E827
E6E2
E5A4
E46E
E341
E21D
E103
DFF4
DEF1
DDF9
DD0F
DC31
DB61
DA9F
D9EC
D948
D8B3
D82E
D7B9
D755
D701
D6BD
D68B
D669
D658
D659
D66A
D68D
D6C0
D704
D759
D7BF
D834
D8BA
D94E
D9F2
DAA4
DB64
DC32
DD0D
DDF5
DEE9
DFE8
E0F3
E208
E326
E44E
E57F
E6B7
E7F6
E93C
EA88
EBD9
ED2E
EE88
EFE4
F143
F2A4
F405
F568
F6CA
F82B
F98D
FAEC
FC49
FDA3
FEF9
004B
0198
02E1
0423
0560
0696
07C5
08EC
0A0C
0B25
0C35
0D3C
0E3B
0F30
101D
1100
11DA
12AA
1371
142E
14E1
158A
162A
16C1
174D
17D1
184B
18BC
1925
1985
19DC
1A2B
1A71
1AB0
1AE6
1B16
1B3E
1B5F
1B7A
1B8E
1B9D
1BA6
1BAA
1BA8
1BA2
1B98
1B8A
1B78
1B63
1B4A
1B2F
1B12
1AF3
1AD1
1AAE
1A8A
1A65
1A3E
1A18
19F1
19C9
19A2
197A
1953
192C
1905
18E0
18BB
1896
1873
1850
182F
180F
17EF
17D1
17B4
1798
177E
1764
174B
1733
171C
1706
16F1
16DC
16C8
16B4
16A0
168D
1679
1665
1651
163B
1625
160F
15F7
15DE
15C4
15A8
158B
156C
154A
1527
1502
14D9
14AF
1481
1451
141E
13E7
13AE
1371
1330
12EC
12A5
125A
120B
11B8
1162
1108
10AA
1048
0FE3
0F7A
0F0D
0E9D
0E29
0DB2
0D38
0CBB
0C3A
0BB7
0B31
0AA8
0A1D
098F
08FF
086D
07D9
0743
06AC
0613
057A
04DF
0444
03A8
030C
0270
01D5
0139
009F
0005
FF6D
FED6
FE41
FDAE
FD1E
FC90
FC05
FB7D
FAF8
FA77
F9FA
F980
F90B
F89A
F82E
F7C6
F764
F706
F6AE
F65C
F60F
F5C8
F587
F54D
F518
F4EA
F4C2
F4A1
F486
F472
F464
F45D
F45D
F463
F470
F484
F49E
F4BE
F4E5
F512
F546
F57F
F5BF
F605
F650
F6A1
F6F7
F752
F7B2
F817
F881
F8EF
F960
F9D6
FA4F
FACB
FB4A
FBCB
FC4F
FCD4
FD5B
FDE3
FE6D
FEF6
FF80
0009
0092
0119
019F
0223
02A4
0324
03A0
041A
048F
0501
056F
05D7
063B
069A
06F2
0745
0792
07D8
0816
084E
087E
08A7
08C7
08E0
08F0
08F7
08F6
08EB
08D8
08BC
0896
0867
082E
07ED
07A3
074F
06F2
068B
061B
05A2
051F
0494
0400
0363
02BE
0211
015C
009F
FFDB
FF10
FE3E
FD65
FC87
FBA3
FABA
F9CD
F8DB
F7E5
F6EC
F5EF
F4F1
F3F1
F2EF
F1EC
F0E9
EFE9
EEE9
EDEB
ECEE
EBF4
EAFD
EA0A
E91A
E82F
E74A
E66A
E590
E4BD
E3F1
E32D
E271
E1BE
E114
E074
DFDE
DF52
DED1
DE5C
DDF2
DD94
DD42
DCFD
DCC4
DC98
DC7A
DC69
DC65
DC70
DC89
DCAF
DCE3
DD25
DD75
DDD2
DE3D
DEB6
DF3C
DFCE
E06E
E11B
E1D4
E299
E36A
E446
E52D
E61F
E71B
E821
E930
EA48
EB68
EC90
EDBF
EEF5
F031
F172
F2B9
F403
F551
F6A2
F7F5
F94A
FAA1
FBF7
FD4E
FEA4
FFF8
014A
0299
03E4
052C
066E
07AB
08E2
0A13
0B3C
0C5D
0D76
0E86
0F8D
1089
117B
1263
133F
140F
14D4
158C
1637
16D5
1766
17EA
1861
18CA
1926
1974
19B4
19E6
1A09
1A1F
1A27
1A21
1A0C
19EA
19BB
197D
1933
18DB
1876
1805
1787
16FD
1667
15C6
151A
1463
13A2
12D7
1202
1125
103F
0F52
0E5D
0D61
0C60
0B5A
0A4F
093F
082B
0714
05FA
04DE
03C0
02A1
0182
0063
FF44
FE26
FD0A
FBEF
FAD8
F9C3
F8B3
F7A6
F69E
F59A
F49D
F3A5
F2B3
F1C8
F0E4
F008
EF33
EE67
EDA2
ECE7
EC34
EB8B
EAEB
EA55
E9C8
E946
E8CE
E861
E7FE
E7A6
E759
E716
E6DF
E6B2
E690
E67A
E66E
E66C
E676
E68A
E6A9
E6D2
E706
E744
E78B
E7DD
E838
E89C
E90A
E980
E9FF
EA86
EB15
EBAB
EC48
ECED
ED98
EE49
EF01
EFBE
F081
F148
F215
F2E5
F3B9
F490
F56B
F648
F728
F809
F8EB
F9CF
FAB3
FB98
FC7C
FD5F
FE42
FF23
0002
00DF
01B9
028F
0363
0432
04FD
05C3
0684
073F
07F4
08A3
094B
09ED
0A87
0B1A
0BA5
0C27
0CA1
0D13
0D7B
0DDB
0E31
0E7D
0EBF
0EF8
0F26
0F4B
0F64
0F74
0F78
0F72
0F62
0F46
0F20
0EEF
0EB3
0E6C
0E1A
0DBD
0D55
0CE3
0C67
0BE1
0B50
0AB6
0A13
0966
08B1
07F2
072C
065D
0587
04AA
03C6
02DB
01EA
00F4
FFF9
FEF9
FDF5
FCED
FBE2
FAD4
F9C4
F8B2
F7A0
F68C
F579
F466
F353
F241
F131
F023
EF19
EE12
ED10
EC12
EB19
EA27
E93A
E854
E776
E69F
E5D0
E509
E44C
E398
E2EE
E24D
E1B7
E12B
E0AB
E035
DFCB
DF6C
DF18
DED0
DE94
DE64
DE40
DE27
DE1A
DE18
DE22
DE36
DE56
DE81
DEB6
DEF6
DF3F
DF92
DFEF
E054
E0C2
E138
E1B5
E239
E2C4
E354
E3EA
E484
E523
E5C5
E66A
E711
E7B9
E862
E90B
E9B4
EA5B
EB00
EBA2
EC40
ECDB
ED71
EE02
EE8B
EF0E
EF89
EFFB
F064
F0C3
F119
F163
F1A2
F1D5
F1FC
F216
F222
F222
F213
F1F6
F1CB
F191
F148
F0F0
F08A
F014
EF8F
EEFB
EE59
EDA7
ECE7
EC18
EB3C
EA52
E95B
E856
E745
E628
E4FF
E3CC
E28D
E145
DFF4
DE9B
DD39
DBD1
DA62
D8EF
D776
D5FB
D47C
D2FC
D17B
CFFA
CE7A
CCFC
CB80
CA09
C897
C72B
C5C6
C468
C313
C1C8
C088
BF53
BE2A
BD0F
BC03
BB05
BA17
B93A
B86E
B7B4
B70D
B678
B5F8
B58B
B533
B4F1
B4C3
B4AC
B4AA
B4BE
B4E9
B52A
B582
B5F0
B674
B70F
B7C0
B886
B963
BA54
BB5B
BC76
BDA5
BEE7
C03C
C1A3
C31D
C4A7
C642
C7EC
C9A5
CB6D
CD41
CF22
D10E
D305
D505
D70E
D91F
DB36
DD52
DF74
E199
E3C0
E5EA
E813
EA3D
EC65
EE8A
F0AC
F2CA
F4E2
F6F5
F900
FB03
FCFD
FEED
00D2
02AD
047B
063D
07F1
0998
0B31
0CBB
0E36
0FA1
10FD
1249
1384
14AF
15CA
16D3
17CC
18B5
198C
1A54
1B0B
1BB1
1C48
1CCF
1D47
1DB0
1E0A
1E56
1E95
1EC6
1EEA
1F01
1F0D
1F0D
1F03
1EEF
1ED2
1EAD
1E80
1E4B
1E11
1DD1
1D8C
1D43
1CF6
1CA8
1C57
1C05
1BB2
1B60
1B0F
1ABF
1A72
1A28
19E1
199E
195F
1926
18F3
18C5
189E
187E
1864
1852
1848
1845
184B
1859
1870
188F
18B7
18E8
1921
1964
19AF
1A02
1A5E
1AC1
1B2D
1BA0
1C1B
1C9D
1D25
1DB4
1E48
1EE2
1F81
2025
20CD
2178
2227
22D8
238B
243F
24F3
25A8
265D
2711
27C3
2874
2922
29CD
2A74
2B18
2BB6
2C50
2CE4
2D72
2DFA
2E7A
2EF3
2F64
2FCD
302E
3086
30D4
311A
3155
3187
31AF
31CC
31E0
31E9
31E7
31DB
31C5
31A4
3179
3144
3105
30BB
3068
300B
2FA4
2F33
2EBA
2E38
2DAD
2D1A
2C7F
2BDD
2B33
2A82
29CB
290E
284B
2782
26B5
25E3
250D
2433
2356
2277
2194
20B0
1FCA
1EE3
1DFB
1D13
1C2C
1B45
1A5E
1978
1893
17B0
16CE
15EE
1510
1434
135B
1284
11B0
10DF
1011
0F47
0E7F
0DBB
0CFA
0C3D
0B83
0ACC
0A19
0969
08BD
0813
076D
06CA
0629
058C
04F1
0459
03C3
0330
029E
020F
0181
00F4
0069
FFE0
FF57
FED0
FE49
FDC3
FD3E
FCB9
FC34
FBB0
FB2C
FAA8
FA24
F9A0
F91C
F898
F815
F791
F70D
F68A
F607
F584
F501
F47F
F3FE
F37D
F2FC
F27D
F1FF
F182
F107
F08E
F018
EFA4
EF32
EEC4
EE5A
EDF3
ED90
ED32
ECD9
EC86
EC37
EBEF
EBAE
EB73
EB3F
EB12
EAEE
EAD2
EABE
EAB3
EAB2
EABA
EACC
EAE8
EB0E
EB40
EB7C
EBC4
EC16
EC74
ECDC
ED50
EDD0
EE5B
EEF2
EF94
F042
F0FC
F1C1
F292
F36E
F455
F547
F644
F74C
F85E
F97A
FAA0
FBCF
FD08
FE49
FF93
00E4
023D
039C
0502
066E
07E1
0959
0AD5
0C54
0DD7
0F5B
10E1
1268
13EF
1576
16FB
187F
1A01
1B80
1CFB
1E72
1FE5
2152
22B9
2419
2572
26C4
280D
294E
2A85
2BB3
2CD6
2DEF
2EFD
2FFF
30F6
31E1
32C0
3392
3458
3511
35BC
365A
36EA
376D
37E3
384A
38A4
38F1
392F
3961
3985
399C
39A6
39A3
3993
3978
3950
391D
38DE
3894
383F
37E1
3778
3706
368B
3607
357B
34E8
344C
33AA
3301
3253
31A0
30E8
302B
2F6B
2EA8
2DE2
2D1A
2C50
2B85
2AB9
29EC
291F
2852
2786
26BA
25F0
2528
2461
239D
22DB
221B
215F
20A5
1FEE
1F3B
1E8B
1DDF
1D36
1C8F
1BEC
1B4C
1AB0
1A18
1983
18F1
1863
17D8
174F
16CA
1647
15C7
1549
14CD
1452
13D9
1362
12EC
1276
1201
118C
1117
10A2
102C
0FB6
0F3E
0EC5
0E4B
0DCE
0D50
0CCF
0C4A
0BC3
0B39
0AAC
0A1C
0989
08F2
0858
07BB
071A
0675
05CC
0520
0470
03BD
0306
024C
018E
00CE
000A
FF44
FE7B
FDAF
FCE2
FC12
FB42
FA6F
F99C
F8C9
F7F5
F722
F64F
F57B
F4A9
F3DA
F30C
F242
F17B
F0B8
EFF9
EF40
EE8B
EDDC
ED34
EC92
EBF7
EB64
EAD9
EA57
E9DD
E96D
E907
E8AB
E859
E812
E7D6
E7A5
E781
E768
E75C
E75C
E769
E782
E7A9
E7DC
E81C
E86A
E8C4
E92D
E9A2
EA25
EAB5
EB52
EBFB
ECB2
ED75
EE44
EF1F
F005
F0F7
F1F3
F2FA
F40C
F526
F64A
F776
F8AB
F9E7
FB2A
FC73
FDC2
FF16
006F
01CC
032C
048E
05F2
0757
08BD
0A23
0B88
0CEB
0E4C
0FAA
1105
125B
13AC
14F8
163D
177B
18B2
19E1
1B06
1C23
1D36
1E3E
1F3B
202D
2113
21ED
22BA
237A
242D
24D2
2568
25F1
266A
26D6
2732
277E
27BC
27EA
2809
2819
2819
280A
27EC
27BF
2783
2738
26DF
2677
2602
257F
24EF
2452
23A8
22F2
2231
2164
208C
1FAB
1EBF
1DCA
1CCD
1BC8
1ABB
19A7
188D
176D
1647
151D
13EF
12BD
1189
1052
0F1A
0DE1
0CA8
0B6F
0A38
0901
07CD
069C
056E
0444
031F
01FF
00E4
FFCF
FEC1
FDBA
FCBA
FBC2
FAD3
F9EC
F90F
F83A
F770
F6AF
F5F9
F54D
F4AA
F412
F386
F304
F28E
F222
F1C3
F16E
F125
F0E8
F0B5
F08E
F073
F062
F05C
F061
F071
F08B
F0B0
F0DE
F117
F159
F1A4
F1F8
F255
F2BA
F327
F39C
F418
F49B
F524
F5B4
F647
F6E0
F77E
F820
F8C7
F972
FA20
FAD1
FB85
FC3B
FCF2
FDAC
FE66
FF20
FFDB
0096
0150
020A
02C2
0378
042C
04DE
058E
063A
06E3
0789
082B
08C9
0962
09F7
0A88
0B13
0B98
0C18
0C92
0D07
0D77
0DE1
0E46
0EA4
0EFD
0F50
0F9D
0FE4
1026
1061
1096
10C6
10F0
1113
1132
114A
115D
116A
1172
1175
1173
116B
115F
114E
1138
111E
1100
10DD
10B7
108D
1060
102F
0FFB
0FC5
0F8B
0F50
0F12
0ED2
0E90
0E4C
0E07
0DC0
0D78
0D2F
0CE4
0C9A
0C4E
0C02
0BB6
0B69
0B1D
0AD0
0A84
0A37
09EB
09A0
0955
090B
08C2
0879
0832
07EC
07A6
0762
071F
06DE
069D
065E
0620
05E4
05A9
056F
0536
04FF
04C9
0494
0460
042E
03FD
03CC
039D
036F
0342
0316
02EA
02C0
0296
026D
0245
021D
01F5
01CF
01A8
0182
015C
0137
0111
00EC
00C7
00A2
007D
0059
0034
0010
FFEC
FFC8
FFA4
FF80
FF5D
FF39
FF16
FEF3
FED1
FEAF
FE8D
FE6C
FE4C
FE2C
FE0D
FDEE
FDD1
FDB4
FD98
FD7E
FD64
FD4B
FD33
FD1D
FD08
FCF5
FCE3
FCD3
FCC5
FCB9
FCAE
FCA6
FCA0
FC9D
FC9C
FC9E
FCA3
FCAA
FCB5
FCC2
FCD3
FCE7
FCFF
FD1A
FD39
FD5B
FD81
FDAB
FDD9
FE0B
FE41
FE7B
FEB9
FEFC
FF42
FF8D
FFDC
002F
0086
00E1
0141
01A4
020B
0277
02E6
0359
03CF
0449
04C7
0548
05CC
0653
06DD
076A
07FA
088C
0920
09B7
0A50
0AEA
0B86
0C23
0CC2
0D62
0E03
0EA5
0F47
0FEA
108D
1130
11D4
1277
1319
13BA
145B
14FB
1599
1635
16D0
1768
17FF
1893
1924
19B2
1A3E
1AC6
1B4B
1BCD
1C4A
1CC4
1D3A
1DAC
1E19
1E83
1EE7
1F48
1FA3
1FF9
204B
2098
20E0
2123
2162
219B
21D0
21FF
222A
2250
2271
228D
22A4
22B6
22C3
22CC
22D0
22CF
22CA
22C1
22B3
22A0
228A
226F
2250
222E
2207
21DC
21AE
217D
2147
210E
20D2
2093
2050
200B
1FC2
1F77
1F28
1ED7
1E84
1E2E
1DD5
1D7A
1D1D
1CBD
1C5C
1BF8
1B92
1B2A
1AC0
1A54
19E6
1977
1905
1892
181D
17A6
172E
16B3
1637
15B9
153A
14B9
1436
13B2
132B
12A2
1218
118B
10FD
106C
0FD9
0F44
0EAD
0E13
0D78
0CDA
0C39
0B97
0AF2
0A4A
09A0
08F4
0845
0794
06E0
062A
0572
04B8
03FB
033C
027B
01B8
00F3
002D
FF64
FE9B
FDCF
FD03
FC35
FB67
FA98
F9C8
F8F8
F828
F758
F689
F5BA
F4EC
F41F
F354
F28A
F1C2
F0FD
F03A
EF7A
EEBE
EE05
ED50
EC9F
EBF3
EB4C
EAAA
EA0D
E977
E8E6
E85B
E7D8
E75B
E6E7
E67A
E616
E5BA
E568
E51F
E4DF
E4A9
E47D
E45C
E445
E43A
E439
E443
E459
E47B
E4A8
E4E1
E525
E576
E5D3
E63C
E6B1
E732
E7BF
E857
E8FC
E9AC
EA67
EB2D
EBFE
ECDB
EDC1
EEB2
EFAD
F0B2
F1BF
F2D6
F3F5
F51C
F64B
F780
F8BC
F9FE
FB45
FC92
FDE2
FF36
008D
01E6
0342
049E
05FB
0757
08B2
0A0C
0B63
0CB8
0E08
0F54
109C
11DE
1319
144D
1579
169D
17B8
18C9
19CF
1ACB
1BBB
1C9E
1D75
1E3F
1EFA
1FA8
2046
20D6
2156
21C6
2226
2275
22B3
22E0
22FC
2307
2300
22E7
22BC
2280
2232
21D3
2162
20E0
204C
1FA8
1EF3
1E2D
1D58
1C73
1B7E
1A7B
196A
184B
171F
15E7
14A2
1352
11F8
1094
0F27
0DB1
0C34
0AB0
0926
0797
0603
046C
02D3
0138
FF9C
FE00
FC65
FACC
F934
F7A0
F60F
F484
F300
F181
F00B
EE9D
ED38
EBDD
EA8D
E949
E810
E6E5
E5C6
E4B6
E3B5
E2C2
E1DF
E10C
E04A
DF98
DEF8
DE69
DDEC
DD81
DD27
DCE0
DCAB
DC89
DC78
DC7A
DC8C
DCB1
DCE7
DD2E
DD87
DDF0
DE69
DEF3
DF8C
E033
E0EA
E1AE
E27F
E35D
E446
E53B
E63B
E744
E856
E970
EA92
EBBA
ECE7
EE1A
EF50
F089
F1C5
F301
F43E
F57B
F6B6
F7EF
F924
FA56
FB82
FCAA
FDCB
FEE4
FFF7
0100
0201
02F8
03E4
04C5
059A
0664
0720
07D0
0872
0906
098B
0A03
0A6B
0AC4
0B0F
0B4A
0B76
0B92
0B9F
0B9E
0B8D
0B6D
0B3F
0B02
0AB6
0A5D
09F7
0983
0904
0879
07E3
0742
0697
05E3
0526
0461
0395
02C3
01EB
010E
002E
FF4A
FE63
FD7B
FC92
FBAA
FAC2
F9DD
F8FA
F81A
F73F
F669
F599
F4D0
F40E
F354
F2A4
F1FD
F160
F0CE
F048
EFCF
EF62
EF02
EEB0
EE6C
EE36
EE0F
EDF7
EDEE
EDF5
EE0B
EE30
EE65
EEAA
EEFE
EF61
EFD4
F055
F0E5
F184
F230
F2EA
F3B1
F485
F565
F650
F746
F846
F951
FA64
FB7F
FCA1
FDCA
FEF9
002C
0163
029E
03DA
0518
0656
0794
08D0
0A09
0B3F
0C71
0D9E
0EC4
0FE3
10FB
1209
130E
1408
14F8
15DB
16B1
177B
1836
18E2
197F
1A0D
1A8A
1AF6
1B51
1B9A
1BD1
1BF7
1C0A
1C0B
1BF9
1BD5
1B9E
1B55
1AFA
1A8D
1A0E
197E
18DC
182A
1768
1696
15B5
14C5
13C7
12BD
11A5
1083
0F55
0E1D
0CDC
0B93
0A42
08EB
078E
062C
04C7
035F
01F6
008C
FF23
FDBB
FC56
FAF5
F998
F841
F6F1
F5A9
F469
F333
F208
F0E9
EFD6
EED0
EDD8
ECEF
EC16
EB4D
EA94
E9EE
E959
E8D7
E868
E80D
E7C5
E791
E771
E765
E76E
E78B
E7BE
E804
E860
E8CF
E953
E9EB
EA96
EB54
EC24
ED07
EDFC
EF01
F017
F13C
F271
F3B3
F503
F660
F7C8
F93B
FAB7
FC3D
FDCA
FF5F
00F9
0298
043B
05DF
0786
092D
0AD3
0C79
0E1C
0FBB
1157
12ED
147C
1604
1784
18FB
1A68
1BCA
1D20
1E6A
1FA7
20D5
21F6
2307
2408
24F9
25D9
26A8
2765
2811
28AA
2931
29A6
2A07
2A56
2A92
2ABA
2ACF
2AD2
2AC3
2AA1
2A6D
2A28
29D2
296B
28F3
286C
27D5
2730
267D
25BD
24EF
2416
2332
2243
214A
2049
1F3F
1E2E
1D17
1BFA
1AD8
19B3
188A
175F
1632
1505
13D8
12AC
1181
1059
0F33
0E11
0CF4
0BDC
0AC9
09BC
08B7
07B8
06C2
05D4
04EE
0412
033F
0276
01B7
0102
0057
FFB8
FF23
FE98
FE19
FDA4
FD3A
FCDB
FC86
FC3C
FBFB
FBC5
FB98
FB75
FB5A
FB48
FB3E
FB3C
FB41
FB4D
FB5F
FB77
FB94
FBB6
FBDC
FC05
FC32
FC61
FC93
FCC5
FCF9
FD2C
FD60
FD92
FDC3
FDF3
FE20
FE4A
FE71
FE95
FEB4
FECF
FEE5
FEF6
FF01
FF06
FF05
FEFF
FEF2
FEDE
FEC4
FEA4
FE7D
FE4F
FE1B
FDE1
FDA0
FD59
FD0C
FCB9
FC61
FC04
FBA1
FB3B
FACF
FA60
F9EE
F979
F901
F887
F80C
F790
F713
F697
F61B
F5A0
F527
F4B0
F43C
F3CB
F35E
F2F6
F294
F237
F1E0
F190
F148
F107
F0CF
F0A0
F07A
F05E
F04C
F044
F048
F056
F070
F096
F0C8
F105
F150
F1A6
F209
F278
F2F3
F37B
F40F
F4B0
F55B
F613
F6D6
F7A4
F87D
F960
FA4D
FB43
FC43
FD4B
FE5B
FF73
0091
01B6
02E1
0410
0543
067B
07B5
08F1
0A2E
0B6C
0CAB
0DE8
0F24
105D
1193
12C6
13F3
151C
163E
175A
186E
197A
1A7E
1B78
1C68
1D4E
1E28
1EF8
1FBB
2072
211C
21B8
2247
22C8
233B
239F
23F5
243C
2474
249C
24B6
24C1
24BD
24AA
2488
2457
2419
23CC
2371
2309
2294
2213
2184
20EB
2046
1F97
1EDD
1E1B
1D50
1C7C
1BA2
1AC0
19D9
18ED
17FC
1708
1611
1518
141D
1322
1227
112D
1035
0F40
0E4D
0D5F
0C76
0B92
0AB5
09DE
090F
0847
0789
06D4
0628
0587
04F1
0466
03E6
0372
030A
02AF
0261
0220
01EC
01C5
01AB
01A0
01A1
01B1
01CD
01F8
022F
0274
02C5
0323
038E
0404
0486
0514
05AC
064F
06FB
07B2
0871
0938
0A07
0ADD
0BBA
0C9D
0D85
0E71
0F62
1055
114B
1243
133B
1434
152D
1624
171A
180C
18FC
19E8
1ACF
1BB0
1C8C
1D61
1E30
1EF6
1FB4
2069
2115
21B7
224F
22DC
235E
23D5
243F
249D
24EF
2535
256F
259B
25BB
25CE
25D4
25CD
25B9
2598
256B
2530
24EA
2496
2437
23CB
2354
22D2
2245
21AD
210A
205E
1FA8
1EEA
1E22
1D53
1C7C
1B9F
1ABB
19D1
18E0
17EB
16F2
15F6
14F7
13F5
12F2
11EE
10EA
0FE5
0EE2
0DE1
0CE1
0BE5
0AEB
09F6
0905
0819
0733
0653
0579
04A7
03DC
0319
025E
01AD
0104
0065
FFD0
FF45
FEC5
FE4F
FDE4
FD84
FD2F
FCE6
FCA8
FC75
FC4E
FC32
FC22
FC1D
FC23
FC35
FC52
FC79
FCAC
FCE9
FD30
FD82
FDDD
FE41
FEAF
FF25
FFA4
002B
00BA
0150
01EC
028F
0338
03E6
0499
0550
060E
06CE
0792
0858
0921
09EA
0AB5
0B80
0C4A
0D14
0DDD
0EA3
0F68
1029
10E7
11A1
1256
1307
13B2
1457
14F5
158D
161D
16A6
1727
17A0
180F
1876
18D3
1927
1970
19B0
19E6
1A12
1A33
1A4A
1A56
1A57
1A4C
1A37
1A17
19EC
19B7
1976
192B
18D5
1875
180B
1797
1719
1692
1602
1569
14C7
141D
136C
12B3
11F3
112D
1060
0F8E
0EB6
0DDA
0CF9
0C13
0B2A
0A3D
094E
085E
076C
067A
0587
0495
03A4
02B4
01C7
00DC
FFF5
FF12
FE33
FD59
FC85
FBB7
FAEF
FA2F
F976
F8C5
F81D
F77D
F6E7
F65B
F5D8
F560
F4F3
F491
F43A
F3EB
F3A9
F371
F346
F327
F313
F30C
F310
F321
F33D
F366
F39A
F3D9
F424
F47A
F4DB
F547
F5BD
F63D
F6C6
F759
F7F4
F898
F944
F9F7
FAB1
FB71
FC37
FD02
FDD2
FEA6
FF7D
0057
0132
0210
02EE
03CC
04AA
0587
0662
073B
0811
08E3
09B0
0A79
0B3C
0BF8
0CAE
0D5C
0E01
0E9F
0F33
0FBD
103D
10B2
111D
117C
11CF
1216
1250
127E
129F
12B2
12B9
12B2
129E
127D
124E
1212
11C9
1173
1110
10A0
1024
0F9C
0F09
0E6A
0DC0
0D0C
0C4E
0B86
0AB6
09DE
08FE
0817
072A
0637
053F
0444
0345
0243
0140
003C
FF37
FE34
FD31
FC31
FB34
FA3A
F946
F857
F76E
F68C
F5B2
F4E1
F419
F35B
F2A8
F200
F163
F0D3
F050
EFDB
EF73
EF1A
EECF
EE93
EE66
EE49
EE3C
EE3E
EE50
EE72
EEA4
EEE5
EF36
EF97
F007
F086
F113
F1AF
F259
F310
F3D4
F4A5
F581
F668
F759
F853
F956
FA61
FB73
FC8A
FDA7
FEC7
FFEB
0110
0236
035B
0480
05A2
06C0
07DA
08EE
09FB
0B00
0BFD
0CEF
0DD7
0EB2
0F81
1042
10F5
1198
122B
12AC
131C
1379
13C2
13F7
1418
1424
141B
13FB
13C5
1379
1316
129C
120C
1165
10A6
0FD1
0EE6
0DE5
0CCE
0BA2
0A60
090B
07A2
0626
0498
02F9
014A
FF8C
FDC0
FBE6
FA01
F810
F616
F414
F20A
EFFB
EDE7
EBD1
E9B9
E7A1
E58B
E378
E169
DF61
DD60
DB68
D97B
D799
D5C6
D401
D24D
D0AB
CF1C
CDA2
CC3D
CAF0
C9BB
C89F
C79E
C6B8
C5EE
C543
C4B5
C446
C3F8
C3C9
C3BB
C3CF
C404
C45C
C4D5
C571
C62F
C70F
C811
C935
CA7A
CBE0
CD67
CF0E
D0D4
D2B9
D4BB
D6DA
D914
DB69
DDD8
E05E
E2FC
E5AF
E875
EB4D
EE37
F130
F437
F74B
FA69
FD90
00BE
03F2
0729
0A62
0D9B
10D3
1406
1735
1A5C
1D7A
208D
2394
268D
2976
2C4D
2F12
31C2
345B
36DE
3947
3B97
3DCB
3FE2
41DC
43B6
4570
470A
4883
49D9
4B0D
4C1E
4D0C
4DD6
4E7B
4EFD
4F5A
4F93
4FA8
4F99
4F66
4F10
4E98
4DFD
4D41
4C64
4B67
4A4B
4911
47BA
4646
44B8
4311
4150
3F79
3D8D
3B8C
3979
3754
3521
32DE
3090
2E36
2BD3
2968
26F6
2480
2208
1F8D
1D13
1A9B
1826
15B6
134C
10EA
0E91
0C42
09FF
07CA
05A2
038A
0183
FF8D
FDAA
FBDA
FA1F
F878
F6E7
F56D
F40B
F2C0
F18C
F071
EF6F
EE85
EDB3
ECFA
EC5A
EBD2
EB62
EB0A
EACA
EAA1
EA8E
EA91
EAA9
EAD6
EB17
EB6B
EBD2
EC49
ECD1
ED68
EE0E
EEC1
EF80
F04A
F11E
F1FB
F2DF
F3CA
F4B9
F5AB
F6A1
F798
F890
F987
FA7C
FB6E
FC5C
FD44
FE27
FF02
FFD4
009E
015D
0212
02BA
0356
03E4
0465
04D7
053A
058D
05D0
0603
0625
0635
0635
0623
0600
05CB
0584
052C
04C2
0447
03BC
0320
0274
01B8
00ED
0013
FF2B
FE36
FD33
FC25
FB0B
F9E7
F8B9
F782
F642
F4FC
F3AE
F25C
F105
EFAA
EE4C
ECED
EB8D
EA2D
E8CE
E771
E617
E4C0
E36F
E224
E0DF
DFA2
DE6D
DD40
DC1D
DB04
D9F6
D8F4
D7FD
D713
D636
D567
D4A6
D3F3
D34F
D2B9
D233
D1BD
D156
D0FF
D0B7
D07F
D057
D03F
D037
D03E
D054
D079
D0AD
D0F0
D141
D1A1
D20D
D288
D30F
D3A2
D441
D4EC
D5A1
D661
D72A
D7FD
D8D8
D9BC
DAA7
DB99
DC91
DD8F
DE92
DF9A
E0A5
E1B4
E2C6
E3DB
E4F1
E609
E721
E83A
E952
EA6B
EB82
EC98
EDAC
EEBE
EFCE
F0DB
F1E6
F2ED
F3F1
F4F1
F5EE
F6E7
F7DD
F8CE
F9BB
FAA5
FB8A
FC6B
FD49
FE22
FEF8
FFC9
0097
0162
0229
02ED
03AD
046B
0526
05DE
0694
0747
07F8
08A7
0955
0A02
0AAF
0B59
0C02
0CAA
0D51
0DF7
0E9C
0F3F
0FE3
1085
1126
11C7
1267
1306
13A4
1441
14DD
1578
1611
16A9
1740
17D4
1866
18F6
1984
1A0E
1A95
1B19
1B99
1C15
1C8C
1D00
1D6F
1DD8
1E3B
1E98
1EED
1F3C
1F83
1FC1
1FF7
2025
2048
2062
2072
2078
2073
2062
2046
201F
1FEB
1FAC
1F5F
1F07
1EA1
1E2E
1DAF
1D22
1C89
1BE2
1B2E
1A6D
19A0
18C4
17DC
16E7
15E7
14DC
13C5
12A4
1178
1042
0F03
0DBC
0C6C
0B14
09B5
0850
06E5
0575
0400
0289
010E
FF91
FE14
FC96
FB18
F99C
F822
F6AC
F539
F3CC
F264
F103
EFA9
EE57
ED0E
EBCF
EA9B
E974
E859
E74C
E64D
E55D
E47C
E3AC
E2ED
E240
E1A4
E11B
E0A4
E041
DFF1
DFB5
DF8D
DF79
DF79
DF8E
DFB7
DFF5
E046
E0AC
E125
E1B2
E252
E305
E3CB
E4A3
E58D
E688
E792
E8AD
E9D6
EB0D
EC51
EDA2
EEFE
F065
F1D6
F34E
F4CF
F656
F7E2
F973
FB07
FC9E
FE35
FFCC
0162
02F6
0486
0612
0798
0917
0A8E
0BFC
0D60
0EB9
1006
1146
1278
139B
14AE
15B1
16A3
1783
1850
190A
19B0
1A42
1ABF
1B27
1B7A
1BB7
1BDF
1BF0
1BEC
1BD1
1BA1
1B5A
1AFE
1A8D
1A07
196C
18BC
17F9
1723
163A
153F
1432
1316
11E8
10AB
0F60
0E08
0CA4
0B34
09BB
0838
06AD
051C
0385
01E9
004A
FEA8
FD05
FB63
F9C2
F823
F687
F4F1
F360
F1D6
F055
EEDC
ED6E
EC0A
EAB3
E968
E82C
E6FE
E5E0
E4D2
E3D6
E2EB
E212
E14C
E099
DFF9
DF6D
DEF5
DE92
DE43
DE08
DDE2
DDD1
DDD4
DDEC
DE17
DE57
DEAA
DF10
DF89
E014
E0B0
E15E
E21C
E2E9
E3C5
E4B0
E5A7
E6AA
E7B9
E8D3
E9F5
EB22
EC56
ED90
EED0
F013
F159
F2A1
F3EA
F532
F679
F7BD
F8FD
FA39
FB6E
FC9D
FDC4
FEE2
FFF7
0101
01FF
02F1
03D5
04AC
0574
062D
06D6
076E
07F6
086C
08D0
0923
0963
0990
09AA
09B2
09A6
0988
0957
0913
08BD
0854
07DA
074E
06B1
0604
0546
047A
039F
02B5
01BF
00BC
FFAD
FE94
FD71
FC45
FB11
F9D7
F896
F750
F607
F4BA
F36C
F21D
F0CF
EF81
EE35
ECED
EBA9
EA6B
E933
E803
E6DB
E5BD
E4A8
E39F
E2A2
E1B1
E0CE
DFF8
DF32
DE7B
DDD3
DD3C
DCB6
DC41
DBDD
DB8C
DB4C
DB1F
DB03
DAFA
DB04
DB20
DB4D
DB8D
DBDF
DC41
DCB5
DD3A
DDD0
DE75
DF29
DFEC
E0BD
E19B
E285
E37C
E47D
E588
E69D
E7BA
E8DE
EA08
EB38
EC6C
EDA4
EEDD
F019
F154
F28F
F3C8
F4FF
F631
F75F
F888
F9AA
FAC4
FBD6
FCDF
FDDE
FED2
FFBB
0098
0169
022C
02E1
0388
0420
04A9
0522
058C
05E5
062E
0667
068F
06A7
06AE
06A6
068C
0663
062B
05E2
058B
0526
04B2
0431
03A3
0308
0262
01B1
00F6
0031
FF64
FE8E
FDB2
FCD0
FBE9
FAFE
FA0F
F91F
F82E
F73C
F64C
F55E
F472
F38B
F2A9
F1CD
F0F7
F02A
EF66
EEAB
EDFB
ED57
ECBF
EC34
EBB7
EB48
EAE9
EA99
EA59
EA2A
EA0C
EA00
EA06
EA1D
EA47
EA82
EAD0
EB31
EBA4
EC29
ECC1
ED6A
EE25
EEF1
EFCE
F0BB
F1B9
F2C6
F3E1
F50B
F643
F786
F8D6
FA31
FB96
FD05
FE7C
FFFA
017E
0308
0496
0627
07B9
094D
0AE1
0C73
0E03
0F90
1118
129B
1416
158A
16F5
1857
19AD
1AF8
1C35
1D65
1E87
1F99
209A
218B
226A
2337
23F1
2498
252A
25A9
2612
2667
26A7
26D1
26E5
26E4
26CD
26A0
265E
2607
259C
251C
2487
23DF
2324
2257
2178
2087
1F86
1E75
1D55
1C27
1AEC
19A5
1853
16F6
1590
1422
12AD
1133
0FB3
0E30
0CAA
0B23
099C
0815
0691
0510
0394
021E
00AE
FF46
FDE7
FC91
FB46
FA06
F8D3
F7AE
F696
F58E
F496
F3AE
F2D7
F212
F15F
F0BF
F032
EFB9
EF54
EF02
EEC5
EE9C
EE88
EE88
EE9C
EEC4
EF00
EF50
EFB4
F02A
F0B4
F150
F1FE
F2BC
F38B
F469
F555
F650
F757
F86A
F989
FAB1
FBE3
FD1C
FE5D
FFA4
00EF
023F
0391
04E4
0638
078B
08DC
0A2A
0B74
0CB9
0DF7
0F2F
105D
1183
129D
13AD
14B1
15A7
1690
176A
1834
18EF
1998
1A31
1AB7
1B2A
1B8B
1BD9
1C12
1C38
1C4A
1C47
1C30
1C05
1BC5
1B72
1B0A
1A8E
19FE
195B
18A6
17DE
1704
1618
151C
1410
12F4
11CA
1092
0F4E
0DFD
0CA1
0B3B
09CC
0854
06D5
0550
03C5
0237
00A6
FF13
FD7F
FBEB
FA59
F8C9
F73E
F5B7
F435
F2BB
F149
EFDF
EE7F
ED2B
EBE2
EAA5
E976
E856
E744
E642
E551
E471
E3A2
E2E6
E23C
E1A5
E121
E0B0
E054
E00B
DFD7
DFB7
DFAB
DFB3
DFD0
E001
E046
E09E
E10A
E189
E21A
E2BE
E374
E43B
E512
E5FA
E6F1
E7F7
E90B
EA2C
EB59
EC93
EDD6
EF24
F07A
F1D8
F33E
F4A9
F61A
F78F
F907
FA82
FBFF
FD7B
FEF8
0073
01EB
0361
04D2
063F
07A5
0906
0A5F
0BAF
0CF7
0E36
0F6A
1093
11B2
12C4
13CA
14C2
15AE
168C
175C
181D
18D0
1973
1A08
1A8E
1B05
1B6C
1BC5
1C0E
1C49
1C75
1C92
1CA1
1CA1
1C94
1C7A
1C52
1C1E
1BDD
1B91
1B39
1AD7
1A6A
19F3
1974
18EC
185C
17C5
1727
1683
15DA
152C
147A
13C5
130D
1253
1198
10DB
101E
0F62
0EA6
0DEC
0D34
0C7E
0BCC
0B1E
0A73
09CD
092C
0891
07FB
076C
06E3
0660
05E5
0571
0504
049F
0442
03EC
039E
0358
031A
02E3
02B3
028B
026A
0250
023D
0231
022C
022D
0234
0241
0254
026B
0288
02A8
02CD
02F5
0321
034F
0380
03B2
03E6
041B
0451
0486
04BC
04F0
0524
0555
0585
05B2
05DC
0603
0622
063E
0655
0667
0675
067C
067E
067A
0670
065F
0648
062A
0606
05DA
05A7
056D
052C
04E3
0494
043D
03DF
037A
030E
029B
0222
01A2
011C
0090
FFFE
FF67
FECA
FE28
FD7F
FCD3
FC22
FB6D
FAB4
F9F9
F93B
F87A
F7B8
F6F4
F62F
F569
F4A3
F3DD
F318
F254
F191
F0D0
F011
EF56
EE9D
EDE7
ED36
EC88
EBDF
EB3B
EA9D
EA04
E971
E8E3
E85D
E7DD
E764
E6F3
E688
E626
E5CB
E577
E52C
E4E9
E4AE
E47B
E450
E42E
E414
E402
E3F9
E3F8
E3FF
E40E
E426
E446
E46D
E49D
E4D4
E512
E558
E5A5
E5FA
E655
E6B7
E71F
E78D
E802
E87C
E8FC
E981
EA0B
EA9A
EB2E
EBC7
EC63
ED04
EDA8
EE4F
EEFA
EFA8
F058
F10A
F1BF
F275
F32E
F3E7
F4A2
F55E
F61A
F6D7
F795
F852
F910
F9CD
FA8A
FB46
FC02
FCBC
FD76
FE2E
FEE4
FF9A
004D
0100
01B0
025F
030C
03B7
0460
0507
05AB
064E
06EE
078C
0828
08C1
0958
09ED
0A7E
0B0E
0B9A
0C24
0CAB
0D30
0DB1
0E30
0EAC
0F25
0F9B
100D
107D
10E9
1152
11B7
1218
1276
12D1
1328
137B
13CA
1415
145D
14A1
14E0
151C
1554
1587
15B7
15E2
1609
162C
164B
1665
167B
168C
1699
16A2
16A6
16A6
16A1
1698
168A
1677
165F
1642
1621
15FB
15D0
15A1
156E
1535
14F9
14B8
1474
142B
13DE
138E
133A
12E2
1288
122A
11C9
1166
1101
1099
102F
0FC4
0F57
0EEA
0E7B
0E0C
0D9C
0D2D
0CBE
0C50
0BE1
0B74
0B09
0A9F
0A38
09D4
0973
0915
08BB
0865
0814
07C7
0780
073E
0702
06CC
069C
0673
0651
0636
0623
0617
0614
0619
0626
063D
065C
0684
06B6
06F1
0735
0784
07DC
083E
08AA
0920
09A1
0A2B
0ABF
0B5E
0C06
0CB8
0D73
0E38
0F06
0FDD
10BD
11A5
1296
138E
148E
1596
16A4
17B9
18D5
19F6
1B1C
1C47
1D76
1EA9
1FE0
2119
2255
2393
24D3
2613
2754
2894
29D4
2B12
2C4E
2D88
2EBE
2FF0
311E
3248
336B
3489
35A0
36AF
37B7
38B7
39AE
3A9B
3B7F
3C58
3D27
3DEA
3EA2
3F4E
3FEE
4080
4106
417E
41E9
4245
4293
42D3
4304
4327
433A
433E
4334
431A
42F1
42B9
4272
421B
41B6
4142
40BF
402D
3F8D
3EDF
3E23
3D5A
3C83
3B9F
3AAF
39B2
38AA
3796
3677
354D
3419
32DC
3195
3046
2EEF
2D91
2C2B
2ABF
294D
27D6
265B
24DB
2358
21D2
2049
1EBF
1D34
1BA9
1A1D
1893
170A
1582
13FD
127C
10FD
0F83
0E0E
0C9D
0B33
09CE
0870
071A
05CA
0483
0344
020E
00E1
FFBE
FEA5
FD96
FC91
FB96
FAA6
F9C2
F8E8
F81A
F758
F6A1
F5F6
F557
F4C4
F43D
F3C3
F354
F2F2
F29C
F252
F214
F1E2
F1BB
F1A1
F192
F18F
F198
F1AB
F1CA
F1F3
F228
F267
F2B0
F303
F360
F3C6
F436
F4AE
F52F
F5B9
F64A
F6E3
F784
F82C
F8DB
F991
FA4D
FB10
FBD8
FCA5
FD78
FE50
FF2D
000E
00F4
01DD
02CA
03BA
04AE
05A4
069D
0798
0896
0995
0A97
0B9A
0C9E
0DA3
0EA9
0FB0
10B6
11BD
12C4
13CA
14CF
15D4
16D7
17D9
18DA
19D9
1AD6
1BD0
1CC9
1DBE
1EB1
1FA1
208E
2177
225C
233E
241B
24F4
25C8
2698
2763
282A
28EB
29A7
2A5D
2B0D
2BB7
2C5B
2CF8
2D8F
2E1E
2EA6
2F26
2F9E
300F
3077
30D7
312E
317B
31C0
31FB
322D
3255
3272
3286
328F
328D
3281
3269
3247
3219
31E0
319B
314B
30EF
3088
3015
2F96
2F0B
2E75
2DD3
2D26
2C6D
2BA9
2AD9
29FE
2917
2826
272A
2624
2513
23F8
22D3
21A5
206E
1F2D
1DE4
1C93
1B3A
19D9
1872
1704
1590
1416
1297
1113
0F8B
0DFF
0C70
0ADE
094B
07B7
0622
048D
02F8
0165
FFD4
FE45
FCB9
FB31
F9AD
F82E
F6B4
F541
F3D5
F26F
F112
EFBD
EE72
ED2F
EBF7
EACA
E9A7
E890
E785
E686
E594
E4AE
E3D6
E30C
E24F
E1A1
E101
E070
DFEE
DF7B
DF16
DEC1
DE7B
DE44
DE1B
DE02
DDF8
DDFC
DE0F
DE31
DE60
DE9D
DEE8
DF40
DFA4
E015
E092
E11B
E1AF
E24D
E2F5
E3A7
E461
E523
E5EC
E6BD
E794
E871
E954
EA3B
EB26
EC15
ED07
EDFA
EEF0
EFE6
F0DC
F1D1
F2C6
F3B9
F4AA
F597
F682
F768
F849
F926
F9FD
FACE
FB99
FC5C
FD18
FDCD
FE7A
FF1E
FFBA
004B
00D2
0151
01C7
0233
0296
02F0
0340
0387
03C5
03F9
0424
0447
0460
0471
047A
047B
0474
0465
044F
0433
0410
03E7
03B9
0385
034D
0310
02D0
028D
0247
01FE
01B4
0169
011D
00D1
0086
003C
FFF3
FFAC
FF68
FF27
FEE8
FEAE
FE77
FE45
FE17
FDEE
FDCA
FDAC
FD94
FD81
FD74
FD6D
FD6C
FD72
FD7D
FD8F
FDA7
FDC5
FDE9
FE12
FE42
FE76
FEB0
FEF1
FF37
FF81
FFCF
0021
0076
00CE
0129
0186
01E4
0243
02A2
0302
0361
03BE
041A
0473
04CA
051D
056B
05B5
05FA
0638
0671
06A2
06CB
06ED
0706
0716
071C
0718
070A
06F2
06CE
069F
0665
061E
05CC
056D
0501
0489
0405
0374
02D6
022C
0176
00B4
FFE6
FF0C
FE27
FD37
FC3D
FB39
FA2B
F914
F7F5
F6CD
F59F
F46A
F32F
F1EE
F0AA
EF61
EE16
ECC9
EB7A
EA2A
E8DC
E78E
E643
E4FB
E3B8
E279
E140
E00D
DEE3
DDC0
DCA7
DB98
DA94
D99C
D8B0
D7D2
D701
D63F
D58C
D4E8
D455
D3D3
D363
D304
D2B7
D27D
D255
D241
D240
D251
D276
D2AF
D2FC
D35C
D3CF
D456
D4EF
D59B
D65A
D72A
D80C
D8FF
DA02
DB16
DC38
DD68
DEA7
DFF2
E14A
E2AD
E41A
E591
E711
E898
EA26
EBBA
ED52
EEEF
F08E
F22F
F3D1
F571
F710
F8AD
FA46
FBDC
FD6D
FEF8
007C
01F9
036D
04D9
063A
0791
08DC
0A1B
0B4E
0C73
0D8B
0E95
0F91
107D
115A
1228
12E7
1395
1434
14C3
1542
15B2
1611
1662
16A3
16D4
16F7
170C
1713
170D
16FA
16DB
16B0
167B
163B
15F2
15A0
1546
14E5
147D
1410
139D
1327
12AD
1231
11B4
1135
10B7
103A
0FBE
0F45
0ECF
0E5D
0DF0
0D88
0D26
0CCB
0C79
0C2E
0BEC
0BB2
0B81
0B5A
0B3C
0B28
0B1E
0B1F
0B29
0B3E
0B5D
0B87
0BBA
0BF7
0C3E
0C8D
0CE6
0D47
0DB0
0E20
0E97
0F15
0F97
101F
10AB
113A
11CB
125F
12F3
1387
141B
14AD
153D
15C8
164F
16D0
174A
17BC
1825
1885
18DA
1924
1961
1991
19B3
19C7
19CA
19BD
19A0
1971
192F
18DB
1874
17F9
176B
16C8
1611
1546
1466
1372
1268
114B
1019
0ED3
0D79
0C0C
0A8C
08FA
0756
05A1
03DC
0208
0025
FE35
FC38
FA2F
F81C
F5FF
F3DB
F1AF
EF7E
ED48
EB0F
E8D4
E699
E460
E228
DFF5
DDC6
DB9F
D97F
D769
D55E
D360
D16F
CF8D
CDBB
CBFB
CA4E
C8B5
C730
C5C2
C46B
C32C
C206
C0FA
C008
BF31
BE77
BDD8
BD57
BCF3
BCAC
BC83
BC77
BC8A
BCBA
BD08
BD73
BDFC
BEA1
BF62
C040
C138
C24B
C377
C4BD
C61A
C78F
C919
CAB8
CC6A
CE2F
D005
D1EA
D3DE
D5DE
D7EA
DA00
DC1E
DE43
E06E
E29C
E4CD
E6FE
E92F
EB5D
ED87
EFAC
F1CA
F3DF
F5EB
F7EB
F9DF
FBC6
FD9D
FF64
0119
02BC
044C
05C7
072C
087C
09B5
0AD7
0BE0
0CD2
0DAA
0E6A
0F10
0F9D
1010
106A
10AB
10D2
10E1
10D8
10B6
107D
102E
0FC8
0F4D
0EBD
0E1A
0D65
0C9E
0BC6
0ADF
09EA
08E8
07DC
06C6
05A7
0480
0353
0220
00EB
FFB3
FE7B
FD43
FC0D
FADB
F9AD
F885
F765
F64D
F53F
F43C
F345
F25B
F17F
F0B2
EFF5
EF49
EEAE
EE25
EDB0
ED4D
ECFE
ECC4
EC9E
EC8C
EC92
ECAC
ECDB
ED1F
ED77
EDE3
EE64
EEF7
EF9D
F056
F120
F1FB
F2E6
F3E1
F4E9
F5FF
F722
F84F
F987
FAC7
FC0F
FD5E
FEB2
0009
0163
02BE
0419
0573
06C9
081C
0968
0AAE
0BEA
0D1D
0E45
0F60
106E
116E
125E
133D
140B
14C6
156D
1601
167F
16E8
173B
1777
179C
17AA
17A0
177E
1744
16F2
1689
1608
156F
14BF
13F8
131B
1229
1121
1005
0ED6
0D92
0C3C
0AD5
095E
07D9
0646
04A7
02FD
0149
FF8C
FDC9
FC00
FA33
F863
F691
F4C0
F2F0
F123
EF5A
ED98
EBDC
EA29
E880
E6E3
E552
E3CE
E25A
E0F6
DFA4
DE64
DD37
DC1E
DB1A
DA2C
D954
D894
D7EB
D75B
D6E4
D685
D640
D615
D602
D60A
D62A
D664
D6B6
D722
D7A5
D840
D8F1
D9BA
DA97
DB8A
DC90
DDA9
DED5
E011
E15D
E2B8
E420
E594
E713
E89C
EA2B
EBC2
ED5D
EEFE
F0A0
F245
F3E9
F58C
F72C
F8C8
FA5E
FBEE
FD76
FEF5
006A
01D3
0330
047F
05BF
06F0
0810
0920
0A1D
0B08
0BE0
0CA5
0D55
0DF0
0E77
0EEA
0F47
0F8E
0FBF
0FDB
0FE2
0FD4
0FB2
0F7C
0F33
0ED6
0E68
0DE8
0D56
0CB5
0C05
0B46
0A7A
09A1
08BD
07CE
06D7
05D7
04D0
03C3
02B2
019D
0086
FF6E
FE56
FD3F
FC2A
FB19
FA0D
F906
F808
F711
F622
F53D
F463
F394
F2D0
F21A
F171
F0D6
F049
EFCC
EF5E
EF00
EEB1
EE73
EE45
EE28
EE1B
EE1E
EE31
EE54
EE87
EEC8
EF18
EF77
EFE3
F05B
F0E0
F171
F20C
F2B1
F360
F417
F4D5
F598
F660
F72C
F7FA
F8CA
F999
FA68
FB35
FBFF
FCC4
FD84
FE3D
FEEF
FF99
0038
00CE
0158
01D5
0245
02A7
02FB
033F
0373
0396
03A9
03A9
0398
0374
033F
02F5
0299
022A
01A9
0115
006E
FFB6
FEED
FE12
FD27
FC2C
FB22
FA0A
F8E4
F7B1
F673
F52A
F3D8
F27D
F11B
EFB3
EE46
ECD6
EB63
E9F0
E87D
E70D
E5A0
E437
E2D5
E17B
E029
DEE2
DDA6
DC77
DB57
DA46
D947
D85A
D780
D6BB
D60B
D572
D4F1
D488
D438
D402
D3E6
D3E6
D401
D438
D48C
D4FC
D589
D632
D6F8
D7DA
D8D9
D9F3
DB29
DC7A
DDE6
DF6B
E108
E2BE
E48C
E66F
E867
EA73
EC91
EEC1
F101
F34F
F5AB
F812
FA84
FCFE
FF7F
0206
0491
071D
09AA
0C36
0EC0
1145
13C3
163A
18A8
1B0B
1D61
1FA9
21E2
240A
2620
2823
2A10
2BE7
2DA7
2F4E
30DD
3251
33AB
34E9
360B
3710
37F9
38C3
3970
39FF
3A71
3AC4
3AF9
3B10
3B0A
3AE7
3AA8
3A4D
39D6
3944
3899
37D6
36FA
3607
34FF
33E2
32B2
316F
301D
2EBA
2D49
2BCC
2A44
28B3
2719
257A
23D6
222F
2086
1EDD
1D36
1B92
19F3
185A
16C8
153F
13C1
124E
10E8
0F90
0E48
0D10
0BE9
0AD5
09D4
08E7
080E
074C
069F
0608
0588
0520
04CF
0496
0474
0469
0475
0499
04D3
0523
058A
0606
0696
073B
07F3
08BE
099A
0A87
0B84
0C8F
0DA8
0ECD
0FFE
1138
127B
13C6
1516
166B
17C3
191E
1A78
1BD2
1D2A
1E7E
1FCD
2115
2256
238E
24BB
25DD
26F2
27FA
28F3
29DC
2AB4
2B7B
2C2F
2CD0
2D5E
2DD7
2E3A
2E89
2EC1
2EE4
2EF0
2EE6
2EC5
2E8E
2E40
2DDC
2D62
2CD3
2C2E
2B74
2AA7
29C6
28D2
27CC
26B5
258D
2456
2311
21BE
205F
1EF4
1D80
1C02
1A7D
18F1
175F
15CA
1431
1297
10FD
0F64
0DCC
0C39
0AA9
0920
079D
0623
04B2
034B
01F0
00A1
FF5F
FE2C
FD09
FBF5
FAF3
FA01
F922
F855
F79B
F6F5
F662
F5E4
F57A
F524
F4E3
F4B6
F49E
F49A
F4AA
F4CE
F506
F551
F5AE
F61E
F69F
F732
F7D5
F887
F948
FA17
FAF3
FBDC
FCCF
FDCE
FED5
FFE5
00FC
021A
033D
0464
058E
06BA
07E7
0915
0A41
0B6C
0C93
0DB7
0ED6
0FEF
1102
120D
1311
140B
14FC
15E3
16C0
1790
1855
190E
19BB
1A5A
1AEC
1B71
1BE8
1C51
1CAD
1CFC
1D3D
1D70
1D96
1DAF
1DBA
1DB9
1DAC
1D93
1D6E
1D3E
1D04
1CBF
1C71
1C1A
1BBB
1B54
1AE5
1A71
19F7
1978
18F5
186E
17E5
175A
16CD
163F
15B2
1526
149B
1412
138F
1310
1295
121E
11AD
1142
10DC
107D
1025
0FD4
0F8B
0F49
0F0F
0EDD
0EB4
0E93
0E7A
0E69
0E61
0E61
0E68
0E78
0E8F
0EAD
0ED2
0EFE
0F31
0F69
0FA6
0FE9
1030
107B
10CB
111E
1174
11CB
1224
127D
12D6
132E
1386
13DB
142F
147F
14CC
1515
1559
1599
15D3
1607
1635
165C
167D
1696
16A8
16B1
16B3
16AD
169E
1688
1669
1641
1612
15DA
1599
1551
1502
14AB
144E
13EA
1380
1310
129B
1220
11A2
1120
109A
1012
0F88
0EFC
0E6F
0DE2
0D55
0CCA
0C40
0BB8
0B34
0AB3
0A37
09BF
094E
08E3
087E
0821
07CD
0780
073E
0706
06D8
06B5
069C
068F
068E
0699
06B0
06D2
0701
073C
0783
07D6
0835
08A0
0916
0996
0A21
0AB7
0B56
0BFE
0CAF
0D67
0E27
0EED
0FB9
108A
115F
1238
1313
13EF
14CC
15AA
1686
175F
1836
1908
19D6
1A9D
1B5D
1C15
1CC3
1D68
1E03
1E91
1F13
1F87
1FEE
2045
208D
20C4
20EB
2100
2103
20F4
20D2
209D
2055
1FF9
1F89
1F06
1E6E
1DC3
1D02
1C2D
1B45
1A4A
193D
181D
16ED
15AB
1459
12F8
1189
100B
0E81
0CEB
0B4B
09A0
07ED
0633
0472
02AD
00E3
FF18
FD4A
FB7E
F9B2
F7EA
F625
F466
F2AE
F0FE
EF57
EDBC
EC2A
EAA6
E931
E7CB
E675
E532
E401
E2E4
E1DB
E0E7
E00A
DF44
DE94
DDFD
DD7D
DD17
DCC9
DC94
DC79
DC76
DC8D
DCBD
DD05
DD66
DDDE
DE6E
DF15
DFD2
E0A5
E18C
E287
E395
E4B6
E5E7
E728
E878
E9D4
EB3D
ECAF
EE2B
EFAE
F137
F2C4
F454
F5E6
F777
F906
FA92
FC18
FD98
FF10
007D
01DF
0335
047C
05B3
06D8
07EC
08EB
09D5
0AA9
0B66
0C0A
0C95
0D05
0D5A
0D93
0DB0
0DB0
0D93
0D58
0D00
0C89
0BF5
0B42
0A72
0984
0879
0752
060F
04B0
0337
01A4
FFF8
FE35
FC5B
FA6B
F868
F652
F42A
F1F3
EFAD
ED5A
EAFD
E896
E627
E3B1
E136
DEB9
DC3C
D9C0
D747
D4D3
D265
D001
CDA6
CB58
C917
C6E5
C4C5
C2B7
C0BE
BED9
BD0C
BB57
B9BC
B83B
B6D6
B58D
B462
B355
B268
B19A
B0EC
B05F
AFF3
AFA7
AF7D
AF74
AF8C
AFC4
B01D
B096
B12E
B1E5
B2BA
B3AC
B4BA
B5E3
B727
B882
B9F6
BB7F
BD1D
BECE
C090
C262
C442
C62E
C825
CA24
CC2A
CE35
D044
D253
D462
D66E
D875
DA77
DC70
DE5D
E03F
E213
E3D9
E58D
E72F
E8BD
EA37
EB99
ECE4
EE16
EF2E
F02B
F10C
F1D0
F277
F301
F36C
F3B8
F3E6
F3F4
F3E4
F3B5
F367
F2FB
F271
F1CA
F106
F026
EF2C
EE17
ECE9
EBA2
EA44
E8D1
E74A
E5B1
E407
E24E
E089
DEB7
DCDC
DAFA
D912
D725
D537
D349
D15E
CF76
CD94
CBBB
C9EC
C829
C674
C4CF
C33B
C1BC
C051
BEFE
BDC3
BCA3
BB9E
BAB7
B9ED
B943
B8BA
B852
B80D
B7EB
B7ED
B814
B860
B8D2
B969
BA26
BB08
BC10
BD3D
BE8F
C006
C1A0
C35C
C53B
C73B
C95B
CB99
CDF5
D06D
D2FF
D5AA
D86C
DB44
DE2F
E12C
E438
E752
EA76
EDA4
F0D9
F413
F750
FA8D
FDC9
0101
0433
075D
0A7C
0D8F
1093
1386
1667
1932
1BE7
1E83
2104
236A
25B2
27DA
29E2
2BC7
2D8A
2F27
30A0
31F2
331C
341F
34F9
35AA
3630
368C
36BE
36C8
36A7
365E
35ED
3553
3492
33AB
329E
316D
3018
2EA1
2D09
2B52
297E
278D
2582
235D
2123
1ED3
1C70
19FC
177A
14EB
1251
0FAF
0D06
0A5A
07AB
04FD
0253
FFAD
FD0E
FA78
F7ED
F56F
F300
F0A1
EE56
EC1F
E9FE
E7F4
E604
E42F
E276
E0DA
DF5C
DDFE
DCC1
DBA4
DAAA
D9D2
D91D
D88C
D81E
D7D4
D7AE
D7AC
D7CC
D810
D877
D900
D9AE
DA7C
DB6A
DC77
DDA2
DEE9
E04C
E1CA
E35F
E50C
E6CE
E8A5
EA8D
EC87
EE8F
F0A3
F2C3
F4EC
F71D
F953
FB8C
FDC7
0002
023A
046E
069D
08C4
0AE1
0CF3
0EF8
10EF
12D6
14AA
166C
1819
19B1
1B32
1C9C
1DED
1F24
2040
2142
2228
22F1
239E
242F
24A2
24F8
2531
254C
254C
252F
24F6
24A1
2432
23A9
2307
224D
217C
2094
1F97
1E87
1D64
1C30
1AEC
1999
1839
16CE
155A
13DD
1259
10D1
0F46
0DB9
0C2C
0AA2
091B
0799
061E
04AC
0343
01E7
0097
FF56
FE24
FD04
FBF6
FAFC
FA16
F946
F88C
F7EA
F760
F6EE
F696
F658
F636
F62E
F641
F66D
F6B5
F716
F792
F827
F8D6
F99E
FA7E
FB75
FC84
FDA8
FEE1
002F
018F
0301
0484
0617
07B7
0964
0B1D
0CDF
0EA9
107A
1251
142B
1607
17E4
19BF
1B98
1D6D
1F3C
2103
22C1
2475
261D
27B7
2942
2ABD
2C26
2D7D
2EC1
2FEF
3108
320A
32F4
33C7
3480
3520
35A6
3613
3664
369B
36B7
36B8
369F
366C
361E
35B6
3535
349C
33EA
3321
3242
314C
3042
2F25
2DF5
2CB3
2B62
2A02
2895
271C
2598
240C
2278
20DF
1F41
1DA1
1C00
1A60
18C2
1727
1592
1405
127F
1104
0F95
0E32
0CDE
0B99
0A65
0943
0835
073D
0659
058C
04D5
0436
03AF
0341
02ED
02B2
0290
0289
029C
02CA
0311
0372
03ED
0481
052E
05F3
06CF
07C1
08CA
09E7
0B18
0C5B
0DB0
0F14
1088
1208
1395
152B
16CA
1871
1A1C
1BCB
1D7C
1F2D
20DC
2287
242D
25CB
2761
28EB
2A69
2BD9
2D39
2E87
2FC2
30E8
31F8
32F0
33CF
3493
353C
35C8
3637
3686
36B6
36C5
36B3
367F
3629
35B1
3515
3454
3370
3268
313E
2FF2
2E83
2CF3
2B41
296F
277E
256E
2340
20F6
1E91
1C12
197A
16CB
1407
112E
0E44
0B49
083F
0528
0207
FEDD
FBAC
F876
F53E
F204
EECD
EB98
E86A
E542
E225
DF13
DC0F
D91B
D63A
D36C
D0B4
CE13
CB8C
C920
C6D1
C4A0
C28F
C09F
BED2
BD29
BBA4
BA45
B90D
B7FD
B715
B656
B5C1
B555
B513
B4FB
B50D
B54A
B5B0
B640
B6F9
B7DB
B8E5
BA16
BB6E
BCEA
BE8A
C04D
C232
C438
C65C
C89E
CAFB
CD73
D004
D2AB
D567
D837
DB18
DE08
E105
E40E
E721
EA3B
ED5A
F07D
F3A1
F6C4
F9E5
FD02
0018
0325
0629
091F
0C08
0EE2
11AB
1460
1702
198E
1C03
1E5F
20A2
22CA
24D7
26C7
2899
2A4D
2BE2
2D58
2EAE
2FE3
30F7
31EB
32BE
3370
3402
3473
34C3
34F4
3506
34F9
34CF
3487
3422
33A3
330A
3258
318D
30AC
2FB5
2EA9
2D8B
2C5A
2B1A
29CA
286D
2704
2590
2413
228F
2105
1F76
1DE3
1C50
1ABB
1928
1798
160C
1484
1304
118B
101B
0EB5
0D5A
0C0C
0ACB
099A
0879
0767
0666
0576
0499
03CD
0314
026F
01DD
015E
00F4
009D
005A
002A
000E
0006
0010
002D
005D
009E
00F0
0153
01C5
0247
02D7
0375
0420
04D7
0598
0664
0739
0815
08F8
09E2
0AD1
0BC4
0CBA
0DB2
0EAB
0FA4
109C
1192
1285
1375
145F
1544
1623
16FA
17C8
188F
194B
19FD
1AA5
1B41
1BD1
1C56
1CCD
1D37
1D95
1DE4
1E26
1E5B
1E81
1E98
1EA1
1E9D
1E8B
1E6C
1E40
1E08
1DC4
1D74
1D18
1CB1
1C41
1BC6
1B42
1AB6
1A22
1986
18E4
183C
178F
16DE
1629
1571
14B8
13FD
1341
1286
11CC
1113
105E
0FAB
0EFD
0E55
0DB2
0D15
0C7F
0BF0
0B69
0AEA
0A75
0A08
09A5
094D
08FE
08BA
0881
0852
082F
0817
0809
0807
0810
0824
0843
086C
08A0
08DE
0925
0976
09D0
0A33
0A9E
0B11
0B8B
0C0C
0C94
0D22
0DB5
0E4D
0EE9
0F88
1029
10CD
1172
1218
12BE
1363
1407
14A8
1548
15E4
167C
1710
179F
1829
18AD
192A
19A0
1A0F
1A77
1AD6
1B2D
1B7B
1BC0
1BFC
1C2F
1C58
1C77
1C8D
1C99
1C9C
1C96
1C86
1C6E
1C4D
1C23
1BF0
1BB5
1B73
1B29
1AD7
1A7F
1A20
19BB
1950
18E0
186C
17F3
1776
16F6
1674
15EF
1568
14E0
1457
13CE
1345
12BC
1236
11B0
112D
10AC
102E
0FB3
0F3C
0EC8
0E58
0DED
0D86
0D25
0CC8
0C70
0C1E
0BD0
0B89
0B46
0B09
0AD1
0A9E
0A70
0A47
0A22
0A01
09E5
09CC
09B6
09A4
0993
0985
0978
096F
0965
095C
0951
0946
0938
0928
0914
08FD
08E2
08C2
089C
0870
083D
0803
07C2
0778
0725
06CA
0664
05F5
057B
04F6
0466
03CA
0323
0270
01B1
00E6
000E
FF2A
FE3A
FD3E
FC36
FB23
FA03
F8D8
F7A2
F661
F515
F3BF
F260
F0F8
EF87
EE0E
EC8E
EB07
E97A
E7E8
E652
E4B8
E31C
E17D
DFDE
DE3F
DCA1
DB05
D96C
D7D7
D646
D4BC
D339
D1BE
D04C
CEE4
CD87
CC36
CAF3
C9BD
C897
C781
C67C
C588
C4A7
C3D8
C31E
C278
C1E7
C16C
C106
C0B8
C080
C05F
C055
C063
C089
C0C7
C11C
C189
C20E
C2AA
C35D
C427
C508
C5FE
C70A
C82A
C95F
CAA8
CC03
CD71
CEF0
D07F
D21E
D3CB
D585
D74C
D91E
DAFB
DCE0
DECD
E0C0
E2B8
E4B5
E6B4
E8B5
EAB6
ECB5
EEB2
F0AB
F29F
F48D
F673
F850
FA23
FBEB
FDA7
FF54
00F3
0281
03FF
056C
06C5
080B
093C
0A58
0B5F
0C4E
0D27
0DE7
0E90
0F20
0F96
0FF4
1038
1063
1074
106B
1049
100D
0FB9
0F4B
0EC4
0E25
0D6F
0CA1
0BBD
0AC2
09B2
088E
0756
060B
04AF
0341
01C4
0037
FE9D
FCF6
FB44
F986
F7C0
F5F1
F41B
F23F
F05F
EE7B
EC94
EAAD
E8C5
E6DF
E4FC
E31C
E140
DF6B
DD9C
DBD5
DA18
D864
D6BC
D51F
D38F
D20D
D09A
CF37
CDE4
CCA1
CB70
CA51
C944
C84B
C765
C693
C5D5
C52B
C496
C416
C3AB
C354
C313
C2E6
C2CE
C2CB
C2DB
C300
C339
C385
C3E5
C456
C4DA
C570
C617
C6CE
C795
C86C
C951
CA44
CB44
CC51
CD6A
CE8E
CFBC
D0F4
D234
D37D
D4CD
D623
D77F
D8E0
DA44
DBAC
DD17
DE84
DFF1
E15F
E2CD
E439
E5A4
E70D
E872
E9D4
EB32
EC8C
EDE0
EF2E
F077
F1B8
F2F2
F425
F550
F674
F78F
F8A1
F9AB
FAAB
FBA2
FC90
FD74
FE4F
FF20
FFE7
00A3
0156
01FF
029E
0332
03BD
043E
04B4
0521
0585
05DE
062E
0675
06B2
06E6
0712
0734
074E
075F
0768
0769
0762
0753
073D
071F
06FA
06CE
069B
0661
0621
05DA
058E
053A
04E1
0483
041E
03B4
0344
02CF
0255
01D6
0152
00C9
003B
FFA9
FF12
FE77
FDD7
FD34
FC8D
FBE1
FB32
FA80
F9CA
F910
F854
F795
F6D3
F60F
F548
F47F
F3B4
F2E7
F219
F149
F078
EFA7
EED4
EE02
ED30
EC5E
EB8C
EABB
E9EC
E91E
E853
E789
E6C2
E5FE
E53E
E481
E3C8
E315
E267
E1BE
E11A
E07D
DFE7
DF57
DECE
DE4D
DDD4
DD64
DCFB
DC9C
DC46
DBFA
DBB8
DB7F
DB51
DB2E
DB15
DB08
DB05
DB0E
DB22
DB42
DB6D
DBA4
DBE6
DC34
DC8E
DCF3
DD63
DDE2
DE6B
DEFF
DF9E
E047
E0FB
E1B8
E27E
E34E
E426
E506
E5EE
E6DE
E7D4
E8D0
E9D2
EAD9
EBE4
ECF3
EE06
EF1B
F032
F14A
F262
F37A
F492
F5A8
F6BB
F7CC
F8D8
F9E0
FAE3
FBE2
FCDB
FDCC
FEB5
FF95
006C
0139
01FC
02B3
035F
03FF
0492
0519
0592
05FD
065B
06AA
06EA
071C
073F
0753
0757
074D
0733
070B
06D3
068C
0637
05D4
0562
04E2
0454
03BA
0312
025E
019E
00D3
FFFD
FF1D
FE33
FD40
FC45
FB43
FA39
F92A
F815
F6FC
F5DF
F4BF
F39D
F279
F156
F032
EF10
EDEF
ECD2
EBB8
EAA2
E992
E887
E783
E687
E593
E4A7
E3C5
E2ED
E220
E15E
E0A8
DFFE
DF61
DED1
DE4F
DDDA
DD73
DD1B
DCD1
DC96
DC6A
DC4C
DC3D
DC3D
DC4C
DC69
DC95
DCCE
DD16
DD6B
DDCD
DE3D
DEB8
DF40
DFD3
E071
E11A
E1CC
E28A
E350
E41D
E4F2
E5CE
E6AF
E795
E87F
E96D
EA5E
EB50
EC44
ED39
EE2D
EF21
F013
F102
F1EE
F2D7
F3BB
F49B
F574
F647
F714
F7D9
F896
F94B
F9F7
FA9A
FB34
FBC3
FC48
FCC5
FD36
FD9C
FDF7
FE47
FE8B
FEC4
FEF1
FF13
FF2A
FF36
FF36
FF2D
FF18
FEF9
FED1
FE9F
FE64
FE20
FDD4
FD81
FD26
FCC4
FC5C
FBEF
FB7C
FB05
FA8A
FA0C
F98B
F908
F883
F7FD
F778
F6F2
F66D
F5EA
F568
F4E9
F46E
F3F5
F381
F311
F2A6
F241
F1E2
F188
F135
F0E9
F0A4
F066
F030
F001
EFDA
EFBB
EFA4
EF95
EF8E
EF8E
EF97
EFA7
EFBE
EFDD
F003
F02E
F060
F098
F0D6
F119
F160
F1AD
F1FD
F251
F2A8
F301
F35C
F3B9
F417
F475
F4D3
F52F
F58B
F5E4
F63B
F68F
F6DF
F72B
F772
F7B4
F7F0
F826
F855
F87D
F89D
F8B5
F8C5
F8CC
F8CA
F8BF
F8AA
F88B
F863
F830
F7F4
F7AD
F75C
F701
F69C
F62D
F5B4
F531
F4A5
F410
F372
F2CB
F21D
F166
F0A9
EFE4
EF19
EE49
ED73
EC99
EBBA
EAD8
E9F4
E90D
E825
E73D
E655
E56D
E487
E3A3
E2C2
E1E4
E10A
E036
DF67
DE9E
DDDD
DD23
DC72
DBC9
DB2A
DA96
DA0C
D98E
D91B
D8B5
D85B
D80E
D7CF
D79E
D77B
D766
D75F
D767
D77E
D7A3
D7D8
D81B
D86C
D8CC
D93B
D9B7
DA42
DADA
DB7F
DC31
DCF0
DDBB
DE91
DF73
E05F
E156
E256
E35F
E471
E58A
E6AA
E7D1
E8FD
EA2E
EB63
EC9B
EDD7
EF14
F052
F190
F2CE
F40A
F545
F67C
F7AF
F8DE
FA08
FB2C
FC4A
FD60
FE6F
FF75
0072
0166
024F
032E
0402
04CB
0588
0638
06DC
0773
07FD
087A
08EA
094C
09A0
09E7
0A20
0A4C
0A6A
0A7B
0A7F
0A76
0A60
0A3F
0A12
09D9
0995
0946
08ED
0889
081C
07A6
0727
06A0
0611
057B
04DE
043C
0394
02E8
0237
0183
00CB
0012
FF56
FE99
FDDC
FD1E
FC61
FBA6
FAEC
FA34
F97F
F8CD
F81F
F778
F6D6
F63A
F5A3
F512
F488
F405
F388
F313
F2A5
F240
F1E2
F18C
F13F
F0FA
F0BE
F08A
F05F
F03C
F022
F011
F008
F008
F00F
F01F
F037
F057
F07E
F0AD
F0E3
F120
F163
F1AE
F1FF
F256
F2B2
F314
F37A
F3E5
F454
F4C8
F53F
F5B9
F637
F6B7
F73A
F7BF
F846
F8CF
F959
F9E5
FA71
FAFF
FB8C
FC1B
FCA9
FD37
FDC5
FE53
FEE1
FF6D
FFF9
0084
010E
0196
021D
02A3
0327
03AA
042C
04AC
052B
05A8
0624
069E
0717
078F
0806
087B
08EF
0962
09D4
0A44
0AB4
0B22
0B90
0BFC
0C68
0CD3
0D3D
0DA6
0E0E
0E75
0EDC
0F41
0FA6
100A
106D
10CF
1130
1190
11EE
124B
12A6
1300
1358
13AF
1403
1455
14A4
14F1
153C
1583
15C7
1609
1646
1680
16B6
16E8
1715
173E
1762
1781
179C
17B0
17C0
17C9
17CD
17CC
17C4
17B6
17A1
1786
1765
173C
170E
16D9
169D
165A
1611
15C2
156C
1510
14AE
1447
13D9
1366
12EE
1271
11F0
116A
10E0
1053
0FC2
0F2F
0E99
0E02
0D69
0CCF
0C34
0B99
0AFE
0A64
09CB
0935
08A1
0810
0784
06FB
0678
05FA
0582
0510
04A6
0444
03EA
0398
0350
0312
02DE
02B4
0296
0283
027B
0280
0291
02AF
02D9
0311
0355
03A6
0405
0471
04EA
0570
0602
06A1
074D
0804
08C7
0995
0A6F
0B52
0C40
0D37
0E37
0F3F
104E
1164
1280
13A1
14C6
15EF
171A
1847
1975
1AA2
1BCE
1CF7
1E1D
1F3F
205B
2171
227E
2385
2482
2574
265A
2733
27FE
28BA
2966
2A01
2A8A
2AFF
2B61
2BAF
2BE7
2C09
2C15
2C08
2BE4
2BA7
2B52
2AE3
2A5A
29B7
28F9
2821
272F
2622
24FA
23B8
225C
20E6
1F56
1DAE
1BED
1A13
1822
161A
13FC
11C9
0F81
0D26
0AB8
0839
05A9
030B
005E
FDA5
FAE1
F812
F53C
F25E
EF7B
EC93
E9AA
E6BF
E3D5
E0ED
DE09
DB2B
D853
D584
D2C0
D007
CD5C
CABF
C832
C5B8
C350
C0FE
BEC2
BC9D
BA91
B89F
B6C9
B50E
B371
B1F2
B092
AF53
AE34
AD36
AC5B
ABA3
AB0D
AA9B
AA4C
AA22
AA1B
AA38
AA7A
AADF
AB68
AC14
ACE2
ADD3
AEE6
B01B
B16F
B2E3
B476
B627
B7F4
B9DC
BBDF
BDFB
C02F
C279
C4D9
C74C
C9D1
CC67
CF0B
D1BE
D47C
D744
DA15
DCEC
DFC9
E2A9
E58B
E86D
EB4E
EE2B
F104
F3D6
F6A0
F960
FC15
FEBF
015B
03E7
0663
08CC
0B22
0D64
0F90
11A5
13A3
1588
1754
1906
1A9E
1C19
1D79
1EBD
1FE4
20EE
21DC
22AB
235E
23F4
246C
24C8
2508
252B
2533
251F
24F1
24AA
2449
23D1
2341
229B
21E0
2110
202E
1F39
1E33
1D1D
1BF9
1AC8
198B
1844
16F3
159A
143C
12D7
1170
1006
0E9B
0D30
0BC7
0A62
0900
07A5
0650
0503
03C0
0287
0159
0038
FF25
FE20
FD29
FC43
FB6F
FAAB
F9FA
F95C
F8D2
F85B
F7F9
F7AB
F772
F74F
F740
F746
F762
F792
F7D7
F831
F89F
F921
F9B7
FA5F
FB1A
FBE6
FCC4
FDB1
FEAF
FFBB
00D5
01FC
032F
046C
05B3
0703
085A
09B9
0B1D
0C86
0DF2
0F60
10D0
123F
13AE
151A
1683
17E7
1946
1A9D
1BED
1D35
1E72
1FA4
20CB
21E5
22F2
23F0
24E0
25BF
268E
274C
27F8
2892
2919
298D
29ED
2A3A
2A73
2A98
2AA8
2AA4
2A8C
2A5F
2A1F
29CA
2961
28E5
2856
27B4
26FF
2638
2560
2477
237E
2275
215D
2037
1F03
1DC3
1C77
1B20
19BE
1854
16E1
1567
13E6
1261
10D7
0F4A
0DBB
0C2A
0A98
0907
0777
05E9
045F
02D9
0157
FFDB
FE66
FCF8
FB93
FA36
F8E3
F79A
F65C
F52A
F404
F2EA
F1DE
F0DF
EFEE
EF0B
EE37
ED71
ECBB
EC15
EB7D
EAF5
EA7D
EA14
E9BB
E972
E938
E90E
E8F3
E8E7
E8E9
E8FA
E919
E945
E97F
E9C5
EA18
EA76
EAE0
EB54
EBD2
EC5B
ECEC
ED85
EE26
EECE
EF7C
F031
F0EA
F1A8
F269
F32E
F3F5
F4BD
F587
F651
F71C
F7E6
F8AE
F975
FA39
FAFB
FBB8
FC72
FD28
FDD8
FE83
FF28
FFC6
005E
00EE
0177
01F9
0272
02E3
034B
03AB
0401
044F
0493
04CE
04FF
0527
0545
055B
0569
056E
056A
055C
0545
0526
04FD
04CC
0493
0451
0407
03B6
035D
02FD
0296
0229
01B5
013B
00BC
0037
FFAD
FF1F
FE8D
FDF6
FD5C
FCBF
FC1F
FB7C
FAD7
FA30
F988
F8DF
F838
F790
F6E8
F640
F599
F4F2
F44C
F3A7
F303
F261
F1C2
F124
F089
EFF1
EF5C
EECA
EE3C
EDB1
ED2A
ECA8
EC29
EBB0
EB3B
EACB
EA5F
E9FA
E999
E93E
E8E9
E899
E84F
E80B
E7CD
E795
E763
E738
E713
E6F4
E6DC
E6CA
E6BF
E6BA
E6BD
E6C6
E6D5
E6EC
E70A
E72E
E759
E78B
E7C4
E804
E84B
E898
E8ED
E948
E9AA
EA13
EA82
EAF8
EB75
EBF8
EC82
ED12
EDA6
EE41
EEE1
EF88
F034
F0E6
F19D
F25A
F31C
F3E3
F4AE
F57E
F652
F72B
F807
F8E6
F9C8
FAAE
FB96
FC80
FD6C
FE5A
FF49
0039
0129
0219
0309
03F8
04E7
05D3
06BE
07A6
088B
096D
0A4C
0B26
0BFC
0CCD
0D98
0E5D
0F1C
0FD5
1086
1130
11D1
126B
12FB
1383
1400
1474
14DE
153E
1592
15DC
161A
164C
1673
168D
169B
169D
1692
167B
1656
1625
15E7
159C
1544
14DF
146D
13EF
1364
12CD
122A
117B
10C0
0FFA
0F28
0E4D
0D66
0C76
0B7C
0A79
096E
085A
073F
061D
04F4
03C5
0291
0159
001C
FEDC
FD98
FC53
FB0D
F9C5
F87C
F733
F5EB
F4A6
F363
F223
F0E7
EFB1
EE7F
ED54
EC2F
EB11
E9FB
E8ED
E7E8
E6ED
E5FC
E515
E439
E368
E2A2
E1E9
E13C
E09C
E008
DF82
DF09
DE9D
DE3F
DDEE
DDAB
DD76
DD4D
DD31
DD23
DD22
DD2D
DD46
DD6B
DD9D
DDDA
DE24
DE78
DED7
DF40
DFB3
E02F
E0B4
E141
E1D5
E271
E312
E3B9
E466
E516
E5CA
E680
E739
E7F3
E8AE
E968
EA21
EAD9
EB8F
EC41
ECEF
ED98
EE3C
EEDA
EF72
F002
F08A
F10A
F181
F1EF
F253
F2AC
F2FA
F33E
F376
F3A2
F3C2
F3D6
F3DD
F3D8
F3C6
F3A7
F37C
F344
F2FF
F2AE
F251
F1E7
F171
F0F0
F064
EFCC
EF2A
EE7E
EDC8
ED09
EC41
EB71
EA9A
E9BC
E8D8
E7EE
E700
E60D
E518
E41F
E326
E22B
E130
E036
DF3E
DE48
DD55
DC67
DB7D
DA99
D9BB
D8E5
D816
D751
D695
D5E3
D53D
D4A2
D413
D391
D31D
D2B7
D25F
D217
D1DE
D1B4
D19B
D192
D19A
D1B3
D1DC
D217
D264
D2C1
D330
D3B0
D441
D4E2
D595
D658
D72B
D80E
D900
DA01
DB11
DC2F
DD5A
DE91
DFD6
E125
E280
E3E4
E552
E6C9
E847
E9CD
EB59
ECEA
EE80
F01A
F1B6
F355
F4F5
F695
F834
F9D2
FB6D
FD06
FE9A
002A
01B4
0337
04B4
0628
0794
08F6
0A4E
0B9C
0CDE
0E15
0F3E
105A
1169
1269
135B
143F
1513
15D7
168D
1732
17C8
184D
18C3
1929
197F
19C5
19FB
1A22
1A3A
1A43
1A3D
1A29
1A07
19D7
199A
1951
18FC
189A
182E
17B8
1737
16AE
161B
1581
14DF
1436
1388
12D4
121B
115E
109F
0FDC
0F18
0E53
0D8D
0CC7
0C02
0B3F
0A7E
09C0
0905
084F
079D
06F0
0648
05A7
050D
0479
03ED
0368
02EC
0279
020E
01AC
0153
0104
00BF
0083
0052
002A
000C
FFF8
FFEE
FFED
FFF6
0009
0025
004A
0078
00AE
00ED
0134
0183
01D9
0236
0299
0303
0373
03E9
0463
04E2
0565
05EC
0677
0704
0793
0825
08B8
094C
09E2
0A77
0B0D
0BA3
0C37
0CCB
0D5D
0DEE
0E7C
0F09
0F92
1019
109C
111C
1199
1212
1287
12F8
1365
13CD
1432
1492
14ED
1545
1598
15E6
1631
1677
16BA
16F8
1733
176A
179E
17CF
17FC
1827
184F
1874
1897
18B8
18D7
18F4
1911
192C
1946
195F
1978
1991
19AA
19C3
19DD
19F7
1A12
1A2E
1A4B
1A69
1A89
1AAA
1ACC
1AF1
1B17
1B3F
1B6B
1B98
1BC7
1BF8
1C2B
1C5F
1C94
1CCB
1D03
1D3B
1D75
1DAE
1DE8
1E23
1E5C
1E96
1ECE
1F06
1F3C
1F70
1FA2
1FD2
1FFF
2028
204F
2071
2090
20A9
20BE
20CE
20D8
20DC
20DC
20D5
20C8
20B4
2098
2075
204A
2016
1FDB
1F97
1F4A
1EF4
1E96
1E2E
1DBE
1D44
1CC2
1C36
1BA1
1B03
1A5C
19AD
18F5
1835
176D
169E
15C6
14E8
1403
1318
1226
1130
1035
0F35
0E32
0D2B
0C22
0B16
0A08
08FA
07EB
06DD
05D0
04C4
03BB
02B6
01B3
00B6
FFBE
FECB
FDE0
FCFB
FC1F
FB4C
FA81
F9C1
F90C
F862
F7C3
F731
F6AC
F635
F5CB
F56F
F523
F4E6
F4B8
F49A
F48C
F48D
F49F
F4C2
F4F5
F538
F58C
F5F1
F666
F6EC
F782
F828
F8DE
F9A3
FA78
FB5B
FC4D
FD4D
FE5A
FF75
009B
01CE
030C
0454
05A5
0700
0863
09CD
0B3E
0CB5
0E30
0FB0
1132
12B6
143B
15C0
1744
18C6
1A45
1BC0
1D37
1EA8
2012
2174
22CF
241F
2566
26A1
27D1
28F4
2A09
2B10
2C08
2CF1
2DC9
2E91
2F47
2FEC
307E
30FD
3169
31C1
3206
3237
3253
325C
3250
322F
31FB
31B2
3155
30E4
305F
2FC6
2F1B
2E5C
2D8B
2CA8
2BB4
2AAF
2999
2873
273F
25FC
24AB
234D
21E3
206E
1EEF
1D65
1BD3
1A3A
1898
16F0
1544
1393
11E0
102A
0E73
0CBC
0B06
0952
07A0
05F2
0448
02A4
0106
FF6F
FDE0
FC5A
FADD
F96B
F804
F6A8
F558
F416
F2E0
F1B9
F0A0
EF95
EE9A
EDAE
ECD2
EC07
EB4B
EA9F
EA04
E97A
E900
E896
E83D
E7F4
E7BB
E792
E778
E76E
E772
E785
E7A5
E7D3
E80F
E856
E8A9
E908
E971
E9E4
EA60
EAE5
EB71
EC04
EC9E
ED3C
EDDF
EE86
EF30
EFDC
F08A
F138
F1E5
F292
F33C
F3E4
F488
F528
F5C2
F657
F6E5
F76C
F7EA
F861
F8CD
F930
F989
F9D7
FA19
FA4F
FA79
FA97
FAA7
FAAA
FAA0
FA88
FA62
FA2E
F9EC
F99C
F93D
F8D1
F856
F7CE
F738
F695
F5E6
F529
F460
F38B
F2AB
F1C0
F0CB
EFCB
EEC2
EDB0
EC97
EB75
EA4D
E91F
E7EC
E6B4
E578
E439
E2F7
E1B5
E071
DF2E
DDEC
DCAC
DB6E
DA34
D8FE
D7CD
D6A1
D57C
D45F
D34A
D23E
D13C
D044
CF58
CE78
CDA4
CCDD
CC24
CB79
CADD
CA50
C9D3
C966
C909
C8BD
C883
C859
C841
C83B
C846
C863
C892
C8D3
C926
C98B
CA01
CA89
CB22
CBCB
CC84
CD4E
CE28
CF12
D00B
D113
D229
D34D
D47E
D5BB
D705
D85A
D9B9
DB23
DC96
DE11
DF94
E11E
E2AE
E444
E5DE
E77C
E91E
EAC1
EC66
EE0B
EFB1
F155
F2F7
F497
F633
F7CA
F95D
FAE9
FC70
FDEF
FF67
00D7
023D
039A
04EE
0636
0774
08A6
09CC
0AE6
0BF3
0CF2
0DE5
0ECA
0FA1
106A
1125
11D1
126F
12FF
1380
13F2
1456
14AC
14F4
152D
1559
1577
1587
158B
1581
156C
154A
151C
14E3
149F
1451
13F9
1398
132D
12BB
1241
11BF
1137
10AA
1016
0F7E
0EE2
0E42
0DA0
0CFB
0C54
0BAC
0B03
0A5B
09B3
090C
0868
07C5
0725
0688
05EF
055A
04CA
043F
03BA
033A
02C0
024E
01E1
017C
011F
00C8
007A
0033
FFF4
FFBE
FF8F
FF69
FF4B
FF34
FF26
FF20
FF22
FF2C
FF3D
FF55
FF75
FF9C
FFC9
FFFD
0035
0074
00B8
0101
014F
01A2
01F9
0253
02B1
0312
0375
03DA
0441
04A8
0510
0579
05E1
0648
06AD
0711
0773
07D3
082F
0888
08DC
092D
0979
09C0
0A01
0A3D
0A73
0AA2
0ACA
0AEA
0B04
0B16
0B21
0B25
0B21
0B15
0B01
0AE5
0AC2
0A97
0A63
0A28
09E5
099B
0949
08EF
088F
0827
07B9
0744
06C8
0647
05C0
0533
04A1
040A
036F
02D0
022D
0187
00DD
0031
FF82
FED2
FE20
FD6D
FCBA
FC07
FB53
FAA1
F9F0
F940
F893
F7E7
F73F
F69A
F5F9
F55C
F4C3
F42F
F3A0
F317
F293
F216
F19E
F12E
F0C4
F061
F006
EFB1
EF65
EF20
EEE3
EEAD
EE7F
EE5A
EE3C
EE26
EE18
EE11
EE13
EE1C
EE2D
EE46
EE66
EE8D
EEBB
EEF0
EF2C
EF6F
EFB8
F006
F05B
F0B6
F115
F17A
F1E3
F251
F2C3
F339
F3B3
F430
F4B0
F533
F5B8
F63F
F6C8
F752
F7DD
F86A
F8F6
F984
FA11
FA9E
FB2A
FBB6
FC41
FCCA
FD53
FDD9
FE5E
FEE1
FF62
FFE1
005E
00D8
014F
01C4
0236
02A6
0312
037C
03E3
0448
04A9
0508
0565
05C0
0618
066D
06BF
0710
075D
07A9
07F2
0839
087E
08C2
0903
0943
0982
09BF
09FB
0A37
0A71
0AAA
0AE3
0B1B
0B53
0B8B
0BC2
0BF9
0C31
0C68
0C9F
0CD7
0D0F
0D47
0D81
0DBB
0DF5
0E2F
0E6A
0EA4
0EDF
0F19
0F54
0F8E
0FC9
1003
103C
1076
10AE
10E6
111E
1154
1189
11BD
11F0
1221
1251
127E
12AA
12D3
12FA
131E
1340
135E
137A
1392
13A6
13B7
13C4
13CC
13D1
13D1
13CC
13C3
13B5
13A3
138B
136E
134C
1325
12F9
12C7
1290
1254
1213
11CD
1181
1130
10DB
1080
1021
0FBD
0F55
0EE8
0E77
0E03
0D8A
0D0F
0C8F
0C0D
0B88
0B01
0A78
09EE
0962
08D5
0847
07B8
072A
069C
060E
0582
04F7
046D
03E6
0360
02DE
025E
01E2
016A
00F5
0085
0019
FFB3
FF51
FEF5
FE9F
FE4F
FE05
FDC1
FD84
FD4E
FD1F
FCF7
FCD7
FCBE
FCAD
FCA3
FCA1
FCA7
FCB5
FCCA
FCE7
FD0C
FD39
FD6D
FDA9
FDEC
FE37
FE88
FEE1
FF40
FFA6
0012
0084
00FD
017A
01FD
0285
0312
03A3
0438
04D1
056C
060B
06AD
0750
07F6
089E
0946
09F0
0A9A
0B44
0BEF
0C99
0D42
0DEA
0E91
0F36
0FD9
107A
1118
11B4
124D
12E2
1374
1402
148D
1513
1595
1613
168D
1702
1773
17DF
1847
18A9
1907
1961
19B5
1A05
1A50
1A96
1AD7
1B13
1B4B
1B7E
1BAD
1BD7
1BFD
1C1E
1C3B
1C54
1C69
1C7A
1C87
1C91
1C97
1C9A
1C99
1C95
1C8E
1C85
1C78
1C69
1C58
1C46
1C32
1C1D
1C05
1BEC
1BD0
1BB4
1B95
1B75
1B53
1B30
1B0B
1AE5
1ABD
1A94
1A68
1A3C
1A0D
19DD
19AB
1976
1940
1908
18CD
1890
1851
180F
17CA
1783
1738
16EB
169B
1648
15F3
159A
153D
14DD
1479
1411
13A5
1336
12C3
124B
11D0
1151
10CD
1046
0FBB
0F2B
0E98
0E02
0D67
0CC9
0C28
0B83
0ADC
0A31
0984
08D4
0822
076E
06B8
0601
0548
048E
03D3
0318
025D
01A2
00E8
002F
FF78
FEC3
FE10
FD60
FCB3
FC09
FB64
FAC4
FA28
F992
F901
F877
F7F4
F777
F702
F695
F630
F5D3
F580
F535
F4F4
F4BD
F490
F46D
F454
F445
F441
F447
F458
F474
F49B
F4CD
F50A
F551
F5A3
F5FF
F666
F6D7
F752
F7D6
F863
F8FA
F999
FA40
FAEE
FBA4
FC60
FD23
FDEB
FEB9
FF8A
0060
0139
0214
02F2
03D0
04B0
058E
066C
0748
0821
08F8
09CC
0A9B
0B65
0C29
0CE7
0D9E
0E4D
0EF4
0F93
1028
10B2
1133
11A9
1213
1271
12C4
1309
1342
136E
138C
139D
13A0
1396
137D
1357
1323
12E1
1291
1233
11C9
1151
10CC
103C
0F9F
0EF8
0E45
0D88
0CC1
0BF1
0B18
0A37
094F
0861
076D
0674
0576
0476
0373
026E
0169
0063
FF5F
FE5C
FD5D
FC60
FB69
FA76
F98A
F8A5
F7C8
F6F5
F62A
F56A
F4B5
F40B
F36D
F2DD
F259
F1E3
F17C
F123
F0DA
F09F
F074
F059
F04E
F052
F066
F08B
F0BE
F102
F155
F1B7
F227
F2A6
F333
F3CE
F475
F528
F5E7
F6B0
F786
F865
F94D
FA3C
FB32
FC2E
FD2E
FE32
FF39
0041
014A
0252
0358
045B
055A
0654
0747
0832
0915
09EE
0ABC
0B7D
0C32
0CD9
0D70
0DF7
0E6D
0ED1
0F22
0F60
0F8A
0F9E
0F9E
0F87
0F5A
0F16
0EBB
0E48
0DBD
0D1B
0C60
0B8E
0AA4
09A2
0889
0758
0611
04B4
0341
01B9
001D
FE6D
FCAB
FAD6
F8F1
F6FC
F4F8
F2E6
F0C8
EE9E
EC6B
EA2F
E7EC
E5A3
E354
E103
DEB0
DC5D
DA0B
D7BD
D573
D330
D0F4
CEC2
CC9A
CA7F
C872
C673
C486
C2AA
C0E2
BF2E
BD90
BC09
BA9B
B946
B80B
B6EB
B5E8
B502
B439
B38F
B303
B297
B24B
B220
B213
B227
B25D
B2B2
B329
B3C0
B478
B54F
B646
B75C
B891
B9E3
BB52
BCDD
BE84
C045
C21F
C411
C61B
C83A
CA6D
CCB4
CF0D
D176
D3ED
D673
D904
DBA0
DE44
E0F0
E3A1
E657
E90E
EBC6
EE7E
F134
F3E6
F692
F938
FBD6
FE6A
00F3
0370
05DF
083F
0A8F
0CCE
0EFB
1114
1318
1508
16E1
18A4
1A4F
1BE3
1D5D
1EBF
2007
2136
224B
2346
2426
24ED
259A
262D
26A6
2707
274E
277E
2795
2796
2780
2754
2714
26BF
2658
25DE
2552
24B7
240C
2353
228D
21BB
20DF
1FF8
1F0A
1E14
1D17
1C16
1B11
1A0A
1901
17F7
16EF
15E8
14E4
13E3
12E7
11F1
1102
1019
0F39
0E62
0D94
0CD1
0C18
0B6B
0AC9
0A34
09AB
092E
08BF
085D
0808
07C0
0785
0757
0736
0721
0719
071D
072C
0746
076B
0799
07D1
0812
085A
08A9
08FE
0958
09B7
0A1A
0A80
0AE7
0B50
0BB9
0C21
0C87
0CEB
0D4A
0DA5
0DFB
0E4A
0E92
0ED1
0F07
0F34
0F56
0F6C
0F76
0F73
0F63
0F45
0F18
0EDC
0E91
0E36
0DCA
0D4E
0CC0
0C20
0B70
0AAE
09DC
08F8
0804
0700
05EB
04C7
0393
0250
00FE
FF9F
FE33
FCBA
FB35
F9A5
F80B
F667
F4BB
F307
F14D
EF8E
EDC9
EC02
EA37
E86C
E6A0
E4D5
E30C
E146
DF83
DDC4
DC0C
DA5B
D8B3
D714
D580
D3F7
D27B
D10C
CFAD
CE5C
CD1C
CBED
CAD0
C9C6
C8CF
C7EC
C71E
C665
C5C2
C536
C4BF
C460
C417
C3E6
C3CD
C3CA
C3E0
C40D
C451
C4AC
C51E
C5A6
C644
C6F8
C7C1
C8A0
C992
CA98
CBB2
CCDD
CE1A
CF69
D0C7
D234
D3B0
D539
D6CF
D870
DA1C
DBD2
DD90
DF56
E123
E2F5
E4CC
E6A6
E883
EA62
EC41
EE1F
EFFC
F1D7
F3AF
F582
F751
F919
FADB
FC95
FE47
FFF0
018F
0324
04AD
062B
079C
0901
0A59
0BA2
0CDE
0E0B
0F29
1039
1139
1229
130A
13DC
149D
154F
15F2
1684
1707
177B
17DF
1835
187C
18B4
18DF
18FB
190B
190D
1902
18EB
18C9
189B
1863
1820
17D4
177F
1721
16BC
164F
15DB
1561
14E1
145D
13D3
1346
12B5
1222
118C
10F4
105B
0FC1
0F26
0E8C
0DF2
0D59
0CC1
0C2A
0B95
0B02
0A70
09E2
0956
08CD
0848
07C6
0748
06CE
0659
05E7
057A
0512
04AF
0450
03F6
03A2
0352
0308
02C2
0282
0247
0211
01E0
01B4
018D
016B
014D
0135
0122
0113
0108
0101
00FF
0100
0105
010E
011A
012A
013D
0153
016C
0188
01A6
01C7
01EB
0211
0239
0263
028F
02BD
02ED
031E
0351
0386
03BC
03F4
042D
0467
04A2
04E0
051F
055F
05A1
05E4
0628
066E
06B5
06FC
0745
0790
07DB
0827
0874
08C2
0911
0961
09B1
0A02
0A54
0AA7
0AFA
0B4D
0BA2
0BF6
0C4B
0CA1
0CF6
0D4C
0DA2
0DF9
0E50
0EA6
0EFD
0F53
0FAA
1001
1059
10B0
1108
1160
11B7
1210
1268
12C0
1319
1372
13CB
1425
147E
14D9
1534
158F
15EB
1647
16A5
1703
1762
17C2
1823
1885
18E9
194D
19B4
1A1B
1A84
1AEE
1B5B
1BC9
1C3A
1CAD
1D22
1D99
1E12
1E8F
1F0D
1F8F
2013
209A
2124
21B1
2240
22D3
2369
2401
249D
253B
25DD
2681
2728
27D2
287E
292D
29DE
2A92
2B47
2C00
2CBB
2D78
2E36
2EF4
2FB4
3074
3135
31F5
32B4
3372
342F
34EA
35A2
3658
370A
37B8
3862
3907
39A6
3A3F
3AD2
3B5D
3BE1
3C5C
3CCF
3D37
3D96
3DEB
3E34
3E72
3EA3
3ECB
3EE5
3EF2
3EF1
3EE2
3EC4
3E97
3E5A
3E0E
3DB1
3D45
3CC8
3C3A
3B9C
3AED
3A2D
395C
387B
3789
3686
3574
3451
331E
31DD
308C
2F2C
2DBF
2C44
2ABC
2928
2788
25DE
242B
226F
20AA
1EDE
1D0B
1B32
1954
1773
158F
13AA
11C4
0FDE
0DFB
0C1A
0A3E
0868
0698
04CF
0310
015B
FFB2
FE15
FC86
FB06
F997
F838
F6EB
F5B2
F48D
F37D
F284
F1A1
F0D7
F026
EF8D
EF0F
EEAB
EE61
EE33
EE20
EE28
EE4C
EE8D
EEE9
EF61
EFF5
F0A4
F16E
F253
F352
F46A
F59C
F6E6
F847
F9BF
FB4D
FCEF
FEA5
006D
0245
042E
0625
0829
0A39
0C52
0E74
109D
12CB
14FD
1730
1964
1B97
1DC6
1FF1
2215
2431
2642
2848
2A40
2C29
2E01
2FC6
3178
3314
3499
3606
3759
3891
39AD
3AAB
3B8B
3C4B
3CEB
3D6A
3DC6
3E00
3E15
3E06
3DD3
3D7C
3D00
3C60
3B9C
3AB4
39A8
3879
3727
35B3
341D
3267
3091
2E9D
2C8B
2A5E
2815
25B2
2338
20A7
1E02
1B49
187F
15A5
12BE
0FCB
0CCE
09C9
06BF
03B0
00A0
FD90
FA82
F778
F475
F17B
EE8B
EBA8
E8D4
E60F
E35D
E0C0
DE38
DBC7
D970
D734
D513
D311
D12D
CF69
CDC6
CC46
CAE8
C9AF
C89A
C7AA
C6E0
C63B
C5BD
C565
C533
C528
C543
C584
C5EA
C674
C723
C7F4
C8E8
C9FC
CB31
CC84
CDF4
CF80
D127
D2E6
D4BD
D6A9
D8A8
DAB9
DCDA
DF09
E143
E387
E5D3
E824
EA79
ECCF
EF24
F176
F3C3
F608
F845
FA76
FC99
FEAD
00B0
02A0
047B
0640
07ED
0981
0AFA
0C56
0D95
0EB6
0FB7
1097
1156
11F3
126C
12C3
12F6
1306
12F1
12B8
125C
11DC
1138
1072
0F89
0E7F
0D54
0C09
0AA0
0918
0772
05B1
03D5
01E2
FFD7
FDB7
FB83
F93E
F6E8
F484
F214
EF9A
ED17
EA8D
E7FF
E56F
E2DE
E04F
DDC3
DB3D
D8BE
D649
D3DE
D181
CF33
CCF6
CACA
C8B3
C6B1
C4C6
C2F3
C13A
BF9A
BE16
BCB0
BB67
BA3D
B932
B848
B77D
B6D4
B64B
B5E4
B59E
B579
B575
B591
B5CD
B629
B6A4
B73D
B7F3
B8C6
B9B4
BABC
BBDE
BD17
BE66
BFCB
C143
C2CD
C468
C611
C7C8
C988
CB53
CD26
CEFF
D0DD
D2BE
D4A0
D682
D861
DA3C
DC12
DDE1
DFA6
E162
E311
E4B4
E647
E7CB
E93E
EA9E
EBEB
ED24
EE48
EF56
F04D
F12D
F1F6
F2A6
F33F
F3BF
F426
F475
F4AB
F4CA
F4D0
F4C0
F499
F45D
F40B
F3A6
F32D
F2A2
F205
F159
F09F
EFD6
EF02
EE23
ED3B
EC4C
EB56
EA5C
E95F
E860
E763
E667
E56F
E47C
E390
E2AD
E1D4
E107
E048
DF97
DEF7
DE68
DDED
DD86
DD34
DCF9
DCD5
DCC9
DCD7
DCFF
DD41
DD9F
DE18
DEAD
DF5F
E02D
E118
E21F
E342
E481
E5DC
E751
E8E1
EA8B
EC4D
EE28
F019
F220
F43B
F66A
F8AA
FAFB
FD5A
FFC5
023D
04BE
0747
09D6
0C6A
0F00
1197
142D
16BF
194C
1BD2
1E4E
20C0
2325
257B
27C0
29F3
2C11
2E1A
300B
31E3
33A1
3542
36C6
382C
3972
3A96
3B9A
3C7A
3D37
3DCD
3E3E
3E8A
3EB1
3EB3
3E8F
3E45
3DD6
3D42
3C89
3BAC
3AAB
3988
3842
36DB
3555
33AF
31EC
300C
2E12
2BFF
29D3
2792
253D
22D5
205C
1DD5
1B41
18A3
15FC
134E
109D
0DE9
0B36
0884
05D7
032F
0090
FDFC
FB73
F8F9
F68F
F437
F1F2
EFC3
EDAC
EBAD
E9C8
E7FE
E651
E4C3
E353
E204
E0D6
DFC9
DEDF
DE19
DD75
DCF6
DC9A
DC63
DC4F
DC60
DC95
DCEF
DD6D
DE0C
DECE
DFB0
E0B2
E1D2
E311
E46C
E5E2
E773
E91C
EADC
ECB1
EE9B
F096
F2A2
F4BD
F6E4
F917
FB53
FD96
FFDF
022B
0479
06C7
0912
0B59
0D9B
0FD5
1206
142B
1643
184D
1A46
1C2E
1E03
1FC3
216E
2302
247E
25E1
272A
2858
296B
2A61
2B3B
2BF8
2C97
2D18
2D7B
2DC1
2DE9
2DF2
2DDF
2DAE
2D61
2CF7
2C72
2BD2
2B19
2A46
295B
2858
2740
2612
24D0
237C
2217
20A2
1F1F
1D8F
1BF3
1A4D
189E
16E8
152D
136D
11AB
0FE7
0E24
0C63
0AA4
08EA
0735
0588
03E3
0247
00B6
FF31
FDB8
FC4E
FAF1
F9A4
F867
F73B
F623
F51C
F428
F347
F278
F1BC
F114
F07F
EFFD
EF8E
EF33
EEEA
EEB3
EE8E
EE7B
EE79
EE88
EEA6
EED3
EF0F
EF59
EFAF
F011
F07D
F0F4
F174
F1FC
F28B
F320
F3BA
F457
F4F8
F59B
F640
F6E3
F786
F826
F8C2
F95B
F9EE
FA7B
FB01
FB80
FBF7
FC64
FCC9
FD23
FD73
FDB8
FDF1
FE20
FE42
FE59
FE64
FE64
FE57
FE3F
FE1B
FDEC
FDB3
FD6F
FD21
FCC9
FC68
FBFF
FB8F
FB17
FA99
FA16
F98E
F902
F874
F7E4
F753
F6C2
F632
F5A4
F519
F492
F411
F395
F321
F2B4
F251
F1F7
F1A9
F166
F12F
F106
F0EB
F0DE
F0E1
F0F4
F117
F14A
F190
F1E8
F251
F2CD
F35B
F3FB
F4AD
F571
F647
F72E
F826
F92F
FA48
FB71
FCA9
FDF0
FF44
00A5
0211
0389
050B
0695
0827
09C0
0B5E
0D01
0EA6
104D
11F4
139A
153D
16DD
1877
1A0C
1B99
1D1C
1E95
2001
2160
22B0
23F1
2520
263C
2745
2839
2918
29E0
2A90
2B27
2BA6
2C0A
2C54
2C83
2C96
2C8D
2C68
2C26
2BC8
2B4D
2AB5
2A01
2931
2845
273D
261A
24DC
2385
2215
208D
1EEF
1D3A
1B71
1994
17A4
15A3
1393
1174
0F47
0D0F
0ACE
0883
0632
03DB
0180
FF23
FCC6
FA6A
F811
F5BC
F36D
F127
EEE9
ECB7
EA91
E879
E671
E479
E294
E0C3
DF06
DD60
DBD2
DA5B
D8FF
D7BC
D695
D58A
D49C
D3CB
D317
D282
D20C
D1B4
D17B
D160
D165
D188
D1CA
D22A
D2A7
D341
D3F8
D4CB
D5B9
D6C0
D7E1
D91B
DA6B
DBD1
DD4D
DEDC
E07D
E22F
E3F0
E5BF
E79A
E980
EB6F
ED65
EF62
F164
F368
F56D
F773
F976
FB76
FD72
FF67
0154
0337
0510
06DD
089D
0A4E
0BEF
0D7F
0EFD
1068
11BF
1301
142D
1543
1641
1728
17F7
18AD
194A
19CF
1A3A
1A8C
1AC5
1AE4
1AEA
1AD8
1AAD
1A6B
1A10
199F
1917
187A
17C7
1701
1627
153B
143E
1331
1214
10EA
0FB2
0E6F
0D22
0BCB
0A6D
0907
079C
062D
04BC
0349
01D6
0065
FEF7
FD8C
FC27
FAC7
F970
F820
F6DB
F5A0
F471
F34F
F23A
F133
F03C
EF55
EE7E
EDB8
ED03
EC61
EBD1
EB54
EAEA
EA94
EA50
EA20
EA04
E9FB
EA05
EA22
EA51
EA93
EAE7
EB4C
EBC3
EC49
ECE0
ED86
EE3A
EEFC
EFCA
F0A5
F18B
F27C
F376
F478
F582
F692
F7A8
F8C3
F9E1
FB01
FC23
FD46
FE68
FF88
00A6
01C1
02D7
03E8
04F2
05F6
06F1
07E4
08CD
09AC
0A80
0B48
0C04
0CB3
0D55
0DE9
0E6F
0EE7
0F50
0FA9
0FF4
102F
105A
1076
1082
107F
106C
104A
1019
0FD9
0F8B
0F2E
0EC4
0E4C
0DC7
0D36
0C9A
0BF2
0B3F
0A81
09BA
08EA
0812
0732
064B
055E
046A
0372
0276
0176
0073
FF6E
FE68
FD60
FC59
FB52
FA4C
F948
F846
F747
F64B
F553
F460
F372
F289
F1A6
F0C9
EFF4
EF26
EE5F
EDA0
ECE8
EC38
EB91
EAF1
EA5A
E9CB
E945
E8C7
E851
E7E4
E77F
E722
E6CE
E681
E63C
E5FF
E5CA
E59B
E573
E553
E538
E524
E516
E50E
E50A
E50C
E513
E51F
E52E
E542
E55A
E575
E593
E5B4
E5D8
E5FE
E627
E651
E67D
E6AB
E6DA
E70A
E73B
E76C
E79F
E7D2
E805
E839
E86D
E8A1
E8D6
E90B
E940
E976
E9AB
E9E1
EA18
EA4F
EA87
EAC0
EAFA
EB35
EB72
EBB0
EBF0
EC31
EC75
ECBB
ED03
ED4E
ED9B
EDEB
EE3E
EE94
EEED
EF49
EFA9
F00C
F072
F0DC
F14A
F1BB
F230
F2A8
F324
F3A3
F426
F4AC
F535
F5C2
F651
F6E4
F77B
F814
F8B0
F94E
F9EE
FA90
FB32
FBD6
FC7B
FD21
FDC6
FE6B
FF10
FFB4
0057
00F9
0198
0235
02D0
0367
03FB
048C
0518
05A0
0622
06A0
0718
078A
07F6
085C
08BB
0913
0964
09AE
09F0
0A2A
0A5C
0A85
0AA6
0ABE
0ACE
0AD4
0AD3
0AC8
0AB5
0A99
0A75
0A48
0A13
09D7
0992
0946
08F3
0898
0837
07D0
0763
06F0
0679
05FC
057C
04F7
0470
03E5
0358
02C9
0239
01A8
0118
0087
FFF8
FF6A
FEDE
FE54
FDCE
FD4B
FCCC
FC52
FBDC
FB6C
FB02
FA9E
FA41
F9EA
F99B
F954
F914
F8DD
F8AE
F888
F86A
F856
F84A
F848
F84F
F85F
F878
F89B
F8C6
F8FB
F939
F97F
F9CE
FA25
FA84
FAEA
FB58
FBCD
FC48
FCC9
FD50
FDDC
FE6D
FF02
FF9B
0036
00D4
0175
0216
02B9
035B
03FD
049E
053E
05DB
0676
070D
07A0
0830
08BA
093F
09BE
0A36
0AA7
0B10
0B71
0BC9
0C19
0C5F
0C9B
0CCE
0CF6
0D14
0D26
0D2E
0D2B
0D1D
0D04
0CDF
0CAF
0C73
0C2D
0BDB
0B7F
0B17
0AA5
0A29
09A2
0912
0878
07D6
072B
0678
05BD
04FA
0431
0361
028B
01AF
00CF
FFEA
FF02
FE16
FD27
FC36
FB44
FA50
F95C
F868
F775
F683
F592
F4A4
F3B8
F2D0
F1EB
F10A
F02E
EF57
EE86
EDBA
ECF4
EC34
EB7B
EACA
EA1F
E97C
E8E1
E84D
E7C1
E73E
E6C2
E64F
E5E3
E580
E524
E4D1
E485
E441
E404
E3CE
E39F
E377
E356
E33A
E324
E314
E309
E302
E300
E302
E307
E30F
E31A
E327
E336
E346
E357
E369
E37A
E38B
E39C
E3AB
E3B8
E3C4
E3CD
E3D3
E3D7
E3D8
E3D4
E3CE
E3C3
E3B4
E3A0
E388
E36C
E34A
E324
E2F9
E2C9
E294
E25B
E21C
E1D9
E191
E145
E0F6
E0A2
E04B
DFF0
DF92
DF30
DECC
DE65
DDFC
DD92
DD26
DCB9
DC4C
DBDF
DB72
DB05
DA9A
DA31
D9CA
D965
D904
D8A6
D84C
D7F6
D7A6
D75A
D714
D6D5
D69C
D669
D63E
D61B
D600
D5EE
D5E4
D5E3
D5EB
D5FC
D616
D639
D666
D69D
D6DD
D727
D77B
D7D8
D83F
D8AF
D929
D9AC
DA38
DACC
DB6A
DC0F
DCBD
DD73
DE2F
DEF3
DFBD
E08E
E164
E240
E320
E405
E4EE
E5DA
E6C8
E7B9
E8AC
E9A0
EA94
EB89
EC7D
ED71
EE63
EF53
F040
F12B
F211
F2F4
F3D3
F4AD
F581
F64F
F718
F7DA
F895
F949
F9F5
FA9A
FB36
FBCB
FC56
FCD9
FD54
FDC5
FE2D
FE8C
FEE1
FF2E
FF71
FFAB
FFDC
0004
0023
003A
0047
004D
004A
003F
002C
0012
FFF0
FFC7
FF98
FF63
FF27
FEE6
FE9F
FE54
FE04
FDB0
FD57
FCFC
FC9D
FC3C
FBD9
FB73
FB0D
FAA6
FA3E
F9D6
F96E
F906
F89F
F839
F7D4
F770
F70E
F6AE
F650
F5F4
F59B
F544
F4F0
F4A0
F452
F407
F3BF
F37A
F339
F2FA
F2BF
F287
F252
F21F
F1F0
F1C3
F199
F172
F14E
F12C
F10C
F0EE
F0D2
F0B8
F09F
F087
F070
F05A
F045
F030
F01B
F007
EFF2
EFDD
EFC8
EFB2
EF9B
EF84
EF6B
EF51
EF36
EF1A
EEFD
EEDE
EEBD
EE9B
EE77
EE52
EE2C
EE04
EDDA
EDAF
ED83
ED56
ED27
ECF8
ECC9
EC99
EC68
EC38
EC08
EBD8
EBA8
EB7A
EB4D
EB21
EAF7
EAD0
EAAA
EA87
EA67
EA4A
EA31
EA1C
EA0A
E9FE
E9F6
E9F3
E9F5
E9FD
EA0A
EA1E
EA39
EA59
EA81
EAB0
EAE5
EB22
EB66
EBB2
EC05
EC5F
ECC1
ED2B
ED9C
EE14
EE93
EF1A
EFA7
F03C
F0D7
F178
F21F
F2CC
F37F
F436
F4F3
F5B4
F678
F741
F80C
F8DA
F9AA
FA7C
FB50
FC25
FCFA
FDCF
FEA2
FF74
0044
0111
01DB
02A1
0362
041F
04D6
0587
0631
06D5
0771
0804
0890
0912
098B
09FB
0A60
0ABB
0B0B
0B50
0B8A
0BB9
0BDB
0BF2
0BFD
0BFD
0BF1
0BD8
0BB4
0B84
0B48
0B00
0AAD
0A4E
09E5
0970
08F2
0869
07D7
073B
0697
05EB
0537
047C
03BA
02F3
0227
0156
0081
FFA9
FECF
FDF3
FD16
FC39
FB5C
FA81
F9A8
F8D1
F7FF
F732
F669
F5A6
F4E9
F433
F384
F2DE
F241
F1AD
F123
F0A3
F02F
EFC6
EF69
EF17
EED3
EE9B
EE71
EE53
EE44
EE41
EE4D
EE66
EE8D
EEC2
EF04
EF54
EFB0
F01A
F090
F113
F1A3
F23F
F2E6
F397
F452
F516
F5E3
F6B9
F795
F879
F962
FA51
FB44
FC3A
FD34
FE2F
FF2C
0029
0125
0220
0319
040E
0500
05EC
06D3
07B4
088D
095E
0A26
0AE4
0B98
0C40
0CDD
0D6D
0DF0
0E65
0ECB
0F23
0F6C
0FA5
0FCE
0FE7
0FF0
0FE7
0FCE
0FA5
0F6A
0F1E
0EC2
0E55
0DD8
0D4A
0CAD
0BFF
0B43
0A78
099E
08B7
07C3
06C2
05B5
049D
037A
024D
0116
FFD7
FE90
FD43
FBF0
FA99
F93D
F7DF
F67F
F51D
F3BC
F25C
F0FE
EFA3
EE4B
ECF9
EBAD
EA67
E929
E7F3
E6C7
E5A5
E48E
E383
E284
E193
E0AF
DFDA
DF14
DE5D
DDB7
DD21
DC9C
DC28
DBC5
DB74
DB35
DB08
DAED
DAE3
DAEC
DB06
DB32
DB6F
DBBE
DC1D
DC8D
DD0D
DD9C
DE3A
DEE7
DFA2
E06A
E13E
E21E
E30A
E3FF
E4FE
E606
E715
E82B
E947
EA69
EB8E
ECB7
EDE2
EF0F
F03C
F168
F293
F3BB
F4E0
F600
F71B
F830
F93F
FA45
FB43
FC38
FD22
FE03
FED7
FFA0
005D
010C
01AE
0243
02C8
0340
03A8
0402
044C
0486
04B2
04CD
04D9
04D6
04C4
04A2
0471
0431
03E3
0387
031E
02A7
0224
0194
00F9
0054
FFA3
FEEA
FE27
FD5C
FC8A
FBB2
FAD3
F9F0
F908
F81D
F730
F641
F551
F462
F373
F286
F19B
F0B4
EFD1
EEF3
EE1A
ED48
EC7C
EBB8
EAFD
EA4A
E9A1
E902
E86D
E7E3
E765
E6F2
E68C
E631
E5E4
E5A3
E570
E549
E530
E524
E525
E533
E54E
E576
E5AA
E5EB
E638
E690
E6F3
E762
E7DB
E85D
E8E8
E97C
EA19
EABC
EB67
EC18
ECCE
ED89
EE48
EF0B
EFD0
F097
F15F
F227
F2F0
F3B7
F47C
F53F
F5FF
F6BB
F772
F824
F8D0
F976
FA14
FAAB
FB3A
FBC1
FC3E
FCB2
FD1C
FD7B
FDD0
FE1A
FE59
FE8D
FEB6
FED3
FEE6
FEED
FEE9
FEDA
FEC0
FE9B
FE6C
FE33
FDF0
FDA4
FD4E
FCF0
FC8B
FC1D
FBA9
FB2E
FAAE
FA29
F99F
F912
F881
F7EF
F75B
F6C7
F633
F59F
F50E
F47F
F3F4
F36D
F2EA
F26E
F1F7
F189
F122
F0C4
F06F
F024
EFE4
EFB0
EF87
EF6B
EF5C
EF5B
EF67
EF82
EFAB
EFE4
F02C
F083
F0EA
F160
F1E7
F27D
F323
F3D9
F49E
F574
F658
F74C
F84E
F95F
FA7D
FBA8
FCE0
FE24
FF74
00CF
0234
03A2
0519
0698
081E
09AA
0B3C
0CD2
0E6C
1008
11A6
1345
14E3
1680
181B
19B3
1B46
1CD4
1E5C
1FDD
2156
22C5
242A
2585
26D4
2816
294C
2A73
2B8B
2C94
2D8D
2E75
2F4C
3011
30C3
3163
31F0
3269
32CE
331F
335D
3385
339A
339A
3386
335D
3320
32CF
326B
31F3
3168
30CA
301A
2F57
2E84
2D9F
2CAA
2BA6
2A94
2973
2845
270B
25C4
2474
2319
21B6
204A
1ED7
1D5E
1BE0
1A5E
18D8
1750
15C7
143E
12B5
112E
0FA9
0E28
0CAB
0B33
09C1
0857
06F4
059A
044A
0304
01C9
0099
FF75
FE5D
FD53
FC56
FB67
FA87
F9B5
F8F3
F840
F79D
F709
F686
F613
F5B0
F55D
F51A
F4E8
F4C5
F4B3
F4AF
F4BC
F4D7
F501
F539
F580
F5D4
F635
F6A2
F71C
F7A2
F832
F8CD
F971
FA1E
FAD4
FB91
FC55
FD20
FDF0
FEC5
FF9F
007C
015C
023E
0322
0407
04EC
05D0
06B4
0796
0876
0953
0A2C
0B02
0BD4
0CA1
0D68
0E2A
0EE6
0F9B
104A
10F1
1191
1229
12BA
1343
13C3
143C
14AD
1515
1575
15CD
161D
1664
16A4
16DC
170C
1735
1757
1771
1785
1793
179A
179B
1797
178E
1780
176D
1757
173C
171F
16FE
16DB
16B7
1690
1668
163F
1615
15EB
15C1
1597
156E
1546
151F
14F9
14D5
14B4
1494
1477
145D
1445
1430
141F
1410
1404
13FC
13F6
13F4
13F5
13F9
13FF
1409
1415
1424
1437
144B
1462
147A
1493
14AE
14C9
14E5
1501
151D
1539
1554
156D
1586
159C
15B0
15C1
15D0
15DB
15E2
15E6
15E5
15E0
15D5
15C6
15B1
1596
1575
154D
1520
14EB
14B0
146E
1425
13D5
137E
1320
12BA
124C
11D8
115C
10D9
104E
0FBD
0F25
0E86
0DE1
0D36
0C84
0BCD
0B11
0A50
098A
08C0
07F3
0721
064D
0577
049E
03C5
02EA
020F
0134
0059
FF81
FEAC
FDD8
FD08
FC3B
FB72
FAAE
F9EE
F935
F881
F7D5
F72F
F691
F5FB
F56D
F4E8
F46D
F3FB
F393
F335
F2E2
F29A
F25C
F22A
F204
F1E8
F1D9
F1D5
F1DD
F1F1
F211
F23C
F274
F2B8
F308
F362
F3C8
F438
F4B3
F538
F5C6
F65E
F6FF
F7A8
F859
F912
F9D2
FA98
FB64
FC36
FD0D
FDE7
FEC6
FFA7
008B
0170
0257
033E
0425
050B
05EF
06D2
07B2
088E
0965
0A38
0B06
0BCF
0C91
0D4D
0E01
0EAE
0F53
0FF0
1084
110E
118F
1207
1274
12D7
132F
137D
13C0
13F8
1425
1446
145D
1469
146A
1460
144B
142C
1403
13CF
1392
134B
12F8
129D
1239
11CD
115A
10E0
105F
0FD8
0F4B
0EB9
0E23
0D89
0CEC
0C4B
0BA8
0B04
0A5F
09B9
0913
086E
07CA
0728
0688
05EB
0551
04BB
042A
039D
0316
0294
0219
01A4
0136
00CE
006E
0016
FFC6
FF7E
FF3F
FF08
FEDB
FEB5
FE99
FE86
FE7C
FE7A
FE81
FE91
FEAA
FECB
FEF4
FF25
FF5E
FF9F
FFE6
0035
0089
00E4
0144
01AA
0214
0283
02F5
036A
03E3
045D
04D9
0557
05D4
0652
06D0
074C
07C7
0840
08B6
0929
0998
0A04
0A6A
0ACC
0B28
0B7E
0BCE
0C17
0C59
0C94
0CC7
0CF2
0D15
0D2F
0D40
0D49
0D48
0D3F
0D2C
0D10
0CE9
0CB9
0C80
0C3D
0BF2
0B9D
0B40
0AD9
0A6B
09F4
0975
08EF
0861
07CC
0731
068F
05E7
053A
0488
03D2
0317
0258
0197
00D2
000C
FF43
FE7A
FDAF
FCE5
FC1A
FB51
FA88
F9C0
F8FB
F838
F778
F6BB
F602
F54D
F49D
F3F2
F34C
F2AC
F211
F17C
F0ED
F065
EFE3
EF68
EEF4
EE86
EE1F
EDBF
ED66
ED14
ECC8
EC83
EC44
EC0C
EBDA
EBAE
EB87
EB66
EB4A
EB32
EB20
EB11
EB06
EAFF
EAFB
EAFA
EAFB
EAFE
EB02
EB07
EB0D
EB13
EB19
EB1E
EB21
EB23
EB23
EB20
EB1A
EB11
EB04
EAF3
EADD
EAC3
EAA3
EA7E
EA54
EA23
E9EC
E9AF
E96C
E922
E8D1
E879
E81B
E7B6
E74B
E6D9
E660
E5E1
E55C
E4D0
E43F
E3A8
E30C
E26B
E1C6
E11C
E06F
DFBE
DF0A
DE53
DD9B
DCE1
DC27
DB6C
DAB2
D9F8
D940
D88A
D7D7
D727
D67B
D5D5
D534
D499
D405
D379
D2F4
D278
D205
D19C
D13E
D0EB
D0A3
D067
D038
D016
D001
CFFB
D002
D019
D03E
D072
D0B6
D109
D16D
D1E0
D263
D2F6
D39A
D44D
D510
D5E3
D6C6
D7B8
D8BA
D9CA
DAE9
DC16
DD51
DE99
DFEE
E14F
E2BB
E433
E5B5
E741
E8D6
EA74
EC19
EDC5
EF78
F12F
F2EC
F4AC
F66E
F833
F9F9
FBC0
FD86
FF4A
010D
02CC
0487
063E
07EE
0998
0B3A
0CD4
0E65
0FED
116A
12DD
1444
159F
16ED
182E
1961
1A85
1B9B
1CA2
1D9A
1E82
1F59
2021
20D8
217E
2214
2298
230D
2370
23C3
2406
2438
245A
246C
246E
2462
2445
241A
23E1
239A
2346
22E6
227A
2202
2180
20F3
205E
1FBF
1F19
1E6B
1DB7
1CFD
1C3E
1B7A
1AB3
19E9
191D
184F
1781
16B3
15E6
151A
1450
138A
12C7
1208
114D
1098
0FE9
0F41
0E9F
0E05
0D73
0CE9
0C67
0BEE
0B7F
0B19
0ABD
0A6B
0A23
09E4
09B1
0987
0967
0952
0947
0946
094F
0961
097D
09A2
09D0
0A06
0A45
0A8B
0AD9
0B2E
0B8A
0BEB
0C53
0CC1
0D33
0DA9
0E23
0E9F
0F1E
0F9F
1022
10A4
1127
11AA
122B
12AB
1328
13A3
141A
148D
14FB
1565
15C9
1628
1680
16D1
171B
175D
1797
17C9
17F3
1813
182B
1839
1840
183D
1830
181A
17FA
17D0
179D
1760
171A
16CA
1670
160E
15A2
152D
14B0
142A
139C
1307
1269
11C5
1119
1067
0FAF
0EF1
0E2E
0D66
0C9A
0BC9
0AF5
0A1E
0944
0868
078C
06AF
05D2
04F4
0416
033A
025E
0184
00AC
FFD6
FF03
FE33
FD67
FC9E
FBDA
FB1A
FA5F
F9A9
F8F8
F84C
F7A6
F706
F66C
F5D8
F54A
F4C2
F440
F3C5
F351
F2E2
F27A
F219
F1BE
F169
F11A
F0D1
F08E
F050
F018
EFE5
EFB7
EF8E
EF69
EF49
EF2D
EF15
EF01
EEF0
EEE2
EED8
EED0
EECB
EEC8
EEC8
EEC9
EECC
EED0
EED5
EEDC
EEE3
EEEB
EEF4
EEFC
EF05
EF0F
EF18
EF21
EF2A
EF32
EF3A
EF41
EF47
EF4E
EF53
EF58
EF5D
EF61
EF65
EF69
EF6D
EF71
EF75
EF79
EF7E
EF83
EF89
EF91
EF99
EFA4
EFAF
EFBD
EFCD
EFE0
EFF5
F00D
F028
F04A
F06E
F097
F0C4
F0F5
F12A
F165
F1A4
F1E8
F232
F281
F2D6
F330
F391
F3F7
F463
F4D6
F54E
F5CD
F652
F6DD
F76E
F805
F8A2
F945
F9EE
FA9C
FB50
FC09
FCC8
FD8B
FE53
FF22
FFF5
00CC
01A6
0283
0363
0446
052B
0611
06F9
07E1
08CA
09B3
0A9B
0B83
0C69
0D4D
0E2F
0F0E
0FEB
10C3
1198
1268
1333
13F9
14B9
1573
1626
16D3
1778
1815
18AB
1937
19BB
1A36
1AA8
1B11
1B6F
1BC4
1C0F
1C50
1C86
1CB2
1CD3
1CEA
1CF6
1CF7
1CED
1CD9
1CBB
1C92
1C5E
1C20
1BD8
1B86
1B2A
1AC5
1A56
19DE
195E
18D4
1843
17A9
1707
165D
15AB
14F3
1434
1370
12A6
11D6
1102
102A
0F4D
0E6D
0D89
0CA2
0BB8
0ACD
09DF
08F0
07FF
070D
061B
0528
0435
0343
0250
015E
006D
FF7D
FE8E
FDA1
FCB5
FBCA
FAE1
F9FA
F914
F830
F74E
F66E
F590
F4B5
F3DB
F304
F22F
F15B
F08A
EFBA
EEEC
EE20
ED56
EC8C
EBC5
EAFE
EA39
E975
E8B2
E7EF
E72D
E66C
E5AB
E4EA
E42A
E36A
E2AA
E1EA
E12A
E069
DFA8
DEE7
DE26
DD65
DCA3
DBE2
DB20
DA5F
D99D
D8DC
D81B
D75B
D69B
D5DC
D51E
D462
D3A7
D2ED
D236
D181
D0CF
D01F
CF74
CECB
CE27
CD87
CCEC
CC56
CBC6
CB3C
CAB9
CA3B
C9C6
C958
C8F2
C895
C841
C7F6
C7B6
C780
C755
C734
C71F
C716
C719
C729
C745
C76E
C7A4
C7E8
C839
C898
C904
C97F
CA07
CA9D
CB42
CBF4
CCB3
CD81
CE5C
CF44
D039
D13A
D248
D362
D487
D5B8
D6F3
D839
D989
DAE2
DC44
DDAE
DF20
E098
E216
E39A
E523
E6AF
E83F
E9D1
EB64
ECF8
EE8C
F01E
F1AF
F33D
F4C7
F64C
F7CC
F945
FAB7
FC21
FD81
FED7
0023
0162
0295
03BB
04D2
05DB
06D5
07BF
0898
0960
0A17
0ABB
0B4D
0BCC
0C37
0C8F
0CD3
0D03
0D1F
0D26
0D1A
0CF8
0CC3
0C79
0C1C
0BAA
0B25
0A8D
09E2
0925
0855
0775
0684
0582
0471
0351
0222
00E6
FF9D
FE48
FCE8
FB7E
FA0B
F88F
F70C
F582
F3F3
F260
F0C9
EF30
ED96
EBFC
EA62
E8CA
E736
E5A5
E419
E294
E115
DF9E
DE31
DCCD
DB74
DA29
D8EA
D7B9
D696
D582
D47D
D389
D2A6
D1D5
D115
D068
CFCE
CF47
CED4
CE74
CE29
CDF2
CDD0
CDC2
CDC8
CDE3
CE12
CE55
CEAD
CF18
CF97
D029
D0CD
D184
D24D
D327
D412
D50E
D619
D733
D85B
D991
DAD4
DC23
DD7D
DEE2
E050
E1C8
E347
E4CE
E65A
E7ED
E984
EB1E
ECBC
EE5C
EFFC
F19E
F33E
F4DE
F67B
F815
F9AC
FB3F
FCCC
FE54
FFD5
014F
02C1
042A
058A
06E1
082E
0970
0AA8
0BD6
0CF7
0E0E
0F18
1016
1108
11EE
12C7
1393
1452
1505
15AB
1644
16D1
1752
17C5
182D
1889
18D9
191D
1956
1984
19A8
19C1
19D0
19D5
19D1
19C4
19AE
1991
196C
193F
190C
18D2
1892
184D
1802
17B2
175E
1705
16A8
1648
15E5
157F
1516
14AB
143E
13CF
135E
12ED
127A
1206
1192
111E
10A9
1033
0FBE
0F49
0ED5
0E61
0DED
0D7A
0D08
0C96
0C24
0BB4
0B44
0AD4
0A66
09F8
098A
091E
08B2
0847
07DC
0772
0709
06A1
0639
05D2
056C
0507
04A2
043F
03DC
037A
0319
02B9
025B
01FE
01A2
0147
00EE
0097
0041
FFEE
FF9D
FF4E
FF02
FEB9
FE73
FE30
FDF2
FDB7
FD81
FD4F
FD23
FCFB
FCD9
FCBD
FCA8
FC98
FC90
FC8F
FC95
FCA3
FCB8
FCD6
FCFD
FD2C
FD64
FDA5
FDF0
FE44
FEA1
FF07
FF77
FFF1
0075
0102
0198
0238
02E2
0395
0452
0518
05E6
06BE
079D
0885
0975
0A6C
0B6B
0C6F
0D7A
0E8B
0FA1
10BB
11D9
12FA
141E
1543
166A
1791
18B8
19DD
1AFF
1C1F
1D3B
1E52
1F64
206F
2173
226F
2361
244B
2529
25FC
26C3
277D
282A
28C8
2956
29D5
2A44
2AA1
2AED
2B26
2B4D
2B60
2B60
2B4C
2B23
2AE6
2A94
2A2C
29AE
291A
2871
27B2
26DE
25F5
24F7
23E4
22BD
2182
2033
1ED2
1D5E
1BD9
1A42
189B
16E5
1520
134E
116F
0F84
0D8E
0B8F
0987
0778
0563
0349
012B
FF0A
FCE9
FAC7
F8A7
F688
F46E
F258
F049
EE42
EC44
EA51
E869
E68E
E4C0
E303
E155
DFB9
DE2F
DCB9
DB57
DA0B
D8D4
D7B5
D6AD
D5BE
D4E7
D42A
D387
D2FF
D291
D23E
D206
D1E9
D1E8
D201
D236
D287
D2F2
D378
D417
D4D0
D5A1
D68A
D78B
D8A2
D9CF
DB11
DC67
DDCF
DF4A
E0D5
E270
E419
E5CF
E792
E95E
EB34
ED12
EEF6
F0DF
F2CC
F4BB
F6AA
F899
FA86
FC6F
FE54
0032
0209
03D8
059B
0753
08FE
0A9B
0C28
0DA5
0F10
1069
11AE
12DE
13FA
14FF
15EE
16C5
1785
182D
18BB
1932
198F
19D2
19FD
1A0E
1A06
19E4
19AA
1958
18EE
186B
17D2
1723
165E
1584
1497
1396
1282
115D
1028
0EE4
0D92
0C32
0AC7
0951
07D2
064C
04BE
032B
0194
FFFB
FE60
FCC5
FB2B
F995
F802
F675
F4EE
F36F
F1FA
F08F
EF2F
EDDC
EC97
EB60
EA39
E923
E81F
E72E
E64F
E585
E4D0
E430
E3A6
E332
E2D5
E28F
E260
E249
E249
E260
E28F
E2D6
E333
E3A8
E433
E4D5
E58C
E659
E73A
E830
E938
EA54
EB82
ECC0
EE0F
EF6D
F0D8
F251
F3D6
F567
F701
F8A5
FA52
FC05
FDBF
FF7D
013F
0305
04CB
0693
085A
0A20
0BE3
0DA3
0F5F
1115
12C5
146E
160F
17A8
1938
1ABD
1C38
1DA7
1F0B
2062
21AD
22EA
241A
253C
2650
2755
284D
2936
2A11
2ADE
2B9C
2C4C
2CEF
2D84
2E0B
2E86
2EF4
2F55
2FAB
2FF6
3036
306B
3097
30BA
30D4
30E7
30F2
30F7
30F6
30F0
30E5
30D7
30C6
30B2
309E
3089
3074
305F
304B
3038
3028
301A
300F
3007
3004
3005
300A
3015
3025
303A
3055
3075
309C
30C9
30FC
3134
3173
31B7
3201
3251
32A5
32FF
335D
33C0
3426
3490
34FD
356D
35DF
3653
36C8
373D
37B2
3827
389A
390C
397B
39E6
3A4E
3AB2
3B10
3B68
3BBA
3C05
3C48
3C83
3CB5
3CDD
3CFC
3D10
3D1A
3D18
3D0A
3CF1
3CCA
3C98
3C58
3C0B
3BAF
3B45
3ACE
3A4A
39B8
3918
386B
37B1
36EA
3616
3535
3449
3350
324C
313D
3023
2F00
2DD2
2C9C
2B5E
2A17
28CA
2776
261C
24BE
235B
21F5
208C
1F20
1DB4
1C47
1ADA
196E
1803
169B
1536
13D5
1278
1121
0FD0
0E85
0D41
0C06
0AD3
09A9
0888
0771
0664
0562
046B
0380
02A0
01CB
0103
0047
FF96
FEF2
FE5A
FDCE
FD4E
FCDA
FC71
FC13
FBC0
FB79
FB3B
FB07
FADD
FABB
FAA1
FA8F
FA85
FA81
FA83
FA8B
FA97
FAA8
FABC
FAD4
FAEE
FB09
FB26
FB43
FB60
FB7D
FB97
FBB1
FBC7
FBDB
FBEB
FBF7
FBFE
FC00
FBFE
FBF5
FBE6
FBD1
FBB6
FB93
FB6A
FB39
FB01
FAC2
FA7B
FA2D
F9D8
F97C
F919
F8AF
F83E
F7C8
F74B
F6C9
F642
F5B7
F527
F494
F3FE
F365
F2CB
F22F
F193
F0F8
F05D
EFC4
EF2E
EE9B
EE0B
ED82
ECFE
EC80
EC0A
EB9C
EB36
EADA
EA88
EA40
EA04
E9D4
E9B0
E999
E98F
E994
E9A6
E9C7
E9F8
EA37
EA86
EAE4
EB52
EBD0
EC5E
ECFB
EDA7
EE63
EF2E
F008
F0F0
F1E6
F2EA
F3FC
F51A
F645
F77B
F8BB
FA05
FB58
FCB3
FE15
FF7E
00EC
025F
03D5
054D
06C7
0841
09BA
0B31
0CA5
0E15
0F80
10E4
1240
1394
14DF
161E
1752
1879
1991
1A9B
1B95
1C7E
1D55
1E19
1EC9
1F65
1FED
205F
20BB
2100
212F
2147
2147
2130
2101
20B9
205A
1FE3
1F55
1EAF
1DF1
1D1D
1C33
1B32
1A1C
18F1
17B2
1660
14FB
1384
11FC
1065
0EBF
0D0A
0B48
0979
07A1
05BF
03D5
01E4
FFEE
FDF3
FBF6
F9F7
F7F8
F5FA
F3FE
F206
F013
EE26
EC41
EA64
E891
E6C9
E50E
E360
E1C0
E02F
DEAF
DD41
DBE4
DA9B
D965
D844
D738
D642
D561
D497
D3E4
D34A
D2C7
D25C
D20A
D1D0
D1AE
D1A5
D1B4
D1DB
D21A
D271
D2DE
D362
D3FC
D4AC
D571
D64A
D736
D835
D946
DA68
DB9B
DCDD
DE2D
DF8A
E0F4
E269
E3E9
E572
E702
E89A
EA38
EBDC
ED83
EF2E
F0DB
F289
F438
F5E5
F791
F939
FADE
FC7F
FE1A
FFAF
013D
02C3
0441
05B6
0722
0883
09DA
0B26
0C67
0D9C
0EC5
0FE3
10F4
11F9
12F1
13DD
14BD
1592
165A
1717
17C9
1870
190C
199D
1A25
1AA3
1B18
1B84
1BE8
1C44
1C99
1CE6
1D2D
1D6E
1DAA
1DE0
1E13
1E40
1E6B
1E92
1EB6
1ED8
1EF8
1F17
1F34
1F50
1F6B
1F86
1FA1
1FBC
1FD8
1FF4
2010
202D
204A
2067
2085
20A3
20C1
20DF
20FD
211A
2136
2150
2169
2181
2195
21A7
21B6
21C1
21C7
21C9
21C6
21BD
21AD
2197
217A
2155
2127
20F1
20B1
2067
2013
1FB4
1F4A
1ED5
1E53
1DC6
1D2B
1C84
1BD0
1B0E
1A3E
1961
1877
177E
1678
1563
1441
1311
11D4
1089
0F32
0DCD
0C5C
0ADE
0955
07C1
0622
0479
02C6
010A
FF46
FD7A
FBA7
F9CE
F7F0
F60D
F427
F23F
F056
EE6C
EC83
EA9C
E8B7
E6D7
E4FC
E328
E15C
DF98
DDDE
DC30
DA8E
D8FB
D776
D602
D49F
D34F
D213
D0EC
CFDB
CEE1
CE00
CD37
CC8A
CBF9
CB83
CB29
CAEE
CAD0
CAD1
CAF1
CB30
CB90
CC0F
CCAF
CD6F
CE4F
CF4F
D06F
D1AE
D30C
D489
D623
D7DB
D9AE
DB9D
DDA5
DFC7
E200
E450
E6B5
E92C
EBB6
EE50
F0F8
F3AE
F66E
F937
FC08
FEDD
01B5
048E
0766
0A3B
0D0B
0FD4
1293
1548
17F0
1A88
1D10
1F86
21E7
2433
2667
2883
2A84
2C6A
2E33
2FDF
316C
32DA
3428
3555
3661
374C
3815
38BA
393F
39A1
39E2
3A03
3A03
39E3
39A5
3948
38CF
3839
3787
36BD
35D9
34DE
33CE
32A9
3171
3027
2ECE
2D66
2BF2
2A72
28E9
2758
25C0
2424
2284
20E2
1F3F
1D9E
1BFE
1A61
18C8
1735
15A9
1424
12A7
1134
0FCB
0E6C
0D19
0BD1
0A94
0964
0841
0729
061E
0520
042E
0347
026D
019E
00DA
0020
FF71
FECA
FE2D
FD98
FD0A
FC84
FC03
FB88
FB11
FA9F
FA30
F9C3
F957
F8EC
F881
F816
F7A9
F739
F6C8
F653
F5DA
F55D
F4DC
F455
F3C9
F337
F29F
F201
F15C
F0B1
EFFF
EF46
EE87
EDC1
ECF5
EC22
EB49
EA6A
E985
E89A
E7AB
E6B6
E5BE
E4C1
E3C0
E2BC
E1B6
E0AD
DFA3
DE98
DD8C
DC80
DB75
DA6C
D964
D85F
D75E
D660
D566
D472
D383
D29B
D1BA
D0E0
D00F
CF46
CE87
CDD1
CD26
CC86
CBF1
CB69
CAEC
CA7B
CA18
C9C2
C97A
C940
C915
C8F9
C8EC
C8EF
C902
C924
C956
C999
C9EC
CA4F
CAC3
CB47
CBDB
CC7F
CD34
CDF8
CECC
CFB0
D0A3
D1A5
D2B5
D3D4
D501
D63B
D783
D8D7
DA37
DBA1
DD16
DE96
E01F
E1B1
E34C
E4EE
E697
E846
E9FB
EBB4
ED71
EF30
F0F2
F2B5
F478
F63B
F7FC
F9BB
FB76
FD2E
FEE0
008D
0233
03D2
0568
06F6
0879
09F2
0B5F
0CC0
0E15
0F5B
1093
11BC
12D7
13E1
14DC
15C6
169F
1767
181D
18C1
1953
19D3
1A40
1A9A
1AE2
1B18
1B3A
1B4B
1B48
1B34
1B0D
1AD5
1A8B
1A31
19C5
1949
18BD
1822
1778
16C0
15FA
1527
1448
135D
1267
1167
105D
0F4B
0E31
0D10
0BE9
0ABC
098B
0857
071F
05E6
04AC
0372
0238
0100
FFCA
FE98
FD6A
FC41
FB1D
FA00
F8EA
F7DC
F6D6
F5DA
F4E8
F400
F324
F254
F191
F0DB
F031
EF95
EF06
EE85
EE13
EDAF
ED5A
ED13
ECDC
ECB3
EC9A
EC90
EC94
ECA8
ECCA
ECFB
ED3A
ED87
EDE2
EE4A
EEBF
EF41
EFD0
F069
F10F
F1BE
F278
F33C
F408
F4DE
F5BB
F69F
F789
F879
F96E
FA68
FB64
FC64
FD66
FE69
FF6C
0070
0173
0275
0375
0472
056B
0661
0753
083F
0926
0A06
0AE0
0BB3
0C7E
0D42
0DFD
0EAF
0F59
0FF9
1090
111C
119E
1216
1285
12EA
1344
1395
13DB
1418
144B
1474
1494
14AB
14B8
14BC
14B8
14AC
1497
147B
1457
142D
13FC
13C5
1388
1346
12FF
12B4
1266
1214
11BF
1168
110F
10B5
105A
1000
0FA5
0F4C
0EF4
0E9E
0E4B
0DFB
0DAD
0D64
0D1F
0CDE
0CA3
0C6D
0C3C
0C11
0BED
0BCF
0BB7
0BA7
0B9D
0B9B
0BA0
0BAC
0BC0
0BDB
0BFE
0C28
0C59
0C91
0CD1
0D17
0D64
0DB8
0E12
0E72
0ED8
0F43
0FB4
1029
10A3
1121
11A3
1228
12B0
133B
13C7
1455
14E5
1575
1605
1695
1724
17B2
183F
18C9
1951
19D6
1A57
1AD5
1B4E
1BC2
1C32
1C9B
1CFE
1D5B
1DB1
1E01
1E49
1E89
1EC2
1EF3
1F1C
1F3C
1F55
1F64
1F6C
1F6B
1F61
1F4F
1F34
1F11
1EE5
1EB2
1E76
1E32
1DE7
1D94
1D3A
1CD9
1C71
1C03
1B8E
1B14
1A94
1A0F
1985
18F7
1864
17CD
1733
1696
15F5
1553
14AF
1409
1362
12BB
1213
116C
10C5
1020
0F7C
0EDA
0E3A
0D9D
0D02
0C6B
0BD8
0B48
0ABD
0A36
09B4
0937
08BF
084C
07DF
0779
0718
06BE
0669
0619
05D0
058D
054F
0517
04E4
04B8
0490
046E
0452
043A
0427
0418
040E
0409
0407
0408
040D
0415
0420
042D
043D
044E
0461
0475
048A
04A0
04B5
04CB
04E1
04F6
050A
051D
052E
053D
054B
0555
055E
0563
0566
0565
0560
0558
054C
053C
0527
050F
04F2
04D1
04AB
0481
0452
041F
03E7
03AB
036A
0325
02DC
028F
023E
01E8
018F
0133
00D3
0071
000C
FFA5
FF3B
FED0
FE63
FDF5
FD86
FD16
FCA6
FC36
FBC5
FB56
FAE7
FA7A
FA0E
F9A3
F93B
F8D5
F872
F812
F7B5
F75B
F705
F6B3
F666
F61C
F5D7
F598
F55E
F528
F4F8
F4CD
F4A8
F488
F46D
F457
F447
F43D
F438
F438
F43D
F447
F457
F46B
F484
F4A1
F4C3
F4E8
F512
F53F
F56F
F5A3
F5D9
F612
F64D
F68A
F6C8
F708
F749
F78C
F7CF
F812
F855
F897
F8D8
F918
F956
F992
F9CB
FA02
FA36
FA67
FA94
FABD
FAE2
FB03
FB1F
FB36
FB49
FB57
FB5F
FB62
FB60
FB58
FB4B
FB38
FB20
FB03
FAE0
FAB7
FA8A
FA57
FA1F
F9E3
F9A2
F95E
F915
F8C8
F878
F826
F7D0
F778
F71F
F6C3
F667
F60A
F5AC
F54F
F4F3
F497
F43E
F3E6
F391
F33F
F2F1
F2A7
F262
F222
F1E7
F1B3
F185
F15E
F13F
F127
F117
F110
F112
F11E
F134
F154
F17F
F1B5
F1F6
F242
F29A
F2FD
F36C
F3E8
F46F
F503
F5A2
F64E
F706
F7C9
F899
F974
FA5B
FB4C
FC49
FD50
FE62
FF7E
00A3
01D1
0308
0447
058E
06DC
0831
098B
0AEB
0C50
0DB8
0F24
1092
1202
1374
14E5
1656
17C6
1934
1A9F
1C07
1D6A
1EC8
2020
2171
22BA
23FB
2533
2661
2785
289D
29A9
2AA9
2B9C
2C80
2D56
2E1C
2ED4
2F7B
3012
3098
310D
3171
31C3
3202
3230
324B
3253
3249
322B
31FB
31B9
3163
30FB
3081
2FF4
2F55
2EA5
2DE3
2D11
2C2E
2B3A
2A37
2925
2804
26D5
2599
244E
22F8
2195
2028
1EB2
1D32
1BAA
1A1B
1886
16EB
154B
13A7
1200
1058
0EAE
0D04
0B5B
09B3
080E
066D
04CF
0337
01A4
0019
FE95
FD19
FBA7
FA3E
F8E0
F78D
F646
F50B
F3DC
F2BA
F1A7
F0A2
EFAB
EEC4
EDEC
ED24
EC6B
EBC3
EB2C
EAA4
EA2D
E9C7
E971
E92C
E8F6
E8D1
E8BB
E8B6
E8BF
E8D7
E8FE
E933
E975
E9C5
EA21
EA89
EAFC
EB7B
EC03
EC95
ED30
EDD2
EE7C
EF2C
EFE2
F09D
F15C
F21E
F2E3
F3A9
F470
F536
F5FC
F6BF
F781
F83E
F8F8
F9AC
FA5B
FB03
FBA4
FC3D
FCCD
FD54
FDD1
FE44
FEAC
FF08
FF58
FF9C
FFD3
FFFD
0019
0027
0027
0019
FFFD
FFD2
FF9A
FF52
FEFD
FE99
FE28
FDA8
FD1B
FC81
FBDA
FB26
FA66
F99A
F8C4
F7E2
F6F7
F603
F505
F400
F2F3
F1DF
F0C6
EFA7
EE85
ED5E
EC35
EB0B
E9DF
E8B2
E787
E65D
E535
E411
E2F1
E1D6
E0C1
DFB3
DEAC
DDAE
DCB9
DBCE
DAED
DA18
D950
D894
D7E5
D745
D6B3
D630
D5BC
D559
D506
D4C4
D492
D472
D464
D467
D47B
D4A2
D4DB
D526
D582
D5F0
D66F
D6FF
D7A0
D851
D912
D9E2
DAC2
DBB0
DCAC
DDB5
DECA
DFEC
E119
E250
E390
E4DA
E62B
E783
E8E2
EA45
EBAD
ED18
EE85
EFF4
F163
F2D2
F43F
F5A9
F711
F874
F9D2
FB2A
FC7A
FDC3
FF02
0038
0163
0283
0397
049E
0598
0684
0761
082F
08ED
099B
0A39
0AC6
0B42
0BAD
0C06
0C4D
0C83
0CA7
0CB9
0CB9
0CA8
0C86
0C52
0C0E
0BB9
0B53
0ADE
0A59
09C6
0925
0877
07BC
06F5
0623
0547
0461
0373
027D
0181
007F
FF78
FE6D
FD60
FC52
FB42
FA34
F927
F81C
F716
F614
F518
F422
F335
F250
F175
F0A5
EFDF
EF26
EE7A
EDDC
ED4C
ECCC
EC5D
EBFE
EBB0
EB75
EB4B
EB34
EB31
EB40
EB64
EB9B
EBE6
EC45
ECB8
ED3F
EDDA
EE88
EF4A
F01F
F106
F200
F30C
F429
F557
F695
F7E2
F93E
FAA7
FC1E
FDA0
FF2F
00C8
026A
0415
05C7
0780
093E
0B00
0CC4
0E8B
1052
1219
13DD
159F
175D
1915
1AC7
1C71
1E12
1FAA
2136
22B7
242A
258F
26E6
282C
2962
2A86
2B98
2C97
2D82
2E59
2F1B
2FC8
3060
30E2
314E
31A3
31E1
3209
321A
3214
31F7
31C4
317B
311B
30A6
301B
2F7B
2EC7
2E00
2D25
2C37
2B38
2A28
2907
27D8
269A
254E
23F7
2294
2127
1FB1
1E33
1CAF
1B24
1995
1802
166E
14D8
1342
11AE
101C
0E8E
0D04
0B81
0A04
0890
0724
05C3
046D
0324
01E7
00B8
FF97
FE86
FD85
FC95
FBB6
FAE9
FA2E
F986
F8F1
F870
F802
F7A8
F762
F730
F712
F707
F710
F72C
F75A
F79C
F7EF
F855
F8CB
F952
F9E9
FA8F
FB44
FC06
FCD6
FDB1
FE97
FF87
0081
0183
028B
039A
04AD
05C5
06DF
07FB
0917
0A32
0B4C
0C62
0D75
0E82
0F8A
108A
1182
1271
1356
142F
14FD
15BE
1671
1717
17AD
1833
18A9
190F
1963
19A5
19D6
19F4
19FF
19F8
19DE
19B0
1970
191D
18B8
183F
17B5
1718
166A
15AB
14DB
13FA
130B
120D
1100
0FE7
0EC1
0D90
0C54
0B0F
09C2
086C
0711
05B0
044B
02E3
0179
000E
FEA4
FD3C
FBD6
FA74
F918
F7C1
F672
F52C
F3F0
F2BE
F198
F07F
EF74
EE78
ED8B
ECAF
EBE3
EB29
EA82
E9ED
E96D
E901
E8A9
E867
E83A
E822
E821
E836
E861
E8A2
E8F9
E966
E9EA
EA82
EB30
EBF3
ECCA
EDB5
EEB4
EFC5
F0E8
F21C
F361
F4B6
F619
F78A
F908
FA91
FC25
FDC2
FF67
0114
02C7
047E
0639
07F6
09B4
0B72
0D2F
0EE9
109F
1250
13FA
159D
1737
18C7
1A4C
1BC5
1D30
1E8E
1FDC
211A
2247
2362
246A
255F
263F
270B
27C2
2863
28ED
2961
29BE
2A04
2A32
2A48
2A47
2A2F
29FF
29B7
2958
28E2
2855
27B2
26F9
262A
2547
244F
2344
2225
20F5
1FB3
1E60
1CFE
1B8D
1A0E
1883
16EC
154A
139F
11EB
102F
0E6D
0CA5
0AD9
090A
0739
0567
0395
01C4
FFF6
FE2B
FC64
FAA3
F8E9
F735
F58A
F3E8
F251
F0C4
EF42
EDCE
EC66
EB0C
E9C0
E883
E755
E638
E52A
E42D
E340
E264
E19A
E0E1
E039
DFA3
DF1E
DEAA
DE48
DDF7
DDB7
DD88
DD69
DD5A
DD5A
DD6A
DD89
DDB6
DDF1
DE3A
DE8F
DEF0
DF5C
DFD4
E055
E0E0
E174
E210
E2B3
E35D
E40D
E4BE
E574
E62E
E6EA
E7A9
E86A
E92C
E9ED
EAAF
EB70
EC2F
ECED
EDA7
EE5F
EF13
EFC4
F070
F117
F1B9
F256
F2ED
F37F
F40A
F48F
F50E
F586
F5F8
F663
F6C8
F727
F77E
F7D0
F819
F85C
F899
F8D1
F903
F930
F959
F97D
F99E
F9BB
F9D5
F9EB
FA00
FA13
FA24
FA34
FA43
FA53
FA62
FA73
FA85
FA98
FAAD
FAC5
FAE0
FAFE
FB1F
FB45
FB6F
FB9E
FBD2
FC0B
FC4A
FC8F
FCDA
FD2C
FD83
FDE1
FE46
FEB1
FF22
FF9B
001A
009F
012B
01BD
0256
02F4
0398
0442
04F1
05A4
065D
071A
07DA
089F
0966
0A30
0AFD
0BCB
0C9B
0D6B
0E3C
0F0D
0FDE
10AD
117C
1248
1311
13D8
149B
1559
1613
16C8
1778
1821
18C3
195F
19F3
1A80
1B04
1B80
1BF2
1C5C
1CBC
1D13
1D5F
1DA1
1DD9
1E07
1E2A
1E42
1E50
1E53
1E4B
1E39
1E1C
1DF4
1DC3
1D87
1D42
1CF3
1C9B
1C3A
1BCF
1B5D
1AE2
1A60
19D6
1945
18AE
1810
176D
16C5
1618
1566
14B1
13F9
133D
127F
11C0
10FF
103D
0F7B
0EB9
0DF7
0D36
0C77
0BBB
0B01
0A4A
0996
08E5
0838
078F
06EB
064C
05B1
051C
048C
0401
037D
02FE
0286
0213
01A7
0141
00E1
0087
0033
FFE5
FF9D
FF5B
FF1F
FEE8
FEB7
FE8A
FE62
FE3F
FE21
FE07
FDF0
FDDD
FDCE
FDC1
FDB7
FDAF
FDA8
FDA4
FDA1
FD9E
FD9C
FD9B
FD9A
FD98
FD96
FD93
FD8E
FD89
FD82
FD79
FD6E
FD61
FD52
FD40
FD2C
FD15
FCFC
FCE0
FCC1
FCA0
FC7C
FC53
FC28
FBFB
FBCB
FB9A
FB67
FB32
FAFC
FAC6
FA8E
FA56
FA1E
F9E7
F9B0
F97B
F947
F915
F8E6
F8BA
F891
F86C
F84B
F830
F81A
F809
F800
F7FD
F801
F80E
F822
F840
F867
F896
F8D0
F914
F963
F9BD
FA23
FA96
FB14
FB9F
FC36
FCDB
FD8C
FE4B
FF17
FFF1
00D7
01CB
02CD
03DB
04F6
061E
0753
0893
09E0
0B38
0C9C
0E0A
0F82
1104
128F
1423
15BF
1763
190E
1ABF
1C75
1E2F
1FED
21AE
2370
2533
26F6
28B9
2A7A
2C38
2DF2
2FA8
3159
3303
34A5
3640
37D1
3958
3AD4
3C45
3DA8
3EFE
4045
417D
42A5
43BC
44C2
45B5
4696
4764
481E
48C3
4953
49CE
4A32
4A81
4AB8
4AD9
4AE3
4AD5
4AB0
4A74
4A20
49B5
4933
489A
47EA
4723
4646
4554
444C
432F
41FD
40B8
3F5F
3DF4
3C77
3AE8
3949
379A
35DD
3411
3237
3051
2E60
2C64
2A5F
2851
263C
2421
2200
1FDB
1DB2
1B87
195B
172F
1503
12DA
10B3
0E90
0C71
0A59
0847
063C
043A
0241
0052
FE6D
FC94
FAC8
F908
F755
F5B1
F419
F291
F118
EFAE
EE55
ED0B
EBD3
EAAB
E994
E88E
E79A
E6B6
E5E4
E523
E472
E3D3
E344
E2C6
E258
E1F9
E1AA
E16A
E139
E116
E101
E0F9
E0FE
E10E
E12B
E152
E183
E1BE
E201
E24C
E29E
E2F8
E357
E3BD
E427
E495
E507
E57C
E5F4
E66D
E6E7
E761
E7DB
E855
E8CD
E943
E9B8
EA29
EA98
EB02
EB69
EBCC
EC2A
EC83
ECD7
ED26
ED6F
EDB3
EDF1
EE2A
EE5B
EE87
EEAC
EECD
EEE8
EEFD
EF0D
EF19
EF1F
EF21
EF1F
EF19
EF0F
EF02
EEF3
EEE1
EECC
EEB7
EEA0
EE88
EE70
EE59
EE42
EE2D
EE19
EE07
EDF9
EDED
EDE5
EDE1
EDE2
EDE8
EDF4
EE06
EE1F
EE3E
EE65
EE93
EECA
EF08
EF4F
EF9E
EFF7
F059
F0C4
F138
F1B6
F23D
F2CE
F368
F40B
F4B8
F56F
F62E
F6F6
F7C7
F8A0
F981
FA6B
FB5B
FC53
FD51
FE55
FF5F
006F
0185
029E
03BB
04DC
05FE
0723
0849
096F
0A95
0BBB
0CDF
0E01
0F20
103B
1153
1265
1372
1479
1578
1671
1761
1848
1926
19F9
1AC3
1B81
1C34
1CDA
1D74
1E02
1E82
1EF6
1F5C
1FB4
1FFD
2038
2064
2081
208F
208D
207D
205D
202E
1FF0
1FA3
1F47
1EDC
1E63
1DDC
1D47
1CA5
1BF5
1B38
1A70
199B
18BB
17D0
16DB
15DD
14D5
13C5
12AD
118F
106C
0F43
0E16
0CE5
0BB0
0A79
0940
0806
06CC
0593
045A
0324
01F0
00C0
FF93
FE6C
FD4A
FC2F
FB1A
FA0D
F909
F80C
F71A
F631
F552
F47F
F3B7
F2FA
F24A
F1A7
F110
F087
F00C
EF9E
EF3F
EEEE
EEAC
EE79
EE54
EE3D
EE36
EE3D
EE53
EE78
EEAB
EEEC
EF3C
EF99
F004
F07D
F102
F194
F233
F2DD
F393
F454
F520
F5F6
F6D6
F7C0
F8B2
F9AC
FAAE
FBB7
FCC5
FDD8
FEF1
000F
0132
0259
0384
04B1
05E1
0713
0846
097A
0AAE
0BE2
0D15
0E47
0F78
10A6
11D2
12FA
141F
1540
165D
1776
1889
1997
1AA0
1BA3
1C9F
1D95
1E85
1F6E
204D
2126
21F7
22C1
2384
243F
24F3
259E
2643
26DF
2774
2801
2886
2904
297A
29E8
2A4F
2AAE
2B06
2B57
2BA0
2BE3
2C1E
2C52
2C80
2CA7
2CC7
2CE1
2CF5
2D02
2D0A
2D0B
2D08
2D00
2CF2
2CDE
2CC6
2CA8
2C85
2C5D
2C30
2BFE
2BC8
2B8C
2B4D
2B08
2ABF
2A72
2A20
29C9
296E
290F
28AB
2843
27D7
2766
26F1
2677
25F9
2577
24F0
2465
23D5
2341
22AB
2211
2172
20CF
2027
1F7B
1ECA
1E15
1D5B
1C9D
1BDB
1B14
1A49
1979
18A6
17CE
16F2
1612
152E
1446
135B
126B
1178
1082
0F89
0E8C
0D8D
0C8A
0B86
0A7E
0975
0869
075C
064E
053E
042D
031B
0209
00F5
FFE2
FECF
FDBC
FCAA
FB99
FA89
F97A
F86D
F762
F65A
F553
F450
F350
F252
F159
F063
EF71
EE83
ED9A
ECB5
EBD5
EAF9
EA23
E952
E886
E7C0
E6FF
E643
E58D
E4DC
E431
E38C
E2EC
E252
E1BE
E12F
E0A5
E022
DFA3
DF2A
DEB5
DE46
DDDC
DD76
DD14
DCB7
DC5F
DC0A
DBB8
DB6B
DB20
DAD9
DA94
DA51
DA11
D9D3
D997
D95C
D922
D8EA
D8B2
D87A
D842
D80B
D7D2
D79A
D760
D725
D6E8
D6AA
D66A
D629
D5E5
D59E
D556
D50A
D4BC
D46C
D418
D3C2
D369
D30D
D2AE
D24D
D1E9
D182
D119
D0AD
D040
CFD1
CF61
CEEF
CE7C
CE09
CD95
CD21
CCAD
CC39
CBC7
CB56
CAE6
CA79
CA0E
C9A6
C941
C8E1
C884
C82C
C7D9
C78C
C745
C704
C6CA
C698
C66E
C64C
C633
C623
C61D
C621
C62F
C649
C66E
C69E
C6DB
C724
C779
C7DC
C84C
C8C9
C954
C9EC
CA93
CB47
CC0A
CCDA
CDB9
CEA5
CFA0
D0A8
D1BE
D2E2
D413
D551
D69C
D7F3
D956
DAC6
DC40
DDC5
DF54
E0EE
E290
E43B
E5EE
E7A8
E969
EB30
ECFC
EECD
F0A1
F278
F451
F62C
F807
F9E1
FBBB
FD92
FF67
0137
0303
04CA
068A
0843
09F3
0B9B
0D39
0ECD
1055
11D1
133F
14A0
15F3
1737
186A
198D
1A9F
1B9F
1C8D
1D68
1E30
1EE4
1F83
200E
2084
20E5
2131
2167
2187
2191
2185
2163
212A
20DC
2078
1FFF
1F70
1ECB
1E12
1D44
1C62
1B6D
1A63
1947
1819
16D9
1589
1427
12B5
1134
0FA6
0E0A
0C62
0AAF
08F0
0728
0557
037E
019F
FFB9
FDCE
FBE0
F9EE
F7FB
F606
F412
F21E
F02D
EE3F
EC55
EA70
E891
E6B9
E4E9
E322
E164
DFB2
DE0B
DC70
DAE1
D960
D7ED
D68A
D538
D3F6
D2C6
D1A9
D09D
CFA5
CEC1
CDF1
CD35
CC8E
CBFC
CB7F
CB18
CAC6
CA8B
CA65
CA55
CA5A
CA76
CAA7
CAED
CB49
CBBA
CC3F
CCD9
CD87
CE49
CF1D
D003
D0FA
D204
D31E
D449
D583
D6CD
D825
D98A
DAFC
DC7A
DE03
DF97
E133
E2D9
E486
E63A
E7F4
E9B3
EB75
ED3B
EF03
F0CC
F296
F45E
F625
F7EA
F9AB
FB67
FD1F
FED0
007A
021C
03B6
0546
06CB
0846
09B5
0B17
0C6D
0DB5
0EEE
1018
1134
123F
1339
1423
14FC
15C3
1677
171A
17AA
1827
1892
18E9
192D
195E
197C
1986
197D
1961
1932
18F0
189C
1835
17BC
1731
1695
15E7
1529
145B
137C
128F
1193
1089
0F71
0E4D
0D1C
0BE0
0A99
0949
07EF
068C
0522
03B1
023A
00BE
FF3D
FDB9
FC32
FAA9
F91F
F794
F60A
F482
F2FC
F179
EFFA
EE80
ED0B
EB9C
EA34
E8D3
E77B
E62B
E4E5
E3AA
E279
E153
E03A
DF2D
DE2E
DD3C
DC58
DB83
DABD
DA06
D95E
D8C7
D840
D7C9
D762
D70D
D6C8
D694
D671
D65F
D65E
D671
D693
D6C7
D70A
D75E
D7C2
D835
D8B7
D949
D9E8
DA96
DB51
DC1A
DCEE
DDCF
DEBC
DFB3
E0B5
E1C0
E2D4
E3F1
E515
E640
E772
E8A9
E9E5
EB25
EC69
EDAF
EEF7
F041
F18B
F2D7
F423
F56D
F6B4
F7F8
F939
FA75
FBAB
FCDC
FE07
FF2B
0047
015B
0267
036A
0463
0552
0637
0712
07E1
08A5
095E
0A0A
0AAB
0B40
0BC8
0C45
0CB4
0D17
0D6E
0DB9
0DF7
0E2A
0E50
0E6B
0E7A
0E7E
0E76
0E63
0E46
0E1F
0DED
0DB3
0D6F
0D22
0CCE
0C72
0C0F
0BA5
0B36
0AC1
0A47
09C9
0947
08C3
083C
07B3
0728
069E
0613
0589
0500
0478
03F3
0371
02F2
0276
0200
018E
0122
00BC
005C
0002
FFB0
FF66
FF22
FEE7
FEB5
FE8A
FE68
FE4F
FE3F
FE38
FE3A
FE45
FE59
FE76
FE9C
FECB
FF03
FF43
FF8C
FFDC
0035
0095
00FC
016B
01DF
025B
02DC
0363
03EF
047F
0514
05AD
0648
06E7
0787
082A
08CD
0972
0A16
0ABA
0B5D
0BFF
0C9E
0D3B
0DD5
0E6C
0EFF
0F8D
1016
109A
1119
1191
1203
126E
12D2
1330
1386
13D4
1419
1457
148C
14B8
14DC
14F7
150A
1513
1515
150E
14FE
14E6
14C7
149F
1470
143A
13FD
13BA
1370
1321
12CC
1272
1213
11B1
114A
10E1
1075
1007
0F98
0F28
0EB7
0E47
0DD6
0D67
0CF9
0C8D
0C24
0BBD
0B5A
0AFB
0AA1
0A4C
09FC
09B2
096E
0931
08FB
08CD
08A6
0888
0871
0863
085E
0861
086E
0883
08A2
08CA
08FA
0934
0976
09C1
0A14
0A6F
0AD3
0B3E
0BB1
0C2A
0CAB
0D31
0DBE
0E4F
0EE6
0F81
1020
10C2
1166
120D
12B4
135D
1405
14AD
1554
15F8
169A
1738
17D2
1868
18F7
1981
1A04
1A7F
1AF2
1B5A
1BBA
1C0F
1C5A
1C99
1CCD
1CF5
1D10
1D1E
1D1F
1D12
1CF7
1CCD
1C95
1C4E
1BF8
1B93
1B1F
1A9B
1A08
1966
18B5
17F5
1727
1649
155E
1464
135D
1249
1128
0FFA
0EC1
0D7D
0C2F
0AD6
0974
080A
0697
051D
039D
0217
008C
FEFD
FD6B
FBD6
FA40
F8A9
F713
F57D
F3EA
F259
F0CC
EF44
EDC1
EC45
EACF
E962
E7FD
E6A1
E550
E40A
E2CF
E1A0
E07E
DF6B
DE66
DD6F
DC87
DBAF
DAE5
DA2C
D983
D8EB
D864
D7ED
D788
D733
D6F0
D6BE
D69D
D68E
D68F
D6A1
D6C3
D6F6
D739
D78B
D7EC
D85C
D8DB
D967
DA00
DAA6
DB58
DC16
DCDF
DDB1
DE8D
DF72
E05E
E152
E24C
E34C
E451
E55A
E666
E775
E885
E997
EAA9
EBBA
ECCA
EDD9
EEE4
EFED
F0F1
F1F1
F2EB
F3E0
F4CE
F5B5
F695
F76D
F83C
F903
F9C1
FA75
FB1F
FBBF
FC54
FCDE
FD5E
FDD3
FE3E
FE9D
FEF2
FF3C
FF7B
FFAF
FFD8
FFF8
000D
0018
0019
0011
0000
FFE6
FFC4
FF9A
FF69
FF30
FEF0
FEAB
FE60
FE0F
FDBA
FD61
FD04
FCA5
FC42
FBDE
FB78
FB11
FAAA
FA44
F9DE
F979
F916
F8B5
F857
F7FC
F7A5
F752
F703
F6B9
F675
F636
F5FC
F5C9
F59D
F577
F558
F540
F52F
F526
F524
F529
F537
F54C
F568
F58C
F5B8
F5EB
F625
F667
F6AF
F6FF
F755
F7B2
F815
F87E
F8ED
F962
F9DB
FA5A
FADD
FB65
FBF1
FC80
FD13
FDA9
FE41
FEDC
FF78
0016
00B6
0156
01F7
0299
033A
03DB
047B
051B
05B9
0654
06EE
0786
081C
08AF
0940
09CE
0A59
0AE1
0B65
0BE6
0C64
0CDE
0D55
0DC7
0E37
0EA2
0F09
0F6D
0FCD
102A
1082
10D7
1129
1177
11C2
1209
124E
128F
12CD
1309
1342
1378
13AC
13DE
140E
143C
1468
1492
14BB
14E3
1509
152F
1553
1576
1598
15BA
15DB
15FB
161A
1639
1657
1675
1692
16AE
16CA
16E5
16FF
1719
1731
1749
175F
1775
1789
179B
17AC
17BB
17C8
17D3
17DC
17E2
17E6
17E8
17E6
17E2
17DA
17CE
17BF
17AC
1796
177B
175C
1738
170F
16E2
16B0
1679
163D
15FC
15B5
1569
1518
14C1
1464
1403
139B
132D
12BA
1241
11C3
1140
10B8
102B
0F99
0F03
0E69
0DCB
0D2A
0C84
0BDC
0B30
0A82
09D2
0920
086C
07B7
0702
064C
0595
04E0
042B
0377
02C5
0214
0167
00BC
0015
FF71
FED1
FE35
FD9E
FD0C
FC80
FBFB
FB7C
FB03
FA92
FA28
F9C7
F96D
F91B
F8D3
F892
F85B
F82D
F809
F7ED
F7DB
F7D3
F7D4
F7DF
F7F4
F811
F839
F869
F8A3
F8E6
F931
F985
F9E2
FA48
FAB5
FB2A
FBA6
FC28
FCB1
FD40
FDD4
FE6E
FF0C
FFAE
0053
00FC
01A7
0255
0304
03B5
0465
0516
05C7
0676
0724
07D0
0879
091F
09C2
0A60
0AFB
0B90
0C1F
0CA9
0D2D
0DAC
0E23
0E93
0EFC
0F5D
0FB5
1005
104C
108B
10C0
10EC
110F
1129
1139
1140
113D
1132
111D
10FF
10D8
10A9
1071
1031
0FE9
0F99
0F42
0EE4
0E7F
0E14
0DA3
0D2C
0CB1
0C32
0BAF
0B29
0A9F
0A13
0985
08F5
0864
07D3
0741
06B0
0620
0592
0505
047B
03F4
0370
02F0
0274
01FD
018B
011E
00B7
0056
FFFC
FFA8
FF5C
FF16
FED8
FEA1
FE73
FE4C
FE2F
FE1A
FE0D
FE08
FE0C
FE17
FE2B
FE47
FE6A
FE95
FEC8
FF02
FF42
FF89
FFD7
002A
0084
00E2
0145
01AD
0219
0288
02FB
0370
03E8
0461
04DB
0556
05D2
064D
06C7
0741
07BA
0831
08A6
0918
0986
09F1
0A57
0AB8
0B14
0B6A
0BBB
0C05
0C48
0C85
0CBA
0CE8
0D0F
0D2D
0D43
0D51
0D57
0D54
0D49
0D35
0D19
0CF4
0CC7
0C92
0C54
0C0E
0BC0
0B6B
0B0E
0AA9
0A3E
09CD
0955
08D7
0853
07CB
073D
06AC
0616
057E
04E2
0444
03A4
0303
0261
01BF
011C
007B
FFDB
FF3C
FEA0
FE07
FD71
FCDF
FC51
FBC8
FB44
FAC5
FA4D
F9DC
F96F
F909
F8AC
F855
F808
F7C2
F786
F753
F729
F708
F6F1
F6E4
F6E1
F6E7
F6F8
F713
F738
F767
F7A0
F7E3
F830
F886
F8E6
F94F
F9C1
FA3C
FAC0
FB4C
FBE0
FC7B
FD1E
FDC8
FE77
FF2C
FFE6
00A6
016B
0234
0301
03D1
04A3
0579
064F
0728
0800
08D9
09B2
0A8A
0B60
0C35
0D07
0DD6
0EA2
0F6A
102E
10ED
11A6
125A
1308
13AF
1450
14E9
157B
1605
1687
1701
1772
17DA
183A
1890
18DD
1920
195A
198A
19B0
19CC
19DE
19E6
19E4
19D8
19C2
19A3
1979
1946
190A
18C4
1874
181C
17BB
1751
16DF
1664
15E2
1558
14C6
142E
138F
12E9
123E
118D
10D6
101B
0F5A
0E96
0DCD
0D01
0C32
0B60
0A8C
09B5
08DD
0803
0729
064D
0572
0496
03BC
02E1
0208
0130
005A
FF86
FEB4
FDE5
FD18
FC4E
FB87
FAC4
FA04
F948
F890
F7DB
F72B
F67F
F5D7
F534
F496
F3FC
F367
F2D7
F24B
F1C4
F142
F0C5
F04C
EFD8
EF68
EEFE
EE97
EE35
EDD7
ED7D
ED27
ECD5
EC87
EC3C
EBF4
EBB0
EB6F
EB30
EAF4
EABA
EA83
EA4D
EA1A
E9E7
E9B6
E986
E957
E928
E8F9
E8CA
E89B
E86B
E83B
E809
E7D6
E7A1
E76B
E733
E6F8
E6BB
E67B
E638
E5F2
E5A8
E55C
E50B
E4B7
E45F
E403
E3A3
E33F
E2D7
E26B
E1FB
E186
E10E
E091
E010
DF8B
DF02
DE75
DDE4
DD50
DCB8
DC1D
DB7F
DADE
DA3A
D993
D8EB
D841
D795
D6E7
D639
D58B
D4DC
D42D
D37F
D2D2
D227
D17D
D0D6
D031
CF90
CEF2
CE58
CDC3
CD34
CCAA
CC27
CBAA
CB35
CAC8
CA63
CA08
C9B5
C96D
C930
C8FD
C8D6
C8BB
C8AD
C8AB
C8B7
C8D1
C8F8
C92E
C973
C9C8
CA2B
CA9F
CB22
CBB6
CC59
CD0D
CDD0
CEA5
CF8A
D07F
D185
D29C
D3C3
D4FA
D641
D798
D8FE
DA74
DBF8
DD8B
DF2C
E0DA
E295
E45D
E630
E80F
E9F8
EBEB
EDE7
EFEC
F1F8
F40B
F623
F841
FA63
FC88
FEAF
00D7
0300
0528
074E
0972
0B92
0DAD
0FC2
11D0
13D6
15D4
17C7
19B0
1B8C
1D5C
1F1D
20D0
2273
2405
2585
26F3
284E
2994
2AC6
2BE3
2CE9
2DD9
2EB1
2F72
301A
30AA
3120
317F
31C4
31EF
3201
31F9
31D7
319B
3146
30D7
304F
2FAE
2EF5
2E23
2D3A
2C3A
2B23
29F7
28B5
275F
25F5
2478
22EA
214B
1F9C
1DDE
1C13
1A3B
1857
1669
1472
1273
106E
0E63
0C55
0A43
0830
061D
040B
01FC
FFF0
FDE9
FBE8
F9EE
F7FE
F617
F43B
F26B
F0A9
EEF5
ED50
EBBC
EA39
E8C9
E76B
E621
E4EC
E3CC
E2C1
E1CD
E0F1
E02B
DF7D
DEE7
DE69
DE03
DDB5
DD80
DD63
DD5E
DD72
DD9E
DDE1
DE3B
DEAD
DF34
DFD2
E084
E14B
E225
E313
E412
E523
E643
E773
E8B1
E9FC
EB53
ECB5
EE21
EF95
F110
F291
F417
F5A1
F72D
F8BA
FA45
FBCF
FD56
FED9
0057
01CF
033F
04A7
0605
0759
08A0
09DB
0B08
0C26
0D36
0E34
0F22
0FFF
10C8
1180
1223
12B3
132F
1396
13E9
1426
144F
1462
1460
1449
141D
13DD
1388
131E
12A1
1211
116E
10B9
0FF2
0F1A
0E32
0D3B
0C35
0B22
0A02
08D6
079F
065F
0516
03C5
026E
0112
FFB1
FE4D
FCE7
FB80
FA19
F8B4
F751
F5F3
F499
F345
F1F7
F0B2
EF78
EE47
ED21
EC08
EAFB
E9FC
E90B
E82A
E758
E697
E5E7
E549
E4BD
E444
E3DE
E38B
E34C
E320
E309
E305
E316
E33B
E373
E3BF
E41F
E492
E518
E5B1
E65C
E718
E7E6
E8C4
E9B3
EAB2
EBC0
ECDB
EE03
EF37
F076
F1C0
F313
F46F
F5D2
F73C
F8AB
FA1F
FB96
FD10
FE8C
0008
0184
02FE
0475
05EA
075A
08C5
0A29
0B87
0CDC
0E29
0F6C
10A5
11D2
12F4
140C
1516
1613
1701
17E1
18B1
1972
1A23
1AC4
1B54
1BD3
1C42
1C9F
1CEC
1D27
1D51
1D6A
1D72
1D69
1D50
1D27
1CED
1CA4
1C4B
1BE3
1B6D
1AE9
1A57
19B7
190B
1854
1790
16C4
15ED
150C
1422
1330
1235
1134
102C
0F1F
0E0C
0CF5
0BDA
0ABC
099C
0879
0756
0633
050F
03EC
02CB
01AB
008E
FF74
FE5D
FD4B
FC3D
FB33
FA2F
F931
F838
F746
F65B
F576
F498
F3C1
F2F2
F22A
F16A
F0B3
F003
EF5B
EEBC
EE25
ED96
ED0F
EC91
EC1A
EBAC
EB46
EAE7
EA91
EA42
E9FB
E9BB
E983
E952
E928
E904
E8E8
E8D2
E8C3
E8B9
E8B6
E8B9
E8C0
E8CC
E8DE
E8F6
E913
E935
E95C
E988
E9B8
E9EE
EA28
EA66
EAA9
EAF1
EB3C
EB8C
EBE0
EC38
EC94
ECF4
ED59
EDC1
EE2D
EE9D
EF11
EF89
F005
F086
F10A
F192
F21E
F2AE
F342
F3DB
F477
F518
F5BD
F666
F713
F7C5
F87A
F934
F9F2
FAB3
FB79
FC43
FD10
FDE1
FEB6
FF8E
0069
0147
0228
030C
03F2
04DB
05C6
06B2
07A0
088E
097E
0A6E
0B5F
0C4F
0D40
0E30
0F1E
100A
10F5
11DD
12C2
13A3
1481
155B
1630
1700
17CB
1890
194F
1A07
1AB8
1B61
1C03
1C9D
1D2F
1DB7
1E36
1EAC
1F19
1F7B
1FD2
2020
2062
2099
20C5
20E6
20FB
2104
2102
20F3
20D9
20B2
2080
2041
1FF7
1FA1
1F3F
1ED2
1E59
1DD5
1D46
1CAC
1C07
1B59
1AA0
19DD
1912
183D
1760
167A
158D
1499
139D
129B
1193
1086
0F74
0E5D
0D41
0C22
0B00
09DB
08B5
078D
0664
053B
0411
02E9
01C1
009A
FF76
FE54
FD35
FC19
FB00
F9EC
F8DB
F7D0
F6C9
F5C8
F4CC
F3D6
F2E6
F1FD
F11A
F03D
EF67
EE99
EDD1
ED11
EC58
EBA6
EAFB
EA58
E9BC
E927
E89A
E813
E794
E71B
E6AA
E63F
E5DB
E57D
E526
E4D5
E48A
E444
E405
E3CA
E396
E366
E33B
E315
E2F3
E2D6
E2BD
E2A7
E296
E288
E27E
E277
E273
E272
E274
E279
E280
E289
E295
E2A3
E2B3
E2C5
E2DA
E2F1
E309
E324
E341
E360
E381
E3A5
E3CA
E3F3
E41E
E44B
E47B
E4AE
E4E4
E51E
E55A
E59A
E5DE
E625
E670
E6BF
E710
E767
E7C1
E820
E884
E8ED
E95A
E9CD
EA45
EAC2
EB44
EBCC
EC5A
ECED
ED86
EE24
EEC7
EF71
F01F
F0D3
F18D
F24C
F30F
F3D8
F4A5
F577
F64E
F728
F807
F8E9
F9CE
FAB6
FB9E
FC89
FD75
FE63
FF52
0042
0132
0222
0312
0400
04ED
05D9
06C2
07A9
088C
096C
0A47
0B1F
0BF1
0CBE
0D85
0E46
0F00
0FB3
105E
1102
119D
1230
12BB
133B
13B3
1420
1483
14DB
1528
156B
15A2
15CF
15F1
1607
1613
1613
1608
15F2
15D2
15A6
1570
1530
14E5
1491
1433
13CB
135B
12E2
1261
11D7
1147
10B0
1012
0F6E
0EC5
0E16
0D64
0CAD
0BF4
0B39
0A7A
09BB
08FA
0839
0778
06B7
05F8
053A
047F
03C7
0312
0261
01B5
010D
006B
FFCF
FF3A
FEAB
FE23
FDA2
FD2A
FCBA
FC52
FBF3
FB9C
FB4F
FB0C
FAD1
FAA1
FA79
FA5C
FA49
FA3F
FA3E
FA48
FA5A
FA76
FA9B
FAC9
FAFF
FB3E
FB86
FBD5
FC2B
FC89
FCEE
FD5A
FDCB
FE42
FEBF
FF40
FFC6
0050
00DE
016E
0201
0296
032C
03C4
045C
04F5
058D
0622
06B6
0748
07D9
0866
08F0
0977
09FA
0A79
0AF4
0B69
0BD9
0C45
0CAA
0D0A
0D63
0DB6
0E03
0E4A
0E8A
0EC3
0EF5
0F21
0F46
0F65
0F7C
0F8E
0F98
0F9C
0F9A
0F92
0F84
0F6F
0F54
0F34
0F0F
0EE6
0EB7
0E85
0E4E
0E14
0DD7
0D97
0D54
0D0E
0CC6
0C7D
0C32
0BE6
0B99
0B4C
0AFE
0AB0
0A63
0A16
09CA
097F
0936
08EE
08A7
0863
0821
07E1
07A4
0769
0731
06FD
06CB
069D
0671
0649
0625
0603
05E5
05C9
05B2
059D
058B
057C
0570
0567
0560
055C
055B
055B
055E
0563
0569
0572
057B
0587
0593
05A1
05AF
05BF
05CF
05E0
05F3
0605
0618
062C
063F
0652
0666
0679
068D
06A1
06B5
06C9
06DD
06F1
0706
071B
0731
0748
075F
0778
0792
07AD
07CA
07E9
080A
082E
0854
087D
08A9
08D9
090C
0944
0980
09C1
0A06
0A50
0AA0
0AF5
0B51
0BB2
0C1A
0C88
0CFD
0D79
0DFD
0E88
0F1B
0FB5
1058
1102
11B4
126F
1332
13FC
14CF
15AA
168D
1778
186A
1964
1A65
1B6D
1C7B
1D90
1EAC
1FCC
20F2
221C
234B
247D
25B2
26E9
2823
295D
2A99
2BD4
2D0F
2E48
2F80
30B4
31E5
3312
3439
355B
3677
378B
3897
399A
3A94
3B83
3C68
3D41
3E0D
3ECC
3F7E
4022
40B7
413D
41B3
4218
426C
42AF
42E0
42FE
430A
4304
42EA
42BD
427C
4228
41C1
4146
40B7
4015
3F60
3E98
3DBD
3CD0
3BD1
3AC0
399E
386B
3728
35D6
3475
3306
3189
3000
2E6C
2CCD
2B24
2972
27B8
25F7
2430
2264
2095
1EC3
1CEF
1B1A
1946
1774
15A4
13D8
1211
1050
0E96
0CE4
0B3B
099C
0809
0681
0507
039A
023C
00EE
FFB0
FE83
FD68
FC5E
FB67
FA84
F9B4
F8FA
F854
F7C3
F748
F6E2
F693
F659
F635
F628
F630
F64F
F682
F6CC
F72A
F79D
F824
F8BF
F96D
FA2E
FB00
FBE4
FCD9
FDDD
FEF1
0012
0140
027B
03C1
0511
0669
07CA
0932
0A9F
0C12
0D88
0F01
107B
11F5
136F
14E6
165A
17CB
1936
1A9A
1BF7
1D4C
1E98
1FD9
210E
2238
2354
2462
2562
2652
2732
2801
28BF
296B
2A05
2A8C
2B00
2B61
2BAF
2BE8
2C0D
2C1E
2C1A
2C02
2BD5
2B94
2B3F
2AD6
2A59
29C9
2925
286F
27A6
26CB
25DF
24E2
23D5
22B8
218C
2052
1F0B
1DB7
1C57
1AEB
1976
17F7
1670
14E1
134D
11B3
1014
0E71
0CCC
0B25
097C
07D4
062D
0488
02E5
0146
FFAC
FE17
FC88
FAFF
F97F
F807
F698
F534
F3D9
F28A
F147
F00F
EEE5
EDC8
ECB9
EBB8
EAC6
E9E2
E90E
E849
E793
E6ED
E657
E5D2
E55C
E4F7
E4A2
E45D
E428
E403
E3EE
E3E9
E3F4
E40D
E436
E46D
E4B3
E507
E568
E5D7
E653
E6DB
E76F
E80E
E8B9
E96D
EA2C
EAF4
EBC6
EC9F
ED80
EE68
EF57
F04C
F147
F246
F349
F450
F55A
F666
F774
F883
F992
FAA2
FBB0
FCBE
FDC9
FED2
FFD8
00DB
01D9
02D3
03C8
04B7
05A0
0682
075D
0831
08FD
09C1
0A7C
0B2E
0BD7
0C76
0D0C
0D99
0E1B
0E92
0EFE
0F60
0FB6
1001
1040
1074
109C
10B7
10C7
10CB
10C3
10AF
108F
1063
102B
0FE7
0F97
0F3C
0ED6
0E64
0DE7
0D5F
0CCC
0C2F
0B88
0AD8
0A1D
095A
088D
07B8
06DC
05F8
050D
041B
0324
0227
0125
001F
FF15
FE08
FCF8
FBE6
FAD3
F9BF
F8AB
F798
F685
F575
F467
F35C
F255
F152
F055
EF5D
EE6C
ED82
ECA0
EBC7
EAF6
EA30
E971
E8BE
E816
E77A
E6EB
E669
E5F6
E590
E53A
E4F2
E4BA
E493
E47B
E474
E47D
E498
E4C3
E500
E54F
E5AE
E61F
E6A2
E736
E7DA
E890
E957
EA2E
EB15
EC0D
ED13
EE29
EF4D
F07E
F1BC
F307
F45E
F5C1
F72F
F8A7
FA28
FBB1
FD42
FED9
0076
0218
03BE
0565
070F
08B9
0A62
0C0A
0DAE
0F4F
10EA
1280
140D
1593
170F
1880
19E5
1B3D
1C88
1DC3
1EEF
2009
2111
2207
22E8
23B6
246E
2510
259C
2611
266D
26B2
26DE
26F1
26EB
26CB
2691
263D
25D0
2549
24A8
23ED
2319
222C
2126
2008
1ED2
1D85
1C21
1AA8
1919
1777
15C1
13F7
121B
102F
0E34
0C2A
0A13
07F1
05C4
038E
0151
FF0D
FCC4
FA77
F828
F5D9
F38A
F13E
EEF6
ECB2
EA76
E841
E617
E3F7
E1E3
DFDD
DDE6
DC00
DA2B
D868
D6BA
D520
D39C
D22D
D0D5
CF97
CE71
CD66
CC75
CBA0
CAE7
CA49
C9C9
C965
C91D
C8F3
C8E6
C8F6
C922
C96A
C9CF
CA4F
CAEA
CBA0
CC70
CD58
CE59
CF71
D0A0
D1E4
D33C
D4A8
D625
D7B3
D951
DAFC
DCB3
DE75
E042
E216
E3F2
E5D3
E7B8
E99F
EB87
ED6E
EF52
F133
F30F
F4E3
F6B0
F872
FA2A
FBD5
FD72
FF00
007D
01E9
0343
0488
05B9
06D4
07D9
08C7
099D
0A5A
0AFE
0B89
0BFA
0C52
0C8E
0CB0
0CB7
0CA4
0C76
0C2D
0BCA
0B4E
0AB9
0A0A
0944
0866
0772
0668
0548
0415
02CF
0178
000F
FE97
FD11
FB7E
F9DF
F836
F684
F4CB
F30C
F148
EF81
EDBA
EBF4
EA2E
E86C
E6AE
E4F5
E344
E19C
DFFD
DE6A
DCE3
DB6A
DA00
D8A6
D75E
D628
D505
D3F6
D2FD
D219
D14C
D097
CFF9
CF73
CF06
CEB2
CE78
CE57
CE50
CE62
CE8F
CED4
CF34
CFAD
D03F
D0E9
D1AB
D284
D374
D47A
D596
D6C5
D808
D95E
DAC5
DC3D
DDC4
DF59
E0FC
E2AA
E463
E626
E7F1
E9C3
EB9A
ED76
EF54
F135
F316
F4F6
F6D4
F8AF
FA85
FC55
FE20
FFE2
019B
034A
04EF
0687
0812
098F
0AFE
0C5D
0DAC
0EEA
1017
1132
123B
1331
1414
14E3
159F
1648
16DD
175E
17CB
1825
186B
189F
18C0
18CE
18CA
18B5
188F
1859
1814
17BF
175D
16ED
1670
15E7
1554
14B6
140F
135F
12A9
11EC
112A
1063
0F99
0ECC
0DFF
0D31
0C63
0B97
0ACE
0A08
0946
0889
07D3
0723
067B
05DC
0545
04B8
0436
03BE
0352
02F2
029E
0256
021C
01EF
01D0
01BE
01BB
01C5
01DE
0205
0239
027C
02CD
032B
0396
040F
0495
0527
05C6
0670
0725
07E5
08B0
0984
0A62
0B48
0C36
0D2B
0E27
0F29
1031
113D
124D
1361
1478
1590
16AA
17C5
18DF
19F9
1B11
1C28
1D3B
1E4B
1F57
205F
2161
225D
2354
2443
252B
260B
26E4
27B3
287A
2938
29EC
2A96
2B37
2BCD
2C59
2CDA
2D53
2DC1
2E24
2E7D
2ECC
2F10
2F4A
2F79
2F9E
2FB9
2FCA
2FD1
2FCF
2FC3
2FAD
2F8E
2F67
2F36
2EFD
2EBC
2E73
2E22
2DC9
2D69
2D02
2C94
2C20
2BA5
2B24
2A9E
2A11
2980
28EB
2851
27B2
270E
2667
25BB
250A
2457
239F
22E4
2225
2163
209E
1FD7
1F0C
1E3E
1D6E
1C9B
1BC6
1AEE
1A14
1937
1859
1778
1695
15B0
14C9
13E0
12F5
1207
1118
1027
0F35
0E40
0D4A
0C51
0B57
0A5B
095D
085D
075C
065A
0556
0450
034A
0243
013A
0032
FF28
FE1E
FD15
FC0B
FB01
F9F9
F8F0
F7E9
F6E3
F5DF
F4DD
F3DC
F2DE
F1E3
F0EA
EFF5
EF03
EE15
ED2C
EC46
EB66
EA8A
E9B4
E8E3
E817
E752
E692
E5D9
E527
E47B
E3D6
E338
E2A1
E212
E189
E108
E08F
E01D
DFB3
DF50
DEF5
DEA1
DE55
DE10
DDD3
DD9D
DD6D
DD45
DD25
DD0B
DCF7
DCEA
DCE2
DCE1
DCE5
DCEE
DCFC
DD0E
DD25
DD41
DD5F
DD82
DDA7
DDCF
DDFA
DE27
DE55
DE85
DEB7
DEE9
DF1C
DF4F
DF82
DFB5
DFE7
E019
E049
E079
E0A7
E0D3
E0FD
E126
E14C
E170
E192
E1B1
E1CE
E1E8
E200
E215
E229
E23A
E249
E257
E263
E26E
E278
E282
E28B
E294
E29D
E2A7
E2B1
E2BE
E2CC
E2DC
E2EF
E305
E31E
E33B
E35D
E383
E3AE
E3DE
E413
E44F
E492
E4DB
E52C
E585
E5E5
E64E
E6BF
E739
E7BB
E847
E8DC
E97A
EA22
EAD3
EB8D
EC50
ED1D
EDF2
EED1
EFB7
F0A7
F19E
F29D
F3A3
F4B0
F5C3
F6DC
F7FA
F91B
FA41
FB69
FC94
FDC1
FEEF
001D
014A
0276
03A0
04C6
05E8
0705
081B
092B
0A33
0B31
0C26
0D10
0DEE
0EBF
0F82
1037
10DC
1171
11F5
1267
12C7
1312
134A
136D
137B
1373
1354
131F
12D3
126F
11F4
1161
10B7
0FF4
0F1B
0E29
0D20
0C00
0ACA
097D
081A
06A2
0515
0375
01C1
FFFB
FE24
FC3D
FA46
F841
F62F
F411
F1E8
EFB6
ED7D
EB3D
E8F8
E6B0
E467
E21D
DFD4
DD8E
DB4C
D910
D6DC
D4B0
D28F
D07A
CE72
CC79
CA90
C8B9
C6F6
C546
C3AD
C22B
C0C0
BF6F
BE39
BD1D
BC1E
BB3C
BA78
B9D2
B94C
B8E5
B89E
B878
B872
B88E
B8CC
B92B
B9AB
BA4B
BB0D
BBEE
BCEF
BE10
BF4E
C0AA
C223
C3B8
C568
C731
C912
CB0A
CD18
CF3B
D170
D3B7
D60D
D871
DAE2
DD5D
DFE2
E26D
E4FE
E792
EA28
ECBE
EF52
F1E1
F46B
F6EE
F967
FBD6
FE38
008D
02D2
0505
0726
0933
0B2B
0D0C
0ED4
1084
1219
1394
14F2
1633
1757
185C
1943
1A0B
1AB3
1B3C
1BA4
1BED
1C17
1C20
1C0B
1BD6
1B83
1B12
1A84
19D9
1913
1832
1738
1625
14FC
13BC
1268
1100
0F87
0DFD
0C65
0ABF
090E
0753
058F
03C6
01F7
0025
FE52
FC80
FAAF
F8E2
F71B
F55B
F3A4
F1F8
F057
EEC4
ED40
EBCE
EA6E
E921
E7E9
E6C6
E5BA
E4C5
E3E9
E326
E27D
E1EE
E17B
E123
E0E8
E0C9
E0C6
E0DF
E115
E168
E1D7
E261
E307
E3C8
E4A3
E599
E6A7
E7CD
E90B
EA5F
EBC8
ED46
EED7
F07B
F230
F3F4
F5C6
F7A5
F98F
FB82
FD7E
FF81
0188
0394
05A2
07B0
09BE
0BCA
0DD2
0FD5
11D2
13C7
15B3
1795
196C
1B35
1CF1
1E9F
203C
21C9
2344
24AD
2603
2745
2873
298D
2A91
2B80
2C59
2D1C
2DC9
2E60
2EE1
2F4C
2FA1
2FE1
300C
3022
3024
3013
2FEF
2FB9
2F71
2F19
2EB1
2E3A
2DB5
2D24
2C86
2BDD
2B2A
2A6F
29AB
28E1
2811
273C
2664
2589
24AD
23D1
22F5
221A
2141
206C
1F9B
1ECE
1E07
1D46
1C8C
1BD9
1B2E
1A8C
19F3
1963
18DC
185F
17EC
1783
1723
16CE
1682
1640
1606
15D6
15AE
158F
1576
1565
155A
1554
1552
1555
155B
1563
156C
1576
1580
1588
158E
1590
158E
1587
1579
1564
1547
1521
14F0
14B5
146D
1419
13B7
1346
12C7
1237
1198
10E7
1025
0F51
0E6B
0D72
0C67
0B47
0A14
08CE
0775
0609
048A
02F9
0157
FFA3
FDDE
FC09
FA24
F831
F630
F422
F208
EFE3
EDB4
EB7C
E93E
E6F9
E4AF
E262
E013
DDC4
DB76
D92A
D6E2
D49F
D264
D031
CE09
CBED
C9DF
C7DF
C5F0
C412
C248
C092
BEF2
BD69
BBF8
BAA1
B964
B843
B73F
B658
B58F
B4E6
B45C
B3F3
B3AA
B382
B37B
B396
B3D2
B430
B4AF
B550
B611
B6F2
B7F4
B914
BA53
BBB2
BD2E
BEC5
C077
C242
C425
C61F
C82F
CA52
CC87
CECE
D123
D386
D5F5
D86E
DAEF
DD76
E003
E291
E521
E7B0
EA3C
ECC3
EF44
F1BC
F42A
F68D
F8E1
FB27
FD5B
FF7E
018C
0384
0565
072D
08DC
0A71
0BEA
0D46
0E84
0FA4
10A5
1186
1247
12E7
1366
13C5
1402
141E
141A
13F4
13AF
1349
12C4
1221
1160
1081
0F86
0E71
0D41
0BF8
0A98
0921
0796
05F5
0443
0280
00AF
FED0
FCE6
FAF2
F8F6
F6F3
F4EC
F2E3
F0D8
EECD
ECC5
EAC1
E8C3
E6CC
E4DE
E2FA
E123
DF59
DD9E
DBF3
DA5A
D8D4
D762
D606
D4BF
D38F
D278
D179
D093
CFC8
CF18
CE82
CE08
CDA9
CD65
CD3D
CD31
CD40
CD6A
CDAF
CE0E
CE87
CF1A
CFC5
D088
D163
D254
D35A
D474
D5A2
D6E3
D834
D995
DB05
DC82
DE0B
DF9F
E13C
E2E1
E48D
E63E
E7F3
E9AA
EB63
ED1B
EED1
F084
F233
F3DD
F580
F71C
F8AE
FA37
FBB4
FD26
FE8C
FFE3
012D
0268
0393
04AE
05B9
06B4
079D
0875
093B
09F0
0A93
0B25
0BA6
0C16
0C75
0CC3
0D01
0D2F
0D4E
0D5F
0D62
0D59
0D43
0D22
0CF7
0CC3
0C86
0C41
0BF5
0BA4
0B4E
0AF5
0A98
0A3A
09DC
097D
0921
08C6
086F
081C
07CE
0786
0746
070D
06DC
06B5
0697
0684
067C
0680
0690
06AD
06D7
070E
0752
07A4
0804
0871
08EB
0973
0A08
0AA9
0B57
0C10
0CD5
0DA5
0E7F
0F63
104F
1144
123F
1341
1448
1553
1662
1773
1885
1998
1AA9
1BB9
1CC5
1DCC
1ECF
1FCB
20BF
21AB
228D
2364
242F
24EE
259E
2640
26D2
2754
27C4
2823
286E
28A7
28CB
28DB
28D6
28BC
288D
2848
27EC
277C
26F5
2658
25A5
24DE
2400
230F
2207
20EB
1FBD
1E7B
1D28
1BC4
1A50
18CD
173B
159D
13F2
123D
107E
0EB7
0CE9
0B14
093C
0760
0583
03A5
01C9
FFEF
FE19
FC48
FA7E
F8BD
F704
F557
F3B5
F221
F09C
EF26
EDC3
EC72
EB33
EA08
E8F3
E7F3
E709
E637
E57C
E4DA
E451
E3E1
E38A
E34E
E32C
E324
E336
E363
E3A9
E409
E483
E516
E5C1
E684
E75F
E850
E958
EA74
EBA5
ECE8
EE3E
EFA5
F11F
F2A8
F43E
F5E0
F78D
F944
FB02
FCC7
FE91
005F
022F
0400
05D1
079F
096B
0B31
0CF1
0EA9
1059
11FE
1398
1525
16A5
1815
1976
1AC5
1C03
1D2E
1E45
1F47
2035
210D
21CF
227A
230F
238C
23F2
2440
2477
2495
249D
248D
2465
2428
23D3
2369
22EA
2256
21AD
20F2
2024
1F45
1E55
1D56
1C48
1B2C
1A05
18D1
1794
164E
1501
13AD
1254
10F7
0F96
0E34
0CD2
0B71
0A12
08B8
0762
0612
04CA
038B
0255
0129
000A
FEF7
FDF2
FCFB
FC14
FB3D
FA76
F9C1
F91D
F88C
F80E
F7A3
F74B
F707
F6D7
F6BB
F6B2
F6BC
F6DB
F70C
F751
F7A8
F810
F88A
F915
F9B0
FA5A
FB12
FBD8
FCAB
FD8A
FE74
FF67
0064
0168
0274
0384
049A
05B2
06CD
07E8
0903
0A1D
0B34
0C47
0D55
0E5D
0F5D
1055
1143
1227
12FF
13CB
148A
153A
15DA
166B
16EA
1757
17B3
17FB
1830
1851
185D
1855
1839
1807
17C1
1765
16F4
166F
15D5
1526
1463
138D
12A3
11A6
1098
0F78
0E47
0D07
0BB7
0A59
08EE
0776
05F3
0465
02CF
0131
FF8C
FDE1
FC33
FA81
F8CE
F71A
F568
F3B7
F20A
F062
EEC0
ED25
EB93
EA0B
E88E
E71D
E5B9
E464
E31E
E1EA
E0C6
DFB5
DEB8
DDCE
DCFA
DC3C
DB93
DB01
DA87
DA24
D9D9
D9A7
D98F
D98F
D9A8
D9DA
DA26
DA8B
DB08
DB9F
DC4D
DD14
DDF2
DEE7
DFF2
E114
E24A
E394
E4F2
E663
E7E5
E978
EB1A
ECCB
EE89
F053
F229
F408
F5F0
F7E0
F9D5
FBCF
FDCD
FFCD
01CE
03CE
05CC
07C7
09BE
0BAE
0D97
0F77
114E
1319
14D8
1689
182C
19BE
1B40
1CAF
1E0C
1F54
2088
21A6
22AD
239E
2476
2537
25DE
266C
26E0
273B
277B
27A2
27AD
279F
2776
2733
26D5
265E
25CD
2523
2460
2384
2290
2186
2064
1F2D
1DE0
1C7F
1B0B
1983
17EB
1641
1488
12C1
10EC
0F0B
0D1F
0B29
092A
0724
0518
0307
00F3
FEDD
FCC6
FAAF
F89A
F687
F479
F270
F06F
EE75
EC84
EA9E
E8C3
E6F6
E536
E385
E1E4
E054
DED7
DD6C
DC14
DAD2
D9A5
D88D
D78D
D6A4
D5D2
D51A
D479
D3F2
D385
D331
D2F7
D2D7
D2D1
D2E5
D312
D35A
D3BB
D435
D4C9
D575
D639
D715
D808
D912
DA32
DB67
DCB1
DE0F
DF7F
E102
E296
E43A
E5EE
E7B0
E97F
EB5B
ED41
EF32
F12C
F32E
F536
F744
F956
FB6B
FD83
FF9C
01B4
03CB
05E0
07F0
09FC
0C02
0E01
0FF8
11E5
13C9
15A1
176C
192B
1ADB
1C7D
1E0F
1F90
2100
225E
23A9
24E1
2606
2716
2812
28F9
29CA
2A86
2B2C
2BBD
2C38
2C9C
2CEB
2D25
2D48
2D56
2D4F
2D32
2D02
2CBD
2C64
2BF8
2B79
2AE8
2A45
2992
28CE
27FB
271A
262A
252E
2426
2312
21F4
20CC
1F9D
1E65
1D28
1BE4
1A9D
1951
1803
16B4
1564
1414
12C6
117B
1033
0EF0
0DB1
0C7A
0B49
0A21
0901
07EC
06E0
05E0
04EC
0405
032B
025F
01A1
00F2
0052
FFC1
FF41
FED1
FE72
FE23
FDE5
FDB8
FD9B
FD8E
FD91
FDA4
FDC8
FDFC
FE3F
FE92
FEF4
FF64
FFE2
006E
0107
01AC
025C
0318
03DD
04AC
0584
0663
0749
0835
0926
0A1C
0B14
0C0F
0D0B
0E08
0F03
0FFD
10F5
11E9
12D8
13C1
14A3
157E
1651
171B
17DA
188E
1937
19D3
1A62
1AE3
1B54
1BB7
1C0A
1C4C
1C7D
1C9D
1CAA
1CA6
1C8E
1C64
1C27
1BD7
1B73
1AFC
1A72
19D4
1923
185F
1788
169F
15A3
1497
137A
124C
110D
0FBF
0E61
0CF5
0B7C
09F5
0862
06C3
051B
0368
01AD
FFEA
FE21
FC52
FA7E
F8A7
F6CD
F4F2
F316
F13B
EF62
ED8C
EBBA
E9EC
E825
E664
E4AC
E2FD
E158
DFBE
DE2F
DCAD
DB39
D9D3
D87C
D736
D600
D4DB
D3C9
D2C9
D1DD
D104
D03F
CF8F
CEF3
CE6D
CDFC
CDA1
CD5B
CD2C
CD12
CD0D
CD1F
CD46
CD82
CDD4
CE3A
CEB4
CF43
CFE5
D09A
D160
D237
D31F
D418
D521
D639
D760
D894
D9D4
DB21
DC78
DDD9
DF44
E0B6
E230
E3AF
E534
E6BD
E849
E9D7
EB66
ECF5
EE83
F00F
F199
F31E
F49F
F61A
F78E
F8FA
FA5F
FBBA
FD0A
FE50
FF8B
00B9
01DA
02EE
03F3
04EA
05D2
06AA
0772
0829
08D0
0966
09EB
0A5E
0ABF
0B0F
0B4C
0B79
0B93
0B9C
0B93
0B78
0B4D
0B11
0AC4
0A67
09FA
097D
08F2
0858
07B2
06FE
063E
0571
0499
03B6
02C9
01D2
00D2
FFCA
FEBB
FDA6
FC8A
FB6A
FA46
F91F
F7F5
F6CA
F59E
F472
F348
F21F
F0F9
EFD6
EEB8
ED9E
EC8B
EB7E
EA78
E97B
E886
E79B
E6BB
E5E5
E51B
E45D
E3AB
E306
E26F
E1E6
E16B
E0FF
E0A1
E053
E015
DFE7
DFC9
DFBB
DFBE
DFD1
DFF5
E02A
E070
E0C6
E12D
E1A4
E22C
E2C4
E36D
E425
E4ED
E5C4
E6AB
E7A0
E8A3
E9B5
EAD4
EC01
ED3A
EE80
EFD1
F12E
F295
F407
F581
F705
F890
FA23
FBBC
FD5B
FF00
00A8
0255
0404
05B6
0769
091C
0AD0
0C82
0E33
0FE1
118C
1333
14D5
1672
1808
1998
1B20
1CA1
1E18
1F86
20E9
2242
238F
24D0
2605
272C
2846
2951
2A4E
2B3C
2C19
2CE7
2DA5
2E52
2EED
2F78
2FF1
3058
30AD
30F0
3120
313F
314B
3145
312C
3101
30C4
3075
3014
2FA2
2F1E
2E89
2DE4
2D2E
2C68
2B93
2AAF
29BC
28BC
27AE
2693
256C
243A
22FD
21B6
2066
1F0D
1DAD
1C45
1AD8
1965
17EF
1674
14F7
1378
11F9
107A
0EFB
0D7F
0C04
0A8D
091A
07AE
0647
04E8
0391
0243
00FE
FFC5
FE96
FD74
FC5E
FB57
FA5D
F972
F896
F7CB
F710
F666
F5CD
F546
F4D2
F470
F421
F3E4
F3BB
F3A6
F3A3
F3B4
F3D9
F411
F45B
F4B9
F529
F5AC
F641
F6E9
F7A2
F86C
F946
FA31
FB2B
FC35
FD4C
FE71
FFA3
00E0
0229
037C
04D9
063E
07AA
091D
0A96
0C13
0D94
0F18
109D
1222
13A7
152A
16AA
1827
199E
1B10
1C7A
1DDC
1F35
2084
21C9
2301
242D
254C
265C
275D
284F
2930
2A00
2ABE
2B6A
2C04
2C8A
2CFE
2D5D
2DA8
2DDF
2E02
2E0F
2E09
2DED
2DBD
2D78
2D1F
2CB2
2C31
2B9C
2AF3
2A38
2969
2889
2797
2693
2580
245C
232A
21E9
209C
1F41
1DDB
1C6A
1AEF
196B
17DF
164C
14B3
1315
1173
0FCE
0E26
0C7E
0AD6
092E
0789
05E6
0448
02AD
0119
FF8B
FE04
FC85
FB0F
F9A3
F841
F6E9
F59D
F45D
F32A
F203
F0EA
EFDE
EEE1
EDF1
ED10
EC3E
EB7A
EAC5
EA1F
E987
E8FE
E883
E817
E7B8
E767
E723
E6EC
E6C1
E6A3
E68F
E687
E689
E695
E6A9
E6C6
E6EB
E717
E749
E781
E7BD
E7FD
E841
E887
E8CE
E917
E95F
E9A7
E9ED
EA32
EA73
EAB0
EAEA
EB1E
EB4D
EB76
EB98
EBB3
EBC6
EBD1
EBD3
EBCD
EBBD
EBA4
EB81
EB55
EB1F
EADE
EA93
EA3E
E9DF
E976
E903
E887
E801
E772
E6DB
E63B
E594
E4E5
E430
E374
E2B3
E1ED
E123
E056
DF85
DEB3
DDDF
DD0C
DC38
DB66
DA96
D9C8
D8FF
D83A
D77B
D6C3
D612
D568
D4C8
D430
D3A3
D320
D2AA
D23F
D1E1
D191
D14F
D11B
D0F6
D0E1
D0DB
D0E6
D101
D12D
D16A
D1B8
D216
D286
D308
D39A
D43D
D4F1
D5B5
D689
D76E
D861
D964
DA75
DB94
DCC0
DDF9
DF3F
E08F
E1EB
E350
E4BF
E636
E7B4
E939
EAC3
EC52
EDE5
EF7A
F111
F2A9
F441
F5D8
F76C
F8FE
FA8B
FC14
FD97
FF13
0087
01F3
0356
04AF
05FE
073F
0875
099D
0AB9
0BC8
0CC8
0DBA
0E9E
0F72
1037
10ED
1193
1229
12AF
1326
138E
13E6
142E
1468
1493
14AF
14BE
14BF
14B3
149B
1477
1448
140E
13CA
137D
1328
12CB
1267
11FE
118F
111C
10A7
102E
0FB5
0F3B
0EC2
0E4A
0DD4
0D61
0CF3
0C89
0C25
0BC7
0B71
0B22
0ADD
0AA0
0A6E
0A46
0A2A
0A19
0A14
0A1B
0A2F
0A51
0A7F
0ABB
0B05
0B5D
0BC2
0C34
0CB4
0D42
0DDC
0E84
0F38
0FF8
10C4
119C
127E
136A
1460
155F
1666
1774
188A
19A5
1AC6
1BEA
1D12
1E3D
1F69
2095
21C1
22EC
2415
253A
265B
2776
288C
299A
2A9E
2B98
2C89
2D6F
2E49
2F17
2FD7
308A
312D
31C2
3246
32BA
331D
336E
33AE
33DB
33F6
33FE
33F2
33D4
33A3
335E
3307
329C
321E
318E
30EB
3037
2F70
2E99
2DB0
2CB8
2BAD
2A93
296B
2836
26F4
25A5
244C
22E8
217B
2005
1E87
1D04
1B7A
19EC
185A
16C5
152E
1397
1201
106B
0ED8
0D48
0BBC
0A35
08B4
0739
05C7
045D
02FC
01A5
0059
FF19
FDE4
FCBC
FBA1
FA94
F994
F8A4
F7C2
F6EF
F62B
F577
F4D2
F43D
F3B8
F342
F2DC
F285
F23E
F205
F1DC
F1C1
F1B3
F1B4
F1C2
F1DC
F203
F235
F272
F2B9
F30B
F365
F3C8
F432
F4A4
F51D
F59B
F61D
F6A4
F72D
F7B9
F846
F8D4
F962
F9F0
FA7C
FB06
FB8D
FC11
FC90
FD0B
FD81
FDF1
FE5B
FEBF
FF1B
FF70
FFBC
0001
003D
0071
009C
00BE
00D7
00E7
00ED
00EC
00E1
00CD
00B1
008C
005E
0029
FFEC
FFA7
FF5B
FF09
FEB0
FE52
FDEE
FD86
FD19
FCA9
FC35
FBBF
FB47
FACE
FA54
F9D9
F960
F8E7
F870
F7FB
F789
F71A
F6B0
F649
F5E8
F58E
F539
F4EB
F4A3
F463
F42A
F3F9
F3D0
F3B0
F399
F38A
F384
F388
F395
F3AB
F3CB
F3F5
F427
F463
F4A8
F4F6
F54D
F5AC
F614
F684
F6FB
F77A
F7FF
F88B
F91D
F9B4
FA51
FAF2
FB98
FC40
FCEB
FD99
FE48
FEF8
FFA8
0059
0108
01B7
0263
030D
03B4
0458
04F7
0592
0629
06BA
0745
07C9
0848
08BF
092F
0997
09F8
0A51
0AA1
0AEA
0B29
0B60
0B8F
0BB3
0BCF
0BE2
0BEC
0BEE
0BE8
0BDA
0BC4
0BA7
0B83
0B58
0B27
0AF0
0AB3
0A72
0A2C
09E2
0995
0945
08F3
089F
084A
07F5
07A0
074C
06F9
06A8
065A
0610
05C9
0587
054A
0511
04DE
04B2
048D
046F
045B
044E
044C
0452
0463
047E
04A3
04D4
050F
0556
05A8
0606
0670
06E5
0766
07F2
088A
092D
09DC
0A95
0B59
0C28
0D01
0DE3
0ECF
0FC3
10C0
11C5
12D0
13E2
14FB
1619
173B
1862
198C
1AB9
1BE9
1D19
1E4A
1F7A
20AA
21D8
2303
242B
254F
266D
2787
2899
29A5
2AA9
2BA4
2C96
2D7E
2E5B
2F2E
2FF4
30AF
315C
31FD
328F
3313
3389
33F0
3448
3491
34CB
34F4
350E
3518
3512
34FB
34D5
349E
3458
3401
339B
3325
32A0
320C
3169
30B7
2FF8
2F2A
2E50
2D69
2C75
2B76
2A6B
2956
2837
270E
25DB
249F
235D
2213
20C4
1F6F
1E15
1CB7
1B56
19F2
188D
1726
15BE
1457
12F0
118B
1027
0EC7
0D69
0C10
0ABA
096A
081F
06DA
059B
0464
0333
020A
00EA
FFD1
FEC1
FDBA
FCBB
FBC6
FADA
F9F8
F91F
F851
F78C
F6D2
F622
F57C
F4E0
F44E
F3C7
F349
F2D5
F26C
F20B
F1B5
F167
F123
F0E8
F0B5
F08B
F069
F050
F03D
F033
F02F
F032
F03C
F04C
F062
F07E
F0A0
F0C7
F0F2
F122
F156
F18E
F1C9
F207
F248
F28C
F2D2
F31B
F365
F3B0
F3FD
F44B
F49A
F4EA
F53B
F58B
F5DC
F62D
F67E
F6CF
F720
F770
F7C0
F810
F85F
F8AE
F8FC
F94C
F99B
F9EA
FA38
FA87
FAD5
FB23
FB71
FBBF
FC0D
FC5B
FCA9
FCF8
FD47
FD96
FDE6
FE37
FE88
FEDB
FF2E
FF83
FFD9
0030
0088
00E3
013F
019C
01FC
025E
02C1
0328
0390
03FC
046A
04DB
054F
05C6
0640
06BC
073C
07BF
0845
08CE
095A
09EA
0A7D
0B14
0BAE
0C4B
0CEC
0D90
0E37
0EE2
0F90
1042
10F7
11AE
126A
1328
13E9
14AD
1574
163D
170A
17D8
18A8
197A
1A4F
1B25
1BFD
1CD6
1DB1
1E8D
1F69
2047
2125
2203
22E2
23C0
249E
257B
2658
2733
280D
28E5
29BC
2A8F
2B61
2C2F
2CFB
2DC2
2E86
2F46
3001
30B7
3168
3211
32B5
3352
33E9
3478
3500
357F
35F7
3666
36CD
372A
377E
37C7
3807
383C
3866
3885
3899
38A1
389D
388D
3870
3847
3811
37CE
377E
3721
36B6
363D
35B7
3523
3482
33D1
3313
3247
316D
3086
2F91
2E8F
2D80
2C65
2B3D
2A08
28C8
277C
2625
24C3
2357
21E1
2062
1EDA
1D49
1BB2
1A13
186E
16C3
1514
1360
11A9
0FEF
0E33
0C76
0AB9
08FD
0741
0588
03D2
0220
0073
FECB
FD2B
FB91
FA01
F879
F6FB
F588
F421
F2C6
F179
F039
EF09
EDE7
ECD6
EBD5
EAE6
EA09
E93E
E886
E7E1
E751
E6D4
E66C
E619
E5DB
E5B3
E5A0
E5A2
E5B9
E5E7
E62A
E683
E6F1
E775
E80D
E8BB
E97C
EA51
EB39
EC34
ED41
EE5F
EF8E
F0CD
F21B
F377
F4E0
F656
F7D7
F962
FAF7
FC94
FE38
FFE2
0191
0343
04F8
06AE
0864
0A17
0BC8
0D75
0F1D
10BE
1259
13EB
1574
16F2
1864
19C9
1B20
1C68
1D9F
1EC6
1FDB
20DD
21CB
22A4
2369
2417
24AF
252F
2598
25E9
2621
2640
2646
2633
2606
25BF
255F
24E3
244E
239F
22D7
21F6
20FC
1FEB
1EC2
1D82
1C2C
1AC0
193F
17AB
1603
144A
127F
10A3
0EB9
0CC1
0ABC
08AB
068F
046A
023E
000A
FDD1
FB93
F953
F711
F4CE
F28D
F04D
EE11
EBDA
E9A8
E77E
E55C
E343
E136
DF34
DD3F
DB58
D980
D7B9
D602
D45D
D2CB
D14C
CFE1
CE8C
CD4C
CC22
CB0E
CA12
C92D
C860
C7AB
C70F
C68B
C61F
C5CC
C591
C56F
C566
C575
C59B
C5DA
C630
C69C
C71F
C7B7
C866
C928
C9FF
CAE9
CBE6
CCF6
CE16
CF47
D087
D1D6
D334
D49E
D615
D796
D923
DAB9
DC58
DDFE
DFAB
E15F
E317
E4D4
E694
E857
EA1C
EBE1
EDA7
EF6C
F131
F2F3
F4B3
F66F
F828
F9DD
FB8C
FD37
FEDB
0079
0211
03A2
052B
06AD
0827
0998
0B02
0C63
0DBC
0F0C
1053
1192
12C8
13F5
151A
1636
1749
1854
1957
1A51
1B43
1C2D
1D0F
1DEA
1EBE
1F8B
2051
2111
21CA
227D
232A
23D2
2473
2510
25A7
2639
26C7
274F
27D3
2852
28CC
2942
29B4
2A21
2A89
2AED
2B4D
2BA7
2BFD
2C4E
2C9A
2CDF
2D1E
2D57
2D8B
2DB9
2DE0
2E02
2E1C
2E30
2E3C
2E41
2E3E
2E34
2E20
2E04
2DDF
2DB0
2D78
2D36
2CEA
2C93
2C32
2BC5
2B4E
2ACB
2A3C
29A2
28FC
284A
278C
26C1
25EB
2507
2418
231C
2215
2102
1FE4
1EBB
1D87
1C48
1AFF
19AD
1851
16EC
157E
1408
128B
1108
0F7E
0DEE
0C59
0AC1
0925
0786
05E6
0444
02A3
0102
FF63
FDC6
FC2D
FA99
F909
F782
F602
F48A
F31B
F1B7
F05E
EF11
EDD1
EC9F
EB7C
EA68
E964
E872
E791
E6C3
E608
E561
E4CF
E451
E3E9
E396
E35A
E335
E326
E32E
E34E
E385
E3D4
E43A
E4B7
E54C
E5F8
E6BC
E797
E889
E990
EAAC
EBDE
ED24
EE7E
EFEB
F16A
F2FB
F49D
F64F
F810
F9E0
FBBD
FDA6
FF9A
0198
03A0
05AF
07C6
09E2
0C03
0E27
104D
1275
149C
16C2
18E5
1B05
1D20
1F33
213F
2343
253D
272D
2911
2AE9
2CB3
2E6F
301B
31B7
3343
34BC
3623
3777
38B7
39E3
3AF9
3BFB
3CE7
3DBD
3E7C
3F25
3FB7
4033
4097
40E5
411B
413B
4144
4137
4113
40D8
4088
4022
3FA8
3F19
3E77
3DC2
3CFA
3C21
3B36
3A3B
3930
3816
36EE
35B9
3477
3329
31D0
306E
2F02
2D8D
2C11
2A8F
2906
2779
25E8
2453
22BD
2124
1F8B
1DF2
1C5A
1AC4
1931
17A1
1614
148C
1309
118C
1015
0EA4
0D3B
0BDA
0A82
0931
07EB
06AD
057A
0450
0331
021D
0114
0015
FF22
FE3B
FD5E
FC8E
FBC9
FB0F
FA61
F9BF
F928
F89D
F81D
F7AA
F743
F6E6
F695
F64D
F610
F5DE
F5B5
F596
F581
F575
F573
F579
F588
F5A0
F5C0
F5E9
F619
F651
F691
F6D8
F727
F77C
F7D9
F83C
F8A5
F915
F98B
FA07
FA89
FB11
FB9F
FC33
FCCD
FD6C
FE10
FEB8
FF66
0018
00CF
018A
0249
030C
03D3
049E
056C
063D
0712
07EA
08C4
09A1
0A80
0B62
0C45
0D2A
0E10
0EF7
0FDF
10C8
11B0
1299
1380
1467
154D
1632
1714
17F5
18D2
19AD
1A84
1B56
1C24
1CED
1DB1
1E6E
1F25
1FD5
207D
211C
21B3
2241
22C5
233F
23AD
2411
2468
24B3
24F2
2523
2546
255B
2562
2559
2542
251A
24E3
249B
2443
23DA
2361
22D7
223C
2190
20D3
2005
1F27
1E38
1D38
1C27
1B07
19D6
1896
1747
15E8
147C
1301
1179
0FE4
0E43
0C97
0AE0
091E
0754
0580
03A6
01C4
FFDD
FDF0
FBFF
FA0C
F816
F620
F42A
F235
F043
EE54
EC6A
EA86
E8A9
E6D3
E506
E344
E18C
DFE0
DE42
DCB1
DB30
D9BE
D85D
D70E
D5D2
D4A9
D394
D294
D1A9
D0D4
D016
CF70
CEE0
CE69
CE0B
CDC5
CD99
CD85
CD8B
CDA9
CDE1
CE33
CE9D
CF20
CFBC
D06F
D13B
D21E
D319
D429
D54F
D68B
D7DA
D93E
DAB4
DC3C
DDD4
DF7D
E135
E2FC
E4CE
E6AD
E897
EA8A
EC86
EE88
F092
F2A1
F4B3
F6C7
F8DC
FAF1
FD05
FF16
0124
032C
052F
072A
091D
0B06
0CE5
0EB8
107F
1238
13E4
1580
170C
1887
19F1
1B49
1C8E
1DC0
1EDE
1FE8
20DE
21BF
228A
2341
23E1
246B
24E0
2540
258A
25BF
25DF
25EA
25E0
25C3
2592
254D
24F6
248C
2411
2384
22E7
223B
217F
20B5
1FDE
1EFA
1E0A
1D0F
1C0A
1AFB
19E4
18C5
17A0
1674
1544
1410
12D6
119A
105D
0F1F
0DE2
0CA5
0B6B
0A33
08FE
07CE
06A2
057B
045A
0340
022C
0120
001C
FF20
FE2C
FD41
FC5F
FB86
FAB7
F9F2
F936
F884
F7DB
F73D
F6A8
F61C
F59A
F522
F4B1
F449
F3EA
F393
F344
F2FD
F2BD
F284
F251
F225
F1FE
F1DC
F1BF
F1A6
F191
F17F
F170
F162
F157
F14D
F144
F13A
F131
F127
F11C
F10F
F101
F0F0
F0DC
F0C6
F0AC
F08E
F06E
F049
F01F
EFF1
EFBE
EF87
EF4A
EF08
EEC2
EE76
EE24
EDCE
ED73
ED12
ECAD
EC43
EBD5
EB62
EAEC
EA71
E9F3
E971
E8ED
E866
E7DC
E751
E6C3
E635
E5A6
E516
E487
E3F8
E36A
E2DD
E252
E1C9
E143
E0C0
E03F
DFC3
DF4B
DED7
DE67
DDFD
DD99
DD3A
DCE1
DC8F
DC43
DBFE
DBC1
DB8A
DB5B
DB33
DB13
DAFB
DAEB
DAE3
DAE3
DAEA
DAFA
DB11
DB31
DB58
DB86
DBBC
DBFA
DC3E
DC8A
DCDD
DD36
DD95
DDFA
DE66
DED6
DF4C
DFC7
E046
E0C9
E150
E1DB
E269
E2F9
E38B
E420
E4B6
E54D
E5E5
E67E
E716
E7AF
E847
E8DE
E974
EA08
EA9B
EB2B
EBBA
EC46
ECCF
ED55
EDD9
EE59
EED6
EF4F
EFC4
F036
F0A3
F10D
F172
F1D3
F230
F288
F2DC
F32B
F377
F3BE
F400
F43F
F479
F4AF
F4E1
F510
F53A
F561
F585
F5A5
F5C3
F5DE
F5F6
F60C
F620
F632
F641
F64F
F65B
F666
F66F
F678
F67F
F686
F68D
F693
F698
F69E
F6A4
F6AA
F6B1
F6B7
F6BF
F6C7
F6D0
F6DA
F6E5
F6F1
F6FE
F70C
F71C
F72D
F73F
F754
F76A
F781
F79A
F7B3
F7CE
F7EA
F807
F825
F844
F864
F885
F8A7
F8CA
F8EE
F913
F938
F95E
F985
F9AC
F9D4
F9FD
FA26
FA50
FA7A
FAA5
FAD1
FAFC
FB29
FB55
FB82
FBB0
FBDF
FC0E
FC3E
FC6E
FC9F
FCD0
FD02
FD34
FD67
FD9A
FDCE
FE03
FE38
FE6F
FEA6
FEDE
FF17
FF51
FF8C
FFC8
0005
0044
0083
00C4
0106
014A
018F
01D5
021C
0265
02B0
02FB
0348
0396
03E5
0436
0487
04DB
052F
0585
05DB
0633
068B
06E3
073D
0796
07F0
084A
08A3
08FC
0954
09AB
0A02
0A56
0AAA
0AFB
0B4A
0B97
0BE2
0C29
0C6D
0CAE
0CEB
0D24
0D59
0D88
0DB4
0DDA
0DFB
0E17
0E2D
0E3D
0E48
0E4C
0E4A
0E41
0E32
0E1C
0DFF
0DDB
0DB0
0D7E
0D45
0D04
0CBC
0C6E
0C18
0BBB
0B57
0AEC
0A7B
0A02
0984
08FF
0874
07E4
074F
06B4
0615
0571
04C8
041C
036C
02B9
0202
014A
008F
FFD3
FF16
FE58
FD9A
FCDB
FC1E
FB61
FAA6
F9ED
F936
F882
F7D1
F724
F67B
F5D7
F537
F49D
F408
F37A
F2F1
F26F
F1F5
F182
F117
F0B3
F056
F002
EFB6
EF72
EF36
EF03
EED8
EEB6
EE9B
EE89
EE80
EE7E
EE84
EE92
EEA8
EEC5
EEE9
EF13
EF44
EF7B
EFB8
EFFA
F042
F08D
F0DD
F130
F186
F1DF
F23A
F296
F2F2
F34F
F3AC
F408
F463
F4BD
F514
F568
F5B9
F606
F64F
F694
F6D3
F70D
F741
F76F
F796
F7B6
F7CF
F7E0
F7E9
F7EB
F7E4
F7D5
F7BD
F79C
F773
F741
F706
F6C2
F675
F61F
F5C0
F558
F4E8
F470
F3F0
F368
F2D8
F242
F1A5
F101
F058
EFAA
EEF6
EE3F
ED83
ECC4
EC03
EB3F
EA7A
E9B4
E8EE
E828
E763
E69F
E5DE
E51F
E463
E3AC
E2F9
E24B
E1A4
E103
E068
DFD4
DF48
DEC5
DE49
DDD7
DD6E
DD0F
DCBA
DC6F
DC2F
DBF9
DBCE
DBAF
DB9A
DB91
DB93
DBA1
DBB9
DBDD
DC0C
DC46
DC8A
DCD9
DD33
DD96
DE03
DE79
DEF8
DF80
E00F
E0A7
E146
E1EB
E296
E347
E3FC
E4B6
E574
E635
E6F9
E7BE
E885
E94D
EA15
EADD
EBA3
EC68
ED2B
EDEB
EEA8
EF61
F015
F0C5
F170
F215
F2B3
F34C
F3DD
F467
F4EA
F565
F5D7
F641
F6A3
F6FC
F74C
F794
F7D3
F809
F837
F85C
F879
F88E
F89B
F8A0
F89D
F893
F883
F86C
F84F
F82C
F804
F7D8
F7A7
F772
F73A
F6FF
F6C2
F683
F643
F602
F5C1
F581
F541
F502
F4C5
F48B
F454
F420
F3F0
F3C4
F39D
F37C
F360
F349
F339
F32F
F32C
F330
F33C
F34E
F368
F389
F3B2
F3E3
F41B
F45B
F4A2
F4F0
F545
F5A1
F604
F66D
F6DC
F751
F7CC
F84B
F8CF
F957
F9E3
FA71
FB02
FB95
FC29
FCBE
FD53
FDE7
FE7A
FF0C
FF9B
0027
00AF
0134
01B3
022D
02A1
030E
0374
03D2
0428
0476
04BB
04F6
0527
054E
056B
057D
0586
0583
0576
055D
053A
050B
04D1
048C
043D
03E2
037D
030E
0296
0213
0188
00F4
0058
FFB5
FF0A
FE59
FDA3
FCE7
FC28
FB64
FA9E
F9D6
F90D
F843
F77B
F6B3
F5EE
F52D
F470
F3B8
F307
F25C
F1BA
F120
F090
F00B
EF90
EF22
EEC1
EE6E
EE29
EDF3
EDCD
EDB7
EDB2
EDBF
EDDD
EE0D
EE50
EEA6
EF0E
EF8A
F01A
F0BD
F173
F23C
F319
F408
F50B
F620
F745
F87D
F9C5
FB1E
FC86
FDFE
FF84
0118
02B8
0465
061D
07DF
09AA
0B7E
0D59
0F3A
1120
130A
14F6
16E5
18D3
1AC1
1CAD
1E96
207B
225A
2432
2602
27CA
2987
2B38
2CDD
2E74
2FFC
3174
32DB
3431
3575
36A5
37C1
38C8
39B9
3A95
3B5A
3C08
3C9E
3D1D
3D83
3DD1
3E07
3E23
3E28
3E13
3DE6
3DA1
3D44
3CCF
3C42
3B9F
3AE6
3A16
3932
3838
372C
360D
34DB
3399
3246
30E4
2F73
2DF6
2C6B
2AD6
2937
278F
25DF
2428
226C
20AC
1EE9
1D24
1B5E
1999
17D6
1616
1459
12A2
10F1
0F48
0DA6
0C0F
0A81
08FF
078A
0621
04C6
037C
0241
0116
FFFC
FEF4
FDFD
FD18
FC46
FB86
FADB
FA42
F9BD
F94C
F8EF
F8A5
F86F
F84D
F83E
F842
F85A
F884
F8C0
F90E
F96D
F9DD
FA5D
FAED
FB8C
FC39
FCF4
FDBB
FE8F
FF6F
0059
014D
024A
034E
045A
056B
0682
079D
08BB
09DB
0AFE
0C20
0D43
0E64
0F84
10A1
11BA
12CF
13DE
14E8
15EB
16E7
17DB
18C6
19A8
1A80
1B4E
1C10
1CC8
1D74
1E13
1EA7
1F2E
1FA8
2015
2073
20C4
2107
213C
2162
217A
2183
217E
216A
2148
2118
20D9
208C
2032
1FC9
1F53
1ED0
1E3F
1DA2
1CF8
1C42
1B7F
1AB1
19D8
18F4
1805
170C
1609
14FE
13EA
12CD
11A8
107B
0F47
0E0C
0CCA
0B81
0A33
08DF
0787
0629
04C7
0362
01F9
008C
FF1D
FDAC
FC38
FAC3
F94D
F7D5
F65D
F4E5
F36E
F1F7
F080
EF0C
ED98
EC27
EAB9
E94E
E7E6
E682
E522
E3C6
E26F
E11E
DFD2
DE8B
DD4B
DC12
DAE0
D9B6
D894
D77A
D669
D561
D463
D36F
D286
D1A8
D0D5
D00E
CF54
CEA6
CE06
CD73
CCEF
CC78
CC11
CBB9
CB71
CB39
CB11
CAFA
CAF5
CB00
CB1E
CB4D
CB8F
CBE3
CC4A
CCC4
CD51
CDF1
CEA4
CF6A
D044
D130
D230
D343
D469
D5A1
D6EC
D84A
D9B9
DB3A
DCCC
DE6F
E022
E1E5
E3B7
E598
E788
E984
EB8C
EDA1
EFC0
F1EA
F41D
F659
F89C
FAE5
FD34
FF88
01DF
0438
0693
08EE
0B48
0DA1
0FF6
1246
1492
16D6
1913
1B47
1D71
1F8F
21A1
23A6
259C
2782
2957
2B1B
2CCC
2E68
2FF0
3161
32BC
3400
352C
363F
3738
3818
38DD
3987
3A16
3A89
3AE1
3B1C
3B3A
3B3D
3B22
3AEC
3A99
3A2B
39A1
38FB
383A
375F
3669
355B
3433
32F4
319D
302F
2EAC
2D12
2B65
29A5
27D3
25F1
2400
2200
1FF4
1DDD
1BBB
1990
175D
1524
12E7
10A5
0E62
0C1D
09D9
0796
0557
031C
00E6
FEB8
FC92
FA75
F862
F65C
F462
F276
F098
EECB
ED0E
EB61
E9C6
E83E
E6CA
E56A
E420
E2EB
E1CC
E0C3
DFD1
DEF5
DE31
DD83
DCEC
DC6D
DC04
DBB1
DB75
DB4F
DB3F
DB43
DB5C
DB89
DBCA
DC1D
DC82
DCF8
DD7E
DE14
DEB8
DF6A
E028
E0F1
E1C5
E2A2
E387
E473
E566
E65E
E75A
E858
E959
EA5A
EB5B
EC5A
ED57
EE50
EF45
F035
F11E
F200
F2D9
F3AA
F471
F52E
F5DF
F685
F71F
F7AB
F82A
F89B
F8FE
F952
F998
F9CE
F9F5
FA0D
FA15
FA0E
F9F8
F9D2
F99E
F95B
F909
F8A9
F83B
F7C0
F739
F6A5
F605
F55A
F4A4
F3E4
F31C
F24A
F172
F092
EFAB
EEC0
EDD0
ECDC
EBE5
EAEC
E9F2
E8F7
E7FD
E703
E60C
E517
E426
E339
E252
E170
E095
DFC1
DEF4
DE31
DD75
DCC4
DC1C
DB7E
DAEB
DA64
D9E7
D976
D911
D8B7
D86A
D829
D7F4
D7CC
D7B0
D79F
D79B
D7A3
D7B6
D7D5
D7FF
D834
D873
D8BD
D911
D96F
D9D5
DA45
DABC
DB3B
DBC2
DC4F
DCE2
DD7B
DE1A
DEBC
DF63
E00D
E0BA
E16A
E21B
E2CE
E382
E436
E4EA
E59E
E651
E702
E7B2
E860
E90C
E9B4
EA5A
EAFF
EBA1
EC3F
ECD9
ED70
EE03
EE92
EF1D
EFA5
F029
F0A9
F125
F19E
F213
F286
F2F5
F362
F3CC
F434
F49A
F4FF
F562
F5C4
F626
F688
F6EA
F74C
F7AF
F813
F879
F8E2
F94C
F9BC
FA2E
FAA4
FB1E
FB9C
FC1E
FCA5
FD31
FDC2
FE58
FEF4
FF95
003C
00EA
019D
0257
0317
03DD
04A9
057B
0653
0731
0815
08FF
09EE
0AE2
0BDB
0CD8
0DD9
0EDF
0FE7
10F3
1202
1312
1424
1538
164B
175F
1872
1984
1A94
1BA3
1CAE
1DB6
1EBA
1FBA
20B4
21AA
2299
2381
2463
253C
260E
26D7
2797
284E
28FB
299E
2A36
2AC4
2B47
2BBE
2C2A
2C8A
2CDD
2D24
2D5F
2D8E
2DB1
2DC9
2DD4
2DD4
2DC8
2DB0
2D8D
2D5F
2D27
2CE3
2C96
2C3E
2BDD
2B73
2B00
2A85
2A02
2978
28E7
2850
27B3
2711
266A
25BF
2511
2460
23AD
22F8
2241
218B
20D4
201F
1F6B
1EB9
1E09
1D5C
1CB3
1C0E
1B6E
1AD2
1A3C
19AB
1920
189B
181D
17A5
1735
16CB
1669
160E
15BB
156F
152B
14EE
14B8
148A
1463
1443
142A
1418
140D
1408
1409
140F
141B
142B
1440
1459
1476
1495
14B8
14DD
1504
152C
1555
157F
15A9
15D2
15FB
1622
1648
166B
168B
16A9
16C3
16D9
16EC
16F9
1702
1705
1704
16FC
16F0
16DE
16C6
16A7
1681
1655
1621
15E7
15A6
155E
150F
14BA
145D
13FA
1391
1321
12AB
122F
11AE
1127
109B
100A
0F75
0EDC
0E3F
0D9E
0CFA
0C54
0BAB
0B01
0A55
09A7
08FB
084E
07A1
06F5
064A
05A0
04F7
0450
03AC
0309
026A
01CE
0135
009F
000D
FF7E
FEF4
FE6D
FDEB
FD6D
FCF3
FC7D
FC0C
FB9E
FB35
FAD0
FA6E
FA10
F9B6
F960
F90C
F8BB
F86E
F824
F7DB
F794
F74F
F70B
F6C8
F685
F642
F5FF
F5BC
F578
F533
F4EC
F4A3
F458
F40A
F3BA
F366
F30F
F2B4
F256
F1F3
F18C
F120
F0B0
F03B
EFC1
EF42
EEBE
EE35
EDA7
ED15
EC7E
EBE2
EB42
EA9D
E9F3
E945
E893
E7DE
E726
E66A
E5AC
E4ED
E42B
E369
E2A5
E1E2
E120
E05E
DF9E
DEE0
DE26
DD6E
DCBB
DC0D
DB64
DAC2
DA26
D992
D905
D882
D808
D799
D735
D6DC
D68E
D64D
D618
D5F1
D5D7
D5CB
D5CD
D5DE
D5FE
D62D
D66B
D6B8
D716
D782
D7FF
D88B
D926
D9D1
DA8B
DB54
DC2B
DD11
DE04
DF06
E014
E12E
E255
E386
E4C3
E609
E758
E8B0
EA0F
EB75
ECE1
EE52
EFC7
F140
F2BA
F436
F5B3
F72E
F8A9
FA20
FB94
FD04
FE6E
FFD1
012D
0281
03CC
050C
0642
076C
0889
099A
0A9C
0B8F
0C73
0D47
0E0A
0EBB
0F59
0FE6
1061
10C9
111E
1160
1190
11AC
11B5
11AB
118E
115F
111D
10C9
1063
0FEC
0F64
0ECB
0E23
0D6C
0CA6
0BD3
0AF2
0A05
090D
080A
06FE
05E9
04CC
03A9
027F
0150
001C
FEE6
FDAE
FC76
FB3E
FA07
F8D2
F7A1
F674
F54B
F429
F30E
F1FA
F0EE
EFEC
EEF3
EE05
ED23
EC4B
EB81
EAC2
EA11
E96D
E8D7
E850
E7D6
E76A
E70D
E6BF
E67F
E64D
E629
E614
E60C
E612
E624
E644
E670
E6A8
E6EC
E73A
E791
E7F3
E85D
E8CE
E947
E9C6
EA4B
EAD4
EB61
EBF0
EC82
ED14
EDA7
EE39
EECA
EF58
EFE2
F068
F0EA
F165
F1DA
F247
F2AB
F306
F358
F3A0
F3DD
F410
F437
F452
F460
F463
F458
F441
F41D
F3EB
F3AD
F362
F309
F2A5
F233
F1B6
F12D
F098
EFF9
EF4F
EE9B
EDDE
ED19
EC4B
EB77
EA9C
E9BC
E8D7
E7EE
E701
E612
E523
E433
E344
E258
E16E
E088
DFA6
DECB
DDF6
DD29
DC65
DBAA
DAF9
DA53
D9B9
D92C
D8AD
D83B
D7D8
D784
D741
D70D
D6EA
D6D8
D6D7
D6E8
D70A
D73E
D784
D7DD
D847
D8C3
D950
D9EE
DA9E
DB5D
DC2C
DD0B
DDF8
DEF4
DFFC
E111
E232
E35D
E493
E5D1
E717
E864
E9B7
EB0F
EC6A
EDC8
EF26
F085
F1E3
F33F
F497
F5EB
F739
F881
F9C0
FAF8
FC25
FD48
FE5E
FF67
0063
0150
022D
02FA
03B6
0460
04F8
057E
05F0
064F
069A
06D1
06F3
0702
06FC
06E2
06B4
0673
061D
05B5
053A
04AD
040E
035F
029F
01D0
00F3
0008
FF11
FE0E
FD01
FBEA
FACB
F9A6
F87A
F74A
F616
F4E1
F3AB
F277
F144
F015
EEEB
EDC7
ECAA
EB97
EA8E
E990
E89F
E7BC
E6E8
E625
E573
E4D3
E446
E3CD
E36A
E31C
E2E5
E2C5
E2BD
E2CD
E2F5
E336
E390
E402
E48E
E532
E5F0
E6C6
E7B4
E8BB
E9D9
EB0E
EC5A
EDBB
EF31
F0BB
F259
F408
F5C9
F799
F979
FB66
FD5F
FF63
0171
0386
05A3
07C4
09E9
0C11
0E39
1060
1284
14A4
16BE
18D0
1ADA
1CD9
1ECC
20B1
2288
244E
2603
27A5
2932
2AAB
2C0D
2D57
2E89
2FA2
30A0
3184
324C
32F8
3387
33F9
344E
3485
349E
349A
3477
3437
33DA
335F
32C8
3215
3146
305C
2F58
2E3B
2D05
2BB8
2A54
28DB
274D
25AD
23FB
2238
2067
1E88
1C9D
1AA7
18A8
16A1
1495
1284
1070
0E5B
0C47
0A34
0825
061A
0417
021B
0029
FE41
FC66
FA99
F8DB
F72D
F590
F406
F290
F12E
EFE2
EEAD
ED8E
EC88
EB9A
EAC5
EA0A
E969
E8E2
E876
E824
E7ED
E7D0
E7CE
E7E6
E818
E864
E8C8
E946
E9DB
EA87
EB4C
EC25
ED14
EE16
EF2C
F052
F18A
F2D1
F426
F588
F6F6
F86E
F9F0
FB79
FD08
FE9C
0034
01CE
0369
0503
069C
0831
09C1
0B4B
0CCE
0E48
0FB9
111E
1278
13C4
1502
1630
1751
1860
195E
1A49
1B21
1BE5
1C94
1D2E
1DB2
1E21
1E79
1EBA
1EE5
1EFA
1EF7
1EDD
1EAD
1E66
1E09
1D96
1D0D
1C6F
1BBD
1AF6
1A1B
192E
182E
171D
15FB
14CA
1389
123B
10E1
0F7B
0E0A
0C8F
0B0B
097F
07ED
0654
04B8
0317
0174
FFD0
FE2C
FC89
FAE7
F949
F7AF
F619
F48A
F301
F181
F009
EE9B
ED37
EBDE
EA91
E951
E81E
E6F9
E5E3
E4DB
E3E2
E2FA
E222
E15B
E0A3
DFFD
DF67
DEE3
DE6F
DE0D
DDBC
DD7C
DD4D
DD2F
DD22
DD25
DD38
DD5C
DD8F
DDD1
DE22
DE81
DEEF
DF6A
DFF2
E087
E127
E1D3
E28A
E34B
E416
E4E9
E5C6
E6AA
E795
E886
E97E
EA7B
EB7C
EC81
ED8A
EE95
EFA2
F0B1
F1C0
F2D0
F3DF
F4EE
F5FB
F707
F810
F916
FA19
FB18
FC13
FD0A
FDFC
FEE8
FFCF
00B0
018B
025F
032D
03F4
04B4
056D
0620
06CB
076E
080A
089E
092A
09AF
0A2C
0AA1
0B0E
0B73
0BD0
0C26
0C74
0CBA
0CF8
0D2F
0D5F
0D87
0DA8
0DC2
0DD5
0DE1
0DE6
0DE5
0DDD
0DCF
0DBB
0DA0
0D80
0D5A
0D30
0D00
0CCC
0C92
0C53
0C10
0BC8
0B7C
0B2C
0AD8
0A80
0A25
09C6
0965
0900
089A
0830
07C5
0758
06E9
0678
0607
0594
0521
04AE
043A
03C6
0353
02E0
026D
01FC
018C
011E
00B2
0048
FFE0
FF7A
FF18
FEB8
FE5B
FE02
FDAD
FD5B
FD0D
FCC4
FC7F
FC3E
FC02
FBCB
FB99
FB6B
FB43
FB21
FB03
FAEB
FAD8
FACB
FAC4
FAC2
FAC5
FACE
FADD
FAF1
FB0A
FB28
FB4C
FB75
FBA3
FBD6
FC0E
FC4A
FC8A
FCCE
FD15
FD60
FDAD
FDFD
FE50
FEA3
FEF8
FF4E
FFA4
FFFA
004F
00A3
00F5
0145
0193
01DD
0223
0266
02A3
02DB
030D
0339
035D
037C
0393
03A1
03A7
03A4
0397
0380
035F
0333
02FD
02BB
026E
0215
01B0
013F
00C2
0038
FFA2
FEFF
FE51
FD95
FCCE
FBFA
FB1B
FA2F
F939
F837
F72A
F613
F4F2
F3C7
F293
F157
F014
EEC8
ED77
EC1F
EAC1
E95F
E7FA
E691
E526
E3BA
E24E
E0E2
DF77
DE0F
DCAA
DB49
D9ED
D898
D749
D603
D4C5
D392
D269
D14C
D03C
CF39
CE44
CD5F
CC89
CBC5
CB11
CA6F
C9E0
C964
C8FC
C8A8
C869
C83F
C82A
C82B
C843
C870
C8B3
C90D
C97D
CA03
CA9F
CB51
CC18
CCF4
CDE5
CEEA
D003
D12F
D26E
D3BE
D520
D692
D813
D9A3
DB40
DCEB
DEA0
E061
E22B
E3FE
E5D7
E7B8
E99D
EB85
ED71
EF5D
F14A
F335
F51E
F704
F8E4
FABE
FC91
FE5B
001B
01D0
037A
0516
06A4
0823
0991
0AEF
0C3A
0D73
0E98
0FA9
10A5
118B
125C
1318
13BD
144A
14C0
151F
1566
1595
15AC
15AB
1593
1564
151D
14C0
144D
13C4
1326
1274
11AD
10D4
0FE8
0EEB
0DDD
0CC0
0B94
0A5A
0914
07C3
0667
0502
0395
0221
00A8
FF2C
FDAE
FC2D
FAAB
F92A
F7AB
F62F
F4B6
F343
F1D6
F071
EF14
EDC0
EC77
EB39
EA07
E8E3
E7CC
E6C4
E5CB
E4E2
E40A
E342
E28C
E1E7
E155
E0D5
E068
E00D
DFC5
DF8F
DF6C
DF5C
DF5F
DF73
DF99
DFD0
E018
E071
E0D8
E14F
E1D4
E267
E306
E3B1
E467
E528
E5F1
E6C3
E79B
E87A
E95E
EA46
EB31
EC1E
ED0C
EDF9
EEE5
EFCF
F0B5
F196
F272
F348
F416
F4DB
F596
F648
F6EE
F789
F817
F897
F90A
F96E
F9C3
FA08
FA3E
FA63
FA77
FA7A
FA6D
FA4D
FA1D
F9DB
F988
F924
F8AE
F828
F792
F6EB
F635
F56F
F49B
F3B9
F2C9
F1CC
F0C4
EFAF
EE90
ED67
EC35
EAFC
E9BB
E875
E72A
E5DB
E489
E335
E1E1
E08C
DF3A
DDEA
DC9D
DB55
DA12
D8D7
D7A2
D677
D555
D43D
D331
D231
D13E
D059
CF82
CEBA
CE03
CD5B
CCC5
CC3F
CBCA
CB67
CB17
CAD9
CAAE
CA96
CA91
CAA0
CAC1
CAF5
CB3D
CB97
CC03
CC82
CD13
CDB4
CE67
CF2B
CFFE
D0E1
D1D3
D2D3
D3E0
D4FA
D620
D751
D88C
D9D1
DB1E
DC73
DDCF
DF31
E097
E201
E36E
E4DE
E64E
E7BF
E930
EA9F
EC0C
ED76
EEDB
F03C
F197
F2EC
F43A
F580
F6BD
F7F1
F91B
FA3B
FB51
FC5A
FD58
FE4A
FF30
0008
00D3
0191
0241
02E4
0379
0400
047A
04E6
0543
0594
05D6
060B
0633
064E
065C
065E
0654
063E
061D
05F1
05BB
057B
0531
04DE
0483
0420
03B5
0343
02CB
024D
01CA
0142
00B5
0025
FF91
FEFB
FE63
FDCA
FD2F
FC94
FBF8
FB5C
FAC0
FA24
F98A
F8F1
F85A
F7C4
F731
F6A0
F612
F587
F4FF
F47B
F3F9
F37C
F301
F28B
F218
F1A9
F13E
F0D6
F072
F012
EFB5
EF5B
EF04
EEB1
EE61
EE14
EDC9
ED81
ED3B
ECF6
ECB3
EC72
EC32
EBF3
EBB4
EB76
EB38
EAFB
EABD
EA7F
EA40
EA01
E9C1
E980
E93D
E8FA
E8B5
E86E
E826
E7DC
E791
E744
E6F5
E6A4
E651
E5FD
E5A7
E54F
E4F6
E49C
E440
E3E4
E386
E327
E2C8
E268
E208
E1A8
E147
E0E7
E088
E029
DFCC
DF6F
DF14
DEBA
DE63
DE0D
DDBB
DD6A
DD1D
DCD3
DC8C
DC49
DC0A
DBCF
DB98
DB66
DB39
DB11
DAEF
DAD1
DABA
DAA8
DA9C
DA96
DA96
DA9C
DAA9
DABD
DAD7
DAF7
DB1F
DB4D
DB81
DBBD
DBFF
DC48
DC98
DCEE
DD4B
DDAE
DE18
DE89
DEFF
DF7C
DFFE
E087
E115
E1A9
E242
E2E2
E386
E42F
E4DD
E590
E647
E702
E7C2
E885
E94C
EA17
EAE5
EBB6
EC8B
ED63
EE3D
EF1B
EFFB
F0DE
F1C4
F2AB
F395
F482
F570
F661
F753
F847
F93E
FA36
FB30
FC2B
FD28
FE28
FF29
002C
0130
0236
033D
0445
054F
0659
0765
0871
097F
0A8D
0B9C
0CAC
0DBC
0ECC
0FDD
10ED
11FE
130E
141E
152E
163C
174A
1856
1961
1A6B
1B72
1C77
1D7A
1E7A
1F78
2073
216B
225E
234E
2438
251E
25FE
26D8
27AD
287B
2942
2A02
2ABA
2B6A
2C11
2CB0
2D46
2DD2
2E55
2ECD
2F3A
2F9D
2FF4
303F
307F
30B3
30DA
30F5
3102
3103
30F7
30DE
30B8
3085
3043
2FF4
2F97
2F2C
2EB3
2E2D
2D99
2CF8
2C4A
2B8F
2AC8
29F4
2914
2829
2733
2631
2526
2411
22F2
21CC
209D
1F66
1E29
1CE6
1B9D
1A4F
18FE
17A9
1652
14FA
13A1
1248
10EF
0F97
0E42
0CEF
0BA0
0A55
090F
07CF
0696
0564
0439
0318
0200
00F1
FFEE
FEF5
FE08
FD27
FC53
FB8C
FAD2
FA26
F988
F8F9
F879
F807
F7A4
F751
F70D
F6D8
F6B2
F69C
F695
F69C
F6B2
F6D6
F708
F748
F795
F7EE
F854
F8C5
F942
F9C9
FA59
FAF3
FB95
FC3F
FCF0
FDA7
FE63
FF24
FFE8
00B0
0179
0243
030D
03D7
049F
0565
0628
06E6
079F
0853
0900
09A6
0A43
0AD8
0B64
0BE6
0C5D
0CC9
0D29
0D7D
0DC5
0DFF
0E2C
0E4C
0E5E
0E62
0E57
0E3E
0E18
0DE2
0D9F
0D4E
0CEF
0C82
0C08
0B81
0AED
0A4D
09A1
08EB
082A
075F
068A
05AD
04C7
03DB
02E7
01EE
00F1
FFEF
FEEA
FDE2
FCD9
FBD0
FAC7
F9BF
F8BA
F7B7
F6B9
F5BF
F4CB
F3DE
F2F8
F21A
F145
F07B
EFBA
EF05
EE5B
EDBE
ED2E
ECAC
EC39
EBD4
EB7E
EB37
EAFF
EAD6
EABE
EAB5
EABB
EAD2
EAF8
EB2D
EB72
EBC6
EC28
EC9A
ED19
EDA5
EE3F
EEE5
EF97
F054
F11B
F1EC
F2C7
F3A9
F492
F582
F678
F772
F870
F971
FA74
FB78
FC7B
FD7D
FE7C
FF78
0070
0163
024F
0334
0411
04E5
05AF
066F
0724
07CC
0867
08F5
0975
09E6
0A49
0A9B
0ADD
0B0F
0B31
0B41
0B40
0B2E
0B0B
0AD6
0A90
0A38
09D0
0957
08CD
0832
0788
06CE
0605
052E
0449
0357
0258
014E
0039
FF1A
FDF2
FCC1
FB8A
FA4C
F908
F7C1
F676
F528
F3DA
F28B
F13D
EFF1
EEA8
ED62
EC22
EAE8
E9B4
E889
E766
E64D
E53E
E43B
E344
E25A
E17D
E0AE
DFEE
DF3E
DE9D
DE0C
DD8C
DD1D
DCBF
DC73
DC38
DC0F
DBF7
DBF1
DBFC
DC18
DC46
DC85
DCD4
DD33
DDA2
DE20
DEAC
DF47
DFEF
E0A4
E165
E231
E308
E3E8
E4D2
E5C4
E6BC
E7BB
E8C0
E9C8
EAD4
EBE2
ECF2
EE02
EF11
F01F
F12A
F232
F336
F434
F52C
F61D
F706
F7E7
F8BE
F98C
FA4E
FB06
FBB2
FC51
FCE4
FD69
FDE1
FE4B
FEA8
FEF6
FF37
FF69
FF8D
FFA3
FFAA
FFA4
FF8F
FF6E
FF3F
FF03
FEBA
FE66
FE06
FD9B
FD25
FCA6
FC1E
FB8D
FAF4
FA55
F9AF
F904
F854
F7A1
F6EB
F633
F579
F4C1
F40A
F354
F2A1
F1F2
F147
F0A1
F001
EF67
EED6
EE4C
EDCB
ED54
ECE7
EC85
EC2E
EBE2
EBA3
EB70
EB49
EB30
EB24
EB26
EB35
EB52
EB7D
EBB5
EBFA
EC4D
ECAD
ED1B
ED94
EE1C
EEAF
EF4E
EFF8
F0AC
F16A
F232
F301
F3D9
F4B7
F59C
F686
F775
F867
F95C
FA53
FB4B
FC44
FD3B
FE31
FF25
0014
0100
01E6
02C6
039F
0470
0538
05F7
06AC
0756
07F4
0886
090B
0983
09ED
0A49
0A96
0AD4
0B02
0B21
0B30
0B2F
0B1E
0AFD
0ACB
0A8A
0A39
09D8
0968
08E9
085B
07BF
0715
065D
0599
04C9
03ED
0307
0217
011D
001B
FF11
FE01
FCE9
FBCD
FAAC
F988
F863
F73C
F616
F4F0
F3CC
F2AB
F18E
F076
EF65
EE59
ED56
EC5C
EB6B
EA84
E9A9
E8DA
E818
E763
E6BC
E625
E59C
E524
E4BC
E465
E41F
E3EB
E3C8
E3B7
E3B8
E3CB
E3F0
E426
E46F
E4CA
E536
E5B4
E642
E6E2
E791
E851
E920
E9FD
EAE9
EBE3
ECE9
EDFC
EF1A
F042
F175
F2B0
F3F4
F53F
F690
F7E6
F941
FA9F
FC00
FD63
FEC6
0028
018A
02E9
0445
059D
06EF
083C
0981
0ABF
0BF4
0D20
0E42
0F59
1064
1163
1255
133A
1410
14D9
1592
163C
16D7
1761
17DC
1846
189F
18E8
1921
1948
195F
1966
195C
1942
1919
18E0
1898
1841
17DB
1767
16E6
1658
15BC
1515
1462
13A5
12DC
120B
1130
104C
0F61
0E6F
0D76
0C78
0B75
0A6D
0961
0853
0742
0630
051C
0409
02F5
01E2
00D1
FFC2
FEB6
FDAD
FCA8
FBA6
FAA9
F9B1
F8BE
F7D0
F6E8
F606
F52A
F455
F386
F2BF
F1FE
F144
F091
EFE5
EF40
EEA3
EE0C
ED7C
ECF2
EC6F
EBF2
EB7C
EB0B
EA9F
EA39
E9D8
E97C
E924
E8D0
E880
E832
E7E8
E7A0
E75A
E715
E6D1
E68F
E64C
E60A
E5C7
E584
E53F
E4FA
E4B2
E469
E41D
E3CF
E37D
E329
E2D2
E277
E219
E1B6
E150
E0E6
E078
E006
DF8F
DF15
DE96
DE13
DD8C
DD01
DC72
DBDF
DB49
DAAF
DA13
D973
D8D1
D82D
D787
D6DF
D636
D58C
D4E1
D436
D38B
D2E1
D238
D190
D0EB
D047
CFA6
CF09
CE6F
CDD9
CD48
CCBB
CC35
CBB3
CB39
CAC4
CA57
C9F1
C993
C93D
C8EF
C8AB
C86F
C83D
C815
C7F6
C7E2
C7D9
C7DA
C7E7
C7FE
C820
C84F
C888
C8CD
C91E
C97B
C9E3
CA57
CAD7
CB63
CBFA
CC9D
CD4B
CE04
CEC9
CF99
D075
D15C
D24D
D348
D44D
D55C
D674
D796
D8C0
D9F3
DB2E
DC71
DDBB
DF0D
E065
E1C4
E328
E493
E602
E777
E8F0
EA6D
EBEE
ED72
EEF8
F082
F20D
F39A
F528
F6B8
F847
F9D7
FB67
FCF7
FE86
0013
019F
0329
04B0
0634
07B5
0932
0AAC
0C21
0D91
0EFC
1062
11C2
131C
1470
15BD
1702
1841
1978
1AA6
1BCD
1CEA
1DFF
1F0B
200D
2106
21F4
22D9
23B3
2482
2547
2601
26AF
2752
27EA
2875
28F5
2968
29CF
2A29
2A77
2AB9
2AED
2B15
2B30
2B3D
2B3E
2B32
2B18
2AF2
2ABE
2A7D
2A30
29D5
296E
28FA
2879
27EB
2751
26AB
25F9
253B
2472
239D
22BD
21D1
20DB
1FDB
1ED1
1DBD
1C9F
1B79
1A4A
1913
17D4
168E
1541
13EF
1296
1138
0FD5
0E6F
0D04
0B97
0A27
08B6
0743
05CF
045B
02E8
0176
0005
FE97
FD2B
FBC3
FA5F
F900
F7A6
F651
F503
F3BC
F27C
F144
F014
EEED
EDCF
ECBB
EBB1
EAB2
E9BE
E8D5
E7F7
E726
E661
E5A8
E4FD
E45E
E3CC
E348
E2D1
E268
E20D
E1BF
E17F
E14D
E128
E111
E108
E10C
E11E
E13D
E169
E1A2
E1E7
E239
E297
E300
E375
E3F5
E480
E515
E5B3
E65C
E70C
E7C6
E887
E951
EA21
EAF7
EBD4
ECB6
ED9E
EE8A
EF7A
F06E
F164
F25E
F35A
F458
F557
F657
F757
F857
F956
FA55
FB52
FC4D
FD46
FE3C
FF30
0020
010D
01F6
02DB
03BC
0498
0570
0642
070F
07D7
089A
0957
0A0E
0AC0
0B6C
0C12
0CB2
0D4C
0DE0
0E70
0EFA
0F7E
0FFD
1076
10E9
1156
11BE
1221
127E
12D7
132A
1378
13C1
1406
1446
1482
14B9
14EB
151A
1544
156B
158D
15AB
15C6
15DD
15F0
15FF
160B
1613
1618
1618
1616
1610
1606
15F9
15E7
15D1
15B7
1599
1576
1550
1524
14F4
14C0
1486
1447
1404
13BB
136D
1319
12C0
1261
11FC
1191
1120
10A9
102B
0FA8
0F1D
0E8C
0DF5
0D57
0CB2
0C08
0B57
0A9F
09E0
091B
084F
077C
06A2
05C2
04DC
03EF
02FD
0204
0107
0004
FEFC
FDEF
FCDE
FBCA
FAB1
F996
F877
F756
F634
F510
F3EB
F2C5
F1A0
F07B
EF58
EE36
ED17
EBFD
EAE6
E9D3
E8C5
E7BC
E6B9
E5BC
E4C5
E3D6
E2EF
E210
E13A
E06E
DFAB
DEF3
DE46
DDA3
DD0D
DC83
DC05
DB94
DB30
DADA
DA91
DA56
DA2A
DA0B
D9FB
D9FA
DA07
DA22
DA4D
DA86
DACF
DB25
DB8A
DBFD
DC7D
DD0B
DDA7
DE4F
DF04
DFC5
E092
E16A
E24D
E33A
E431
E531
E63A
E74B
E863
E981
EAA6
EBD0
ECFF
EE32
EF68
F0A0
F1DA
F316
F451
F58D
F6C7
F7FD
F931
FA61
FB8E
FCB6
FDD9
FEF6
000D
011D
0225
0325
041D
050B
05F0
06CB
079C
0862
091D
09CC
0A71
0B09
0B95
0C16
0C8A
0CF1
0D4D
0D9C
0DDE
0E15
0E3F
0E5D
0E6F
0E73
0E6C
0E5A
0E3C
0E14
0DE2
0DA5
0D5F
0D10
0CB7
0C57
0BEE
0B7E
0B07
0A89
0A05
097C
08ED
085A
07C3
0728
0689
05E8
0545
04A0
03F9
0352
02AA
0201
015A
00B2
000C
FF67
FEC3
FE21
FD81
FCE4
FC49
FBB2
FB1D
FA8C
F9FE
F973
F8EC
F869
F7E9
F76E
F6F6
F682
F611
F5A4
F53B
F4D5
F473
F413
F3B7
F35E
F308
F2B4
F263
F213
F1C6
F17B
F131
F0E8
F0A1
F05A
F013
EFCD
EF87
EF42
EEFC
EEB5
EE6F
EE28
EDE0
ED97
ED4E
ED04
ECB9
EC6D
EC21
EBD3
EB85
EB36
EAE7
EA97
EA47
E9F7
E9A7
E957
E907
E8B9
E86B
E81E
