1410
154D
1690
17D8
1925
1A76
1BCA
1D1F
1E75
1FCB
2120
2272
23C1
250B
264F
278C
28C0
29EB
2B0C
2C20
2D27
2E1F
2F08
2FE0
30A6
3159
31F8
3282
32F5
3352
3396
33C2
33D4
33CB
33A8
3369
330E
3297
3203
3152
3085
2F9B
2E94
2D70
2C30
2AD4
295C
27C9
261C
2454
2274
207B
1E6A
1C44
1A08
17B8
1555
12E0
105B
0DC8
0B26
0879
05C2
0302
003A
FD6C
FA9B
F7C7
F4F3
F21F
EF4F
EC84
E9BF
E702
E450
E1A8
DF0E
DC84
DA09
D7A1
D54D
D30E
D0E5
CED5
CCDE
CB01
C941
C79E
C619
C4B4
C36E
C24A
C148
C068
BFAC
BF13
BE9F
BE50
BE26
BE20
BE41
BE87
BEF2
BF82
C037
C111
C210
C332
C477
C5DF
C769
C914
CADF
CCC9
CED1
D0F6
D337
D592
D807
DA93
DD36
DFEE
E2B9
E595
E882
EB7D
EE85
F199
F4B5
F7D8
FB01
FE2D
015C
048B
07B8
0AE2
0E07
1125
143B
1747
1A46
1D38
201B
22ED
25AE
285A
2AF2
2D73
2FDD
322E
3465
3682
3882
3A66
3C2C
3DD4
3F5D
40C6
4210
4338
4440
4526
45EB
468E
4710
4771
47B1
47D0
47CF
47AF
476F
4711
4694
45FB
4546
4474
4389
4284
4167
4032
3EE8
3D88
3C15
3A90
38F9
3753
359E
33DC
320F
3037
2E57
2C6E
2A80
288C
2696
249C
22A2
20A8
1EB0
1CBB
1AC9
18DC
16F6
1516
133F
1170
0FAB
0DF1
0C42
0A9F
0909
0780
0604
0497
0338
01E7
00A6
FF73
FE50
FD3C
FC38
FB42
FA5B
F983
F8BA
F7FF
F752
F6B2
F620
F599
F51F
F4B1
F44D
F3F3
F3A2
F35B
F31C
F2E4
F2B2
F287
F260
F23E
F220
F204
F1EB
F1D2
F1BB
F1A3
F18B
F171
F155
F137
F115
F0EF
F0C5
F096
F062
F029
EFE9
EFA3
EF57
EF04
EEAA
EE49
EDE2
ED73
ECFE
EC82
EBFF
EB76
EAE7
EA52
E9B7
E918
E874
E7CC
E720
E672
E5C1
E50E
E45B
E3A7
E2F4
E242
E192
E0E5
E03B
DF96
DEF6
DE5C
DDC9
DD3F
DCBC
DC44
DBD5
DB71
DB19
DACD
DA8E
DA5D
DA3A
DA26
DA22
DA2D
DA49
DA75
DAB3
DB02
DB63
DBD6
DC5A
DCF1
DD9A
DE54
DF21
DFFF
E0EF
E1F1
E303
E426
E558
E69A
E7EB
E94B
EAB8
EC32
EDB9
EF4B
F0E7
F28D
F43C
F5F2
F7AF
F971
FB38
FD03
FED0
009D
026B
0438
0603
07CA
098C
0B49
0CFE
0EAC
1051
11EB
137B
14FE
1673
17DB
1934
1A7A
1BB0
1CD5
1DE7
1EE7
1FD3
20AC
2170
221F
22BA
233F
23AF
2409
244D
247C
2495
2499
2487
2460
2425
23D6
2372
22FC
2273
21D8
212C
2070
1FA4
1EC9
1DE1
1CEC
1BEB
1AE0
19CB
18AD
1788
165D
152D
13F9
12C3
118C
1054
0F1E
0DEA
0CBA
0B8F
0A6A
094B
0836
0729
0627
0530
0446
0369
029A
01DA
012B
008B
FFFD
FF81
FF17
FEBF
FE7B
FE4A
FE30
FE29
FE36
FE56
FE8B
FED4
FF30
FFA0
0022
00B8
015F
0219
02E3
03BF
04AA
05A4
06AD
07C3
08E6
0A15
0B4E
0C92
0DDD
0F31
108A
11E9
134D
14B3
161B
1783
18EB
1A52
1BB5
1D13
1E6D
1FC0
210B
224D
2385
24B2
25D3
26E8
27EE
28E5
29CD
2AA5
2B6B
2C1F
2CC1
2D51
2DCC
2E34
2E88
2EC7
2EF1
2F07
2F08
2EF4
2ECB
2E8D
2E3A
2DD4
2D59
2CCB
2C28
2B73
2AAB
29D3
28EA
27F1
26EA
25D4
24B1
2381
2246
2101
1FB2
1E5A
1CFB
1B96
1A2B
18BC
174A
15D5
1460
12EB
1176
1004
0E95
0D2B
0BC5
0A66
090D
07BD
0676
0538
0405
02DD
01C2
00B3
FFB2
FEBE
FDD9
FD03
FC3C
FB85
FADD
FA45
F9BE
F946
F8DF
F887
F840
F808
F7E0
F7C7
F7BC
F7C0
F7D2
F7F2
F81E
F856
F89A
F8E9
F942
F9A4
FA0F
FA82
FAFD
FB7E
FC04
FC8F
FD1D
FDAE
FE40
FED3
FF66
FFF9
0089
0116
01A0
0226
02A6
0321
0394
0401
0465
04C0
0513
055B
0599
05CC
05F4
0611
0622
0627
061F
060C
05EC
05BF
0587
0542
04F1
0495
042C
03B8
033A
02B0
021D
017F
00D9
002A
FF74
FEB6
FDF1
FD27
FC58
FB85
FAAF
F9D6
F8FC
F820
F745
F66B
F593
F4BE
F3EC
F31F
F258
F197
F0DD
F02B
EF83
EEE5
EE50
EDC7
ED49
ECD8
EC73
EC1C
EBD3
EB98
EB6B
EB4E
EB40
EB42
EB54
EB75
EBA7
EBE9
EC3B
EC9C
ED0E
ED8F
EE20
EEBF
EF6E
F02A
F0F5
F1CC
F2B0
F3A1
F49C
F5A3
F6B4
F7CE
F8F1
FA1B
FB4B
FC81
FDBC
FEFA
003C
017F
02C3
0406
0549
068A
07C7
0901
0A35
0B64
0C8B
0DAB
0EC2
0FD0
10D4
11CC
12B9
139A
146D
1532
15EA
1692
172B
17B5
182D
1896
18EE
1935
196B
1991
19A5
19A9
199B
197D
194F
1910
18C2
1863
17F6
177A
16F0
1658
15B3
1502
1445
137D
12AB
11D0
10EC
1000
0F0D
0E14
0D17
0C15
0B0F
0A08
08FE
07F3
06EA
05E1
04DB
03D9
02DA
01E1
00EE
0001
FF1C
FE3F
FD6C
FCA2
FBE2
FB2D
FA84
F9E7
F956
F8D2
F85C
F7F3
F797
F74A
F70C
F6DB
F6B9
F6A5
F69F
F6A8
F6BE
F6E3
F714
F752
F79E
F7F5
F858
F8C7
F941
F9C4
FA51
FAE7
FB86
FC2B
FCD8
FD8A
FE41
FEFD
FFBC
007E
0142
0206
02CB
038E
0450
050F
05CB
0683
0735
07E2
0888
0926
09BC
0A4A
0ACD
0B45
0BB3
0C16
0C6D
0CB7
0CF4
0D24
0D47
0D5B
0D61
0D59
0D42
0D1C
0CE7
0CA4
0C51
0BF0
0B80
0B01
0A74
09D9
0930
087A
07B6
06E7
060B
0523
0431
0334
022E
011E
0006
FEE6
FDBF
FC93
FB61
FA2B
F8F1
F7B4
F676
F537
F3F7
F2B8
F17A
F03E
EF06
EDD1
ECA0
EB75
EA50
E931
E81A
E70B
E605
E508
E415
E32C
E24E
E17B
E0B4
DFF9
DF4B
DEA9
DE15
DD8D
DD14
DCA8
DC49
DBF9
DBB6
DB82
DB5B
DB42
DB36
DB38
DB47
DB63
DB8C
DBC1
DC03
DC4F
DCA8
DD0B
DD78
DDF0
DE71
DEFA
DF8C
E026
E0C7
E16F
E21D
E2D0
E388
E445
E504
E5C7
E68C
E752
E81A
E8E3
E9AB
EA73
EB3A
EBFF
ECC3
ED83
EE41
EEFB
EFB2
F064
F111
F1BA
F25D
F2FB
F393
F425
F4B0
F536
F5B4
F62C
F69E
F708
F76C
F7C8
F81E
F86E
F8B6
F8F8
F933
F968
F997
F9C0
F9E3
FA01
FA19
FA2C
FA3A
FA44
FA49
FA4A
FA48
FA42
FA39
FA2D
FA1E
FA0E
F9FB
F9E7
F9D1
F9BB
F9A3
F98C
F974
F95C
F945
F92E
F918
F903
F8F1
F8E0
F8D1
F8C4
F8B9
F8AF
F8A9
F8A4
F8A2
F8A3
F8A6
F8AB
F8B4
F8BF
F8CC
F8DC
F8EF
F905
F91D
F937
F954
F973
F994
F9B7
F9DC
FA03
FA2C
FA56
FA82
FAAF
FADD
FB0D
FB3E
FB70
FBA3
FBD6
FC0A
FC3E
FC73
FCA7
FCDB
FD0F
FD43
FD76
FDA9
FDDB
FE0D
FE3E
FE6E
FE9E
FECC
FEFB
FF28
FF55
FF80
FFAC
FFD6
0000
0029
0052
007B
00A3
00CA
00F2
0119
0141
0168
0190
01B9
01E2
020C
0236
0261
028E
02BB
02EA
031A
034C
037F
03B3
03E9
0420
0459
0494
04D1
050F
054F
0590
05D3
0618
065E
06A5
06EE
0737
0782
07CE
0819
0865
08B2
08FF
094B
0998
09E4
0A2F
0A79
0AC2
0B0A
0B50
0B94
0BD5
0C15
0C51
0C8A
0CC0
0CF2
0D20
0D49
0D6E
0D8E
0DA9
0DBF
0DCF
0DD8
0DDC
0DD9
0DD0
0DC0
0DA8
0D89
0D63
0D35
0D00
0CC3
0C7E
0C31
0BDC
0B7F
0B1B
0AAF
0A3B
09BF
093C
08B2
0820
0788
06E9
0644
0598
04E7
0430
0374
02B4
01EF
0126
005A
FF8B
FEBA
FDE6
FD11
FC3B
FB65
FA8E
F9B8
F8E4
F811
F741
F674
F5AA
F4E4
F423
F367
F2B1
F201
F157
F0B5
F01B
EF89
EEFF
EE7F
EE08
ED9B
ED38
ECE0
EC93
EC50
EC1A
EBEE
EBCF
EBBC
EBB5
EBBA
EBCB
EBE8
EC12
EC47
EC89
ECD7
ED31
ED97
EE08
EE84
EF0C
EF9E
F03B
F0E2
F193
F24D
F30F
F3DB
F4AE
F588
F669
F750
F83E
F930
FA26
FB21
FC1F
FD1F
FE21
FF24
0028
012C
022F
0330
042F
052A
0623
0716
0805
08EF
09D2
0AAE
0B84
0C51
0D17
0DD3
0E87
0F31
0FD0
1066
10F0
1170
11E4
124D
12AA
12FB
133F
1378
13A4
13C4
13D7
13DE
13D8
13C6
13A7
137D
1346
1304
12B6
125C
11F7
1187
110C
1087
0FF8
0F5F
0EBD
0E13
0D60
0CA4
0BE2
0B18
0A48
0972
0896
07B5
06D0
05E7
04FA
0409
0317
0222
012C
0034
FF3C
FE44
FD4C
FC55
FB5F
FA6B
F978
F888
F79B
F6B1
F5CA
F4E7
F408
F32D
F257
F186
F0B9
EFF2
EF31
EE75
EDBF
ED0F
EC65
EBC1
EB23
EA8C
E9FB
E970
E8EC
E86E
E7F6
E785
E71A
E6B6
E657
E5FF
E5AC
E55F
E518
E4D7
E49C
E466
E436
E40C
E3E6
E3C6
E3AB
E396
E385
E37A
E373
E371
E374
E37C
E388
E39A
E3AF
E3CA
E3E9
E40D
E435
E462
E494
E4CA
E505
E544
E588
E5D1
E61E
E670
E6C7
E723
E783
E7E9
E853
E8C2
E937
E9B1
EA2F
EAB3
EB3C
EBCB
EC5E
ECF7
ED95
EE38
EEE1
EF8E
F041
F0F9
F1B6
F278
F33E
F40A
F4DA
F5AE
F687
F764
F844
F929
FA12
FAFE
FBED
FCDE
FDD2
FEC8
FFC0
00B9
01B4
02AE
03AA
04A4
059F
0698
0790
0886
0979
0A6A
0B57
0C40
0D25
0E05
0EE0
0FB5
1084
114C
120D
12C6
1378
1420
14C0
1558
15E5
1669
16E2
1751
17B5
180E
185B
189D
18D3
18FD
191B
192D
1933
192C
191A
18FB
18D0
1899
1856
1807
17AD
1747
16D7
165C
15D7
1548
14B0
140E
1364
12B3
11F9
1139
1073
0FA7
0ED6
0E01
0D28
0C4C
0B6F
0A8F
09B0
08D0
07F1
0714
0639
0561
048D
03BD
02F3
022F
0172
00BC
000E
FF69
FECE
FE3D
FDB6
FD3B
FCCC
FC69
FC13
FBC9
FB8E
FB62
FB43
FB34
FB33
FB42
FB60
FB8C
FBC9
FC14
FC6F
FCD9
FD52
FDDA
FE70
FF14
FFC7
0087
0154
022E
0314
0406
0502
0609
071A
0834
0956
0A80
0BB0
0CE7
0E22
0F62
10A6
11EE
1338
1483
15CE
1718
1860
19A6
1AE8
1C25
1D5C
1E8E
1FB8
20DA
21F3
2303
2408
2501
25EF
26D1
27A5
286B
2923
29CC
2A66
2AF0
2B6A
2BD3
2C2B
2C73
2CA9
2CCE
2CE1
2CE5
2CD7
2CB7
2C87
2C46
2BF4
2B92
2B20
2A9E
2A0D
296D
28BF
2803
273A
2665
2584
2498
23A1
22A1
2199
2088
1F70
1E52
1D2F
1C07
1ADC
19AE
187E
174E
161D
14EE
13C1
1295
116E
104A
0F2D
0E16
0D06
0BFD
0AFE
0A08
091C
083A
0765
069B
05DD
052D
048A
03F5
036E
02F5
028C
0231
01E5
01A9
017B
015E
014F
014F
015E
017C
01A9
01E3
022C
0281
02E2
0351
03CA
0450
04E0
057A
061D
06C9
077D
0839
08FA
09C2
0A8E
0B5F
0C32
0D08
0DE0
0EB8
0F8F
1066
113B
120D
12DB
13A5
146A
1528
15E0
1690
1737
17D6
186B
18F6
1976
19EA
1A52
1AAE
1AFC
1B3D
1B6F
1B94
1BA9
1BB0
1BA8
1B91
1B6A
1B34
1AEF
1A9A
1A37
19C4
1942
18B1
1812
1765
16AB
15E2
150D
142C
133F
1246
1142
1035
0F1E
0DFF
0CD8
0BAA
0A75
093B
07FA
06B6
056E
0422
02D5
0186
0037
FEE8
FD9B
FC4F
FB05
F9BF
F87D
F740
F609
F4D8
F3AE
F28B
F171
F05F
EF57
EE59
ED65
EC7C
EB9E
EACC
EA06
E94D
E8A0
E801
E76F
E6EA
E672
E607
E5AB
E55B
E519
E4E5
E4BD
E4A3
E496
E495
E4A1
E4B8
E4DC
E50B
E544
E589
E5D7
E62F
E690
E6FA
E76B
E7E4
E864
E8EA
E976
EA07
EA9C
EB34
EBCF
EC6C
ED0C
EDAC
EE4D
EEED
EF8D
F02B
F0C7
F161
F1F7
F289
F316
F39E
F421
F49D
F513
F581
F5E8
F646
F69C
F6E9
F72D
F767
F798
F7BE
F7DA
F7EB
F7F1
F7EC
F7DD
F7C1
F799
F767
F729
F6E0
F68C
F62D
F5C3
F54E
F4CF
F445
F3B1
F313
F26C
F1BB
F101
F03E
EF74
EEA1
EDC7
ECE5
EBFD
EB0F
EA1C
E923
E825
E723
E61D
E514
E408
E2FB
E1EB
E0DA
DFC9
DEB7
DDA7
DC97
DB88
DA7C
D972
D86C
D769
D66B
D571
D47C
D38E
D2A5
D1C3
D0E9
D016
CF4B
CE88
CDCE
CD1E
CC78
CBDB
CB49
CAC1
CA45
C9D4
C96E
C914
C8C7
C886
C851
C829
C80E
C800
C800
C80D
C827
C84F
C884
C8C7
C918
C976
C9E2
CA5B
CAE1
CB75
CC16
CCC5
CD80
CE48
CF1C
CFFD
D0EA
D1E3
D2E7
D3F7
D512
D638
D768
D8A2
D9E6
DB34
DC8A
DDEA
DF52
E0C2
E239
E3B8
E53D
E6C8
E85A
E9F0
EB8B
ED2A
EECC
F072
F21A
F3C4
F56F
F71B
F8C6
FA72
FC1C
FDC4
FF6A
010D
02AD
0449
05DF
0771
08FC
0A81
0BFF
0D76
0EE5
104C
11A9
12FD
1447
1586
16BB
17E4
1901
1A11
1B15
1C0B
1CF4
1DCF
1E9B
1F59
2009
20A9
2139
21BA
222B
228C
22DD
231E
234F
236F
237F
237F
236E
234D
231C
22DB
228B
222B
21BC
213E
20B1
2016
1F6C
1EB5
1DF0
1D1F
1C40
1B56
1A60
195F
1853
173D
161E
14F6
13C5
128D
114D
1007
0EBC
0D6B
0C16
0ABD
0961
0802
06A2
0541
03DF
027D
011C
FFBC
FE5F
FD05
FBAE
FA5C
F90F
F7C7
F686
F54B
F417
F2EB
F1C8
F0AD
EF9C
EE94
ED97
ECA4
EBBC
EADF
EA0E
E948
E88F
E7E2
E741
E6AD
E626
E5AB
E53E
E4DE
E48A
E444
E409
E3DB
E3BA
E3A5
E39C
E3A0
E3B0
E3CC
E3F4
E427
E465
E4AE
E501
E55E
E5C5
E635
E6AF
E730
E7BA
E84C
E8E5
E985
EA2B
EAD7
EB89
EC40
ECFB
EDBA
EE7D
EF44
F00D
F0D8
F1A5
F273
F342
F412
F4E1
F5B1
F67F
F74D
F819
F8E3
F9AC
FA72
FB35
FBF6
FCB3
FD6E
FE24
FED7
FF86
0031
00D8
017B
021A
02B3
0349
03DA
0466
04EE
0572
05F1
066B
06E1
0753
07C1
082B
0891
08F2
0950
09A9
09FF
0A51
0A9F
0AEA
0B32
0B76
0BB8
0BF6
0C32
0C6B
0CA1
0CD5
0D07
0D36
0D63
0D8E
0DB7
0DDE
0E03
0E27
0E49
0E69
0E87
0EA4
0EBF
0ED8
0EF1
0F07
0F1C
0F2F
0F3F
0F4E
0F5B
0F66
0F6F
0F75
0F79
0F7A
0F78
0F73
0F6C
0F61
0F53
0F41
0F2C
0F12
0EF5
0ED4
0EAE
0E83
0E54
0E20
0DE7
0DA9
0D65
0D1C
0CCE
0C7A
0C20
0BC0
0B5A
0AEE
0A7B
0A02
0983
08FD
0870
07DD
0743
06A3
05FD
0550
049C
03E3
0324
025E
0193
00C2
FFEB
FF10
FE2F
FD49
FC5F
FB70
FA7D
F986
F88B
F78E
F68D
F58B
F486
F37F
F276
F16C
F060
EF53
EE46
ED39
EC2C
EB20
EA15
E90B
E803
E6FD
E5F9
E4F9
E3FB
E301
E20B
E119
E02C
DF44
DE61
DD83
DCAC
DBDA
DB0F
DA4A
D98C
D8D5
D825
D77C
D6DB
D642
D5B0
D526
D4A4
D42A
D3B7
D34D
D2EB
D292
D240
D1F7
D1B6
D17D
D14D
D124
D104
D0EC
D0DC
D0D4
D0D4
D0DB
D0EA
D101
D11F
D144
D171
D1A4
D1DF
D220
D268
D2B5
D309
D362
D3C2
D427
D492
D503
D579
D5F4
D674
D6FA
D784
D813
D8A7
D93F
D9DC
DA7D
DB22
DBCC
DC79
DD2B
DDE0
DE99
DF56
E017
E0DB
E1A4
E26F
E33E
E411
E4E8
E5C1
E69E
E77E
E862
E949
EA34
EB22
EC13
ED08
EE00
EEFB
EFFA
F0FB
F200
F307
F411
F51E
F62E
F73F
F854
F96A
FA83
FB9D
FCB9
FDD6
FEF5
0015
0136
0257
0378
049A
05BC
06DD
07FF
091F
0A3F
0B5D
0C79
0D92
0EAA
0FBE
10CF
11DD
12E6
13EB
14EB
15E7
16DC
17CC
18B5
1998
1A73
1B47
1C13
1CD7
1D93
1E45
1EEE
1F8D
2023
20AE
212E
21A4
220F
226E
22C2
230B
2347
2377
239B
23B3
23BD
23BB
23AD
2392
236A
2336
22F5
22A8
224E
21E9
2177
20FA
2071
1FDD
1F3F
1E95
1DE2
1D25
1C5E
1B8E
1AB5
19D5
18EC
17FD
1706
160A
1507
13FE
12F1
11DF
10CA
0FB2
0E98
0D7C
0C5E
0B41
0A23
0906
07EB
06D1
05BA
04A6
0395
0289
0182
0080
FF84
FE8E
FD9F
FCB8
FBD8
FB01
FA32
F96B
F8AE
F7FB
F751
F6B2
F61A
F58D
F50A
F492
F424
F3C1
F369
F31C
F2D9
F2A1
F274
F251
F239
F22B
F227
F22C
F23C
F254
F276
F2A1
F2D4
F30F
F351
F39B
F3EC
F443
F4A1
F504
F56C
F5D9
F64B
F6C0
F737
F7B1
F82E
F8AC
F92C
F9AD
FA2E
FAB0
FB32
FBB3
FC33
FCB2
FD2F
FDAA
FE22
FE98
FF0B
FF7B
FFE8
0051
00B6
0117
0174
01CE
0223
0273
02C0
0308
034C
038C
03C7
03FF
0434
0465
0493
04BE
04E5
050A
052D
054D
056B
0588
05A3
05BD
05D6
05EF
0608
0621
063A
0655
0670
068D
06AC
06CD
06F0
0716
073F
076C
079C
07CF
0807
0843
0884
08C9
0915
0966
09BC
0A17
0A78
0ADE
0B49
0BBA
0C30
0CAB
0D2B
0DB0
0E39
0EC8
0F5A
0FF1
108C
112A
11CB
126F
1315
13BD
1467
1512
15BE
166A
1715
17C0
1869
1910
19B5
1A57
1AF6
1B90
1C26
1CB6
1D40
1DC4
1E40
1EB4
1F21
1F84
1FDE
202F
2075
20B0
20E0
2105
211E
212A
212A
211D
2102
20DA
20A5
2062
2010
1FB1
1F44
1EC8
1E3F
1DA7
1D01
1C4D
1B8C
1ABD
19E1
18F7
1800
16FD
15ED
14D2
13AB
1279
113D
0FF7
0EA8
0D50
0BF0
0A89
091B
07A7
062E
04B1
0330
01AC
0026
FE9E
FD17
FB8F
FA09
F885
F703
F586
F40C
F298
F12B
EFC5
EE66
ED10
EBC3
EA7F
E946
E818
E6F6
E5E1
E4D8
E3DD
E2F0
E212
E143
E083
DFD4
DF35
DEA6
DE29
DDBC
DD61
DD18
DCE1
DCBC
DCA8
DCA7
DCB8
DCDA
DD0F
DD55
DDAE
DE17
DE92
DF1E
DFBB
E069
E126
E1F4
E2D1
E3BD
E4B7
E5C0
E6D6
E7FA
E92A
EA66
EBAE
ED01
EE5E
EFC6
F136
F2AF
F430
F5B9
F748
F8DE
FA79
FC1A
FDBF
FF67
0113
02C2
0473
0623
07D5
0988
0B3A
0CEC
0E9D
104D
11FA
13A5
154D
16F2
1893
1A30
1BC9
1D5D
1EEB
2074
21F8
2375
24EC
265C
27C5
2926
2A81
2BD4
2D1F
2E62
2F9D
30CF
31F9
331A
3432
3541
3647
3744
3837
3921
3A02
3AD9
3BA6
3C69
3D22
3DD1
3E76
3F11
3FA1
4026
40A1
4111
4176
41CF
421E
4261
4298
42C4
42E4
42F8
4300
42FB
42EB
42CD
42A3
426C
4228
41D9
417C
4112
409B
4016
3F84
3EE3
3E35
3D7A
3CB0
3BD8
3AF2
39FE
38FC
37EC
36CE
35A2
3468
3321
31CB
3068
2EF8
2D7B
2BF0
2A59
28B5
2706
254A
2383
21B2
1FD5
1DEE
1C00
1A08
1807
15FF
13EF
11D9
0FBC
0D99
0B72
0947
0719
04E7
02B4
0080
FE4C
FC18
F9E6
F7B5
F589
F360
F13C
EF1D
ED06
EAF6
E8EE
E6F0
E4FC
E313
E136
DF66
DDA3
DBEF
DA4C
D8B8
D735
D5C5
D466
D31A
D1E2
D0BF
CFB0
CEB6
CDD3
CD05
CC4E
CBAF
CB26
CAB5
CA5C
CA1B
C9F1
C9E0
C9E7
CA06
CA3D
CA8B
CAF1
CB6F
CC03
CCAF
CD70
CE47
CF34
D035
D14B
D275
D3B1
D500
D660
D7D1
D951
DAE0
DC7D
DE27
DFDD
E19D
E368
E53B
E716
E8F8
EADF
ECCB
EEBA
F0AB
F29D
F48F
F680
F86E
FA59
FC3F
FE20
FFFA
01CC
0396
0556
070B
08B4
0A52
0BE2
0D64
0ED7
103B
118F
12D2
1403
1523
1631
172B
1813
18E7
19A7
1A53
1AEB
1B6F
1BDE
1C39
1C80
1CB3
1CD2
1CDC
1CD4
1CB8
1C8A
1C49
1BF6
1B92
1B1E
1A99
1A03
1960
18AE
17EE
1723
164B
1569
147D
1388
128A
1185
107A
0F6A
0E55
0D3C
0C21
0B04
09E7
08C9
07AD
0693
057B
0467
0358
024E
014B
004E
FF59
FE6D
FD89
FCAF
FBE0
FB1B
FA61
F9B4
F912
F87D
F7F5
F77A
F70D
F6AD
F65C
F618
F5E2
F5BA
F5A0
F594
F596
F5A6
F5C3
F5ED
F624
F668
F6B8
F714
F77B
F7ED
F86A
F8F0
F980
FA18
FAB8
FB5F
FC0E
FCC2
FD7C
FE3B
FEFD
FFC2
0089
0152
021B
02E4
03AC
0473
0537
05F9
06B6
076F
0823
08D1
0979
0A1A
0AB2
0B43
0BCB
0C49
0CBE
0D28
0D87
0DDC
0E24
0E61
0E92
0EB7
0ECE
0ED9
0ED7
0EC7
0EAB
0E81
0E4A
0E05
0DB4
0D55
0CEA
0C71
0BEC
0B5B
0ABE
0A14
0960
08A0
07D5
0700
0621
0538
0447
034D
024A
0140
002F
FF18
FDFA
FCD7
FBAF
FA83
F953
F81F
F6E8
F5AF
F475
F33A
F1FF
F0C5
EF8C
EE54
ED1E
EBEB
EABB
E98E
E866
E742
E623
E509
E3F5
E2E6
E1DF
E0DE
DFE4
DEF1
DE06
DD22
DC47
DB73
DAA9
D9E6
D92C
D87B
D7D3
D731
D698
D608
D581
D503
D48E
D423
D3BF
D365
D313
D2CA
D288
D24F
D21E
D1F5
D1D3
D1B9
D1A5
D199
D193
D193
D19A
D1A6
D1B8
D1CF
D1EB
D20C
D231
D25B
D288
D2BA
D2EE
D325
D35F
D39B
D3DA
D41B
D45E
D4A3
D4EA
D532
D57B
D5C5
D610
D65C
D6A9
D6F6
D743
D791
D7DE
D82B
D879
D8C5
D912
D95E
D9AA
D9F5
DA3F
DA89
DAD2
DB1A
DB62
DBA9
DBEF
DC35
DC7B
DCBF
DD03
DD46
DD88
DDCA
DE0B
DE4B
DE8A
DEC9
DF08
DF46
DF84
DFC1
DFFE
E03B
E079
E0B6
E0F3
E130
E16D
E1AB
E1E9
E227
E266
E2A5
E2E5
E325
E366
E3A7
E3EA
E42E
E472
E4B8
E4FE
E545
E58C
E5D5
E61E
E668
E6B2
E6FE
E74A
E797
E7E6
E835
E885
E8D6
E928
E97B
E9CF
EA24
EA7A
EAD1
EB29
EB83
EBDD
EC39
EC95
ECF3
ED52
EDB2
EE13
EE75
EED9
EF3D
EFA2
F009
F071
F0DA
F144
F1AF
F21B
F288
F2F7
F366
F3D7
F448
F4BA
F52D
F5A2
F617
F68C
F703
F77A
F7F2
F86B
F8E4
F95E
F9D8
FA53
FACE
FB49
FBC4
FC40
FCBA
FD35
FDB0
FE2A
FEA5
FF1F
FF98
0011
0089
0101
0177
01ED
0262
02D5
0347
03B7
0426
0493
04FE
0567
05CE
0633
0695
06F4
0751
07AC
0803
0857
08A8
08F6
0941
0988
09CB
0A0C
0A48
0A81
0AB6
0AE6
0B13
0B3C
0B61
0B82
0B9E
0BB7
0BCB
0BDB
0BE7
0BEF
0BF3
0BF3
0BEF
0BE7
0BDB
0BCB
0BB7
0BA0
0B86
0B68
0B46
0B22
0AFB
0AD0
0AA3
0A74
0A42
0A0E
09D8
09A1
0967
092C
08F0
08B3
0875
0836
07F7
07B8
0778
0739
06FB
06BD
067F
0643
0608
05CF
0597
0561
052D
04FC
04CC
049F
0475
044E
042A
0408
03EA
03CF
03B6
03A1
038F
0381
0376
036F
036C
036C
0370
0378
0384
0394
03A7
03BE
03D9
03F7
0418
043D
0466
0491
04C0
04F2
0526
055D
0597
05D3
0612
0652
0694
06D8
071D
0764
07AB
07F3
083C
0885
08CE
0918
0961
09A9
09F2
0A39
0A7F
0AC5
0B09
0B4B
0B8C
0BCC
0C09
0C44
0C7D
0CB4
0CE8
0D19
0D48
0D74
0D9E
0DC4
0DE7
0E08
0E25
0E3F
0E56
0E6A
0E7D
0E8D
0E9A
0EA4
0EAA
0EAE
0EAE
0EAC
0EA6
0E9E
0E93
0E85
0E74
0E61
0E4C
0E34
0E1A
0DFD
0DDF
0DBF
0D9D
0D79
0D54
0D2E
0D06
0CDD
0CB3
0C88
0C5D
0C31
0C05
0BD8
0BAE
0B84
0B5A
0B31
0B07
0ADE
0AB6
0A8E
0A67
0A40
0A1A
09F5
09D1
09AE
098C
096B
094B
092C
090E
08F2
08D6
08BC
08A3
088A
0874
085E
0849
0835
0823
0811
0800
07F0
07E2
07D5
07C8
07BC
07B0
07A5
079A
0790
0786
077C
0772
0769
075F
0756
074C
0743
073A
0730
0726
071C
0712
0708
06FE
06F3
06E8
06DD
06D2
06C6
06BA
06AE
06A1
0694
0687
0679
066B
065C
064D
063E
062E
061D
060C
05FB
05EA
05D8
05C6
05B4
05A1
058F
057C
0569
0556
0542
052F
051B
0508
04F4
04E1
04CD
04B9
04A5
0491
047D
0469
0455
0441
042D
0419
0404
03EF
03DA
03C4
03AE
0397
037F
0367
034D
0333
0318
02FC
02DF
02C1
02A1
0280
025E
023A
0215
01EE
01C6
019C
0170
0142
0112
00E1
00AE
0079
0042
0009
FFCF
FF93
FF55
FF15
FED4
FE91
FE4C
FE06
FDBF
FD76
FD2C
FCE1
FC96
FC4A
FBFD
FBB0
FB63
FB16
FACA
FA7E
FA33
F9E9
F9A1
F95A
F916
F8D3
F893
F856
F81D
F7E7
F7B4
F785
F75B
F736
F715
F6FA
F6E5
F6D7
F6CE
F6CD
F6D2
F6DF
F6F4
F711
F735
F763
F798
F7D7
F81F
F870
F8CB
F92F
F99C
FA14
FA95
FB20
FBB5
FC53
FCFB
FDAD
FE68
FF2D
FFFA
00D0
01AE
0295
0384
047A
0578
067D
0789
089A
09B2
0ACE
0BEF
0D13
0E3C
0F66
1093
11C2
12F1
1420
154E
167B
17A5
18CC
19F0
1B0F
1C28
1D3B
1E48
1F4C
2047
2139
2221
22FD
23CD
2490
2546
25EE
2687
2711
278A
27F2
2848
288D
28BF
28DD
28E8
28DF
28C2
2890
2848
27EC
2779
26F1
2653
25A0
24D6
23F7
2302
21F7
20D7
1FA2
1E58
1CF9
1B87
1A01
1869
16BE
1502
1334
1156
0F69
0D6D
0B64
094D
072B
04FE
02C7
0087
FE40
FBF2
F99E
F747
F4EC
F290
F032
EDD6
EB7B
E924
E6D1
E483
E23D
DFFE
DDC9
DB9F
D980
D76F
D56B
D377
D193
CFC1
CE02
CC56
CABF
C93D
C7D1
C67D
C541
C41D
C312
C222
C14C
C090
BFF0
BF6C
BF04
BEB8
BE88
BE74
BE7D
BEA3
BEE5
BF43
BFBC
C052
C102
C1CD
C2B3
C3B2
C4C9
C5F9
C740
C89E
CA12
CB9B
CD39
CEE9
D0AC
D27F
D463
D655
D855
DA62
DC79
DE9B
E0C5
E2F7
E52F
E76B
E9AB
EBEE
EE31
F073
F2B4
F4F2
F72C
F960
FB8E
FDB3
FFCF
01E1
03E7
05E0
07CB
09A8
0B75
0D32
0EDE
1078
11FE
1372
14D1
161C
1751
1871
197A
1A6E
1B4A
1C10
1CBE
1D56
1DD6
1E3F
1E91
1ECD
1EF1
1F00
1EF8
1EDB
1EA8
1E61
1E05
1D96
1D14
1C80
1BDA
1B24
1A5E
1988
18A5
17B4
16B6
15AD
1499
137C
1256
1129
0FF4
0EBA
0D7C
0C3A
0AF5
09AE
0867
0721
05DB
0498
0358
021C
00E5
FFB4
FE89
FD66
FC4B
FB39
FA32
F935
F843
F75D
F683
F5B6
F4F5
F443
F39E
F307
F27F
F205
F19B
F13F
F0F2
F0B4
F086
F066
F056
F054
F061
F07C
F0A6
F0DD
F122
F174
F1D3
F23E
F2B6
F339
F3C6
F45F
F501
F5AD
F662
F71F
F7E4
F8B0
F982
FA5A
FB37
FC18
FCFD
FDE6
FED1
FFBE
00AD
019C
028C
037B
0468
0555
063F
0726
080B
08EB
09C8
0AA0
0B73
0C40
0D08
0DC9
0E84
0F38
0FE5
108A
1128
11BE
124B
12D1
134E
13C3
142F
1493
14EE
1540
158A
15CC
1604
1635
165D
167D
1695
16A5
16AE
16AE
16A7
1699
1684
1669
1646
161D
15EE
15BA
157F
153F
14F9
14AE
145E
1409
13B0
1353
12F2
128D
1225
11BA
114B
10DA
1066
0FEF
0F77
0EFC
0E7F
0E00
0D80
0CFE
0C7B
0BF7
0B71
0AEB
0A63
09DB
0952
08C9
083F
07B4
0729
069E
0611
0584
04F7
046A
03DD
0351
02C4
0238
01AC
0120
0095
000B
FF81
FEF8
FE70
FDE9
FD62
FCDD
FC59
FBD7
FB56
FAD7
FA59
F9DE
F964
F8ED
F878
F806
F797
F72B
F6C2
F65D
F5FB
F59D
F544
F4EF
F49E
F453
F40D
F3CC
F391
F35D
F32E
F306
F2E4
F2C9
F2B5
F2A9
F2A4
F2A6
F2B1
F2C3
F2DE
F301
F32C
F35F
F39B
F3E0
F42D
F483
F4E2
F54A
F5BA
F633
F6B6
F741
F7D5
F871
F916
F9C1
FA75
FB30
FBF1
FCBA
FD89
FE5E
FF3A
001A
0100
01EA
02D8
03CA
04C0
05B8
06B2
07AE
08AB
09A9
0AA7
0BA4
0CA0
0D9A
0E92
0F87
1079
1166
1250
1334
1412
14EA
15BA
1681
1740
17F6
18A2
1944
19DB
1A66
1AE6
1B59
1BC0
1C1A
1C66
1CA5
1CD5
1CF7
1D0A
1D0F
1D05
1CEB
1CC2
1C8A
1C43
1BEC
1B86
1B11
1A8C
19F8
1956
18A5
17E5
1718
163C
1553
145E
135B
124D
1133
100D
0EDD
0DA3
0C60
0B14
09BF
0864
0701
0598
042A
02B8
0141
FFC7
FE4B
FCCE
FB50
F9D1
F854
F6D8
F55F
F3E9
F277
F109
EFA2
EE40
ECE6
EB94
EA4A
E90A
E7D3
E6A7
E586
E471
E367
E26B
E17B
E099
DFC5
DEFF
DE48
DDA0
DD07
DC7D
DC03
DB99
DB3F
DAF4
DABA
DA8F
DA74
DA6A
DA6F
DA83
DAA8
DADC
DB1F
DB71
DBD2
DC41
DCBE
DD48
DDDF
DE83
DF33
DFEF
E0B6
E188
E264
E349
E438
E52F
E62E
E734
E841
E955
EA6E
EB8C
ECAE
EDD4
EEFD
F029
F157
F286
F3B6
F4E7
F617
F746
F874
F9A0
FAC9
FBF0
FD14
FE33
FF4F
0067
017A
0287
038F
0492
058F
0685
0776
085F
0942
0A1F
0AF4
0BC2
0C89
0D49
0E02
0EB4
0F5E
1001
109E
1133
11C1
1248
12C8
1341
13B3
141E
1483
14E2
153A
158D
15DA
1622
1664
16A2
16DA
170D
173C
1766
178B
17AD
17CB
17E4
17FA
180C
181B
1826
182E
1833
1835
1834
1830
1828
181E
1811
1802
17EF
17D9
17C0
17A5
1787
1766
1742
171B
16F1
16C4
1693
165F
1628
15ED
15AF
156D
1526
14DC
148E
143B
13E4
1388
1328
12C3
1259
11EB
1177
10FF
1081
0FFE
0F76
0EE9
0E57
0DBF
0D23
0C82
0BDB
0B30
0A7F
09CA
0911
0853
0790
06CA
05FF
0531
045F
038A
02B3
01D8
00FB
001C
FF3B
FE59
FD76
FC93
FBAE
FACB
F9E7
F905
F824
F744
F667
F58D
F4B5
F3E1
F311
F246
F17F
F0BD
F001
EF4B
EE9B
EDF3
ED52
ECB8
EC27
EB9D
EB1D
EAA6
EA38
E9D4
E97A
E92A
E8E4
E8A9
E879
E854
E839
E82A
E826
E82D
E83F
E85C
E884
E8B8
E8F6
E93E
E991
E9EE
EA56
EAC6
EB40
EBC4
EC4F
ECE3
ED7F
EE22
EECD
EF7D
F033
F0EF
F1B0
F275
F33E
F409
F4D8
F5A8
F679
F74B
F81D
F8EE
F9BE
FA8C
FB57
FC20
FCE4
FDA4
FE5E
FF13
FFC1
0069
0109
01A1
0231
02B8
0336
03A9
0413
0471
04C5
050D
0549
057A
059E
05B6
05C1
05BF
05B0
0595
056C
0537
04F4
04A5
0449
03E1
036C
02EB
025E
01C6
0121
0072
FFB8
FEF5
FE28
FD52
FC74
FB8E
FAA2
F9AE
F8B5
F7B7
F6B4
F5AD
F4A4
F398
F28A
F17C
F06E
EF60
EE54
ED4A
EC44
EB41
EA42
E949
E857
E76B
E686
E5AA
E4D7
E40E
E34F
E29A
E1F2
E155
E0C4
E041
DFCC
DF64
DF0B
DEC1
DE87
DE5B
DE40
DE35
DE3A
DE4F
DE75
DEAC
DEF3
DF4B
DFB4
E02D
E0B7
E151
E1FB
E2B5
E37E
E457
E53E
E634
E737
E848
E968
EA94
EBCB
ED0E
EE5B
EFB2
F112
F27A
F3EA
F561
F6DD
F85F
F9E6
FB6F
FCFC
FE8A
001A
01AA
0338
04C6
0651
07D9
095C
0ADB
0C54
0DC7
0F32
1095
11EF
1340
1486
15C2
16F2
1816
192E
1A38
1B34
1C21
1D00
1DCF
1E8F
1F3F
1FDE
206C
20EA
2156
21B1
21FB
2233
225A
2270
2274
2266
2248
2219
21D9
2188
2127
20B6
2036
1FA7
1F09
1E5D
1DA3
1CDB
1C06
1B25
1A39
1942
1840
1736
1623
1508
13E6
12BD
118F
105C
0F25
0DEB
0CAE
0B70
0A31
08F2
07B4
0677
053D
0406
02D2
01A4
007A
FF57
FE3B
FD26
FC19
FB14
FA19
F927
F83F
F762
F691
F5CB
F511
F464
F3C4
F331
F2AC
F234
F1CB
F16F
F121
F0E2
F0B1
F08E
F079
F073
F07A
F08F
F0B1
F0E1
F11E
F168
F1BF
F221
F28F
F308
F38C
F41A
F4B2
F554
F5FE
F6B1
F76B
F82C
F8F4
F9C1
FA93
FB6A
FC44
FD22
FE02
FEE3
FFC6
00A9
018B
026C
034C
0429
0502
05D8
06AA
0777
083E
08FE
09B9
0A6B
0B16
0BB9
0C53
0CE4
0D6B
0DE8
0E5B
0EC4
0F21
0F74
0FBB
0FF7
1028
104D
1066
1074
1076
106D
1058
1039
100E
0FD8
0F98
0F4E
0EFA
0E9C
0E35
0DC5
0D4E
0CCE
0C47
0BB9
0B25
0A8C
09ED
0949
08A2
07F8
074B
069B
05EB
0539
0487
03D6
0326
0278
01CC
0123
007E
FFDD
FF42
FEAB
FE1B
FD92
FD10
FC95
FC23
FBB9
FB59
FB02
FAB5
FA72
FA39
FA0C
F9E9
F9D2
F9C6
F9C6
F9D1
F9E9
FA0D
FA3C
FA77
FABE
FB10
FB6D
FBD4
FC47
FCC3
FD49
FDD9
FE72
FF13
FFBC
006C
0124
01E2
02A5
036D
043A
050A
05DC
06B1
0788
085F
0936
0A0C
0AE0
0BB2
0C80
0D4B
0E11
0ED2
0F8D
1040
10EC
1190
122B
12BC
1342
13BE
142E
1492
14E9
1534
1571
15A0
15C1
15D3
15D6
15CA
15B0
1585
154C
1502
14AA
1442
13CA
1343
12AE
1209
1157
1096
0FC7
0EEB
0E02
0D0D
0C0C
0B00
09E9
08C9
07A0
066E
0536
03F6
02B1
0168
001B
FECB
FD79
FC26
FAD4
F983
F834
F6E8
F5A0
F45E
F322
F1EE
F0C1
EF9E
EE85
ED77
EC76
EB81
EA99
E9C0
E8F6
E83B
E792
E6F9
E672
E5FD
E59B
E54C
E510
E4E9
E4D6
E4D7
E4EC
E516
E555
E5A8
E610
E68C
E71C
E7C1
E878
E943
EA21
EB11
EC12
ED25
EE47
EF7A
F0BB
F20A
F366
F4CE
F641
F7BF
F946
FAD5
FC6B
FE08
FFA9
014E
02F5
049E
0646
07EE
0994
0B35
0CD3
0E6A
0FFA
1182
1300
1475
15DD
1739
1887
19C7
1AF7
1C16
1D25
1E21
1F0A
1FE0
20A1
214E
21E5
2267
22D3
2329
2368
2391
23A3
239E
2382
2350
2307
22A8
2233
21A9
2109
2055
1F8D
1EB1
1DC3
1CC3
1BB2
1A90
1960
1820
16D4
157B
1417
12A9
1132
0FB3
0E2F
0CA6
0B19
0989
07F7
0666
04D6
0348
01BD
0037
FEB8
FD40
FBD0
FA6A
F90E
F7BF
F67C
F547
F420
F30A
F204
F10F
F02D
EF5D
EEA0
EDF8
ED64
ECE5
EC7A
EC26
EBE7
EBBE
EBAD
EBB2
EBCD
EBFD
EC44
EC9F
ED0F
ED93
EE2B
EED7
EF94
F064
F145
F235
F335
F443
F55E
F686
F7B8
F8F4
FA39
FB86
FCD9
FE30
FF8C
00E9
0248
03A6
0503
065D
07B2
0902
0A4C
0B8D
0CC4
0DF2
0F13
1028
112E
1226
130D
13E3
14A7
1559
15F6
1680
16F4
1752
179A
17CC
17E6
17E9
17D4
17A8
1763
1707
1693
1607
1564
14AA
13D9
12F1
11F5
10E3
0FBB
0E80
0D33
0BD3
0A63
08E2
0753
05B6
040C
0258
0099
FED1
FD02
FB2D
F954
F777
F599
F3BA
F1DC
F001
EE2A
EC59
EA8F
E8CD
E714
E567
E3C7
E234
E0B1
DF3E
DDDC
DC8E
DB53
DA2E
D91E
D825
D744
D67B
D5CB
D534
D4B8
D457
D411
D3E6
D3D7
D3E3
D40C
D450
D4B0
D52C
D5C3
D675
D741
D828
D928
DA41
DB72
DCBA
DE19
DF8E
E117
E2B3
E462
E622
E7F3
E9D3
EBC1
EDBB
EFBF
F1CE
F3E5
F602
F825
FA4C
FC76
FEA0
00CA
02F2
0517
0737
0951
0B63
0D6D
0F6C
1160
1348
1521
16EC
18A6
1A50
1BE8
1D6C
1EDD
203A
2181
22B3
23CE
24D2
25BF
2695
2753
27F9
2886
28FC
2959
299E
29CC
29E1
29E0
29C7
2998
2953
28F8
2889
2805
276E
26C5
2609
253D
2461
2376
227C
2176
2064
1F47
1E20
1CF1
1BB9
1A7E
193C
17F7
16AE
1564
1418
12CD
1183
103B
0EF7
0DB6
0C7A
0B45
0A16
08EF
07D0
06BA
05AD
04AB
03B3
02C7
01E6
0111
0049
FF8C
FEDD
FE3A
FDA4
FD1B
FC9E
FC2E
FBCA
FB74
FB29
FAEA
FAB6
FA8D
FA6D
FA57
FA4A
FA45
FA48
FA51
FA60
FA74
FA8D
FAAA
FAC9
FAEA
FB0B
FB2D
FB4F
FB6E
FB8B
FBA4
FBBA
FBCA
FBD4
FBD7
FBD3
FBC7
FBB2
FB93
FB6A
FB36
FAF6
FAAB
FA54
F9F0
F97F
F900
F875
F7DC
F735
F680
F5BD
F4ED
F40F
F323
F22B
F125
F013
EEF5
EDCB
EC95
EB56
EA0C
E8B9
E75E
E5FB
E492
E322
E1AD
E035
DEB9
DD3B
DBBC
DA3E
D8C1
D746
D5CE
D45C
D2EE
D188
D02A
CED4
CD88
CC48
CB14
C9ED
C8D4
C7CB
C6D1
C5E8
C511
C44D
C39C
C2FF
C277
C204
C1A7
C160
C130
C117
C116
C12C
C159
C19F
C1FD
C274
C302
C3A8
C465
C538
C623
C723
C839
C964
CAA3
CBF5
CD5B
CED2
D05B
D1F4
D39C
D552
D716
D8E5
DABF
DCA4
DE90
E085
E27F
E47E
E681
E886
EA8C
EC92
EE96
F098
F295
F48D
F67E
F868
FA49
FC20
FDEC
FFAB
015D
0301
0496
061A
078E
08EF
0A3E
0B7A
0CA2
0DB5
0EB3
0F9C
106F
112C
11D2
1262
12DC
133E
138A
13BF
13DD
13E6
13D8
13B4
137B
132D
12CA
1254
11CB
112F
1081
0FC3
0EF4
0E16
0D2A
0C30
0B2A
0A18
08FB
07D4
06A5
056E
0431
02EE
01A6
005B
FF0E
FDBF
FC70
FB21
F9D4
F889
F742
F5FF
F4C1
F38A
F25A
F132
F012
EEFB
EDEE
ECEB
EBF3
EB05
EA24
E94F
E886
E7C9
E71A
E678
E5E3
E55C
E4E2
E476
E417
E3C6
E381
E34A
E31F
E301
E2EF
E2E8
E2ED
E2FD
E317
E33B
E368
E39D
E3DC
E422
E46F
E4C2
E51A
E578
E5D9
E63D
E6A4
E70D
E777
E7E2
E84C
E8B6
E91E
E984
E9E7
EA47
EAA3
EAFA
EB4D
EB9A
EBE1
EC21
EC5C
EC8E
ECBA
ECDE
ECFA
ED0E
ED19
ED1D
ED17
ED08
ECF1
ECD2
ECAA
EC7A
EC43
EC03
EBBC
EB6E
EB19
EABD
EA5A
E9F2
E984
E912
E89A
E81F
E79F
E71D
E698
E611
E588
E4FF
E475
E3EB
E362
E2DA
E254
E1D1
E150
E0D3
E059
DFE3
DF73
DF08
DEA3
DE44
DDEC
DD9C
DD53
DD12
DCD9
DCA9
DC81
DC62
DC4C
DC40
DC3D
DC43
DC52
DC6A
DC8C
DCB7
DCEB
DD28
DD6D
DDBB
DE10
DE6E
DED3
DF3F
DFB2
E02B
E0A9
E12D
E1B6
E243
E2D3
E368
E3FE
E497
E532
E5CE
E66A
E706
E7A1
E83C
E8D4
E96B
E9FE
EA8E
EB1A
EBA2
EC24
ECA2
ED19
ED8B
EDF6
EE5A
EEB6
EF0B
EF58
EF9D
EFD9
F00D
F039
F05C
F077
F088
F090
F08F
F086
F074
F059
F035
F009
EFD5
EF99
EF56
EF0B
EEB9
EE61
EE03
ED9E
ED35
ECC7
EC54
EBDE
EB64
EAE7
EA69
E9E8
E967
E8E5
E863
E7E2
E763
E6E7
E66F
E5F9
E587
E519
E4B0
E44C
E3EE
E396
E345
E2FB
E2B9
E27E
E24D
E223
E203
E1ED
E1DF
E1DC
E1E3
E1F4
E20F
E234
E264
E29F
E2E4
E334
E38E
E3F2
E460
E4D8
E55A
E5E8
E680
E720
E7C9
E87A
E933
E9F3
EABA
EB87
EC5B
ED34
EE11
EEF4
EFDA
F0C3
F1AF
F29E
F38E
F480
F572
F664
F755
F845
F934
FA20
FB0A
FBF0
FCD2
FDB0
FE89
FF5D
002B
00F4
01B7
0272
0326
03D3
0477
0513
05A6
0631
06B2
072A
0799
07FE
0859
08AB
08F2
0930
0964
098F
09AF
09C7
09D4
09D8
09D3
09C5
09AF
098F
0968
0939
0901
08C3
087E
0831
07DF
0787
0729
06C6
065F
05F3
0583
0510
049A
0422
03A7
032B
02AD
022E
01AE
012F
00AF
0030
FFB2
FF35
FEBA
FE40
FDC9
FD54
FCE1
FC72
FC06
FB9D
FB38
FAD6
FA79
FA20
F9CB
F97B
F92F
F8E7
F8A5
F866
F82D
F7F8
F7C8
F79D
F777
F755
F738
F720
F70C
F6FC
F6F1
F6EB
F6E8
F6EA
F6F0
F6FA
F707
F718
F72D
F745
F761
F780
F7A2
F7C6
F7EE
F81A
F847
F878
F8AA
F8DF
F916
F94F
F98A
F9C7
FA06
FA46
FA88
FACC
FB11
FB58
FBA0
FBEA
FC35
FC82
FCD0
FD20
FD71
FDC4
FE18
FE6E
FEC5
FF1E
FF79
FFD5
0034
0093
00F5
015A
01C1
0229
0294
0300
036E
03DE
0450
04C4
0539
05B0
0629
06A4
071F
079D
081B
089B
091C
099E
0A20
0AA3
0B27
0BAB
0C2E
0CB2
0D34
0DB7
0E38
0EB8
0F36
0FB2
102D
10A6
111C
118F
11FE
1269
12D0
1333
1391
13E9
143C
1488
14CE
150E
1546
1577
15A1
15C2
15DB
15EB
15F2
15F0
15E4
15CF
15B0
1586
1552
1513
14CA
1475
1416
13AB
1335
12B4
1227
118F
10EB
103C
0F82
0EBC
0DEB
0D10
0C29
0B38
0A3D
0937
0829
0710
05EF
04C5
0393
0259
0118
FFD0
FE81
FD2D
FBD4
FA76
F913
F7AD
F644
F4D9
F36C
F1FE
F08F
EF21
EDB4
EC48
EADE
E977
E812
E6B2
E556
E3FF
E2AD
E162
E01D
DEE0
DDAA
DC7D
DB58
DA3D
D92B
D823
D726
D634
D54C
D471
D3A1
D2DD
D225
D17A
D0DC
D04A
CFC6
CF4E
CEE3
CE89
CE3B
CDFB
CDC7
CDA1
CD87
CD7A
CD7A
CD86
CD9D
CDC1
CDEF
CE29
CE6D
CEBC
CF15
CF77
CFE2
D056
D0D2
D156
D1E1
D272
D30A
D3A8
D44B
D4F3
D59F
D64F
D702
D7B8
D870
D92D
D9EA
DAA9
DB69
DC28
DCE7
DDA6
DE63
DF1F
DFD8
E090
E145
E1F8
E2A7
E353
E3FC
E4A0
E541
E5DE
E676
E70B
E79B
E826
E8AD
E92F
E9AD
EA26
EA9B
EB0C
EB78
EBE0
EC44
ECA3
ECFE
ED55
EDA9
EDFA
EE47
EE92
EEDA
EF1F
EF62
EFA4
EFE4
F022
F05F
F09B
F0D7
F112
F14D
F189
F1C4
F200
F23D
F27B
F2BA
F2FA
F33C
F37F
F3C4
F40B
F454
F49F
F4EC
F538
F586
F5D6
F628
F67C
F6D1
F728
F781
F7DB
F837
F893
F8F1
F94F
F9AE
FA0E
FA6D
FACD
FB2C
FB8A
FBE8
FC44
FC9F
FCF8
FD4F
FDA3
FDF5
FE44
FE8F
FED6
FF1A
FF59
FF93
FFC8
FFF7
0021
0044
0061
0078
0088
0091
0093
008E
0081
006D
0051
002D
0001
FFCD
FF91
FF4D
FF02
FEAE
FE52
FDEF
FD85
FD13
FC9A
FC1A
FB93
FB06
FA72
F9D9
F93B
F897
F7F0
F745
F695
F5E3
F52E
F476
F3BD
F302
F247
F18B
F0D0
F016
EF5D
EEA6
EDF2
ED41
EC94
EBEB
EB47
EAA9
EA10
E97F
E8F4
E871
E7F7
E785
E71C
E6BD
E668
E61E
E5DE
E5AA
E582
E566
E557
E554
E55D
E574
E597
E5C8
E606
E651
E6A9
E70F
E782
E802
E88E
E928
E9CE
EA80
EB3E
EC07
ECDC
EDBC
EEA6
EF9A
F097
F19D
F2AC
F3C2
F4DF
F603
F72D
F85C
F98F
FAC6
FC00
FD3C
FE7A
FFB8
00F6
0234
036F
04A8
05DE
070F
083B
0961
0A81
0B99
0CA9
0DAF
0EAC
0F9E
1085
1160
122D
12EE
13A0
1443
14D8
155C
15D0
1633
1685
16C5
16F3
170E
1717
170D
16EF
16BE
167A
1623
15B7
1538
14A6
13FF
1346
1279
1199
10A7
0FA1
0E8A
0D61
0C26
0ADB
097F
0813
0698
050E
0376
01D0
001E
FE60
FC97
FAC3
F8E5
F6FF
F512
F31D
F122
EF22
ED1E
EB16
E90D
E701
E4F6
E2EB
E0E2
DEDC
DCD9
DADB
D8E3
D6F1
D507
D326
D14F
CF82
CDC1
CC0C
CA65
C8CC
C743
C5C9
C460
C309
C1C4
C092
BF74
BE6C
BD79
BC9B
BBD4
BB23
BA89
BA07
B99C
B94A
B911
B8F0
B8E8
B8FA
B925
B969
B9C7
BA3F
BAD0
BB7B
BC3E
BD1C
BE12
BF21
C048
C187
C2DE
C44C
C5D2
C76D
C91E
CAE5
CCC0
CEB0
D0B4
D2CB
D4F3
D72C
D975
DBCD
DE33
E0A7
E327
E5B3
E849
EAE9
ED91
F040
F2F6
F5B2
F871
FB34
FDF9
00BF
0385
0649
090C
0BCB
0E86
113B
13EA
1691
1930
1BC5
1E50
20CF
2342
25A8
27FF
2A47
2C7E
2EA5
30BA
32BC
34AA
3685
384B
39FB
3B96
3D1A
3E87
3FDC
411A
4240
434C
4440
451B
45DC
4684
4712
4786
47E1
4822
4849
4857
484B
4826
47E8
4791
4721
469A
45FB
4544
4477
4394
429B
418E
406C
3F36
3DED
3C93
3B26
39A9
381D
3681
34D7
3320
315D
2F8E
2DB4
2BD1
29E5
27F2
25F8
23F8
21F3
1FEA
1DDE
1BD0
19C1
17B1
15A1
1393
1188
0F7F
0D7B
0B7C
0982
078F
05A3
03BF
01E4
0012
FE4A
FC8C
FAD9
F932
F797
F609
F487
F313
F1AD
F054
EF0A
EDCE
ECA1
EB82
EA73
E972
E881
E79F
E6CB
E607
E551
E4AA
E412
E388
E30B
E29D
E23C
E1E9
E1A2
E168
E13A
E118
E101
E0F5
E0F3
E0FB
E10D
E128
E14B
E176
E1A9
E1E2
E222
E268
E2B4
E304
E358
E3B0
E40C
E46B
E4CC
E530
E595
E5FB
E661
E6C8
E72E
E794
E7F9
E85C
E8BE
E91E
E97C
E9D8
EA31
EA88
EADC
EB2D
EB7A
EBC5
EC0C
EC50
EC91
ECCF
ED09
ED40
ED74
EDA5
EDD4
EDFF
EE28
EE4F
EE74
EE97
EEB7
EED7
EEF5
EF11
EF2D
EF48
EF62
EF7D
EF97
EFB2
EFCD
EFE8
F005
F023
F042
F064
F086
F0AB
F0D2
F0FC
F128
F157
F188
F1BD
F1F4
F22F
F26D
F2AD
F2F1
F339
F382
F3CE
F41E
F470
F4C6
F51E
F579
F5D6
F635
F697
F6FA
F75F
F7C5
F82D
F895
F8FD
F966
F9CF
FA37
FA9E
FB05
FB69
FBCC
FC2D
FC8A
FCE5
FD3D
FD91
FDE0
FE2C
FE72
FEB3
FEEE
FF22
FF51
FF78
FF99
FFB4
FFC6
FFD2
FFD5
FFD1
FFC5
FFB1
FF95
FF70
FF44
FF0F
FED2
FE8D
FE40
FDEB
FD8E
FD29
FCBD
FC4A
FBCF
FB4E
FAC6
FA38
F9A4
F90B
F86C
F7C9
F722
F676
F5C7
F515
F45F
F3A8
F2EF
F234
F179
F0BE
F003
EF4A
EE92
EDDC
ED29
EC7A
EBCF
EB28
EA86
E9EA
E955
E8C6
E83F
E7BF
E748
E6DA
E675
E61A
E5C8
E582
E546
E515
E4F0
E4D7
E4CA
E4C8
E4D3
E4EA
E50C
E53C
E577
E5BF
E613
E673
E6E0
E758
E7DC
E86C
E907
E9AD
EA5E
EB1A
EBDF
ECAF
ED88
EE6A
EF54
F047
F141
F242
F34A
F458
F56C
F684
F7A1
F8C2
F9E6
FB0D
FC36
FD61
FE8D
FFB9
00E4
020F
0338
0460
0584
06A6
07C3
08DC
09F1
0B00
0C09
0D0B
0E07
0EFC
0FE9
10CE
11AB
127F
134A
140C
14C4
1573
1617
16B2
1742
17C7
1843
18B4
191C
1979
19CD
1A17
1A57
1A8D
1ABA
1ADD
1AF7
1B09
1B11
1B11
1B09
1AF9
1AE0
1AC1
1A9A
1A6D
1A39
19FE
19BE
1978
192D
18DE
1889
1831
17D5
1775
1710
16A9
163F
15D3
1565
14F6
1486
1414
13A2
1330
12BD
124B
11D9
1167
10F7
1087
1018
0FAB
0F3E
0ED4
0E6A
0E03
0D9D
0D39
0CD6
0C75
0C16
0BB8
0B5C
0B02
0AA9
0A51
09FA
09A3
094E
08F9
08A4
0851
07FD
07AA
0757
0704
06B1
065E
060B
05B7
0563
050E
04B8
0462
040B
03B3
035A
0301
02A6
024B
01EE
0191
0133
00D4
0074
0014
FFB3
FF51
FEEF
FE8D
FE2B
FDC8
FD66
FD03
FCA2
FC41
FBE1
FB83
FB26
FACB
FA71
FA1B
F9C7
F976
F928
F8DE
F898
F856
F819
F7E1
F7AE
F781
F75A
F73A
F71F
F70C
F700
F6FC
F6FF
F70B
F71F
F73B
F760
F78E
F7C5
F806
F850
F8A3
F900
F968
F9D9
FA53
FAD8
FB67
FC00
FCA3
FD50
FE07
FEC7
FF91
0064
0141
0227
0315
040C
050A
0611
0720
0835
0952
0A74
0B9D
0CCB
0DFD
0F34
106E
11AD
12EE
1432
1578
16BF
1807
1950
1A98
1BE0
1D26
1E6B
1FAD
20EC
2228
2360
2494
25C2
26EB
280E
292A
2A40
2B4E
2C54
2D51
2E46
2F32
3014
30EC
31BA
327C
3334
33E1
3482
3517
35A0
361C
368C
36F0
3747
3791
37CD
37FD
3820
3835
383D
3838
3825
3806
37D9
379F
3759
3705
36A5
3638
35BF
353A
34A8
340B
3363
32AF
31F1
3128
3055
2F78
2E90
2D9F
2CA5
2BA2
2A95
2981
2864
2740
2614
24E1
23A7
2266
2120
1FD4
1E82
1D2B
1BCF
1A6F
190B
17A3
1638
14C9
1358
11E5
106F
0EF8
0D80
0C06
0A8E
0915
079D
0625
04AD
0337
01C3
0050
FEDF
FD71
FC07
FA9F
F93B
F7DC
F681
F52A
F3D9
F28E
F149
F00A
EED2
EDA1
EC78
EB57
EA3F
E92F
E828
E72B
E639
E550
E473
E3A0
E2DA
E220
E172
E0D1
E03C
DFB5
DF3C
DED1
DE74
DE26
DDE7
DDB7
DD96
DD85
DD83
DD92
DDB1
DDE1
DE20
DE71
DED2
DF44
DFC6
E05A
E0FE
E1B3
E278
E34E
E434
E52B
E631
E747
E86C
E9A0
EAE3
EC34
ED94
EF01
F07B
F202
F395
F533
F6DC
F890
FA4E
FC14
FDE2
FFB8
0195
0378
0560
074C
093C
0B2E
0D22
0F17
110B
12FF
14F1
16E0
18CB
1AB2
1C93
1E6D
203F
2209
23CA
2581
272E
28CE
2A62
2BE9
2D62
2ECC
3027
3172
32AD
33D6
34EE
35F3
36E5
37C5
3891
3949
39ED
3A7D
3AF8
3B5F
3BB1
3BEE
3C17
3C2B
3C2B
3C17
3BEF
3BB3
3B64
3B02
3A8E
3A08
3971
38C9
3811
3749
3673
358F
349D
339F
3296
3182
3064
2F3E
2E0F
2CDA
2B9F
2A5F
291B
27D4
268B
2542
23F8
22B0
216A
2027
1EE9
1DAF
1C7C
1B50
1A2C
1912
1801
16FB
1600
1511
142F
1359
1292
11D9
112F
1094
1009
0F8E
0F23
0EC9
0E7F
0E46
0E1E
0E06
0DFF
0E09
0E23
0E4C
0E86
0ECF
0F27
0F8D
1001
1083
1112
11AC
1252
1302
13BD
1480
154B
161E
16F7
17D5
18B8
199F
1A88
1B72
1C5E
1D49
1E32
1F19
1FFD
20DD
21B7
228B
2358
241D
24D8
258A
2631
26CD
275D
27DF
2854
28BA
2912
295A
2991
29B7
29CD
29D1
29C4
29A4
2973
2930
28DA
2873
27F9
276D
26CF
261F
255E
248B
23A8
22B5
21B1
209E
1F7C
1E4C
1D0E
1BC3
1A6C
1909
179C
1625
14A5
131C
118D
0FF7
0E5A
0CB9
0B14
096D
07C4
061A
0471
02CA
0124
FF82
FDE3
FC4A
FAB6
F929
F7A3
F625
F4B1
F345
F1E4
F08E
EF43
EE04
ECD1
EBAC
EA94
E989
E88D
E79F
E6BF
E5EE
E52C
E479
E3D3
E33C
E2B4
E23B
E1D0
E175
E128
E0E9
E0B8
E095
E080
E077
E07B
E08A
E0A6
E0CD
E0FE
E139
E17E
E1CC
E222
E280
E2E6
E351
E3C3
E43A
E4B6
E536
E5BA
E641
E6CA
E755
E7E0
E86B
E8F7
E982
EA0D
EA97
EB1F
EBA5
EC29
ECAB
ED2A
EDA6
EE1E
EE93
EF05
EF73
EFDD
F043
F0A6
F105
F15F
F1B7
F20A
F25B
F2A7
F2F1
F338
F37C
F3BE
F3FD
F43B
F477
F4B3
F4EE
F528
F562
F59C
F5D7
F611
F64D
F689
F6C7
F707
F749
F78D
F7D4
F81D
F86A
F8B9
F90C
F962
F9BB
FA18
FA79
FADE
FB46
FBB2
FC21
FC94
FD0A
FD83
FDFF
FE7E
FEFF
FF84
000B
0094
011E
01A8
0233
02BE
0348
03D1
0458
04DD
0560
05DF
065A
06D1
0743
07B0
0816
0876
08CE
091F
0967
09A6
09DC
0A08
0A29
0A3F
0A4B
0A4A
0A3D
0A24
09FE
09C9
0988
0938
08DB
0871
07F8
0772
06DF
063D
058F
04D3
040A
0334
0252
0164
006B
FF67
FE58
FD3F
FC1D
FAF3
F9C1
F888
F748
F603
F4BA
F36E
F21E
F0CD
EF7C
EE2A
ECDA
EB8C
EA40
E8FA
E7B9
E680
E54E
E425
E306
E1F2
E0EA
DFEF
DF02
DE24
DD55
DC97
DBEA
DB4F
DAC6
DA51
D9EF
D9A3
D96B
D948
D93B
D944
D963
D998
D9E4
DA47
DAC0
DB4F
DBF5
DCB2
DD85
DE6D
DF6B
E07D
E1A3
E2DD
E429
E587
E6F7
E876
EA05
EBA1
ED4B
EF01
F0C2
F28D
F460
F63B
F81B
FA00
FBE9
FDD3
FFBF
01A9
0392
0577
0758
0933
0B07
0CD2
0E94
104B
11F6
1394
1524
16A5
1816
1975
1AC3
1BFD
1D24
1E37
1F35
201D
20EF
21AB
2251
22DF
2357
23B7
2400
2432
244D
2452
2440
2418
23DB
2388
2322
22A7
221A
217B
20CB
2009
1F38
1E59
1D6D
1C75
1B72
1A67
1953
1839
1719
15F5
14CE
13A6
127D
1156
1032
0F12
0DF6
0CE2
0BD5
0AD2
09D8
08EA
0809
0735
0670
05BB
0516
0483
0401
0393
0338
02F0
02BD
029F
0296
02A3
02C5
02FD
034A
03AC
0424
04B1
0552
0608
06D1
07AC
089A
0999
0AA9
0BC8
0CF5
0E30
0F77
10C9
1225
138A
14F5
1666
17DC
1954
1ACE
1C47
1DBF
1F35
20A6
2211
2374
24CE
261D
275F
2894
29B9
2ACE
2BD2
2CC2
2D9D
2E64
2F13
2FAB
302B
3091
30DD
310E
3124
311D
30FB
30BB
305E
2FE4
2F4D
2E99
2DC7
2CD9
2BCF
2AA8
2967
280C
2696
2507
2360
21A1
1FCC
1DE2
1BE3
19D2
17AF
157D
133C
10EF
0E96
0C33
09C9
0758
04E3
026B
FFF2
FD7A
FB05
F894
F62A
F3C7
F16F
EF22
ECE3
EAB2
E892
E685
E48C
E2A9
E0DC
DF27
DD8C
DC0B
DAA6
D95D
D832
D726
D638
D56B
D4BD
D431
D3C6
D37C
D353
D34C
D367
D3A3
D400
D47D
D51A
D5D7
D6B2
D7AC
D8C2
D9F4
DB41
DCA7
DE26
DFBC
E167
E326
E4F7
E6D9
E8CB
EAC9
ECD4
EEE8
F104
F327
F54E
F777
F9A1
FBC9
FDEE
000E
0226
0436
063B
0834
0A1F
0BF9
0DC2
0F78
1119
12A4
1417
1572
16B3
17D8
18E1
19CD
1A99
1B47
1BD5
1C42
1C8F
1CBB
1CC6
1CAF
1C76
1C1C
1BA1
1B04
1A47
1969
186C
174F
1615
14BC
1348
11B7
100D
0E49
0C6D
0A7A
0873
0657
0429
01EB
FF9E
FD43
FADC
F86C
F5F3
F375
F0F1
EE6B
EBE4
E95D
E6D8
E458
E1DE
DF6B
DD02
DAA4
D852
D60E
D3DB
D1B8
CFA8
CDAB
CBC4
C9F3
C83A
C699
C512
C3A5
C253
C11D
C003
BF07
BE27
BD66
BCC3
BC3D
BBD7
BB90
BB66
BB5A
BB6B
BB9A
BBE6
BC4E
BCD2
BD70
BE29
BEFC
BFE7
C0EA
C203
C332
C476
C5CD
C737
C8B2
CA3C
CBD5
CD7C
CF2E
D0EB
D2B2
D480
D655
D830
DA0E
DBEF
DDD1
DFB4
E195
E374
E54F
E725
E8F6
EABF
EC81
EE39
EFE7
F18B
F322
F4AD
F62B
F79A
F8FB
FA4D
FB8E
FCC0
FDE1
FEF1
FFF0
00DD
01B9
0284
033D
03E4
047A
04FF
0572
05D5
0627
066A
069E
06C3
06D9
06E1
06DC
06C9
06AB
0680
064A
060A
05C0
056C
0510
04AC
0441
03CF
0357
02DA
0258
01D2
0148
00BB
002C
FF9B
FF09
FE76
FDE2
FD4F
FCBC
FC2A
FB99
FB0B
FA7F
F9F5
F96E
F8E9
F867
F7E8
F76B
F6F2
F67C
F609
F599
F52C
F4C2
F45B
F3F6
F394
F334
F2D6
F27A
F220
F1C7
F170
F119
F0C4
F06E
F019
EFC4
EF6F
EF19
EEC2
EE6B
EE11
EDB6
ED5A
ECFC
EC9C
EC3A
EBD7
EB71
EB09
EAA0
EA34
E9C6
E955
E8E4
E870
E7FA
E784
E70C
E692
E619
E59F
E524
E4AA
E431
E3B9
E342
E2CD
E25A
E1EB
E17F
E117
E0B3
E053
DFFA
DFA6
DF59
DF14
DED7
DEA2
DE76
DE53
DE3B
DE2D
DE2A
DE32
DE46
DE67
DE94
DECD
DF14
DF68
DFCA
E03A
E0B8
E143
E1DD
E285
E33B
E3FF
E4D1
E5B0
E69E
E798
E89F
E9B4
EAD5
EC02
ED3A
EE7C
EFC9
F120
F27F
F3E7
F556
F6CD
F849
F9CB
FB51
FCDB
FE68
FFF7
0186
0316
04A5
0633
07BE
0945
0AC8
0C45
0DBC
0F2C
1093
11F2
1346
1490
15CF
1700
1823
1939
1A40
1B37
1C1F
1CF6
1DBD
1E72
1F16
1FA8
2027
2094
20EF
2137
216D
2190
21A1
219F
218C
2166
2130
20E8
2090
2027
1FAF
1F28
1E93
1DF0
1D40
1C84
1BBD
1AE8
1A0A
1923
1834
173D
1641
153F
1439
1330
1225
1118
100B
0EFF
0DF4
0CEC
0BE7
0AE6
09EB
08F6
0807
0720
0642
056C
04A1
03DF
0328
027D
01DD
014A
00C3
0049
FFDC
FF7D
FF2B
FEE6
FEAF
FE85
FE68
FE58
FE54
FE5D
FE72
FE93
FEBF
FEF5
FF35
FF7E
FFD0
0029
008A
00F1
015D
01CE
0242
02B9
0332
03AB
0425
049C
0512
0584
05F1
0659
06BB
0718
076C
07B7
07F7
082C
0855
0871
0880
0880
0870
0852
0822
07E2
0791
072E
06B9
0632
0599
04ED
042E
035D
0279
0183
007B
FF61
FE35
FCF9
FBAB
FA4E
F8E2
F766
F5DD
F447
F2A5
F0F8
EF40
ED7E
EBB4
E9E3
E80B
E62E
E44D
E269
E084
DE9F
DCBB
DAD9
D8FB
D722
D54F
D384
D1C2
D009
CE5C
CCBC
CB29
C9A6
C832
C6CF
C57F
C442
C318
C204
C106
C01F
BF4F
BE98
BDF9
BD73
BD06
BCB3
BC7A
BC5B
BC56
BC6C
BC9B
BCE5
BD47
BDC4
BE59
BF07
BFCC
C0A9
C19D
C2A6
C3C5
C4F7
C63D
C795
C8FE
CA76
CBFE
CD94
CF35
D0E2
D299
D45B
D623
D7F2
D9C5
DB9B
DD73
DF4B
E123
E2F8
E4CA
E696
E85D
EA1B
EBD1
ED7D
EF1D
F0B2
F238
F3B1
F51A
F673
F7BB
F8F1
FA14
FB24
FC21
FD0A
FDDD
FE9D
FF47
FFDB
005B
00C6
011B
015C
0188
019F
01A3
0192
016F
0139
00F2
009A
0032
FFBA
FF35
FEA2
FE03
FD59
FCA6
FBEA
FB26
FA5C
F98E
F8BC
F7E8
F714
F640
F56D
F49F
F3D5
F310
F254
F1A0
F0F6
F057
EFC5
EF40
EECA
EE63
EE0D
EDC9
ED97
ED79
ED6F
ED7A
ED9A
EDD1
EE1E
EE82
EEFE
EF91
F03C
F100
F1DB
F2CE
F3D9
F4FC
F636
F786
F8ED
FA6A
FBFC
FDA3
FF5D
0129
0309
04F9
06F8
0907
0B22
0D4A
0F7D
11B9
13FE
1649
1899
1AEE
1D44
1F9C
21F3
2448
2699
28E5
2B2A
2D67
2F9A
31C2
33DD
35EB
37E9
39D6
3BB1
3D78
3F2C
40C9
4250
43BF
4515
4651
4772
4879
4964
4A32
4AE3
4B77
4BEE
4C46
4C80
4C9C
4C99
4C78
4C39
4BDC
4B62
4ACA
4A16
4945
4859
4752
4630
44F6
43A3
4238
40B7
3F21
3D76
3BB9
39EA
380A
361A
341C
3211
2FFC
2DDC
2BB5
2987
2753
251B
22E1
20A6
1E6C
1C33
19FD
17CC
15A1
137D
1162
0F50
0D49
0B4E
0960
0780
05B0
03EF
023F
00A1
FF15
FD9C
FC36
FAE5
F9A9
F880
F76E
F670
F589
F4B7
F3FA
F353
F2C2
F246
F1E0
F18E
F150
F126
F10F
F10B
F119
F139
F169
F1A9
F1F8
F255
F2C0
F336
F3B8
F443
F4D8
F575
F619
F6C2
F770
F822
F8D6
F98B
FA40
FAF3
FBA5
FC53
FCFD
FDA2
FE40
FED7
FF66
FFEB
0067
00D8
013D
0195
01E0
021E
024D
026D
027E
027F
026F
024F
021F
01DD
018A
0126
00B1
002B
FF93
FEEB
FE32
FD68
FC8E
FBA3
FAAA
F9A2
F88B
F767
F636
F4F8
F3AF
F25C
F0FE
EF97
EE28
ECB2
EB35
E9B3
E82D
E6A3
E517
E389
E1FB
E06E
DEE2
DD59
DBD4
DA53
D8D9
D765
D5F8
D494
D33A
D1EB
D0A8
CF70
CE45
CD27
CC17
CB17
CA25
C944
C873
C7B3
C705
C669
C5E0
C569
C505
C4B4
C477
C44D
C437
C434
C446
C46A
C4A2
C4ED
C54C
C5BD
C640
C6D5
C77C
C835
C8FD
C9D8
CAC3
CBBC
CCC3
CDD9
CEFB
D029
D162
D2A6
D3F5
D54C
D6AB
D812
D97F
DAF2
DC6A
DDE6
DF66
E0E7
E26A
E3EE
E572
E6F4
E875
E9F4
EB6F
ECE6
EE58
EFC5
F12B
F28B
F3E4
F534
F67C
F7BB
F8F1
FA1C
FB3D
FC53
FD5E
FE5E
FF51
0039
0114
01E3
02A5
035B
0404
04A0
052F
05B2
0628
0692
06EF
0740
0785
07BF
07ED
0810
0828
0835
0839
0832
0823
080A
07EA
07C1
0791
075A
071C
06D8
068F
0641
05EE
0597
053D
04E1
0481
0420
03BE
035B
02F8
0295
0232
01D1
0171
0114
00B8
0060
000B
FFB9
FF6C
FF22
FEDD
FE9D
FE62
FE2C
FDFC
FDD2
FDAD
FD8E
FD75
FD63
FD56
FD50
FD4F
FD55
FD62
FD74
FD8C
FDAA
FDCE
FDF7
FE26
FE59
FE92
FED0
FF12
FF59
FFA3
FFF2
0044
0099
00F1
014B
01A8
0206
0266
02C5
0325
0385
03E6
0447
04A8
0508
0567
05C5
0622
067E
06D7
072E
0783
07D5
0824
0870
08B9
08FE
093F
097D
09B7
09ED
0A1F
0A4D
0A77
0A9D
0ABE
0ADB
0AF4
0B09
0B1A
0B24
0B2A
0B2C
0B2B
0B26
0B1F
0B14
0B07
0AF8
0AE6
0AD2
0ABD
0AA7
0A90
0A77
0A5F
0A46
0A2E
0A17
0A00
09EA
09D7
09C5
09B5
09A8
099E
0997
0993
0993
0998
09A0
09AE
09BF
09D6
09F2
0A13
0A3A
0A66
0A99
0AD1
0B10
0B55
0BA0
0BF1
0C49
0CA7
0D0C
0D76
0DE7
0E5E
0EDA
0F5D
0FE5
1072
1105
119C
1238
12D9
137D
1425
14D1
157F
1630
16E3
1798
184F
1906
19BE
1A75
1B2C
1BE1
1C95
1D47
1DF6
1EA1
1F49
1FED
208C
2125
21B9
2246
22CC
234B
23C2
2431
2497
24F4
2548
2592
25D1
2606
262F
264E
2661
2668
2663
2652
2635
260B
25D5
2592
2543
24E7
247F
240A
2389
22FB
2262
21BD
210C
2050
1F89
1EB7
1DDB
1CF5
1C06
1B0E
1A0D
1904
17F4
16DD
15BF
149C
1373
1246
1115
0FE1
0EAA
0D73
0C3A
0B00
09C6
088D
0756
0620
04ED
03BD
0291
016A
0049
FF2D
FE18
FD09
FC03
FB05
FA0F
F923
F840
F768
F69A
F5D7
F520
F474
F3D4
F340
F2B8
F23D
F1CF
F16D
F119
F0D3
F09A
F06E
F04E
F03B
F034
F038
F049
F065
F08D
F0BF
F0FB
F142
F192
F1EC
F24E
F2B8
F32A
F3A4
F423
F4A9
F534
F5C4
F658
F6EF
F78A
F827
F8C5
F965
FA05
FAA5
FB44
FBE3
FC80
FD1B
FDB3
FE47
FED7
FF62
FFE8
0069
00E4
0158
01C6
022D
028C
02E4
0333
037B
03BB
03F2
0421
0447
0465
047B
0488
048E
048B
0480
046E
0454
0433
040C
03DE
03AB
0372
0334
02F2
02AC
0262
0216
01C8
0178
0127
00D5
0084
0034
FFE5
FF99
FF50
FF0A
FEC9
FE8C
FE55
FE25
FDFB
FDD8
FDBD
FDAB
FDA2
FDA3
FDAE
FDC3
FDE3
FE0E
FE45
FE87
FED6
FF31
FF98
000C
008D
011B
01B6
025E
0313
03D5
04A4
057F
0666
0759
0858
0963
0A78
0B97
0CC1
0DF4
0F30
1074
11BF
1312
146A
15C8
172B
1891
19FB
1B66
1CD3
1E3F
1FAA
2114
227B
23DF
253F
2699
27EE
293C
2A82
2BBF
2CF3
2E1C
2F3B
304D
3153
324B
3335
3411
34DD
3599
3644
36DE
3767
37DE
3843
3894
38D3
38FF
3918
391D
390E
38EB
38B4
3869
380B
379A
3716
367F
35D6
351B
344F
3371
3283
3185
3077
2F5B
2E31
2CFA
2BB5
2A66
290B
27A6
2638
24C1
2343
21BE
2034
1EA5
1D12
1B7D
19E6
184D
16B5
151C
1385
11F1
1061
0ED5
0D4E
0BCE
0A55
08E4
077C
061D
04C8
037E
023F
010D
FFE7
FECE
FDC3
FCC6
FBD7
FAF7
FA26
F964
F8B2
F80F
F77C
F6F8
F684
F620
F5CB
F586
F54F
F525
F509
F4FC
F4FC
F50A
F524
F54B
F57F
F5BD
F607
F65B
F6B9
F720
F78F
F806
F884
F909
F993
FA22
FAB6
FB4D
FBE7
FC83
FD20
FDBE
FE5B
FEF8
FF94
002D
00C3
0156
01E5
026D
02EF
036C
03E2
0451
04B9
0519
0571
05C0
0607
0643
0677
06A0
06C0
06D5
06DF
06E0
06D5
06C0
06A0
0676
0640
0601
05B7
0562
0503
049B
0429
03AD
0328
029A
0204
0165
00BE
0010
FF5B
FE9F
FDDE
FD16
FC49
FB78
FAA2
F9C8
F8EB
F80C
F729
F645
F560
F479
F393
F2AC
F1C5
F0E0
EFFB
EF19
EE39
ED5B
EC81
EBA9
EAD6
EA06
E93B
E875
E7B4
E6F7
E640
E58F
E4E4
E440
E3A1
E30A
E279
E1EF
E16C
E0F1
E07D
E011
DFAD
DF51
DEFC
DEB0
DE6B
DE2F
DDFC
DDD0
DDAD
DD92
DD80
DD76
DD74
DD7B
DD8A
DDA2
DDC2
DDEB
DE1C
DE54
DE96
DEDF
DF30
DF8A
DFEC
E056
E0C8
E143
E1C5
E24F
E2E1
E37C
E41E
E4C8
E579
E632
E6F4
E7BC
E88C
E964
EA43
EB29
EC17
ED0B
EE07
EF09
F013
F123
F239
F356
F478
F5A1
F6D0
F804
F93D
FA7C
FBBF
FD07
FE54
FFA4
00F9
0250
03AB
0509
0668
07CA
092D
0A92
0BF7
0D5D
0EC2
1027
118A
12EC
144C
15A9
1703
185A
19AC
1AF9
1C42
1D84
1EC1
1FF6
2124
2249
2367
247C
2587
2688
2780
286C
294E
2A24
2AEF
2BAD
2C5F
2D04
2D9B
2E26
2EA3
2F13
2F75
2FC9
300F
3047
3071
308D
309B
309C
308E
3074
304C
3018
2FD6
2F88
2F2E
2EC8
2E58
2DDD
2D58
2CCA
2C32
2B93
2AEC
2A3E
298A
28D0
2812
274F
2689
25C1
24F7
242C
2360
2296
21CD
2106
2043
1F84
1EC9
1E14
1D65
1CBE
1C1F
1B88
1AFB
1A77
19FF
1992
1931
18DE
1897
185F
1834
1818
180B
180D
181F
1840
1870
18B1
1901
1961
19D0
1A4E
1ADC
1B79
1C24
1CDD
1DA4
1E78
1F59
2046
213E
2241
234F
2465
2584
26AA
27D6
2908
2A40
2B7B
2CB9
2DFA
2F3B
307D
31BD
32FC
3437
356F
36A1
37CD
38F1
3A0E
3B21
3C2A
3D28
3E1A
3EFF
3FD6
409E
4157
4200
4298
431F
4393
43F5
4444
447F
44A4
44B5
44B1
4498
446A
4427
43CF
4361
42DF
4249
419E
40DF
400C
3F26
3E2E
3D24
3C09
3ADD
39A1
3856
36FE
3598
3426
32A8
3121
2F90
2DF8
2C58
2AB3
290A
275D
25AE
23FD
224D
209E
1EF2
1D49
1BA6
1A08
1872
16E4
155F
13E5
1276
1113
0FBE
0E77
0D3F
0C16
0AFE
09F7
0902
081E
074E
0690
05E6
0550
04CD
045E
0404
03BD
038A
036C
0360
0369
0386
03B4
03F5
0448
04AC
0520
05A3
0636
06D7
0785
083F
0905
09D5
0AAE
0B90
0C79
0D68
0E5D
0F55
1050
114D
124A
1347
1442
153A
162F
171E
1807
18EA
19C4
1A96
1B5F
1C1D
1CCF
1D75
1E0F
1E9A
1F17
1F86
1FE5
2034
2073
20A2
20C0
20CE
20CA
20B6
2091
205C
2016
1FC0
1F5A
1EE4
1E60
1DCD
1D2D
1C7F
1BC4
1AFE
1A2D
1951
186D
1780
168D
1594
1496
1393
128D
1184
107B
0F70
0E67
0D60
0C5B
0B5B
0A5F
096A
087B
0794
06B6
05E2
0518
045A
03A7
0302
0269
01DF
0163
00F6
0098
0049
000B
FFDC
FFBD
FFAF
FFB2
FFC4
FFE6
0018
0059
00A9
0107
0174
01ED
0273
0305
03A2
044A
04FA
05B4
0674
073C
0808
08D9
09AD
0A84
0B5B
0C31
0D06
0DD9
0EA7
0F70
1033
10EE
11A0
1248
12E5
1374
13F5
1468
14CB
151F
1561
1591
15AF
15B9
15AF
1591
155E
1515
14B7
1443
13BA
131A
1264
1198
10B6
0FC0
0EB4
0D94
0C5F
0B18
09BE
0852
06D6
0549
03AE
0205
0050
FE8D
FCC1
FAEC
F911
F72F
F54A
F362
F179
EF91
EDAB
EBC9
E9ED
E818
E64C
E48A
E2D5
E12D
DF95
DE0E
DC99
DB38
D9EC
D8B7
D79A
D697
D5AE
D4E1
D430
D39D
D329
D2D4
D29F
D28B
D299
D2C8
D31A
D38E
D424
D4DD
D5B8
D6B6
D7D5
D916
DA78
DBFA
DD9B
DF5B
E139
E334
E54A
E77A
E9C4
EC24
EE9C
F127
F3C6
F675
F934
FC01
FED9
01BC
04A6
0796
0A8A
0D7F
1073
1366
1654
193C
1C1C
1EF2
21BC
2478
2723
29BE
2C44
2EB6
3110
3352
357A
3786
3975
3B46
3CF7
3E88
3FF8
4145
426F
4374
4456
4512
45A9
461A
4665
468B
468B
4662
4615
45A3
450D
4454
4377
4278
4159
4019
3EBA
3D3D
3BA3
39EE
381F
3637
3439
3225
2FFD
2DC3
2B79
291F
26B9
2448
21CD
1F4B
1CC3
1A37
17A8
151A
128D
1002
0D7D
0AFF
0889
061D
03BD
0169
FF24
FCEE
FAC9
F8B6
F6B6
F4CA
F2F3
F131
EF86
EDF2
EC76
EB11
E9C5
E891
E776
E674
E58A
E4B9
E400
E360
E2D6
E264
E209
E1C3
E193
E177
E16E
E179
E196
E1C3
E200
E24C
E2A5
E30A
E37A
E3F3
E475
E4FF
E58E
E622
E6B9
E752
E7EC
E886
E91E
E9B4
EA46
EAD3
EB5A
EBDA
EC52
ECC1
ED27
ED83
EDD4
EE19
EE52
EE7F
EE9F
EEB0
EEB5
EEAB
EE94
EE70
EE3E
EDFF
EDB3
ED5B
ECF6
EC86
EC0A
EB84
EAF5
EA5D
E9BC
E914
E866
E7B3
E6FC
E642
E586
E4C9
E40C
E351
E299
E1E6
E137
E08F
DFF0
DF59
DECC
DE4B
DDD7
DD71
DD1A
DCD3
DC9D
DC79
DC68
DC6A
DC82
DCAE
DCF0
DD49
DDB9
DE3F
DEDD
DF93
E060
E145
E242
E357
E482
E5C5
E71E
E88D
EA11
EBAA
ED56
EF16
F0E7
F2C9
F4BB
F6BC
F8CB
FAE5
FD0A
FF38
016E
03AA
05EB
082E
0A73
0CB8
0EFB
113A
1374
15A6
17D0
19F0
1C03
1E09
2000
21E6
23B9
2578
2722
28B6
2A31
2B94
2CDC
2E09
2F19
300C
30E1
3196
322B
32A1
32F6
332A
333D
332F
3300
32B0
3240
31AE
30FD
302C
2F3D
2E2F
2D04
2BBC
2A59
28DC
2746
2598
23D4
21FB
200F
1E11
1C02
19E6
17BC
1588
134B
1106
0EBC
0C70
0A22
07D5
058A
0343
0103
FECA
FC9C
FA79
F864
F65D
F468
F285
F0B5
EEFB
ED58
EBCC
EA5A
E902
E7C5
E6A4
E5A1
E4BB
E3F3
E34A
E2C0
E256
E20B
E1E0
E1D4
E1E8
E21B
E270
E2E3
E374
E421
E4EB
E5CF
E6CE
E7E5
E915
EA5A
EBB5
ED23
EEA3
F034
F1D3
F37F
F537
F6F8
F8C1
FA90
FC62
FE37
000B
01DE
03AD
0577
0739
08F1
0A9F
0C3F
0DD1
0F53
10C3
1220
1368
149A
15B3
16B4
179B
1866
1915
19A7
1A1B
1A71
1AA7
1ABE
1AB4
1A8A
1A40
19D5
194A
189F
17D4
16EA
15E1
14BA
1375
1214
1097
0F00
0D4F
0B87
09A7
07B3
05A9
038D
0161
FF26
FCDE
FA8C
F82F
F5CC
F362
F0F6
EE87
EC18
E9AC
E743
E4E0
E285
E033
DDED
DBB3
D989
D76F
D567
D373
D194
CFCB
CE1A
CC83
CB05
C9A3
C85E
C736
C62C
C540
C474
C3C8
C33D
C2D2
C288
C25E
C256
C26E
C2A7
C300
C379
C410
C4C6
C59A
C68B
C797
C8BE
C9FF
CB59
CCCA
CE50
CFEB
D199
D359
D529
D706
D8F1
DAE6
DCE5
DEEB
E0F7
E306
E518
E72A
E93B
EB49
ED52
EF54
F14F
F33F
F525
F6FE
F8C9
FA84
FC2F
FDC8
FF4E
00BF
021C
0363
0493
05AC
06AC
0794
0863
0919
09B5
0A37
0AA0
0AEF
0B24
0B3F
0B42
0B2D
0AFF
0AB9
0A5D
09EA
0962
08C6
0816
0754
0680
059C
04A9
03A8
029B
0183
0061
FF37
FE06
FCCF
FB94
FA57
F918
F7DA
F69D
F564
F42F
F300
F1D8
F0B8
EFA3
EE98
ED99
ECAA
EBC9
EAF7
EA35
E984
E8E5
E858
E7DE
E778
E726
E6E8
E6BE
E6A9
E6AA
E6BF
E6E9
E727
E77B
E7E2
E85D
E8EB
E98C
EA3F
EB03
EBD8
ECBD
EDB1
EEB2
EFC0
F0DA
F1FF
F32D
F465
F5A3
F6E8
F830
F97C
FACA
FC18
FD66
FEB1
FFF9
013B
0278
03AD
04DA
05FC
0713
081E
091B
0A0A
0AE9
0BB8
0C74
0D1F
0DB6
0E3A
0EA9
0F03
0F47
0F75
0F8C
0F8D
0F76
0F47
0F00
0EA3
0E2E
0DA3
0D01
0C48
0B7A
0A97
099F
0893
0773
0640
04FC
03A6
0240
00CB
FF48
FDB8
FC1C
FA75
F8C4
F70A
F549
F382
F1B6
EFE7
EE15
EC42
EA70
E89E
E6D0
E505
E33F
E17F
DFC7
DE17
DC71
DAD6
D947
D7C5
D650
D4EA
D393
D24C
D116
CFF2
CEE0
CDE0
CCF3
CC1A
CB54
CAA2
CA04
C97B
C905
C8A4
C857
C81E
C7F9
C7E7
C7E9
C7FD
C824
C85E
C8A9
C904
C970
C9EB
CA75
CB0C
CBB1
CC61
CD1E
CDE4
CEB4
CF8D
D06E
D155
D243
D336
D42C
D526
D623
D721
D81F
D91D
DA1B
DB16
DC0F
DD04
DDF6
DEE3
DFCA
E0AC
E188
E25C
E32A
E3EF
E4AD
E563
E610
E6B5
E751
E7E4
E86E
E8EF
E967
E9D7
EA3E
EA9D
EAF3
EB42
EB8A
EBCA
EC03
EC37
EC64
EC8D
ECB0
ECD0
ECEC
ED05
ED1C
ED31
ED45
ED59
ED6E
ED83
ED99
EDB3
EDCF
EDEF
EE13
EE3C
EE6A
EE9F
EEDA
EF1C
EF66
EFB7
F011
F074
F0E0
F156
F1D5
F25E
F2F0
F38D
F434
F4E5
F5A0
F666
F735
F80D
F8F0
F9DB
FACF
FBCB
FCD0
FDDF
FEF4
0010
0132
0259
0384
04B3
05E5
0719
084E
0985
0ABB
0BF0
0D23
0E53
0F80
10A8
11CB
12E8
13FD
150A
160F
170A
17FA
18DF
19B7
1A83
1B41
1BF1
1C92
1D23
1DA5
1E17
1E79
1EC9
1F07
1F33
1F4B
1F51
1F44
1F23
1EEE
1EA6
1E4B
1DDB
1D59
1CC3
1C1A
1B5E
1A90
19B0
18BF
17BC
16A8
1585
1453
1311
11C2
1066
0EFD
0D89
0C0A
0A81
08F0
0756
05B6
0410
0265
00B7
FF05
FD53
FB9F
F9ED
F83B
F68D
F4E2
F33C
F19C
F003
EE71
ECE9
EB6A
E9F5
E88C
E730
E5E1
E4A0
E36D
E24A
E137
E035
DF44
DE65
DD99
DCDF
DC38
DBA4
DB23
DAB6
DA5D
DA18
D9E8
D9CB
D9C2
D9CE
D9ED
DA20
DA66
DABF
DB2B
DBAA
DC3A
DCDC
DD8F
DE53
DF26
E008
E0FA
E1F9
E305
E41E
E543
E672
E7AC
E8EF
EA3A
EB8D
ECE6
EE47
EFAC
F115
F282
F3F0
F560
F6D0
F840
F9AF
FB1B
FC85
FDEA
FF4B
00A6
01FB
0348
048E
05CC
0700
082B
094B
0A60
0B6A
0C67
0D58
0E3D
0F13
0FDD
1098
1145
11E3
1272
12F4
1367
13CB
141F
1465
149C
14C4
14DD
14E7
14E2
14CF
14AE
147F
1442
13F8
13A1
133D
12CD
1250
11C9
1136
1098
0FF1
0F40
0E85
0DC3
0CF8
0C25
0B4C
0A6D
0988
089D
07AF
06BC
05C6
04CD
03D2
02D5
01D7
00D9
FFDB
FEDE
FDE2
FCE8
FBF1
FAFD
FA0D
F920
F839
F757
F67A
F5A4
F4D4
F40B
F34A
F290
F1DF
F136
F096
EFFF
EF72
EEEE
EE74
EE04
ED9E
ED42
ECF1
ECA9
EC6C
EC39
EC10
EBF1
EBDD
EBD2
EBD2
EBDB
EBEE
EC0B
EC31
EC60
EC98
ECD9
ED22
ED73
EDCC
EE2C
EE93
EF01
EF76
EFF0
F06F
F0F3
F17C
F208
F298
F32B
F3C1
F459
F4F2
F58C
F626
F6BF
F757
F7ED
F882
F913
F9A1
FA2B
FAB0
FB30
FBAB
FC1F
FC8C
FCF2
FD51
FDA7
FDF4
FE38
FE73
FEA3
FECA
FEE5
FEF5
FEFA
FEF3
FEE0
FEC1
FE95
FE5F
FE1C
FDCD
FD70
FD07
FC91
FC0F
FB80
FAE4
FA3C
F988
F8C8
F7FD
F726
F644
F558
F462
F362
F258
F147
F02D
EF0B
EDE3
ECB5
EB81
EA49
E90C
E7CC
E68A
E546
E401
E2BC
E179
E037
DEF8
DDBD
DC86
DB54
DA29
D905
D7E9
D6D6
D5CC
D4CD
D3DA
D2F3
D219
D14D
D090
CFE2
CF45
CEB8
CE3C
CDD3
CD7C
CD39
CD09
CCED
CCE5
CCF2
CD14
CD4C
CD99
CDFB
CE71
CEFD
CF9F
D056
D122
D204
D2FA
D405
D524
D657
D79D
D8F6
DA60
DBDC
DD69
DF05
E0B0
E26A
E430
E603
E7E1
E9C9
EBBA
EDB3
EFB3
F1B9
F3C3
F5D0
F7DF
F9EE
FBFD
FE0A
0011
0214
0411
0607
07F4
09D7
0BB0
0D7C
0F3A
10EA
128A
141A
1597
1702
1858
199A
1AC6
1BDB
1CD9
1DBF
1E8D
1F41
1FDB
205B
20C0
210A
2139
214D
2145
2121
20E2
2087
2011
1F80
1ED5
1E0E
1D2E
1C35
1B22
19F8
18B6
175E
15F0
146D
12D7
112E
0F74
0DAA
0BD1
09EA
07F6
05F8
03EF
01DF
FFC8
FDAB
FB8B
F968
F745
F522
F301
F0E4
EECC
ECBB
EAB3
E8B4
E6C1
E4DA
E301
E137
DF7E
DDD6
DC41
DAC0
D953
D7FD
D6BE
D597
D489
D394
D2BA
D1FB
D157
D0CF
D063
D014
CFE3
CFCE
CFD7
CFFD
D041
D0A1
D11F
D1B9
D270
D342
D430
D53A
D65D
D79A
D8F0
DA5E
DBE3
DD7E
DF2E
E0F2
E2C9
E4B1
E6AA
E8B2
EAC8
ECEA
EF18
F14F
F38F
F5D5
F821
FA71
FCC4
FF18
016C
03BE
060D
0857
0A9C
0CD9
0F0E
1138
1358
156B
1771
1968
1B4F
1D25
1EEA
209B
2239
23C2
2536
2694
27DA
290A
2A21
2B21
2C07
2CD4
2D88
2E22
2EA2
2F08
2F55
2F87
2FA0
2F9F
2F85
2F52
2F06
2EA2
2E26
2D93
2CEA
2C2B
2B57
2A6E
2970
2860
273D
2609
24C4
236F
220B
209A
1F1C
1D91
1BFC
1A5D
18B6
1706
154F
1393
11D2
100D
0E46
0C7C
0AB2
08E8
0720
0559
0395
01D5
0019
FE63
FCB4
FB0C
F96B
F7D3
F644
F4BE
F343
F1D2
F06D
EF13
EDC6
EC85
EB52
EA2C
E913
E808
E70C
E61D
E53D
E46C
E3AA
E2F6
E251
E1BB
E134
E0BB
E051
DFF6
DFA9
DF6A
DF39
DF17
DF02
DEFA
DEFF
DF12
DF31
DF5D
DF96
DFDA
E02A
E085
E0EC
E15D
E1DA
E260
E2F1
E38B
E42F
E4DC
E592
E651
E718
E7E7
E8BF
E99E
EA84
EB71
EC66
ED61
EE63
EF6B
F079
F18C
F2A7
F3C6
F4EB
F615
F743
F876
F9AE
FAE9
FC29
FD6C
FEB3
FFFD
014A
029B
03EE
0543
069B
07F4
0950
0AAD
0C0B
0D6A
0ECA
102A
118A
12EA
1449
15A8
1705
1861
19BB
1B12
1C69
1DBD
1F0D
2059
21A1
22E3
2420
2558
2688
27B2
28D5
29F0
2B02
2C0C
2D0C
2E03
2EEF
2FD0
30A7
3172
3230
32E2
3388
3420
34AA
3526
3593
35F2
3642
3682
36B3
36D3
36E5
36E7
36D8
36B9
3689
3649
35F8
3595
3522
349F
340A
3365
32B0
31EA
3114
302F
2F3A
2E36
2D23
2C01
2AD2
2995
284B
26F4
2591
2423
22AA
2127
1F9B
1E05
1C67
1AC2
1916
1764
15AD
13F2
1233
1071
0EAE
0CEA
0B26
0962
079F
05DF
0422
0269
00B4
FF04
FD5B
FBB8
FA1D
F88A
F700
F57F
F408
F29C
F13C
EFE7
EE9E
ED61
EC32
EB11
E9FD
E8F7
E7FF
E716
E63B
E570
E4B3
E405
E366
E2D7
E256
E1E4
E181
E12D
E0E7
E0B0
E086
E06A
E05C
E05B
E066
E07E
E0A1
E0D0
E109
E14D
E19B
E1F2
E252
E2BA
E32A
E3A0
E41D
E49F
E527
E5B4
E645
E6D8
E76E
E806
E89F
E938
E9D2
EA6B
EB03
EB99
EC2D
ECBF
ED4D
EDD8
EE5F
EEE1
EF5F
EFD8
F04C
F0BA
F122
F185
F1E1
F236
F286
F2CF
F311
F34D
F382
F3B1
F3DA
F3FC
F419
F430
F441
F44C
F452
F454
F450
F448
F43C
F42C
F419
F403
F3EA
F3CE
F3B1
F392
F372
F351
F330
F30F
F2EE
F2CF
F2B1
F295
F27A
F263
F24F
F23D
F230
F227
F222
F222
F227
F232
F242
F259
F276
F29A
F2C4
F2F5
F32D
F36C
F3B2
F3FF
F453
F4AE
F510
F579
F5E9
F65F
F6DC
F760
F7E9
F878
F90D
F9A7
FA46
FAEA
FB92
FC3E
FCEE
FDA1
FE56
FF0F
FFC9
0084
0140
01FD
02BA
0377
0433
04ED
05A5
065B
070F
07BE
086A
0912
09B5
0A53
0AEB
0B7D
0C08
0C8D
0D0A
0D80
0DED
0E52
0EAE
0F01
0F4B
0F8B
0FC1
0FED
1010
1028
1035
1037
102E
101A
0FFB
0FD0
0F9A
0F59
0F0D
0EB5
0E52
0DE4
0D6A
0CE6
0C58
0BBF
0B1B
0A6E
09B6
08F5
082B
0758
067C
0597
04AB
03B7
02BB
01B9
00B0
FFA0
FE8C
FD72
FC54
FB30
FA09
F8DE
F7AF
F67E
F54A
F414
F2DD
F1A5
F06C
EF33
EDFA
ECC1
EB8A
EA55
E921
E7F0
E6C2
E597
E46F
E34C
E22D
E114
DFFF
DEF0
DDE7
DCE5
DBE9
DAF4
DA07
D922
D845
D771
D6A5
D5E3
D52A
D47B
D3D5
D33A
D2A9
D223
D1A8
D137
D0D2
D078
D029
CFE6
CFAF
CF83
CF64
CF50
CF49
CF4D
CF5E
CF7B
CFA4
CFD9
D01B
D069
D0C3
D129
D19A
D218
D2A1
D337
D3D8
D485
D53E
D601
D6D0
D7AA
D88E
D97D
DA76
DB78
DC84
DD98
DEB6
DFDC
E109
E23E
E37B
E4BD
E606
E755
E8A9
EA01
EB5E
ECBE
EE22
EF88
F0F0
F25A
F3C4
F52F
F69A
F804
F96C
FAD3
FC37
FD98
FEF6
004F
01A3
02F2
043A
057C
06B7
07E9
0914
0A35
0B4D
0C5B
0D5E
0E56
0F43
1023
10F8
11BF
1279
1326
13C4
1454
14D6
1549
15AE
1604
164A
1681
16A8
16BF
16C6
16BD
16A4
167C
1643
15FB
15A4
153D
14C7
1442
13AE
130C
125D
119F
10D4
0FFD
0F19
0E29
0D2F
0C29
0B19
09FF
08DD
07B2
067F
0545
0406
02C1
0177
0029
FED7
FD82
FC2B
FAD2
F978
F81F
F6C6
F56E
F419
F2C6
F177
F02C
EEE6
EDA5
EC6B
EB37
EA0B
E8E7
E7CB
E6B8
E5AF
E4AF
E3BB
E2D1
E1F2
E11F
E058
DF9D
DEEF
DE4D
DDB8
DD30
DCB6
DC48
DBE8
DB96
DB51
DB19
DAEF
DAD2
DAC2
DABF
DAC9
DADF
DB02
DB32
DB6D
DBB3
DC05
DC62
DCC9
DD3A
DDB5
DE3A
DEC7
DF5C
DFFA
E09F
E14A
E1FC
E2B4
E370
E432
E4F8
E5C1
E68E
E75D
E82E
E901
E9D5
EAAA
EB7F
EC54
ED28
EDFB
EECC
EF9B
F068
F132
F1F9
F2BD
F37C
F438
F4EF
F5A2
F650
F6F9
F79D
F83B
F8D4
F966
F9F3
FA7B
FAFD
FB79
FBEF
FC5F
FCC8
FD2C
FD89
FDE0
FE31
FE7C
FEC1
FF01
FF3A
FF6D
FF9B
FFC4
FFE7
0004
001D
0030
003F
0048
004D
004D
0049
0041
0034
0024
000F
FFF7
FFDB
FFBC
FF99
FF73
FF4A
FF1E
FEEF
FEBD
FE88
FE51
FE17
FDDA
FD9A
FD58
FD14
FCCC
FC83
FC36
FBE8
FB97
FB43
FAED
FA94
FA39
F9DB
F97B
F919
F8B3
F84C
F7E1
F775
F705
F693
F61F
F5A7
F52E
F4B1
F433
F3B2
F32F
F2A9
F222
F198
F10D
F07F
EFF0
EF60
EECE
EE3B
EDA7
ED12
EC7C
EBE6
EB50
EABA
EA24
E98E
E8F9
E866
E7D3
E742
E6B3
E626
E59C
E514
E491
E411
E395
E31C
E2A8
E237
E1CC
E165
E104
E0A8
E052
E001
DFB7
DF73
DF35
DEFF
DECF
DEA5
DE84
DE69
DE55
DE49
DE45
DE47
DE52
DE63
DE7C
DE9C
DEC4
DEF2
DF27
DF64
DFA9
DFF4
E046
E09D
E0FA
E15C
E1C3
E22F
E29F
E313
E38A
E405
E482
E501
E583
E605
E689
E70D
E791
E815
E898
E919
E999
EA16
EA91
EB09
EB7D
EBED
EC59
ECC0
ED22
ED7E
EDD5
EE26
EE71
EEB5
EEF1
EF27
EF56
EF7D
EF9D
EFB5
EFC6
EFCF
EFD0
EFCA
EFBC
EFA8
EF8C
EF69
EF40
EF10
EEDA
EE9F
EE5E
EE18
EDCE
ED80
ED2E
ECD9
EC82
EC29
EBCF
EB74
EB19
EABE
EA65
EA0E
E9B9
E967
E91A
E8D1
E88D
E84F
E818
E7E8
E7C0
E7A0
E789
E77C
E779
E780
E793
E7B0
E7DA
E810
E853
E8A2
E8FF
E969
E9E0
EA66
EAF9
EB9A
EC49
ED05
EDD0
EEA9
EF8F
F082
F182
F28F
F3A7
F4CB
F5FB
F734
F878
F9C5
FB1A
FC77
FDDB
FF46
00B5
0229
03A1
051B
0697
0814
0990
0B0B
0C83
0DF8
0F68
10D2
1236
1392
14E6
162F
176F
18A2
19C9
1AE2
1BEC
1CE6
1DD0
1EA9
1F70
2024
20C4
2151
21C8
222B
2278
22B0
22D1
22DC
22D0
22AD
2273
2223
21BB
213D
20A9
1FFF
1F3F
1E69
1D7F
1C80
1B6E
1A49
1911
17C8
166E
1505
138C
1205
1072
0ED3
0D28
0B75
09B9
07F6
062D
045F
028E
00BB
FEE8
FD15
FB44
F976
F7AD
F5EA
F42E
F27B
F0D1
EF32
ED9F
EC19
EAA2
E93A
E7E2
E69C
E568
E447
E33A
E242
E15F
E091
DFDA
DF3A
DEB0
DE3E
DDE4
DDA1
DD76
DD63
DD67
DD83
DDB6
DE00
DE61
DED7
DF63
E004
E0B9
E181
E25C
E349
E446
E553
E66E
E798
E8CE
EA0F
EB59
ECAC
EE06
EF67
F0CC
F235
F3A1
F50D
F679
F7E3
F94A
FAAC
FC09
FD5F
FEAD
FFF2
012C
025B
037C
0490
0596
068B
0770
0844
0905
09B4
0A4F
0AD6
0B48
0BA6
0BEE
0C21
0C3C
0C41
0C30
0C09
0BCC
0B79
0B11
0A94
0A02
095C
08A3
07D6
06F8
0608
0508
03F9
02DB
01AF
0077
FF33
FDE5
FC8E
FB30
F9CA
F860
F6F1
F580
F40D
F29A
F128
EFB9
EE4D
ECE7
EB86
EA2D
E8DC
E795
E659
E529
E406
E2F1
E1EB
E0F5
E010
DF3C
DE7B
DDCC
DD31
DCAA
DC37
DBD9
DB90
DB5D
DB3F
DB37
DB44
DB66
DB9E
DBEA
DC4C
DCC1
DD4B
DDE7
DE96
DF58
E02C
E10F
E202
E303
E412
E52E
E655
E786
E8C1
EA04
EB4D
EC9D
EDF0
EF47
F0A0
F1F9
F352
F4A9
F5FD
F74D
F897
F9DA
FB15
FC47
FD6F
FE8C
FF9C
009F
0194
027A
0350
0416
04C9
056B
05FA
0676
06DE
0733
0773
079F
07B6
07B9
07A7
0781
0746
06F8
0696
0620
0598
04FE
0452
0396
02C9
01EC
0102
0009
FF04
FDF4
FCD9
FBB4
FA87
F953
F818
F6D9
F596
F450
F309
F1C3
F07D
EF3A
EDFB
ECC0
EB8C
EA5F
E93B
E821
E711
E60D
E516
E42D
E352
E287
E1CD
E124
E08C
E008
DF96
DF37
DEED
DEB7
DE96
DE89
DE91
DEAE
DEE0
DF27
DF82
DFF1
E075
E10B
E1B5
E272
E340
E420
E510
E610
E71F
E83C
E966
EA9C
EBDD
ED29
EE7D
EFDA
F13D
F2A5
F412
F582
F6F5
F867
F9DA
FB4B
FCB9
FE23
FF88
00E6
023D
038B
04CF
0608
0736
0858
096C
0A73
0B6A
0C52
0D29
0DF0
0EA5
0F49
0FDA
1059
10C5
111E
1164
1197
11B7
11C4
11BF
11A7
117D
1141
10F5
1097
102A
0FAD
0F22
0E89
0DE3
0D31
0C73
0BAC
0ADB
0A03
0924
083F
0756
0669
057A
048A
039B
02AD
01C2
00DB
FFF8
FF1D
FE48
FD7C
FCBA
FC03
FB57
FAB8
FA28
F9A5
F933
F8D1
F880
F841
F815
F7FB
F7F6
F806
F82A
F864
F8B2
F916
F98F
FA1E
FAC1
FB7A
FC48
FD2B
FE22
FF2D
004C
017D
02C1
0417
057E
06F4
087A
0A0F
0BB1
0D5F
0F19
10DD
12AA
147F
165B
183C
1A22
1C0C
1DF6
1FE4
21D1
23BC
25A4
2787
2964
2B3A
2D08
2ECD
3086
3234
33D5
3567
36EB
385E
39C0
3B10
3C4D
3D76
3E8B
3F8A
4074
4148
4205
42AA
4338
43AE
440C
4452
4480
4495
4492
4478
4446
43FD
439D
4326
4298
41F5
413D
4070
3F90
3E9C
3D96
3C7E
3B56
3A1D
38D6
3781
361F
34B2
3339
31B7
302C
2E99
2D00
2B62
29BF
2819
2671
24C9
2320
2179
1FD4
1E32
1C94
1AFC
196A
17DE
165B
14E1
1371
120B
10B0
0F62
0E20
0CEB
0BC5
0AAC
09A3
08A8
07BE
06E3
0618
055E
04B5
041C
0394
031D
02B6
0260
021A
01E5
01C0
01AA
01A4
01AB
01C1
01E5
0216
0254
029F
02F5
0357
03C4
043A
04BA
0543
05D4
066C
070C
07B2
085D
090D
09C1
0A79
0B34
0BF2
0CB1
0D71
0E32
0EF2
0FB2
1071
112E
11E8
12A1
1355
1406
14B3
155C
15FF
169E
1737
17CB
1858
18DF
1960
19DA
1A4E
1ABA
1B20
1B7F
1BD6
1C27
1C70
1CB3
1CEE
1D22
1D50
1D77
1D97
1DB0
1DC3
1DD0
1DD7
1DD9
1DD4
1DCA
1DBB
1DA9
1D93
1D77
1D58
1D35
1D0E
1CE4
1CB6
1C85
1C52
1C1B
1BE3
1BA8
1B6B
1B2C
1AEB
1AA9
1A65
1A20
19D9
1991
1948
18FF
18B4
1868
181B
17CE
1780
1731
16E1
1690
163E
15ED
159C
1549
14F5
14A0
144A
13F2
139A
1340
12E4
1288
1229
11C9
1168
1105
10A0
1039
0FD0
0F66
0EF9
0E8B
0E1B
0DA8
0D34
0CBE
0C45
0BCB
0B4E
0AD0
0A50
09CE
0949
08C3
083A
07B0
0724
0697
0608
0578
04E6
0453
03BF
032A
0294
01FD
0165
00CD
0035
FF9C
FF03
FE69
FDD0
FD37
FC9E
FC05
FB6D
FAD6
FA3F
F9A8
F913
F87E
F7EA
F757
F6C5
F633
F5A2
F513
F484
F3F6
F36A
F2DE
F253
F1CA
F141
F0B8
F030
EFA9
EF22
EE9C
EE16
ED90
ED09
EC83
EBFC
EB75
EAED
EA65
E9DC
E951
E8C6
E839
E7AB
E71B
E689
E5F6
E561
E4CB
E432
E398
E2FB
E25D
E1BC
E119
E074
DFCD
DF24
DE79
DDCC
DD1D
DC6E
DBBC
DB0A
DA57
D9A3
D8EE
D83A
D786
D6D2
D61F
D56E
D4BE
D411
D366
D2BE
D21A
D17A
D0DE
D048
CFB6
CF2A
CEA6
CE28
CDB3
CD47
CCE3
CC8A
CC3B
CBF7
CBBF
CB92
CB73
CB61
CB5C
CB66
CB7F
CBA8
CBE0
CC28
CC81
CCEC
CD67
CDF5
CE94
CF46
D00B
D0E2
D1CC
D2C9
D3D9
D4FC
D630
D776
D8D0
DA3C
DBBB
DD4C
DEEF
E0A3
E269
E43F
E625
E81B
EA1F
EC32
EE52
F07E
F2B7
F4FA
F747
F99E
FBFC
FE62
00CD
033D
05B1
0828
0AA0
0D18
0F90
1205
1477
16E4
194B
1BAB
1E02
2050
2293
24CA
26F4
2910
2B1D
2D18
2F02
30D9
329D
344B
35E3
3765
38CF
3A20
3B58
3C75
3D78
3E5F
3F2A
3FD9
406A
40DF
4135
416D
4187
4183
4160
411F
40C0
4043
3FA8
3EEF
3E1A
3D27
3C18
3AED
39A7
3847
36CD
353A
338F
31CC
2FF4
2E06
2C04
29EF
27C9
2591
234B
20F6
1E94
1C27
19AF
172F
14A7
1219
0F86
0CF1
0A59
07C1
0529
0294
0003
FD77
FAF1
F874
F5FF
F395
F137
EEE5
ECA2
EA6E
E84A
E637
E437
E24A
E071
DEAD
DCFE
DB66
D9E6
D87D
D72C
D5F4
D4D5
D3CF
D2E4
D212
D15B
D0BE
D03B
CFD2
CF83
CF4F
CF34
CF32
CF4B
CF7C
CFC5
D027
D0A0
D130
D1D6
D291
D362
D446
D53D
D647
D762
D88E
D9C9
DB13
DC6A
DDCE
DF3D
E0B7
E23A
E3C6
E559
E6F2
E890
EA32
EBD7
ED7F
EF27
F0CF
F275
F41A
F5BC
F75B
F8F4
FA88
FC15
FD9A
FF18
008D
01F8
0358
04AE
05F7
0735
0866
0989
0A9F
0BA7
0CA0
0D8B
0E66
0F32
0FEE
109B
1138
11C5
1242
12AF
130C
1359
1396
13C4
13E2
13F1
13F2
13E5
13C9
139F
1369
1325
12D6
127A
1213
11A1
1125
109F
1010
0F78
0ED9
0E32
0D84
0CD0
0C17
0B59
0A97
09D1
0909
083E
0771
06A4
05D5
0507
043A
036D
02A3
01DB
0115
0054
FF96
FEDC
FE28
FD79
FCCF
FC2C
FB90
FAFA
FA6C
F9E5
F966
F8F0
F882
F81C
F7C0
F76C
F722
F6E1
F6AA
F67C
F658
F63D
F62C
F625
F627
F635
F64C
F66D
F697
F6C9
F705
F74A
F797
F7EC
F84A
F8AF
F91B
F98F
FA09
FA8A
FB12
FB9E
FC31
FCC8
FD64
FE04
FEA8
FF4F
FFF9
00A5
0154
0204
02B5
0367
0419
04CA
057B
062D
06DC
078A
0835
08DD
0981
0A21
0ABD
0B54
0BE6
0C72
0CF9
0D79
0DF3
0E65
0ED1
0F35
0F91
0FE5
1030
1073
10AE
10DF
1107
1126
113C
1148
114B
1144
1133
1118
10F4
10C6
108E
104C
1001
0FAC
0F4D
0EE5
0E74
0DFA
0D78
0CED
0C5A
0BBF
0B1C
0A73
09C3
090D
0850
078F
06C8
05FD
052D
045A
0384
02AB
01D1
00F4
0017
FF39
FE5C
FD7E
FCA2
FBC7
FAEE
FA18
F945
F875
F7AA
F6E4
F622
F567
F4B1
F402
F359
F2B8
F21E
F18C
F103
F081
F009
EF99
EF33
EED6
EE82
EE38
EDF8
EDC2
ED95
ED72
ED5A
ED4A
ED45
ED49
ED57
ED6E
ED8E
EDB7
EDEA
EE25
EE68
EEB4
EF07
EF62
EFC3
F02B
F09A
F10D
F186
F203
F285
F30A
F391
F41C
F4A7
F535
F5C2
F650
F6DE
F76A
F7F4
F87D
F902
F985
FA03
FA7E
FAF3
FB63
FBCD
FC31
FC8E
FCE5
FD34
FD7C
FDBC
FDF5
FE25
FE4D
FE6C
FE83
FE91
FE96
FE93
FE87
FE73
FE56
FE32
FE05
FDD1
FD95
FD52
FD08
FCB8
FC62
FC06
FBA5
FB40
FAD6
FA69
F9F9
F987
F913
F89E
F827
F7B1
F73B
F6C6
F654
F5E3
F576
F50D
F4A9
F44A
F3F0
F39D
F352
F30D
F2D2
F29F
F276
F256
F241
F237
F238
F244
F25D
F281
F2B2
F2F0
F33B
F392
F3F7
F46A
F4E9
F575
F60D
F6B2
F763
F820
F8E8
F9BB
FA99
FB80
FC71
FD6B
FE6D
FF76
0087
019D
02B8
03D7
04FA
0620
0747
086E
0996
0ABC
0BE0
0D00
0E1D
0F34
1044
114E
1250
1348
1437
151B
15F2
16BD
177B
1829
18C9
1958
19D6
1A43
1A9E
1AE6
1B1B
1B3D
1B4A
1B43
1B27
1AF6
1AB0
1A55
19E5
1960
18C5
1816
1753
167B
158F
1490
137F
125B
1126
0FE1
0E8C
0D28
0BB7
0A38
08AD
0717
0578
03D0
0221
006B
FEB1
FCF3
FB34
F973
F7B3
F5F5
F43A
F284
F0D4
EF2C
ED8D
EBF8
EA6F
E8F3
E785
E626
E4D8
E39D
E274
E160
E062
DF7A
DEA9
DDF0
DD50
DCCA
DC5D
DC0B
DBD4
DBB8
DBB8
DBD5
DC0D
DC61
DCD1
DD5D
DE05
DEC8
DFA6
E09E
E1B0
E2DB
E41F
E57A
E6EC
E874
EA10
EBC0
ED82
EF55
F138
F329
F528
F731
F945
FB61
FD84
FFAC
01D8
0405
0632
085E
0A86
0CAA
0EC6
10DB
12E5
14E3
16D5
18B7
1A89
1C49
1DF6
1F8E
2110
227B
23CD
2506
2624
2727
280D
28D6
2982
2A0E
2A7C
2ACA
2AF9
2B07
2AF6
2AC4
2A73
2A01
2970
28C0
27F1
2704
25F9
24D2
238E
2230
20B7
1F26
1D7C
1BBC
19E7
17FE
1603
13F6
11DB
0FB1
0D7B
0B3B
08F3
06A3
044E
01F6
FF9D
FD44
FAED
F89A
F64D
F407
F1CA
EF98
ED73
EB5B
E953
E75C
E578
E3A8
E1EE
E04A
DEBE
DD4B
DBF2
DAB4
D992
D88C
D7A4
D6DA
D62E
D5A1
D533
D4E4
D4B5
D4A6
D4B5
D4E4
D532
D59E
D628
D6D0
D794
D874
D970
DA85
DBB4
DCFA
DE58
DFCB
E153
E2EE
E49B
E658
E824
E9FD
EBE2
EDD1
EFC8
F1C7
F3CB
F5D2
F7DC
F9E5
FBEE
FDF3
FFF4
01EE
03E1
05CA
07A8
097A
0B3E
0CF2
0E97
1029
11A9
1314
146B
15AC
16D6
17E8
18E2
19C2
1A89
1B36
1BC8
1C40
1C9D
1CDE
1D04
1D0F
1CFF
1CD4
1C8E
1C2F
1BB5
1B23
1A78
19B5
18DB
17EA
16E5
15CB
149D
135E
120C
10AB
0F3A
0DBC
0C30
0A9A
08F9
0750
059E
03E7
022B
006B
FEA9
FCE5
FB22
F961
F7A2
F5E7
F431
F281
F0D9
EF39
EDA2
EC16
EA95
E920
E7B7
E65D
E511
E3D4
E2A6
E188
E07A
DF7E
DE92
DDB7
DCEE
DC36
DB8F
DAFA
DA77
DA05
D9A3
D953
D913
D8E3
D8C2
D8B1
D8AE
D8B9
D8D2
D8F8
D92A
D967
D9AF
DA00
DA5B
DABE
DB29
DB9A
DC0F
DC8A
DD08
DD8A
DE0E
DE94
DF1B
DFA1
E027
E0AC
E12F
E1AE
E22B
E2A3
E316
E385
E3EE
E451
E4AD
E502
E550
E597
E5D6
E60D
E63C
E663
E682
E699
E6A8
E6AF
E6AE
E6A6
E695
E67D
E65E
E639
E60E
E5DD
E5A6
E56C
E52C
E4E9
E4A3
E45A
E40F
E3C3
E375
E327
E2DA
E28D
E241
E1F7
E1AF
E16B
E12A
E0ED
E0B4
E080
E052
E029
E007
DFEB
DFD5
DFC7
DFC1
DFC2
DFCB
DFDC
DFF4
E015
E03D
E06D
E0A5
E0E5
E12C
E17B
E1D1
E22E
E291
E2FB
E36B
E3E1
E45B
E4DB
E55E
E5E6
E671
E6FE
E78E
E820
E8B2
E945
E9D8
EA6A
EAFB
EB89
EC16
EC9F
ED24
EDA5
EE21
EE98
EF09
EF74
EFD8
F034
F08A
F0D7
F11B
F158
F18B
F1B6
F1D7
F1EF
F1FE
F203
F1FF
F1F2
F1DC
F1BD
F194
F164
F12B
F0EB
F0A2
F053
EFFD
EFA1
EF40
EED9
EE6E
EDFF
ED8E
ED1A
ECA4
EC2E
EBB8
EB42
EACD
EA5B
E9EC
E980
E918
E8B5
E858
E802
E7B3
E76C
E72D
E6F8
E6CC
E6AA
E694
E689
E68A
E697
E6B1
E6D8
E70D
E74F
E7A0
E7FF
E86C
E8E7
E971
EA09
EAAF
EB63
EC24
ECF3
EDD0
EEB9
EFAE
F0AF
F1BC
F2D3
F3F5
F51F
F653
F78E
F8D1
FA19
FB67
FCBA
FE10
FF69
00C3
021E
0379
04D2
0629
077C
08CC
0A15
0B58
0C94
0DC7
0EF0
100E
1121
1228
1322
140E
14EB
15B9
1677
1725
17C1
184C
18C5
192B
197F
19C0
19EE
1A08
1A0F
1A03
19E4
19B2
196D
1915
18AB
1830
17A2
1704
1655
1596
14C8
13EC
1303
120C
110A
0FFD
0EE7
0DC7
0C9F
0B71
0A3C
0903
07C7
0688
0548
0408
02C8
018B
0051
FF1C
FDEC
FCC3
FBA2
FA89
F97A
F876
F77E
F693
F5B5
F4E5
F425
F374
F2D4
F246
F1C9
F15F
F107
F0C2
F091
F074
F06A
F074
F092
F0C4
F109
F162
F1CF
F24E
F2DF
F383
F438
F4FE
F5D4
F6BA
F7AF
F8B2
F9C2
FADF
FC06
FD39
FE74
FFB8
0103
0255
03AB
0505
0663
07C1
0921
0A80
0BDD
0D37
0E8E
0FE0
112C
1271
13AE
14E3
160E
172E
1843
194B
1A47
1B35
1C15
1CE6
1DA8
1E5A
1EFB
1F8D
200D
207C
20DB
2127
2162
218C
21A4
21AA
21A0
2185
215A
211E
20D3
2078
2010
1F99
1F15
1E84
1DE8
1D41
1C8F
1BD4
1B10
1A45
1973
189B
17BF
16DE
15FB
1515
142F
1348
1262
117E
109C
0FBF
0EE5
0E10
0D42
0C79
0BB8
0AFF
0A4E
09A6
0908
0874
07EA
076B
06F7
068E
0631
05DF
059A
055F
0531
050E
04F7
04EB
04E9
04F3
0506
0523
054A
0579
05B1
05F0
0636
0683
06D5
072D
0788
07E6
0846
08A8
090A
096B
09CC
0A2A
0A85
0ADD
0B30
0B7D
0BC4
0C04
0C3C
0C6B
0C91
0CAD
0CBE
0CC5
0CBF
0CAD
0C8E
0C63
0C29
0BE2
0B8E
0B2A
0AB9
0A3A
09AC
0911
0867
07AF
06E9
0616
0536
044A
0351
024D
013F
0026
FF03
FDD8
FCA6
FB6C
FA2C
F8E8
F79F
F653
F505
F3B6
F267
F11A
EFCF
EE87
ED44
EC07
EAD0
E9A2
E87C
E761
E651
E54E
E457
E36F
E295
E1CC
E113
E06C
DFD8
DF56
DEE8
DE8E
DE48
DE18
DDFE
DDF9
DE0A
DE31
DE6F
DEC3
DF2D
DFAE
E044
E0F0
E1B1
E287
E371
E46F
E580
E6A4
E7D9
E91F
EA75
EBD9
ED4C
EECB
F056
F1EB
F38A
F531
F6DF
F892
FA4A
FC05
FDC2
FF7F
013B
02F5
04AC
065D
0809
09AD
0B48
0CD9
0E60
0FDA
1147
12A5
13F4
1532
165F
177A
1882
1976
1A55
1B1F
1BD4
1C72
1CFA
1D6C
1DC6
1E0A
1E36
1E4B
1E49
1E30
1E00
1DBA
1D5E
1CEC
1C66
1BCB
1B1C
1A5A
1986
18A1
17AC
16A7
1594
1474
1348
1211
10D0
0F87
0E36
0CE0
0B85
0A27
08C7
0767
0608
04AB
0351
01FC
00AE
FF67
FE28
FCF3
FBCA
FAAC
F99C
F89A
F7A7
F6C4
F5F2
F532
F484
F3EA
F363
F2F1
F294
F24C
F219
F1FC
F1F5
F205
F22A
F266
F2B7
F31F
F39B
F42D
F4D3
F58E
F65C
F73D
F830
F935
FA4B
FB70
FCA5
FDE8
FF37
0093
01F9
036A
04E3
0663
07EA
0976
0B06
0C98
0E2C
0FC0
1153
12E4
1471
15FA
177D
18F9
1A6C
1BD6
1D36
1E8B
1FD3
210E
223B
2359
2468
2566
2652
272D
27F6
28AC
294F
29DE
2A59
2AC1
2B14
2B53
2B7D
2B93
2B95
2B83
2B5E
2B24
2AD8
2A79
2A08
2985
28F1
284C
2797
26D3
2600
2521
2434
233C
2239
212C
2015
1EF7
1DD1
1CA6
1B74
1A3F
1906
17CB
168E
1550
1413
12D8
119E
1067
0F35
0E07
0CDE
0BBC
0AA0
098C
0881
077E
0684
0593
04AD
03D2
0302
023D
0183
00D6
0035
FFA0
FF17
FE9B
FE2B
FDC7
FD6F
FD23
FCE4
FCAF
FC86
FC68
FC54
FC4B
FC4C
FC56
FC68
FC84
FCA7
FCD2
FD03
FD3B
FD78
FDBB
FE02
FE4C
FE99
FEEA
FF3C
FF90
FFE5
003B
0090
00E5
0139
018C
01DD
022B
0277
02BF
0304
0346
0383
03BC
03F1
0421
044D
0474
0495
04B2
04CA
04DE
04EC
04F6
04FB
04FB
04F8
04F0
04E5
04D6
04C4
04AF
0498
047E
0463
0446
0429
040A
03EB
03CD
03AE
0391
0375
035B
0343
032D
031A
030A
02FD
02F5
02F0
02F0
02F4
02FD
030C
031F
0338
0356
037A
03A4
03D5
040B
0446
0487
04CD
0519
056A
05C0
061A
0679
06DC
0742
07AC
081A
088A
08FC
0970
09E6
0A5D
0AD4
0B4B
0BC1
0C37
0CAB
0D1C
0D8B
0DF7
0E5F
0EC3
0F22
0F7C
0FD1
101F
1067
10A7
10DF
1110
1137
1156
116C
1178
117A
1172
1160
1144
111D
10EB
10AE
1067
1015
0FB8
0F51
0EE0
0E64
0DDE
0D4F
0CB6
0C14
0B6A
0AB7
09FD
093B
0872
07A2
06CC
05F1
0512
042F
0349
0260
0176
008A
FF9E
FEB2
FDC7
FCDE
FBF8
FB14
FA34
F959
F883
F7B3
F6E9
F626
F56B
F4B9
F40F
F36E
F2D8
F24B
F1CA
F153
F0E8
F089
F035
EFED
EFB1
EF82
EF5F
EF49
EF40
EF43
EF53
EF70
EF99
EFCE
F010
F05C
F0B5
F118
F186
F1FD
F27F
F309
F39D
F438
F4DA
F584
F633
F6E8
F7A2
F85F
F920
F9E4
FAA9
FB70
FC37
FCFD
FDC2
FE85
FF45
0001
00BA
016E
021C
02C5
0366
0401
0493
051E
05A0
0618
0687
06EC
0746
0796
07DC
0816
0845
0869
0882
0890
0892
0889
0875
0857
082D
07FA
07BC
0775
0724
06CB
0669
0600
058F
0517
0499
0416
038E
0301
0271
01DD
0148
00B1
0019
FF80
FEE8
FE52
FDBD
FD2B
FC9D
FC12
FB8C
FB0B
FA91
FA1D
F9B0
F94B
F8EE
F89A
F850
F80E
F7D8
F7AB
F78A
F774
F76A
F76C
F779
F792
F7B8
F7E9
F827
F870
F8C5
F926
F993
FA0A
FA8C
FB19
FBB0
FC50
FCF9
FDAC
FE66
FF28
FFF0
00BF
0194
026D
034B
042C
0510
05F5
06DC
07C3
08AA
0990
0A74
0B56
0C34
0D0D
0DE2
0EB2
0F7A
103C
10F6
11A8
1251
12F0
1385
140F
148E
1502
1569
15C4
1612
1653
1687
16AE
16C6
16D1
16CE
16BD
169E
1672
1637
15F0
159A
1538
14C9
144D
13C5
1331
1291
11E7
1131
1072
0FAA
0ED8
0DFE
0D1D
0C34
0B45
0A50
0956
0858
0756
0650
0549
0440
0336
022C
0122
001A
FF13
FE0F
FD0D
FC10
FB16
FA22
F933
F84A
F767
F68C
F5B8
F4EC
F428
F36C
F2BA
F211
F171
F0DB
F04E
EFCC
EF53
EEE5
EE81
EE27
EDD8
ED92
ED57
ED25
ECFD
ECDE
ECC9
ECBD
ECBA
ECBF
ECCB
ECDE
ECF9
ED1B
ED44
ED73
EDA8
EDE3
EE23
EE68
EEB1
EEFF
EF50
EFA5
EFFD
F057
F0B4
F113
F173
F1D5
F239
F29D
F302
F367
F3CC
F432
F498
F4FD
F562
F5C7
F62B
F68E
F6F0
F752
F7B3
F813
F873
F8D3
F933
F992
F9F1
FA51
FAB1
FB12
FB73
FBD5
FC39
FC9D
FD04
FD6C
FDD7
FE43
FEB3
FF25
FF9A
0012
008E
010D
0191
0218
02A3
0333
03C8
0461
04FF
05A3
064B
06F9
07AB
0862
091E
09DE
0AA3
0B6C
0C3A
0D0B
0DE0
0EB7
0F92
1070
114F
1231
1313
13F7
14DB
15BE
16A1
1782
1861
193E
1A17
1AED
1BBE
1C8A
1D50
1E0F
1EC9
1F7A
2023
20C3
2159
21E5
2265
22DA
2343
239F
23ED
242E
2460
2484
2498
249D
2492
2477
244B
240E
23C1
2363
22F3
2273
21E1
213F
208B
1FC7
1EF2
1E0D
1D18
1C14
1AFF
19DC
18AB
176C
1620
14C7
1362
11F3
1079
0EF6
0D69
0BD6
0A3B
089A
06F4
054A
039D
01EF
003F
FE8F
FCE0
FB33
F989
F7E3
F642
F4A8
F315
F18A
F008
EE90
ED22
EBC1
EA6D
E926
E7ED
E6C3
E5A9
E49F
E3A6
E2BE
E1E8
E125
E073
DFD5
DF4A
DED3
DE6E
DE1D
DDE0
DDB6
DD9F
DD9C
DDAB
DDCC
DE00
DE46
DE9D
DF04
DF7C
E003
E099
E13D
E1EF
E2AD
E377
E44D
E52D
E615
E706
E7FE
E8FC
E9FF
EB06
EC11
ED1D
EE2B
EF39
F045
F150
F258
F35D
F45C
F556
F64A
F736
F81B
F8F6
F9C8
FA8F
FB4C
FBFE
FCA3
FD3D
FDC9
FE49
FEBB
FF20
FF77
FFC0
FFFB
0028
0048
005A
005F
0057
0043
0022
FFF5
FFBD
FF7A
FF2D
FED7
FE78
FE11
FDA3
FD2E
FCB4
FC36
FBB4
FB2F
FAA9
FA22
F99B
F916
F893
F814
F799
F723
F6B3
F64B
F5EB
F594
F548
F507
F4D2
F4AA
F48F
F483
F486
F498
F4BA
F4ED
F531
F587
F5EE
F667
F6F2
F790
F840
F902
F9D6
FABC
FBB3
FCBC
FDD6
FF01
003B
0184
02DC
0442
05B5
0734
08BE
0A53
0BF0
0D96
0F43
10F6
12AD
1468
1625
17E3
19A0
1B5B
1D14
1EC8
2076
221C
23BA
254F
26D8
2854
29C2
2B22
2C70
2DAE
2ED8
2FEF
30F1
31DC
32B1
336E
3413
349D
350E
3564
359F
35BD
35C0
35A6
356F
351B
34AA
341C
3372
32AA
31C7
30C7
2FAC
2E77
2D26
2BBC
2A3A
289F
26ED
2525
2349
2158
1F55
1D40
1B1C
18E9
16A8
145C
1205
0FA6
0D3F
0AD2
0862
05EF
037B
0107
FE96
FC29
F9C1
F761
F509
F2BB
F079
EE44
EC1D
EA07
E802
E60F
E430
E266
E0B3
DF16
DD91
DC26
DAD4
D99C
D880
D77F
D69B
D5D3
D528
D499
D428
D3D4
D39D
D384
D388
D3A8
D3E5
D43E
D4B2
D541
D5EA
D6AC
D788
D87A
D984
DAA3
DBD7
DD1E
DE78
DFE2
E15D
E2E6
E47C
E61E
E7CA
E97F
EB3C
ECFE
EEC5
F090
F258
F421
F5E8
F7AD
F96D
FB28
FCDB
FE87
0029
01C1
034D
04CB
063C
079E
08F0
0A31
0B60
0C7D
0D86
0E7C
0F5E
102A
10E2
1183
120F
1285
12E5
132E
1362
137F
1386
1377
1351
1315
12C4
125F
11E7
115C
10BE
100F
0F4F
0E7F
0DA0
0CB2
0BB8
0AB1
09A0
0884
075F
0632
04FE
03C4
0285
0143
FFFE
FEB8
FD72
FC2D
FAE9
F9A8
F86B
F733
F601
F4D6
F3B3
F299
F188
F081
EF85
EE94
EDB0
ECD8
EC0E
EB51
EAA3
EA03
E972
E8F0
E87D
E81A
E7C6
E782
E74E
E729
E713
E70D
E715
E72C
E752
E785
E7C7
E815
E870
E8D7
E94A
E9C8
EA53
EAE7
EB85
EC2B
ECD9
ED8E
EE49
EF0A
EFD0
F09A
F167
F237
F309
F3DB
F4AE
F581
F653
F724
F7F2
F8BD
F984
FA48
FB07
FBC1
FC76
FD25
FDCD
FE6E
FF09
FF9D
0028
00AD
012B
01A1
020F
0275
02D3
0329
0377
03BE
03FC
0434
0464
048D
04AF
04CB
04E0
04F0
04FA
04FF
04FF
04FB
04F3
04E8
04D9
04C8
04B5
04A0
048A
0473
045C
0445
042F
041A
0407
03F5
03E6
03DA
03D0
03CA
03C7
03C8
03CD
03D6
03E4
03F7
040E
042B
044C
0472
049E
04CE
0504
053E
057D
05C1
0609
0656
06A6
06FB
0753
07AE
080C
086C
08CF
0933
0998
09FF
0A65
0ACC
0B32
0B97
0BFC
0C5E
0CBE
0D1C
0D76
0DCD
0E20
0E6F
0EB8
0EFD
0F3C
0F76
0FA9
0FD5
0FFB
101A
1032
1043
104B
104D
1046
1038
1022
1004
0FDE
0FB1
0F7A
0F3C
0EF8
0EAC
0E5A
0E01
0DA3
0D3F
0CD6
0C68
0BF7
0B81
0B08
0A8D
0A10
0991
0911
0891
0811
0793
0716
069B
0624
05B0
0541
04D7
0473
0416
03C0
0372
032C
02EF
02BC
0293
0276
0264
025E
0265
0279
029B
02CC
030A
0358
03B5
0421
049D
0528
05C4
0670
072B
07F7
08D3
09BF
0ABA
0BC6
0CE0
0E09
0F41
1087
11DB
133D
14AB
1625
17AB
193C
1AD8
1C7D
1E2A
1FDF
219B
235D
2525
26F0
28BF
2A90
2C63
2E36
3008
31D9
33A8
3573
3739
38FA
3AB4
3C67
3E11
3FB2
4148
42D3
4451
45C2
4726
487A
49BE
4AF2
4C14
4D25
4E23
4F0D
4FE3
50A5
5151
51E8
5268
52D2
5325
5360
5384
5391
5385
5362
5326
52D3
5267
51E3
5148
5095
4FCA
4EE9
4DF0
4CE1
4BBC
4A81
4932
47CD
4654
44C8
4329
4176
3FB2
3DDD
3BF8
3A04
3801
35F0
33D3
31A9
2F74
2D35
2AED
289B
2642
23E3
217D
1F13
1CA4
1A32
17BE
1548
12D1
105B
0DE6
0B73
0902
0695
042D
01C9
FF6B
FD14
FAC3
F87A
F639
F401
F1D2
EFAE
ED94
EB85
E982
E78B
E5A1
E3C4
E1F4
E031
DE7D
DCD8
DB41
D9B9
D840
D6D6
D57C
D432
D2F8
D1CD
D0B3
CFA8
CEAE
CDC4
CCEA
CC21
CB67
CABD
CA23
C99A
C920
C8B6
C85B
C80F
C7D2
C7A4
C785
C774
C771
C77C
C794
C7BA
C7EC
C82C
C878
C8D1
C935
C9A5
CA20
CAA6
CB37
CBD2
CC78
CD27
CDDF
CEA1
CF6C
D03E
D11A
D1FC
D2E7
D3DA
D4D4
D5D4
D6DB
D7E8
D8FA
DA11
DB2D
DC4E
DD72
DE9B
DFC7
E0F5
E227
E35A
E490
E5C7
E6FF
E838
E971
EAAA
EBE3
ED1C
EE53
EF88
F0BC
F1EE
F31E
F44A
F574
F699
F7BC
F8DA
F9F3
FB08
FC18
FD23
FE28
FF27
0021
0114
0201
02E6
03C6
049E
056E
0638
06FA
07B4
0866
0910
09B3
0A4D
0AE0
0B6A
0BEC
0C66
0CD7
0D41
0DA2
0DFC
0E4D
0E96
0ED8
0F0F
0F3F
0F67
0F88
0FA2
0FB4
0FC0
0FC5
0FC4
0FBD
0FB0
0F9D
0F85
0F69
0F47
0F22
0EF8
0ECB
0E9A
0E67
0E31
0DF8
0DBE
0D82
0D45
0D07
0CC8
0C89
0C4A
0C0C
0BCE
0B91
0B54
0B18
0ADE
0AA6
0A70
0A3C
0A0C
09DE
09B3
098B
0967
0946
0928
090E
08F8
08E6
08D7
08CD
08C6
08C3
08C3
08C7
08CF
08DA
08E9
08FB
0910
0928
0943
0960
0980
09A2
09C5
09EB
0A11
0A39
0A63
0A8C
0AB7
0AE1
0B0C
0B36
0B60
0B88
0BB0
0BD7
0BFB
0C1F
0C40
0C5E
0C7B
0C94
0CAB
0CBF
0CCF
0CDD
0CE6
0CED
0CEF
0CEE
0CE9
0CE1
0CD4
0CC4
0CAE
0C94
0C77
0C57
0C32
0C0B
0BE0
0BB3
0B83
0B50
0B1B
0AE4
0AAB
0A71
0A36
09FA
09BE
0981
0945
090A
08D0
0897
0860
082B
07F9
07CB
079F
0778
0755
0737
071D
0709
06F8
06EE
06E9
06EC
06F6
0707
0721
0742
076B
079D
07D7
081A
0866
08BA
0917
097D
09EB
0A62
0AE2
0B69
0BF9
0C91
0D30
0DD7
0E85
0F3A
0FF4
10B5
117B
1246
1315
13E8
14BD
1595
166F
174A
1827
1904
19E0
1ABC
1B95
1C6B
1D3E
1E0D
1ED6
1F9A
2057
210C
21B8
225C
22F6
2385
2408
247F
24E9
2545
2593
25D2
2602
2620
262F
262B
2617
25EF
25B6
256B
250C
2499
2413
2379
22CB
220A
2134
204B
1F4E
1E3D
1D19
1BE3
1A9A
193E
17D1
1653
14C5
1326
1178
0FBC
0DF2
0C1C
0A39
084C
0654
0453
024B
003C
FE26
FC0D
F9F1
F7D3
F5B4
F394
F177
EF5C
ED44
EB32
E927
E723
E529
E339
E154
DF7D
DDB4
DBFA
DA51
D8BA
D735
D5C5
D469
D324
D1F6
D0E0
CFE2
CEFF
CE36
CD87
CCF5
CC7F
CC26
CBEA
CBCD
CBCD
CBEC
CC28
CC83
CCFC
CD94
CE49
CF1C
D00C
D11A
D244
D38A
D4EC
D669
D7FF
D9B0
DB79
DD59
DF50
E15D
E37F
E5B4
E7FB
EA53
ECBB
EF31
F1B4
F443
F6DD
F97F
FC29
FED9
018E
0446
06FF
09B8
0C6F
0F24
11D3
147D
171F
19B8
1C46
1EC9
213F
23A6
25FD
2843
2A77
2C97
2EA3
3099
3279
3442
35F2
3789
3907
3A6A
3BB2
3CDF
3DF0
3EE4
3FBC
4078
4117
4198
41FE
4246
4272
4282
4275
424E
420B
41AD
4136
40A6
3FFC
3F3C
3E64
3D76
3C73
3B5C
3A32
38F7
37AA
364E
34E3
336B
31E8
305A
2EC2
2D23
2B7C
29D1
2821
266F
24BC
2308
2157
1FA7
1DFC
1C56
1AB6
191E
178F
1609
148E
1320
11BE
106A
0F25
0DF0
0CCA
0BB6
0AB4
09C4
08E6
081C
0766
06C3
0635
05BB
0556
0505
04C9
04A1
048E
048E
04A3
04CA
0505
0552
05B2
0623
06A5
0738
07D9
088A
0948
0A14
0AEC
0BCE
0CBB
0DB1
0EB0
0FB5
10C0
11D0
12E4
13FB
1513
162C
1743
1859
196C
1A7B
1B85
1C88
1D84
1E76
1F5E
203B
210E
21D4
228D
2338
23D5
2462
24DF
254B
25A6
25EF
2627
264B
265D
265C
2647
261F
25E3
2594
2530
24BA
2430
2393
22E2
2220
214B
2064
1F6C
1E63
1D4A
1C20
1AE7
199F
184A
16E8
157B
1402
127F
10F4
0F60
0DC5
0C24
0A7E
08D4
0727
0578
03C9
0219
006B
FEC0
FD17
FB73
F9D5
F83D
F6AD
F525
F3A6
F232
F0C9
EF6C
EE1C
ECD9
EBA3
EA7D
E966
E85F
E769
E684
E5B1
E4EF
E441
E3A4
E31B
E2A5
E242
E1F2
E1B5
E18C
E175
E172
E181
E1A3
E1D7
E21C
E273
E2DB
E354
E3DC
E474
E51A
E5CF
E691
E760
E83A
E91F
EA0E
EB07
EC08
ED12
EE22
EF39
F055
F176
F29A
F3C0
F4E9
F612
F73B
F863
F989
FAAD
FBCD
FCE9
FDFF
FF0F
0019
011C
0216
0308
03F0
04CE
05A1
066A
0727
07D8
087D
0915
099F
0A1D
0A8D
0AEF
0B44
0B8A
0BC2
0BED
0C09
0C18
0C19
0C0C
0BF2
0BCA
0B96
0B55
0B08
0AAF
0A4A
09DB
0961
08DD
084F
07B8
0719
0671
05C3
050D
0452
0391
02CB
0202
0136
0067
FF95
FEC1
FDEC
FD16
FC40
FB6A
FA96
F9C3
F8F2
F824
F758
F691
F5CE
F50F
F455
F3A1
F2F2
F24A
F1A8
F10C
F078
EFEA
EF64
EEE6
EE6F
EE00
ED99
ED39
ECE2
EC93
EC4D
EC0E
EBD7
EBA7
EB7F
EB5F
EB45
EB33
EB27
EB22
EB23
EB2A
EB37
EB49
EB60
EB7C
EB9D
EBC1
EBEA
EC15
EC45
EC76
ECAB
ECE1
ED1A
ED54
ED8F
EDCB
EE08
EE46
EE84
EEBF
EEFA
EF35
EF70
EFAA
EFE4
F01C
F054
F08B
F0C1
F0F6
F12A
F15D
F18F
F1C0
F1F0
F220
F24F
F27E
F2AD
F2DB
F30A
F339
F368
F399
F3CB
F3FE
F432
F469
F4A2
F4DE
F51C
F55B
F59E
F5E5
F630
F680
F6D5
F72F
F78F
F7F4
F860
F8D2
F94B
F9CC
FA53
FAE2
FB79
FC18
FCBF
FD6E
FE26
FEE6
FFAE
0080
0159
023C
0327
041A
0516
061A
0726
083A
0955
0A78
0BA1
0CD1
0E07
0F44
1086
11CE
131A
146A
15BE
1716
1870
19CC
1B2A
1C89
1DE9
1F48
20A6
2203
235D
24B5
2609
2759
28A4
29EA
2B29
2C62
2D93
2EBC
2FDC
30F3
3200
3301
33F7
34E2
35C0
3692
3756
380D
38B6
3951
39DD
3A5A
3AC7
3B25
3B74
3BB2
3BE0
3BFE
3C0C
3C09
3BF6
3BD3
3BA0
3B5C
3B09
3AA6
3A33
39B2
3921
3882
37D4
3719
3651
3579
3496
33A6
32AB
31A6
3097
2F7E
2E5C
2D33
2C02
2ACB
298E
284C
2706
25BC
246F
2320
21D0
207F
1F2E
1DDF
1C91
1B45
19FC
18B8
1777
163C
1506
13D7
12AF
118E
1075
0F63
0E5A
0D5A
0C64
0B78
0A95
09BE
08F1
082F
0778
06CC
062C
0598
050F
0491
041F
03B8
035D
030D
02C8
028D
025D
0237
021B
0209
01FF
01FE
0206
0215
022C
024A
026E
0297
02C6
02FA
0331
036C
03A9
03E9
042A
046C
04AE
04EF
0530
056F
05AC
05E7
061E
0651
0680
06AA
06CE
06ED
0706
0718
0723
0726
0722
0716
0702
06E5
06BF
0691
0659
0618
05CD
0579
051D
04B7
0448
03D0
0350
02C7
0236
019D
00FC
0054
FFA5
FEF0
FE34
FD74
FCAD
FBE3
FB14
FA42
F96D
F896
F7BD
F6E2
F608
F52E
F454
F37D
F2A7
F1D4
F105
F039
EF71
EEAF
EDF3
ED3D
EC8F
EBE9
EB4C
EAB8
EA2E
E9AE
E939
E8D0
E873
E822
E7DE
E7A7
E77E
E762
E755
E757
E767
E786
E7B4
E7F2
E83F
E89B
E906
E981
EA0B
EAA4
EB4C
EC03
ECC9
ED9C
EE7E
EF6D
F069
F171
F286
F3A6
F4D1
F607
F747
F890
F9E2
FB3C
FC9D
FE05
FF72
00E5
025C
03D7
0554
06D4
0854
09D6
0B56
0CD6
0E54
0FCF
1146
12BA
1428
1592
16F7
1854
19A9
1AF6
1C3A
1D73
1EA3
1FC7
20DF
21EB
22EA
23DC
24C0
2597
265E
2717
27C1
285B
28E5
2960
29CA
2A25
2A6F
2AA9
2AD2
2AEC
2AF5
2AEE
2AD8
2AB2
2A7D
2A39
29E7
2986
2918
289C
2813
277D
26DC
262F
2577
24B5
23EA
2316
223A
2156
206C
1F7B
1E86
1D8C
1C8F
1B8F
1A8D
1989
1886
1782
1680
1580
1483
1389
1293
11A3
10B8
0FD1
0EF2
0E1A
0D4A
0C84
0BC7
0B14
0A6D
09D0
093F
08BB
0844
07D9
077C
072D
06EC
06BA
0696
0681
067B
0684
069C
06C4
06FA
073F
0794
07F7
0869
08E9
0978
0A14
0ABD
0B71
0C31
0CFE
0DD6
0EBA
0FA8
10A0
11A1
12AC
13BE
14D8
15F8
171E
1849
1979
1AAC
1BE2
1D1A
1E53
1F8C
20C4
21FB
2330
2461
258F
26B8
27DB
28F8
2A0D
2B1B
2C20
2D1C
2E0C
2EF1
2FCC
309A
315C
3211
32B8
3351
33DC
3457
34C4
3520
356D
35AA
35D6
35F1
35FC
35F5
35DE
35B6
357D
3534
34DA
346F
33F4
336A
32D0
3227
316F
30A8
2FD4
2EF3
2E06
2D0C
2C07
2AF8
29DF
28BD
2793
2661
2529
23EC
22A9
2163
2019
1ECE
1D82
1C35
1AEA
19A0
1859
1716
15D7
149F
136C
1242
111F
1006
0EF7
0DF3
0CFB
0C10
0B31
0A61
09A0
08EF
084E
07BE
073E
06D0
0674
062A
05F2
05CD
05BB
05BC
05D0
05F7
0632
067F
06DE
0750
07D5
086B
0912
09CA
0A93
0B6C
0C53
0D49
0E4D
0F5E
107B
11A3
12D5
1410
1555
16A0
17F2
1949
1AA4
1C02
1D61
1EC1
2020
217C
22D6
242B
257A
26C1
2801
2936
2A61
2B80
2C92
2D95
2E88
2F6B
303B
30F9
31A4
3239
32B9
3322
3373
33AD
33CD
33D4
33C1
3393
334A
32E5
3265
31C9
3111
303D
2F4C
2E40
2D18
2BD5
2A76
28FC
2769
25BC
23F5
2217
2021
1E15
1BF3
19BC
1772
1516
12A8
102B
0D9F
0B05
0861
05B1
02F9
003A
FD75
FAAC
F7E0
F513
F247
EF7D
ECB8
E9F8
E740
E491
E1ED
DF55
DCCC
DA52
D7EA
D595
D355
D12A
CF17
CD1D
CB3D
C979
C7D1
C648
C4DD
C392
C268
C160
C07A
BFB8
BF19
BE9F
BE4A
BE19
BE0F
BE2A
BE6A
BED1
BF5D
C00F
C0E6
C1E2
C302
C446
C5AD
C736
C8E1
CAAD
CC98
CEA2
D0C9
D30C
D56A
D7E1
DA71
DD17
DFD2
E2A1
E582
E873
EB72
EE7E
F195
F4B5
F7DA
FB05
FE34
0165
0496
07C6
0AF2
0E18
1138
144F
175C
1A5C
1D4F
2032
2305
25C5
2871
2B08
2D89
2FF2
3242
3478
3693
3892
3A74
3C38
3DDE
3F65
40CC
4214
433A
4440
4524
45E6
4687
4707
4766
47A4
47C1
47BF
479D
475D
46FE
4681
45E7
4531
4460
4375
4271
4154
4020
3ED6
3D78
3C06
3A82
38ED
3748
3595
33D4
3209
3033
2E53
2C6D
2A80
288E
2698
24A0
22A7
20AE
1EB6
1CC2
1AD1
18E5
16FF
1520
1348
117A
0FB5
0DFB
0C4C
0AA9
0912
0789
060D
049F
033F
01EE
00AC
FF79
FE55
FD40
FC3B
FB44
FA5D
F984
F8BA
F7FD
F74E
F6AD
F618
F591
F516
F4A6
F441
F3E7
F396
F34E
F30F
F2D7
F2A5
F27A
F254
F233
F215
F1FA
F1E1
F1CA
F1B3
F19D
F185
F16C
F151
F133
F112
F0ED
F0C4
F096
F062
F028
EFE7
EFA1
EF54
EF00
EEA6
EE45
EDDD
ED6E
ECF8
EC7C
EBF9
EB70
EAE1
EA4C
E9B2
E912
E86F
E7C7
E71C
E66E
E5BD
E50B
E458
E3A5
E2F2
E240
E190
E0E4
E03A
DF95
DEF6
DE5C
DDC9
DD3F
DCBC
DC44
DBD5
DB71
DB19
DACD
DA8E
DA5D
DA3A
DA26
DA22
DA2D
DA49
DA75
DAB3
DB02
DB63
DBD6
DC5A
DCF1
DD9A
DE54
DF21
DFFF
E0EF
E1F1
E303
E426
E558
E69A
E7EB
E94B
EAB8
EC32
EDB9
EF4B
F0E7
F28D
F43C
F5F2
F7AF
F971
FB38
FD03
FED0
009D
026B
0438
0603
07CA
098C
0B49
0CFE
0EAC
1051
11EB
137B
14FE
1673
17DB
1934
1A7A
1BB0
1CD5
1DE7
1EE7
1FD3
20AC
2170
221F
22BA
233F
23AF
2409
244D
247C
2495
2499
2487
2460
2425
23D6
2372
22FC
2273
21D8
212C
2070
1FA4
1EC9
1DE1
1CEC
1BEB
1AE0
19CB
18AD
1788
165D
152D
13F9
12C3
118C
1054
0F1E
0DEA
0CBA
0B8F
0A6A
094B
0836
0729
0627
0530
0446
0369
029A
01DA
012B
008B
FFFD
FF81
FF17
FEBF
FE7B
FE4A
FE30
FE29
FE36
FE56
FE8B
FED4
FF30
FFA0
0022
00B8
015F
0219
02E3
03BF
04AA
05A4
06AD
07C3
08E6
0A15
0B4E
0C92
0DDD
0F31
108A
11E9
134D
14B3
161B
1783
18EB
1A52
1BB5
1D13
1E6D
1FC0
210B
224D
2385
24B2
25D3
26E8
27EE
28E5
29CD
2AA5
2B6B
2C1F
2CC1
2D51
2DCC
2E34
2E88
2EC7
2EF1
2F07
2F08
2EF4
2ECB
2E8D
2E3A
2DD4
2D59
2CCB
2C28
2B73
2AAB
29D3
28EA
27F1
26EA
25D4
24B1
2381
2246
2101
1FB2
1E5A
1CFB
1B96
1A2B
18BC
174A
15D5
1460
12EB
1176
1004
0E95
0D2B
0BC5
0A66
090D
07BD
0676
0538
0405
02DD
01C2
00B3
FFB2
FEBE
FDD9
FD03
FC3C
FB85
FADD
FA45
F9BE
F946
F8DF
F887
F840
F808
F7E0
F7C7
F7BC
F7C0
F7D2
F7F2
F81E
F856
F89A
F8E9
F942
F9A4
FA0F
FA82
FAFD
FB7E
FC04
FC8F
FD1D
FDAE
FE40
FED3
FF66
FFF9
0089
0116
01A0
0226
02A6
0321
0394
0401
0465
04C0
0513
055B
0599
05CC
05F4
0611
0622
0627
061F
060C
05EC
05BF
0587
0542
04F1
0495
042C
03B8
033A
02B0
021D
017F
00D9
002A
FF74
FEB6
FDF1
FD27
FC58
FB85
FAAF
F9D6
F8FC
F820
F745
F66B
F593
F4BE
F3EC
F31F
F258
F197
F0DD
F02B
EF83
EEE5
EE50
EDC7
ED49
ECD8
EC73
EC1C
EBD3
EB98
EB6B
EB4E
EB40
EB42
EB54
EB75
EBA7
EBE9
EC3B
EC9C
ED0E
ED8F
EE20
EEBF
EF6E
F02A
F0F5
F1CC
F2B0
F3A1
F49C
F5A3
F6B4
F7CE
F8F1
FA1B
FB4B
FC81
FDBC
FEFA
003C
017F
02C3
0406
0549
068A
07C7
0901
0A35
0B64
0C8B
0DAB
0EC2
0FD0
10D4
11CC
12B9
139A
146D
1532
15EA
1692
172B
17B5
182D
1896
18EE
1935
196B
1991
19A5
19A9
199B
197D
194F
1910
18C2
1863
17F6
177A
16F0
1658
15B3
1502
1445
137D
12AB
11D0
10EC
1000
0F0D
0E14
0D17
0C15
0B0F
0A08
08FE
07F3
06EA
05E1
04DB
03D9
02DA
01E1
00EE
0001
FF1C
FE3F
FD6C
FCA2
FBE2
FB2D
FA84
F9E7
F956
F8D2
F85C
F7F3
F797
F74A
F70C
F6DB
F6B9
F6A5
F69F
F6A8
F6BE
F6E3
F714
F752
F79E
F7F5
F858
F8C7
F941
F9C4
FA51
FAE7
FB86
FC2B
FCD8
FD8A
FE41
FEFD
FFBC
007E
0142
0206
02CB
038E
0450
050F
05CB
0683
0735
07E2
0888
0926
09BC
0A4A
0ACD
0B45
0BB3
0C16
0C6D
0CB7
0CF4
0D24
0D47
0D5B
0D61
0D59
0D42
0D1C
0CE7
0CA4
0C51
0BF0
0B80
0B01
0A74
09D9
0930
087A
07B6
06E7
060B
0523
0431
0334
022E
011E
0006
FEE6
FDBF
FC93
FB61
FA2B
F8F1
F7B4
F676
F537
F3F7
F2B8
F17A
F03E
EF06
EDD1
ECA0
EB75
EA50
E931
E81A
E70B
E605
E508
E415
E32C
E24E
E17B
E0B4
DFF9
DF4B
DEA9
DE16
DD8F
DD17
DCAC
DC4F
DBFF
DBBE
DB8B
DB65
DB4D
DB43
DB46
DB56
DB73
DB9C
DBD2
DC14
DC61
DCBA
DD1D
DD8A
DE01
DE81
DF0A
DF9B
E033
E0D3
E178
E224
E2D5
E38B
E445
E503
E5C3
E687
E74B
E812
E8D8
E99F
EA65
EB2B
EBEF
ECB1
ED70
EE2D
EEE6
EF9C
F04E
F0FB
F1A4
F247
F2E5
F37E
F411
F49D
F524
F5A4
F61E
F691
F6FE
F764
F7C3
F81C
F86E
F8B9
F8FE
F93D
F976
F9A8
F9D4
F9FA
FA1B
FA36
FA4C
FA5D
FA68
FA70
FA73
FA71
FA6C
FA64
FA58
FA49
FA38
FA24
FA0E
F9F6
F9DD
F9C3
F9A8
F98C
F970
F954
F938
F91D
F903
F8EB
F8D4
F8BF
F8AB
F89A
F88B
F87E
F874
F86C
F868
F866
F868
F86D
F874
F880
F88E
F8A0
F8B6
F8CE
F8EA
F909
F92B
F950
F978
F9A3
F9D0
FA00
FA32
FA66
FA9C
FAD4
FB0D
FB48
FB85
FBC2
FC00
FC3E
FC7C
FCBA
FCF7
FD34
FD71
FDAC
FDE6
FE1E
FE56
FE8B
FEBE
FEF0
FF20
FF4D
FF79
FFA2
FFCA
FFEF
0012
0034
0053
0071
008D
00A8
00C2
00DA
00F2
010A
0122
013A
0152
016B
0185
01A0
01BD
01DB
01FC
021F
0244
026C
0296
02C4
02F5
0329
0361
039D
03DC
041E
0464
04AE
04FB
054C
05A0
05F6
0650
06AC
070B
076C
07CE
0831
0895
08FA
095E
09C3
0A27
0A89
0AEA
0B48
0BA4
0BFD
0C52
0CA3
0CF0
0D37
0D79
0DB5
0DEA
0E19
0E41
0E61
0E7A
0E8B
0E94
0E94
0E8C
0E7C
0E63
0E41
0E17
0DE4
0DA8
0D64
0D17
0CC2
0C66
0C02
0B97
0B25
0AAC
0A2E
09AA
0921
0892
0800
076A
06D1
0634
0596
04F5
0453
03B0
030C
0268
01C5
0121
007F
FFDE
FF3E
FEA0
FE04
FD69
FCD1
FC3B
FBA8
FB17
FA89
F9FD
F973
F8EB
F866
F7E2
F760
F6E0
F661
F5E3
F566
F4EA
F46E
F3F2
F376
F2FA
F27D
F200
F182
F103
F083
F001
EF7F
EEFB
EE76
EDEF
ED67
ECDF
EC55
EBCB
EB41
EAB7
EA2E
E9A4
E91C
E895
E810
E78D
E70C
E68F
E615
E59F
E52E
E4C2
E45C
E3FB
E3A2
E34F
E304
E2C0
E285
E253
E22A
E20A
E1F3
E1E6
E1E3
E1E9
E1FA
E214
E238
E266
E29E
E2DF
E329
E37B
E3D5
E437
E4A0
E510
E585
E600
E680
E704
E78B
E815
E8A1
E92E
E9BC
EA4A
EAD6
EB61
EBEA
EC6F
ECF1
ED6E
EDE7
EE5A
EEC7
EF2D
EF8D
EFE5
F036
F07F
F0C2
F0FC
F12E
F158
F179
F192
F1A3
F1AC
F1AE
F1A8
F19C
F189
F16F
F151
F12D
F104
F0D8
F0A8
F076
F041
F00B
EFD5
EF9E
EF68
EF33
EEFF
EECE
EEA0
EE76
EE4F
EE2D
EE10
EDFA
EDEB
EDE1
EDDD
EDE0
EDE9
EDF9
EE0F
EE2C
EE4F
EE78
EEA7
EEDB
EF14
EF52
EF94
EFDA
F024
F070
F0BD
F10D
F15C
F1AC
F1FB
F249
F294
F2DD
F322
F362
F39D
F3D3
F403
F42C
F44D
F467
F478
F47F
F47D
F471
F45A
F439
F40D
F3D6
F393
F346
F2ED
F288
F219
F19E
F119
F089
EFEF
EF4C
EE9F
EDE9
ED2B
EC66
EB9A
EAC7
E9EF
E913
E832
E74E
E669
E581
E498
E3B0
E2C9
E1E5
E104
E027
DF4F
DE7D
DDB3
DCF1
DC37
DB88
DAE3
DA4A
D9BD
D93D
D8CC
D869
D816
D7D3
D7A0
D77F
D76F
D772
D787
D7AF
D7EB
D83A
D89C
D913
D99D
DA3B
DAEC
DBB1
DC8A
DD75
DE74
DF85
E0A8
E1DD
E323
E479
E5E0
E755
E8D9
EA6A
EC08
EDB2
EF66
F124
F2EB
F4BA
F68F
F86A
FA48
FC2A
FE0D
FFF1
01D4
03B4
0592
076A
093D
0B09
0CCC
0E85
1034
11D6
136A
14F0
1665
17CA
191D
1A5C
1B88
1C9E
1D9E
1E87
1F59
2012
20B3
213A
21A7
21FA
2232
224F
2251
2238
2203
21B4
2149
20C4
2025
1F6C
1E99
1DAF
1CAD
1B93
1A63
191E
17C5
1658
14D8
1348
11A8
0FF9
0E3C
0C74
0AA2
08C6
06E2
04F9
030B
011A
FF27
FD34
FB43
F956
F76C
F589
F3AE
F1DB
F014
EE58
ECAA
EB0A
E97A
E7FB
E68F
E536
E3F2
E2C2
E1A9
E0A7
DFBD
DEEB
DE32
DD93
DD0D
DCA1
DC50
DC19
DBFD
DBFA
DC12
DC45
DC90
DCF5
DD73
DE08
DEB6
DF79
E053
E142
E244
E359
E481
E5B8
E6FF
E854
E9B5
EB22
EC98
EE16
EF9C
F126
F2B5
F445
F5D6
F767
F8F5
FA7F
FC03
FD80
FEF5
0060
01BF
0312
0456
058B
06AF
07C2
08C1
09AC
0A81
0B41
0BEA
0C7A
0CF2
0D51
0D96
0DC2
0DD3
0DC9
0DA3
0D62
0D06
0C8E
0BFB
0B4C
0A83
09A0
08A2
078B
065B
0513
03B4
023F
00B4
FF14
FD61
FB9C
F9C6
F7E1
F5ED
F3EB
F1DE
EFC7
EDA7
EB7F
E952
E720
E4EC
E2B7
E082
DE4F
DC20
D9F6
D7D2
D5B6
D3A4
D19D
CFA2
CDB5
CBD7
CA09
C84D
C6A4
C50F
C38F
C226
C0D3
BF98
BE77
BD6F
BC81
BBAE
BAF6
BA5A
B9DB
B978
B932
B909
B8FC
B90D
B93A
B983
B9E9
BA6A
BB08
BBC0
BC93
BD80
BE87
BFA6
C0DE
C22C
C391
C50B
C69A
C83D
C9F1
CBB8
CD8E
CF74
D168
D369
D575
D78C
D9AD
DBD5
DE05
E03A
E274
E4B1
E6F0
E930
EB6F
EDAD
EFE9
F220
F453
F680
F8A6
FAC5
FCDB
FEE7
00E8
02DF
04C9
06A6
0876
0A37
0BEA
0D8E
0F21
10A5
1217
1379
14C9
1608
1734
184F
1957
1A4D
1B30
1C01
1CC0
1D6C
1E06
1E8E
1F04
1F68
1FBA
1FFB
202A
2049
2057
2054
2042
2020
1FEF
1FAF
1F60
1F04
1E9A
1E23
1D9F
1D0F
1C73
1BCB
1B19
1A5C
1995
18C5
17EB
1708
161D
152A
142F
132D
1224
1113
0FFD
0EE0
0DBD
0C96
0B69
0A38
0903
07CA
068E
054E
040C
02C8
0181
0039
FEEF
FDA5
FC5A
FB0F
F9C4
F87A
F730
F5E8
F4A2
F35D
F21B
F0DD
EFA1
EE69
ED35
EC05
EAD9
E9B3
E892
E777
E662
E555
E44F
E351
E25B
E16E
E08A
DFAF
DEDF
DE19
DD5E
DCAE
DC0A
DB72
DAE6
DA68
D9F6
D993
D93D
D8F6
D8BD
D893
D878
D86C
D871
D885
D8A9
D8DD
D921
D976
D9DB
DA51
DAD8
DB6E
DC15
DCCC
DD92
DE69
DF4E
E042
E145
E257
E375
E4A1
E5DA
E71E
E86E
E9C9
EB2D
EC9B
EE12
EF90
F114
F29F
F42F
F5C3
F75A
F8F4
FA8F
FC2A
FDC5
FF5E
00F4
0287
0415
059D
071F
0898
0A09
0B71
0CCD
0E1F
0F64
109C
11C6
12E1
13ED
14E9
15D3
16AD
1775
182A
18CC
195B
19D6
1A3E
1A91
1AD0
1AFB
1B11
1B13
1B00
1AD8
1A9C
1A4C
19E9
1972
18E8
184D
179F
16E1
1613
1535
1449
134F
1248
1135
1018
0EF0
0DC1
0C89
0B4C
0A09
08C2
0778
062D
04E2
0398
0250
010C
FFCC
FE92
FD60
FC36
FB14
F9FE
F8F3
F7F5
F704
F623
F551
F490
F3E0
F343
F2B8
F241
F1DE
F190
F156
F132
F123
F12A
F147
F17A
F1C3
F222
F296
F320
F3BE
F471
F538
F613
F700
F7FF
F910
FA31
FB63
FCA3
FDF1
FF4B
00B1
0221
0399
051A
06A1
082E
09BE
0B51
0CE5
0E79
100C
119C
1327
14AE
162E
17A5
1914
1A78
1BD0
1D1C
1E5A
1F88
20A7
21B5
22B1
239A
2470
2533
25E2
267D
2701
2770
27C7
2808
2833
2846
2843
2828
27F8
27B1
2754
26E2
265C
25C1
2513
2452
2380
229D
21AA
20A9
1F9B
1E80
1D5A
1C2A
1AF2
19B4
186F
1727
15DC
1490
1347
1200
10BD
0F7F
0E47
0D17
0BF0
0AD4
09C3
08C1
07CC
06E8
0614
0553
04A4
0409
0384
0314
02BA
0278
024D
023B
0241
025F
0297
02E8
0352
03D5
0471
0525
05F2
06D6
07D2
08E5
0A0E
0B4C
0C9E
0E03
0F7B
1103
129B
1441
15F4
17B3
197B
1B4C
1D23
1EFF
20DF
22C1
24A2
2681
285D
2A34
2C03
2DC9
2F84
3133
32D4
3465
35E4
3750
38A8
39E9
3B11
3C21
3D16
3DEF
3EAD
3F4C
3FCE
4030
4072
4094
4094
4073
4030
3FCB
3F44
3E9C
3DD1
3CE4
3BD7
3AA9
395A
37ED
3660
34B7
32F0
310E
2F12
2CFD
2AD0
288E
2637
23CD
2152
1EC8
1C30
198D
16E0
142B
1170
0EB2
0BF1
0932
0674
03BB
0109
FE5F
FBC0
F92D
F6A9
F435
F1D4
EF87
ED50
EB30
E929
E73D
E56E
E3BB
E228
E0B5
DF62
DE32
DD24
DC3A
DB77
DAD9
DA60
DA0C
D9DE
D9D5
D9F2
DA35
DA9D
DB29
DBDA
DCAE
DDA4
DEBD
DFF6
E14F
E2C7
E45C
E60E
E7D9
E9BE
EBBA
EDCC
EFF2
F22A
F473
F6CA
F92D
FB9C
FE13
0090
0313
0598
081F
0AA4
0D26
0FA3
1218
1485
16E7
193C
1B83
1DBA
1FDF
21F1
23EF
25D6
27A6
295E
2AFC
2C7F
2DE7
2F33
3062
3172
3265
3339
33EF
3485
34FD
3555
358E
35A9
35A6
3584
3546
34EB
3474
33E2
3336
3272
3195
30A2
2F99
2E7B
2D4B
2C09
2AB7
2956
27E8
266D
24E9
235C
21C7
202D
1E8F
1CEE
1B4C
19AA
180A
166E
14D6
1344
11B9
1037
0EBE
0D51
0BF0
0A9B
0954
081C
06F3
05DA
04D1
03D9
02F3
021E
015A
00A9
0009
FF7C
FEFF
FE94
FE3B
FDF1
FDB7
FD8D
FD72
FD64
FD63
FD6E
FD85
FDA5
FDCF
FE00
FE38
FE75
FEB6
FEF9
FF3D
FF82
FFC5
0006
0042
0079
00AA
00D3
00F2
0107
0111
010D
00FC
00DC
00AC
006B
0019
FFB4
FF3C
FEB0
FE10
FD5C
FC92
FBB3
FABE
F9B4
F895
F760
F615
F4B6
F342
F1B9
F01C
EE6C
ECAB
EAD9
E8F6
E705
E506
E2FB
E0E5
DEC4
DC9C
DA6C
D837
D5FE
D3C4
D188
CF4F
CD18
CAE6
C8BB
C698
C480
C274
C075
BE86
BCA9
BADE
B929
B78A
B603
B495
B343
B20E
B0F6
AFFE
AF26
AE70
ADDC
AD6B
AD1E
ACF7
ACF4
AD18
AD61
ADD1
AE67
AF24
B007
B111
B240
B394
B50D
B6AA
B86A
BA4C
BC4F
BE72
C0B4
C313
C58E
C823
CAD0
CD95
D070
D35E
D65D
D96C
DC88
DFB0
E2E1
E618
E955
EC95
EFD4
F313
F64D
F981
FCAC
FFCD
02E2
05E8
08DD
0BBF
0E8D
1144
13E3
1667
18D0
1B1C
1D49
1F56
2142
230B
24B0
2632
278C
28C1
29D0
2AB8
2B78
2C11
2C83
2CCD
2CF0
2CEB
2CC0
2C6E
2BF7
2B5B
2A9B
29B7
28B2
278B
2644
24DF
235D
21BF
2007
1E37
1C50
1A54
1844
1624
13F3
11B6
0F6D
0D1A
0AC0
0860
05FD
0399
0135
FED4
FC76
FA20
F7D1
F58C
F352
F125
EF08
ECFA
EAFF
E916
E741
E582
E3DA
E249
E0D1
DF72
DE2D
DD03
DBF4
DB00
DA28
D96C
D8CC
D848
D7E0
D793
D764
D74F
D755
D774
D7AD
D7FD
D865
D8E4
D978
DA20
DADB
DBA9
DC87
DD75
DE71
DF79
E08D
E1AB
E2D2
E3FF
E533
E66A
E7A4
E8DF
EA1A
EB54
EC8A
EDBD
EEE9
F00F
F12C
F240
F349
F447
F538
F61C
F6F1
F7B8
F86E
F915
F9AA
FA2F
FAA2
FB03
FB52
FB8F
FBBA
FBD2
FBDA
FBCF
FBB4
FB88
FB4B
FAFF
FAA4
FA3C
F9C5
F943
F8B5
F81C
F77A
F6D0
F61F
F568
F4AB
F3EA
F328
F265
F1A3
F0E3
F026
EF6E
EEBB
EE10
ED6D
ECD3
EC44
EBC1
EB4C
EAE4
EA8B
EA42
EA0A
E9E4
E9D0
E9D0
E9E3
EA0A
EA46
EA97
EAFD
EB79
EC0A
ECB1
ED6E
EE40
EF28
F025
F136
F25C
F395
F4E2
F640
F7AF
F92F
FABE
FC5C
FE06
FFBD
017F
034A
051D
06F7
08D6
0AB9
0C9F
0E85
106B
124F
142F
1609
17DD
19A8
1B6A
1D20
1EC9
2064
21EF
236A
24D2
2627
2767
2892
29A5
2AA0
2B82
2C4A
2CF7
2D8A
2E00
2E5A
2E97
2EB6
2EB8
2E9D
2E63
2E0C
2D98
2D06
2C57
2B8B
2AA3
29A0
2882
2749
25F8
248E
230D
2175
1FC9
1E09
1C37
1A54
1861
165F
1450
1236
1012
0DE5
0BB1
0978
073C
04FD
02BE
0080
FE45
FC0E
F9DD
F7B3
F592
F37B
F170
EF72
ED82
EBA1
E9D1
E812
E667
E4CF
E34C
E1DE
E086
DF47
DE1F
DD0F
DC17
DB36
DA6F
D9C0
D92A
D8AC
D846
D7F9
D7C4
D7A7
D7A0
D7B0
D7D6
D811
D861
D8C4
D93B
D9C3
DA5C
DB04
DBBB
DC80
DD51
DE2D
DF13
E002
E0F8
E1F3
E2F4
E3F8
E4FE
E604
E709
E80C
E90C
EA07
EAFC
EBEA
ECCF
EDAB
EE7D
EF43
EFFD
F0AA
F149
F1D9
F25A
F2CB
F32C
F37C
F3BA
F3E7
F403
F40C
F404
F3EA
F3BE
F380
F332
F2D2
F262
F1E1
F151
F0B2
F005
EF4B
EE84
EDB2
ECD6
EBEF
EB00
EA09
E90C
E809
E702
E5F7
E4EB
E3DE
E2D1
E1C5
E0BD
DFB8
DEB9
DDC0
DCCF
DBE6
DB07
DA33
D96A
D8AF
D801
D762
D6D3
D655
D5E9
D58E
D547
D512
D4F2
D4E5
D4ED
D50A
D53B
D582
D5DE
D650
D6D6
D771
D821
D8E5
D9BC
DAA7
DBA5
DCB5
DDD7
DF09
E04C
E19D
E2FC
E469
E5E1
E765
E8F2
EA89
EC26
EDCC
EF76
F124
F2D4
F486
F637
F7E7
F994
FB3D
FCE1
FE7E
0014
01A0
0323
049A
0604
0761
08B0
09EF
0B1E
0C3C
0D47
0E40
0F25
0FF6
10B2
1159
11EA
1265
12CA
1318
1350
1370
1379
136C
1347
130C
12BB
1254
11D7
1145
109F
0FE5
0F17
0E37
0D45
0C42
0B2F
0A0D
08DC
079F
0654
04FF
03A0
0237
00C7
FF4F
FDD2
FC50
FACB
F944
F7BB
F632
F4AB
F324
F1A1
F022
EEA9
ED35
EBC8
EA64
E908
E7B6
E66E
E532
E401
E2DE
E1C7
E0BE
DFC4
DED8
DDFB
DD2D
DC6F
DBC0
DB22
DA94
DA15
D9A7
D948
D8FA
D8BA
D88A
D86A
D857
D853
D85D
D874
D897
D8C7
D902
D949
D999
D9F4
DA58
DAC4
DB38
DBB3
DC34
DCBB
DD47
DDD7
DE6B
DF01
DF9A
E034
E0CF
E16B
E206
E2A0
E338
E3CE
E462
E4F3
E580
E609
E68F
E70F
E789
E7FD
E86D
E8D6
E93B
E999
E9F2
EA46
EA94
EADC
EB1F
EB5C
EB95
EBC9
EBF9
EC24
EC4B
EC6F
EC90
ECAE
ECCA
ECE4
ECFD
ED15
ED2D
ED45
ED5D
ED77
ED93
EDB0
EDD1
EDF5
EE1B
EE45
EE74
EEA8
EEE2
EF22
EF68
EFB5
F00A
F065
F0C9
F134
F1A8
F224
F2A8
F335
F3CA
F468
F50E
F5BC
F673
F731
F7F8
F8C5
F99A
FA76
FB58
FC40
FD2E
FE20
FF17
0012
0111
0212
0316
041A
051F
0623
0726
0828
0927
0A22
0B19
0C0B
0CF7
0DDC
0EBA
0F90
105D
1120
11D9
1286
1327
13BC
1444
14BE
152A
1586
15D4
1611
163E
165B
1666
1661
164B
1624
15EB
15A1
1544
14D6
1456
13C4
1321
126D
11A8
10D2
0FEC
0EF7
0DF3
0CE0
0BBF
0A90
0955
080F
06BD
0561
03FB
028D
0118
FF9B
FE19
FC93
FB08
F97B
F7ED
F65D
F4CF
F341
F1B6
F02F
EEAD
ED30
EBB9
EA4B
E8E5
E789
E637
E4F1
E3B8
E28B
E16D
E05E
DF5E
DE6F
DD90
DCC3
DC08
DB60
DACB
DA4A
D9DC
D983
D93E
D90D
D8F1
D8EA
D8F7
D919
D94F
D999
D9F8
DA69
DAEE
DB87
DC31
DCEE
DDBD
DE9D
DF8D
E08D
E19D
E2BB
E3E7
E520
E666
E7B8
E914
EA7A
EBEA
ED62
EEE1
F067
F1F2
F382
F516
F6AD
F846
F9E0
FB7B
FD15
FEAD
0043
01D6
0364
04EE
0672
07F0
0967
0AD7
0C3E
0D9D
0EF2
103E
117F
12B5
13E0
1500
1614
171C
1817
1906
19E9
1ABF
1B88
1C44
1CF4
1D96
1E2C
1EB6
1F33
1FA5
200A
2064
20B3
20F7
2130
215F
2185
21A1
21B4
21BF
21C2
21BD
21B1
219F
2187
2169
2146
211F
20F3
20C5
2093
205F
2028
1FF1
1FB8
1F7F
1F45
1F0C
1ED3
1E9C
1E66
1E32
1E00
1DD1
1DA5
1D7C
1D56
1D34
1D16
1CFC
1CE5
1CD4
1CC7
1CBE
1CBA
1CBB
1CC0
1CCA
1CDA
1CED
1D06
1D23
1D45
1D6B
1D96
1DC4
1DF7
1E2D
1E68
1EA5
1EE6
1F2A
1F71
1FBA
2005
2053
20A2
20F2
2144
2196
21E8
223B
228D
22DF
2331
2381
23D0
241D
2469
24B3
24FA
253F
2581
25C0
25FC
2635
266A
269B
26C8
26F1
2716
2736
2752
2769
277B
2788
2790
2794
2792
278A
277C
2769
2751
2732
270D
26E3
26B2
267B
263E
25FB
25B2
2562
250D
24B0
244E
23E6
2377
2302
2286
2205
217D
20EF
205A
1FC0
1F1F
1E78
1DCC
1D19
1C60
1BA2
1ADE
1A15
1946
1871
1796
16B7
15D1
14E7
13F8
1304
120B
110D
100B
0F05
0DFB
0CED
0BDB
0AC7
09AF
0895
0778
0659
0538
0415
02F2
01CD
00A9
FF84
FE60
FD3C
FC1A
FAFA
F9DC
F8C1
F7A9
F695
F585
F479
F373
F272
F178
F084
EF98
EEB3
EDD7
ED04
EC3B
EB7B
EAC6
EA1C
E97D
E8EB
E865
E7EC
E781
E724
E6D5
E695
E665
E644
E633
E632
E642
E663
E696
E6DA
E72F
E796
E810
E89B
E938
E9E7
EAA8
EB7B
EC60
ED56
EE5D
EF75
F09E
F1D7
F320
F478
F5E0
F755
F8D9
FA69
FC06
FDAE
FF62
0120
02E7
04B7
068E
086D
0A51
0C39
0E25
1014
1205
13F7
15E8
17D7
19C4
1BAE
1D93
1F72
214A
231B
24E2
26A0
2853
29F9
2B92
2D1E
2E9A
3007
3162
32AD
33E4
3509
3619
3715
37FB
38CC
3986
3A29
3AB4
3B27
3B82
3BC5
3BEE
3BFF
3BF6
3BD4
3B99
3B44
3AD7
3A51
39B3
38FD
382F
374A
364F
353E
3417
32DC
318D
302B
2EB7
2D31
2B9C
29F7
2844
2685
24B9
22E2
2102
1F1A
1D2A
1B35
193B
173E
153F
133F
113F
0F41
0D46
0B4F
095E
0772
058F
03B4
01E4
001E
FE65
FCB8
FB1A
F98B
F80C
F69D
F540
F3F5
F2BD
F199
F089
EF8D
EEA7
EDD6
ED1A
EC75
EBE6
EB6C
EB09
EABD
EA87
EA68
EA5E
EA6B
EA8D
EAC4
EB10
EB70
EBE4
EC6A
ED04
EDAF
EE6B
EF37
F012
F0FC
F1F3
F2F7
F407
F521
F645
F772
F8A6
F9E1
FB20
FC65
FDAC
FEF6
0041
0189
02D1
0416
0558
0696
07D0
0903
0A30
0B54
0C71
0D84
0E8D
0F8B
107E
1166
1240
130E
13CE
1480
1524
15B9
1640
16B7
1720
1779
17C3
17FE
182A
1846
1854
1853
1844
1825
17F8
17BE
1777
1724
16C5
165A
15E5
1565
14DB
1449
13AE
130B
1261
11B0
10FA
103F
0F80
0EBC
0DF6
0D2E
0C63
0B98
0ACD
0A02
0937
086F
07A8
06E4
0623
0566
04AD
03F8
0349
029F
01FB
015D
00C5
0034
FFAA
FF26
FEAA
FE34
FDC5
FD5E
FCFD
FCA2
FC4F
FC01
FBBA
FB79
FB3D
FB07
FAD6
FAA9
FA81
FA5C
FA3A
FA1C
FA00
F9E6
F9CE
F9B6
F9A0
F987
F96F
F956
F93B
F91F
F900
F8E0
F8BC
F895
F86B
F83D
F80A
F7D4
F799
F758
F714
F6CA
F67A
F626
F5CD
F56E
F50A
F4A2
F434
F3C2
F34C
F2D1
F253
F1D1
F14D
F0C5
F03B
EFAE
EF20
EE90
EE01
ED71
ECE3
EC56
EBCC
EB44
EAC0
EA41
E9C7
E952
E8E5
E87E
E820
E7CA
E77E
E73C
E704
E6D9
E6B9
E6A6
E6A1
E6A9
E6C0
E6E5
E71A
E75F
E7B3
E818
E88D
E914
E9AC
EA55
EB0F
EBD9
ECB5
EDA1
EE9D
EFA9
F0C6
F1F1
F32B
F474
F5CB
F72E
F89E
FA1A
FBA1
FD31
FECB
006D
0216
03C5
0579
0731
08EC
0AA8
0C65
0E21
0FDB
1191
1343
14EF
1694
1830
19C3
1B4B
1CC7
1E36
1F97
20E8
2228
2357
2473
257B
266E
274C
2814
28C5
295E
29DE
2A45
2A93
2AC7
2AE1
2AE1
2AC5
2A8F
2A3E
29D3
294D
28AC
27F2
271D
262C
2522
2401
22C8
2178
2013
1E9A
1D0D
1B6D
19BD
17FC
162D
1450
1268
1075
0E79
0C75
0A6C
085E
064E
043C
022B
001D
FE12
FC0D
FA10
F81B
F630
F452
F282
F0C0
EF10
ED70
EBE4
EA6D
E90C
E7C3
E692
E57B
E47F
E39E
E2DA
E233
E1AA
E140
E0F4
E0C8
E0BB
E0CD
E100
E152
E1C4
E255
E306
E3D4
E4C1
E5CB
E6F2
E835
E993
EB0A
EC9A
EE42
F000
F1D5
F3BE
F5BA
F7C5
F9E0
FC08
FE3B
0079
02BE
0509
0759
09AB
0BFE
0E4F
109D
12E5
1527
175F
198D
1BAE
1DC0
1FC2
21B2
238E
2555
2706
289E
2A1C
2B80
2CC7
2DF1
2EFD
2FEA
30B7
3162
31ED
3255
329B
32BE
32BD
329A
3254
31EB
315F
30B0
2FE0
2EEF
2DDD
2CAB
2B5A
29EC
2861
26BB
24FA
2321
2130
1F2A
1D10
1AE4
18A7
165B
1403
11A0
0F35
0CC1
0A49
07CE
0553
02DA
0064
FDF4
FB8B
F92D
F6DA
F496
F261
F03E
EE2F
EC35
EA52
E888
E6D9
E545
E3CF
E278
E140
E029
DF34
DE63
DDB5
DD2B
DCC7
DC88
DC6F
DC7C
DCAF
DD09
DD89
DE30
DEFB
DFEC
E101
E239
E394
E511
E6AE
E86B
EA46
EC3E
EE51
F07D
F2C2
F51C
F78B
FA0D
FC9F
FF3F
01EC
04A3
0763
0A28
0CF2
0FBC
1287
154E
1811
1ACC
1D7E
2026
22C0
254A
27C3
2A28
2C78
2EB1
30D0
32D5
34BE
3688
3834
39BF
3B28
3C6E
3D90
3E8E
3F67
4019
40A5
410A
4148
415E
414D
4116
40B7
4031
3F86
3EB5
3DC0
3CA7
3B6B
3A0F
3892
36F6
353C
3366
3175
2F6C
2D4B
2B15
28CB
2670
2406
218E
1F0C
1C80
19ED
1755
14BC
1221
0F89
0CF6
0A68
07E3
0569
02FC
009E
FE51
FC17
F9F1
F7E3
F5ED
F411
F251
F0AF
EF2B
EDC8
EC85
EB65
EA67
E98E
E8D9
E84A
E7E0
E79D
E780
E78A
E7BA
E811
E88E
E931
E9F9
EAE6
EBF6
ED2A
EE7F
EFF6
F18C
F341
F512
F6FF
F906
FB25
FD5B
FFA4
0200
046C
06E7
096F
0C01
0E9B
113C
13E0
1686
192B
1BCE
1E6B
2102
238F
2610
2884
2AE8
2D3A
2F78
31A1
33B2
35AA
3787
3947
3AE8
3C6B
3DCC
3F0B
4027
411E
41F1
429D
4321
437E
43B3
43C0
43A6
4363
42F8
4264
41AA
40C7
3FBF
3E8F
3D3B
3BC2
3A26
3867
3687
3486
3267
302B
2DD3
2B62
28D7
2636
2381
20B8
1DDF
1AF6
1800
1500
11F6
0EE6
0BD2
08BC
05A5
0290
FF7F
FC73
F96E
F674
F385
F0A3
EDD1
EB10
E862
E5C8
E345
E0D9
DE86
DC4D
DA30
D830
D64D
D489
D2E5
D161
CFFE
CEBD
CD9E
CCA1
CBC7
CB0F
CA7A
CA08
C9B9
C98D
C982
C998
C9CF
CA26
CA9C
CB30
CBE1
CCAF
CD98
CE9A
CFB6
D0E9
D231
D38F
D4FF
D681
D813
D9B3
DB60
DD18
DEDA
E0A3
E273
E447
E61E
E7F5
E9CD
EBA2
ED74
EF40
F104
F2BF
F471
F618
F7B2
F93F
FABD
FC2B
FD88
FED3
000B
012F
023F
0339
041E
04EC
05A3
0643
06CC
073C
0795
07D6
07FF
0810
080A
07ED
07B9
076F
070E
0699
060F
0571
04BF
03FB
0326
0241
014C
0048
FF38
FE1B
FCF2
FBC0
FA85
F942
F7F9
F6AB
F558
F403
F2AB
F153
EFFC
EEA6
ED53
EC05
EABB
E977
E83A
E704
E5D8
E4B6
E39D
E291
E190
E09B
DFB7
DEE0
DE17
DD5D
DCB2
DC16
DB8A
DB0E
DAA1
DA45
D9F8
D9BB
D98F
D971
D964
D965
D975
D994
D9C1
D9FB
DA42
DA96
DAF6
DB62
DBD8
DC58
DCE1
DD73
DE0E
DEAF
DF57
E004
E0B7
E16D
E227
E2E4
E3A3
E464
E525
E5E6
E6A6
E765
E821
E8DB
E992
EA45
EAF3
EB9D
EC41
ECE0
ED79
EE0C
EE98
EF1D
EF9B
F012
F082
F0EA
F14B
F1A5
F1F8
F244
F289
F2C8
F2FF
F32F
F35B
F381
F3A2
F3BF
F3D8
F3ED
F3FF
F40F
F41D
F429
F434
F43F
F44A
F455
F462
F470
F480
F493
F4AA
F4C4
F4E1
F504
F52B
F558
F58B
F5C3
F602
F648
F695
F6E8
F743
F7A6
F810
F881
F8FA
F97A
FA02
FA90
FB26
FBC3
FC66
FD10
FDBF
FE75
FF2F
FFEE
00B1
0178
0243
030F
03DE
04AE
057F
064F
071F
07ED
08B9
0982
0A48
0B08
0BC3
0C79
0D26
0DCB
0E68
0EFC
0F85
1004
1078
10E0
113B
1189
11C9
11FB
121E
1232
1237
122C
1211
11E5
11A9
115C
10FF
1091
1012
0F82
0EE2
0E32
0D72
0CA2
0BC3
0AD5
09D8
08CE
07B3
068B
0558
0419
02D0
017E
0023
FEC0
FD56
FBE6
FA72
F8F9
F77E
F601
F484
F307
F18B
F012
EE9C
ED2C
EBC1
EA5D
E901
E7AF
E666
E529
E3F8
E2D4
E1BE
E0B6
DFBF
DED8
DE03
DD3F
DC8E
DBF0
DB66
DAF1
DA91
DA46
DA10
D9F0
D9E7
D9F3
DA16
DA4F
DA9D
DB02
DB7D
DC0C
DCB1
DD6B
DE38
DF19
E00E
E114
E22C
E355
E48D
E5D5
E72B
E88E
E9FD
EB77
ECFD
EE8C
F022
F1BF
F361
F507
F6B0
F85A
FA04
FBAE
FD55
FEF8
0097
0230
03C1
054B
06CB
0840
09AA
0B07
0C56
0D97
0EC8
0FE8
10F8
11F5
12DF
13B7
147A
1528
15C2
1646
16B5
170E
1751
177D
1793
1792
177B
174D
1709
16AF
163F
15BA
1521
1472
13B1
12DB
11F4
10FA
0FF0
0ED5
0DAB
0C73
0B2D
09DA
087C
0713
05A1
0426
02A4
011C
FF8F
FDFD
FC69
FAD3
F93C
F7A6
F612
F480
F2F2
F168
EFE5
EE68
ECF3
EB87
EA24
E8CC
E77F
E63E
E509
E3E2
E2C9
E1BF
E0C4
DFD8
DEFC
DE30
DD75
DCCB
DC32
DBAA
DB33
DACD
DA79
DA36
DA04
D9E3
D9D3
D9D3
D9E2
DA01
DA2F
DA6B
DAB6
DB0D
DB72
DBE2
DC5F
DCE6
DD77
DE12
DEB5
DF61
E014
E0CD
E18C
E251
E319
E3E5
E4B3
E583
E655
E727
E7F8
E8C9
E998
EA65
EB30
EBF8
ECBB
ED7A
EE34
EEE8
EF96
F03D
F0DE
F178
F20B
F296
F319
F394
F408
F474
F4D8
F534
F588
F5D5
F61A
F658
F68E
F6BF
F6E9
F70C
F72B
F744
F758
F768
F774
F77D
F784
F789
F78B
F78D
F78F
F790
F793
F797
F79D
F7A6
F7B2
F7C1
F7D6
F7EF
F80E
F833
F85F
F892
F8CC
F90F
F95A
F9AE
FA0B
FA72
FAE3
FB5D
FBE2
FC71
FD0B
FDAF
FE5E
FF18
FFDB
00A8
0180
0262
034D
0442
0541
0648
0758
0871
0990
0AB8
0BE6
0D1A
0E54
0F93
10D7
121E
1368
14B5
1604
1753
18A3
19F2
1B40
1C8C
1DD5
1F1B
205C
2197
22CD
23FC
2522
263F
2753
285E
295D
2A52
2B3B
2C17
2CE6
2DA8
2E5B
2F00
2F95
301B
3092
30F7
314C
3191
31C4
31E6
31F6
31F5
31E2
31BD
3187
313F
30E6
307B
3000
2F73
2ED6
2E29
2D6B
2C9D
2BC1
2AD6
29DD
28D6
27C1
26A1
2574
243D
22FA
21AE
2058
1EFA
1D94
1C26
1AB3
193A
17BB
1639
14B4
132C
11A2
1017
0E8B
0D01
0B77
09EF
086A
06E9
056B
03F2
0280
0115
FFB0
FE52
FCFC
FBAD
FA68
F92C
F7F9
F6D1
F5B3
F49F
F397
F29A
F1A8
F0C3
EFE9
EF1C
EE5B
EDA6
ECFE
EC63
EBD4
EB52
EADC
EA73
EA15
E9C5
E980
E947
E91A
E8F9
E8E4
E8DB
E8DD
E8E9
E8FF
E920
E949
E97C
E9B7
E9FB
EA47
EA9B
EAF5
EB57
EBBE
EC2C
EC9F
ED17
ED94
EE15
EE9A
EF22
EFAD
F03B
F0CB
F15C
F1F0
F284
F319
F3AE
F443
F4D8
F56D
F601
F693
F725
F7B4
F842
F8CD
F956
F9DD
FA60
FAE1
FB5E
FBD7
FC4D
FCBF
FD2E
FD98
FDFE
FE5F
FEBC
FF14
FF68
FFB7
0001
0047
0087
00C3
00F9
012B
0157
017F
01A1
01BF
01D7
01EB
01FA
0204
0209
0209
0205
01FC
01EF
01DD
01C7
01AC
018D
016B
0144
0119
00EB
00B9
0084
004B
000F
FFD0
FF8E
FF4A
FF03
FEB9
FE6E
FE20
FDD0
FD7F
FD2D
FCDA
FC86
FC30
FBDB
FB84
FB2E
FAD7
FA80
FA2A
F9D5
F980
F92D
F8DB
F88B
F83C
F7F0
F7A7
F760
F71D
F6DD
F6A0
F668
F634
F604
F5D9
F5B3
F593
F578
F563
F555
F54C
F54A
F550
F55D
F571
F58C
F5AF
F5DA
F60D
F648
F68B
F6D7
F72B
F788
F7EE
F85C
F8D3
F953
F9DC
FA6E
FB09
FBAC
FC58
FD0D
FDCB
FE91
FF5F
0035
0114
01FA
02E7
03DC
04D8
05DA
06E3
07F1
0906
0A1F
0B3E
0C61
0D88
0EB3
0FE1
1112
1245
1379
14B0
15E7
171E
1855
198C
1AC1
1BF4
1D25
1E53
1F7E
20A5
21C8
22E5
23FD
250F
261B
271F
281C
2910
29FD
2AE0
2BBA
2C8A
2D50
2E0B
2EBB
2F60
2FF8
3085
3105
3179
31DF
3238
3284
32C2
32F2
3314
3328
332E
3325
330E
32E9
32B5
3273
3223
31C4
3158
30DD
3055
2FBF
2F1C
2E6B
2DAE
2CE4
2C0E
2B2C
2A3E
2945
2841
2733
261A
24F8
23CC
2297
215A
2014
1EC7
1D72
1C17
1AB5
194D
17E0
166D
14F6
137B
11FC
107A
0EF5
0D6D
0BE4
0A59
08CD
0740
05B3
0426
0299
010D
FF82
FDFA
FC74
FAF0
F970
F7F3
F679
F504
F393
F226
F0BF
EF5C
EDFF
ECA7
EB56
EA0A
E8C5
E786
E64E
E51D
E3F2
E2CF
E1B3
E09F
DF92
DE8C
DD8E
DC99
DBAB
DAC4
D9E5
D90F
D840
D77A
D6BC
D606
D559
D4B4
D418
D384
D2F9
D277
D1FD
D18C
D123
D0C3
D06C
D01E
CFD8
CF9B
CF67
CF3C
CF19
CF00
CEEE
CEE6
CEE7
CEF0
CF01
CF1C
CF3F
CF6B
CFA0
CFDD
D022
D070
D0C6
D124
D189
D1F7
D26C
D2E9
D36D
D3F8
D48B
D525
D5C5
D66C
D719
D7CD
D886
D945
DA0A
DAD4
DBA3
DC76
DD4E
DE2B
DF0B
DFEF
E0D5
E1BF
E2AC
E39C
E48D
E580
E675
E76A
E860
E956
EA4C
EB41
EC35
ED28
EE1A
EF09
EFF6
F0E0
F1C7
F2AA
F38A
F465
F53C
F60F
F6DC
F7A4
F866
F922
F9D8
FA88
FB31
FBD3
FC6F
FD03
FD90
FE14
FE91
FF07
FF74
FFDA
0038
008E
00DD
0124
0163
019B
01CB
01F4
0216
0232
0246
0254
025C
025F
025B
0252
0244
0232
021B
0200
01E2
01C0
019C
0175
014C
0121
00F6
00C8
009A
006C
003E
0010
FFE4
FFBA
FF91
FF6A
FF46
FF26
FF08
FEEE
FED8
FEC6
FEB8
FEAF
FEAB
FEAC
FEB3
FEBF
FED0
FEE7
FF04
FF27
FF4F
FF7D
FFB0
FFEA
0028
006D
00B6
0104
0158
01AF
020B
026B
02CF
0336
039F
040B
0479
04E9
055A
05CC
063E
06B0
0721
0790
07FE
086A
08D3
0938
099A
09F7
0A4F
0AA2
0AEE
0B35
0B74
0BAC
0BDC
0C03
0C22
0C38
0C44
0C46
0C3E
0C2C
0C0F
0BE7
0BB4
0B76
0B2D
0AD8
0A77
0A0B
0994
0911
0883
07EA
0746
0697
05DE
051A
044D
0377
0297
01AF
00BF
FFC8
FECA
FDC5
FCBB
FBAB
FA97
F97E
F862
F744
F625
F505
F3E5
F2C7
F1AA
F090
EF7A
EE68
ED5B
EC54
EB54
EA5B
E96B
E884
E7A7
E6D4
E60D
E552
E4A3
E402
E36F
E2EA
E274
E20E
E1B7
E171
E13B
E116
E103
E0FF
E10D
E12C
E15E
E1A1
E1F6
E25D
E2D6
E360
E3FB
E4A7
E564
E630
E70D
E7F8
E8F3
E9FB
EB10
EC32
ED61
EE9A
EFDE
F12B
F281
F3DF
F543
F6AE
F81D
F991
FB07
FC7F
FDF8
FF72
00EA
0260
03D3
0541
06AB
080E
096A
0ABE
0C09
0D4A
0E7F
0FA9
10C7
11D7
12D9
13CC
14AF
1583
1645
16F6
1796
1823
189E
1905
195A
199B
19C9
19E3
19E9
19DC
19BB
1988
1942
18E9
187D
17FF
176F
16CE
161C
1559
1487
13A6
12B6
11BA
10B0
0F9B
0E7B
0D50
0C1D
0AE2
099F
0857
0709
05B8
0464
030E
01B7
0060
FF0B
FDB8
FC69
FB1E
F9D9
F89C
F765
F638
F513
F3F9
F2EA
F1E6
F0F0
F007
EF2D
EE61
EDA5
ECFA
EC5F
EBD6
EB5E
EAF9
EAA6
EA66
EA39
EA1F
EA19
EA26
EA47
EA7B
EAC2
EB1D
EB8A
EC0A
EC9D
ED41
EDF7
EEBE
EF95
F07C
F172
F276
F389
F4A8
F5D4
F70B
F84C
F998
FAEC
FC48
FDAB
FF15
0083
01F6
036C
04E4
065E
07D8
0951
0AC9
0C3E
0DB0
0F1D
1085
11E7
1342
1496
15E0
1722
185A
1987
1AAA
1BC0
1CC9
1DC5
1EB4
1F94
2066
2128
21DB
227F
2312
2396
2409
246B
24BD
24FE
252F
254F
255E
255E
254D
252D
24FD
24BD
246F
2412
23A8
232F
22AA
2218
217C
20D5
2023
1F67
1EA1
1DD3
1CFD
1C20
1B3B
1A51
1962
186D
1775
167A
157D
147D
137D
127C
117C
107C
0F7E
0E83
0D8A
0C94
0BA3
0AB7
09CF
08ED
0812
073D
066F
05A8
04EA
0435
0388
02E4
0249
01B7
0130
00B2
003E
FFD4
FF74
FF1F
FED4
FE93
FE5D
FE31
FE0F
FDF7
FDE9
FDE5
FDEA
FDF9
FE12
FE33
FE5C
FE8F
FEC9
FF0B
FF55
FFA6
FFFE
005C
00C0
0129
0197
020B
0283
02FF
037E
0401
0487
050F
059A
0626
06B3
0741
07CF
085E
08EC
0979
0A05
0A90
0B19
0B9F
0C23
0CA4
0D22
0D9D
0E13
0E86
0EF4
0F5D
0FC2
1021
107B
10CF
111D
1165
11A7
11E2
1217
1245
126D
128D
12A7
12B9
12C5
12C9
12C5
12BB
12A9
1290
126F
1248
1218
11E2
11A4
1160
1114
10C1
1067
1006
0F9F
0F31
0EBC
0E42
0DC1
0D3B
0CAE
0C1C
0B84
0AE7
0A45
099E
08F3
0843
078F
06D7
061C
055E
049D
03DA
0314
024D
0184
00BA
FFF0
FF25
FE5B
FD91
FCC8
FC00
FB3A
FA76
F9B5
F8F7
F83D
F786
F6D4
F626
F57E
F4DB
F43E
F3A8
F318
F290
F20F
F197
F127
F0C0
F061
F00D
EFC2
EF81
EF4B
EF20
EEFF
EEEA
EEE0
EEE2
EEEF
EF09
EF2F
EF61
EF9F
EFEA
F041
F0A4
F114
F190
F218
F2AC
F34C
F3F8
F4B0
F573
F641
F719
F7FC
F8E9
F9E0
FADF
FBE7
FCF7
FE0F
FF2D
0052
017D
02AC
03E0
0517
0651
078D
08CA
0A08
0B45
0C81
0DBB
0EF3
1026
1155
127F
13A3
14BF
15D3
16DF
17E1
18D8
19C4
1AA4
1B76
1C3C
1CF2
1D9A
1E32
1EB9
1F30
1F94
1FE7
2027
2053
206C
2071
2062
203E
2005
1FB7
1F54
1EDB
1E4D
1DAA
1CF1
1C23
1B40
1A48
193C
181B
16E7
159E
1443
12D5
1155
0FC4
0E21
0C6F
0AAE
08DE
0701
0517
0322
0121
FF17
FD05
FAEA
F8C9
F6A3
F478
F24A
F01A
EDE9
EBB8
E989
E75D
E534
E311
E0F4
DEDE
DCD0
DACC
D8D4
D6E7
D507
D335
D172
CFC0
CE1E
CC8E
CB10
C9A6
C850
C70F
C5E4
C4CE
C3D0
C2E8
C218
C15F
C0BF
C037
BFC8
BF72
BF35
BF10
BF04
BF11
BF37
BF74
BFCA
C036
C0BA
C154
C205
C2CB
C3A7
C498
C59C
C6B4
C7DE
C91A
CA66
CBC3
CD2E
CEA8
D02E
D1C1
D35F
D507
D6B7
D870
DA30
DBF6
DDC0
DF8F
E160
E332
E506
E6D9
E8AA
EA79
EC45
EE0B
EFCC
F186
F33A
F4E6
F689
F823
F9B4
FB39
FCB4
FE23
FF85
00DB
0224
0360
048D
05AD
06BF
07C2
08B7
099D
0A75
0B3E
0BF9
0CA6
0D44
0DD4
0E57
0ECC
0F34
0F8F
0FDD
101F
1055
107F
109F
10B4
10C0
10C3
10BD
10B0
109B
107F
105D
1035
1009
0FD8
0FA3
0F6C
0F32
0EF5
0EB8
0E7A
0E3B
0DFC
0DBE
0D82
0D46
0D0D
0CD6
0CA2
0C71
0C43
0C19
0BF1
0BCD
0BAD
0B92
0B7B
0B68
0B5A
0B50
0B4A
0B49
0B4C
0B53
0B5E
0B6D
0B80
0B95
0BAE
0BC9
0BE7
0C06
0C28
0C4B
0C6F
0C93
0CB8
0CDC
0D00
0D22
0D43
0D62
0D7F
0D99
0DAF
0DC1
0DD0
0DDA
0DDF
0DDF
0DDA
0DCF
0DBF
0DA8
0D8B
0D67
0D3C
0D0B
0CD2
0C93
0C4C
0BFE
0BA9
0B4D
0AE9
0A7F
0A0E
0996
0918
0893
0808
0778
06E2
0647
05A8
0504
045C
03B1
0303
0252
019F
00EA
0034
FF7E
FEC7
FE11
FD5C
FCA9
FBF8
FB49
FA9E
F9F6
F952
F8B3
F81A
F786
F6F8
F671
F5F1
F579
F508
F4A0
F440
F3E8
F39A
F356
F31B
F2E9
F2C2
F2A4
F291
F287
F288
F292
F2A7
F2C5
F2ED
F31E
F359
F39C
F3E9
F43D
F49A
F4FF
F56B
F5DE
F657
F6D7
F75B
F7E5
F873
F905
F99B
FA33
FACD
FB69
FC05
FCA2
FD3F
FDDA
FE72
FF07
FF99
0028
00B3
0139
01BA
0236
02AB
031A
0382
03E3
043C
048C
04D5
0515
054C
057A
059E
05B9
05CB
05D4
05D3
05C8
05B4
0597
0570
0541
0509
04C8
047F
042F
03D3
0371
0307
0298
0223
01A8
0129
00A5
001F
FF95
FF09
FE7C
FDEE
FD60
FCD2
FC46
FBBB
FB33
FAAF
FA2F
F9B3
F93D
F8CD
F864
F802
F7A9
F758
F710
F6D2
F69F
F676
F658
F646
F641
F647
F65A
F67A
F6A7
F6E1
F728
F77E
F7E0
F851
F8CF
F95A
F9F3
FA99
FB4D
FC0D
FCDA
FDB3
FE97
FF88
0083
0189
0298
03B1
04D4
05FE
0730
0868
09A7
0AEC
0C35
0D83
0ED5
1029
117E
12D4
142A
157F
16D2
1822
196F
1AB8
1BFD
1D3B
1E74
1FA5
20CF
21F0
2308
2417
251C
2616
2706
27E9
28C1
298C
2A4B
2AFC
2BA1
2C38
2CC1
2D3C
2DAA
2E09
2E5A
2E9D
2ED2
2EFA
2F13
2F1F
2F1E
2F10
2EF5
2ECE
2E9C
2E5D
2E14
2DC0
2D63
2CFC
2C8C
2C14
2B94
2B0E
2A81
29EE
2957
28BB
281B
2779
26D4
262D
2586
24DE
2437
2390
22EA
2246
21A5
2108
206E
1FD9
1F48
1EBD
1E37
1DB7
1D3E
1CCB
1C5F
1BFB
1B9D
1B47
1AF9
1AB2
1A73
1A3B
1A0C
19E3
19C2
19A8
1995
1989
1984
1984
198B
1997
19A8
19BE
19D8
19F6
1A17
1A3B
1A61
1A8A
1AB3
1ADD
1B07
1B30
1B59
1B7F
1BA4
1BC5
1BE3
1BFD
1C13
1C23
1C2E
1C33
1C32
1C29
1C19
1C02
1BE2
1BB9
1B89
1B4F
1B0C
1ABF
1A69
1A0A
19A0
192D
18B1
182B
179C
1704
1663
15B9
1507
144D
138B
12C3
11F3
111E
1043
0F63
0E7F
0D97
0CAC
0BBF
0AD0
09E1
08F1
0802
0715
062A
0543
0460
0381
02A9
01D7
010C
0049
FF90
FEE0
FE3C
FDA3
FD16
FC97
FC25
FBC3
FB6F
FB2B
FAF8
FAD6
FAC6
FAC8
FADC
FB03
FB3D
FB8B
FBEC
FC61
FCEB
FD88
FE39
FEFF
FFD8
00C5
01C6
02DA
0401
053A
0686
07E3
0950
0ACF
0C5D
0DF9
0FA4
115D
1322
14F2
16CE
18B3
1AA1
1C97
1E93
2096
229C
24A6
26B3
28C0
2ACE
2CDA
2EE4
30EA
32EC
34E8
36DC
38C9
3AAC
3C85
3E52
4013
41C6
436A
4500
4684
47F7
4958
4AA6
4BE0
4D05
4E15
4F10
4FF4
50C1
5177
5215
529A
5308
535D
539A
53BD
53C8
53BA
5394
5355
52FE
528F
5208
516A
50B6
4FEB
4F0A
4E15
4D0B
4BED
4ABD
497A
4827
46C3
454F
43CD
423E
40A3
3EFC
3D4A
3B90
39CD
3804
3635
3460
3289
30AF
2ED3
2CF8
2B1D
2945
276F
259E
23D2
220C
204E
1E98
1CEB
1B48
19B0
1824
16A5
1534
13D0
127C
1136
1000
0EDB
0DC7
0CC4
0BD2
0AF2
0A25
096A
08C1
082A
07A7
0736
06D7
068A
0650
0628
0611
060C
0617
0633
065F
069A
06E4
073D
07A3
0816
0896
0922
09B9
0A5A
0B04
0BB7
0C71
0D32
0DF9
0EC5
0F95
1069
113E
1215
12ED
13C4
1499
156D
163D
1709
17D1
1893
194F
1A03
1AB0
1B54
1BEE
1C7F
1D05
1D80
1DF0
1E53
1EA9
1EF2
1F2D
1F5C
1F7C
1F8E
1F92
1F88
1F6F
1F47
1F11
1ECD
1E7A
1E19
1DAA
1D2C
1CA1
1C09
1B63
1AB1
19F2
1928
1852
1771
1686
1591
1493
138D
127E
1168
104C
0F2A
0E01
0CD4
0BA3
0A70
093A
0804
06CD
0596
0461
032E
01FD
00D1
FFA8
FE85
FD68
FC51
FB42
FA3B
F93C
F847
F75C
F67B
F5A6
F4DC
F41E
F36D
F2C9
F233
F1AB
F130
F0C4
F067
F018
EFD8
EFA7
EF85
EF73
EF71
EF7D
EF9A
EFC5
F000
F049
F0A2
F108
F17D
F200
F290
F32E
F3D7
F48E
F54F
F61C
F6F4
F7D5
F8C0
F9B3
FAAF
FBB2
FCBC
FDCC
FEE2
FFFC
011A
023B
035E
0483
05A9
06D0
07F6
091B
0A3E
0B5E
0C7B
0D94
0EA8
0FB6
10BF
11C1
12BB
13AD
1497
1578
164F
171C
17DE
1895
1940
19E0
1A74
1AFB
1B75
1BE2
1C42
1C94
1CD9
1D11
1D3B
1D57
1D66
1D68
1D5B
1D42
1D1B
1CE7
1CA6
1C59
1C00
1B9B
1B2A
1AAE
1A27
1996
18FB
1856
17A9
16F4
1636
1571
14A6
13D4
12FD
1221
1141
105D
0F77
0E8D
0DA2
0CB6
0BCA
0ADE
09F3
0909
0821
073B
0659
057A
04A0
03CA
02FA
022F
016B
00AD
FFF6
FF46
FE9E
FDFE
FD66
FCD7
FC51
FBD3
FB5F
FAF4
FA92
FA3A
F9EB
F9A5
F969
F936
F90D
F8EA
F8D1
F8C0
F8B8
F8B8
F8C1
F8D1
F8E9
F908
F92E
F95A
F98C
F9C3
FA00
FA41
FA86
FACE
FB19
FB67
FBB7
FC07
FC59
FCAB
FCFC
FD4D
FD9C
FDE9
FE34
FE7C
FEC0
FF00
FF3C
FF70
FF9F
FFC8
FFEB
0008
001E
002D
0035
0035
002E
001E
0007
FFE7
FFBE
FF8D
FF54
FF11
FEC7
FE73
FE18
FDB4
FD47
FCD3
FC57
FBD4
FB49
FAB7
FA1F
F981
F8DC
F833
F785
F6D2
F61B
F561
F4A4
F3E5
F325
F263
F1A1
F0E0
F020
EF61
EEA4
EDEA
ED33
EC81
EBD3
EB2A
EA88
E9EC
E957
E8CA
E845
E7C9
E756
E6ED
E68F
E63B
E5F2
E5B5
E584
E55F
E547
E53C
E53E
E54E
E56C
E597
E5D0
E617
E66C
E6CF
E73F
E7BD
E849
E8E2
E988
EA3B
EAFA
EBC6
EC9E
ED81
EE6F
EF68
F06B
F177
F28D
F3AB
F4D1
F5FE
F731
F86A
F9A9
FAEC
FC33
FD7C
FEC8
0016
0165
02B4
0402
054F
069A
07E2
0927
0A67
0BA3
0CD9
0E09
0F31
1052
116B
127B
1381
147D
156F
1656
1731
1800
18C3
1979
1A23
1ABF
1B4D
1BCD
1C40
1CA5
1CFB
1D44
1D7E
1DAA
1DC8
1DD7
1DD9
1DCD
1DB3
1D8C
1D57
1D16
1CC7
1C6D
1C06
1B94
1B17
1A8E
19FC
195F
18B9
180A
1753
1694
15CD
1500
142C
1353
1275
1192
10AB
0FC1
0ED5
0DE7
0CF8
0C07
0B16
0A25
0934
0844
0756
0669
057F
0497
03B3
02D2
01F5
011C
0048
FF78
FEAE
FDE9
FD29
FC70
FBBC
FB0E
FA66
F9C5
F929
F895
F806
F77E
F6FC
F681
F60B
F59B
F531
F4CD
F46F
F417
F3C4
F376
F32E
F2EA
F2AB
F271
F23C
F20A
F1DD
F1B4
F18E
F16C
F14C
F131
F118
F101
F0EE
F0DC
F0CD
F0C0
F0B5
F0AC
F0A5
F09F
F09B
F099
F095
F093
F092
F093
F095
F098
F09C
F0A3
F0AA
F0B3
F0BE
F0CB
F0DA
F0EB
F0FE
F113
F12B
F145
F163
F183
F1A7
F1CE
F1F8
F227
F259
F28F
F2CA
F309
F34C
F394
F3E2
F434
F48B
F4E7
F549
F5B0
F61C
F68F
F706
F783
F806
F88F
F91C
F9AF
FA47
FAE5
FB87
FC2E
FCD9
FD89
FE3C
FEF4
FFAF
006D
012D
01F0
02B5
037B
0443
050B
05D4
069C
0763
082A
08EF
09B3
0A73
0B31
0BEA
0C9F
0D50
0DFA
0E9F
0F3D
0FD4
1063
10EA
1168
11DD
1249
12AB
1301
134E
138E
13C3
13EC
1409
1419
141D
1413
13FC
13D8
13A6
1367
131B
12C1
125A
11E5
1164
10D5
1039
0F91
0EDD
0E1D
0D51
0C7A
0B98
0AAC
09B6
08B7
07B0
06A0
0589
046B
0346
021D
00EF
FFBC
FE87
FD4F
FC15
FADB
F9A0
F866
F72D
F5F7
F4C4
F394
F269
F143
F023
EF09
EDF7
ECEE
EBEC
EAF5
EA07
E924
E84B
E77F
E6BE
E60A
E563
E4C9
E43C
E3BD
E34D
E2EA
E295
E24F
E217
E1ED
E1D2
E1C4
E1C4
E1D2
E1EE
E216
E24B
E28C
E2D9
E330
E393
E3FF
E475
E4F4
E57A
E608
E69D
E738
E7D8
E87C
E924
E9CF
EA7C
EB29
EBD8
EC86
ED32
EDDD
EE84
EF28
EFC8
F062
F0F6
F184
F20A
F288
F2FD
F369
F3CB
F423
F46F
F4B0
F4E4
F50D
F529
F538
F53B
F530
F518
F4F2
F4C0
F480
F433
F3D9
F373
F300
F281
F1F7
F161
F0C0
F016
EF62
EEA5
EDDF
ED13
EC3F
EB66
EA87
E9A5
E8BF
E7D7
E6EE
E604
E51A
E433
E34E
E26E
E192
E0BC
DFED
DF25
DE67
DDB3
DD09
DC6B
DBDA
DB57
DAE2
DA7C
DA27
D9E2
D9AF
D98D
D97F
D984
D99D
D9C9
DA0B
DA61
DACD
DB4E
DBE5
DC91
DD53
DE2C
DF1A
E01D
E136
E263
E3A5
E4FB
E665
E7E2
E971
EB11
ECC3
EE85
F056
F235
F422
F61B
F81F
FA2E
FC45
FE65
008B
02B6
04E6
0718
094D
0B81
0DB4
0FE5
1213
143B
165D
1878
1A89
1C91
1E8D
207C
225D
242F
25F1
27A2
2940
2ACC
2C42
2DA4
2EF0
3024
3142
3247
3333
3406
34BF
355D
35E1
364A
3699
36CB
36E3
36DF
36C0
3686
3631
35C1
3537
3493
33D6
3300
3211
310A
2FED
2EB9
2D70
2C12
2AA0
291C
2786
25DF
2428
2263
2090
1EB2
1CC8
1AD4
18D7
16D3
14C9
12B9
10A6
0E90
0C79
0A61
084B
0637
0426
0219
0013
FE13
FC1B
FA2C
F846
F66B
F49C
F2D9
F123
EF7B
EDE2
EC58
EADF
E975
E81D
E6D7
E5A2
E480
E370
E273
E189
E0B2
DFEF
DF3F
DEA3
DE1A
DDA4
DD41
DCF1
DCB4
DC89
DC70
DC69
DC73
DC8F
DCBB
DCF7
DD42
DD9D
DE06
DE7D
DF01
DF92
E02F
E0D7
E18A
E247
E30E
E3DE
E4B5
E594
E67A
E767
E859
E950
EA4B
EB4A
EC4D
ED52
EE5A
EF63
F06D
F178
F284
F390
F49A
F5A4
F6AD
F7B5
F8BB
F9BF
FAC1
FBC1
FCBE
FDB8
FEB0
FFA5
0097
0185
0271
035A
043F
0521
0600
06DC
07B5
088B
095E
0A2E
0AFB
0BC6
0C8E
0D53
0E16
0ED7
0F95
1051
110B
11C2
1278
132C
13DD
148C
153A
15E6
168F
1737
17DC
1880
1921
19C0
1A5D
1AF7
1B8F
1C24
1CB5
1D44
1DCF
1E57
1EDB
1F5A
1FD6
204C
20BE
212A
2190
21F1
224B
229E
22EB
232F
236C
23A1
23CD
23EF
2409
2418
241E
2419
240A
23EF
23CA
2399
235C
2313
22BF
225E
21F0
2176
20F0
205D
1FBD
1F11
1E58
1D92
1CC0
1BE2
1AF7
1A01
18FF
17F2
16DA
15B7
1489
1352
1211
10C7
0F74
0E19
0CB7
0B4D
09DE
0868
06EE
056F
03ED
0267
00DF
FF56
FDCD
FC43
FABA
F933
F7AE
F62C
F4AF
F336
F1C3
F056
EEF0
ED93
EC3E
EAF2
E9B2
E87C
E752
E633
E522
E41E
E327
E23F
E165
E09B
DFE1
DF36
DE9C
DE13
DD9A
DD32
DCDC
DC97
DC64
DC42
DC32
DC33
DC46
DC6A
DC9F
DCE4
DD3A
DDA1
DE17
DE9D
DF31
DFD5
E087
E146
E213
E2EB
E3D0
E4BF
E5B8
E6BB
E7C7
E8DB
E9F6
EB18
EC40
ED6C
EE9D
EFD2
F109
F242
F37C
F4B7
F5F1
F72A
F861
F995
FAC6
FBF3
FD1B
FE3D
FF5A
006F
017E
0284
0381
0476
0561
0642
0719
07E5
08A7
095D
0A08
0AA7
0B3A
0BC1
0C3B
0CAA
0D0B
0D61
0DAA
0DE7
0E17
0E3C
0E54
0E60
0E61
0E56
0E41
0E20
0DF5
0DC0
0D80
0D38
0CE6
0C8C
0C29
0BBE
0B4B
0AD3
0A54
09CF
0946
08B7
0825
078F
06F5
0659
05BB
051B
047A
03D7
0335
0292
01F0
014E
00AD
000E
FF71
FED6
FE3D
FDA7
FD14
FC85
FBF8
FB70
FAEB
FA6B
F9EE
F975
F901
F891
F826
F7BF
F75D
F700
F6A8
F655
F606
F5BD
F578
F537
F4FC
F4C5
F492
F464
F43B
F416
F3F5
F3D8
F3BF
F3AA
F399
F38C
F382
F37C
F379
F37A
F37E
F385
F38E
F39A
F3A9
F3BB
F3CF
F3E6
F3FF
F41A
F438
F458
F47B
F4A1
F4C8
F4F3
F51F
F54F
F581
F5B6
F5EE
F629
F667
F6A8
F6EC
F734
F77F
F7CD
F81F
F875
F8CF
F92D
F98F
F9F4
FA5E
FACC
FB3F
FBB5
FC30
FCAF
FD33
FDBB
FE47
FED7
FF6C
0005
00A2
0143
01E7
0290
033C
03EC
049F
0555
060D
06C9
0786
0846
0907
09CA
0A8E
0B53
0C18
0CDD
0DA2
0E66
0F28
0FE9
10A8
1164
121E
12D4
1386
1435
14DE
1583
1622
16BB
174D
17D8
185C
18D9
194D
19B8
1A1B
1A74
1AC3
1B08
1B43
1B74
1B99
1BB3
1BC2
1BC5
1BBD
1BA8
1B88
1B5B
1B21
1ADA
1A87
1A29
19BE
1948
18C6
1839
17A0
16FD
164F
1597
14D5
140A
1335
1259
1174
1087
0F93
0E99
0D99
0C94
0B8A
0A7D
096C
0858
0742
062B
0514
03FC
02E6
01D1
00BC
FFAB
FE9E
FD95
FC91
FB93
FA9B
F9AA
F8C1
F7E0
F708
F63A
F575
F4BB
F40B
F367
F2CF
F243
F1C3
F150
F0E9
F090
F045
F007
EFD6
EFB3
EF9E
EF96
EF9C
EFAF
EFCF
EFFD
F039
F082
F0D7
F138
F1A4
F21C
F29E
F32A
F3C0
F45F
F507
F5B6
F66C
F729
F7EC
F8B4
F980
FA51
FB24
FBF9
FCD0
FDA7
FE7F
FF55
002A
00FD
01CD
0299
0361
0423
04E0
0597
0648
06F1
0792
082B
08BA
0940
09BB
0A2C
0A92
0AED
0B3C
0B80
0BB8
0BE3
0C03
0C17
0C1F
0C1A
0C0A
0BED
0BC5
0B92
0B53
0B0A
0AB6
0A58
09F0
097F
0905
0883
07F9
0769
06D1
0632
058F
04E7
043C
038D
02DD
022B
0178
00C5
0013
FF63
FEB6
FE0C
FD65
FCC4
FC29
FB93
FB05
FA7F
FA01
F98D
F923
F8C3
F86E
F824
F7E7
F7B6
F793
F77C
F774
F77A
F78C
F7AD
F7DD
F81B
F869
F8C5
F930
F9A9
FA32
FAC8
FB6D
FC20
FCE1
FDAF
FE89
FF70
0063
0161
026A
037E
049A
05C0
06ED
0822
095D
0A9E
0BE4
0D2E
0E7B
0FCB
111C
126D
13BF
150F
165E
17A9
18F0
1A32
1B6F
1CA4
1DD3
1EF8
2015
2127
222F
232B
241B
24FE
25D3
269A
2753
27FC
2895
291E
2997
29FF
2A55
2A9A
2ACE
2AEF
2AFF
2AFD
2AE9
2AC4
2A8E
2A46
29ED
2984
290A
287F
27E5
273C
2684
25BE
24EA
2409
231D
2224
2121
2014
1EFE
1DE0
1CBA
1B8E
1A5D
1926
17EC
16B0
1571
1432
12F3
11B6
107A
0F41
0E0D
0CDD
0BB4
0A91
0976
0864
075B
065C
0568
0480
03A4
02D5
0214
0161
00BC
0027
FFA2
FF2C
FEC7
FE73
FE30
FDFD
FDDC
FDCD
FDCE
FDE1
FE06
FE3B
FE81
FED8
FF40
FFB7
003E
00D5
017A
022E
02EF
03BD
0498
057E
066F
076A
086F
097C
0A90
0BAC
0CCC
0DF2
0F1B
1047
1174
12A2
13D0
14FD
1627
174D
186F
198C
1AA2
1BB0
1CB6
1DB3
1EA5
1F8C
2067
2135
21F5
22A7
2349
23DC
245E
24CF
252E
257B
25B6
25DD
25F1
25F1
25DC
25B4
2577
2525
24BF
2444
23B5
2311
2259
218D
20AD
1FBA
1EB4
1D9B
1C71
1B34
19E7
188A
171D
15A2
1418
1281
10DE
0F2F
0D76
0BB4
09E9
0817
063F
0461
0280
009B
FEB5
FCCE
FAE7
F902
F720
F542
F369
F196
EFCB
EE09
EC50
EAA2
E900
E76A
E5E3
E46A
E302
E1AA
E064
DF30
DE10
DD03
DC0C
DB29
DA5D
D9A7
D908
D880
D810
D7B9
D77A
D753
D745
D751
D775
D7B2
D808
D877
D8FE
D99E
DA56
DB25
DC0B
DD08
DE1B
DF44
E081
E1D3
E338
E4AF
E639
E7D3
E97D
EB36
ECFC
EED0
F0AF
F299
F48D
F689
F88D
FA96
FCA5
FEB7
00CC
02E1
04F7
070B
091D
0B2B
0D35
0F38
1133
1326
1510
16EF
18C1
1A87
1C3F
1DE8
1F81
2109
227F
23E3
2532
266C
2792
28A3
299D
2A81
2B4D
2C02
2C9F
2D24
2D91
2DE5
2E20
2E43
2E4C
2E3E
2E16
2DD6
2D7F
2D0F
2C88
2BEA
2B35
2A6B
298B
2896
278D
2671
2542
2401
22AF
214E
1FDD
1E5D
1CD0
1B37
1993
17E5
162D
146E
12A7
10DB
0F0A
0D36
0B5F
0987
07AF
05D7
0402
0230
0062
FE9A
FCD7
FB1C
F969
F7C0
F620
F48C
F303
F187
F018
EEB8
ED66
EC24
EAF1
E9D0
E8BF
E7C0
E6D2
E5F7
E52E
E478
E3D4
E343
E2C5
E25A
E201
E1BB
E187
E165
E155
E156
E169
E18C
E1BF
E201
E253
E2B2
E320
E39A
E421
E4B3
E550
E5F7
E6A6
E75F
E81D
E8E2
E9AD
EA7D
EB50
EC27
ED00
EDDA
EEB5
EF8F
F068
F13F
F213
F2E3
F3AE
F474
F534
F5EC
F69E
F747
F7E7
F87E
F90B
F98E
FA06
FA72
FAD3
FB28
FB71
FBAD
FBDD
FC00
FC14
FC1C
FC17
FC05
FBE6
FBBB
FB84
FB40
FAF1
FA97
FA31
F9C2
F948
F8C5
F838
F7A4
F708
F664
F5BB
F50B
F457
F39F
F2E3
F224
F163
F0A1
EFDF
EF1E
EE5D
ED9F
ECE3
EC2B
EB77
EAC7
EA1E
E97B
E8DF
E84B
E7BF
E73C
E6C3
E655
E5F1
E598
E54B
E50A
E4D5
E4AD
E492
E485
E485
E492
E4AD
E4D5
E50C
E550
E5A1
E600
E66C
E6E6
E76C
E7FE
E89D
E947
E9FB
EABA
EB84
EC57
ED34
EE19
EF06
EFFB
F0F6
F1F7
F2FE
F409
F517
F629
F73E
F853
F96A
FA80
FB95
FCA9
FDBB
FECA
FFD4
00DB
01DC
02D7
03CC
04BA
05A0
067E
0753
081F
08E1
0998
0A46
0AE8
0B80
0C0C
0C8D
0D03
0D6C
0DCB
0E1D
0E63
0E9E
0ECE
0EF2
0F0B
0F18
0F1C
0F15
0F03
0EE9
0EC5
0E98
0E64
0E27
0DE4
0D9A
0D4A
0CF5
0C9C
0C3E
0BDD
0B7B
0B17
0AB2
0A4C
09E6
0981
091E
08BD
085F
0804
07AE
075C
0710
06CA
068A
0652
0621
05F8
05D8
05C0
05B2
05AD
05B2
05C0
05D9
05FD
062A
0662
06A5
06F1
0748
07A9
0815
088A
0908
098F
0A1F
0AB7
0B56
0BFD
0CAA
0D5E
0E16
0ED4
0F96
105B
1122
11EC
12B7
1382
144D
1517
15DF
16A4
1766
1823
18DB
198D
1A38
1ADC
1B77
1C0A
1C92
1D10
1D81
1DE6
1E3E
1E8A
1EC8
1EF8
1F1A
1F2D
1F31
1F25
1F09
1EDE
1EA2
1E56
1DF9
1D8D
1D10
1C83
1BE6
1B39
1A7C
19B1
18D6
17ED
16F7
15F2
14E2
13C5
129C
1169
102B
0EE5
0D94
0C3C
0ADE
097A
0811
06A5
0536
03C5
0253
00E2
FF73
FE05
FC9C
FB37
F9D7
F87E
F72D
F5E4
F4A5
F370
F247
F12A
F01A
EF18
EE25
ED41
EC6D
EBAA
EAF9
EA59
E9CC
E952
E8EC
E899
E85A
E82F
E819
E816
E828
E84F
E88A
E8D8
E93B
E9B2
EA3C
EAD9
EB89
EC4B
ED1F
EE04
EEF9
EFFE
F112
F235
F365
F4A2
F5EB
F73E
F89C
FA03
FB72
FCE8
FE64
FFE5
016A
02F2
047C
0607
0792
091B
0AA2
0C25
0DA4
0F1E
1092
11FE
1362
14BD
160F
1756
1891
19C1
1AE4
1BF9
1D01
1DFA
1EE4
1FBF
208B
2146
21F1
228C
2316
238F
23F7
244F
2496
24CC
24F2
2507
250C
2502
24E8
24BE
2487
2440
23ED
238C
231E
22A4
221F
218F
20F5
2052
1FA6
1EF2
1E37
1D75
1CAE
1BE1
1B11
1A3D
1966
188D
17B3
16D9
15FF
1526
144F
137B
12AA
11DC
1112
104D
0F8D
0ED2
0E1D
0D6F
0CC7
0C26
0B8C
0AFA
0A70
09ED
0972
08FF
0895
0832
07D7
0785
073A
06F6
06BA
0686
0658
0630
060F
05F4
05DF
05CF
05C4
05BE
05BB
05BC
05C0
05C6
05CE
05D7
05E1
05EB
05F5
05FF
0607
060D
0612
0613
0612
060D
0605
05F8
05E6
05D0
05B4
0593
056D
0540
050E
04D5
0496
0451
0405
03B3
035B
02FC
0298
022D
01BD
0147
00CD
004D
FFC9
FF40
FEB4
FE24
FD91
FCFC
FC64
FBCC
FB32
FA97
F9FD
F964
F8CC
F835
F7A1
F711
F684
F5FB
F577
F4F9
F480
F40F
F3A5
F342
F2E8
F296
F24F
F210
F1DD
F1B4
F195
F183
F17C
F181
F192
F1B0
F1DA
F211
F255
F2A6
F303
F36D
F3E3
F466
F4F6
F591
F638
F6EB
F7A9
F871
F944
FA21
FB06
FBF5
FCEC
FDEA
FEEF
FFFA
010B
0221
033B
0458
0579
069B
07BE
08E2
0A05
0B28
0C48
0D66
0E81
0F97
10A8
11B4
12B9
13B7
14AE
159C
1681
175C
182E
18F4
19AF
1A5F
1B03
1B9A
1C24
1CA1
1D0F
1D70
1DC2
1E07
1E3E
1E67
1E82
1E8E
1E8D
1E7F
1E62
1E38
1E02
1DBE
1D6E
1D12
1CAB
1C38
1BBA
1B33
1AA2
1A08
1965
18BB
1809
1752
1694
15D1
150A
1440
1372
12A3
11D1
10FF
102D
0F5C
0E8D
0DBF
0CF5
0C2E
0B6B
0AAD
09F4
0941
0894
07EE
0750
06BA
062B
05A5
0528
04B5
044A
03E9
0392
0344
0301
02C7
0298
0272
0256
0243
023A
023A
0245
0258
0274
0297
02C2
02F4
032D
036C
03B1
03FB
044A
049D
04F3
054C
05A7
0604
0662
06C0
071E
077B
07D6
082F
0886
08D9
0928
0972
09B7
09F7
0A30
0A63
0A8E
0AB2
0ACD
0AE1
0AEB
0AEC
0AE4
0AD2
0AB6
0A90
0A60
0A26
09E1
0992
0939
08D6
0868
07F0
076F
06E4
064F
05B2
050C
045D
03A7
02E9
0224
0158
0087
FFB0
FED4
FDF3
FD0F
FC28
FB3C
FA4E
F95F
F870
F780
F692
F5A5
F4BA
F3D1
F2EC
F20B
F12F
F058
EF87
EEBC
EDF8
ED3C
EC87
EBDB
EB38
EA9E
EA0E
E987
E90B
E89A
E833
E7D7
E787
E741
E707
E6D9
E6B5
E69C
E68E
E68B
E693
E6A5
E6C3
E6EB
E71D
E758
E79E
E7EC
E843
E8A2
E90A
E978
E9EE
EA69
EAEB
EB72
EBFD
EC8D
ED20
EDB7
EE4F
EEEA
EF86
F022
F0BF
F15B
F1F6
F28F
F326
F3BB
F44D
F4DB
F564
F5EA
F66A
F6E5
F75B
F7CA
F833
F896
F8F2
F946
F994
F9DA
FA19
FA50
FA80
FAA8
FAC9
FAE2
FAF4
FAFF
FB03
FB00
FAF7
FAE7
FAD2
FAB7
FA96
FA71
FA47
FA1A
F9EA
F9B7
F981
F949
F910
F8D6
F89B
F860
F825
F7EC
F7B5
F77F
F74C
F71C
F6F0
F6C8
F6A5
F686
F66D
F65A
F64D
F647
F648
F650
F660
F678
F698
F6C0
F6F1
F72A
F76C
F7B9
F80E
F86C
F8D2
F942
F9BA
FA3B
FAC5
FB57
FBF0
FC92
FD3B
FDEB
FEA1
FF5F
0022
00EA
01B8
028A
0360
043A
0516
05F5
06D6
07B8
089A
097D
0A5E
0B3F
0C1D
0CF9
0DD2
0EA7
0F78
1043
1109
11C9
1282
1333
13DC
147D
1515
15A4
1628
16A2
1712
1776
17CF
181C
185D
1892
18BA
18D5
18E3
18E5
18D9
18C1
189B
1868
1828
17DC
1782
171C
16AA
162B
15A0
1509
1468
13BC
1305
1244
117A
10A7
0FCC
0EE8
0DFD
0D0A
0C12
0B13
0A10
0907
07FB
06EB
05D8
04C2
03AC
0294
017C
0064
FF4C
FE37
FD23
FC12
FB03
F9F9
F8F3
F7F1
F6F4
F5FC
F50B
F421
F33E
F263
F190
F0C6
F004
EF4B
EE9C
EDF7
ED5C
ECCB
EC45
EBCA
EB59
EAF4
EA99
EA4A
EA07
E9CE
E9A2
E980
E96A
E960
E960
E96C
E983
E9A5
E9D2
EA08
EA48
EA93
EAE7
EB45
EBAD
EC1E
EC99
ED1C
EDA8
EE3C
EED8
EF7C
F027
F0DA
F193
F254
F31A
F3E7
F4B9
F591
F66E
F750
F837
F922
FA11
FB03
FBFA
FCF3
FDEF
FEEE
FFEF
00F1
01F5
02FB
0401
0509
0611
071A
0822
092B
0A33
0B3B
0C41
0D47
0E4A
0F4D
104D
114B
1246
133F
1434
1526
1615
1700
17E6
18C8
19A6
1A7E
1B51
1C1F
1CE6
1DA8
1E63
1F18
1FC6
206D
210C
21A3
2232
22B9
2337
23AC
2418
247B
24D3
2522
2566
25A0
25CF
25F3
260C
261A
261C
2612
25FC
25DA
25AC
2571
252A
24D7
2477
240A
2391
230B
2278
21DA
2130
2079
1FB5
1EE6
1E0A
1D23
1C2F
1B31
1A27
1913
17F4
16CA
1597
145B
1315
11C7
1071
0F14
0DAF
0C44
0AD3
095C
07E1
0662
04DF
0359
01D1
0048
FEBE
FD33
FBA9
FA21
F89C
F719
F599
F41E
F2A7
F136
EFCA
EE66
ED09
EBB4
EA68
E925
E7EC
E6BE
E59A
E482
E376
E277
E184
E09F
DFC7
DEFE
DE43
DD96
DCF9
DC6B
DBEB
DB7C
DB1B
DACB
DA89
DA58
DA35
DA22
DA1E
DA2A
DA44
DA6C
DAA3
DAE8
DB3A
DB9A
DC07
DC80
DD04
DD95
DE30
DED5
DF84
E03C
E0FD
E1C6
E296
E36C
E448
E52A
E610
E6FA
E7E7
E8D6
E9C7
EAB9
EBAB
EC9C
ED8B
EE78
EF63
F04B
F12F
F20F
F2EA
F3C0
F490
F55A
F61C
F6D8
F78C
F839
F8DD
F979
FA0D
FA98
FB1A
FB93
FC02
FC69
FCC7
FD1C
FD68
FDAB
FDE6
FE18
FE42
FE65
FE7F
FE92
FE9E
FEA3
FEA2
FE9C
FE90
FE80
FE6C
FE54
FE39
FE1C
FDFD
FDDC
FDBB
FD99
FD78
FD58
FD39
FD1D
FD04
FCEE
FCDC
FCCE
FCC6
FCC3
FCC6
FCD0
FCE1
FCF9
FD19
FD41
FD72
FDAC
FDEF
FE3C
FE93
FEF4
FF5F
FFD3
0053
00DC
0170
020E
02B6
0368
0423
04E8
05B6
068E
076D
0855
0945
0A3C
0B3A
0C3E
0D48
0E57
0F6A
1082
119D
12BB
13DB
14FC
161E
1740
1861
1981
1A9F
1BBA
1CD2
1DE4
1EF2
1FFB
20FC
21F7
22EA
23D4
24B6
258E
265C
271F
27D7
2883
2923
29B6
2A3D
2AB6
2B21
2B7F
2BCF
2C10
2C42
2C66
2C7B
2C82
2C79
2C62
2C3C
2C07
2BC3
2B72
2B11
2AA3
2A28
299F
2909
2866
27B8
26FD
2638
2568
248E
23AA
22BD
21C7
20CA
1FC6
1EBB
1DAA
1C93
1B78
1A59
1937
1812
16EA
15C1
1498
136E
1244
111B
0FF4
0ECE
0DAB
0C8B
0B6E
0A56
0942
0832
0728
0623
0524
042B
0338
024C
0166
0087
FFAF
FEDF
FE15
FD53
FC97
FBE3
FB36
FA90
F9F0
F958
F8C5
F83A
F7B4
F734
F6B9
F643
F5D1
F565
F4FE
F49A
F43B
F3E0
F387
F332
F2E0
F290
F242
F1F6
F1AB
F162
F11A
F0D2
F08B
F044
EFFD
EFB6
EF6F
EF27
EEDE
EE95
EE4B
EE00
EDB4
ED67
ED1A
ECCB
EC79
EC26
EBD3
EB7F
EB2B
EAD7
EA83
EA30
E9DE
E98E
E93F
E8F2
E8A7
E85F
E81B
E7DA
E79E
E766
E734
E707
E6E0
E6C0
E6A7
E696
E68D
E68D
E695
E6A8
E6C4
E6EA
E71C
E759
E7A0
E7F3
E852
E8BE
E936
E9BC
EA4E
EAEE
EB9B
EC56
ED1E
EDF4
EED7
EFC8
F0C6
F1D1
F2EA
F40F
F540
F67E
F7C7
F91B
FA7A
FBE3
FD56
FED3
0057
01E3
0377
0510
06B0
0853
09FD
0BA9
0D57
0F07
10B6
1265
1412
15BC
1762
1903
1A9E
1C33
1DC0
1F44
20BE
222D
2390
24E7
2630
276B
2896
29B1
2ABA
2BB2
2C98
2D6A
2E28
2ED2
2F66
2FE6
304F
30A1
30DF
3105
3114
310C
30EC
30B5
3066
3000
2F82
2EED
2E41
2D7F
2CA7
2BB9
2AB5
299D
2871
2732
25E0
247C
2307
2181
1FED
1E4A
1C9A
1ADE
1916
1745
156A
1387
119E
0FB0
0DBC
0BC5
09CD
07D4
05DB
03E4
01F1
0001
FE17
FC33
FA58
F885
F6BC
F4FF
F34D
F1A9
F013
EE8C
ED15
EBAF
EA5A
E918
E7E9
E6CE
E5C7
E4D4
E3F7
E330
E27F
E1E3
E15E
E0F0
E098
E056
E02A
E015
E016
E02D
E05A
E09C
E0F3
E15E
E1DD
E270
E315
E3CC
E495
E56E
E657
E74F
E855
E968
EA87
EBB1
ECE5
EE23
EF69
F0B6
F209
F361
F4BD
F61B
F77C
F8DD
FA3D
FB9C
FCF9
FE52
FFA8
00F7
0241
0384
04BF
05F1
071A
0839
094D
0A56
0B52
0C42
0D24
0DF9
0EC0
0F79
1023
10BE
114A
11C7
1235
1294
12E4
1325
1356
137A
138F
1396
138E
1379
1358
132A
12F1
12AD
125F
1208
11A7
113F
10CF
1059
0FDD
0F5C
0ED8
0E50
0DC6
0D3B
0CAF
0C24
0B9B
0B13
0A8F
0A0F
0994
091E
08AF
0848
07E9
0793
0746
0704
06CC
06A0
0680
066D
0668
0670
0687
06AC
06E0
0724
0777
07D9
084C
08CE
0960
0A02
0AB3
0B74
0C45
0D24
0E12
0F0F
1019
1131
1257
1388
14C6
160E
1762
18BF
1A25
1B93
1D09
1E86
2008
218F
231A
24A8
2638
27C8
2959
2AE8
2C75
2DFF
2F85
3106
3281
33F4
3560
36C2
381A
3967
3AA8
3BDC
3D02
3E1A
3F22
401B
4102
41D8
429B
434B
43E8
4471
44E5
4545
458F
45C3
45E1
45E8
45D9
45B3
4577
4523
44B9
4438
43A1
42F2
422E
4154
4064
3F5F
3E45
3D16
3BD4
3A7E
3916
379C
3611
3475
32C9
310E
2F45
2D6E
2B8B
299C
27A3
259F
2393
217F
1F63
1D43
1B1D
18F3
16C7
1499
126B
103D
0E11
0BE7
09C1
079F
0583
036E
0160
FF5B
FD60
FB6F
F989
F7B0
F5E3
F425
F275
F0D4
EF43
EDC3
EC54
EAF7
E9AB
E872
E74D
E63A
E53C
E452
E37D
E2BD
E211
E17B
E0FA
E08E
E037
DFF6
DFCA
DFB3
DFB1
DFC3
DFEA
E025
E074
E0D7
E14C
E1D4
E26E
E31A
E3D7
E4A4
E581
E66E
E769
E873
E988
EAAA
EBD8
ED12
EE56
EFA3
F0FA
F258
F3BE
F52A
F69C
F813
F98E
FB0C
FC8C
FE0E
FF90
0112
0293
0412
058E
0708
087D
09ED
0B57
0CBC
0E19
0F6F
10BC
1201
133C
146E
1595
16B1
17C2
18C8
19C1
1AAE
1B8E
1C61
1D27
1DDF
1E8A
1F26
1FB5
2035
20A8
210C
2162
21A9
21E3
220F
222C
223C
223E
2233
221B
21F6
21C5
2187
213D
20E8
2088
201D
1FA8
1F29
1EA1
1E0F
1D75
1CD3
1C2A
1B79
1AC2
1A05
1943
187C
17B1
16E2
1611
153C
1466
138F
12B7
11DE
1106
102F
0F59
0E85
0DB3
0CE5
0C19
0B52
0A8E
09CF
0915
0861
07B0
0706
0661
05C3
052C
049C
0412
0390
0315
02A2
0237
01D3
0177
0123
00D7
0093
0056
0021
FFF4
FFCF
FFB1
FF9A
FF8B
FF82
FF80
FF85
FF90
FFA1
FFB8
FFD5
FFF6
001C
0046
0073
00A4
00D9
0111
014C
0189
01C8
0208
024A
028D
02D0
0314
0357
039A
03DC
041D
045C
049A
04D5
050E
0545
0578
05A8
05D5
05FF
0624
0646
0664
067E
0693
06A4
06B2
06BB
06C0
06C1
06BD
06B6
06AA
069A
0686
066E
0652
0633
0611
05EB
05C2
0597
0569
0539
0507
04D3
049E
0468
0431
03F9
03C2
038B
0354
031F
02EB
02B9
0288
025B
0231
020B
01E9
01CB
01B1
019D
018D
0183
017E
0180
0187
0195
01AA
01C5
01E8
0212
0243
027B
02BB
0302
0351
03A8
0406
046C
04D9
054E
05CA
064D
06D8
076A
0802
08A1
0946
09F1
0AA2
0B59
0C16
0CD8
0D9F
0E6A
0F39
100C
10E2
11BA
1295
1372
1450
152E
160D
16EB
17C9
18A5
197F
1A57
1B2B
1BFD
1CCA
1D92
1E55
1F12
1FCA
207A
2124
21C6
225F
22F0
2379
23F8
246E
24DA
253B
2592
25DE
261F
2655
267F
269D
26AF
26B4
26AD
269A
267A
264E
2614
25CE
257C
251D
24B1
2439
23B4
2324
2287
21DF
212C
206D
1FA3
1ED1
1DF4
1D0D
1C1D
1B24
1A22
1918
1807
16EE
15CF
14A9
137E
124E
1119
0FE1
0EA5
0D66
0C25
0AE3
099F
085B
0717
05D4
0492
0352
0215
00DB
FFA4
FE72
FD45
FC1C
FAFA
F9DF
F8CA
F7BD
F6B7
F5BA
F4C6
F3DA
F2F9
F221
F154
F091
EFDA
EF2E
EE8E
EDFA
ED73
ECF8
EC8A
EC29
EBD5
EB8E
EB56
EB2B
EB0D
EAFE
EAFD
EB09
EB23
EB4C
EB82
EBC6
EC18
EC76
ECE1
ED59
EDDF
EE71
EF11
EFBD
F075
F139
F20A
F2E5
F3CC
F4BE
F5BA
F6C0
F7D0
F8E9
FA0C
FB37
FC6A
FDA4
FEE6
002F
017E
02D3
042D
058B
06EE
0855
09BF
0B2C
0C9B
0E09
0F79
10E9
1259
13C9
1537
16A3
180E
1975
1AD8
1C38
1D93
1EE9
2039
2182
22C5
2400
2533
265E
277F
2897
29A5
2AA7
2B9F
2C8B
2D6A
2E3D
2F03
2FBB
3065
3101
318D
320A
3277
32D4
3321
335D
3388
33A2
33AB
33A2
3387
335B
331C
32CB
3268
31F3
316C
30D2
3026
2F68
2E97
2DB5
2CC1
2BBB
2AA3
297B
2841
26F7
259C
2432
22B7
212E
1F96
1DEE
1C39
1A76
18A6
16CA
14E3
12F0
10F3
0EEC
0CDC
0AC4
08A4
067E
0451
021F
FFE8
FDAE
FB71
F932
F6F1
F4B0
F26F
F030
EDF3
EBB8
E982
E750
E523
E2FC
E0DD
DEC5
DCB6
DAB0
D8B4
D6C3
D4DD
D303
D136
CF77
CDC5
CC23
CA8F
C90B
C797
C634
C4E1
C3A0
C271
C153
C048
BF4F
BE68
BD95
BCD4
BC26
BB8B
BB02
BA8D
BA2A
B9DA
B99C
B970
B956
B94E
B957
B971
B99C
B9D6
BA20
BA7A
BAE1
BB57
BBDB
BC6B
BD07
BDAF
BE61
BF1E
BFE4
C0B3
C18B
C269
C34E
C439
C529
C61D
C715
C810
C90C
CA0B
CB09
CC08
CD06
CE03
CEFE
CFF6
D0EB
D1DB
D2C8
D3AF
D491
D56D
D643
D712
D7DA
D89A
D953
DA04
DAAD
DB4E
DBE6
DC75
DCFB
DD79
DDEF
DE5B
DEBF
DF1B
DF6E
DFBA
DFFD
E039
E06E
E09B
E0C3
E0E4
E0FF
E115
E126
E132
E13B
E140
E143
E144
E143
E142
E140
E13F
E13E
E13F
E142
E148
E150
E15D
E16E
E185
E1A0
E1C2
E1EA
E219
E250
E28E
E2D5
E325
E37E
E3E0
E44C
E4C1
E542
E5CC
E661
E701
E7AD
E863
E924
E9F0
EAC8
EBAA
EC97
ED8E
EE90
EF9D
F0B3
F1D2
F2FB
F42C
F565
F6A7
F7EF
F93F
FA95
FBF0
FD51
FEB5
001E
018A
02F8
0468
05D9
074A
08BB
0A2B
0B99
0D05
0E6D
0FD2
1131
128C
13E0
152E
1674
17B2
18E8
1A14
1B37
1C50
1D5E
1E60
1F57
2042
2121
21F3
22B7
236F
2419
24B5
2543
25C3
2635
2699
26EF
2737
2770
279C
27BA
27CB
27CE
27C3
27AC
2789
275A
271F
26D9
2688
262D
25C8
255A
24E4
2466
23E0
2354
22C2
222B
218F
20EF
204C
1FA6
1EFE
1E56
1DAC
1D03
1C5B
1BB4
1B0F
1A6D
19CF
1933
189D
180B
177F
16F9
1679
1600
158F
1525
14C3
1469
1418
13D0
1390
1359
132C
1307
12EC
12DA
12D1
12D0
12D9
12EA
1304
1326
1350
1381
13BA
13FA
1440
148C
14DE
1534
158E
15ED
1650
16B6
171E
1789
17F6
1863
18D0
193E
19AA
1A15
1A7E
1AE4
1B47
1BA6
1C01
1C56
1CA7
1CF1
1D34
1D71
1DA6
1DD3
1DF8
1E15
1E28
1E32
1E33
1E29
1E16
1DF7
1DCE
1D9A
1D5C
1D13
1CC0
1C63
1BFC
1B8A
1B0F
1A89
19FB
1963
18C2
1819
1767
16AE
15ED
1526
1458
1384
12AB
11CD
10EB
1005
0F1C
0E31
0D43
0C55
0B66
0A77
0988
089C
07B1
06C9
05E4
0503
0425
034D
0279
01AC
00E5
0025
FF6B
FEBA
FE11
FD71
FCD9
FC4A
FBC5
FB4A
FAD9
FA72
FA15
F9C3
F97B
F93E
F90C
F8E4
F8C6
F8B2
F8A9
F8AA
F8B5
F8CC
F8EC
F915
F947
F980
F9C2
FA0A
FA58
FAAD
FB08
FB67
FBCB
FC33
FC9E
FD0B
FD7B
FDEC
FE5E
FED0
FF42
FFB2
0021
008D
00F7
015D
01BE
021B
0273
02C4
0310
0354
0391
03C9
03F8
041F
043C
0450
045B
045C
0452
043F
0421
03F8
03C5
0388
0340
02ED
0291
022A
01B9
013E
00BA
002D
FF97
FEF8
FE52
FDA4
FCEF
FC33
FB72
FAAB
F9DF
F90F
F83B
F764
F68B
F5B0
F4D4
F3F8
F31C
F241
F168
F092
EFBF
EEF0
EE27
ED62
ECA5
EBEE
EB3F
EA98
E9FB
E967
E8DE
E85F
E7EC
E785
E72B
E6DD
E69D
E66A
E645
E62F
E628
E62F
E645
E66A
E69E
E6E1
E733
E794
E804
E882
E90F
E9AA
EA54
EB0A
EBCE
EC9F
ED7D
EE66
EF5B
F05A
F164
F277
F394
F4B8
F5E5
F718
F851
F98F
FAD2
FC19
FD63
FEAF
FFFB
0149
0296
03E2
052B
0672
07B6
08F4
0A2D
0B60
0C8C
0DB0
0ECC
0FDE
10E7
11E5
12D8
13BE
1499
1566
1626
16D8
177C
1811
1897
190E
1975
19CD
1A14
1A4C
1A74
1A8C
1A93
1A8B
1A73
1A4C
1A16
19D1
197D
191C
18AC
1830
17A6
1711
1670
15C4
150D
144D
1383
12B2
11D8
10F7
1011
0F25
0E34
0D3F
0C48
0B4E
0A53
0957
085C
0762
066A
0574
0483
0395
02AD
01CA
00EE
001A
FF4D
FE8A
FDD0
FD20
FC7A
FBE0
FB51
FACE
FA57
F9ED
F991
F941
F900
F8CC
F8A6
F88E
F884
F888
F89A
F8BA
F8E7
F923
F96C
F9C1
FA24
FA93
FB0E
FB95
FC26
FCC3
FD6A
FE1A
FED3
FF95
005E
012E
0204
02E0
03C0
04A4
058A
0673
075D
0847
0931
0A1A
0B00
0BE3
0CC2
0D9C
0E70
0F3E
1005
10C3
1178
1224
12C5
135B
13E5
1462
14D3
1536
158B
15D1
1608
1630
1648
1650
1648
162E
1604
15C9
157C
151E
14AF
142F
139E
12FB
1248
1184
10B0
0FCC
0ED8
0DD5
0CC3
0BA3
0A75
093A
07F2
069F
0541
03D8
0266
00EA
FF66
FDDC
FC4B
FAB5
F91A
F77D
F5DD
F43B
F299
F0F8
EF59
EDBC
EC24
EA8F
E901
E77A
E5FA
E483
E315
E1B3
E05B
DF11
DDD4
DCA4
DB84
DA74
D974
D886
D7A9
D6DF
D628
D583
D4F2
D475
D40E
D3BB
D37E
D357
D346
D34B
D367
D398
D3E0
D43F
D4B3
D53E
D5DE
D694
D760
D840
D935
DA3E
DB5B
DC8B
DDCE
DF22
E088
E1FE
E384
E519
E6BC
E86C
EA29
EBF0
EDC2
EF9E
F182
F36E
F560
F757
F953
FB52
FD53
FF55
0158
0359
0558
0754
094B
0B3D
0D29
0F0D
10E8
12BA
1482
163E
17EE
1990
1B25
1CAA
1E20
1F85
20D9
221C
234B
2469
2573
2669
274B
2817
28CE
2970
29FC
2A71
2AD0
2B19
2B4B
2B67
2B6C
2B5B
2B34
2AF6
2AA3
2A3A
29BC
2928
2881
27C5
26F5
2613
251E
2417
22FF
21D6
209D
1F56
1E00
1C9D
1B2E
19B2
182C
169B
1501
135F
11B5
1005
0E4F
0C94
0AD6
0915
0752
058E
03CB
0208
0047
FE89
FCCE
FB19
F968
F7BE
F61A
F47E
F2EB
F161
EFE1
EE6B
ED00
EBA1
EA4E
E907
E7CE
E6A1
E583
E472
E371
E27E
E19A
E0C5
E000
DF49
DEA3
DE0C
DD84
DD0C
DCA2
DC48
DBFD
DBC1
DB93
DB73
DB60
DB5B
DB64
DB78
DB99
DBC6
DBFD
DC3F
DC8C
DCE1
DD40
DDA6
DE13
DE88
DF02
DF83
E008
E092
E120
E1B0
E243
E2D7
E36C
E401
E496
E529
E5BB
E64A
E6D7
E75F
E7E4
E863
E8DD
E952
E9C0
EA27
EA87
EADF
EB30
EB78
EBB8
EBEF
EC1C
EC42
EC5E
EC71
EC7B
EC7B
EC71
EC5E
EC41
EC1B
EBEC
EBB4
EB73
EB29
EAD7
EA7D
EA1B
E9B2
E942
E8CB
E84F
E7CC
E745
E6B9
E629
E596
E4FF
E467
E3CD
E331
E296
E1FB
E160
E0C8
E033
DFA0
DF12
DE87
DE02
DD82
DD09
DC97
DC2C
DBCA
DB71
DB21
DADC
DAA1
DA71
DA4D
DA35
DA2A
DA2C
DA3B
DA59
DA84
DABE
DB07
DB5F
DBC6
DC3D
DCC3
DD58
DDFE
DEB3
DF77
E04A
E12D
E220
E322
E432
E552
E67F
E7BB
E905
EA5B
EBBF
ED2F
EEAA
F031
F1C3
F35E
F503
F6B1
F866
FA23
FBE7
FDB0
FF7E
0150
0326
04FE
06D8
08B2
0A8D
0C66
0E3E
1013
11E5
13B3
157B
173E
18F9
1AAC
1C57
1DF8
1F8F
211A
2299
240C
2571
26C8
2811
2949
2A71
2B89
2C8F
2D83
2E65
2F34
2FEF
3097
312A
31AA
3214
326A
32AB
32D6
32EC
32EF
32DC
32B5
3277
3225
31BE
3141
30B1
300C
2F53
2E86
2DA6
2CB4
2BB0
2A99
2972
283B
26F3
259D
2438
22C5
2146
1FBA
1E23
1C82
1AD7
1923
1768
15A6
13DE
1210
103F
0E6B
0C95
0ABD
08E6
070F
0539
0366
0197
FFCC
FE07
FC48
FA90
F8E0
F73A
F59D
F40B
F285
F10B
EF9D
EE3E
ECED
EBAB
EA79
E958
E847
E748
E65A
E57F
E4B6
E400
E35E
E2CF
E252
E1E9
E194
E153
E126
E10D
E109
E118
E13B
E172
E1BC
E219
E289
E30B
E3A0
E445
E4FC
E5C3
E69A
E780
E875
E978
EA88
EBA5
ECCD
EE00
EF3D
F083
F1D2
F328
F485
F5E7
F74D
F8B7
FA23
FB91
FD01
FE70
FFDF
014B
02B5
041C
057D
06D9
082F
097D
0AC4
0C01
0D34
0E5D
0F7A
108B
118F
1286
136E
1448
1512
15CD
1676
1710
1797
180D
1871
18C3
1903
192F
1949
1950
1943
1924
18F1
18AC
1854
17E9
176C
16DC
163B
1589
14C5
13F1
130D
121A
1118
1007
0EE9
0DBE
0C87
0B44
09F7
08A0
0740
05D7
0467
02F1
0175
FFF5
FE71
FCEA
FB61
F9D7
F84D
F6C4
F53C
F3B7
F236
F0B9
EF41
EDD0
EC66
EB04
E9AA
E85B
E715
E5DB
E4AD
E38B
E277
E170
E078
DF8F
DEB5
DDEB
DD32
DC89
DBF1
DB6B
DAF6
DA93
DA42
DA03
D9D6
D9BB
D9B1
D9BA
D9D3
D9FF
DA3B
DA88
DAE6
DB54
DBD2
DC5F
DCFA
DDA4
DE5C
DF20
DFF1
E0CE
E1B5
E2A7
E3A2
E4A6
E5B2
E6C5
E7DE
E8FC
EA1F
EB45
EC6E
ED99
EEC6
EFF2
F11E
F248
F36F
F492
F5B0
F6CA
F7DD
F8E9
F9ED
FAE8
FBDB
FCC3
FDA0
FE72
FF38
FFF1
009E
013C
01CD
024F
02C2
0326
037B
03C0
03F5
041A
042E
0433
0427
040B
03E1
03A7
035C
0303
0299
0221
019B
0106
0063
FFB3
FEF6
FE2D
FD59
FC79
FB90
FA9C
F9A0
F89C
F790
F67E
F566
F44A
F329
F206
F0E0
EFB9
EE91
ED6A
EC44
EB20
EA00
E8E3
E7CB
E6B9
E5AE
E4AA
E3AE
E2BC
E1D3
E0F5
E022
DF5B
DEA0
DDF3
DD54
DCC2
DC40
DBCD
DB6A
DB17
DAD4
DAA3
DA82
DA72
DA74
DA88
DAAD
DAE3
DB2C
DB85
DBF1
DC6E
DCFB
DD9A
DE48
DF06
DFD4
E0B2
E19F
E29B
E3A5
E4BD
E5E2
E714
E852
E99B
EAEF
EC4D
EDB3
EF23
F09A
F217
F39B
F524
F6B2
F843
F9D7
FB6D
FD04
FE9C
0033
01C8
035C
04ED
067A
0802
0985
0B02
0C79
0DE8
0F50
10AF
1205
1351
1493
15CA
16F7
1817
192C
1A34
1B30
1C1E
1D00
1DD3
1E99
1F51
1FFB
2097
2125
21A5
2216
2279
22CF
2316
2350
237C
239B
23AC
23B2
23AB
2397
2378
234D
2317
22D6
228B
2237
21D9
2173
2104
208D
2010
1F8C
1F02
1E72
1DDE
1D45
1CA9
1C0A
1B68
1AC4
1A1E
1978
18D1
182B
1785
16E1
163E
159D
14FF
1462
13C9
1333
12A2
1214
118C
1108
108A
1012
0F9F
0F33
0ECC
0E6D
0E14
0DC1
0D76
0D31
0CF4
0CBE
0C8F
0C66
0C45
0C2B
0C18
0C0C
0C06
0C07
0C0F
0C1C
0C30
0C49
0C68
0C89
0CB0
0CDB
0D0A
0D3E
0D75
0DB0
0DEE
0E2F
0E72
0EB8
0EFF
0F49
0F93
0FDE
1029
1075
10C1
110C
1156
11A0
11E7
122D
1271
12B3
12F2
132E
1367
139C
13CE
13FB
1425
1449
1469
1484
149A
14AB
14B6
14BC
14BC
14B7
14AC
149B
1484
1467
1444
141B
13EB
13B6
137A
1339
12F1
12A4
1250
11F7
1197
1133
10C8
1058
0FE3
0F68
0EE9
0E64
0DDB
0D4F
0CBF
0C2A
0B91
0AF5
0A54
09B1
090A
0860
07B3
0703
0651
059E
04E8
0430
0378
02BE
0203
0148
008C
FFD0
FF15
FE5A
FD9F
FCE6
FC2D
FB77
FAC2
FA0F
F95E
F8B0
F804
F75D
F6B9
F618
F57C
F4E3
F44E
F3BE
F332
F2AB
F229
F1AD
F136
F0C4
F058
EFF3
EF93
EF3A
EEE7
EE9A
EE55
EE16
EDDE
EDAD
ED83
ED61
ED46
ED32
ED25
ED20
ED23
ED2C
ED3E
ED56
ED76
ED9D
EDCB
EE01
EE3E
EE82
EECD
EF1F
EF77
EFD6
F03C
F0A7
F119
F191
F20E
F290
F318
F3A5
F436
F4CC
F566
F604
F6A5
F749
F7F0
F89A
F946
F9F4
FAA4
FB54
FC05
FCB7
FD69
FE1B
FECC
FF7C
002A
00D6
0180
0228
02CD
036E
040C
04A6
053B
05CD
0659
06E0
0762
07DE
0855
08C5
092F
0993
09EF
0A45
0A95
0ADD
0B1D
0B57
0B89
0BB4
0BD7
0BF4
0C0A
0C18
0C1F
0C1F
0C18
0C09
0BF4
0BD8
0BB6
0B8E
0B5F
0B2C
0AF2
0AB4
0A71
0A2A
09DE
0990
093E
08E9
0893
083A
07E0
0786
072B
06D0
0676
061D
05C6
0571
051F
04D1
0487
0441
0401
03C5
0390
0361
0339
0319
0300
02F0
02E8
02E9
02F3
0308
0326
034F
0382
03C1
040A
045F
04BF
052B
05A3
0627
06B6
0751
07F9
08AC
096B
0A36
0B0C
0BEE
0CDC
0DD4
0ED8
0FE6
10FE
1221
134C
1481
15BE
1703
1850
19A4
1AFE
1C5E
1DC3
1F2D
209A
220B
237D
24F2
2667
27DD
2952
2AC6
2C37
2DA6
2F11
3077
31D9
3334
3489
35D7
371C
3859
398D
3AB6
3BD4
3CE6
3DED
3EE6
3FD2
40B0
417F
423E
42EE
438E
441D
449B
4508
4563
45AB
45E1
4605
4615
4613
45FD
45D5
4598
4549
44E6
4470
43E7
434B
429C
41DB
4107
4022
3F2B
3E22
3D09
3BE0
3AA7
395E
3807
36A1
352E
33AD
3220
3087
2EE3
2D35
2B7D
29BC
27F3
2622
244A
226D
208B
1EA4
1CBA
1ACD
18DE
16EE
14FD
130E
111E
0F31
0D46
0B5F
097C
079E
05C7
03F5
022B
0068
FEAE
FCFD
FB56
F9B9
F826
F69F
F523
F3B4
F251
F0FC
EFB4
EE79
ED4D
EC2F
EB1F
EA1E
E92C
E84A
E777
E6B3
E5FE
E559
E4C3
E43D
E3C6
E35E
E306
E2BD
E283
E258
E23B
E22D
E22D
E23B
E256
E27F
E2B4
E2F6
E344
E39F
E404
E475
E4F0
E575
E604
E69C
E73D
E7E6
E897
E94F
EA0F
EAD4
EBA0
EC71
ED48
EE23
EF02
EFE4
F0CA
F1B2
F29C
F388
F475
F563
F651
F73F
F82D
F91A
FA05
FAEF
FBD6
FCBC
FD9E
FE7D
FF59
0031
0105
01D5
02A0
0366
0427
04E3
0599
0649
06F3
0797
0836
08CD
095E
09E8
0A6B
0AE7
0B5C
0BCA
0C30
0C8F
0CE6
0D36
0D7E
0DBF
0DF8
0E29
0E53
0E76
0E91
0EA5
0EB1
0EB6
0EB4
0EAA
0E9A
0E82
0E63
0E3E
0E12
0DDF
0DA5
0D66
0D20
0CD4
0C82
0C2A
0BCD
0B6A
0B01
0A93
0A20
09A7
092A
08A8
0821
0796
0706
0672
05DA
053E
049F
03FC
0356
02AC
01FF
0150
009D
FFE8
FF31
FE77
FDBC
FCFE
FC3F
FB7E
FABD
F9FB
F937
F873
F7AF
F6EA
F624
F55E
F499
F3D3
F30E
F249
F184
F0C0
EFFD
EF3A
EE79
EDB8
ECF9
EC3B
EB7E
EAC3
EA09
E950
E89A
E7E5
E732
E682
E5D3
E526
E47C
E3D4
E32F
E28D
E1ED
E150
E0B6
E01F
DF8A
DEF9
DE6A
DDDF
DD57
DCD2
DC50
DBD2
DB57
DAE0
DA6C
D9FC
D98F
D926
D8C1
D860
D802
D7A9
D753
D702
D6B5
D66B
D626
D5E6
D5A9
D572
D53E
D50E
D4E4
D4BE
D49D
D480
D469
D456
D449
D441
D43E
D441
D448
D456
D469
D481
D49F
D4C3
D4EC
D51C
D551
D58D
D5CE
D615
D663
D6B6
D710
D770
D7D6
D842
D8B5
D92D
D9AA
DA2D
DAB7
DB46
DBDC
DC78
DD19
DDC1
DE6E
DF21
DFD9
E097
E15A
E222
E2EF
E3C1
E497
E571
E650
E732
E817
E900
E9EC
EADA
EBCB
ECBE
EDB2
EEA8
EFA0
F097
F190
F288
F37E
F473
F568
F65B
F74D
F83D
F92A
FA15
FAFD
FBE1
FCC1
FD9E
FE75
FF48
0015
00DD
019F
025A
030E
03BC
0462
0501
0598
0626
06AC
072A
079F
080A
086D
08C6
0916
095B
0997
09C8
09F0
0A0E
0A22
0A2C
0A2C
0A23
0A11
09F5
09D0
09A2
096B
092B
08E4
0894
083C
07DD
0777
070A
0696
061D
059E
051A
0491
0404
0373
02DE
0247
01AD
0112
0075
FFD8
FF3B
FE9D
FE00
FD64
FCCA
FC32
FB9C
FB09
FA79
F9EE
F966
F8E4
F866
F7EE
F77C
F710
F6AB
F64C
F5F5
F5A5
F55D
F51C
F4E3
F4B3
F48B
F46B
F453
F444
F43D
F43F
F449
F45D
F479
F49C
F4C8
F4FB
F535
F576
F5BE
F60C
F660
F6B9
F718
F77B
F7E2
F84D
F8BB
F92C
F99F
FA13
FA88
FAFE
FB74
FBE8
FC5C
FCCD
FD3C
FDA7
FE0F
FE72
FED1
FF2A
FF7D
FFCA
000F
004D
0083
00B1
00D5
00F1
0102
0109
0106
00F8
00DF
00BB
008C
0050
0009
FFB6
FF57
FEEC
FE76
FDF3
FD65
FCCB
FC25
FB75
FAB9
F9F3
F922
F847
F763
F676
F580
F481
F37B
F26E
F15A
F040
EF22
EDFF
ECD8
EBAE
EA82
E955
E826
E6F8
E5CB
E49F
E375
E24F
E12D
E00F
DEF7
DDE6
DCDB
DBD9
DADF
D9EE
D907
D82B
D75B
D696
D5DE
D533
D496
D407
D387
D316
D2B4
D262
D220
D1EF
D1CE
D1BE
D1BE
D1D0
D1F3
D226
D26B
D2C1
D327
D39E
D425
D4BC
D563
D61A
D6DF
D7B3
D895
D984
DA81
DB89
DC9E
DDBE
DEE8
E01C
E159
E29F
E3EC
E541
E69B
E7FA
E95E
EAC5
EC2E
ED99
EF06
F072
F1DD
F347
F4AF
F614
F774
F8D0
FA27
FB77
FCC1
FE03
FF3D
006F
0197
02B6
03CA
04D4
05D2
06C5
07AC
0886
0954
0A16
0ACB
0B73
0C0D
0C9A
0D19
0D8C
0DF0
0E48
0E93
0ED1
0F03
0F28
0F41
0F4F
0F52
0F4A
0F38
0F1B
0EF6
0EC8
0E92
0E54
0E10
0DC5
0D74
0D1E
0CC4
0C66
0C05
0BA1
0B3B
0AD4
0A6C
0A04
099C
0936
08D1
086E
080E
07B2
0759
0705
06B5
066B
0627
05E8
05B0
057F
0555
0532
0517
0504
04F8
04F4
04F9
0505
0519
0536
055A
0586
05B9
05F4
0635
067E
06CC
0721
077B
07DA
083E
08A6
0912
0982
09F4
0A68
0ADE
0B54
0BCB
0C42
0CB8
0D2C
0D9F
0E0E
0E7A
0EE3
0F46
0FA4
0FFD
104F
109A
10DD
1119
114B
1175
1195
11AC
11B8
11B9
11B0
119B
117A
114E
1115
10D1
1080
1023
0FB9
0F43
0EC1
0E32
0D97
0CF0
0C3D
0B7F
0AB5
09E0
0901
0817
0724
0627
0521
0413
02FD
01DF
00BB
FF91
FE62
FD2E
FBF6
FABA
F97C
F83D
F6FC
F5BB
F47A
F33B
F1FE
F0C4
EF8D
EE5B
ED2F
EC08
EAE7
E9CF
E8BE
E7B6
E6B8
E5C4
E4DA
E3FC
E32A
E264
E1AC
E100
E062
DFD3
DF52
DEDF
DE7C
DE28
DDE3
DDAD
DD86
DD6F
DD68
DD71
DD89
DDB0
DDE7
DE2D
DE81
DEE5
DF57
DFD7
E064
E0FF
E1A7
E25B
E31A
E3E6
E4BC
E59C
E686
E778
E874
E976
EA80
EB90
ECA6
EDC0
EEDF
F001
F125
F24C
F373
F49B
F5C3
F6E9
F80E
F930
FA4F
FB6A
FC80
FD91
FE9D
FFA1
009F
0195
0284
0369
0445
0518
05E0
069E
0752
07FA
0897
0928
09AE
0A27
0A94
0AF6
0B4A
0B93
0BD0
0C02
0C27
0C40
0C4E
0C4F
0C45
0C30
0C0F
0BE4
0BAF
0B6F
0B26
0AD3
0A77
0A13
09A7
0933
08B8
0837
07B0
0723
0692
05FC
0562
04C5
0426
0384
02E1
023E
019A
00F6
0056
FFB7
FF1A
FE80
FDE8
FD55
FCC6
FC3C
FBB7
FB38
FABF
FA4D
F9E2
F97F
F924
F8D2
F888
F848
F810
F7E3
F7C0
F7A7
F799
F795
F79C
F7AE
F7CC
F7F4
F828
F867
F8B1
F907
F968
F9D4
FA4A
FACC
FB58
FBEF
FC8F
FD3A
FDEE
FEAC
FF73
0042
011A
01FB
02E3
03D2
04C8
05C5
06C8
07D0
08DE
09F0
0B07
0C21
0D3F
0E5F
0F81
10A5
11CA
12F0
1415
153A
165D
177E
189D
19BA
1AD2
1BE7
1CF8
1E03
1F09
2009
2103
21F5
22E0
23C3
249D
256F
2637
26F5
27A9
2852
28F0
2983
2A0B
2A86
2AF5
2B57
2BAD
2BF5
2C31
2C5F
2C7F
2C91
2C96
2C8C
2C74
2C4E
2C1B
2BD9
2B8A
2B2D
2AC3
2A4A
29C5
2933
2894
27E8
2730
266C
259C
24C1
23DC
22EC
21F1
20EE
1FE1
1ECD
1DB0
1C8B
1B60
1A2F
18F9
17BD
167D
153A
13F3
12AA
1160
1015
0ECA
0D7F
0C36
0AEF
09AB
086B
072F
05F8
04C7
039C
0279
015D
004A
FF40
FE41
FD4B
FC61
FB83
FAB1
F9EC
F934
F88B
F7EF
F763
F6E5
F677
F619
F5CC
F58E
F561
F544
F539
F53F
F556
F57F
F5B8
F603
F65F
F6CC
F749
F7D7
F875
F923
F9E1
FAAE
FB89
FC72
FD69
FE6D
FF7D
0099
01C0
02F2
042D
0571
06BD
0810
096A
0AC9
0C2C
0D93
0EFC
1067
11D3
133E
14A8
1610
1775
18D6
1A31
1B86
1CD4
1E1B
1F58
208B
21B3
22D0
23E0
24E3
25D8
26BD
2793
2859
290D
29B0
2A41
2ABE
2B29
2B7F
2BC2
2BF0
2C09
2C0E
2BFE
2BD9
2B9E
2B4D
2AE6
2A6A
29D8
2931
2875
27A3
26BD
25C3
24B5
2394
2260
211A
1FC2
1E59
1CE0
1B58
19C1
181C
166B
14AD
12E4
1111
0F35
0D51
0B65
0974
077E
0587
038D
0192
FF96
FD9B
FBA2
F9AB
F7B9
F5CB
F3E4
F203
F02B
EE5B
EC96
EADB
E92C
E78A
E5F5
E46E
E2F6
E18F
E037
DEF1
DDBC
DC99
DB89
DA8C
D9A3
D8CE
D80C
D760
D6C8
D646
D5D9
D582
D540
D513
D4FB
D4F7
D509
D52F
D568
D5B6
D617
D68B
D711
D7A9
D853
D90D
D9D7
DAB1
DB9A
DC91
DD95
DEA5
DFC1
E0E9
E21A
E355
E498
E5E3
E735
E88D
E9EA
EB4B
ECAF
EE17
EF7F
F0E9
F253
F3BD
F525
F68B
F7EF
F94E
FAAA
FC01
FD53
FE9E
FFE3
0121
0258
0387
04AD
05CA
06DF
07EA
08EB
09E2
0AD0
0BB3
0C8B
0D59
0E1C
0ED5
0F83
1026
10BE
114C
11CF
1248
12B7
131C
1377
13C9
1411
1450
1487
14B5
14DB
14F9
150F
151E
1527
1529
1525
151B
150C
14F8
14DF
14C2
14A1
147C
1454
1429
13FB
13CB
1398
1364
132D
12F5
12BC
1283
1248
120D
11D2
1196
115A
111F
10E3
10A8
106C
1031
0FF6
0FBC
0F82
0F48
0F0E
0ED4
0E9B
0E61
0E28
0DEF
0DB5
0D7B
0D41
0D06
0CCB
0C8F
0C52
0C13
0BD3
0B92
0B50
0B0D
0AC9
0A84
0A3E
09F7
09AE
0964
0919
08CD
0880
0831
07E2
0792
0741
06EF
069C
0649
05F6
05A2
054F
04FB
04A8
0456
0404
03B4
0365
0317
02CC
0281
0239
01F4
01B1
0172
0136
00FF
00CB
009C
0071
004B
002B
0010
FFFA
FFEA
FFE0
FFDD
FFDF
FFE9
FFF8
000E
002B
004F
007A
00AB
00E3
0121
0166
01B2
0203
025B
02B8
031C
0385
03F3
0466
04DD
0558
05D6
0657
06DA
075F
07E6
086D
08F4
097B
0A01
0A85
0B07
0B85
0BFF
0C75
0CE6
0D51
0DB5
0E11
0E66
0EB1
0EF3
0F2B
0F57
0F79
0F8D
0F95
0F90
0F7D
0F5C
0F2B
0EEB
0E9B
0E3A
0DC9
0D46
0CB2
0C0C
0B54
0A8A
09AE
08BF
07BE
06AB
0585
044D
0304
01A8
003C
FEBE
FD30
FB91
F9E3
F826
F65B
F482
F29C
F0AA
EEAC
ECA4
EA92
E877
E656
E42E
E200
DFCE
DD9A
DB63
D92B
D6F4
D4BE
D28B
D05C
CE32
CC0E
C9F2
C7DF
C5D6
C3D7
C1E6
C001
BE2B
BC65
BAB0
B90C
B77B
B5FE
B496
B343
B206
B0E1
AFD4
AEDF
AE04
AD43
AC9C
AC10
AB9F
AB49
AB0F
AAF2
AAF0
AB0A
AB41
AB93
AC01
AC8B
AD30
ADF0
AECA
AFBE
B0CC
B1F3
B331
B487
B5F4
B776
B90D
BAB7
BC75
BE44
C024
C213
C412
C61E
C835
CA57
CC82
CEB6
D0F0
D330
D574
D7BA
DA03
DC4B
DE93
E0D9
E31B
E558
E790
E9C0
EBE9
EE08
F01D
F227
F424
F615
F7F7
F9CB
FB8E
FD42
FEE4
0075
01F3
035F
04B8
05FD
072F
084C
0955
0A4A
0B2A
0BF5
0CAC
0D4F
0DDE
0E59
0EC1
0F15
0F57
0F86
0FA4
0FB1
0FAD
0F9A
0F77
0F46
0F07
0EBC
0E65
0E03
0D96
0D21
0CA3
0C1E
0B92
0B02
0A6C
09D3
0937
089A
07FC
075E
06C2
0628
0591
04FD
046E
03E5
0361
02E4
026F
0202
019D
0142
00F0
00A8
006B
0038
0011
FFF5
FFE4
FFDF
FFE6
FFF8
0017
0040
0076
00B7
0102
0158
01B9
0224
0299
0317
039F
042E
04C6
0565
060B
06B7
0768
081E
08D9
0996
0A56
0B18
0BDB
0C9E
0D61
0E22
0EE1
0F9E
1057
110B
11BB
1265
1308
13A4
1438
14C4
1545
15BD
162B
168E
16E6
1732
1772
17A5
17CC
17E5
17F1
17F0
17E1
17C4
179A
1761
171B
16C6
1664
15F5
1578
14EE
1457
13B4
1304
1248
1181
10AF
0FD2
0EEC
0DFC
0D03
0C02
0AF9
09EA
08D3
07B7
0696
0571
0447
031B
01EC
00BB
FF89
FE57
FD25
FBF3
FAC3
F996
F86B
F743
F61F
F500
F3E6
F2D1
F1C3
F0BA
EFB9
EEBF
EDCD
ECE3
EC01
EB28
EA58
E993
E8D8
E826
E77E
E6E0
E64C
E5C2
E542
E4CC
E460
E3FD
E3A5
E356
E310
E2D4
E2A0
E275
E252
E238
E225
E21A
E216
E218
E221
E230
E245
E25F
E27E
E2A1
E2C9
E2F4
E323
E356
E38B
E3C3
E3FD
E438
E476
E4B4
E4F3
E533
E573
E5B3
E5F3
E633
E672
E6B0
E6ED
E729
E764
E79E
E7D6
E80E
E843
E878
E8AB
E8DD
E90D
E93D
E96B
E998
E9C5
E9F1
EA1C
EA48
EA74
EAA0
EACC
EAF8
EB26
EB54
EB84
EBB5
EBE7
EC1C
EC53
EC8C
ECC9
ED08
ED4A
ED90
EDD9
EE26
EE77
EECC
EF26
EF84
EFE7
F04E
F0BA
F12B
F1A1
F21C
F29C
F321
F3AA
F43B
F4D1
F56A
F609
F6AB
F751
F7FB
F8A8
F958
FA0C
FAC2
FB7A
FC35
FCF1
FDAE
FE6D
FF2C
FFEC
00AB
016A
0228
02E4
039F
0458
050E
05C1
0670
071C
07C3
0865
0903
099B
0A2F
0ABD
0B44
0BC4
0C3D
0CAE
0D17
0D77
0DCF
0E1E
0E64
0EA1
0ED4
0EFE
0F1F
0F36
0F43
0F47
0F41
0F32
0F19
0EF7
0ECC
0E97
0E5A
0E15
0DC7
0D71
0D13
0CAE
0C43
0BD0
0B57
0AD8
0A54
09CB
093E
08AD
0818
0781
06E8
064C
05B0
0514
0477
03DB
0340
02A7
0210
017C
00EB
005F
FFD7
FF54
FED6
FE5F
FDEE
FD84
FD21
FCC6
FC73
FC29
FBE7
FBAE
FB7E
FB56
FB39
FB25
FB1C
FB1D
FB27
FB3C
FB5C
FB85
FBB9
FBF7
FC3E
FC90
FCEB
FD4F
FDBC
FE32
FEB1
FF37
FFC5
005A
00F6
0199
0241
02EE
03A0
0455
050F
05CB
068A
074A
080B
08CC
098C
0A4C
0B09
0BC5
0C7D
0D31
0DE1
0E8B
0F2F
0FCD
1064
10F3
1179
11F6
126A
12D3
1331
1385
13CC
1407
1435
1456
146A
146F
1467
144F
142A
13F5
13B1
135E
12FB
1288
1206
1175
10D4
1024
0F65
0E97
0DBB
0CD0
0BD7
0AD0
09BB
089A
076B
0631
04EB
0399
023D
00D7
FF67
FDEE
FC6D
FAE5
F955
F7C0
F625
F485
F2E1
F13A
EF91
EDE6
EC39
EA8C
E8DF
E734
E58B
E3E5
E243
E0A6
DF0E
DD7D
DBF2
DA70
D8F6
D785
D61E
D4C1
D370
D22A
D0F1
CFC5
CEA7
CD97
CC95
CBA2
CABF
C9EC
C928
C876
C7D4
C743
C6C3
C655
C5F8
C5AC
C572
C54A
C533
C52E
C53A
C557
C585
C5C4
C613
C673
C6E3
C763
C7F1
C88F
C93B
C9F5
CABC
CB90
CC71
CD5D
CE55
CF57
D063
D178
D295
D3BB
D4E8
D61B
D753
D891
D9D5
DB1B
DC65
DDB0
DEFD
E04A
E196
E2E1
E42A
E571
E6B4
E7F2
E92C
EA60
EB8F
ECB6
EDD5
EEED
EFFC
F101
F1FD
F2EE
F3D5
F4B0
F580
F643
F6FB
F7A5
F843
F8D3
F956
F9CC
FA36
FA93
FAE1
FB22
FB55
FB7B
FB93
FB9D
FB9A
FB8A
FB6E
FB45
FB0F
FACE
FA81
FA2A
F9C8
F95B
F8E5
F866
F7DF
F750
F6B9
F61C
F579
F4D0
F424
F373
F2BF
F209
F151
F099
EFE2
EF2D
EE79
EDC7
ED18
EC6E
EBC8
EB27
EA8C
E9F8
E96C
E8E8
E86C
E7FA
E792
E735
E6E2
E69C
E661
E633
E613
E5FF
E5FA
E602
E619
E63F
E674
E6B7
E70A
E76B
E7DC
E85D
E8ED
E98C
EA3B
EAF8
EBC4
EC9E
ED86
EE7C
EF7F
F08F
F1AB
F2D3
F407
F544
F68C
F7DD
F937
FA98
FC01
FD70
FEE4
005D
01DA
035A
04DC
0660
07E3
0966
0AE8
0C67
0DE2
0F5A
10CB
1237
139B
14F8
164C
1797
18D7
1A0D
1B37
1C54
1D65
1E67
1F5C
2041
2117
21DD
2293
2338
23CC
244E
24BF
251E
256B
25A5
25CE
25E4
25E8
25DA
25BA
2588
2544
24F0
248A
2413
238C
22F5
2250
219C
20DA
200B
1F2F
1E48
1D55
1C59
1B53
1A45
192F
1813
16F0
15CA
149F
1372
1242
1112
0FE3
0EB4
0D88
0C5F
0B3A
0A1A
0900
07ED
06E2
05E0
04E8
03FB
0319
0243
017A
00BE
0010
FF71
FEE2
FE62
FDF2
FD93
FD44
FD07
FCDB
FCC1
FCB8
FCC1
FCDC
FD08
FD46
FD96
FDF6
FE67
FEE9
FF7B
001D
00CD
018D
025A
0335
041D
0511
0611
071A
082E
094B
0A6F
0B9B
0CCD
0E04
0F40
107F
11BF
1301
1444
1585
16C4
1801
1939
1A6D
1B9A
1CC1
1DE0
1EF5
2001
2103
21F8
22E2
23BE
248C
254C
25FC
269C
272C
27AA
2817
2871
28B9
28EF
2911
2920
291B
2903
28D7
2898
2844
27DE
2764
26D7
2637
2585
24C1
23EB
2303
220B
2103
1FEB
1EC4
1D8E
1C4B
1AFB
199F
1837
16C4
1548
13C3
1235
10A0
0F04
0D62
0BBB
0A0F
0861
06B0
04FD
034A
0196
FFE4
FE34
FC85
FADB
F934
F792
F5F5
F45F
F2CF
F147
EFC6
EE4D
ECDE
EB78
EA1B
E8C8
E77F
E641
E50D
E3E5
E2C6
E1B3
E0AA
DFAD
DEBA
DDD1
DCF4
DC21
DB58
DA99
D9E4
D938
D896
D7FD
D76C
D6E4
D664
D5EB
D57A
D50F
D4AA
D44C
D3F2
D39E
D34F
D303
D2BC
D277
D236
D1F7
D1BA
D180
D146
D10D
D0D5
D09E
D066
D02F
CFF8
CFC0
CF87
CF4E
CF15
CEDA
CE9F
CE63
CE27
CDEA
CDAC
CD6F
CD31
CCF3
CCB6
CC79
CC3E
CC04
CBCC
CB96
CB63
CB32
CB06
CADD
CAB9
CA9A
CA82
CA71
CA66
CA63
CA67
CA74
CA8A
CAA9
CAD2
CB06
CB44
CB8E
CBE4
CC47
CCB6
CD32
CDBC
CE53
CEF8
CFAC
D06E
D13E
D21D
D30B
D408
D514
D62E
D757
D88E
D9D3
DB27
DC88
DDF7
DF72
E0FB
E28F
E42E
E5D8
E78C
E94A
EB10
ECDE
EEB4
F090
F271
F457
F640
F82C
FA1A
FC09
FDF8
FFE5
01D0
03B8
059B
0779
0951
0B21
0CE8
0EA6
1059
1200
139B
1528
16A4
1811
196D
1AB8
1BF0
1D16
1E29
1F27
2010
20E4
21A3
224B
22DD
2357
23BB
2407
243B
2458
245E
244C
2422
23E2
238A
231C
2297
21FD
214D
2088
1FAF
1EC3
1DC4
1CB3
1B8E
1A58
1913
17BF
165E
14F1
1377
11F4
1067
0ED1
0D35
0B93
09EC
0842
0695
04E7
0339
018C
FFE2
FE3B
FC99
FAFC
F966
F7D8
F653
F4D9
F368
F204
F0AD
EF63
EE27
ECFB
EBDE
EAD2
E9D7
E8EE
E817
E753
E6A1
E603
E579
E503
E4A0
E452
E418
E3F2
E3E0
E3E2
E3F8
E422
E45E
E4AE
E510
E584
E60A
E6A1
E748
E7FF
E8C6
E99B
EA7E
EB6E
EC6B
ED74
EE87
EFA4
F0CB
F1FA
F331
F46F
F5B3
F6FC
F849
F99A
FAEE
FC44
FD9C
FEF4
004C
01A3
02F8
044C
059C
06EA
0833
0979
0AB9
0BF4
0D2A
0E5A
0F83
10A6
11C2
12D7
13E5
14EB
15E9
16E0
17D0
18B8
1999
1A73
1B46
1C11
1CD6
1D94
1E4B
1EFD
1FA8
204D
20ED
2187
221D
22AD
2339
23C1
2445
24C6
2542
25BC
2633
26A8
271A
278A
27F8
2864
28CE
2938
299F
2A06
2A6C
2AD1
2B34
2B97
2BF9
2C59
2CB8
2D16
2D72
2DCC
2E24
2E7A
2ECE
2F1E
2F6B
2FB4
2FFA
303A
3076
30AC
30DD
3106
3129
3145
3158
3163
3164
315C
314A
312D
3105
30D2
3091
3044
2FEA
2F82
2F0C
2E87
2DF4
2D51
2C9F
2BDD
2B0C
2A2B
2939
2838
2727
2605
24D4
2393
2243
20E4
1F76
1DF9
1C6E
1AD6
1931
1780
15C3
13FB
1228
104D
0E6A
0C7F
0A8D
0896
069A
049A
0297
0093
FE8F
FC8C
FA8B
F88D
F694
F4A1
F2B5
F0D1
EEF8
ED29
EB67
E9B3
E80D
E678
E4F4
E382
E224
E0DB
DFA8
DE8C
DD88
DC9C
DBCB
DB13
DA7A
D9FD
D99C
D958
D932
D929
D93F
D974
D9C7
DA39
DACA
DB79
DC47
DD33
DE3E
DF65
E0AA
E20C
E389
E522
E6D4
E8A0
EA85
EC81
EE94
F0BB
F2F7
F545
F7A4
FA14
FC92
FF1D
01B5
0456
0700
09B1
0C67
0F20
11DA
1495
174E
1A04
1CB5
1F5F
2201
2499
2726
29A6
2C17
2E79
30C9
3307
3530
3745
3943
3B2A
3CF8
3EAC
4047
41C5
4328
446E
4597
46A2
478E
485B
490A
4999
4A0A
4A5B
4A8E
4AA2
4A98
4A6F
4A29
49C5
4945
48A9
47F2
4720
4635
4531
4416
42E4
419D
4042
3ED4
3D53
3BC3
3A23
3875
36BB
34F6
3327
3150
2F72
2D8E
2BA6
29BC
27D1
25E6
23FD
2216
2034
1E57
1C81
1AB2
18EC
1730
157F
13D9
1241
10B5
0F38
0DCA
0C6B
0B1C
09DD
08B0
0793
0688
058F
04A7
03D1
030D
025A
01B9
0129
00AB
003D
FFDF
FF91
FF53
FF22
FF00
FEEB
FEE2
FEE5
FEF2
FF0A
FF2B
FF55
FF86
FFBD
FFFA
003C
0081
00C9
0113
015E
01A9
01F2
023A
0280
02C1
02FF
0337
0369
0395
03BA
03D5
03E9
03F3
03F4
03EA
03D7
03B8
038F
035B
031C
02D2
027D
021D
01B1
013C
00BB
0031
FF9D
FF00
FE5A
FDAB
FCF6
FC39
FB75
FAAD
F9DF
F90D
F838
F760
F687
F5AD
F4D3
F3F9
F320
F24A
F178
F0AA
EFE3
EF22
EE68
EDB6
ED0E
EC70
EBDC
EB54
EAD8
EA69
EA08
E9B5
E970
E93B
E915
E900
E8FA
E906
E922
E94F
E98D
E9DC
EA3C
EAAD
EB2F
EBC1
EC64
ED15
EDD5
EEA5
EF83
F06F
F168
F26D
F37E
F49A
F5C0
F6EF
F826
F964
FAA8
FBF1
FD3E
FE8D
FFDF
0130
0281
03D1
051D
0665
07A7
08E3
0A17
0B43
0C65
0D7B
0E86
0F84
1074
1154
1225
12E6
1395
1433
14BE
1536
159A
15EB
1626
164D
165F
165C
1642
1614
15D0
1576
1507
1483
13EA
133C
127B
11A6
10BE
0FC3
0EB7
0D9B
0C6E
0B32
09E7
088F
072C
05BC
0442
02BF
0135
FFA4
FE0E
FC74
FAD7
F938
F799
F5FB
F460
F2C8
F135
EFA8
EE22
ECA5
EB32
E9C9
E86D
E71D
E5DB
E4A9
E386
E274
E174
E085
DFAA
DEE3
DE2F
DD91
DD07
DC94
DC36
DBED
DBBB
DB9E
DB98
DBA7
DBCC
DC07
DC56
DCBB
DD34
DDC0
DE60
DF13
DFD8
E0AE
E194
E28B
E38F
E4A2
E5C1
E6ED
E822
E962
EAA9
EBF9
ED4E
EEA8
F006
F166
F2C8
F42A
F58A
F6E9
F844
F99A
FAEA
FC33
FD74
FEAC
FFDA
00FC
0213
031C
0417
0503
05E0
06AD
0768
0813
08AB
0931
09A4
0A04
0A50
0A8A
0AAF
0AC1
0ABF
0AAA
0A81
0A45
09F7
0994
0920
089B
0804
075E
06A9
05E5
0513
0434
0349
0253
0153
0049
FF38
FE1F
FD00
FBDC
FAB4
F98A
F85E
F731
F605
F4DB
F3B4
F291
F173
F05C
EF4C
EE44
ED46
EC53
EB6B
EA8E
E9BE
E8FC
E84A
E7A7
E716
E696
E627
E5CC
E584
E54F
E52F
E523
E52C
E549
E57C
E5C4
E622
E694
E71C
E7B9
E86A
E931
EA0B
EAF9
EBFB
ED10
EE36
EF6F
F0B9
F213
F37D
F4F5
F67B
F80F
F9AE
FB59
FD0E
FECD
0094
0262
0436
0610
07EE
09CF
0BB2
0D95
0F79
115B
133B
1518
16F0
18C3
1A8F
1C53
1E10
1FC2
216B
2308
2499
261D
2794
28FC
2A55
2B9F
2CD9
2E02
2F1A
301F
3112
31F3
32C0
3379
341F
34B1
352F
3598
35ED
362D
3659
3670
3673
3662
363D
3604
35B7
3557
34E4
345E
33C6
331C
3261
3196
30B9
2FCE
2ED3
2DCA
2CB3
2B8F
2A5F
2923
27DB
2689
252D
23C9
225B
20E7
1F6B
1DEA
1C63
1AD8
1949
17B7
1623
148D
12F7
1161
0FCB
0E37
0CA5
0B16
098A
0802
067F
0502
038A
0219
00B0
FF4E
FDF4
FCA4
FB5C
FA1E
F8E9
F7C0
F6A1
F58D
F485
F389
F299
F1B5
F0DE
F014
EF57
EEA8
EE06
ED72
ECEB
EC73
EC08
EBAB
EB5C
EB1B
EAE8
EAC4
EAAC
EAA3
EAA7
EAB9
EAD8
EB05
EB3E
EB85
EBD7
EC37
ECA2
ED18
ED9B
EE27
EEBF
EF61
F00C
F0C1
F17E
F244
F311
F3E6
F4C1
F5A3
F68B
F777
F868
F95E
FA56
FB51
FC4F
FD4E
FE4E
FF4E
004E
014E
024B
0348
0441
0538
062A
0719
0802
08E6
09C3
0A9A
0B6A
0C32
0CF2
0DAA
0E58
0EFC
0F97
1027
10AC
1127
1195
11F8
124F
129A
12D8
130A
132F
1347
1351
134F
1340
1324
12FB
12C5
1282
1233
11D7
116F
10FB
107C
0FF1
0F5B
0EBB
0E11
0D5D
0CA1
0BDC
0B0F
0A3B
0961
0881
079C
06B3
05C5
04D5
03E3
02F0
01FC
0108
0016
FF25
FE37
FD4D
FC66
FB85
FAAA
F9D4
F907
F841
F784
F6D0
F627
F588
F4F5
F46E
F3F3
F386
F325
F2D3
F290
F25B
F235
F21F
F218
F221
F239
F262
F29B
F2E4
F33D
F3A6
F41E
F4A6
F53D
F5E3
F697
F759
F828
F905
F9EE
FAE2
FBE2
FCEC
FE00
FF1D
0042
016E
02A1
03D9
0515
0655
0797
08DB
0A1F
0B63
0CA5
0DE4
0F20
1056
1187
12B1
13D3
14EC
15FC
1700
17F9
18E5
19C3
1A93
1B55
1C07
1CA8
1D38
1DB5
1E21
1E79
1EBD
1EED
1F09
1F10
1F02
1EE0
1EA8
1E5A
1DF8
1D80
1CF3
1C52
1B9C
1AD2
19F4
1903
17FF
16EA
15C2
148A
1342
11EB
1085
0F12
0D92
0C0A
0A76
08DA
0736
058A
03D9
0223
0069
FEAD
FCEF
FB32
F976
F7BC
F606
F455
F2AA
F106
EF6A
EDD7
EC4F
EAD2
E962
E7FF
E6AB
E565
E430
E30C
E1FA
E0F9
E00C
DF32
DE6C
DDBC
DD20
DC9A
DC2A
DBCF
DB8B
DB5C
DB43
DB40
DB52
DB79
DBB6
DC07
DC6C
DCE4
DD70
DE0D
DEBC
DF7C
E04C
E12B
E218
E312
E418
E529
E644
E769
E895
E9C7
EB00
EC3C
ED7C
EEBD
EFFF
F140
F280
F3BE
F4F8
F62D
F75C
F884
F9A3
FABA
FBC6
FCC8
FDBD
FEA5
FF7F
004B
0108
01B5
0251
02DD
0356
03BE
0414
0457
0488
04A5
04B0
04A8
048D
045F
041E
03CC
0367
02F0
0269
01D1
0129
0072
FFAD
FED9
FDF9
FD0C
FC15
FB13
FA07
F8F4
F7D9
F6B7
F591
F467
F33A
F20B
F0DB
EFAC
EE7F
ED55
EC2E
EB0C
E9F1
E8DD
E7D1
E6CE
E5D6
E4E8
E407
E333
E26C
E1B4
E10B
E071
DFE9
DF71
DF0C
DEB8
DE77
DE48
DE2D
DE25
DE31
DE51
DE84
DECA
DF24
DF92
E012
E0A6
E14C
E204
E2CE
E3A9
E494
E590
E69B
E7B4
E8DB
EA0F
EB50
EC9B
EDF2
EF51
F0B9
F229
F39F
F51B
F69C
F81F
F9A6
FB2D
FCB6
FE3D
FFC3
0146
02C6
0441
05B6
0725
088D
09EC
0B43
0C90
0DD2
0F09
1035
1153
1265
136A
1460
1549
1623
16EF
17AB
1858
18F6
1984
1A02
1A70
1ACF
1B1E
1B5D
1B8D
1BAE
1BC0
1BC3
1BB8
1B9F
1B78
1B45
1B04
1AB8
1A5F
19FC
198E
1915
1894
1809
1776
16DC
163B
1593
14E7
1435
137F
12C5
1208
1149
1087
0FC4
0EFF
0E3A
0D75
0CB0
0BED
0B2A
0A69
09AA
08EC
0832
077A
06C5
0612
0563
04B8
040F
036A
02C7
0228
018C
00F3
005D
FFCA
FF38
FEA9
FE1B
FD8F
FD04
FC7A
FBF1
FB68
FADE
FA54
F9C9
F93D
F8AF
F81F
F78C
F6F7
F65E
F5C2
F521
F47D
F3D3
F325
F272
F1B9
F0FB
F036
EF6C
EE9B
EDC4
ECE6
EC02
EB17
EA26
E92E
E831
E72C
E622
E512
E3FC
E2E1
E1C1
E09C
DF72
DE44
DD12
DBDD
DAA5
D96B
D82E
D6F0
D5B2
D473
D334
D1F6
D0BA
CF80
CE48
CD15
CBE5
CABA
C995
C876
C75D
C64D
C544
C446
C352
C268
C189
C0B5
BFEE
BF33
BE86
BDE6
BD54
BCD1
BC5C
BBF7
BBA1
BB5B
BB26
BB00
BAEB
BAE6
BAF2
BB0F
BB3C
BB79
BBC7
BC25
BC94
BD12
BDA0
BE3D
BEE9
BFA4
C06D
C144
C229
C31A
C417
C520
C634
C753
C87B
C9AD
CAE8
CC2A
CD75
CEC5
D01C
D179
D2DA
D440
D5A9
D715
D884
D9F4
DB65
DCD7
DE48
DFB9
E129
E297
E403
E56C
E6D1
E834
E992
EAEB
EC3F
ED8D
EED6
F01A
F157
F28E
F3BE
F4E7
F60A
F726
F83B
F948
FA4F
FB4F
FC47
FD39
FE24
FF08
FFE5
00BC
018C
0256
0319
03D7
048F
0542
05EF
0697
073A
07D8
0872
0908
0999
0A26
0AB0
0B35
0BB8
0C36
0CB1
0D29
0D9D
0E0F
0E7C
0EE7
0F4E
0FB2
1012
106F
10C8
111C
116D
11BA
1202
1245
1283
12BB
12EE
131B
1342
1362
137A
138C
1395
1397
1390
1380
1366
1343
1315
12DC
1299
124B
11F1
118B
1118
109A
100F
0F77
0ED2
0E20
0D60
0C94
0BBA
0AD2
09DE
08DD
07CE
06B3
058B
0456
0316
01CA
0073
FF11
FDA4
FC2E
FAAE
F925
F795
F5FD
F45F
F2BB
F112
EF65
EDB6
EC04
EA51
E89E
E6EC
E53C
E38F
E1E7
E043
DEA7
DD12
DB85
DA03
D88B
D720
D5C2
D472
D331
D201
D0E2
CFD5
CEDC
CDF7
CD27
CC6D
CBCA
CB3E
CAC9
CA6E
CA2B
CA01
C9F1
C9FB
CA1F
CA5E
CAB6
CB29
CBB6
CC5C
CD1C
CDF5
CEE7
CFF1
D112
D24A
D398
D4FB
D672
D7FC
D999
DB46
DD02
DECE
E0A6
E28A
E477
E66E
E86B
EA6F
EC77
EE81
F08C
F297
F49F
F6A3
F8A1
FA98
FC86
FE6A
0041
020A
03C4
056D
0703
0886
09F3
0B4A
0C89
0DAF
0EBB
0FAB
1080
1138
11D1
124D
12A9
12E5
1300
12FA
12D4
128C
1224
119C
10F3
1029
0F41
0E39
0D13
0BCF
0A6E
08F2
075B
05AB
03E2
0202
000D
FE04
FBE9
F9BD
F782
F53A
F2E7
F08A
EE25
EBBC
E94E
E6E0
E471
E206
DFA0
DD40
DAEA
D89E
D65F
D42E
D20E
D001
CE08
CC24
CA59
C8A7
C711
C596
C43A
C2FD
C1E0
C0E4
C00C
BF57
BEC6
BE5A
BE13
BDF3
BDF9
BE26
BE79
BEF3
BF94
C05A
C147
C259
C394
C4F3
C675
C819
C9DE
CBC4
CDC8
CFE9
D226
D47C
D6EC
D972
DC0D
DEBC
E17B
E449
E725
EA0B
ECFA
EFF0
F2EB
F5E8
F8E5
FBE0
FED6
01C7
04AE
078B
0A5C
0D1D
0FCE
126D
14F8
176D
19CA
1C0E
1E36
2041
222E
23FB
25A8
2734
289D
29E2
2B04
2C02
2CDA
2D8E
2E1C
2E85
2EC9
2EE7
2EE1
2EB7
2E69
2DF8
2D66
2CB1
2BDD
2AEA
29D9
28AC
2763
2601
2488
22F7
2153
1F9B
1DD3
1BFB
1A17
1827
162E
142E
122A
1022
0E19
0C12
0A0E
080F
0617
0428
0245
006E
FEA6
FCEF
FB49
F9B7
F83B
F6D5
F587
F451
F337
F237
F154
F08E
EFE5
EF5A
EEEF
EEA2
EE74
EE66
EE78
EEA8
EEF7
EF65
EFF1
F09A
F15F
F240
F33C
F452
F580
F6C6
F821
F990
FB13
FCA7
FE4A
FFFC
01B9
0381
0551
0728
0903
0AE1
0CC0
0E9D
1076
124A
1416
15DA
1793
193E
1ADC
1C69
1DE4
1F4B
209D
21D8
22FC
2406
24F6
25CA
2681
271B
2797
27F3
2830
284E
284B
2827
27E3
277F
26FA
2655
2591
24AE
23AD
228E
2152
1FFA
1E88
1CFD
1B5A
19A0
17D1
15EE
13FA
11F5
0FE3
0DC4
0B9A
0968
0730
04F3
02B4
0074
FE37
FBFD
F9C9
F79E
F57D
F368
F161
EF6A
ED86
EBB5
E9FA
E857
E6CD
E55E
E40D
E2D9
E1C4
E0CF
DFFC
DF4A
DEBB
DE4F
DE08
DDE5
DDE7
DE0F
DE5B
DECD
DF64
E020
E100
E204
E32B
E474
E5DE
E769
E912
EADA
ECBE
EEBC
F0D4
F304
F549
F7A2
FA0C
FC87
FF10
01A4
0442
06E6
0990
0C3C
0EE8
1192
1437
16D6
196B
1BF5
1E71
20DE
2338
257F
27AF
29C6
2BC4
2DA6
2F69
310E
3291
33F2
352F
3647
3738
3802
38A4
391D
396D
3992
398B
3959
38FC
3875
37C2
36E5
35DE
34AE
3354
31D3
302B
2E5C
2C69
2A53
281A
25C0
2348
20B2
1E01
1B37
1854
155C
1251
0F35
0C09
08D0
058D
0242
FEF1
FB9D
F847
F4F3
F1A4
EE5B
EB1A
E7E4
E4BA
E1A0
DE96
DBA0
D8C0
D5F6
D345
D0B0
CE37
CBDC
C9A1
C786
C58F
C3BA
C20B
C081
BF1D
BDE1
BCCC
BBDF
BB1C
BA80
BA0E
B9C4
B9A3
B9AB
B9DA
BA31
BAB2
BB59
BC25
BD15
BE29
BF5E
C0B4
C22A
C3BD
C56D
C738
C91C
CB17
CD29
CF4E
D186
D3CE
D624
D887
DAF4
DD6A
DFE7
E268
E4EC
E771
E9F5
EC76
EEF3
F168
F3D6
F63A
F891
FADB
FD16
FF40
015A
0360
0552
0730
08F7
0AA8
0C40
0DC0
0F27
1074
11A7
12BF
13BD
14A0
1568
1615
16A7
171F
177C
17C0
17EB
17FD
17F7
17DA
17A6
175D
1700
168F
160C
1575
14CE
1419
1356
1286
11AB
10C7
0FDA
0EE7
0DED
0CEF
0BEF
0AEC
09E9
08E7
07E8
06EB
05F3
0501
0415
0332
0257
0186
00BF
0004
FF55
FEB3
FE1F
FD98
FD20
FCB7
FC5D
FC14
FBDB
FBB2
FB98
FB8E
FB94
FBA9
FBCD
FC00
FC41
FC90
FCED
FD56
FDCB
FE4B
FED6
FF6B
0009
00AE
015B
020E
02C5
0381
0440
0501
05C2
0684
0744
0802
08BD
0974
0A25
0AD1
0B75
0C11
0CA4
0D2E
0DAC
0E20
0E87
0EE2
0F2F
0F6E
0F9F
0FC1
0FD4
0FD8
0FCB
0FAF
0F83
0F47
0EFB
0E9F
0E34
0DB9
0D2F
0C96
0BF0
0B3B
0A7A
09AC
08D3
07EE
06FF
0605
0503
03F9
02E9
01D3
00B9
FF9C
FE7D
FD5D
FC3D
FB1E
FA02
F8EA
F7D6
F6C9
F5C3
F4C5
F3D1
F2E7
F209
F137
F073
EFBD
EF17
EE81
EDFC
ED89
ED28
ECDA
ECA0
EC7A
EC68
EC6B
EC83
ECB0
ECF2
ED49
EDB5
EE37
EECD
EF78
F038
F10B
F1F2
F2EB
F3F7
F515
F643
F781
F8CE
FA29
FB91
FD05
FE84
000D
019E
0337
04D5
0679
081F
09C8
0B71
0D19
0EBF
1061
11FF
1397
1526
16AC
1828
1997
1AFA
1C4D
1D91
1EC4
1FE4
20F1
21EA
22CD
239A
244F
24ED
2572
25DD
262E
2664
2680
2680
2664
262D
25D9
256A
24DF
2438
2375
2298
219E
208B
1F5F
1E19
1CBC
1B47
19BC
181C
1667
149F
12C4
10D9
0EDE
0CD5
0ABF
089D
0671
043C
0200
FFBF
FD79
FB30
F8E7
F69E
F458
F215
EFD8
EDA1
EB73
E950
E738
E52D
E331
E146
DF6C
DDA5
DBF2
DA54
D8CD
D75D
D606
D4C9
D3A6
D29E
D1B3
D0E4
D032
CF9F
CF2A
CED3
CE9C
CE83
CE8A
CEB0
CEF6
CF5A
CFDD
D07E
D13D
D21A
D314
D429
D55B
D6A6
D80F
D990
DB28
DCD7
DE9B
E074
E25E
E45B
E667
E882
EAAA
ECDE
EF1C
F163
F3B0
F603
F85A
FAB3
FD0D
FF65
01BB
040D
0659
089E
0ADA
0D0B
0F31
1149
1353
154C
1734
1909
1ACB
1C77
1E0D
1F8C
20F3
2241
2374
248D
258A
266C
2730
27D8
2862
28CE
291C
294C
295E
2951
2927
28DE
2878
27F5
2755
2699
25C0
24CD
23BF
2298
2158
2000
1E92
1D0E
1B74
19C6
1807
1636
1456
1268
106C
0E65
0C54
0A3A
0819
05F2
03C7
0199
FF6A
FD3B
FB0E
F8E5
F6C0
F4A1
F28A
F07D
EE7A
EC82
EA98
E8BD
E6F1
E536
E38E
E1F9
E078
DF0C
DDB8
DC7C
DB57
DA4B
D959
D881
D7C4
D722
D69C
D631
D5E3
D5B1
D59C
D5A3
D5C7
D607
D663
D6DB
D76F
D81E
D8E8
D9CC
DACA
DBE0
DD0F
DE55
DFB2
E125
E2AC
E447
E5F5
E7B4
E984
EB64
ED52
EF4D
F154
F365
F57F
F7A1
F9C9
FBF7
FE28
005B
028F
04C3
06F5
0923
0B4E
0D72
0F8F
11A4
13AF
15AF
17A3
198A
1B62
1D2B
1EE4
208B
221F
23A1
250E
2667
27A9
28D4
29E9
2AE6
2BCC
2C99
2D4E
2DE9
2E6C
2ED5
2F25
2F5C
2F79
2F7D
2F69
2F3B
2EF5
2E97
2E21
2D94
2CF0
2C36
2B67
2A83
298B
287F
2761
2632
24F1
23A1
2242
20D5
1F5B
1DD5
1C45
1AAA
1907
175C
15AA
13F3
1237
1077
0EB6
0CF2
0B2F
096D
07AC
05EE
0433
027E
00CE
FF24
FD82
FBE8
FA57
F8D0
F753
F5E1
F47B
F321
F1D3
F093
EF61
EE3C
ED27
EC21
EB29
EA41
E968
E89E
E7E4
E738
E69C
E60F
E590
E521
E4BF
E46B
E425
E3EC
E3BF
E39F
E38A
E380
E381
E38C
E3A0
E3BC
E3E1
E40D
E43F
E478
E4B5
E4F7
E53D
E586
E5D1
E61F
E66D
E6BD
E70C
E75A
E7A7
E7F2
E83B
E880
E8C2
E8FF
E939
E96D
E99C
E9C5
E9E8
EA04
EA1A
EA2A
EA32
EA34
EA2E
EA21
EA0D
E9F2
E9D0
E9A8
E978
E943
E907
E8C5
E880
E835
E7E6
E792
E73B
E6E0
E682
E623
E5C1
E55F
E4FC
E49A
E438
E3D8
E37A
E31F
E2C7
E273
E224
E1DA
E197
E15A
E124
E0F6
E0D0
E0B3
E0A0
E096
E096
E0A1
E0B7
E0D9
E108
E143
E18B
E1DE
E23E
E2AA
E322
E3A6
E437
E4D4
E57C
E630
E6F0
E7BA
E88F
E96E
EA57
EB49
EC44
ED46
EE50
EF61
F077
F193
F2B2
F3D6
F4FC
F624
F74D
F876
F99E
FAC5
FBE8
FD09
FE25
FF3B
004B
0154
0254
034B
0438
051A
05F1
06BA
0777
0825
08C4
0953
09D3
0A41
0A9E
0AE9
0B22
0B48
0B5B
0B5A
0B47
0B1F
0AE4
0A95
0A32
09BC
0932
0895
07E5
0722
064E
0569
0472
036B
0255
0130
FFFD
FEBE
FD71
FC1A
FAB8
F94E
F7DB
F661
F4E1
F35C
F1D4
F049
EEBE
ED32
EBA8
EA21
E89E
E71F
E5A8
E438
E2D1
E174
E023
DEDE
DDA8
DC81
DB6A
DA63
D96F
D88D
D7BE
D704
D65F
D5D0
D558
D4F6
D4AC
D47A
D460
D45F
D476
D4A6
D4F0
D552
D5CD
D661
D70D
D7D1
D8AD
D99F
DAA9
DBC8
DCFC
DE45
DFA1
E110
E291
E423
E5C4
E774
E931
EAF9
ECCC
EEA8
F08B
F276
F465
F657
F84C
FA41
FC36
FE28
0016
01FF
03E1
05BB
078B
0951
0B0A
0CB5
0E52
0FDE
1159
12C1
1415
1555
1680
1793
188F
1973
1A3F
1AF1
1B88
1C06
1C69
1CB0
1CDC
1CED
1CE2
1CBB
1C78
1C1A
1BA1
1B0D
1A5E
1995
18B3
17B7
16A4
1578
1437
12DF
1172
0FF2
0E5F
0CBA
0B05
0940
076E
058F
03A5
01B0
FFB4
FDB1
FBA7
F99A
F78A
F578
F367
F157
EF49
ED40
EB3D
E940
E74B
E560
E37F
E1AA
DFE1
DE27
DC7B
DADF
D954
D7DB
D674
D520
D3E0
D2B4
D19C
D09A
CFAE
CED7
CE17
CD6D
CCD9
CC5B
CBF3
CBA2
CB66
CB40
CB2F
CB33
CB4B
CB77
CBB6
CC08
CC6C
CCE0
CD66
CDFB
CE9E
CF50
D00E
D0D9
D1AE
D28D
D375
D465
D55B
D657
D758
D85C
D963
DA6B
DB73
DC7B
DD80
DE83
DF81
E07B
E16F
E25D
E343
E421
E4F5
E5C1
E682
E738
E7E3
E881
E914
E99A
EA12
EA7E
EADC
EB2C
EB6E
EBA3
EBCA
EBE3
EBEF
EBED
EBDE
EBC3
EB9B
EB66
EB28
EADE
EA8A
EA2B
E9C3
E952
E8D9
E858
E7D0
E742
E6AF
E616
E57A
E4DA
E438
E395
E2F0
E24B
E1A7
E105
E064
DFC6
DF2C
DE96
DE05
DD79
DCF3
DC74
DBFD
DB8D
DB25
DAC5
DA71
DA25
D9E4
D9AC
D97E
D95B
D942
D933
D930
D936
D947
D963
D989
D9B9
D9F4
DA37
DA85
DADB
DB3B
DBA3
DC12
DC8A
DD08
DD8E
DE19
DEAA
DF40
DFDA
E079
E11B
E1BF
E266
E30E
E3B7
E461
E50A
E5B2
E659
E6FE
E7A1
E841
E8DD
E976
EA0A
EA99
EB23
EBA8
EC27
ECA0
ED13
ED7F
EDE4
EE42
EE9A
EEEA
EF33
EF75
EFB0
EFE3
F010
F035
F054
F06D
F07F
F08C
F093
F094
F090
F088
F07B
F06A
F056
F03E
F023
F006
EFE6
EFC5
EFA3
EF80
EF5C
EF39
EF16
EEF3
EED2
EEB2
EE95
EE79
EE60
EE49
EE36
EE26
EE1A
EE11
EE0D
EE0C
EE10
EE1B
EE2B
EE3E
EE57
EE74
EE94
EEBA
EEE3
EF0F
EF40
EF74
EFAA
EFE4
F020
F05E
F09D
F0DE
F120
F162
F1A4
F1E5
F226
F265
F2A1
F2DC
F313
F347
F376
F3A1
F3C8
F3E8
F403
F418
F427
F42F
F42E
F426
F416
F3FD
F3DA
F3AF
F37B
F33D
F2F5
F2A4
F249
F1E4
F176
F0FF
F07E
EFF4
EF61
EEC6
EE22
ED77
ECC4
EC0B
EB4B
EA85
E9BB
E8EB
E818
E741
E669
E58C
E4AF
E3D2
E2F6
E21B
E143
E06E
DF9E
DED2
DE0D
DD4F
DC99
DBEC
DB48
DAAF
DA22
D9A1
D92C
D8C6
D86F
D826
D7EE
D7C6
D7B0
D7AB
D7B9
D7D9
D80C
D853
D8AD
D91B
D99D
DA33
DADC
DB9A
DC6B
DD50
DE49
DF54
E073
E1A3
E2E6
E439
E59E
E712
E895
EA26
EBC5
ED6F
EF26
F0E7
F2B1
F483
F65C
F83A
FA1E
FC04
FDED
FFD6
01BE
03A4
0587
0765
093D
0B0F
0CD9
0E98
104C
11F3
138C
1516
168F
17F7
194B
1A8D
1BB9
1CD0
1DD0
1EB9
1F8A
2042
20E0
2165
21D0
2220
2254
226E
226D
2250
2218
21C5
2157
20CE
202C
1F6F
1E99
1DAD
1CAA
1B8F
1A5E
1917
17BC
164E
14CE
133D
119C
0FEC
0E30
0C67
0A95
08B9
06D6
04EC
02FF
010E
FF1C
FD2A
FB3A
F94D
F764
F582
F3A8
F1D6
F010
EE55
ECA8
EB09
E97A
E7FD
E692
E53A
E3F7
E2C8
E1B0
E0AF
DFC6
DEF4
DE3C
DD9C
DD17
DCAB
DC5A
DC22
DC06
DC03
DC1B
DC4C
DC98
DCFC
DD79
DE0E
DEBB
DF7E
E057
E145
E246
E35B
E482
E5B9
E6FF
E854
E9B5
EB22
EC98
EE16
EF9C
F126
F2B5
F445
F5D6
F767
F8F5
FA7F
FC03
FD80
FEF5
0060
01BF
0312
0456
058B
06AF
07C2
08C1
09AC
0A81
0B41
0BEA
0C7A
0CF2
0D51
0D96
0DC2
0DD3
0DC9
0DA3
0D62
0D06
0C8E
0BFB
0B4C
0A83
09A0
08A2
078B
065B
0513
03B4
023F
00B4
FF14
FD61
FB9C
F9C6
F7E1
F5ED
F3EB
F1DE
EFC7
EDA7
EB7F
E952
E720
E4EC
E2B7
E082
DE4F
DC20
D9F6
D7D2
D5B6
D3A4
D19D
CFA2
CDB5
CBD7
CA09
C84D
C6A4
C50F
C38F
C226
C0D3
BF98
BE77
BD6F
BC81
BBAE
BAF6
BA5A
B9DB
B978
B932
B909
B8FC
B90D
B93A
B983
B9E9
BA6A
BB08
BBC0
BC93
BD80
BE87
BFA6
C0DE
C22C
C391
C50B
C69A
C83D
C9F1
CBB8
CD8E
CF74
D168
D369
D575
D78C
D9AD
DBD5
DE05
E03A
E274
E4B1
E6F0
E930
EB6F
EDAD
EFE9
F220
F453
F680
F8A6
FAC5
FCDB
FEE7
00E8
02DF
04C9
06A6
0876
0A37
0BEA
0D8E
0F21
10A5
1217
1379
14C9
1608
1734
184F
1957
1A4D
1B30
1C01
1CC0
1D6C
1E06
1E8E
1F04
1F68
1FBA
1FFB
202A
2049
2057
2054
2042
2020
1FEF
1FAF
1F60
1F04
1E9A
1E23
1D9F
1D0F
1C73
1BCB
1B19
1A5C
1995
18C5
17EB
1708
161D
152A
142F
132D
1224
1113
0FFD
0EE0
0DBD
0C96
0B69
0A38
0903
07CA
068E
054E
040C
02C8
0181
0039
FEEF
FDA5
FC5A
FB0F
F9C4
F87A
F730
F5E8
F4A2
F35D
F21B
F0DD
EFA1
EE69
ED35
EC05
EAD9
E9B3
E892
E777
E662
E555
E44F
E351
E25B
E16E
E08A
DFAF
DEDF
DE19
DD5E
DCAE
DC0A
DB72
DAE6
DA68
D9F6
D993
D93D
D8F6
D8BD
D893
D878
D86C
D871
D885
D8A9
D8DD
D921
D976
D9DB
DA51
DAD8
DB6E
DC15
DCCC
DD92
DE69
DF4E
E042
E145
E257
E375
E4A1
E5DA
E71E
E86E
E9C9
EB2D
EC9B
EE12
EF90
F114
F29F
F42F
F5C3
F75A
F8F4
FA8F
FC2A
FDC5
FF5E
00F4
0287
0415
059D
071F
0898
0A09
0B71
0CCD
0E1F
0F64
109C
11C6
12E1
13ED
14E9
15D3
16AD
1775
182A
18CC
195B
19D6
1A3E
1A91
1AD0
1AFB
1B11
1B13
1B00
1AD8
1A9C
1A4C
19E9
1972
18E8
184D
179F
16E1
1613
1535
1449
134F
1248
1135
1018
0EF0
0DC1
0C89
0B4C
0A09
08C2
0778
062D
04E2
0398
0250
010C
FFCC
FE92
FD60
FC36
FB14
F9FE
F8F3
F7F5
F704
F623
F551
F490
F3E0
F343
F2B8
F241
F1DE
F190
F156
F132
F123
F12A
F147
F17A
F1C3
F222
F296
F320
F3BE
F471
F538
F613
F700
F7FF
F910
FA31
FB63
FCA3
FDF1
FF4B
00B1
0221
0399
051A
06A1
082E
09BE
0B51
0CE5
0E79
100C
119C
1327
14AE
162E
17A5
1914
1A78
1BD0
1D1C
1E5A
1F88
20A7
21B5
22B1
239A
2470
2533
25E2
267D
2701
2770
27C7
2808
2833
2846
2843
2828
27F8
27B1
2754
26E2
265C
25C1
2513
2452
2380
229D
21AA
20A9
1F9B
1E80
1D5A
1C2A
1AF2
19B4
186F
1727
15DC
1490
1347
1200
10BD
0F7F
0E47
0D17
0BF0
0AD4
09C3
08C1
07CC
06E8
0614
0553
04A4
0409
0384
0314
02BA
0278
024D
023B
0241
025F
0297
02E8
0352
03D5
0471
0525
05F2
06D6
07D2
08E5
0A0E
0B4C
0C9E
0E03
0F7B
1103
129B
1441
15F4
17B3
197B
1B4C
1D23
1EFF
20DF
22C1
24A2
2681
285D
2A34
2C03
2DC9
2F84
3133
32D4
3465
35E4
3750
38A8
39E9
3B11
3C21
3D16
3DEF
3EAD
3F4C
3FCE
4030
4072
4094
4094
4073
4030
3FCB
3F44
3E9C
3DD1
3CE4
3BD7
3AA9
395A
37ED
3660
34B7
32F0
310E
2F12
2CFD
2AD0
288E
2637
23CD
2153
1ECA
1C34
1992
16E6
1432
1179
0EBC
0BFD
093E
0682
03CA
0119
FE70
FBD2
F940
F6BC
F449
F1E8
EF9B
ED63
EB43
E93B
E74E
E57D
E3CA
E234
E0BF
DF6A
DE37
DD27
DC3A
DB73
DAD1
DA53
D9FB
D9C9
D9BC
D9D5
DA13
DA77
DAFF
DBAC
DC7C
DD70
DE86
DFBD
E114
E28B
E420
E5D1
E79D
E983
EB81
ED96
EFBF
F1FB
F449
F6A5
F90F
FB84
FE02
0088
0313
05A1
0830
0ABE
0D49
0FCF
124E
14C4
172E
198C
1BDA
1E19
2044
225C
245F
264A
281D
29D7
2B75
2CF8
2E5E
2FA7
30D1
31DC
32C7
3393
343F
34CA
3536
3581
35AD
35B9
35A6
3574
3524
34B8
342F
338C
32CF
31FA
310D
300A
2EF3
2DC8
2C8C
2B40
29E5
287D
270A
258D
2408
227C
20EC
1F58
1DC2
1C2C
1A98
1906
1778
15F0
146E
12F3
1182
101B
0EBE
0D6D
0C29
0AF1
09C7
08AC
079F
06A2
05B3
04D4
0405
0345
0294
01F3
0161
00DD
0068
0001
FFA7
FF5A
FF19
FEE4
FEB9
FE99
FE82
FE74
FE6D
FE6D
FE73
FE7E
FE8E
FEA1
FEB6
FECD
FEE5
FEFD
FF14
FF29
FF3A
FF48
FF51
FF55
FF52
FF48
FF36
FF1C
FEF7
FEC9
FE8F
FE4A
FDF9
FD9A
FD2E
FCB4
FC2B
FB93
FAEB
FA32
F969
F88F
F7A3
F6A6
F597
F476
F342
F1FD
F0A5
EF3A
EDBE
EC31
EA91
E8E1
E720
E54F
E36E
E17F
DF81
DD77
DB60
D93F
D714
D4E0
D2A6
D066
CE22
CBDD
C997
C752
C512
C2D7
C0A4
BE7B
BC5E
BA50
B853
B669
B495
B2D9
B137
AFB3
AE4D
AD09
ABE8
AAED
AA1A
A970
A8F1
A8A0
A87C
A889
A8C6
A935
A9D6
AAAB
ABB2
ACED
AE5B
AFFC
B1CF
B3D4
B608
B86B
BAFB
BDB6
C09B
C3A6
C6D5
CA26
CD95
D120
D4C2
D879
DC41
E016
E3F4
E7D8
EBBD
EF9F
F37A
F74B
FB0C
FEBB
0253
05D0
092F
0C6C
0F84
1274
1538
17CD
1A32
1C64
1E60
2026
21B3
2306
241F
24FC
259F
2606
2632
2622
25DA
255A
24A4
23B9
229C
2150
1FD6
1E31
1C66
1A76
1865
1637
13EF
1191
0F21
0CA3
0A1A
078A
04F7
0265
FFD7
FD51
FAD7
F86B
F612
F3CD
F1A0
EF8D
ED96
EBBF
EA08
E872
E700
E5B2
E48B
E389
E2AE
E1F9
E16B
E102
E0BF
E0A0
E0A3
E0C9
E10E
E172
E1F2
E28D
E340
E409
E4E5
E5D3
E6CF
E7D8
E8EA
EA04
EB23
EC44
ED65
EE84
EF9F
F0B3
F1C0
F2C3
F3BA
F4A4
F580
F64D
F709
F7B3
F84C
F8D3
F948
F9AA
F9FA
FA39
FA66
FA82
FA8E
FA8C
FA7B
FA5E
FA36
FA03
F9C8
F985
F93D
F8F0
F8A1
F851
F801
F7B3
F769
F724
F6E4
F6AD
F67E
F65A
F640
F631
F62F
F63B
F653
F67A
F6AF
F6F3
F745
F7A5
F813
F88F
F918
F9AE
FA4F
FAFC
FBB3
FC73
FD3B
FE0A
FEE0
FFBA
0098
0178
0259
033A
0419
04F6
05CF
06A2
0770
0836
08F4
09A9
0A54
0AF3
0B87
0C0F
0C89
0CF6
0D54
0DA4
0DE4
0E16
0E38
0E4B
0E4E
0E42
0E27
0DFC
0DC3
0D7B
0D26
0CC3
0C52
0BD5
0B4C
0AB8
0A19
096F
08BC
0801
073E
0673
05A2
04CA
03ED
030B
0225
013B
004E
FF5E
FE6C
FD79
FC84
FB8F
FA99
F9A4
F8AE
F7BA
F6C7
F5D5
F4E5
F3F7
F30C
F223
F13C
F059
EF79
EE9D
EDC4
ECF0
EC1F
EB54
EA8E
E9CC
E910
E859
E7A8
E6FE
E659
E5BB
E525
E495
E40D
E38C
E314
E2A4
E23D
E1DE
E189
E13D
E0FA
E0C2
E093
E06F
E055
E045
E040
E046
E056
E071
E096
E0C6
E100
E144
E192
E1E9
E24A
E2B4
E327
E3A2
E426
E4B1
E543
E5DB
E67A
E71F
E7C8
E876
E928
E9DD
EA94
EB4E
EC08
ECC4
ED7F
EE3A
EEF3
EFAA
F05F
F111
F1BF
F268
F30D
F3AC
F446
F4D9
F565
F5EA
F666
F6DB
F747
F7AB
F805
F857
F8A0
F8DF
F915
F943
F967
F982
F995
F99F
F9A1
F99A
F98C
F976
F959
F935
F90B
F8DB
F8A4
F869
F829
F7E4
F79C
F750
F701
F6AF
F65B
F605
F5AD
F554
F4FB
F4A2
F449
F3F1
F399
F344
F2F1
F2A0
F251
F206
F1BF
F17B
F13C
F101
F0CA
F099
F06E
F047
F027
F00C
EFF8
EFEA
EFE2
EFE1
EFE6
EFF3
F005
F01E
F03E
F065
F092
F0C6
F101
F143
F18A
F1D9
F22D
F287
F2E7
F34D
F3B7
F427
F49B
F514
F591
F611
F695
F71C
F7A6
F832
F8C0
F950
F9E1
FA73
FB05
FB98
FC2A
FCBB
FD4C
FDDD
FE6D
FEFA
FF85
000D
0092
0114
0191
020B
0280
02F0
035A
03C0
0420
0479
04CD
051A
0561
05A0
05D9
060A
0635
0657
0672
0686
0692
0696
0692
0686
0673
0658
0635
060B
05DA
05A2
0561
051A
04CB
0475
0418
03B3
0348
02D7
025F
01E0
015C
00D1
0041
FFAC
FF11
FE71
FDCC
FD23
FC75
FBC3
FB0E
FA54
F997
F8D7
F814
F74F
F687
F5BC
F4F0
F423
F354
F284
F1B3
F0E1
F00E
EF3B
EE68
ED96
ECC3
EBF1
EB20
EA50
E981
E8B3
E7E7
E71D
E654
E58E
E4CA
E409
E34A
E28F
E1D6
E121
E06F
DFC0
DF16
DE6F
DDCC
DD2E
DC94
DC00
DB70
DAE5
DA60
D9DF
D964
D8EF
D87F
D816
D7B2
D754
D6FD
D6AC
D662
D61E
D5E1
D5AC
D57D
D555
D534
D51B
D509
D4FF
D4FC
D501
D50F
D523
D540
D565
D593
D5C8
D606
D64C
D69B
D6F3
D753
D7BB
D82D
D8A7
D929
D9B5
DA49
DAE5
DB8B
DC39
DCEF
DDAE
DE76
DF46
E01E
E0FF
E1E8
E2D9
E3D1
E4D2
E5DA
E6EA
E802
E920
EA46
EB72
ECA6
EDDF
EF1F
F066
F1B2
F303
F45A
F5B6
F717
F87C
F9E6
FB53
FCC5
FE3A
FFB3
012E
02AC
042C
05AF
0733
08B9
0A41
0BC9
0D52
0EDB
1064
11ED
1375
14FD
1683
1807
198A
1B0B
1C89
1E05
1F7E
20F3
2265
23D2
253B
269F
27FE
2958
2AAC
2BFA
2D41
2E82
2FBB
30EE
3219
333C
3457
3569
3673
3774
386B
3959
3A3D
3B17
3BE7
3CAC
3D66
3E15
3EB9
3F51
3FDD
405E
40D2
413B
4196
41E5
4226
425A
4281
429A
42A5
42A3
4292
4273
4245
420A
41BF
4166
40FE
4088
4002
3F6E
3ECB
3E19
3D58
3C88
3BA9
3ABC
39C0
38B5
379C
3675
3540
33FC
32AB
314D
2FE1
2E68
2CE2
2B50
29B1
2807
2652
2491
22C6
20F1
1F12
1D2A
1B39
1940
1740
1538
132B
1117
0EFE
0CE1
0AC0
089C
0675
044D
0223
FFF9
FDD0
FBA8
F981
F75D
F53E
F323
F10D
EEFD
ECF3
EAF0
E8F6
E704
E51B
E33C
E168
DFA0
DDE4
DC34
DA92
D8FE
D779
D603
D49C
D346
D200
D0CB
CFA8
CE97
CD98
CCAC
CBD2
CB0B
CA58
C9B8
C92C
C8B4
C850
C801
C7C5
C79D
C789
C787
C799
C7BE
C7F6
C83F
C89A
C907
C985
CA13
CAB1
CB5E
CC19
CCE3
CDBA
CE9E
CF8D
D087
D18C
D29A
D3B1
D4D0
D5F5
D721
D852
D987
DABF
DBFA
DD36
DE73
DFAF
E0EA
E224
E35B
E48D
E5BC
E6E5
E808
E924
EA39
EB45
EC49
ED42
EE32
EF17
EFF1
F0BF
F180
F236
F2DE
F379
F407
F487
F4F9
F55D
F5B3
F5FB
F635
F661
F67F
F68F
F692
F688
F670
F64D
F61C
F5E1
F59A
F548
F4EC
F486
F418
F3A1
F322
F29D
F212
F181
F0EB
F052
EFB6
EF17
EE77
EDD7
ED37
EC98
EBFB
EB61
EACB
EA39
E9AC
E925
E8A5
E82F
E7C1
E75D
E701
E6B0
E669
E62E
E5FE
E5DA
E5C2
E5B8
E5BA
E5CA
E5E7
E612
E64A
E690
E6E4
E746
E7B6
E833
E8BD
E954
E9F8
EAA8
EB64
EC2B
ECFE
EDDB
EEC2
EFB2
F0AB
F1AF
F2BA
F3CC
F4E4
F600
F721
F845
F96C
FA95
FBBE
FCE7
FE0F
FF35
0059
0179
0295
03AB
04BC
05C5
06C7
07C0
08B0
0997
0A72
0B43
0C08
0CC0
0D6C
0E0A
0E9A
0F1D
0F91
0FF6
104D
1094
10CC
10F4
110D
1117
1111
10FC
10D8
10A6
1065
1016
0FB9
0F4F
0ED9
0E56
0DC8
0D2F
0C8C
0BDF
0B29
0A6B
09A6
08DB
080A
0734
065B
057E
04A0
03C0
02E0
01FF
011F
0042
FF68
FE92
FDC1
FCF6
FC32
FB75
FAC0
FA13
F970
F8D7
F848
F7C5
F74D
F6E1
F681
F62E
F5E8
F5AF
F583
F565
F554
F550
F55A
F571
F594
F5C5
F602
F64B
F69F
F6FC
F763
F7D4
F84F
F8D2
F95E
F9F1
FA8B
FB2A
FBCF
FC78
FD23
FDD1
FE80
FF30
FFDF
008C
0137
01DD
0280
031D
03B3
0441
04C8
0545
05B7
061F
067A
06C9
070B
073E
0763
0775
0777
0769
074A
071A
06D8
0685
0620
05A9
0520
0485
03D8
031A
024A
0169
0078
FF76
FE65
FD44
FC15
FAD8
F98E
F838
F6D7
F56C
F3F7
F27A
F0F6
EF6B
EDDC
EC49
EAB4
E91D
E786
E5F0
E45D
E2CE
E144
DFC1
DE45
DCD2
DB6A
DA0E
D8BE
D77C
D64A
D528
D417
D319
D22E
D158
D097
CFED
CF59
CEDD
CE79
CE2D
CDFB
CDE3
CDE4
CE00
CE35
CE85
CEF0
CF76
D016
D0CF
D1A2
D28D
D391
D4AC
D5DE
D726
D883
D9F5
DB79
DD10
DEB8
E070
E237
E40B
E5EA
E7D5
E9C8
EBC3
EDC4
EFCA
F1D3
F3DD
F5E6
F7EE
F9F2
FBF1
FDEA
FFD9
01BF
0399
0566
0723
08D1
0A6C
0BF5
0D69
0EC7
100E
113D
1253
134F
142F
14F4
159C
1626
1693
16E1
1710
1721
1711
16E3
1695
1628
159B
14EF
1425
133D
1237
1115
0FD6
0E7B
0D06
0B77
09D0
0811
063C
0451
0254
0044
FE23
FBF3
F9B5
F76B
F516
F2B9
F054
EDEA
EB7C
E90C
E69B
E42C
E1C0
DF59
DCF9
DAA0
D852
D60F
D3D9
D1B1
CF9A
CD94
CBA2
C9C3
C7FC
C64C
C4B3
C334
C1CF
C084
BF55
BE42
BD4C
BC74
BBBA
BB1E
BAA1
BA42
BA03
B9E3
B9E1
B9FE
BA3A
BA94
BB0B
BBA0
BC51
BD1E
BE06
BF09
C025
C15A
C2A7
C40A
C582
C70F
C8B0
CA63
CC27
CDFA
CFDB
D1C8
D3C1
D5C4
D7CF
D9E1
DBF9
DE15
E034
E255
E476
E696
E8B4
EACE
ECE4
EEF3
F0FC
F2FD
F4F5
F6E3
F8C6
FA9D
FC68
FE26
FFD6
0178
030B
048E
0601
0763
08B6
09F8
0B2A
0C4B
0D5C
0E5D
0F4E
102E
1100
11C2
1276
131B
13B3
143D
14BC
152E
1595
15F2
1646
1691
16D3
170F
1745
1775
17A0
17C8
17ED
1811
1833
1855
1876
1899
18BE
18E6
1911
1941
1975
19AF
19F0
1A36
1A84
1AD9
1B36
1B9B
1C09
1C7F
1CFE
1D86
1E16
1EAF
1F51
1FFB
20AD
2168
222A
22F3
23C3
2499
2575
2656
273C
2825
2911
2A00
2AF0
2BE1
2CD1
2DC0
2EAD
2F97
307D
315F
323A
330F
33DB
34A0
355A
360A
36AF
3747
37D3
3850
38BF
391E
396E
39AD
39DA
39F6
3A00
39F7
39DB
39AB
3968
3912
38A8
382B
379A
36F5
363D
3572
3494
33A3
32A1
318C
3066
2F30
2DEB
2C96
2B33
29C2
2845
26BD
252A
238E
21E9
203D
1E8B
1CD4
1B19
195D
179F
15E1
1424
126B
10B5
0F05
0D5D
0BBC
0A26
0899
0718
05A4
043D
02E6
019E
0068
FF43
FE32
FD34
FC4A
FB76
FAB7
FA0F
F97E
F904
F8A2
F858
F826
F80C
F80B
F822
F851
F897
F8F6
F96C
F9F8
FA9B
FB54
FC22
FD05
FDFB
FF03
001D
0147
0280
03C8
051D
067E
07E9
095E
0ADB
0C5F
0DE8
0F75
1105
1296
1426
15B5
1741
18C8
1A49
1BC3
1D34
1E9B
1FF6
2145
2286
23B7
24D8
25E7
26E3
27CB
289E
295B
2A02
2A92
2B0A
2B69
2BAF
2BDC
2BEE
2BE7
2BC4
2B87
2B2F
2ABC
2A2F
2986
28C4
27E8
26F2
25E3
24BB
237C
2225
20B8
1F36
1D9E
1BF4
1A36
1867
1688
149A
129E
1096
0E82
0C64
0A3E
0811
05DD
03A6
016B
FF2F
FCF2
FAB7
F87F
F64A
F41C
F1F3
EFD3
EDBD
EBB1
E9B2
E7BF
E5DB
E406
E242
E08F
DEEF
DD63
DBEB
DA88
D93A
D804
D6E7
D5E2
D4F5
D421
D366
D2C4
D23B
D1CC
D176
D13A
D117
D10E
D11F
D148
D18A
D1E4
D257
D2E0
D381
D438
D505
D5E6
D6DC
D7E6
D902
DA30
DB6F
DCBE
DE1C
DF89
E102
E288
E41B
E5B8
E75D
E90B
EAC0
EC7A
EE39
EFFD
F1C2
F38A
F553
F71B
F8E3
FAA8
FC6B
FE2A
FFE4
0199
0348
04F0
0691
0829
09B8
0B3E
0CBA
0E2B
0F92
10ED
123C
137E
14B4
15DE
16F9
1807
1908
19FA
1ADF
1BB5
1C7E
1D38
1DE4
1E82
1F12
1F94
2008
206E
20C6
2110
214E
217D
21A0
21B6
21BF
21BB
21AC
2190
2169
2136
20F7
20AE
205A
1FFB
1F92
1F1F
1EA1
1E1A
1D89
1CF0
1C4D
1BA2
1AEF
1A33
1970
18A4
17D1
16F6
1614
152B
143C
1345
1247
1144
103A
0F29
0E13
0CF7
0BD6
0AAE
0982
0850
071A
05DF
049F
035B
0212
00C6
FF76
FE22
FCCC
FB72
FA17
F8B9
F75A
F5FA
F498
F336
F1D4
F072
EF10
EDB0
EC52
EAF5
E99B
E844
E6F1
E5A2
E457
E312
E1D2
E099
DF67
DE3D
DD1B
DC01
DAF2
D9EC
D8F1
D801
D71C
D644
D579
D4BC
D40E
D36E
D2DE
D25F
D1EF
D191
D145
D10A
D0E1
D0CB
D0C8
D0D8
D0FC
D133
D17E
D1DC
D24F
D2D5
D36F
D41D
D4DF
D5B4
D69D
D799
D8A7
D9C8
DAFB
DC3F
DD94
DEFA
E06F
E1F4
E388
E529
E6D8
E893
EA59
EC29
EE04
EFE6
F1D1
F3C2
F5B8
F7B3
F9B1
FBB1
FDB3
FFB4
01B4
03B1
05AB
07A0
098F
0B77
0D56
0F2C
10F8
12B7
146A
160F
17A6
192D
1AA2
1C06
1D58
1E96
1FBF
20D3
21D1
22B9
238A
2443
24E4
256C
25DB
2631
266D
2690
2699
2688
265D
2618
25BA
2542
24B1
2407
2345
226B
217A
2072
1F53
1E20
1CD7
1B7A
1A0B
1889
16F7
1554
13A3
11E4
1018
0E40
0C5E
0A72
087F
0684
0484
0280
0078
FE6E
FC64
FA5A
F852
F64D
F44C
F250
F05B
EE6E
EC8A
EAAF
E8DF
E71C
E565
E3BC
E221
E096
DF1B
DDB2
DC5B
DB16
D9E4
D8C7
D7BD
D6C9
D5E9
D51F
D46B
D3CD
D345
D2D3
D277
D232
D202
D1E9
D1E5
D1F7
D21E
D259
D2A9
D30E
D385
D410
D4AC
D55B
D61A
D6EA
D7CA
D8B8
D9B5
DABE
DBD4
DCF5
DE20
DF55
E092
E1D8
E324
E476
E5CD
E729
E888
E9E9
EB4B
ECAF
EE12
EF74
F0D5
F232
F38D
F4E3
F635
F781
F8C7
FA07
FB3F
FC6F
FD97
FEB6
FFCD
00D9
01DC
02D4
03C1
04A4
057A
0646
0705
07B9
0861
08FC
098C
0A10
0A88
0AF4
0B54
0BA8
0BF1
0C2F
0C62
0C89
0CA7
0CBA
0CC2
0CC2
0CB7
0CA4
0C88
0C64
0C38
0C04
0BC8
0B86
0B3D
0AEE
0A9A
0A40
09E2
097F
0918
08AD
083F
07CE
075A
06E5
066D
05F3
0578
04FC
047F
0402
0384
0306
0288
020A
018D
0111
0095
001A
FFA0
FF28
FEB1
FE3B
FDC5
FD51
FCDE
FC6D
FBFE
FB90
FB25
FABB
FA53
F9EC
F988
F925
F8C4
F865
F808
F7AD
F753
F6FB
F6A5
F650
F5FD
F5AC
F55C
F50F
F4C2
F478
F42F
F3E7
F3A2
F35E
F31B
F2DB
F29C
F25F
F224
F1EB
F1B3
F17E
F14A
F119
F0EA
F0BC
F091
F068
F042
F01E
EFFC
EFDC
EFBF
EFA5
EF8D
EF77
EF64
EF54
EF47
EF3C
EF34
EF2E
EF2B
EF2B
EF2D
EF32
EF39
EF43
EF52
EF62
EF75
EF8A
EFA1
EFB9
EFD4
EFF0
F00E
F02E
F04E
F070
F093
F0B7
F0DB
F100
F125
F14A
F170
F195
F1B9
F1DD
F201
F223
F244
F264
F282
F29F
F2BA
F2D3
F2EA
F2FE
F312
F324
F333
F33F
F349
F34F
F352
F353
F350
F34A
F340
F334
F324
F311
F2FB
F2E3
F2C7
F2A8
F287
F264
F23E
F216
F1EC
F1C0
F193
F165
F136
F106
F0D6
F0A6
F076
F047
F01B
EFF1
EFC9
EFA3
EF80
EF60
EF43
EF2A
EF15
EF05
EEF9
EEF2
EEF1
EEF5
EEFF
EF0F
EF26
EF43
EF67
EF92
EFC4
EFFE
F03F
F087
F0D8
F130
F190
F1F7
F267
F2DE
F35D
F3E3
F473
F50A
F5A9
F64F
F6FC
F7B0
F86A
F92B
F9F1
FABD
FB8E
FC63
FD3D
FE1A
FEFB
FFDE
00C3
01AA
0292
037B
0463
054B
0631
0716
07F7
08D6
09B1
0A87
0B59
0C25
0CEB
0DAA
0E63
0F15
0FBE
105E
10F5
1183
1206
127F
12ED
134F
13A6
13F1
1431
1464
148B
14A5
14B3
14B4
14A9
1492
146E
143E
1401
13B9
1365
1306
129C
1227
11A8
111F
108D
0FF1
0F4F
0EA4
0DF2
0D3A
0C7B
0BB6
0AED
0A20
094F
087C
07A6
06CF
05F8
0521
044B
0377
02A5
01D7
010C
0046
FF86
FECB
FE17
FD6B
FCC6
FC2A
FB97
FB0E
FA8E
FA19
F9AF
F951
F8FD
F8B6
F87A
F84B
F828
F812
F809
F80D
F81D
F83A
F864
F89A
F8DC
F92A
F984
F9EA
FA5B
FAD6
FB5B
FBEA
FC83
FD24
FDCD
FE7E
FF35
FFF3
00B6
017E
024A
0319
03EB
04BF
0592
0665
0738
0809
08D8
09A4
0A6D
0B31
0BF0
0CA9
0D5C
0E07
0EAB
0F46
0FD8
1061
10DF
1153
11BD
121A
126C
12B2
12EC
1319
1339
134D
1353
134C
1338
1318
12EA
12AF
1268
1215
11B5
114A
10D3
1050
0FC3
0F2B
0E8A
0DDF
0D2B
0C6E
0BAA
0ADE
0A0C
0934
0857
0774
068E
05A4
04B8
03C9
02D9
01E8
00F7
0007
FF17
FE2A
FD3E
FC56
FB71
FA90
F9B6
F8E0
F810
F746
F682
F5C4
F50E
F45E
F3B5
F314
F27A
F1E8
F15D
F0D9
F05D
EFE9
EF7B
EF15
EEB5
EE5C
EE08
EDBB
ED73
ED2F
ECF1
ECB6
EC7E
EC4A
EC18
EBE7
EBB8
EB89
EB5B
EB2D
EAFD
EACA
EA96
EA5D
EA21
E9DF
E999
E94C
E8F9
E89E
E83C
E7D2
E75E
E6E1
E65B
E5CA
E52F
E489
E3D8
E31B
E253
E17F
E09F
DFB3
DEBB
DDB7
DCA7
DB8C
DA65
D933
D7F7
D6B0
D55E
D403
D29F
D132
CFBD
CE41
CCBD
CB34
C9A6
C813
C67D
C4E3
C349
C1AD
C011
BE77
BCDE
BB49
B9B7
B82B
B6A5
B527
B3B0
B243
B0E0
AF88
AE3D
ACFF
ABCF
AAAE
A99E
A89F
A7B2
A6D7
A610
A55C
A4BC
A432
A3BD
A35E
A316
A2E5
A2CA
A2C7
A2DC
A308
A34C
A3A8
A41B
A4A6
A548
A601
A6D1
A7B7
A8B2
A9C4
AAE9
AC24
AD71
AED2
B044
B1C8
B35C
B500
B6B3
B873
BA3F
BC17
BDFA
BFE5
C1DA
C3D5
C5D6
C7DD
C9E7
CBF4
CE02
D011
D220
D42D
D637
D83E
DA40
DC3C
DE32
E020
E206
E3E3
E5B6
E77F
E93C
EAED
EC92
EE2A
EFB4
F131
F29F
F3FF
F550
F692
F7C6
F8EA
FA00
FB07
FBFF
FCE8
FDC3
FE90
FF4F
0001
00A5
013E
01CA
024B
02C1
032D
0390
03E9
043B
0485
04C8
0506
053F
0573
05A3
05D1
05FD
0628
0652
067C
06A8
06D5
0705
0739
0770
07AB
07EB
0831
087D
08CF
0927
0987
09EE
0A5D
0AD3
0B52
0BD8
0C66
0CFC
0D99
0E3E
0EEB
0F9F
1059
111A
11E1
12AD
137E
1453
152D
1609
16E7
17C7
18A8
1989
1A69
1B48
1C24
1CFC
1DD0
1E9F
1F67
2029
20E2
2193
2239
22D5
2365
23E9
245F
24C7
2520
256A
25A3
25CA
25E1
25E5
25D6
25B3
257D
2534
24D5
2463
23DB
233F
228D
21C7
20EB
1FFB
1EF6
1DDD
1CB0
1B70
1A1C
18B6
173E
15B5
141B
1271
10B8
0EF1
0D1D
0B3D
0952
075D
055F
0359
014C
FF3B
FD25
FB0C
F8F2
F6D8
F4C0
F2AA
F098
EE8B
EC85
EA86
E890
E6A4
E4C3
E2EF
E129
DF71
DDCA
DC32
DAAD
D93A
D7DA
D68F
D559
D438
D32E
D23A
D15D
D098
CFEB
CF55
CED9
CE74
CE28
CDF4
CDD9
CDD6
CDEB
CE18
CE5B
CEB6
CF26
CFAC
D046
D0F5
D1B7
D28C
D372
D469
D570
D685
D7A8
D8D8
DA13
DB59
DCA8
DDFE
DF5C
E0BF
E227
E392
E4FF
E66D
E7DA
E946
EAAF
EC14
ED74
EECF
F022
F16E
F2B0
F3E8
F515
F637
F74C
F853
F94D
FA38
FB14
FBE1
FC9E
FD4A
FDE6
FE70
FEEA
FF53
FFAA
FFF1
0026
004B
005F
0063
0056
003A
000F
FFD5
FF8E
FF38
FED6
FE6A
FDF2
FD70
FCE4
FC4E
FBB1
FB0C
FA60
F9AF
F8F9
F83F
F782
F6C3
F603
F543
F483
F3C5
F309
F250
F19B
F0EB
F041
EF9C
EEFF
EE69
EDDB
ED56
ECDA
EC67
EBFF
EBA1
EB4E
EB09
EAD0
EAA1
EA7F
EA67
EA5B
EA5B
EA65
EA7B
EA9D
EAC8
EAFF
EB40
EB8B
EBDF
EC3C
ECA2
ED11
ED87
EE04
EE88
EF12
EFA1
F035
F0CE
F169
F208
F2A9
F34B
F3EE
F491
F534
F5D8
F67A
F71A
F7B6
F84F
F8E3
F972
F9FC
FA80
FAFE
FB76
FBE6
FC4F
FCB1
FD0A
FD5C
FDA6
FDE7
FE20
FE51
FE7A
FE9B
FEB3
FEC4
FECD
FECE
FEC9
FEBC
FEA9
FE90
FE71
FE4D
FE26
FDFA
FDCA
FD97
FD61
FD29
FCEF
FCB4
FC79
FC3E
FC03
FBCA
FB92
FB5D
FB2B
FAFC
FAD1
FAAB
FA89
FA6D
FA56
FA45
FA3B
FA38
FA3B
FA46
FA58
FA71
FA92
FABB
FAEC
FB24
FB63
FBAA
FBF8
FC4D
FCAA
FD0C
FD75
FDE4
FE58
FED1
FF4F
FFD1
0056
00DD
0167
01F3
027F
030C
0397
0422
04AA
0530
05B2
062F
06A8
071A
0786
07EB
0847
089A
08E4
0923
0957
097E
099A
09A8
09AA
099E
0983
095B
0923
08DC
0886
0821
07AC
0728
0693
05F0
053D
047A
03A9
02C9
01DB
00DF
FFD5
FEBF
FD9D
FC6F
FB36
F9F3
F8A7
F752
F5F6
F494
F32C
F1C0
F051
EEDF
ED6D
EBFA
EA89
E91A
E7AE
E646
E4E4
E389
E236
E0EC
DFAB
DE76
DD4C
DC30
DB22
DA22
D932
D853
D785
D6CA
D621
D58B
D50A
D49D
D444
D401
D3D4
D3BC
D3BD
D3D3
D400
D442
D49B
D509
D58D
D626
D6D4
D796
D86C
D954
DA4F
DB5B
DC78
DDA5
DEE1
E02A
E180
E2E2
E44E
E5C3
E741
E8C5
EA4F
EBDD
ED6D
EF00
F092
F223
F3B1
F53C
F6C2
F841
F9B8
FB25
FC88
FDDF
FF29
0065
0191
02AD
03B8
04B1
0596
0668
0726
07CE
0861
08DD
0943
0992
09CA
09EB
09F4
09E6
09C0
0984
0930
08C6
0846
07AF
0704
0644
0572
048C
0393
028A
0170
0046
FF0E
FDC8
FC77
FB1A
F9B3
F844
F6CE
F552
F3D1
F24C
F0C6
EF3F
EDB8
EC34
EAB3
E937
E7C0
E651
E4EA
E38C
E23A
E0F3
DFB9
DE8D
DD70
DC63
DB69
DA80
D9AA
D8E6
D837
D79B
D713
D6A1
D643
D5FB
D5C8
D5AA
D5A1
D5AE
D5CF
D605
D64F
D6AD
D71D
D7A1
D836
D8DD
D993
DA5A
DB2E
DC11
DD00
DDFB
DF00
E00E
E125
E243
E367
E490
E5BD
E6EB
E81B
E94A
EA78
EBA3
ECCB
EDEE
EF0A
F020
F12E
F233
F32E
F41F
F504
F5DC
F6A7
F765
F815
F8B6
F948
F9CA
FA3D
FA9F
FAF2
FB34
FB67
FB89
FB9C
FB9E
FB92
FB76
FB4C
FB13
FACE
FA7C
FA1D
F9B4
F940
F8C3
F83D
F7B0
F71D
F684
F5E7
F546
F4A4
F401
F35E
F2BC
F21E
F183
F0ED
F05D
EFD5
EF55
EEDF
EE73
EE13
EDC0
ED7A
ED42
ED1B
ED03
ECFC
ED07
ED23
ED51
ED92
EDE6
EE4D
EEC8
EF55
EFF6
F0AA
F171
F24A
F336
F433
F542
F660
F78F
F8CC
FA18
FB70
FCD4
FE43
FFBC
013C
02C4
0452
05E4
0778
090E
0AA3
0C36
0DC6
0F51
10D5
1251
13C4
152B
1685
17D1
190D
1A38
1B51
1C55
1D44
1E1C
1EDC
1F83
2011
2083
20D9
2113
2130
212E
210E
20CE
206F
1FF1
1F53
1E95
1DB8
1CBB
1B9D
1A5F
1903
1789
15F3
1440
1272
108A
0E89
0C71
0A42
07FF
05A8
033F
00C7
FE40
FBAD
F90F
F669
F3BC
F10B
EE57
EBA2
E8EF
E640
E396
E0F5
DE5D
DBD1
D954
D6E6
D48B
D244
D013
CDF9
CBF9
CA13
C84A
C6A0
C515
C3AA
C262
C13D
C03B
BF5F
BEA9
BE18
BDAF
BD6D
BD52
BD5F
BD93
BDEF
BE73
BF1C
BFED
C0E2
C1FD
C33B
C49D
C620
C7C3
C986
CB66
CD65
CF7E
D1AF
D3F8
D655
D8C5
DB46
DDD5
E070
E316
E5C4
E877
EB2E
EDE5
F09B
F34E
F5FA
F89E
FB37
FDC4
0042
02AE
0507
074B
0977
0B8B
0D83
0F5E
111C
12B9
1436
158F
16C6
17D7
18C3
1989
1A27
1A9D
1AEC
1B12
1B0F
1AE4
1A91
1A16
1973
18A9
17B9
16A4
156A
140C
128D
10ED
0F2D
0D50
0B56
0942
0716
04D3
027C
0012
FD98
FB10
F87C
F5DF
F33A
F091
EDE6
EB3A
E891
E5ED
E34F
E0BC
DE34
DBBA
D950
D6F8
D4B5
D289
D075
CE7B
CC9D
CADD
C93C
C7BB
C65D
C521
C40A
C319
C24D
C1A8
C12A
C0D5
C0A7
C0A2
C0C4
C10F
C184
C220
C2E3
C3CD
C4DB
C60F
C766
C8DF
CA79
CC33
CE0B
CFFF
D20F
D437
D677
D8CC
DB34
DDAD
E035
E2CA
E56A
E812
EAC0
ED72
F026
F2D9
F589
F833
FAD6
FD6F
FFFC
027B
04EB
0748
0991
0BC4
0DE0
0FE1
11C8
1393
1540
16CD
183B
1987
1AB1
1BB8
1C9C
1D5C
1DF8
1E6F
1EC2
1EF1
1EFB
1EE1
1EA3
1E43
1DC1
1D1D
1C59
1B75
1A74
1956
181D
16C9
155E
13DC
1246
109C
0EE2
0D19
0B43
0963
077A
058A
0397
01A1
FFAC
FDB9
FBCB
F9E4
F806
F633
F46E
F2B8
F113
EF82
EE06
ECA2
EB56
EA24
E90F
E817
E73D
E684
E5EC
E576
E524
E4F6
E4ED
E508
E549
E5AF
E63A
E6EB
E7C2
E8BD
E9DD
EB21
EC88
EE11
EFBC
F187
F372
F57A
F79E
F9DE
FC37
FEA7
012D
03C6
0672
092D
0BF6
0ECA
11A8
148D
1776
1A62
1D4F
2039
231F
25FF
28D5
2BA0
2E5E
310B
33A7
362F
38A1
3AFA
3D3A
3F5E
4164
434B
4511
46B5
4835
4991
4AC6
4BD5
4CBB
4D7A
4E0E
4E79
4EBA
4ED1
4EBD
4E7E
4E16
4D83
4CC5
4BDE
4ACE
4997
4839
46B6
450D
4342
4155
3F47
3D1A
3AD0
386B
35EB
3354
30A7
2DE5
2B12
282F
253E
2241
1F3B
1C2D
191A
1604
12EE
0FD9
0CC7
09BB
06B7
03BD
00CE
FDED
FB1B
F85A
F5AC
F313
F090
EE25
EBD3
E99B
E77F
E580
E39E
E1DC
E039
DEB7
DD55
DC15
DAF7
D9FB
D921
D869
D7D4
D760
D70F
D6DE
D6CF
D6DF
D70F
D75D
D7C9
D852
D8F6
D9B5
DA8C
DB7B
DC81
DD9B
DEC8
E006
E155
E2B3
E41D
E592
E711
E898
EA25
EBB6
ED4A
EEDF
F074
F207
F395
F51F
F6A2
F81D
F98E
FAF4
FC4D
FD9A
FED7
0005
0122
022E
0327
040C
04DD
059A
0642
06D4
0750
07B6
0806
0840
0864
0871
0869
084A
0817
07CE
0772
0701
067D
05E7
0540
0488
03C0
02E9
0204
0113
0017
FF10
FE00
FCE8
FBC9
FAA5
F97D
F854
F728
F5FD
F4D3
F3AC
F288
F169
F050
EF3F
EE36
ED37
EC43
EB5A
EA7F
E9B0
E8F1
E840
E7A0
E710
E692
E626
E5CC
E585
E550
E52F
E522
E528
E542
E56F
E5B0
E603
E66A
E6E5
E772
E811
E8C0
E980
EA50
EB2E
EC1A
ED14
EE1B
EF2D
F049
F170
F29F
F3D5
F512
F654
F79B
F8E5
FA31
FB7E
FCCB
FE16
FF5F
00A5
01E5
0320
0454
0581
06A4
07BE
08CC
09CE
0AC4
0BAB
0C85
0D50
0E0B
0EB6
0F50
0FD9
1050
10B6
1109
1149
1177
1191
1199
118E
1170
113F
10FC
10A6
103E
0FC5
0F3A
0E9F
0DF4
0D39
0C6F
0B97
0AB1
09BE
08BF
07B4
069D
057D
0455
0325
01EE
00B2
FF71
FE2C
FCE4
FB9B
FA51
F907
F7BE
F678
F535
F3F6
F2BC
F188
F05B
EF36
EE1A
ED06
EBFD
EAFF
EA0C
E925
E84C
E77F
E6C1
E610
E56F
E4DD
E45A
E3E7
E384
E331
E2EE
E2BC
E29A
E289
E288
E298
E2B8
E2E8
E329
E379
E3D9
E449
E4C7
E554
E5F0
E699
E750
E814
E8E4
E9C1
EAA9
EB9D
EC9B
EDA2
EEB4
EFCE
F0F0
F21A
F34B
F483
F5C0
F703
F84B
F998
FAE7
FC3A
FD90
FEE7
0040
019A
02F4
044E
05A8
0700
0857
09AC
0AFF
0C4F
0D9C
0EE5
102B
116D
12AB
13E4
1518
1647
1771
1895
19B4
1ACD
1BE0
1CED
1DF5
1EF7
1FF3
20E9
21DA
22C4
23A8
2486
255D
262E
26F9
27BE
287C
2934
29E5
2A8F
2B33
2BD1
2C67
2CF7
2D7F
2E01
2E7C
2EF0
2F5C
2FC1
301F
3076
30C5
310D
314D
3186
31B6
31DF
3200
3218
3228
3230
322F
3226
3214
31F9
31D5
31A8
3172
3133
30EB
3099
303D
2FD8
2F69
2EF1
2E6F
2DE3
2D4E
2CAF
2C06
2B53
2A97
29D1
2902
282A
2748
265D
2569
246C
2367
2258
2142
2024
1EFE
1DD0
1C9C
1B60
1A1F
18D8
178B
1639
14E3
1389
122B
10CA
0F67
0E02
0C9B
0B34
09CC
0865
06FF
059A
0437
02D7
017A
0021
FECC
FD7C
FC31
FAED
F9B0
F87A
F74C
F626
F50A
F3F7
F2EE
F1EF
F0FB
F013
EF36
EE66
EDA2
ECEB
EC41
EBA5
EB16
EA96
EA23
E9BF
E96A
E922
E8EA
E8C0
E8A5
E899
E89C
E8AD
E8CC
E8F9
E935
E97F
E9D6
EA3B
EAAE
EB2D
EBB9
EC52
ECF6
EDA6
EE61
EF28
EFF8
F0D2
F1B6
F2A3
F399
F496
F59B
F6A7
F7B9
F8D2
F9EF
FB12
FC39
FD64
FE92
FFC2
00F5
022A
0361
0497
05CE
0704
083A
096E
0AA1
0BD1
0CFF
0E2A
0F51
1075
1195
12B0
13C7
14D8
15E5
16EC
17EE
18E9
19DF
1ACE
1BB7
1C99
1D74
1E49
1F17
1FDE
209E
2156
2208
22B2
2354
23F0
2484
2511
2596
2615
268C
26FD
2766
27C8
2823
2877
28C4
290A
294A
2982
29B4
29DF
2A03
2A21
2A38
2A48
2A51
2A54
2A51
2A46
2A35
2A1D
29FF
29DA
29AE
297B
2941
2900
28B8
2869
2813
27B7
2752
26E7
2674
25FA
2579
24F0
2460
23C8
2328
2281
21D1
211A
205C
1F95
1EC6
1DF0
1D11
1C2B
1B3D
1A47
1949
1844
1737
1622
1506
13E4
12BB
118A
1053
0F15
0DD1
0C86
0B36
09E0
0885
0725
05C0
0457
02E9
0179
0005
FE8F
FD16
FB9C
FA20
F8A3
F726
F5AA
F42E
F2B4
F13B
EFC4
EE51
ECE1
EB75
EA0E
E8AC
E750
E5FB
E4AD
E366
E227
E0F1
DFC4
DEA0
DD86
DC76
DB72
DA79
D98C
D8AB
D7D6
D70F
D655
D5A9
D50A
D47A
D3F9
D386
D322
D2CE
D288
D252
D22B
D214
D20C
D214
D22B
D251
D287
D2CB
D31F
D381
D3F2
D472
D4FF
D59B
D644
D6F9
D7BC
D88B
D966
DA4C
DB3D
DC38
DD3D
DE4C
DF63
E083
E1AB
E2D9
E40E
E549
E689
E7CF
E918
EA65
EBB4
ED07
EE5B
EFB0
F104
F259
F3AE
F502
F654
F7A4
F8F2
FA3D
FB85
FCC9
FE08
FF42
0078
01A8
02D1
03F5
0512
0628
0736
083D
093D
0A34
0B24
0C0B
0CE9
0DBF
0E8D
0F51
100D
10C0
116A
120C
12A3
1332
13B9
1437
14AD
151B
1580
15DE
1634
1683
16CA
170A
1743
1775
17A1
17C7
17E6
1800
1814
1822
182C
1831
1830
182C
1823
1817
1806
17F3
17DC
17C1
17A4
1785
1762
173D
1716
16EE
16C3
1697
1669
163A
160A
15D9
15A7
1574
1541
150D
14D8
14A4
146E
1439
1403
13CD
1397
1361
132C
12F6
12C0
128A
1255
1220
11EB
11B6
1181
114D
111A
10E7
10B5
1083
1051
101F
0FEE
0FBD
0F8C
0F5C
0F2D
0EFD
0ECF
0EA0
0E73
0E46
0E19
0DED
0DC2
0D98
0D6F
0D46
0D1F
0CF8
0CD3
0CAF
0C8C
0C6A
0C4A
0C2B
0C0D
0BF1
0BD7
0BBF
0BA9
0B94
0B82
0B71
0B62
0B55
0B4A
0B41
0B3A
0B35
0B32
0B30
0B31
0B34
0B38
0B3E
0B46
0B50
0B5B
0B68
0B76
0B85
0B96
0BA7
0BB9
0BCD
0BE0
0BF4
0C09
0C1D
0C30
0C43
0C55
0C67
0C78
0C87
0C96
0CA3
0CAF
0CB9
0CC0
0CC6
0CC9
0CCA
0CC7
0CC2
0CB9
0CAD
0C9E
0C8A
0C73
0C58
0C38
0C14
0BEB
0BBE
0B8D
0B56
0B1B
0ADA
0A95
0A4B
09F9
09A3
0948
08E9
0884
081A
07AC
0739
06C2
0646
05C6
0542
04BB
042F
03A0
030E
0278
01E0
0145
00A8
0008
FF67
FEC5
FE21
FD7C
FCD7
FC32
FB8C
FAE8
FA43
F9A0
F8FF
F85F
F7C2
F728
F690
F5FB
F56A
F4DD
F454
F3CF
F34E
F2D2
F25C
F1EA
F17E
F117
F0B6
F05B
F005
EFB6
EF6D
EF2A
EEED
EEB6
EE86
EE5B
EE37
EE19
EE00
EDEE
EDE1
EDDA
EDD9
EDDE
EDE7
EDF6
EE0A
EE22
EE3E
EE5E
EE82
EEA9
EED4
EF01
EF31
EF63
EF97
EFCD
F004
F03C
F075
F0AF
F0E8
F122
F15B
F193
F1CB
F201
F236
F269
F29B
F2CA
F2F7
F321
F348
F36D
F38F
F3AD
F3C7
F3DF
F3F2
F402
F40F
F417
F41D
F41F
F41D
F419
F411
F406
F3F9
F3E9
F3D6
F3C2
F3AB
F393
F37A
F35F
F344
F329
F30D
F2F2
F2D7
F2BD
F2A5
F28E
F279
F266
F256
F248
F23E
F237
F234
F235
F23B
F244
F253
F267
F280
F29E
F2C2
F2EB
F31B
F350
F38C
F3CD
F414
F462
F4B5
F50F
F56E
F5D3
F63D
F6AD
F722
F79C
F81B
F89E
F925
F9B0
FA3F
FAD0
FB65
FBFB
FC94
FD2D
FDC8
FE63
FEFE
FF99
0032
00C9
015E
01F1
0280
030B
0391
0413
048F
0505
0574
05DC
063D
0696
06E6
072D
076B
079F
07C9
07E8
07FD
0805
0802
07F4
07DA
07B5
0784
0748
06FF
06AC
064D
05E3
056D
04ED
0463
03CE
032F
0288
01D7
011E
005C
FF94
FEC5
FDF0
FD15
FC36
FB52
FA6C
F983
F898
F7AC
F6C1
F5D6
F4EB
F402
F31D
F23C
F160
F089
EFBA
EEF2
EE32
ED7B
ECCF
EC2D
EB96
EB0C
EA8E
EA1E
E9BC
E969
E925
E8F0
E8CB
E8B7
E8B4
E8C2
E8E1
E911
E953
E9A7
EA0C
EA83
EB0C
EBA5
EC50
ED0C
EDD9
EEB5
EFA1
F09C
F1A6
F2BD
F3E2
F513
F64F
F796
F8E6
FA40
FBA1
FD09
FE77
FFE9
015F
02D7
0450
05CA
0742
08B7
0A2A
0B97
0CFE
0E5E
0FB6
1104
1247
137E
14AA
15C7
16D5
17D4
18C1
199D
1A66
1B1B
1BBD
1C49
1CBF
1D1F
1D68
1D9A
1DB4
1DB7
1DA1
1D73
1D2C
1CCC
1C55
1BC5
1B1C
1A5C
1985
1896
1791
1676
1546
1401
12A8
113D
0FC0
0E32
0C94
0AE8
092E
0768
0597
03BD
01DA
FFF0
FE01
FC0E
FA18
F821
F62A
F435
F244
F057
EE71
EC93
EABE
E8F4
E736
E585
E3E4
E253
E0D4
DF67
DE0F
DCCB
DB9E
DA88
D98A
D8A5
D7DA
D729
D694
D61A
D5BD
D57C
D558
D551
D568
D59C
D5EE
D65D
D6E9
D791
D857
D938
DA34
DB4B
DC7D
DDC7
DF2A
E0A4
E235
E3DB
E596
E763
E942
EB31
ED2F
EF3B
F152
F374
F59E
F7D0
FA07
FC43
FE81
00C0
02FF
053B
0772
09A5
0BD0
0DF3
100B
1218
1417
1608
17E9
19B9
1B76
1D20
1EB5
2034
219C
22EC
2424
2542
2646
272F
27FD
28AF
2945
29BE
2A1B
2A5B
2A7E
2A85
2A6F
2A3D
29EF
2986
2902
2865
27AD
26DD
25F6
24F7
23E3
22BA
217D
202E
1ECE
1D5E
1BE0
1A54
18BD
171C
1572
13C2
120B
1051
0E94
0CD6
0B19
095F
07A9
05F8
044D
02AB
0113
FF86
FE06
FC94
FB31
F9DE
F89D
F76E
F654
F54E
F45E
F384
F2C2
F217
F185
F10C
F0AD
F068
F03C
F02B
F035
F058
F096
F0EF
F161
F1EC
F292
F350
F426
F513
F617
F731
F860
F9A3
FAF9
FC60
FDD8
FF60
00F6
0299
0448
0601
07C2
098C
0B5B
0D2E
0F05
10DD
12B5
148B
165F
182E
19F7
1BB8
1D71
1F1F
20C1
2257
23DE
2556
26BD
2811
2953
2A81
2B9A
2C9C
2D88
2E5C
2F18
2FBB
3044
30B3
3107
3141
315F
3163
314A
3117
30C8
305D
2FD8
2F38
2E7E
2DA9
2CBB
2BB5
2A96
295F
2812
26AF
2539
23AE
2210
2061
1EA1
1CD1
1AF2
1906
170E
150B
12FE
10E9
0ECD
0CAB
0A85
085B
0630
0404
01D8
FFAF
FD89
FB67
F94B
F736
F529
F325
F12B
EF3C
ED59
EB83
E9BC
E803
E65B
E4C3
E33D
E1C8
E065
DF15
DDD8
DCAE
DB98
DA97
D9A9
D8D0
D80C
D75C
D6C1
D63A
D5C7
D568
D51D
D4E6
D4C2
D4B0
D4B1
D4C4
D4E9
D51E
D563
D5B8
D61C
D68E
D70E
D79A
D832
D8D4
D982
DA39
DAFA
DBC3
DC93
DD6B
DE48
DF2B
E012
E0FE
E1EC
E2DE
E3D1
E4C5
E5BA
E6AF
E7A4
E898
E98A
EA7A
EB68
EC53
ED3B
EE20
EF01
EFDE
F0B7
F18C
F25C
F328
F3ED
F4AE
F56A
F621
F6D4
F782
F82C
F8D1
F973
FA11
FAAB
FB42
FBD6
FC67
FCF5
FD81
FE0C
FE95
FF1C
FFA3
0029
00AF
0135
01BC
0243
02CB
0355
03E0
046D
04FC
058E
0622
06BA
0754
07F2
0892
0936
09DD
0A87
0B34
0BE4
0C98
0D4F
0E08
0EC4
0F83
1045
1108
11CE
1295
135E
1427
14F1
15BC
1686
1750
1818
18DF
19A5
1A67
1B27
1BE3
1C9B
1D4E
1DFC
1EA4
1F46
1FE2
2075
2101
2184
21FF
2270
22D6
2333
2385
23CB
2406
2435
2458
246E
2477
2474
2463
2444
2418
23DF
2397
2342
22E0
2270
21F2
2167
20CF
202A
1F78
1EB8
1DEC
1D14
1C31
1B44
1A4C
194A
1840
172C
1611
14EE
13C5
1296
1161
1027
0EEA
0DA9
0C66
0B22
09DC
0896
0751
060D
04CB
038C
0251
011A
FFE8
FEBB
FD96
FC77
FB60
FA51
F94C
F84F
F75D
F676
F599
F4C8
F402
F348
F29B
F1FB
F167
F0E0
F066
EFFA
EF9A
EF47
EF02
EEC9
EE9D
EE7D
EE6A
EE62
EE66
EE76
EE8F
EEB4
EEE2
EF19
EF59
EFA1
EFF0
F048
F0A6
F109
F170
F1DC
F24C
F2BD
F331
F3A6
F41B
F48F
F502
F573
F5E2
F64D
F6B3
F715
F772
F7C8
F817
F85F
F89F
F8D6
F904
F929
F944
F954
F95A
F955
F944
F929
F901
F8CC
F88C
F83F
F7E7
F783
F714
F699
F614
F583
F4E8
F443
F394
F2DC
F21C
F153
F083
EFAB
EECE
EDEB
ED03
EC17
EB28
EA37
E944
E850
E75D
E66A
E57A
E48C
E3A3
E2BD
E1DE
E103
E02F
DF64
DEA2
DDEA
DD3D
DC9C
DC07
DB80
DB07
DA9D
DA42
D9F7
D9BD
D994
D97D
D978
D986
D9A6
D9D9
DA20
DA7A
DAE8
DB6A
DBFF
DCA8
DD65
DE35
DF18
E00D
E116
E230
E35C
E499
E5E7
E744
E8B0
EA2B
EBB3
ED49
EEEA
F096
F24D
F40D
F5D5
F7A4
F979
FB54
FD33
FF15
00F9
02DD
04C1
06A4
0884
0A61
0C39
0E0B
0FD6
1199
1354
1504
16A9
1842
19D1
1B51
1CC3
1E25
1F77
20B9
21E8
2305
2410
2507
25EA
26B9
2774
281A
28AB
2927
298D
29DE
2A1A
2A41
2A53
2A50
2A39
2A0D
29CE
297B
2916
289E
2815
277B
26D0
2617
2550
247C
239B
22AE
21B5
20B3
1FA8
1E94
1D79
1C58
1B33
1A09
18DC
17AD
167D
154D
141E
12F2
11C9
10A4
0F84
0E6A
0D57
0C4B
0B49
0A50
0961
087D
07A5
06D9
061A
0568
04C6
0432
03AD
0337
02D1
027B
0234
01FE
01D7
01C0
01BA
01C3
01DB
0203
023A
0280
02D4
0335
03A4
0420
04A8
053B
05D9
0680
0732
07EB
08AC
0974
0A42
0B15
0BEC
0CC6
0DA1
0E7E
0F5B
1037
1112
11EA
12BF
138F
145A
151F
15DD
1692
173F
17E2
187A
1908
1989
19FE
1A66
1AC0
1B0B
1B48
1B76
1B94
1BA2
1BA0
1B8D
1B69
1B35
1AF0
1A9A
1A34
19BB
1932
1899
17EF
1736
166E
1597
14B2
13BE
12BE
11B1
1098
0F73
0E44
0D0C
0BCB
0A81
0930
07D9
067D
051C
03B8
0251
00E9
FF80
FE18
FCB1
FB4D
F9EC
F890
F739
F5E9
F4A1
F361
F22B
F0FE
EFDD
EEC8
EDBF
ECC4
EBD7
EAF9
EA2A
E96C
E8BE
E821
E797
E71E
E6B7
E664
E623
E5F6
E5DC
E5D6
E5E3
E603
E637
E67F
E6DA
E747
E7C8
E85A
E8FF
E9B5
EA7E
EB57
EC3F
ED38
EE3F
EF55
F078
F1A8
F2E4
F42B
F57D
F6D8
F83C
F9A8
FB1B
FC95
FE13
FF97
011D
02A6
0431
05BC
0748
08D2
0A5A
0BE0
0D62
0EDF
1058
11CA
1335
1499
15F4
1746
188E
19CC
1AFF
1C27
1D42
1E51
1F53
2048
212F
2209
22D3
2390
243D
24DC
256C
25EC
265E
26C0
2713
2757
278C
27B2
27C9
27D1
27CC
27B8
2796
2767
272A
26E1
268B
2629
25BC
2542
24BE
242F
2396
22F3
2246
2191
20D3
200D
1F40
1E6C
1D91
1CAF
1BC8
1ADC
19EA
18F4
17FA
16FC
15FB
14F7
13EF
12E6
11DA
10CC
0FBC
0EAB
0D99
0C86
0B73
0A5E
0949
0834
071E
0607
04F1
03DA
02C3
01AC
0094
FF7D
FE65
FD4D
FC35
FB1D
FA05
F8EC
F7D4
F6BB
F5A1
F487
F36D
F253
F138
F01D
EF01
EDE5
ECC8
EBAB
EA8E
E971
E851
E732
E613
E4F3
E3D4
E2B5
E197
E079
DF5D
DE41
DD26
DC0D
DAF6
D9E1
D8CF
D7BF
D6B2
D5A9
D4A3
D3A2
D2A5
D1AE
D0BC
CFCF
CEE9
CE0A
CD32
CC62
CB9A
CADB
CA24
C978
C8D4
C83B
C7AC
C72A
C6B3
C649
C5EB
C59B
C559
C524
C4FE
C4E6
C4DD
C4E4
C4F9
C51F
C554
C599
C5ED
C652
C6C7
C74C
C7E1
C886
C93A
C9FE
CAD2
CBB4
CCA6
CDA6
CEB5
CFD1
D0FA
D22F
D371
D4BF
D619
D77D
D8EB
DA62
DBE2
DD6A
DEFA
E08F
E22B
E3CB
E570
E718
E8C2
EA6E
EC1A
EDC6
EF71
F11A
F2C1
F463
F601
F799
F92B
FAB6
FC39
FDB3
FF23
0089
01E2
0330
0471
05A4
06CA
07E2
08EA
09E3
0ACD
0BA5
0C6E
0D25
0DCB
0E60
0EE3
0F54
0FB4
1001
103D
1067
1080
1087
107C
1061
1035
0FF9
0FAE
0F52
0EE8
0E70
0DE9
0D56
0CB5
0C09
0B51
0A8F
09C4
08F0
0814
0731
0647
0559
0466
036F
0276
017B
007F
FF82
FE87
FD8E
FC97
FBA3
FAB4
F9C9
F8E5
F807
F731
F663
F59D
F4E1
F42F
F387
F2EB
F25A
F1D7
F15F
F0F5
F098
F049
F007
EFD4
EFAF
EF97
EF8F
EF94
EFA8
EFCA
EFFA
F038
F084
F0DD
F143
F1B6
F235
F2C1
F357
F3F9
F4A5
F55A
F619
F6E1
F7B0
F887
F964
FA47
FB30
FC1C
FD0D
FE00
FEF5
FFEC
00E2
01D9
02CF
03C3
04B5
05A3
068E
0774
0855
0930
0A05
0AD3
0B9A
0C59
0D0F
0DBC
0E61
0EFB
0F8C
1013
108E
1100
1166
11C1
1212
1257
1291
12BE
12E1
12F8
1305
1307
12FF
12EC
12D0
12AA
127A
1242
1202
11B9
1169
1111
10B3
104F
0FE6
0F77
0F04
0E8E
0E13
0D97
0D18
0C98
0C16
0B95
0B14
0A93
0A14
0997
091D
08A6
0832
07C3
0758
06F2
0692
0638
05E5
0597
0551
0512
04DB
04AB
0483
0462
044A
0439
0431
0430
0438
0447
045E
047D
04A2
04D0
0503
053E
057F
05C6
0612
0664
06BB
0717
0777
07DB
0842
08AD
0919
0988
09F7
0A68
0ADA
0B4B
0BBC
0C2B
0C9A
0D06
0D70
0DD7
0E3B
0E9B
0EF7
0F4F
0FA2
0FF0
1039
107C
10B9
10F0
1121
114B
116F
118C
11A2
11B3
11BC
11C0
11BC
11B2
11A2
118B
116E
114C
1124
10F7
10C5
108E
1054
1015
0FD4
0F8F
0F48
0EFF
0EB4
0E68
0E1C
0DD0
0D84
0D3A
0CF1
0CAA
0C66
0C25
0BE8
0BAE
0B7A
0B4C
0B24
0B01
0AE5
0ACF
0AC0
0AB9
0AB9
0AC1
0AD1
0AE9
0B0A
0B33
0B66
0BA0
0BE4
0C31
0C86
0CE4
0D4A
0DB9
0E30
0EAF
0F36
0FC4
1059
10F5
1197
123F
12EC
139E
1454
1510
15CF
1690
1752
1816
18DA
199E
1A61
1B22
1BE0
1C9C
1D53
1E05
1EB3
1F5A
1FFA
2093
2124
21AC
222A
229E
2308
2366
23B9
23FF
2438
2465
2483
2494
2497
248B
2470
2446
240C
23C4
236C
2305
228F
220A
2176
20D2
2021
1F61
1E93
1DB8
1CD0
1BDB
1ADA
19CD
18B6
1795
166A
1536
13FA
12B7
116E
101F
0ECB
0D73
0C19
0ABD
0960
0802
06A6
054B
03F2
029E
014E
0004
FEC0
FD84
FC51
FB27
FA07
F8F2
F7E8
F6EC
F5FC
F51A
F447
F384
F2CF
F22C
F198
F116
F0A6
F047
EFFA
EFC0
EF98
EF82
EF7F
EF8E
EFB0
EFE4
F02A
F084
F0EE
F16A
F1F7
F294
F341
F3FD
F4C7
F59F
F684
F776
F873
F97B
FA8C
FBA7
FCC9
FDF2
FF21
0055
018D
02C7
0404
0541
067E
07B9
08F2
0A27
0B57
0C82
0DA6
0EC2
0FD6
10E1
11E2
12D8
13C1
149D
156B
162B
16DB
177B
180A
1888
18F5
194F
1996
19CA
19EB
19F8
19F2
19D8
19A9
1967
1911
18A7
1829
1798
16F4
163C
1573
1498
13AB
12AD
119F
1081
0F54
0E19
0CD1
0B7C
0A1B
08B0
073B
05BD
0437
02AA
0117
FF7F
FDE4
FC46
FAA6
F905
F765
F5C6
F42A
F291
F0FD
EF6E
EDE5
EC64
EAEC
E97C
E817
E6BD
E56E
E42C
E2F7
E1CF
E0B5
DFAB
DEB0
DDC5
DCEA
DC21
DB69
DAC2
DA2D
D9AA
D93A
D8DB
D88F
D855
D82D
D817
D812
D81F
D83E
D86D
D8AD
D8FD
D95D
D9CC
DA49
DAD4
DB6D
DC13
DCC4
DD81
DE48
DF19
DFF3
E0D5
E1BF
E2AF
E3A5
E4A0
E59F
E6A1
E7A5
E8AA
E9B0
EAB6
EBBA
ECBD
EDBD
EEB9
EFB1
F0A4
F191
F278
F357
F42F
F4FE
F5C4
F681
F735
F7DD
F87B
F90E
F996
FA11
FA81
FAE4
FB3B
FB86
FBC5
FBF7
FC1D
FC37
FC45
FC46
FC3D
FC27
FC06
FBDB
FBA5
FB65
FB1B
FAC8
FA6C
FA08
F99C
F929
F8AF
F830
F7AB
F721
F693
F602
F56E
F4D8
F440
F3A8
F30E
F274
F1DC
F146
F0B2
F021
EF94
EF0B
EE88
EE0A
ED93
ED22
ECB8
EC57
EBFD
EBAD
EB65
EB27
EAF3
EAC9
EAAA
EA95
EA8B
EA8C
EA99
EAB1
EAD4
EB03
EB3D
EB83
EBD4
EC30
EC95
ED05
ED80
EE05
EE94
EF2C
EFCE
F078
F12B
F1E6
F2A8
F371
F440
F515
F5EF
F6CE
F7B1
F897
F97F
FA6A
FB56
FC43
FD2F
FE1B
FF05
FFEE
00D3
01B5
0292
036B
043F
050C
05D1
0690
0746
07F4
0898
0933
09C4
0A4B
0AC6
0B35
0B98
0BEF
0C39
0C75
0CA4
0CC6
0CD9
0CDD
0CD4
0CBB
0C94
0C5E
0C19
0BC5
0B62
0AF1
0A70
09E1
0944
0898
07DE
0717
0641
055E
046F
0373
026C
0159
003C
FF14
FDE3
FCA9
FB66
FA1C
F8CB
F773
F616
F4B4
F34D
F1E4
F078
EF0A
ED9B
EC2D
EABF
E952
E7E8
E680
E51D
E3BF
E266
E113
DFC7
DE84
DD47
DC14
DAEB
D9CC
D8B9
D7B1
D6B6
D5C9
D4E9
D418
D356
D2A3
D200
D16E
D0EC
D07C
D01E
CFD1
CF97
CF6F
CF5A
CF58
CF69
CF8D
CFC4
D00E
D06C
D0DC
D15F
D1F5
D29D
D358
D424
D501
D5EF
D6EF
D7FE
D91E
DA4C
DB8A
DCD5
DE2E
DF94
E106
E283
E40A
E59B
E735
E8D7
EA81
EC30
EDE5
EF9E
F15B
F31A
F4DB
F69D
F85E
FA1E
FBDC
FD96
FF4D
00FE
02A9
044D
05E9
077D
0907
0A87
0BFC
0D64
0EC0
100F
114F
1281
13A3
14B5
15B7
16A8
1787
1854
190F
19B7
1A4C
1ACE
1B3D
1B98
1BE0
1C14
1C35
1C42
1C3C
1C22
1BF6
1BB7
1B65
1B02
1A8D
1A07
1971
18CA
1814
174F
167C
159C
14AF
13B7
12B4
11A7
1092
0F74
0E4F
0D25
0BF6
0AC2
098C
0855
071C
05E4
04AE
037B
024B
011F
FFFA
FEDC
FDC5
FCB7
FBB3
FABB
F9CF
F8EF
F81D
F758
F6A3
F5FD
F568
F4E3
F470
F40F
F3C0
F385
F35C
F347
F347
F35A
F381
F3BC
F40B
F46F
F4E7
F572
F611
F6C3
F788
F860
F949
FA44
FB4F
FC6B
FD96
FED1
001A
0170
02D2
043F
05B7
0737
08C0
0A4F
0BE5
0D7F
0F1C
10BB
125C
13FC
159B
1738
18D0
1A63
1BF0
1D75
1EF2
2065
21CD
2328
2476
25B6
26E7
2808
2917
2A14
2AFF
2BD6
2C9A
2D48
2DE0
2E63
2ECF
2F24
2F62
2F89
2F98
2F8F
2F6E
2F36
2EE6
2E7E
2E00
2D6A
2CBF
2BFD
2B26
2A3A
293B
2828
2702
25CB
2484
232C
21C6
2053
1ED3
1D48
1BB3
1A15
1870
16C4
1514
1360
11AA
0FF3
0E3D
0C88
0AD8
092C
0786
05E8
0453
02C8
0148
FFD6
FE71
FD1C
FBD7
FAA4
F984
F877
F77E
F69B
F5CE
F519
F47A
F3F5
F387
F334
F2FA
F2D9
F2D2
F2E6
F314
F35D
F3C0
F43C
F4D3
F583
F64C
F72D
F826
F936
FA5D
FB99
FCEA
FE4F
FFC7
0150
02EA
0494
064B
0810
09DF
0BBA
0D9D
0F87
1177
136C
1563
175C
1955
1B4D
1D41
1F31
211B
22FD
24D6
26A5
2869
2A1F
2BC7
2D5F
2EE6
305B
31BD
330A
3442
3564
366F
3762
383D
38FE
39A5
3A33
3AA5
3AFC
3B38
3B59
3B5D
3B47
3B15
3AC8
3A5F
39DE
3942
388C
37BD
36D6
35D7
34C0
3394
3252
30FC
2F93
2E18
2C8C
2AF1
2947
2790
25CD
2400
222A
204C
1E68
1C80
1A95
18A7
16BA
14CE
12E4
10FF
0F1F
0D46
0B75
09AE
07F3
0645
04A3
0310
018D
001A
FEB8
FD69
FC2D
FB05
F9F2
F8F4
F80B
F73A
F67F
F5DB
F54E
F4D9
F47C
F436
F408
F3F1
F3F1
F409
F436
F47A
F4D3
F541
F5C3
F658
F700
F7BA
F884
F95E
FA47
FB3E
FC41
FD4F
FE67
FF89
00B2
01E1
0315
044D
0587
06C3
07FD
0937
0A6D
0B9F
0CCB
0DF1
0F0E
1022
112B
1228
1319
13FC
14D0
1594
1648
16E9
1779
17F5
185C
18AF
18ED
1915
1928
1925
190C
18DC
1896
183A
17C7
173F
16A0
15EC
1522
1444
1351
124B
1131
1005
0EC8
0D7A
0C1B
0AAE
0933
07AB
0617
0479
02D1
0120
FF68
FDAA
FBE7
FA20
F857
F68D
F4C3
F2FB
F136
EF74
EDB8
EC03
EA55
E8B0
E716
E586
E403
E28E
E126
DFCE
DE87
DD50
DC2C
DB1A
DA1C
D931
D85C
D79B
D6F0
D65B
D5DC
D573
D521
D4E6
D4C2
D4B4
D4BD
D4DC
D512
D55E
D5BF
D636
D6C1
D761
D814
D8DB
D9B4
DA9F
DB9B
DCA7
DDC2
DEEC
E023
E167
E2B7
E411
E575
E6E2
E856
E9D1
EB51
ECD6
EE5F
EFE9
F175
F302
F48C
F615
F79B
F91D
FA9B
FC14
FD87
FEF2
0056
01B1
0303
044A
0588
06B9
07E0
08F9
0A06
0B06
0BF8
0CDC
0DB3
0E7A
0F33
0FDE
1079
1106
1184
11F4
1254
12A7
12EB
1321
1348
1362
136F
1370
1364
134C
1329
12FB
12C3
1281
1236
11E2
1187
1123
10B9
1048
0FD1
0F56
0ED5
0E51
0DC9
0D3E
0CB1
0C22
0B91
0B00
0A6F
09DE
094D
08BD
082F
07A2
0718
0690
060B
0589
050A
048E
0416
03A2
0331
02C4
025B
01F6
0195
0138
00DF
008A
0039
FFEB
FFA0
FF59
FF15
FED4
FE96
FE5B
FE21
FDEA
FDB5
FD81
FD4E
FD1C
FCEB
FCBB
FC8A
FC59
FC28
FBF6
FBC4
FB90
FB5B
FB25
FAED
FAB3
FA77
FA39
F9F8
F9B5
F970
F927
F8DC
F88E
F83D
F7E9
F793
F739
F6DE
F67F
F61F
F5BC
F557
F4F0
F488
F41E
F3B3
F348
F2DB
F26F
F203
F197
F12D
F0C5
F05F
EFFA
EF99
EF3B
EEE0
EE89
EE36
EDE8
ED9F
ED5B
ED1E
ECE6
ECB4
EC8A
EC66
EC4A
EC35
EC29
EC24
EC28
EC35
EC4A
EC68
EC8F
ECBF
ECF9
ED3C
ED89
EDDF
EE3F
EEA8
EF1A
EF95
F01A
F0A7
F13D
F1DB
F281
F32F
F3E5
F4A2
F566
F630
F700
F7D7
F8B2
F992
FA76
FB5E
FC4A
FD38
FE29
FF1B
000E
0102
01F6
02EA
03DD
04CE
05BD
06A9
0792
0878
0959
0A36
0B0E
0BE0
0CAC
0D71
0E30
0EE8
0F98
1040
10E1
1179
1208
128F
130C
1381
13EC
144E
14A7
14F6
153C
1579
15AC
15D7
15F8
1610
1620
1626
1624
161A
1608
15EF
15CF
15A8
157B
1548
150F
14D1
148E
1446
13FB
13AC
135A
1305
12AE
1255
11FB
119F
1144
10E8
108D
1032
0FD9
0F81
0F2B
0ED7
0E86
0E38
0DED
0DA6
0D63
0D25
0CEA
0CB4
0C83
0C57
0C2F
0C0D
0BF0
0BD7
0BC4
0BB7
0BAE
0BAB
0BAC
0BB3
0BBE
0BCE
0BE2
0BFA
0C17
0C37
0C5B
0C83
0CAD
0CDA
0D09
0D3B
0D6E
0DA3
0DD9
0E11
0E4A
0E83
0EBB
0EF2
0F29
0F5E
0F91
0FC2
0FF1
101C
1045
106A
108C
10AA
10C3
10D9
10EA
10F6
10FD
10FF
10FC
10F3
10E5
10D2
10BA
109C
1078
104F
1021
0FED
0FB5
0F78
0F37
0EF0
0EA6
0E56
0E03
0DAC
0D51
0CF2
0C91
0C2C
0BC5
0B5B
0AEF
0A82
0A13
09A3
0933
08C1
0850
07DF
076E
06FF
0690
0623
05B7
054E
04E7
0482
0420
03C1
0366
030E
02BA
0269
021D
01D5
0191
0152
0117
00E0
00AE
0080
0056
0031
000F
FFF2
FFD9
FFC3
FFB1
FFA2
FF96
FF8E
FF87
FF83
FF81
FF81
FF81
FF83
FF86
FF89
FF8B
FF8D
FF8F
FF8E
FF8C
FF88
FF82
FF78
FF6C
FF5C
FF48
FF31
FF14
FEF3
FECD
FEA1
FE6F
FE38
FDFA
FDB7
FD6C
FD1B
FCC3
FC64
FBFE
FB91
FB1D
FAA2
FA1F
F996
F906
F86E
F7D0
F72C
F681
F5CE
F516
F458
F395
F2CC
F1FF
F12D
F058
EF7F
EEA3
EDC5
ECE5
EC03
EB21
EA3E
E95B
E879
E799
E6BB
E5DF
E506
E432
E361
E296
E1D0
E111
E058
DFA7
DEFE
DE5D
DDC5
DD36
DCB2
DC38
DBC8
DB64
DB0B
DABF
DA7E
DA4B
DA24
DA0A
D9FD
D9FE
DA0C
DA28
DA52
DA89
DACE
DB21
DB82
DBEF
DC6B
DCF3
DD88
DE29
DED7
DF91
E056
E126
E201
E2E7
E3D6
E4CE
E5D0
E6DA
E7EC
E904
EA23
EB47
EC70
ED9E
EECE
F002
F138
F26E
F3A6
F4DD
F614
F749
F87B
F9AB
FAD7
FBFE
FD20
FE3D
FF53
0062
016A
0269
0360
044D
0530
0609
06D7
079B
0852
08FE
099D
0A30
0AB6
0B2F
0B9B
0BFA
0C4B
0C8F
0CC6
0CEF
0D0B
0D19
0D1B
0D0F
0CF7
0CD1
0CA0
0C63
0C19
0BC5
0B65
0AFB
0A86
0A08
0980
08EF
0856
07B5
070C
065D
05A4
04E6
0422
035A
028D
01BD
00EA
0014
FF3C
FE63
FD8A
FCB0
FBD6
FAFE
FA26
F951
F87E
F7AE
F6E2
F619
F554
F493
F3D8
F322
F271
F1C6
F121
F083
EFEB
EF59
EECE
EE4A
EDCB
ED53
ECE2
EC77
EC14
EBB7
EB62
EB12
EACA
EA88
EA4C
EA16
E9E6
E9BB
E996
E976
E95B
E945
E933
E924
E91A
E913
E90E
E90D
E90E
E910
E915
E91B
E922
E929
E931
E939
E941
E948
E94F
E954
E958
E95B
E95C
E95B
E958
E953
E94B
E941
E934
E924
E911
E8FB
E8E2
E8C7
E8A8
E886
E862
E83B
E811
E7E4
E7B6
E785
E752
E71E
E6E8
E6B1
E679
E641
E609
E5D1
E59A
E563
E52F
E4FC
E4CB
E49C
E471
E448
E424
E404
E3E8
E3D2
E3C0
E3B5
E3B0
E3B2
E3BA
E3CA
E3E2
E402
E42A
E45B
E495
E4D8
E525
E57C
E5DD
E649
E6BE
E73F
E7CA
E860
E901
E9AE
EA65
EB27
EBF4
ECCC
EDAF
EE9D
EF95
F097
F1A3
F2B9
F3D9
F502
F633
F76D
F8AF
F9F9
FB4A
FCA2
FE00
FF63
00CC
0239
03AA
051E
0695
080F
0989
0B04
0C7F
0DFA
0F73
10EA
125F
13CF
153C
16A3
1805
1960
1AB4
1C01
1D44
1E7F
1FAF
20D6
21F0
22FF
2402
24F7
25DF
26B9
2784
283F
28EB
2988
2A13
2A8E
2AF8
2B50
2B96
2BCA
2BEC
2BFC
2BF9
2BE4
2BBC
2B81
2B33
2AD4
2A61
29DD
2946
289E
27E4
2719
263D
2551
2455
2349
222F
2106
1FCF
1E8B
1D3A
1BDE
1A77
1905
1789
1605
1479
12E5
114C
0FAC
0E09
0C62
0AB8
090D
0760
05B3
0408
025E
00B7
FF15
FD77
FBDF
FA4E
F8C4
F744
F5CD
F461
F300
F1AC
F065
EF2C
EE02
ECE8
EBDE
EAE6
E9FF
E92B
E86B
E7BE
E725
E6A2
E633
E5DC
E59A
E56F
E55B
E55E
E577
E5A8
E5F0
E64F
E6C6
E754
E7F9
E8B4
E987
EA70
EB6E
EC83
EDAD
EEEB
F03E
F1A5
F31F
F4AB
F649
F7F8
F9B7
FB86
FD64
FF4F
0147
034A
0559
0773
0996
0BC1
0DF3
102A
1266
14A6
16E8
192B
1B6E
1DB0
1FEF
222B
2462
2693
28BD
2ADE
2CF7
2F04
3106
32FB
34E3
36BB
3884
3A3B
3BE1
3D75
3EF4
4060
41B6
42F6
4420
4534
4631
4715
47E1
4893
492C
49AB
4A10
4A5A
4A8A
4A9F
4A9A
4A79
4A3E
49E9
4978
48EE
4849
478B
46B4
45C3
44BA
439A
4262
4113
3FAE
3E34
3CA5
3B03
394E
3786
35AE
33C7
31D0
2FCC
2DBA
2B9C
2973
2741
2505
22C1
2077
1E27
1BD3
197B
1721
14C6
126B
1011
0DB9
0B65
0915
06CA
0486
0249
0014
FDE9
FBC7
F9B1
F7A7
F5A9
F3B8
F1D6
F003
EE40
EC8D
EAEA
E959
E7D9
E66B
E510
E3C6
E290
E16D
E05C
DF60
DE76
DDA0
DCDD
DC2E
DB91
DB08
DA92
DA2E
D9DC
D99D
D96F
D952
D946
D94B
D95F
D983
D9B5
D9F6
DA45
DAA0
DB09
DB7E
DBFF
DC89
DD1E
DDBB
DE61
DF0E
DFC2
E07D
E13D
E202
E2CC
E399
E469
E53B
E60E
E6E3
E7B9
E88E
E962
EA36
EB08
EBD7
ECA5
ED6F
EE36
EEF9
EFB9
F074
F12A
F1DC
F28B
F335
F3DA
F479
F513
F5A8
F637
F6C1
F746
F7C5
F83F
F8B4
F924
F98F
F9F5
FA57
FAB5
FB0F
FB66
FBB8
FC08
FC55
FCA0
FCE8
FD2E
FD73
FDB7
FDF9
FE3B
FE7D
FEBF
FF01
FF45
FF8A
FFD0
0017
0061
00AD
00FB
014C
019F
01F5
024E
02AA
0309
036B
03D1
0439
04A5
0514
0586
05FB
0673
06ED
076A
07E9
086A
08EE
0972
09F8
0A7F
0B06
0B8E
0C15
0C9B
0D20
0DA4
0E27
0EA7
0F25
0FA0
1017
108A
10F9
1163
11C8
1227
127F
12D1
131B
135E
1398
13CA
13F2
1411
1426
1431
1431
1426
1410
13EF
13C1
1387
1341
12EF
1290
1224
11AA
1125
1092
0FF2
0F45
0E8C
0DC6
0CF4
0C15
0B2A
0A33
0930
0822
0709
05E5
04B7
037F
023D
00F2
FF9F
FE43
FCE1
FB77
FA06
F890
F714
F594
F410
F288
F0FD
EF70
EDE3
EC55
EAC7
E93A
E7AD
E622
E49A
E314
E192
E014
DE9B
DD28
DBBB
DA54
D8F4
D79C
D64D
D505
D3C7
D293
D168
D048
CF33
CE29
CD2A
CC36
CB4F
CA74
C9A5
C8E2
C82C
C783
C6E7
C658
C5D5
C55F
C4F7
C49B
C44B
C409
C3D3
C3A9
C38B
C379
C373
C378
C388
C3A3
C3C9
C3F9
C433
C477
C4C4
C519
C577
C5DE
C64C
C6C1
C73D
C7C0
C849
C8D7
C96B
CA04
CA9F
CB3E
CBE1
CC88
CD32
CDDF
CE8E
CF3F
CFF3
D0A7
D15D
D214
D2CC
D383
D43B
D4F3
D5AA
D660
D716
D7CA
D87D
D92F
D9DF
DA8E
DB3A
DBE4
DC8D
DD32
DDD6
DE77
DF16
DFB2
E049
E0DE
E170
E1FF
E28C
E317
E39E
E423
E4A5
E525
E5A2
E61C
E693
E708
E77A
E7E9
E856
E8C0
E927
E98B
E9EC
EA4B
EAA6
EAFF
EB54
EBA6
EBF5
EC41
EC8A
ECCF
ED11
ED4F
ED89
EDBF
EDF2
EE20
EE4A
EE70
EE92
EEAF
EEC7
EEDB
EEEA
EEF4
EEF9
EEF9
EEF3
EEE9
EED9
EEC3
EEA8
EE88
EE62
EE36
EE05
EDCD
ED90
ED4E
ED05
ECB7
EC63
EC0A
EBAB
EB47
EADD
EA6E
E9FA
E980
E902
E87E
E7F6
E76A
E6D9
E644
E5AC
E510
E472
E3D0
E32C
E286
E1DE
E135
E08B
DFE1
DF36
DE8C
DDE3
DD3A
DC94
DBEF
DB4D
DAAE
DA13
D97B
D8E8
D85A
D7D1
D74D
D6D0
D659
D5E8
D580
D51E
D4C5
D475
D42D
D3EE
D3B9
D38D
D36B
D354
D347
D344
D34D
D360
D37F
D3A8
D3DD
D41D
D469
D4C0
D521
D58F
D607
D68A
D717
D7AF
D852
D8FE
D9B5
DA75
DB3D
DC0F
DCE9
DDCB
DEB4
DFA4
E09B
E197
E299
E3A0
E4AB
E5BB
E6CD
E7E2
E8F8
EA11
EB29
EC43
ED5B
EE72
EF88
F09B
F1AC
F2B9
F3C1
F4C5
F5C4
F6BC
F7AE
F89A
F97E
FA5B
FB2F
FBFA
FCBC
FD75
FE24
FEC9
FF63
FFF2
0076
00EF
015D
01BF
0215
0260
029E
02D1
02F8
0314
0324
0328
0321
030F
02F1
02CA
0298
025B
0216
01C6
016E
010E
00A5
0035
FFBD
FF40
FEBC
FE33
FDA6
FD14
FC7F
FBE7
FB4C
FAB0
FA13
F975
F8D7
F83A
F79E
F705
F66E
F5DA
F54A
F4BE
F437
F3B5
F339
F2C4
F255
F1EE
F18F
F137
F0E9
F0A3
F065
F032
F008
EFE7
EFD1
EFC6
EFC4
EFCD
EFE1
F000
F029
F05D
F09C
F0E5
F139
F198
F200
F273
F2EF
F376
F405
F49D
F53F
F5E8
F69A
F753
F813
F8DA
F9A8
FA7B
FB54
FC32
FD14
FDFA
FEE3
FFCF
00BD
01AC
029C
038D
047D
056D
065C
0749
0835
091D
0A03
0AE5
0BC3
0C9D
0D72
0E42
0F0D
0FD1
1090
1148
11F9
12A4
1347
13E2
1476
1502
1586
1604
1679
16E6
174B
17A7
17FA
1846
1888
18C2
18F4
191E
1940
195A
196C
1977
197B
1978
196D
195D
1946
1929
1907
18DF
18B3
1882
184D
1814
17D7
1797
1755
1710
16C9
1682
163A
15F1
15A7
155D
1513
14C9
1480
1438
13F2
13AD
136A
1329
12EB
12AF
1276
1240
120E
11DF
11B4
118C
1168
1149
112D
1116
1103
10F4
10E9
10E2
10E0
10E2
10E8
10F2
1101
1113
1128
1142
115E
117E
11A2
11C8
11F0
121C
1249
1279
12AB
12DE
1313
1349
1380
13B7
13EF
1428
1460
1498
14CF
1505
153B
156E
15A1
15D1
15FF
162B
1654
1679
169B
16B9
16D3
16EA
16FC
170B
1714
1719
1719
1714
170A
16FB
16E6
16CC
16AD
1688
165E
162D
15F8
15BC
157B
1534
14E8
1495
143E
13E0
137D
1315
12A7
1234
11BC
113F
10BC
1034
0FA8
0F16
0E80
0DE6
0D47
0CA4
0BFD
0B52
0AA4
09F2
093D
0886
07CC
070F
0650
0590
04CE
040A
0346
0280
01BA
00F4
002E
FF68
FEA2
FDDE
FD1A
FC58
FB97
FAD9
FA1D
F964
F8AD
F7F9
F748
F69A
F5F0
F54A
F4A8
F40A
F372
F2DE
F24F
F1C5
F142
F0C4
F04C
EFDB
EF70
EF0C
EEAE
EE58
EE0A
EDC3
ED83
ED4C
ED1C
ECF5
ECD5
ECBE
ECB0
ECAB
ECAE
ECB9
ECCE
ECEB
ED11
ED41
ED79
EDB9
EE03
EE56
EEB1
EF15
EF82
EFF7
F075
F0FB
F189
F220
F2BE
F364
F411
F4C6
F582
F644
F70E
F7DD
F8B3
F98F
FA6F
FB55
FC40
FD2F
FE22
FF19
0013
0110
0210
0311
0415
051A
061F
0725
082B
0931
0A35
0B38
0C3A
0D39
0E35
0F2E
1024
1115
1202
12EA
13CD
14A9
1580
164F
1718
17D9
1892
1943
19EB
1A8C
1B23
1BB0
1C34
1CAD
1D1C
1D80
1DD9
1E27
1E69
1EA0
1ECB
1EEA
1EFD
1F04
1EFF
1EED
1ED0
1EA5
1E6F
1E2D
1DDE
1D83
1D1D
1CAA
1C2D
1BA3
1B0E
1A6F
19C5
1910
1851
1789
16B9
15DF
14FC
1411
131E
1224
1123
101B
0F0E
0DFA
0CE2
0BC5
0AA3
097F
0857
072C
0600
04D2
03A4
0274
0146
0018
FEEB
FDC0
FC98
FB72
FA50
F933
F819
F705
F5F7
F4ED
F3EB
F2EF
F1FB
F10F
F02C
EF52
EE81
EDBA
ECFD
EC4A
EBA2
EB06
EA75
E9EF
E976
E909
E8A8
E855
E80E
E7D4
E7A7
E788
E776
E772
E77B
E791
E7B5
E7E7
E826
E873
E8CC
E932
E9A5
EA24
EAB1
EB4A
EBEF
ECA0
ED5E
EE27
EEFB
EFDB
F0C5
F1BA
F2B8
F3C1
F4D2
F5ED
F710
F83B
F96E
FAA9
FBEA
FD31
FE7E
FFD1
0128
0284
03E4
0547
06AD
0816
0980
0AEB
0C58
0DC5
0F31
109D
1208
1371
14D8
163D
179E
18FB
1A54
1BA8
1CF7
1E41
1F84
20C0
21F6
2324
244A
2567
267C
2787
2889
2981
2A6F
2B52
2C2A
2CF7
2DB9
2E6E
2F18
2FB5
3046
30CA
3142
31AD
320B
325C
32A0
32D6
3300
331C
332B
332D
3322
330A
32E5
32B3
3274
3229
31D2
316E
30FF
3084
2FFD
2F6C
2ED0
2E29
2D78
2CBE
2BFA
2B2E
2A59
297A
2895
27A8
26B4
25BB
24BC
23B7
22AE
21A2
2091
1F7E
1E68
1D51
1C38
1B1F
1A06
18ED
17D5
16BE
15AA
1498
138A
127F
1178
1076
0F79
0E82
0D91
0CA7
0BC3
0AE7
0A12
0945
0881
07C4
0711
0667
05C6
052F
04A1
041E
03A4
0334
02CF
0274
0222
01DB
019E
016B
0141
0121
010B
00FE
00FA
00FE
010B
0120
013C
0160
018A
01BB
01F2
022F
0270
02B6
0300
034D
039D
03EF
0443
0498
04EC
0541
0595
05E7
0637
0685
06CF
0715
0756
0793
07CA
07FB
0825
0848
0863
0877
0881
0883
087B
0869
084E
0828
07F7
07BC
0775
0724
06C7
065F
05EC
056D
04E2
044D
03AC
0300
0249
0187
00BB
FFE5
FF05
FE1C
FD2A
FC30
FB2D
FA24
F913
F7FC
F6E0
F5BE
F499
F370
F244
F116
EFE7
EEB7
ED88
EC5A
EB2E
EA04
E8DF
E7BE
E6A3
E58E
E480
E37B
E27E
E18A
E0A1
DFC3
DEF1
DE2C
DD74
DCC9
DC2D
DBA0
DB23
DAB5
DA59
DA0D
D9D3
D9AA
D994
D98F
D99D
D9BE
D9F2
DA38
DA91
DAFD
DB7B
DC0C
DCAE
DD64
DE2B
DF03
DFEC
E0E7
E1F1
E30A
E433
E56A
E6AF
E800
E95E
EAC7
EC3A
EDB7
EF3D
F0CB
F25F
F3F9
F598
F73B
F8E0
FA87
FC2F
FDD7
FF7D
0120
02C0
045B
05F1
0780
0908
0A87
0BFC
0D66
0EC5
1018
115D
1295
13BD
14D6
15DF
16D7
17BD
1892
1954
1A03
1A9F
1B27
1B9B
1BFB
1C47
1C7F
1CA2
1CB1
1CAB
1C92
1C64
1C23
1BCE
1B67
1AEC
1A61
19C5
1918
185A
178C
16AF
15C4
14CC
13C6
12B4
1198
1071
0F41
0E08
0CC9
0B83
0A37
08E7
0794
063F
04E8
0391
023B
00E7
FF96
FE49
FD00
FBBD
FA81
F94D
F821
F6FF
F5E9
F4DE
F3DF
F2ED
F209
F132
F06A
EFB2
EF09
EE6F
EDE7
ED6F
ED08
ECB3
EC6F
EC3C
EC1B
EC0C
EC0E
EC21
EC46
EC7C
ECC3
ED1A
ED81
EDF8
EE7F
EF14
EFB7
F068
F127
F1F2
F2C7
F3A9
F494
F58A
F688
F78F
F89E
F9B3
FACE
FBEF
FD13
FE3B
FF65
0091
01BE
02EB
0418
0542
066A
078F
08B0
09CC
0AE3
0BF4
0CFE
0E01
0EFB
0FEE
10D7
11B6
128B
1356
1414
14C7
156F
160A
169A
171E
1795
1800
185F
18B1
18F7
1930
195E
197F
1994
199D
199B
198D
1975
1952
1924
18ED
18AB
1861
180E
17B2
174F
16E4
1673
15FA
157C
14F9
1471
13E5
1355
12C1
122B
1192
10F7
105B
0FBE
0F20
0E82
0DE4
0D46
0CAA
0C0E
0B74
0ADC
0A46
09B1
0920
0891
0804
077A
06F4
0670
05EF
0571
04F7
047F
040B
0399
032A
02BF
0256
01F0
018D
012C
00CC
006F
0013
FFB8
FF5E
FF06
FEAE
FE56
FDFF
FDA7
FD4F
FCF7
FC9E
FC44
FBE8
FB8B
FB2D
FACC
FA6A
FA06
F99F
F936
F8CA
F85C
F7EC
F779
F703
F68A
F60E
F590
F50F
F48C
F407
F381
F2F8
F26E
F1E3
F157
F0CA
F03D
EFB0
EF24
EE98
EE0E
ED85
ECFE
EC79
EBF7
EB79
EAFE
EA87
EA16
E9A9
E941
E8E0
E885
E831
E7E4
E79E
E761
E72B
E6FE
E6DA
E6BF
E6AD
E6A5
E6A7
E6B3
E6C9
E6E9
E714
E749
E789
E7D3
E827
E886
E8EF
E962
E9DF
EA65
EAF4
EB8C
EC2D
ECD5
ED85
EE3D
EEFA
EFBE
F087
F155
F227
F2FE
F3D8
F4B3
F590
F66D
F749
F824
F8FD
F9D3
FAA4
FB71
FC39
FCFA
FDB3
FE64
FF0C
FFAA
003E
00C6
0142
01B0
0211
0264
02A7
02DB
02FF
0312
0313
0303
02E1
02AC
0265
020C
019F
0120
008D
FFE7
FF2F
FE63
FD84
FC92
FB8F
FA79
F952
F81A
F6D1
F579
F411
F29B
F117
EF86
EDE9
EC41
EA8F
E8D4
E710
E546
E376
E1A1
DFC8
DDED
DC11
DA36
D85B
D683
D4AE
D2DF
D116
CF56
CD9F
CBF2
CA51
C8BE
C738
C5C2
C45D
C30A
C1C9
C09D
BF85
BE83
BD98
BCC4
BC09
BB67
BADF
BA71
BA1E
B9E7
B9CB
B9CB
B9E7
BA20
BA76
BAE8
BB76
BC21
BCE7
BDC9
BEC7
BFDF
C112
C25E
C3C3
C541
C6D6
C882
CA43
CC19
CE03
CFFF
D20C
D429
D655
D88F
DAD4
DD24
DF7D
E1DE
E445
E6B1
E91F
EB90
EE01
F070
F2DC
F544
F7A5
FA00
FC51
FE97
00D1
02FE
051C
072A
0927
0B10
0CE6
0EA7
1051
11E5
1360
14C2
160B
1739
184C
1943
1A1D
1ADB
1B7C
1C00
1C66
1CAE
1CD9
1CE6
1CD6
1CA8
1C5E
1BF6
1B73
1AD3
1A18
1942
1853
174B
162C
14F6
13AA
1249
10D5
0F4F
0DB8
0C11
0A5C
0899
06CB
04F3
0313
012B
FF3E
FD4C
FB58
F963
F76E
F57B
F38C
F1A1
EFBE
EDE2
EC0F
EA47
E88C
E6DC
E53B
E3AA
E22A
E0BC
DF62
DE1C
DCEB
DBD1
DACE
D9E3
D911
D858
D7B8
D733
D6C9
D67A
D646
D62D
D630
D64F
D689
D6DF
D750
D7DC
D882
D942
DA1C
DB0F
DC1B
DD3E
DE78
DFC9
E12F
E2AA
E438
E5D8
E789
E94B
EB1B
ECF8
EEE2
F0D7
F2D5
F4DB
F6E9
F8FC
FB12
FD2C
FF47
0161
037A
0591
07A2
09AE
0BB3
0DAF
0FA2
118A
1365
1534
16F3
18A3
1A42
1BD2
1D50
1EBA
200F
2150
227B
238F
248C
2571
263E
26F2
278D
280F
2877
28C5
28F9
2914
2914
28FB
28C8
287B
2816
2797
2700
2652
258C
24AF
23BC
22B3
2196
2065
1F21
1DCC
1C66
1AF0
196B
17D7
1636
1489
12D2
1110
0F46
0D74
0B9C
09C0
07DF
05FB
0417
0231
004D
FE6B
FC8C
FAB2
F8DD
F70F
F549
F38B
F1D7
F02E
EE91
ED00
EB7D
EA09
E8A3
E74E
E609
E4D5
E3B3
E2A3
E1A6
E0BD
DFE7
DF25
DE78
DDDF
DD5C
DCED
DC93
DC4E
DC1E
DC04
DBFE
DC0D
DC30
DC67
DCB2
DD11
DD83
DE07
DE9D
DF45
DFFE
E0C7
E1A0
E288
E37E
E482
E592
E6AE
E7D6
E907
EA42
EB86
ECD1
EE23
EF7A
F0D7
F238
F39B
F501
F669
F7D0
F937
FA9D
FC00
FD60
FEBD
0014
0166
02B2
03F6
0533
0668
0793
08B4
09CC
0AD8
0BD9
0CCF
0DB9
0E96
0F66
1029
10DE
1185
121E
12A9
1326
1395
13F5
1447
148C
14C2
14EB
1506
1514
1515
150A
14F2
14CF
14A0
1467
1424
13D6
1380
1321
12BA
124C
11D8
115D
10DE
105B
0FD4
0F49
0EBC
0E2C
0D9C
0D0B
0C7B
0BEC
0B5E
0AD3
0A4C
09C8
094A
08D0
085D
07F0
078B
072E
06D9
068D
064B
0613
05E5
05C3
05AB
059F
059E
05AA
05C2
05E6
0617
0655
069E
06F5
0758
07C7
0842
08C9
095B
09F9
0AA2
0B55
0C12
0CD9
0DA9
0E81
0F61
1049
1137
122B
1324
1421
1522
1625
172B
1832
1938
1A3E
1B43
1C44
1D43
1E3C
1F30
201E
2105
21E3
22B9
2385
2446
24FB
25A4
2640
26CD
274C
27BA
2819
2866
28A2
28CB
28E1
28E3
28D2
28AC
2871
2821
27BB
273F
26AE
2606
2548
2474
238A
228A
2173
2047
1F05
1DAE
1C42
1AC2
192D
1785
15CB
13FE
121F
1030
0E31
0C22
0A06
07DC
05A6
0365
011A
FEC5
FC69
FA06
F79E
F531
F2C0
F04E
EDDB
EB69
E8F8
E68B
E421
E1BE
DF61
DD0C
DAC0
D87F
D649
D420
D205
CFF8
CDFC
CC10
CA37
C870
C6BE
C520
C397
C226
C0CB
BF88
BE5E
BD4C
BC54
BB76
BAB3
BA0A
B97C
B909
B8B2
B875
B855
B84F
B865
B896
B8E1
B945
B9C4
BA5C
BB0D
BBD6
BCB8
BDB1
BEC0
BFE5
C120
C26E
C3D0
C543
C6C9
C85E
CA03
CBB6
CD76
CF42
D119
D2FA
D4E3
D6D3
D8CA
DAC5
DCC4
DEC6
E0C9
E2CD
E4CF
E6CF
E8CD
EAC4
ECB5
EEA1
F085
F260
F433
F5FB
F7B8
F96A
FB0F
FCA6
FE30
FFAB
0117
0274
03C0
04FC
0627
0742
084A
0941
0A27
0AFA
0BBC
0C6D
0D0B
0D98
0E14
0E7F
0ED8
0F22
0F5B
0F85
0F9F
0FAA
0FA7
0F96
0F79
0F4F
0F19
0ED8
0E8D
0E39
0DDC
0D77
0D0B
0C98
0C21
0BA4
0B24
0AA0
0A1B
0994
090D
0885
07FF
077B
06F9
067A
05FE
0588
0516
04AA
0444
03E4
038C
033A
02F1
02B0
0277
0247
0220
0202
01ED
01E2
01E0
01E8
01F9
0214
0238
0266
029C
02DC
0324
0374
03CC
042C
0493
0501
0575
05EF
066F
06F3
077C
0809
0898
0929
09BC
0A50
0AE4
0B79
0C0E
0CA1
0D32
0DC1
0E4D
0ED6
0F5A
0FDA
1054
10C9
1137
119F
1200
1259
12AA
12F2
1332
1369
1397
13BB
13D6
13E7
13ED
13EA
13DC
13C5
13A3
1377
1340
1300
12B6
1263
1206
11A1
1133
10BC
103D
0FB7
0F29
0E95
0DFA
0D59
0CB3
0C08
0B58
0AA4
09ED
0934
0878
07BA
06FC
063C
057D
04BF
0402
0347
028E
01D8
0125
0078
FFCF
FF2B
FE8D
FDF5
FD63
FCD9
FC55
FBD9
FB66
FAFA
FA97
FA3D
F9EC
F9A5
F966
F931
F906
F8E4
F8CD
F8BE
F8BA
F8BF
F8CD
F8E5
F906
F931
F964
F9A0
F9E4
FA30
FA85
FAE1
FB44
FBAE
FC1F
FC96
FD13
FD95
FE1D
FEA9
FF3A
FFCE
0065
0100
019C
023B
02DC
037D
041F
04C1
0563
0605
06A6
0745
07E2
087E
0917
09AD
0A41
0AD1
0B5E
0BE7
0C6C
0CEC
0D69
0DE1
0E55
0EC5
0F30
0F96
0FF8
1055
10AE
1102
1151
119C
11E3
1226
1264
129F
12D5
1308
1338
1364
138E
13B4
13D8
13F9
1418
1436
1451
146C
1485
149D
14B4
14CD
14E6
14FF
1518
1531
154C
1567
1583
15A0
15BF
15E0
1602
1627
164D
1675
16A0
16CC
16FB
172D
1760
1796
17CF
1809
1846
1885
18C6
1909
194E
1994
19DC
1A26
1A70
1ABE
1B0D
1B5D
1BAC
1BFC
1C4C
1C9B
1CEA
1D37
1D84
1DD0
1E1A
1E62
1EA8
1EED
1F2F
1F6E
1FAB
1FE5
201C
2050
2081
20AF
20D9
20FF
2122
2141
215C
2174
2187
2197
21A4
21AC
21B1
21B2
21AF
21A9
219F
2192
2182
216F
215A
2141
2127
210A
20EB
20CB
20A9
2087
2063
203F
201B
1FF6
1FD3
1FAF
1F8D
1F6C
1F4D
1F2F
1F13
1EFA
1EE3
1ED0
1EBF
1EB0
1EA4
1E9D
1E99
1E99
1E9D
1EA5
1EB2
1EC4
1EDA
1EF4
1F13
1F37
1F60
1F8D
1FBE
1FF4
202E
206C
20AE
20F4
213D
2189
21D9
222B
227F
22D5
232D
2386
23E0
243A
2494
24ED
2544
259A
25EF
2640
268F
26DA
2721
2764
27A2
27DB
280D
283A
285F
287D
2894
28A2
28A7
28A3
2896
2880
285F
2833
27FD
27BB
276F
2716
26B2
2643
25C7
253E
24AA
2409
235B
22A1
21DB
2109
202B
1F41
1E4C
1D4B
1C3F
1B28
1A07
18DC
17A7
1669
1522
13D2
127B
111C
0FB7
0E4C
0CDA
0B64
09EA
086C
06EB
0567
03E2
025C
00D6
FF50
FDCB
FC47
FAC6
F948
F7CE
F659
F4E9
F37E
F21B
F0BE
EF6A
EE1D
ECDA
EBA0
EA71
E94B
E831
E722
E61F
E527
E43D
E35F
E28E
E1CA
E113
E06A
DFCF
DF42
DEC2
DE50
DDEC
DD95
DD4C
DD10
DCE1
DCBF
DCAA
DCA1
DCA5
DCB4
DCCF
DCF5
DD26
DD61
DDA5
DDF3
DE4A
DEA9
DF10
DF7E
DFF3
E06E
E0EE
E173
E1FD
E28A
E31A
E3AC
E441
E4D7
E56D
E604
E69A
E72F
E7C3
E854
E8E2
E96E
E9F6
EA79
EAF9
EB73
EBE8
EC57
ECC0
ED23
ED7F
EDD4
EE22
EE69
EEA9
EEE1
EF11
EF3A
EF5A
EF74
EF85
EF8E
EF90
EF8B
EF7E
EF6A
EF4F
EF2D
EF05
EED7
EEA2
EE68
EE29
EDE4
ED9B
ED4E
ECFE
ECAA
EC53
EBF9
EB9E
EB41
EAE3
EA84
EA25
E9C7
E969
E90C
E8B1
E858
E802
E7AE
E75E
E712
E6CA
E687
E648
E60F
E5DC
E5AF
E588
E568
E54F
E53D
E532
E52F
E534
E541
E557
E574
E59B
E5CA
E602
E643
E68D
E6DF
E73B
E79F
E80C
E881
E8FF
E986
EA15
EAAC
EB4B
EBF2
ECA1
ED56
EE14
EED8
EFA2
F073
F14B
F228
F30B
F3F2
F4DE
F5CF
F6C4
F7BD
F8BA
F9BB
FABE
FBC4
FCCD
FDD8
FEE5
FFF3
0103
0213
0324
0435
0546
0656
0766
0875
0983
0A8F
0B99
0CA1
0DA7
0EAB
0FAB
10A9
11A3
129A
138D
147C
1566
164D
172F
180D
18E6
19BB
1A8A
1B55
1C1B
1CDB
1D96
1E4B
1EFB
1FA5
204A
20E8
2181
2213
22A0
2326
23A6
241F
2493
2500
2566
25C6
261F
2672
26BE
2703
2742
277A
27AB
27D6
27FA
2817
282E
283F
2848
284C
2848
283E
282E
2817
27F9
27D5
27AB
277A
2743
2706
26C2
2679
2629
25D4
2579
2518
24B1
2445
23D4
235E
22E3
2263
21DE
2156
20C9
2039
1FA5
1F0E
1E74
1DD7
1D38
1C96
1BF2
1B4C
1AA5
19FC
1953
18A9
17FE
1753
16A8
15FD
1554
14AB
1403
135D
12B9
1217
1177
10DA
1040
0FA9
0F15
0E86
0DFA
0D73
0CF0
0C72
0BF9
0B86
0B18
0AB0
0A4E
09F2
099C
094C
0903
08C1
0885
084F
0820
07F8
07D7
07BC
07A8
079B
0793
0793
0798
07A4
07B6
07CD
07EA
080C
0834
0861
0892
08C7
0901
093E
097F
09C4
0A0B
0A54
0AA1
0AEF
0B3E
0B8F
0BE1
0C33
0C86
0CD8
0D2A
0D7B
0DCB
0E1A
0E66
0EB1
0EF8
0F3D
0F7F
0FBD
0FF8
102E
1061
108E
10B7
10DB
10FA
1114
1128
1136
113F
1141
113D
1133
1122
110B
10EE
10CA
109F
106F
1038
0FFA
0FB7
0F6D
0F1E
0EC9
0E6E
0E0F
0DA9
0D40
0CD1
0C5E
0BE7
0B6C
0AED
0A6B
09E6
095F
08D5
084A
07BD
072F
06A0
0610
057F
04EF
045F
03D0
0342
02B5
0229
01A0
0119
0095
0014
FF96
FF1B
FEA4
FE31
FDC2
FD58
FCF3
FC92
FC36
FBE0
FB8F
FB43
FAFD
FABD
FA82
FA4D
FA1E
F9F4
F9CF
F9B1
F998
F985
F977
F96F
F96C
F96F
F977
F984
F997
F9AE
F9CA
F9EA
FA0F
FA38
FA66
FA97
FACC
FB05
FB41
FB80
FBC1
FC06
FC4D
FC96
FCE1
FD2E
FD7D
FDCD
FE1D
FE6F
FEC1
FF14
FF66
FFB8
000A
005C
00AC
00FC
014B
0198
01E4
022E
0277
02BE
0302
0345
0385
03C3
03FE
0437
046D
04A0
04D0
04FE
0528
054F
0573
0594
05B2
05CC
05E5
05FA
060B
061A
0624
062B
062F
062E
062A
0622
0616
0607
05F3
05DB
05BF
059F
057B
0552
0524
04F3
04BC
0481
0442
03FD
03B3
0365
0312
02B9
025B
01F8
0190
0122
00AF
0036
FFB9
FF35
FEAD
FE1E
FD8B
FCF1
FC52
FBAE
FB03
FA54
F99E
F8E4
F824
F75E
F694
F5C4
F4EF
F416
F337
F255
F16E
F082
EF93
EEA0
EDAA
ECB1
EBB5
EAB6
E9B5
E8B3
E7AE
E6A8
E5A1
E49B
E395
E28F
E18B
E089
DF89
DE8C
DD93
DC9D
DBAB
DABF
D9D7
D8F6
D81B
D748
D67C
D5B8
D4FC
D44A
D3A2
D304
D270
D1E8
D16B
D0FB
D097
D040
CFF6
CFBA
CF8C
CF6D
CF5C
CF5B
CF68
CF86
CFB2
CFEF
D03C
D098
D105
D181
D20D
D2A9
D354
D40F
D4D9
D5B1
D698
D78D
D890
D9A0
DABD
DBE6
DD1A
DE5A
DFA4
E0F8
E255
E3BB
E528
E69C
E815
E994
EB18
EC9F
EE28
EFB4
F141
F2CD
F459
F5E3
F76B
F8EF
FA6E
FBE9
FD5D
FECA
002F
018C
02DE
0427
0565
0697
07BC
08D5
09E0
0ADC
0BCA
0CA9
0D78
0E36
0EE5
0F82
100D
1087
10EF
1146
118C
11C0
11E3
11F4
11F5
11E4
11C4
1193
1152
1103
10A4
1038
0FBE
0F38
0EA5
0E08
0D5F
0CAD
0BF3
0B30
0A67
0997
08C3
07EB
070F
0632
0554
0476
0398
02BD
01E5
0111
0043
FF7B
FEBA
FE01
FD52
FCAD
FC12
FB84
FB02
FA8D
FA26
F9CE
F985
F94C
F923
F90B
F903
F90E
F929
F957
F997
F9E8
FA4C
FAC1
FB48
FBE1
FC8B
FD46
FE12
FEEE
FFDA
00D5
01DE
02F5
0419
0549
0685
07CA
0919
0A70
0BCF
0D33
0E9D
100A
117B
12EC
145E
15CF
173E
18A9
1A0F
1B6F
1CC9
1E19
1F60
209C
21CC
22EF
2403
2508
25FD
26E0
27B1
286F
2918
29AD
2A2C
2A94
2AE6
2B20
2B42
2B4B
2B3C
2B14
2AD3
2A79
2A06
2979
28D4
2815
273E
264F
2549
242B
22F7
21AC
204D
1ED9
1D51
1BB7
1A0C
184F
1684
14AB
12C4
10D2
0ED5
0CCE
0AC0
08AB
0690
0472
0251
002F
FE0D
FBEE
F9D1
F7B9
F5A6
F39B
F199
EFA0
EDB2
EBD1
E9FE
E839
E685
E4E1
E34F
E1D0
E065
DF0E
DDCD
DCA2
DB8F
DA93
D9AF
D8E4
D831
D796
D715
D6AC
D65C
D626
D607
D602
D614
D63E
D67F
D6D7
D745
D7C8
D860
D90B
D9CA
DA9A
DB7B
DC6C
DD6C
DE7A
DF94
E0BA
E1E9
E322
E462
E5A9
E6F7
E848
E99C
EAF1
EC46
ED9B
EEED
F03B
F184
F2C7
F403
F537
F662
F782
F896
F99F
FA9A
FB87
FC66
FD35
FDF4
FEA3
FF40
FFCD
0047
00AF
0106
0149
017B
019A
01A7
01A2
018C
0165
012D
00E5
008C
0024
FFAD
FF29
FE97
FDF8
FD4E
FC9A
FBDB
FB15
FA46
F972
F898
F7B9
F6D8
F5F5
F511
F42E
F34D
F26E
F193
F0BE
EFEF
EF27
EE68
EDB2
ED08
EC69
EBD8
EB54
EADE
EA78
EA22
E9DB
E9A6
E983
E972
E973
E988
E9B0
E9EB
EA3A
EA9D
EB13
EB9D
EC3B
ECEC
EDB0
EE87
EF70
F06B
F177
F294
F3C1
F4FC
F646
F79E
F902
FA71
FBEB
FD6F
FEFB
008E
0227
03C5
0566
0709
08AD
0A51
0BF3
0D92
0F2C
10C1
124F
13D5
1551
16C3
182A
1983
1ACE
1C0B
1D37
1E52
1F5C
2052
2135
2204
22BE
2362
23F0
2467
24C7
2511
2543
255D
255F
254A
251D
24D8
247C
2408
237E
22DD
2226
2159
2078
1F82
1E79
1D5D
1C30
1AF1
19A2
1844
16D8
1560
13DB
124C
10B3
0F11
0D69
0BBB
0A08
0852
069A
04E1
0329
0173
FFBF
FE10
FC66
FAC3
F927
F794
F60B
F48C
F31A
F1B4
F05C
EF12
EDD8
ECAD
EB94
EA8B
E994
E8AF
E7DD
E71D
E671
E5D8
E553
E4E1
E483
E438
E400
E3DB
E3C9
E3C9
E3DB
E3FE
E433
E477
E4CB
E52F
E5A0
E620
E6AB
E743
E7E6
E892
E948
EA06
EACA
EB95
EC65
ED39
EE0F
EEE8
EFC1
F09A
F172
F247
F31A
F3E7
F4B0
F572
F62D
F6E0
F78A
F829
F8BE
F947
F9C5
FA36
FA9A
FAF0
FB38
FB72
FB9D
FBB8
FBC3
FBBF
FBAB
FB87
FB52
FB0E
FAB9
FA54
F9E0
F95C
F8C8
F826
F775
F6B6
F5E9
F50F
F428
F336
F238
F130
F01E
EF02
EDDF
ECB4
EB82
EA4B
E90F
E7CF
E68C
E546
E3FF
E2B8
E171
E02B
DEE8
DDA7
DC6B
DB33
DA00
D8D4
D7AE
D691
D57B
D46F
D36D
D274
D187
D0A5
CFCE
CF04
CE47
CD97
CCF4
CC60
CBD9
CB61
CAF7
CA9A
CA4D
CA0D
C9DC
C9B9
C9A5
C99E
C9A6
C9BB
C9DE
CA0E
CA4B
CA94
CAEA
CB4C
CBBA
CC32
CCB6
CD43
CDDB
CE7B
CF25
CFD7
D090
D151
D218
D2E5
D3B8
D490
D56D
D64D
D730
D816
D8FF
D9E9
DAD4
DBC1
DCAD
DD9A
DE86
DF72
E05C
E144
E22B
E30F
E3F1
E4D0
E5AC
E685
E75B
E82D
E8FB
E9C5
EA8C
EB4E
EC0C
ECC6
ED7B
EE2C
EED9
EF82
F025
F0C5
F160
F1F7
F28A
F319
F3A4
F42B
F4AE
F52D
F5A8
F620
F695
F705
F773
F7DD
F844
F8A7
F908
F965
F9BF
FA16
FA6A
FABB
FB08
FB53
FB9A
FBDE
FC1F
FC5D
FC97
FCCE
FD01
FD30
FD5B
FD83
FDA6
FDC5
FDDF
FDF5
FE06
FE13
FE1A
FE1C
FE19
FE11
FE03
FDEF
FDD6
FDB7
FD91
FD66
FD34
FCFC
FCBE
FC7A
FC2E
FBDD
FB85
FB26
FAC1
FA56
F9E5
F96C
F8ED
F869
F7DE
F74E
F6B8
F61E
F57E
F4D9
F431
F384
F2D4
F221
F16A
F0B2
EFF8
EF3C
EE7F
EDC2
ED05
EC49
EB8D
EAD4
EA1D
E969
E8B8
E80C
E764
E6C2
E625
E58F
E500
E477
E3F6
E37D
E30E
E2A8
E24D
E1FD
E1B7
E17E
E150
E12F
E11B
E114
E119
E12D
E14E
E17D
E1BA
E206
E25F
E2C6
E33C
E3BF
E450
E4EF
E59B
E654
E71A
E7ED
E8CB
E9B6
EAAB
EBAA
ECB3
EDC5
EEE0
F003
F12E
F25F
F397
F4D3
F614
F759
F8A1
F9EA
FB34
FC7F
FDC9
FF12
0058
019A
02D9
0413
0546
0673
0798
08B5
09C8
0AD2
0BD0
0CC3
0DAA
0E84
0F51
1010
10C0
1161
11F2
1273
12E4
1344
1392
13D0
13FC
1416
141F
1416
13FC
13D0
1393
1344
12E5
1276
11F6
1167
10C9
101C
0F61
0E98
0DC3
0CE1
0BF4
0AFD
09FC
08F2
07E0
06C7
05A7
0482
0359
022D
00FE
FFCD
FE9C
FD6C
FC3D
FB10
F9E7
F8C3
F7A4
F68B
F579
F470
F36F
F279
F18C
F0AC
EFD7
EF0F
EE55
EDA8
ED0A
EC7C
EBFC
EB8D
EB2E
EAE0
EAA2
EA76
EA5A
EA50
EA57
EA6F
EA99
EAD3
EB1F
EB7B
EBE7
EC63
ECEF
ED8B
EE35
EEED
EFB4
F087
F167
F253
F349
F44B
F556
F66A
F786
F8A9
F9D3
FB02
FC37
FD6F
FEAA
FFE7
0125
0265
03A4
04E2
061D
0755
0889
09B8
0AE1
0C04
0D20
0E34
0F40
1042
113B
122A
130E
13E6
14B4
1575
162A
16D3
176E
17FD
187F
18F3
195A
19B4
1A00
1A40
1A72
1A98
1AB1
1AC0
1AC2
1AB9
1AA5
1A85
1A5B
1A26
19E8
19A1
1950
18F8
1899
1832
17C5
1753
16DB
165F
15DF
155C
14D7
1450
13C7
133E
12B6
122E
11A7
1122
10A0
1021
0FA5
0F2D
0EBA
0E4C
0DE3
0D80
0D23
0CCD
0C7D
0C35
0BF4
0BBA
0B89
0B5F
0B3E
0B25
0B14
0B0B
0B0B
0B13
0B24
0B3C
0B5D
0B86
0BB6
0BEE
0C2E
0C74
0CC2
0D16
0D70
0DD0
0E35
0EA0
0F0F
0F81
0FF6
106F
10EA
1168
11E9
126B
12EE
1373
13F8
147D
1502
1587
160A
168D
170E
178D
180A
1885
18FD
1972
19E4
1A53
1ABF
1B27
1B8B
1BEB
1C48
1CA0
1CF4
1D44
1D90
1DD8
1E1B
1E5A
1E95
1ECC
1EFF
1F2E
1F58
1F80
1FA3
1FC3
1FE0
1FF9
200F
2023
2033
2041
204C
2055
205C
2060
2063
2063
2062
2060
205C
2057
2050
2048
2040
2036
202B
2021
2017
200B
1FFF
1FF1
1FE3
1FD4
1FC4
1FB3
1FA0
1F8D
1F77
1F61
1F49
1F2F
1F13
1EF5
1ED5
1EB3
1E8E
1E66
1E3B
1E0D
1DDC
1DA8
1D70
1D34
1CF4
1CB0
1C68
1C1C
1BCB
1B75
1B1B
1ABB
1A57
19EE
197F
190C
1893
1816
1793
170C
1680
15F0
155B
14C1
1424
1383
12DE
1236
118B
10DE
102E
0F7C
0EC9
0E14
0D5F
0CAA
0BF5
0B40
0A8D
09DB
092B
087C
07D1
0729
0685
05E5
054B
04B6
0427
039F
031E
02A4
0233
01C9
0169
0111
00C3
007F
0045
0015
FFEF
FFD5
FFC5
FFC1
FFC8
FFDA
FFF7
001F
0053
0092
00DB
012F
018E
01F7
026A
02E6
036B
03FA
0490
052E
05D3
067E
072F
07E6
08A1
095F
0A21
0AE5
0BAA
0C6F
0D35
0DF9
0EBB
0F7A
1035
10EB
119C
1247
12EA
1384
1416
149E
151B
158D
15F2
164C
1698
16D6
1705
1725
1734
1734
1722
16FF
16CB
1684
162C
15C2
1546
14B7
1417
1364
12A0
11CA
10E3
0FEB
0EE4
0DCC
0CA5
0B70
0A2D
08DD
0781
061A
04A9
032E
01AB
0022
FE92
FCFE
FB67
F9CD
F832
F698
F500
F36B
F1DB
F050
EECD
ED52
EBE1
EA7C
E924
E7DA
E69F
E575
E45D
E358
E268
E18D
E0C9
E01D
DF89
DF0F
DEAF
DE6A
DE41
DE35
DE46
DE72
DEBD
DF26
DFAD
E053
E117
E1FA
E2FC
E41C
E559
E6B5
E82D
E9C1
EB72
ED3D
EF23
F121
F338
F566
F7AA
FA02
FC6D
FEEA
0178
0414
06BE
0973
0C32
0EF9
11C6
1498
176D
1A40
1D12
1FE1
22AB
256F
2829
2ADA
2D7E
3014
329A
350E
376F
39BB
3BF1
3E0E
4012
41FB
43C7
4576
4706
4875
49C4
4AF1
4BFB
4CE1
4DA3
4E40
4EB7
4F09
4F35
4F3B
4F1A
4ED2
4E63
4DCF
4D15
4C36
4B33
4A0C
48C2
4755
45C8
441B
424E
4064
3E5D
3C3C
3A01
37AE
3544
32C6
3034
2D91
2ADF
281F
2553
227E
1FA0
1CBC
19D4
16EB
1401
1118
0E34
0B54
087C
05AD
02EA
0034
FD8D
FAF6
F872
F601
F3A5
F161
EF34
ED21
EB28
E94B
E78B
E5E9
E465
E300
E1BC
E098
DF95
DEB3
DDF3
DD56
DCDA
DC80
DC48
DC32
DC3D
DC69
DCB6
DD21
DDAC
DE56
DF1D
E001
E101
E21C
E351
E49E
E602
E77D
E90C
EAAE
EC62
EE26
EFFA
F1DA
F3C6
F5BC
F7BB
F9C0
FBCB
FDDA
FFEA
01FB
040B
0619
0822
0A26
0C22
0E16
1000
11DE
13AF
1572
1726
18CB
1A5E
1BE0
1D4E
1EA9
1FEF
2120
223B
2340
242D
2504
25C2
2669
26F7
276D
27CB
2810
283D
2852
2850
2835
2804
27BB
275D
26E8
265E
25C0
250E
2446
236D
2281
2185
2079
1F5D
1E34
1CFD
1BBA
1A6D
1915
17B3
164A
14DA
1363
11E8
1068
0EE5
0D61
0BDB
0A55
08D0
074C
05CB
044E
02D4
0160
FFF1
FE88
FD27
FBCD
FA7C
F931
F7EF
F6B7
F589
F466
F34D
F23F
F13C
F045
EF5A
EE7B
EDA7
ECE0
EC25
EB76
EAD3
EA3D
E9B2
E933
E8C1
E85A
E7FE
E7AE
E769
E730
E700
E6DC
E6C2
E6B1
E6AB
E6AE
E6BA
E6CE
E6EC
E711
E73F
E775
E7B3
E7F8
E845
E898
E8F2
E953
E9BB
EA29
EA9D
EB16
EB96
EC1C
ECA7
ED38
EDCE
EE69
EF0A
EFB1
F05D
F10E
F1C4
F280
F342
F408
F4D5
F5A7
F67E
F75C
F840
F92A
FA1A
FB10
FC0C
FD0F
FE17
FF26
003B
0156
0277
039F
04CC
0600
073A
0879
09BF
0B0A
0C5A
0DB0
0F0B
106A
11CF
1337
14A3
1613
1786
18FC
1A74
1BEE
1D69
1EE6
2063
21E0
235D
24D8
2650
27C7
293A
2AAA
2C15
2D7C
2EDC
3037
318A
32D6
341A
3555
3687
37AF
38CB
39DD
3AE3
3BDC
3CC8
3DA7
3E77
3F39
3FEC
408F
4123
41A6
4218
4277
42C4
4300
432A
4342
4347
433A
431B
42EA
42A6
4250
41E7
416D
40E1
4044
3F95
3ED5
3E05
3D24
3C34
3B35
3A27
390B
37E1
36AB
3568
341A
32C1
315E
2FF1
2E7C
2D00
2B79
29ED
285B
26C5
252C
2391
21F4
2056
1EB8
1D1B
1B80
19E7
1852
16C1
1535
13AF
122F
10B6
0F45
0DDC
0C7D
0B27
09DB
089A
0764
063A
051B
0409
0304
020C
0122
0044
FF75
FEB3
FE00
FD5B
FCC4
FC3B
FBC1
FB54
FAF6
FAA6
FA64
FA2F
FA07
F9ED
F9DF
F9DF
F9EA
FA01
FA24
FA52
FA8B
FACE
FB1C
FB72
FBD2
FC3B
FCAC
FD24
FDA4
FE2B
FEB9
FF4C
FFE7
0087
012C
01D6
0283
0334
03E8
049F
0559
0615
06D3
0793
0854
0917
09DB
0A9F
0B65
0C2B
0CF2
0DB9
0E80
0F48
100F
10D7
11A0
1268
1331
13FA
14C3
158D
1657
1722
17ED
18BA
1987
1A55
1B24
1BF4
1CC5
1D97
1E6B
1F40
2016
20ED
21C6
229F
237A
2456
2533
2611
26F0
27D0
28AF
2990
2A70
2B50
2C30
2D0F
2DEC
2EC9
2FA4
307C
3152
3225
32F3
33BD
3483
3543
35FF
36B5
3764
380C
38AD
3945
39D5
3A5B
3AD8
3B4A
3BB1
3C0D
3C5C
3C9F
3CD4
3CFC
3D15
3D1F
3D1B
3D06
3CE1
3CAC
3C65
3C0E
3BA5
3B2A
3A9D
39FE
394C
3888
37B1
36C7
35CC
34BE
339E
326C
3128
2FD3
2E6D
2CF7
2B71
29DB
2836
2684
24C3
22F6
211E
1F39
1D4B
1B54
1954
174C
153F
132C
1115
0EFB
0CDF
0AC3
08A7
068D
0477
0266
005B
FE56
FC59
FA65
F87C
F69E
F4CC
F309
F154
EFAF
EE1C
EC9A
EB2B
E9D1
E88B
E75B
E642
E540
E455
E384
E2CB
E22C
E1A8
E13D
E0EE
E0B9
E0A0
E0A2
E0BF
E0F8
E14D
E1BD
E248
E2EE
E3AD
E486
E578
E683
E7A5
E8DF
EA2F
EB94
ED0D
EE9A
F03A
F1EB
F3AC
F57D
F75C
F947
FB3E
FD3F
FF4A
015B
0374
0591
07B2
09D5
0BF9
0E1C
103E
125C
1475
1689
1895
1A99
1C94
1E84
2068
2240
2409
25C4
276E
2908
2A90
2C06
2D69
2EB7
2FF1
3117
3226
331F
3403
34CF
3585
3623
36AA
371B
3774
37B6
37E1
37F6
37F4
37DC
37AE
376A
3712
36A7
3628
3596
34F3
343E
3379
32A4
31C0
30CE
2FCF
2EC3
2DAC
2C8A
2B5E
2A2A
28ED
27A9
265F
250F
23BB
2263
2108
1FAB
1E4C
1CED
1B8F
1A31
18D5
177B
1623
14CF
137F
1234
10ED
0FAD
0E72
0D3D
0C0F
0AE8
09C8
08AF
079D
0693
0590
0494
03A0
02B3
01CD
00EE
0015
FF44
FE78
FDB3
FCF4
FC3A
FB85
FAD5
FA29
F982
F8DE
F83E
F79F
F703
F668
F5D0
F539
F4A3
F40E
F37A
F2E5
F251
F1BC
F128
F092
EFFC
EF65
EECE
EE35
ED9C
ED01
EC66
EBCB
EB2E
EA92
E9F5
E959
E8BD
E822
E788
E6EF
E658
E5C4
E532
E4A3
E418
E391
E310
E293
E21C
E1AC
E144
E0E3
E08A
E03A
DFF4
DFB9
DF87
DF62
DF48
DF3B
DF3A
DF47
DF62
DF8C
DFC4
E00B
E062
E0C8
E13F
E1C5
E25C
E303
E3BB
E483
E55C
E646
E740
E84A
E964
EA8E
EBC6
ED0D
EE62
EFC4
F133
F2AE
F434
F5C5
F75E
F901
FAAB
FC5B
FE11
FFCB
0188
0348
0508
06C7
0885
0A40
0BF6
0DA7
0F51
10F3
128C
1419
159B
170E
1874
19C9
1B0E
1C41
1D61
1E6D
1F64
2045
2110
21C2
225C
22DD
2344
2390
23C1
23D7
23D1
23B0
2371
2317
22A0
220D
215D
2092
1FAB
1EA9
1D8C
1C55
1B04
199B
181A
167F
14CF
1309
1130
0F45
0D48
0B3B
091F
06F7
04C3
0284
003D
FDEF
FB9C
F945
F6EB
F491
F239
EFE3
ED91
EB46
E903
E6C9
E49A
E278
E064
DE5F
DC6C
DA8B
D8BE
D705
D563
D3D9
D266
D10E
CFCF
CEAC
CDA5
CCBA
CBED
CB3D
CAAB
CA38
C9E3
C9AC
C994
C99A
C9BE
CA00
CA60
CADC
CB75
CC29
CCF8
CDE0
CEE2
CFFB
D12B
D270
D3CA
D536
D6B4
D842
D9DF
DB89
DD3E
DEFD
E0C4
E292
E464
E639
E80F
E9E5
EBB9
ED88
EF53
F116
F2D1
F481
F626
F7BD
F946
FABF
FC27
FD7C
FEBD
FFEA
0101
0202
02EB
03BD
0475
0514
059A
0605
0656
068C
06A7
06A8
068E
065B
060E
05A8
0529
0492
03E4
0320
0247
0159
0058
FF45
FE21
FCED
FBAB
FA5D
F904
F7A1
F636
F4C4
F34E
F1D5
F05A
EEE0
ED69
EBF5
EA86
E91F
E7C1
E66D
E525
E3EB
E2C1
E1A8
E0A1
DFAF
DED2
DE0C
DD5E
DCC8
DC4D
DBEC
DBA7
DB7E
DB72
DB83
DBB3
DC00
DC6C
DCF7
DD9F
DE67
DF4C
E04F
E16F
E2AC
E405
E579
E707
E8AF
EA6F
EC46
EE33
F035
F24A
F471
F6A7
F8ED
FB3F
FD9C
0003
0271
04E5
075C
09D5
0C4E
0EC4
1137
13A3
1607
1861
1AAF
1CEF
1F1F
213E
2349
253F
271E
28E5
2A91
2C22
2D97
2EED
3024
313A
322F
3301
33B0
343B
34A1
34E2
34FE
34F5
34C5
3470
33F4
3354
328E
31A3
3095
2F63
2E0E
2C97
2B00
2949
2774
2581
2372
214A
1F08
1CB0
1A42
17C0
152D
128A
0FD9
0D1D
0A57
0789
04B5
01DD
FF03
FC29
F951
F67E
F3B1
F0EC
EE32
EB83
E8E3
E653
E3D5
E16A
DF15
DCD6
DAAF
D8A2
D6B0
D4DB
D323
D189
D00F
CEB5
CD7D
CC66
CB72
CAA0
C9F3
C96A
C904
C8C1
C8A2
C8A6
C8CD
C916
C981
CA0D
CABA
CB86
CC71
CD7A
CEA0
CFE1
D13D
D2B1
D43D
D5DF
D796
D960
DB3C
DD28
DF21
E128
E339
E553
E775
E99C
EBC8
EDF5
F022
F24E
F477
F69B
F8B9
FAD0
FCDD
FEE0
00D7
02C0
049B
0665
081F
09C6
0B5B
0CDB
0E46
0F9C
10DB
1204
1315
140F
14F0
15B9
166A
1702
1782
17E9
1839
1871
1891
189B
188D
186A
1832
17E6
1786
1714
1690
15FC
1558
14A6
13E7
131B
1245
1164
107B
0F8B
0E95
0D99
0C9B
0B99
0A97
0994
0893
0795
0699
05A3
04B2
03C8
02E5
020C
013B
0075
FFBC
FF0F
FE6E
FDDA
FD53
FCDB
FC71
FC15
FBC9
FB8C
FB5E
FB3F
FB30
FB30
FB3E
FB5C
FB88
FBC3
FC0B
FC61
FCC3
FD32
FDAC
FE31
FEC0
FF58
FFF9
00A2
0151
0206
02C0
037F
0441
0505
05CA
068E
0752
0814
08D2
098D
0A43
0AF3
0B9C
0C3E
0CD7
0D67
0DEE
0E69
0EDA
0F3E
0F97
0FE2
1020
1050
1072
1086
108B
1082
106A
1043
100D
0FC8
0F75
0F14
0EA3
0E25
0D9A
0D01
0C5C
0BAB
0AEF
0A28
0957
087D
079A
06B0
05BF
04C8
03CC
02CB
01C7
00C1
FFBA
FEB2
FDAB
FCA5
FBA1
FAA1
F9A5
F8AF
F7BE
F6D5
F5F3
F51A
F44A
F384
F2C9
F21A
F176
F0DF
F055
EFD8
EF6A
EF0A
EEB8
EE75
EE41
EE1D
EE08
EE02
EE0B
EE23
EE4B
EE81
EEC6
EF19
EF79
EFE7
F062
F0E9
F17B
F219
F2C1
F372
F42C
F4EE
F5B7
F687
F75B
F834
F910
F9EF
FACF
FBAF
FC8F
FD6E
FE49
FF22
FFF6
00C5
018E
0250
0309
03BA
0462
04FF
0591
0618
0692
06FF
075F
07B1
07F4
0829
084F
0865
086C
0864
084B
0823
07E9
07A0
0747
06DF
0668
05E3
054F
04AD
03FE
0343
027B
01A8
00C9
FFE1
FEEF
FDF5
FCF2
FBE9
FADA
F9C6
F8AE
F792
F674
F555
F436
F318
F1FB
F0E1
EFCB
EEBA
EDAE
ECA9
EBAC
EAB7
E9CC
E8EB
E816
E74C
E68F
E5E0
E53F
E4AD
E42A
E3B7
E354
E302
E2C0
E291
E272
E266
E26B
E282
E2AB
E2E6
E333
E391
E400
E480
E510
E5B1
E661
E721
E7EF
E8CB
E9B6
EAAD
EBB0
ECBE
EDD5
EEF6
F020
F150
F287
F3C4
F505
F64A
F791
F8DA
FA24
FB6D
FCB5
FDFB
FF3D
007C
01B5
02E8
0415
053A
0656
0769
0872
0970
0A62
0B49
0C23
0CEF
0DAF
0E60
0F02
0F95
1019
108E
10F3
1148
118C
11C1
11E6
11FB
1201
11F6
11DD
11B4
117C
1137
10E3
1082
1014
0F9A
0F15
0E84
0DE8
0D44
0C96
0BE0
0B22
0A5E
0995
08C6
07F3
071D
0645
056B
0491
03B7
02DF
0208
0134
0063
FF97
FED0
FE0F
FD54
FCA1
FBF5
FB52
FAB8
FA27
F9A1
F925
F8B3
F84E
F7F3
F7A5
F763
F72D
F703
F6E7
F6D7
F6D3
F6DD
F6F4
F717
F747
F783
F7CC
F820
F87F
F8EA
F960
F9DF
FA69
FAFC
FB98
FC3D
FCE9
FD9D
FE58
FF18
FFDE
00A9
0179
024C
0321
03FA
04D4
05AF
068A
0766
0840
091A
09F1
0AC6
0B98
0C66
0D31
0DF6
0EB7
0F73
1029
10D9
1182
1224
12BF
1354
13E0
1465
14E2
1557
15C4
1629
1687
16DC
1729
176E
17AC
17E2
1811
1838
1859
1873
1886
1894
189B
189E
189B
1893
1887
1877
1864
184D
1834
1819
17FC
17DE
17BF
179F
177F
175F
1740
1722
1705
16EA
16D1
16BA
16A6
1694
1686
167B
1673
166E
166E
1671
1678
1683
1692
16A4
16BB
16D5
16F3
1715
173A
1762
178E
17BC
17EC
181F
1854
188B
18C3
18FC
1935
196F
19A9
19E3
1A1B
1A52
1A88
1ABB
1AEC
1B1A
1B44
1B6B
1B8D
1BAB
1BC4
1BD7
1BE4
1BEB
1BEC
1BE5
1BD8
1BC3
1BA6
1B81
1B53
1B1D
1ADF
1A98
1A47
19EE
198C
1921
18AC
182F
17A9
171A
1682
15E2
1539
1489
13D0
1310
1249
117B
10A6
0FCB
0EEB
0E05
0D1B
0C2C
0B39
0A43
094B
0850
0753
0655
0557
0459
035C
0260
0166
006E
FF79
FE88
FD9B
FCB3
FBD0
FAF3
FA1B
F94B
F882
F7C1
F708
F657
F5AF
F510
F47C
F3F0
F370
F2F9
F28D
F22C
F1D6
F18C
F14C
F118
F0EE
F0D0
F0BD
F0B4
F0B7
F0C4
F0DC
F0FE
F129
F15F
F19E
F1E7
F238
F291
F2F2
F35B
F3CB
F441
F4BD
F53F
F5C6
F651
F6E1
F773
F808
F89F
F938
F9D2
FA6C
FB05
FB9E
FC35
FCCA
FD5C
FDEB
FE76
FEFC
FF7E
FFFA
0071
00E1
014A
01AC
0207
025A
02A5
02E7
0320
0351
0378
0395
03AA
03B4
03B5
03AB
0398
037B
0355
0324
02EA
02A4
0256
01FE
019D
0133
00C0
0045
FFC3
FF38
FEA6
FE0D
FD6E
FCC8
FC1D
FB6C
FAB7
F9FD
F93F
F87E
F7BA
F6F4
F62B
F562
F497
F3CC
F302
F238
F16F
F0A8
EFE2
EF20
EE61
EDA5
ECEE
EC3B
EB8D
EAE4
EA41
E9A5
E90E
E87E
E7F5
E774
E6FA
E687
E61D
E5BA
E560
E50E
E4C5
E484
E44C
E41D
E3F6
E3D8
E3C2
E3B5
E3B1
E3B5
E3C1
E3D5
E3F2
E416
E442
E478
E4B5
E4F9
E544
E595
E5EE
E64C
E6B0
E719
E788
E7FB
E873
E8EF
E96F
E9F3
EA79
EB03
EB8F
EC1E
ECAE
ED40
EDD3
EE67
EEFC
EF91
F026
F0BB
F14F
F1E3
F276
F308
F398
F428
F4B6
F542
F5CC
F654
F6DA
F75D
F7DE
F85C
F8D8
F951
F9C7
FA3A
FAAB
FB19
FB83
FBEB
FC50
FCB2
FD11
FD6E
FDC8
FE1F
FE73
FEC5
FF14
FF61
FFAC
FFF4
003B
007F
00C1
0100
013D
0179
01B3
01EC
0223
0259
028E
02C2
02F5
0327
0358
0389
03B9
03E9
0418
0446
0475
04A3
04D0
04FD
052A
0557
0583
05AF
05DB
0606
0631
065C
0686
06B0
06D9
0700
0726
074B
0770
0794
07B6
07D8
07F8
0817
0835
0851
086C
0885
089C
08B1
08C5
08D6
08E5
08F2
08FD
0905
090B
090E
090F
090D
0908
0901
08F7
08EA
08DA
08C7
08B2
0899
087D
085F
083E
081A
07F4
07CB
07A0
0773
0743
0712
06DE
06A8
0671
0638
05FD
05C1
0584
0545
0506
04C6
0486
0445
0404
03C4
0383
0343
0304
02C6
0289
024E
0214
01DD
01A7
0175
0145
0118
00EE
00C7
00A4
0085
006A
0054
0041
0034
002B
0027
0028
002F
003B
004C
0063
0080
00A3
00CC
00FB
012F
016A
01AB
01F2
0240
0293
02EC
034C
03B2
041E
0490
0508
0585
0607
068F
071B
07AC
0842
08DC
097A
0A1C
0AC1
0B69
0C14
0CC2
0D72
0E24
0ED7
0F8B
1040
10F5
11AA
125F
1312
13C4
1475
1523
15CE
1676
171B
17BC
1859
18F0
1983
1A0F
1A95
1B14
1B8C
1BFD
1C65
1CC4
1D1B
1D68
1DAB
1DE5
1E13
1E37
1E4F
1E5C
1E5D
1E52
1E3A
1E16
1DE5
1DA6
1D5A
1D01
1C9A
1C25
1BA3
1B12
1A74
19C7
190D
1845
176F
168B
159A
149B
138F
1276
1150
101E
0EDF
0D95
0C3F
0ADE
0972
07FC
067C
04F2
0360
01C6
0024
FE7B
FCCB
FB15
F95A
F79B
F5D8
F411
F248
F07D
EEB2
ECE7
EB1C
E953
E78C
E5C7
E407
E24A
E093
DEE2
DD38
DB95
D9FB
D869
D6E2
D565
D3F3
D28E
D135
CFE9
CEAC
CD7D
CC5E
CB4F
CA50
C962
C886
C7BB
C704
C65F
C5CD
C54F
C4E6
C491
C452
C427
C410
C40F
C423
C44C
C48A
C4DC
C544
C5C1
C652
C6F7
C7B1
C87E
C960
CA54
CB5B
CC74
CD9F
CEDC
D029
D186
D2F3
D46F
D5F8
D790
D934
DAE4
DC9F
DE64
E033
E20B
E3EA
E5D0
E7BC
E9AD
EBA2
ED9B
EF95
F191
F38D
F589
F783
F97B
FB70
FD60
FF4C
0132
0310
04E8
06B7
087C
0A38
0BE9
0D8F
0F29
10B5
1235
13A6
1509
165D
17A1
18D5
19F6
1B06
1C05
1CF3
1DCE
1E97
1F4E
1FF2
2084
2103
2170
21CA
2211
2247
226A
227B
227A
2268
2245
2211
21CD
2179
2115
20A2
2020
1F91
1EF3
1E49
1D93
1CD0
1C03
1B2B
1A48
195B
1865
1768
1663
1558
1446
1330
1215
10F6
0FD3
0EAF
0D88
0C60
0B38
0A0F
08E7
07C0
069B
0579
0459
033C
0224
010F
FFFF
FEF5
FDF0
FCF0
FBF7
FB04
FA18
F933
F855
F77E
F6AF
F5E8
F528
F470
F3C0
F318
F277
F1DF
F14E
F0C5
F043
EFC9
EF55
EEE9
EE84
EE26
EDCD
ED7B
ED2F
ECE9
ECA8
EC6C
EC34
EC02
EBD3
EBA9
EB82
EB5E
EB3E
EB20
EB04
EAEB
EAD3
EABD
EAA9
EA95
EA83
EA71
EA60
EA4F
EA3E
EA2D
EA1C
EA0B
E9FA
E9E8
E9D5
E9C2
E9AE
E99A
E985
E970
E95A
E944
E92D
E916
E8FF
E8E8
E8D1
E8BA
E8A3
E88E
E878
E862
E84E
E83C
E82A
E81B
E80D
E802
E7F9
E7F3
E7F0
E7EF
E7F3
E7F9
E804
E812
E825
E83C
E857
E878
E89D
E8C6
E8F5
E92A
E963
E9A1
E9E5
EA2E
EA7D
EAD0
EB29
EB87
EBEA
EC51
ECBD
ED2D
EDA3
EE1C
EE99
EF1A
EF9E
F026
F0B0
F13D
F1CC
F25D
F2EF
F381
F415
F4A8
F53B
F5CD
F65E
F6ED
F77A
F804
F88B
F90E
F98E
FA08
FA7E
FAEE
FB59
FBBD
FC1A
FC71
FCC1
FD08
FD48
FD80
FDAF
FDD5
FDF3
FE07
FE11
FE12
FE09
FDF7
FDDB
FDB4
FD84
FD4A
FD06
FCB9
FC62
FC02
FB99
FB27
FAAD
FA2A
F9A0
F90E
F875
F7D6
F731
F686
F5D8
F525
F46F
F3B6
F2FA
F23D
F17F
F0C0
F003
EF46
EE8C
EDD5
ED21
EC72
EBC8
EB24
EA87
E9F2
E965
E8E2
E868
E7F9
E795
E73E
E6F3
E6B5
E686
E665
E654
E652
E660
E67F
E6B0
E6F2
E745
E7AB
E822
E8AB
E947
E9F5
EAB6
EB89
EC6F
ED67
EE71
EF8D
F0BB
F1FB
F34B
F4AC
F61E
F7A0
F930
FAD0
FC7E
FE39
0000
01D4
03B2
059B
078E
0989
0B8B
0D94
0FA2
11B5
13CB
15E3
17FC
1A16
1C2F
1E45
2058
2267
2470
2673
286F
2A61
2C4A
2E28
2FFB
31C0
3378
3521
36BB
3844
39BB
3B21
3C74
3DB3
3EDD
3FF3
40F3
41DE
42B1
436E
4412
449F
4514
4571
45B6
45E2
45F6
45F1
45D4
459F
4552
44ED
4471
43DD
4333
4273
419D
40B1
3FB1
3E9D
3D76
3C3C
3AF1
3994
3828
36AC
3522
338B
31E7
3039
2E80
2CBD
2AF2
2920
2748
256C
238B
21A8
1FC4
1DE0
1BFC
1A1A
183B
1660
148A
12BA
10F2
0F31
0D79
0BCC
0A29
0891
0707
0589
041A
02B9
0167
0025
FEF4
FDD4
FCC5
FBC8
FADD
FA04
F93E
F88C
F7EC
F75F
F6E6
F67F
F62C
F5ED
F5C0
F5A6
F59E
F5A9
F5C6
F5F4
F634
F684
F6E5
F755
F7D5
F863
F8FF
F9A8
FA5E
FB1F
FBEC
FCC3
FDA4
FE8D
FF7F
0077
0176
027A
0383
0490
05A0
06B1
07C4
08D7
09E9
0AF9
0C07
0D12
0E18
0F1A
1016
110C
11FA
12E1
13BF
1494
155F
1620
16D6
1780
181E
18B0
1935
19AD
1A17
1A73
1AC1
1B00
1B31
1B53
1B67
1B6D
1B63
1B4B
1B23
1AEC
1AA6
1A52
19EE
197C
18FC
186E
17D2
1729
1673
15B0
14E0
1405
131F
122D
1131
102C
0F1D
0E05
0CE5
0BBE
0A8F
095A
0820
06E0
059C
0454
030A
01BD
006F
FF1F
FDCF
FC7F
FB30
F9E2
F897
F74E
F609
F4C8
F38C
F255
F124
EFF9
EED6
EDBA
ECA6
EB9C
EA9A
E9A2
E8B4
E7D1
E6F9
E62D
E56C
E4B7
E40F
E374
E2E6
E265
E1F1
E18C
E134
E0EA
E0AE
E081
E062
E052
E050
E05D
E078
E0A2
E0D9
E120
E174
E1D6
E246
E2C4
E34F
E3E8
E48D
E53F
E5FE
E6C8
E79F
E880
E96D
EA64
EB65
EC70
ED85
EEA2
EFC8
F0F6
F22B
F367
F4AA
F5F2
F740
F892
F9E8
FB42
FC9F
FDFE
FF5F
00C2
0225
0388
04EA
064C
07AB
0909
0A63
0BBA
0D0D
0E5C
0FA5
10E9
1226
135D
148C
15B4
16D3
17EA
18F8
19FD
1AF7
1BE7
1CCD
1DA7
1E75
1F38
1FEF
2099
2137
21C8
224C
22C2
232C
2388
23D7
2419
244D
2473
248C
2498
2497
2488
246D
2444
240F
23CE
2380
2327
22C2
2252
21D5
214D
20BC
2020
1F7B
1ECE
1E18
1D5A
1C94
1BC8
1AF5
1A1D
1940
185D
1777
168E
15A1
14B3
13C3
12D2
11E0
10EF
0FFF
0F10
0E23
0D39
0C52
0B6F
0A90
09B6
08E2
0813
0748
0684
05C7
0512
0466
03C2
0327
0295
020D
018F
011A
00B0
0051
FFFC
FFB2
FF72
FF3D
FF13
FEF3
FEDE
FED4
FED4
FEDE
FEF2
FF10
FF37
FF67
FFA0
FFE2
002C
007E
00D6
0135
0199
0204
0274
02E9
0363
03E0
0460
04E3
0568
05EE
0675
06FC
0782
0807
088A
090B
0988
0A02
0A77
0AE8
0B52
0BB7
0C14
0C6B
0CB9
0CFF
0D3C
0D70
0D9B
0DBB
0DD0
0DDB
0DDB
0DD0
0DB9
0D96
0D67
0D2C
0CE4
0C91
0C31
0BC5
0B4D
0AC8
0A38
099C
08F5
0843
0785
06BD
05EB
0510
042B
033D
0247
0149
0044
FF39
FE27
FD10
FBF5
FAD6
F9B3
F88E
F768
F640
F518
F3F1
F2CB
F1A6
F085
EF68
EE4E
ED3A
EC2C
EB24
EA23
E92B
E83B
E754
E678
E5A6
E4DF
E424
E375
E2D3
E23E
E1B7
E13E
E0D3
E077
E02B
DFED
DFBF
DFA0
DF91
DF92
DFA3
DFC4
DFF5
E035
E085
E0E5
E153
E1D0
E25C
E2F6
E39E
E453
E514
E5E2
E6BC
E7A0
E88F
E987
EA89
EB93
ECA4
EDBD
EEDB
EFFF
F127
F252
F381
F4B1
F5E3
F715
F846
F977
FAA5
FBD0
FCF8
FE1B
FF39
0050
0161
026B
036C
0465
0554
0639
0714
07E4
08A8
0960
0A0B
0AAA
0B3C
0BC0
0C37
0CA0
0CFC
0D49
0D88
0DB9
0DDC
0DF1
0DF8
0DF1
0DDE
0DBE
0D91
0D57
0D11
0CBF
0C62
0BFA
0B88
0B0C
0A88
09FB
0966
08CA
0828
0781
06D5
0625
0571
04BC
0405
034D
0295
01DF
012A
0078
FFC9
FF1E
FE79
FDD9
FD40
FCAF
FC26
FBA6
FB2F
FAC3
FA60
FA0A
F9BE
F97F
F94D
F928
F910
F905
F909
F91B
F93C
F96B
F9A8
F9F5
FA50
FABA
FB33
FBBA
FC50
FCF3
FDA5
FE63
FF30
0008
00EE
01DF
02DB
03E2
04F4
060F
0733
0860
0994
0ACF
0C11
0D58
0EA3
0FF2
1144
1297
13EC
1541
1696
17E9
193A
1A87
1BD0
1D15
1E53
1F8B
20BB
21E4
2303
2418
2523
2623
2717
27FE
28D8
29A5
2A63
2B12
2BB2
2C43
2CC4
2D35
2D96
2DE6
2E26
2E55
2E73
2E81
2E7D
2E69
2E44
2E0E
2DC8
2D72
2D0D
2C97
2C13
2B7F
2ADD
2A2D
2970
28A6
27D0
26EE
2600
2509
2407
22FC
21E7
20CB
1FA7
1E7D
1D4E
1C1A
1AE1
19A6
1868
1728
15E7
14A7
1366
1228
10EB
0FB1
0E7A
0D48
0C1B
0AF3
09D1
08B5
07A1
0695
0591
0495
03A3
02BA
01DA
0105
003B
FF7A
FEC5
FE1A
FD7A
FCE5
FC5B
FBDD
FB6A
FB01
FAA4
FA52
FA0A
F9CC
F999
F970
F950
F939
F92C
F926
F929
F934
F946
F95E
F97D
F9A1
F9CB
F9F9
FA2C
FA62
FA9B
FAD7
FB14
FB53
FB94
FBD4
FC14
FC54
FC92
FCCF
FD0A
FD42
FD76
FDA8
FDD5
FDFD
FE21
FE40
FE5A
FE6D
FE7B
FE82
FE83
FE7D
FE70
FE5C
FE41
FE1F
FDF6
FDC5
FD8E
FD4F
FD09
FCBC
FC69
FC0F
FBAF
FB49
FADD
FA6B
F9F5
F979
F8F9
F875
F7ED
F762
F6D4
F643
F5B1
F51E
F489
F3F4
F360
F2CC
F239
F1A7
F118
F08C
F002
EF7C
EEFB
EE7E
EE06
ED93
ED26
ECC0
EC60
EC08
EBB6
EB6C
EB2A
EAF0
EABE
EA95
EA74
EA5D
EA4E
EA49
EA4D
EA5A
EA70
EA90
EAB9
EAEB
EB26
EB6A
EBB7
EC0D
EC6B
ECD1
ED3F
EDB4
EE31
EEB4
EF3E
EFCE
F064
F0FF
F19F
F242
F2E9
F394
F440
F4EF
F59F
F650
F701
F7B2
F863
F911
F9BE
FA68
FB0E
FBB1
FC50
FCEA
FD7E
FE0D
FE95
FF16
FF8F
0001
006B
00CB
0123
0171
01B6
01F0
0221
0246
0261
0271
0275
026F
025D
0240
0218
01E4
01A5
015B
0106
00A6
003C
FFC7
FF48
FEBF
FE2D
FD91
FCED
FC40
FB8B
FACF
FA0B
F941
F872
F79C
F6C2
F5E3
F501
F41C
F335
F24B
F161
F076
EF8C
EEA2
EDBA
ECD4
EBF2
EB13
EA38
E963
E893
E7CA
E708
E64E
E59C
E4F4
E454
E3BF
E335
E2B6
E243
E1DC
E182
E135
E0F6
E0C4
E0A1
E08D
E087
E090
E0A8
E0D0
E108
E14F
E1A4
E209
E27E
E303
E396
E439
E4EB
E5AC
E67B
E759
E845
E93F
EA45
EB59
EC79
EDA5
EEDC
F01F
F16B
F2C2
F421
F589
F6F8
F86F
F9EC
FB6F
FCF6
FE82
0011
01A3
0337
04CC
065F
07F1
0983
0B12
0C9F
0E27
0FAC
112B
12A4
1416
1581
16E3
183D
198C
1AD2
1C0C
1D3B
1E5D
1F72
207A
2174
2260
233C
2409
24C6
2573
2610
269B
2716
277F
27D6
281C
284E
286E
287D
287A
2864
283D
2805
27BB
2760
26F4
2677
25E9
254C
249F
23E3
2318
223F
2158
2063
1F63
1E56
1D3D
1C1A
1AED
19B6
1877
1730
15E2
148D
1333
11D4
1070
0F09
0D9F
0C34
0AC8
095C
07F1
0688
0521
03BD
025E
0104
FFB0
FE62
FD1B
FBDD
FAA7
F97B
F859
F742
F637
F538
F445
F360
F289
F1BF
F105
F059
EFBD
EF31
EEB6
EE4A
EDEF
EDA5
ED6B
ED42
ED2A
ED24
ED2E
ED4A
ED76
EDB3
EE01
EE60
EECE
EF4D
EFDB
F079
F125
F1E0
F2A8
F37E
F462
F551
F64C
F753
F864
F97F
FAA3
FBD0
FD05
FE40
FF82
00C9
0215
0364
04B6
060A
0760
08B6
0A0C
0B60
0CB3
0E04
0F51
109A
11DD
131C
1453
1584
16AD
17CE
18E5
19F3
1AF6
1BEE
1CDB
1DBC
1E91
1F59
2013
20C0
215F
21EF
2271
22E4
2348
239C
23E0
2414
2439
244E
2454
244A
2430
2408
23D0
238A
2335
22D2
2261
21E3
2158
20C0
201C
1F6D
1EB3
1DEE
1D1F
1C48
1B67
1A7F
1990
189A
179E
169D
1597
148E
1382
1272
1161
104F
0F3C
0E2A
0D19
0C0B
0AFE
09F6
08F1
07F1
06F6
0601
0513
042D
034E
0277
01A9
00E5
002A
FF7A
FED4
FE39
FDAA
FD26
FCAE
FC43
FBE4
FB91
FB4B
FB12
FAE5
FAC4
FAB0
FAA9
FAAE
FAC0
FADD
FB07
FB3D
FB7F
FBCB
FC23
FC86
FCF3
FD6A
FDEA
FE73
FF06
FFA0
0042
00EB
019B
0251
030C
03CD
0492
055B
0627
06F5
07C6
0898
096B
0A3F
0B12
0BE4
0CB5
0D84
0E51
0F1A
0FE0
10A2
1160
1218
12CC
1379
1421
14C3
155D
15F1
167E
1703
1780
17F6
1863
18C9
1926
197B
19C8
1A0C
1A48
1A7C
1AA8
1ACC
1AE7
1AFB
1B09
1B0F
1B0E
1B06
1AF7
1AE2
1AC7
1AA5
1A7E
1A52
1A22
19EC
19B3
1976
1935
18F2
18AC
1864
181B
17D0
1784
1738
16EB
169F
1654
160A
15C1
157A
1535
14F3
14B4
1477
143F
140B
13DB
13AF
1387
1364
1345
132C
1317
1308
12FD
12F8
12F8
12FD
1307
1316
132A
1343
1360
1383
13A9
13D5
1404
1437
146E
14A8
14E6
1526
156A
15AF
15F7
1641
168C
16D9
1727
1775
17C5
1814
1864
18B3
1902
1950
199C
19E7
1A30
1A78
1ABC
1AFF
1B3E
1B7B
1BB4
1BEB
1C1D
1C4C
1C77
1C9E
1CC1
1CE0
1CFB
1D12
1D25
1D33
1D3E
1D44
1D47
1D46
1D41
1D39
1D2D
1D1F
1D0D
1CF8
1CE2
1CC8
1CAD
1C90
1C71
1C52
1C31
1C10
1BEE
1BCD
1BAB
1B8B
1B6B
1B4D
1B30
1B15
1AFD
1AE7
1AD4
1AC4
1AB8
1AAF
1AAB
1AAB
1AB0
1AB9
1AC8
1ADC
1AF6
1B15
1B39
1B64
1B94
1BCB
1C07
1C4A
1C93
1CE3
1D38
1D94
1DF5
1E5D
1ECB
1F3F
1FB8
2037
20BB
2144
21D2
2265
22FC
2397
2435
24D8
257D
2625
26CF
277A
2828
28D6
2985
2A35
2AE4
2B93
2C41
2CEE
2D9A
2E43
2EEA
2F8D
302E
30CB
3164
31F9
3289
3313
3399
3419
3492
3506
3573
35D9
3639
3691
36E2
372B
376C
37A6
37D6
37FF
381F
3837
3848
3850
3851
3849
383A
3823
3805
37DF
37B2
377E
3743
3702
36BA
366C
3618
35BE
355F
34FB
3492
3425
33B3
333E
32C5
3249
31CB
314A
30C6
3041
2FBA
2F32
2EA9
2E20
2D97
2D0D
2C84
2BFC
2B74
2AEE
2A69
29E6
2964
28E4
2866
27EA
2771
26FA
2685
2612
25A2
2535
24C9
2460
23FA
2396
2333
22D3
2275
2218
21BD
2163
210B
20B4
205E
2008
1FB2
1F5D
1F07
1EB0
1E59
1E00
1DA6
1D49
1CEB
1C8A
1C27
1BC0
1B57
1AE9
1A78
1A02
1988
1909
1885
17FC
176D
16D9
163F
159F
14F9
144D
139A
12E1
1221
115B
108F
0FBC
0EE3
0E03
0D1D
0C30
0B3E
0A45
0947
0843
073A
062B
0518
0400
02E4
01C3
009F
FF78
FE4E
FD21
FBF2
FAC1
F98F
F85C
F729
F5F6
F4C3
F392
F262
F134
F007
EEDE
EDB9
EC97
EB7A
EA62
E94F
E842
E73B
E63B
E542
E450
E366
E284
E1AA
E0DA
E012
DF54
DE9F
DDF4
DD52
DCBB
DC2E
DBAB
DB33
DAC5
DA62
DA09
D9BA
D976
D93C
D90C
D8E6
D8CA
D8B7
D8AE
D8AE
D8B8
D8CA
D8E5
D908
D934
D967
D9A1
D9E2
DA2A
DA77
DACB
DB24
DB82
DBE5
DC4C
DCB6
DD24
DD95
DE08
DE7D
DEF4
DF6C
DFE6
E05F
E0D9
E153
E1CC
E244
E2BA
E32F
E3A3
E414
E484
E4F1
E55B
E5C4
E629
E68B
E6EB
E747
E7A1
E7F7
E84B
E89B
E8E8
E933
E97B
E9C0
EA02
EA43
EA81
EABD
EAF8
EB31
EB69
EBA0
EBD7
EC0D
EC43
EC79
ECB1
ECE9
ED23
ED5E
ED9C
EDDC
EE1F
EE66
EEAF
EEFD
EF4E
EFA4
EFFF
F05E
F0C3
F12D
F19D
F212
F28E
F30F
F397
F425
F4B9
F554
F5F6
F69E
F74D
F802
F8BD
F97F
FA47
FB15
FBEA
FCC4
FDA3
FE88
FF73
0061
0154
024B
0346
0444
0545
0648
074C
0853
0959
0A61
0B68
0C6E
0D73
0E75
0F76
1073
116D
1262
1353
143E
1523
1602
16D9
17A9
1871
192F
19E5
1A91
1B33
1BCA
1C57
1CD8
1D4E
1DB8
1E16
1E67
1EAB
1EE3
1F0D
1F29
1F38
1F3A
1F2D
1F13
1EEB
1EB6
1E73
1E22
1DC4
1D58
1CE0
1C5B
1BC9
1B2B
1A81
19CC
190B
183F
1768
1688
159F
14AD
13B4
12B3
11AB
109C
0F88
0E6F
0D51
0C2F
0B0A
09E3
08B9
078E
0662
0537
040B
02E1
01B8
0091
FF6D
FE4D
FD31
FC18
FB05
F9F8
F8F0
F7EF
F6F4
F600
F513
F42F
F353
F27F
F1B5
F0F4
F03C
EF8E
EEE9
EE4E
EDBE
ED37
ECBA
EC47
EBDE
EB7F
EB29
EADE
EA9B
EA62
EA32
EA0A
E9EC
E9D5
E9C7
E9C0
E9C1
E9C9
E9D8
E9ED
EA08
EA28
EA4D
EA77
EAA6
EAD9
EB10
EB4B
EB88
EBC8
EC0B
EC50
EC96
ECDD
ED26
ED6F
EDB8
EE02
EE4B
EE94
EEDB
EF22
EF68
EFAC
EFEF
F030
F06F
F0AC
F0E8
F121
F158
F18D
F1C0
F1F0
F21D
F249
F273
F29C
F2C2
F2E7
F30B
F32E
F34F
F370
F390
F3AF
F3CE
F3EE
F40D
F42D
F44E
F470
F493
F4B7
F4DD
F505
F52F
F55B
F58A
F5BC
F5F1
F628
F664
F6A2
F6E4
F72B
F776
F7C4
F816
F86D
F8C7
F926
F988
F9EF
FA59
FAC7
FB39
FBAE
FC27
FCA4
FD23
FDA5
FE2A
FEB1
FF3A
FFC5
0052
00DF
016E
01FC
028B
031A
03A8
0434
04BF
0548
05CF
0655
06D8
0757
07D1
0847
08B8
0923
0989
09E8
0A40
0A90
0ADA
0B1B
0B54
0B84
0BAC
0BCA
0BDE
0BE9
0BEA
0BE0
0BCC
0BAE
0B85
0B51
0B13
0ACA
0A76
0A17
09AE
093A
08BC
0836
07A5
070B
0668
05BA
0504
0446
037F
02B0
01D9
00FC
0018
FF2D
FE3D
FD48
FC4F
FB51
FA50
F94B
F845
F73D
F633
F52A
F420
F317
F20F
F10A
F006
EF06
EE0A
ED12
EC1F
EB33
EA4D
E96D
E894
E7C3
E6FA
E639
E581
E4D3
E42E
E393
E303
E27D
E202
E192
E12D
E0D4
E086
E044
E00E
DFE4
DFC5
DFB2
DFAB
DFAF
DFBF
DFDA
DFFF
E030
E06B
E0B1
E100
E158
E1B9
E223
E295
E30F
E391
E419
E4A8
E53D
E5D7
E676
E71A
E7C1
E86C
E91A
E9C9
EA7B
EB2D
EBE0
EC94
ED46
EDF8
EEA8
EF56
F002
F0AA
F14F
F1F1
F28D
F325
F3B8
F446
F4CA
F549
F5C1
F632
F69C
F6FE
F75A
F7AD
F7F9
F83D
F879
F8AD
F8DA
F8FE
F91B
F930
F93D
F943
F941
F938
F928
F912
F8F5
F8D2
F8A9
F87A
F846
F80D
F7D0
F78F
F749
F701
F6B3
F662
F60F
F5BB
F565
F50E
F4B7
F460
F409
F3B3
F35E
F30B
F2BA
F26C
F220
F1D8
F194
F153
F117
F0DF
F0AC
F07F
F057
F034
F018
F002
EFF2
EFE8
EFE6
EFE9
EFF4
F005
F01E
F03E
F065
F092
F0C6
F101
F143
F18A
F1D9
F22D
F287
F2E7
F34D
F3B7
F427
F49B
F514
F591
F611
F695
F71C
F7A6
F832
F8C0
F950
F9E1
FA73
FB05
FB98
FC2A
FCBB
FD4C
FDDD
FE6D
FEFA
FF85
000D
0092
0114
0191
020B
0280
02F0
035A
03C0
0420
0479
04CD
051A
0561
05A0
05D9
060A
0635
0657
0672
0686
0692
0696
0692
0686
0673
0658
0635
060B
05DA
05A2
0561
051A
04CB
0475
0418
03B3
0348
02D7
025F
01E0
015C
00D1
0041
FFAC
FF11
FE71
FDCC
FD23
FC75
FBC3
FB0E
FA54
F997
F8D7
F814
F74F
F687
F5BC
F4F0
F423
F354
F284
F1B3
F0E1
F00E
EF3B
EE68
ED96
ECC3
EBF1
EB20
EA50
E981
E8B3
E7E7
E71D
E654
E58E
E4CA
E409
E34A
E28F
E1D6
E121
E06F
DFC0
DF16
DE6F
DDCC
DD2E
DC94
DC00
DB70
DAE5
DA60
D9DF
D964
D8EF
D87F
D816
D7B2
D754
D6FD
D6AC
D662
D61E
D5E1
D5AC
D57D
D555
D534
D51B
D509
D4FF
D4FC
D501
D50F
D523
D540
D565
D593
D5C8
D606
D64C
D69B
D6F3
D753
D7BB
D82D
D8A7
D929
D9B5
DA49
DAE5
DB8B
DC39
DCEF
DDAE
DE76
DF46
E01E
E0FF
E1E8
E2D9
E3D1
E4D2
E5DA
E6EA
E802
E920
EA46
EB72
ECA6
EDDF
EF1F
F066
F1B2
F303
F45A
F5B6
F717
F87C
F9E6
FB53
FCC5
FE3A
FFB3
012E
02AC
042C
05AF
0733
08B9
0A41
0BC9
0D52
0EDB
1064
11ED
1375
14FD
1683
1807
198A
1B0B
1C89
1E05
1F7E
20F3
2265
23D2
253B
269F
27FE
2958
2AAC
2BFA
2D41
2E82
2FBB
30EE
3219
333C
3457
3569
3673
3774
386B
3959
3A3D
3B17
3BE7
3CAC
3D66
3E15
3EB9
3F51
3FDD
405E
40D2
413B
4196
41E5
4226
425A
4281
429A
42A5
42A3
4292
4273
4245
420A
41BF
4166
40FE
4088
4002
3F6E
3ECB
3E19
3D58
3C88
3BA9
3ABC
39C0
38B5
379C
3675
3540
33FC
32AB
314D
2FE1
2E68
2CE2
2B50
29B1
2807
2652
2491
22C6
20F1
1F12
1D2A
1B39
1940
1740
1538
132B
1117
0EFE
0CE1
0AC0
089C
0675
044D
0223
FFF9
FDD0
FBA8
F981
F75D
F53E
F323
F10D
EEFD
ECF3
EAF0
E8F6
E704
E51B
E33C
E168
DFA0
DDE4
DC34
DA92
D8FE
D779
D603
D49C
D346
D200
D0CB
CFA8
CE97
CD98
CCAC
CBD2
CB0B
CA58
C9B8
C92C
C8B4
C850
C801
C7C5
C79D
C789
C787
C799
C7BE
C7F6
C83F
C89A
C907
C985
CA13
CAB1
CB5E
CC19
CCE3
CDBA
CE9E
CF8D
D087
D18C
D29A
D3B1
D4D0
D5F5
D721
D852
D987
DABF
DBFA
DD36
DE73
DFAF
E0EA
E224
E35B
E48D
E5BC
E6E5
E808
E924
EA39
EB45
EC49
ED42
EE32
EF17
EFF1
F0BF
F180
F236
F2DE
F379
F407
F487
F4F9
F55D
F5B3
F5FB
F635
F661
F67F
F68F
F692
F688
F670
F64D
F61C
F5E1
F59A
F548
F4EC
F486
F418
F3A1
F322
F29D
F212
F181
F0EB
F052
EFB6
EF17
EE77
EDD7
ED37
EC98
EBFB
EB61
EACB
EA39
E9AC
E925
E8A5
E82F
E7C1
E75D
E701
E6B0
E669
E62E
E5FE
E5DA
E5C2
E5B8
E5BA
E5CA
E5E7
E612
E64A
E690
E6E4
E746
E7B6
E833
E8BD
E954
E9F8
EAA8
EB64
EC2B
ECFE
EDDB
EEC2
EFB2
F0AB
F1AF
F2BA
F3CC
F4E4
F600
F721
F845
F96C
FA95
FBBE
FCE7
FE0F
FF35
0059
0179
0295
03AB
04BC
05C5
06C7
07C0
08B0
0997
0A72
0B43
0C08
0CC0
0D6C
0E0A
0E9A
0F1D
0F91
0FF6
104D
1094
10CC
10F4
110D
1117
1111
10FC
10D8
10A6
1065
1016
0FB9
0F4F
0ED9
0E56
0DC8
0D2F
0C8C
0BDF
0B29
0A6B
09A6
08DB
080A
0734
065B
057E
04A0
03C0
02E0
01FF
0121
0045
FF6C
FE97
FDC7
FCFD
FC3A
FB7D
FAC9
FA1E
F97C
F8E3
F856
F7D3
F75B
F6F0
F690
F63D
F5F7
F5BE
F592
F573
F561
F55C
F565
F57A
F59C
F5CB
F606
F64D
F69F
F6FA
F75F
F7CF
F847
F8C9
F953
F9E4
FA7C
FB1A
FBBD
FC64
FD0E
FDBB
FE69
FF18
FFC6
0073
011E
01C5
0268
0305
039C
042C
04B4
0532
05A7
0611
066F
06C0
0705
073B
0763
077A
0782
0779
0760
0736
06FA
06AC
064D
05DB
0557
04C1
0419
035E
0292
01B4
00C5
FFC4
FEB4
FD93
FC63
FB24
F9D8
F87E
F719
F5A8
F42D
F2A8
F11C
EF89
EDF1
EC54
EAB4
E913
E771
E5D1
E433
E299
E105
DF77
DDF1
DC75
DB04
D99F
D848
D700
D5C8
D4A1
D38E
D28E
D1A3
D0CE
D00F
CF68
CEDA
CE65
CE09
CDC7
CDA0
CD94
CDA3
CDCE
CE13
CE74
CEF0
CF87
D038
D104
D1E8
D2E5
D3F9
D525
D667
D7BE
D929
DAA7
DC37
DDD7
DF87
E145
E310
E4E6
E6C6
E8AE
EA9D
EC91
EE89
F084
F27F
F479
F672
F866
FA55
FC3D
FE1D
FFF4
01BF
037F
0530
06D3
0865
09E6
0B55
0CB0
0DF6
0F26
1041
1144
122F
1301
13BA
1459
14DE
1548
1597
15CA
15E2
15DD
15BC
1580
1527
14B2
1420
1373
12AB
11C7
10C8
0FAF
0E7B
0D2F
0BC9
0A4B
08B6
0709
0547
0370
0185
FF86
FD76
FB55
F925
F6E6
F49B
F244
EFE3
ED79
EB08
E892
E619
E39D
E120
DEA6
DC2E
D9BC
D750
D4ED
D295
D049
CE0C
CBDE
C9C3
C7BC
C5CB
C3F0
C22F
C088
BEFE
BD90
BC42
BB14
BA07
B91D
B857
B7B5
B738
B6E0
B6AF
B6A4
B6C0
B703
B76C
B7FB
B8B1
B98B
BA8A
BBAC
BCF1
BE56
BFDC
C180
C340
C51B
C70F
C91C
CB3D
CD71
CFB5
D207
D464
D6CB
D938
DBA9
DE1B
E08C
E2FA
E562
E7C1
EA15
EC5C
EE94
F0BB
F2CE
F4CC
F6B4
F883
FA39
FBD3
FD52
FEB4
FFF9
0120
0229
0313
03E0
048E
0521
0597
05F1
0631
0657
0664
065B
063C
0609
05C4
056F
050B
049C
0422
03A0
0318
028C
01FE
0170
00E4
005D
FFDB
FF62
FEF2
FE8D
FE35
FDEA
FDB0
FD85
FD6C
FD64
FD6F
FD8E
FDBF
FE05
FE5D
FEC9
FF47
FFD7
0078
012A
01EC
02BB
0398
0480
0572
066C
076D
0873
097B
0A85
0B8E
0C95
0D97
0E92
0F86
106F
114C
121B
12DC
138B
1428
14B2
1527
1585
15CD
15FE
1616
1615
15FB
15C8
157C
1516
1498
1401
1352
128D
11B1
10C0
0FBC
0EA4
0D7B
0C43
0AFC
09A9
084B
06E4
0575
0401
028A
0111
FF99
FE23
FCB1
FB45
F9E0
F886
F737
F5F4
F4C1
F39D
F28A
F18A
F09D
EFC5
EF03
EE57
EDC3
ED46
ECE1
EC94
EC61
EC45
EC43
EC59
EC88
ECCF
ED2D
EDA2
EE2D
EECE
EF83
F04C
F129
F217
F316
F424
F541
F66B
F7A2
F8E3
FA2D
FB80
FCDA
FE39
FF9D
0104
026D
03D6
0540
06A7
080D
096E
0ACB
0C22
0D72
0EBA
0FFB
1132
125F
1381
1498
15A2
16A1
1792
1875
194B
1A12
1ACA
1B74
1C0E
1C98
1D13
1D7E
1DD8
1E23
1E5D
1E88
1EA2
1EAD
1EA9
1E95
1E72
1E41
1E01
1DB4
1D59
1CF1
1C7D
1BFC
1B71
1ADA
1A39
198F
18DC
1821
175F
1695
15C7
14F2
141A
133E
1260
1181
10A0
0FBF
0EDF
0E01
0D25
0C4C
0B77
0AA7
09DC
0917
0859
07A3
06F5
0650
05B4
0522
0499
041C
03A9
0342
02E6
0296
0251
0218
01EB
01CA
01B4
01A9
01AA
01B5
01CB
01EB
0215
0247
0281
02C3
030B
0359
03AC
0403
045D
04B9
0516
0573
05CF
0629
067F
06D1
071E
0764
07A2
07D7
0803
0823
0838
0840
083A
0825
0801
07CD
0788
0731
06C9
064F
05C2
0521
046C
03A4
02C7
01D5
00D0
FFB7
FE8A
FD49
FBF5
FA8F
F917
F78E
F5F4
F44A
F291
F0CB
EEF7
ED18
EB2E
E93B
E73F
E53D
E335
E129
DF1A
DD0A
DAFA
D8EC
D6E3
D4DE
D2E0
D0E9
CEFB
CD18
CB41
C977
C7BC
C612
C479
C2F3
C181
C025
BEE0
BDB2
BC9D
BBA1
BAC0
B9FB
B952
B8C5
B856
B805
B7D2
B7BE
B7C9
B7F3
B83C
B8A3
B92A
B9D0
BA94
BB75
BC75
BD91
BEC9
C01D
C18B
C312
C4B3
C66A
C838
CA1B
CC11
CE1A
D034
D25D
D494
D6D7
D925
DB7C
DDDB
E03F
E2A7
E512
E77D
E9E7
EC4E
EEB1
F10E
F363
F5AE
F7EF
FA23
FC49
FE5F
0065
0259
0439
0604
07BA
0959
0AE0
0C4F
0DA5
0EE0
1001
1107
11F1
12C0
1372
1408
1482
14E0
1523
1549
1555
1545
151C
14D9
147D
1409
137F
12DE
1228
115E
1082
0F94
0E97
0D8B
0C72
0B4D
0A1E
08E6
07A8
0664
051B
03D1
0286
013C
FFF4
FEB0
FD72
FC3B
FB0D
F9E8
F8CF
F7C3
F6C5
F5D6
F4F8
F42B
F371
F2CB
F239
F1BD
F157
F108
F0CF
F0AF
F0A7
F0B7
F0DF
F121
F17B
F1EE
F279
F31D
F3D8
F4AB
F594
F694
F7A9
F8D3
FA10
FB60
FCC1
FE34
FFB5
0145
02E1
0489
063B
07F5
09B7
0B7D
0D48
0F15
10E3
12AF
1479
163E
17FD
19B5
1B64
1D08
1EA1
202C
21A7
2313
246C
25B3
26E6
2803
2909
29F8
2ACF
2B8C
2C30
2CB8
2D25
2D76
2DAB
2DC3
2DBE
2D9C
2D5D
2D01
2C87
2BF1
2B3E
2A6F
2984
287E
275D
2623
24D0
2366
21E4
204D
1EA1
1CE1
1B10
192D
173A
1539
132B
1111
0EEE
0CC2
0A8F
0857
061A
03DC
019C
FF5E
FD22
FAE9
F8B6
F68A
F466
F24C
F03D
EE3B
EC47
EA62
E88D
E6CA
E519
E37C
E1F3
E07F
DF21
DDDA
DCAA
DB92
DA92
D9AA
D8DC
D827
D78A
D707
D69E
D64D
D615
D5F5
D5EE
D5FE
D626
D664
D6B8
D721
D79E
D82F
D8D3
D988
DA4E
DB24
DC08
DCFA
DDF9
DF02
E016
E132
E257
E381
E4B1
E5E6
E71D
E855
E98F
EAC7
EBFE
ED32
EE63
EF8E
F0B3
F1D2
F2E9
F3F7
F4FC
F5F6
F6E6
F7CA
F8A1
F96C
FA2A
FADA
FB7C
FC10
FC95
FD0C
FD74
FDCD
FE18
FE54
FE82
FEA1
FEB3
FEB7
FEAD
FE97
FE74
FE46
FE0C
FDC8
FD79
FD21
FCC1
FC58
FBE8
FB72
FAF7
FA76
F9F2
F96A
F8E0
F854
F7C8
F73E
F6B4
F62D
F5A7
F525
F4A7
F42D
F3B8
F349
F2E0
F27F
F224
F1D2
F187
F146
F10D
F0DE
F0B8
F09C
F089
F081
F082
F08D
F0A2
F0C1
F0E9
F11A
F155
F198
F1E4
F238
F293
F2F8
F364
F3D5
F44C
F4C8
F549
F5CD
F654
F6DD
F768
F7F5
F882
F90F
F99B
FA25
FAAE
FB34
FBB7
FC36
FCB1
FD27
FD97
FE02
FE67
FEC5
FF1C
FF6B
FFB3
FFF3
002B
005B
0083
00A2
00B8
00C7
00CC
00CA
00BF
00AC
0092
0070
0048
0018
FFE2
FFA7
FF66
FF20
FED6
FE88
FE38
FDE5
FD90
FD3B
FCE5
FC8F
FC3B
FBE9
FB99
FB4D
FB05
FAC1
FA84
FA4D
FA1D
F9F5
F9D5
F9BE
F9B1
F9AF
F9B7
F9CB
F9EB
FA16
FA4F
FA94
FAE6
FB46
FBB3
FC2E
FCB6
FD4C
FDF0
FEA1
FF5F
002A
0102
01E6
02D6
03D1
04D7
05E7
0701
0825
0950
0A82
0BBC
0CFC
0E42
0F8B
10D7
1225
1375
14C4
1612
175E
18A6
19EA
1B28
1C60
1D90
1EB8
1FD5
20E8
21EE
22E8
23D3
24B0
257D
2639
26E4
277C
2802
2873
28D1
2919
294D
296A
2972
2963
293E
2903
28B0
2847
27C7
2730
2683
25C0
24E6
23F8
22F4
21DB
20AF
1F70
1E1E
1CBB
1B47
19C3
1830
168F
14E1
1328
1164
0F97
0DC2
0BE7
0A06
0820
0638
044F
0265
007E
FE99
FCB8
FADD
F90A
F73E
F57C
F3C5
F21A
F07D
EEED
ED6E
EBFE
EAA1
E956
E81E
E6FA
E5EC
E4F3
E410
E344
E28F
E1F2
E16D
E100
E0AB
E06F
E04C
E041
E04E
E073
E0B0
E106
E173
E1F7
E291
E340
E404
E4DB
E5C5
E6C1
E7CF
E8EC
EA18
EB52
EC98
EDEA
EF46
F0AB
F217
F38A
F502
F67E
F7FC
F97A
FAF9
FC76
FDEF
FF64
00D4
023C
039D
04F4
0640
0782
08B7
09DE
0AF6
0BFE
0CF5
0DDB
0EAE
0F6E
101A
10B3
1136
11A4
11FD
1240
126D
1284
1285
126F
1244
1204
11AD
1142
10C2
102D
0F85
0ECA
0DFC
0D1D
0C2C
0B2C
0A1C
08FE
07D2
0699
0556
0408
02B1
0152
FFEC
FE81
FD11
FB9E
FA29
F8B4
F73F
F5CB
F45B
F2EF
F187
F027
EECD
ED7D
EC35
EAF9
E9C8
E8A3
E78C
E683
E589
E49E
E3C4
E2FA
E242
E19B
E107
E084
E015
DFB8
DF6F
DF39
DF16
DF06
DF0A
DF20
DF49
DF84
DFD2
E030
E0A0
E121
E1B1
E251
E300
E3BC
E486
E55C
E63D
E72A
E820
E91E
EA25
EB33
EC46
ED5F
EE7B
EF9B
F0BD
F1DF
F302
F423
F542
F65E
F776
F889
F996
FA9C
FB9A
FC8F
FD7C
FE5E
FF35
0001
00C1
0174
021A
02B2
033D
03B8
0425
0483
04D2
0511
0541
0561
0572
0573
0565
0549
051E
04E4
049C
0446
03E2
0371
02F4
026A
01D4
0133
0087
FFD1
FF12
FE4A
FD7A
FCA2
FBC4
FAE0
F9F6
F908
F816
F721
F629
F530
F435
F33B
F241
F147
F050
EF5B
EE68
ED7A
EC8F
EBAA
EAC9
E9EE
E919
E84A
E782
E6C1
E607
E556
E4AC
E40A
E370
E2DF
E256
E1D6
E15E
E0EF
E088
E029
DFD2
DF84
DF3D
DEFD
DEC5
DE94
DE6A
DE45
DE27
DE0E
DDFA
DDEA
DDDD
DDD4
DDCF
DDCC
DDCC
DDCE
DDD1
DDD5
DDDA
DDDE
DDE3
DDE6
DDE8
DDE9
DDE7
DDE4
DDDD
DDD3
DDC6
DDB5
DDA0
DD87
DD69
DD46
DD1F
DCF3
DCC1
DC8B
DC4F
DC0E
DBC7
DB79
DB26
DACE
DA71
DA10
D9A9
D93E
D8CF
D85C
D7E6
D76C
D6EF
D66F
D5ED
D569
D4E3
D45C
D3D5
D34D
D2C5
D23D
D1B7
D132
D0AF
D02E
CFB0
CF35
CEBE
CE4C
CDDE
CD75
CD11
CCB3
CC5C
CC0B
CBC1
CB7F
CB44
CB12
CAE8
CAC8
CAB0
CAA1
CA9D
CAA2
CAB1
CACA
CAED
CB1B
CB54
CB97
CBE5
CC3E
CCA1
CD0F
CD88
CE0B
CE99
CF32
CFD4
D081
D138
D1F8
D2C3
D397
D474
D55A
D649
D740
D83F
D946
DA53
DB68
DC84
DDA6
DECE
DFFB
E12E
E267
E3A3
E4E4
E629
E772
E8BE
EA0C
EB5E
ECB2
EE07
EF5E
F0B7
F210
F36B
F4C5
F61F
F77A
F8D3
FA2D
FB85
FCDC
FE31
FF85
00D6
0224
0371
04BA
05FF
0742
0880
09BB
0AF2
0C23
0D51
0E79
0F9C
10B9
11D1
12E3
13EF
14F4
15F3
16EA
17DB
18C4
19A6
1A7F
1B51
1C1A
1CDB
1D93
1E43
1EE9
1F86
2019
20A3
2122
2196
2200
225F
22B3
22FC
2339
236A
238E
23A7
23B3
23B3
23A5
238B
2363
232E
22EB
229B
223D
21D1
2158
20D0
203A
1F97
1EE5
1E25
1D59
1C7F
1B97
1AA2
199F
188F
1772
1648
1512
13D0
1282
1128
0FC4
0E55
0CDC
0B59
09CD
0839
069D
04FA
0350
01A1
FFEC
FE32
FC75
FAB5
F8F3
F72F
F56B
F3A7
F1E5
F024
EE67
ECAE
EAFA
E94B
E7A3
E602
E469
E2D9
E153
DFD8
DE68
DD05
DBB0
DA68
D92F
D806
D6ED
D5E5
D4EF
D40C
D33B
D27D
D1D4
D13F
D0BF
D055
D000
CFC1
CF99
CF87
CF8B
CFA7
CFD9
D022
D082
D0F8
D186
D229
D2E3
D3B3
D498
D592
D6A1
D7C4
D8FB
DA45
DBA1
DD0F
DE8E
E01D
E1BC
E369
E524
E6EB
E8BF
EA9D
EC86
EE77
F070
F270
F476
F680
F88E
FA9F
FCB1
FEC3
00D4
02E3
04F0
06F8
08FC
0AF9
0CF0
0EDE
10C4
12A0
1471
1637
17F0
199C
1B3B
1CCB
1E4C
1FBD
211F
226F
23AE
24DC
25F8
2701
27F8
28DC
29AE
2A6C
2B18
2BB0
2C36
2CA9
2D0A
2D57
2D92
2DBB
2DD2
2DD7
2DCC
2DB0
2D83
2D47
2CFC
2CA2
2C3B
2BC6
2B44
2AB7
2A1E
297B
28CE
2818
2759
2693
25C6
24F4
241B
233E
225E
217A
2094
1FAC
1EC5
1DDD
1CF6
1C0F
1B2A
1A47
1966
1889
17AF
16D9
1607
153A
1472
13AF
12F2
123B
1189
10DE
103A
0F9B
0F04
0E72
0DE7
0D63
0CE4
0C6C
0BFA
0B8E
0B27
0AC6
0A69
0A12
09C0
0972
0929
08E2
089E
085D
081E
07E0
07A4
0769
072E
06F3
06B8
067C
063F
0600
05C0
057D
0537
04EF
04A3
0454
0401
03AA
034E
02EE
0289
0220
01B1
013D
00C4
0046
FFC3
FF3A
FEAC
FE18
FD7F
FCE1
FC3E
FB96
FAEA
FA39
F985
F8CC
F810
F751
F68F
F5CB
F505
F43E
F375
F2AC
F1E2
F119
F051
EF8A
EEC5
EE02
ED42
EC85
EBCB
EB16
EA65
E9B9
E912
E870
E7D4
E73F
E6B0
E629
E5A9
E531
E4C2
E45A
E3FB
E3A5
E357
E313
E2D8
E2A6
E27D
E25E
E248
E23B
E237
E23D
E24B
E262
E282
E2AA
E2DA
E312
E351
E398
E3E5
E439
E491
E4EF
E552
E5BA
E626
E696
E70A
E780
E7F9
E874
E8F0
E96D
E9EB
EA68
EAE5
EB62
EBDC
EC55
ECCC
ED40
EDB1
EE1E
EE88
EEED
EF4E
EFAA
F001
F053
F09F
F0E6
F127
F163
F197
F1C6
F1EF
F212
F230
F247
F25A
F266
F26E
F270
F26E
F267
F25C
F24D
F23A
F224
F20B
F1F0
F1D2
F1B3
F193
F172
F151
F131
F111
F0F2
F0D5
F0BA
F0A2
F08D
F07C
F070
F069
F066
F06A
F074
F084
F09A
F0B9
F0DE
F10C
F142
F180
F1C7
F217
F26F
F2D2
F33D
F3B2
F430
F4B8
F54A
F5E4
F688
F735
F7EB
F8A9
F970
FA3E
FB15
FBF3
FCD8
FDC3
FEB4
FFAC
00A9
01AA
02AE
03B6
04C0
05CC
06D9
07E6
08F3
0A00
0B0A
0C13
0D18
0E19
0F16
100E
1100
11EB
12CF
13AB
147F
1549
160A
16C1
176C
180C
18A0
1927
19A2
1A0F
1A6E
1AC0
1B03
1B37
1B5C
1B72
1B79
1B70
1B58
1B31
1AFA
1AB4
1A5E
19F9
1986
1904
1873
17D4
1728
166E
15A8
14D5
13F6
130C
1218
1119
1011
0F00
0DE7
0CC7
0BA0
0A74
0942
080C
06D3
0597
0459
031B
01DD
00A0
FF65
FE2C
FCF6
FBC5
FA99
F973
F853
F73A
F629
F520
F421
F32C
F242
F162
F08E
EFC6
EF0B
EE5D
EDBC
ED29
ECA4
EC2E
EBC6
EB6E
EB25
EAEB
EAC1
EAA7
EA9D
EAA2
EAB7
EADC
EB10
EB53
EBA6
EC07
EC77
ECF5
ED82
EE1C
EEC3
EF77
F037
F104
F1DB
F2BE
F3AB
F4A2
F5A2
F6AA
F7BB
F8D4
F9F3
FB19
FC44
FD75
FEAA
FFE5
0122
0263
03A6
04EB
0631
0778
08BF
0A05
0B4A
0C8E
0DD0
0F10
104C
1185
12BA
13EB
1518
163F
1761
187E
1994
1AA5
1BAF
1CB2
1DAE
1EA3
1F91
2077
2156
222D
22FC
23C4
2483
253B
25EB
2693
2732
27CA
285A
28E1
2961
29D9
2A49
2AB1
2B11
2B6A
2BBB
2C04
2C46
2C81
2CB5
2CE1
2D06
2D24
2D3B
2D4B
2D55
2D57
2D53
2D49
2D37
2D1F
2D01
2CDC
2CB1
2C7F
2C47
2C08
2BC3
2B77
2B25
2ACD
2A6F
2A0A
299F
292D
28B6
2838
27B4
272A
2699
2603
2567
24C5
241D
236F
22BB
2202
2143
207F
1FB6
1EE7
1E13
1D3B
1C5D
1B7C
1A97
19AE
18C1
17D0
16DB
15E3
14E7
13E9
12E9
11E6
10E1
0FDB
0ED3
0DCB
0CC1
0BB8
0AAF
09A6
089F
0798
0694
0592
0492
0395
029C
01A7
00B6
FFCA
FEE4
FE03
FD28
FC56
FB8B
FAC7
FA0B
F957
F8AC
F80A
F771
F6E1
F65C
F5E0
F56E
F507
F4AB
F45A
F413
F3D8
F3A8
F383
F36A
F35C
F359
F361
F375
F393
F3BD
F3F1
F430
F479
F4CC
F529
F58F
F600
F679
F6FA
F783
F814
F8AC
F94B
F9F0
FA9A
FB4A
FBFE
FCB7
FD73
FE32
FEF3
FFB7
007B
0141
0206
02CB
038E
0451
0510
05CD
0687
073D
07EE
089A
0941
09E1
0A7B
0B0E
0B99
0C1C
0C96
0D08
0D70
0DCF
0E24
0E70
0EB0
0EE7
0F12
0F33
0F48
0F53
0F52
0F46
0F2F
0F0C
0EDE
0EA5
0E61
0E12
0DB9
0D54
0CE6
0C6D
0BEA
0B5E
0AC9
0A2A
0983
08D4
081D
075F
0699
05CE
04FC
0424
0347
0265
017F
0095
FFA7
FEB6
FDC2
FCCB
FBD3
FAD9
F9DE
F8E2
F7E6
F6E9
F5ED
F4F1
F3F6
F2FC
F204
F10D
F019
EF26
EE37
ED49
EC5F
EB78
EA95
E9B5
E8D9
E801
E72C
E65C
E590
E4C7
E403
E343
E287
E1CF
E11C
E06C
DFC1
DF1A
DE77
DDD8
DD3D
DCA6
DC12
DB83
DAF8
DA70
D9EC
D96B
D8EF
D876
D800
D78E
D720
D6B5
D64E
D5EA
D589
D52D
D4D4
D47E
D42D
D3DF
D396
D350
D30F
D2D3
D29B
D268
D23A
D211
D1EE
D1D1
D1BA
D1A9
D19F
D19B
D19F
D1AA
D1BC
D1D7
D1F9
D225
D258
D295
D2DB
D32B
D384
D3E7
D454
D4CC
D54D
D5DA
D671
D712
D7BF
D876
D938
DA05
DADD
DBBF
DCAC
DDA4
DEA5
DFB1
E0C6
E1E5
E30C
E43D
E576
E6B7
E7FF
E94E
EAA3
EBFE
ED5F
EEC4
F02D
F199
F306
F476
F5E6
F757
F8C7
FA36
FBA2
FD0B
FE70
FFCF
0129
027C
03C7
050A
0642
0770
0893
09A9
0AB2
0BAD
0C98
0D74
0E40
0EFA
0FA1
1037
10B8
1126
1180
11C4
11F2
120B
120C
11F6
11C9
1185
112B
10B9
1030
0F91
0EDB
0E0E
0D2C
0C33
0B25
0A02
08CB
0780
0622
04B2
0331
019F
FFFD
FE4D
FC8F
FAC5
F8F0
F710
F527
F337
F141
EF46
ED47
EB46
E943
E741
E542
E346
E14F
DF5E
DD76
DB97
D9C3
D7FB
D641
D495
D2FA
D171
CFFB
CE98
CD4B
CC13
CAF4
C9EC
C8FD
C829
C76F
C6D0
C64E
C5E8
C59F
C573
C566
C576
C5A4
C5F0
C65C
C6E6
C78D
C852
C934
CA33
CB4D
CC83
CDD3
CF3D
D0BF
D259
D40A
D5D0
D7AB
D998
DB97
DDA7
DFC5
E1F0
E427
E667
E8B1
EB01
ED56
EFAE
F208
F462
F6BA
F90E
FB5D
FDA4
FFE4
0218
0441
065C
0867
0A62
0C4A
0E1E
0FDD
1186
1317
148F
15EC
172F
1856
1960
1A4C
1B1A
1BC9
1C59
1CC9
1D19
1D49
1D59
1D48
1D17
1CC6
1C56
1BC6
1B17
1A4B
1960
1858
1734
15F5
149C
132A
11A1
1001
0E4C
0C84
0AAA
08BF
06C5
04BE
02AB
008E
FE68
FC3C
FA0B
F7D8
F5A3
F36E
F13C
EF0E
ECE6
EAC5
E8AE
E6A2
E4A2
E2B1
E0D0
DEFF
DD42
DB98
DA04
D887
D721
D5D5
D4A2
D38A
D28E
D1AE
D0EB
D046
CFBE
CF55
CF0A
CEDE
CED1
CEE3
CF13
CF61
CFCD
D056
D0FD
D1C0
D29E
D397
D4AA
D5D5
D719
D873
D9E3
DB66
DCFD
DEA7
E061
E229
E3FF
E5E0
E7CB
E9BE
EBB9
EDB8
EFBB
F1C0
F3C5
F5C9
F7CA
F9C6
FBBC
FDAA
FF8F
016A
0338
04F9
06AC
084E
09DF
0B5E
0CCA
0E21
0F63
108F
11A5
12A3
1389
1458
150E
15AB
162F
169A
16EB
1722
1740
1746
1733
1707
16C4
166A
15FA
1574
14D9
142B
136A
1297
11B3
10C0
0FBF
0EB1
0D97
0C73
0B46
0A11
08D7
0797
0655
0510
03CB
028A
014B
0010
FEDA
FDAB
FC84
FB67
FA53
F94C
F851
F765
F687
F5BA
F4FD
F452
F3BA
F335
F2C4
F267
F21F
F1EC
F1CF
F1C7
F1D5
F1F9
F233
F282
F2E7
F361
F3F0
F492
F549
F613
F6F1
F7E0
F8DF
F9EE
FB0C
FC37
FD6F
FEB2
FFFF
0154
02B2
0415
057D
06E8
0855
09C3
0B30
0C9A
0E00
0F61
10BB
120D
1355
1492
15C3
16E7
17FB
1900
19F3
1AD5
1BA3
1C5C
1D01
1D90
1E08
1E69
1EB2
1EE2
1EFA
1EF9
1EDE
1EA9
1E5B
1DF3
1D71
1CD6
1C21
1B54
1A6F
1971
185C
1731
15F0
149A
1330
11B3
1024
0E84
0CD5
0B17
094D
0776
0596
03AC
01BB
FFC5
FDC9
FBCB
F9CC
F7CC
F5CF
F3D5
F1DF
EFF1
EE0A
EC2D
EA5B
E895
E6DE
E535
E39E
E218
E0A5
DF47
DDFE
DCCB
DBB0
DAAD
D9C3
D8F3
D83D
D7A2
D723
D6BF
D677
D64D
D640
D64E
D679
D6C0
D722
D7A0
D839
D8ED
D9BA
DAA1
DBA0
DCB7
DDE5
DF29
E082
E1EF
E36F
E500
E6A1
E851
EA0F
EBD9
EDAE
EF8D
F173
F360
F552
F748
F93F
FB37
FD2E
FF22
0112
02FC
04DF
06BB
088C
0A52
0C0C
0DB7
0F55
10E2
125D
13C7
151D
1660
178D
18A5
19A7
1A91
1B64
1C1F
1CC2
1D4C
1DBD
1E15
1E54
1E7A
1E87
1E7B
1E57
1E1B
1DC7
1D5B
1CD9
1C40
1B92
1AD0
19FA
1912
1817
170B
15EF
14C5
138D
1248
10F7
0F9C
0E38
0CCC
0B59
09E0
0864
06E4
0562
03E0
025E
00DF
FF62
FDE9
FC75
FB08
F9A1
F843
F6EF
F5A5
F466
F332
F20B
F0F1
EFE5
EEE8
EDF9
ED1A
EC4B
EB8C
EADE
EA40
E9B3
E938
E8CD
E874
E82B
E7F4
E7CD
E7B6
E7AF
E7B8
E7D0
E7F7
E82C
E86E
E8BE
E919
E980
E9F2
EA6D
EAF2
EB7E
EC12
ECAB
ED4B
EDEE
EE95
EF3E
EFE9
F095
F140
F1EA
F292
F337
F3D8
F474
F50B
F59B
F624
F6A5
F71E
F78D
F7F3
F84E
F89F
F8E4
F91D
F94A
F96A
F97E
F984
F97E
F969
F946
F916
F8D9
F88E
F836
F7D1
F75F
F6E1
F656
F5C0
F51D
F470
F3B9
F2F7
F22B
F157
F07B
EF97
EEAC
EDBA
ECC4
EBC8
EAC9
E9C6
E8C0
E7B9
E6B1
E5A9
E4A2
E39C
E299
E198
E09B
DFA2
DEAE
DDC1
DCDA
DBFB
DB24
DA56
D991
D8D6
D826
D780
D6E6
D658
D5D7
D561
D4F9
D49F
D452
D412
D3E1
D3BD
D3A8
D3A1
D3A8
D3BD
D3E0
D411
D44F
D49B
D4F5
D55A
D5CC
D64A
D6D4
D76A
D80B
D8B6
D96C
DA2B
DAF4
DBC5
DC9F
DD81
DE69
DF59
E04F
E14A
E24A
E34F
E458
E564
E674
E785
E899
E9AE
EAC3
EBD9
ECEF
EE05
EF19
F02C
F13D
F24B
F356
F45E
F564
F665
F763
F85C
F951
FA42
FB2D
FC14
FCF5
FDD1
FEA7
FF78
0043
0107
01C7
0280
0333
03E0
0487
0528
05C4
0659
06E9
0773
07F7
0876
08EF
0963
09D2
0A3D
0AA3
0B05
0B62
0BBB
0C0F
0C60
0CAC
0CF4
0D38
0D78
0DB4
0DED
0E22
0E54
0E82
0EAD
0ED4
0EF7
0F18
0F35
0F4E
0F64
0F77
0F86
0F92
0F9A
0F9F
0FA0
0F9E
0F98
0F8E
0F82
0F73
0F5F
0F48
0F2D
0F0D
0EEA
0EC2
0E97
0E67
0E33
0DFA
0DBE
0D7E
0D39
0CF1
0CA4
0C54
0C00
0BA8
0B4C
0AEE
0A8C
0A26
09BE
0954
08E6
0877
0805
0792
071D
06A7
0630
05B8
053F
04C7
044F
03D8
0362
02ED
027B
020A
019C
0131
00C9
0065
0006
FFAB
FF55
FF04
FEB9
FE74
FE36
FDFE
FDCE
FDA5
FD84
FD6B
FD5B
FD53
FD54
FD5E
FD71
FD8E
FDB4
FDE4
FE1D
FE60
FEAE
FF05
FF66
FFD1
0046
00C4
014B
01DC
0275
0317
03C1
0474
052E
05EE
06B6
0784
0858
0931
0A0E
0AF0
0BD5
0CBE
0DA9
0E95
0F82
1070
115E
124B
1337
1422
1509
15ED
16CC
17A7
187D
194C
1A14
1AD5
1B8F
1C3F
1CE7
1D85
1E19
1EA3
1F21
1F95
1FFC
2058
20A8
20EA
2121
214A
2166
2175
2177
216C
2154
212F
20FD
20BF
2075
2020
1FBE
1F52
1EDA
1E58
1DCB
1D35
1C96
1BEF
1B40
1A8A
19CE
190C
1844
1779
16AB
15DA
1507
1433
1360
128D
11BC
10ED
1022
0F5B
0E99
0DDE
0D28
0C7B
0BD6
0B39
0AA8
0A21
09A6
0936
08D2
087C
0833
07F8
07CB
07AD
079D
079D
07AD
07CC
07FA
0839
0886
08E4
0951
09CD
0A57
0AF1
0B99
0C4E
0D11
0DE1
0EBD
0FA4
1096
1193
1298
13A6
14BD
15DB
16FF
1827
1952
1A81
1BB1
1CE1
1E11
1F3F
206A
2191
22B4
23CF
24E4
25EF
26F2
27E9
28D4
29B3
2A84
2B46
2BF8
2C99
2D28
2DA5
2E0F
2E64
2EA5
2ED0
2EE5
2EE3
2ECC
2E9D
2E57
2DF8
2D81
2CF1
2C48
2B87
2AAD
29BB
28B1
278E
2654
2502
239A
221C
2088
1EE0
1D23
1B53
1971
177D
1578
1365
1143
0F13
0CD8
0A92
0843
05EB
038C
0128
FEC0
FC56
F9EB
F77F
F514
F2AD
F049
EDEB
EB94
E945
E6FF
E4C5
E296
E075
DE62
DC5F
DA6D
D88D
D6C1
D508
D364
D1D6
D05E
CEFE
CDB6
CC87
CB71
CA75
C993
C8CB
C81F
C78D
C717
C6BD
C67D
C659
C650
C662
C68E
C6D5
C735
C7AF
C841
C8EC
C9AE
CA86
CB75
CC78
CD90
CEBB
CFF8
D146
D2A5
D412
D58D
D715
D8A8
DA45
DBEC
DD9A
DF4F
E109
E2C8
E489
E64B
E80D
E9CE
EB8E
ED4A
EF01
F0B3
F25F
F403
F59E
F72F
F8B6
FA31
FBA0
FD02
FE55
FF9A
00D0
01F6
030B
040F
0502
05E4
06B3
0770
081A
08B2
0937
09A9
0A09
0A56
0A91
0ABA
0AD1
0AD7
0ACB
0AAF
0A82
0A45
09F9
099E
0934
08BE
083A
07AA
070E
0668
05B7
04FD
043B
0371
02A0
01C8
00EB
000A
FF24
FE3C
FD51
FC65
FB78
FA8B
F99F
F8B4
F7CB
F6E6
F604
F526
F44D
F379
F2AA
F1E2
F120
F064
EFB0
EF02
EE5D
EDBF
ED2A
EC9D
EC18
EB9B
EB27
EABB
EA58
E9FC
E9A9
E95E
E91B
E8E0
E8AC
E87F
E859
E839
E820
E80D
E7FF
E7F6
E7F2
E7F3
E7F7
E7FF
E80A
E819
E829
E83C
E850
E865
E87B
E891
E8A7
E8BD
E8D3
E8E7
E8FA
E90B
E91A
E927
E931
E939
E93E
E940
E93F
E93B
E933
E928
E91A
E908
E8F2
E8D8
E8BB
E89A
E877
E850
E827
E7FB
E7CD
E79E
E76C
E738
E704
E6CE
E698
E662
E62B
E5F5
E5C0
E58B
E558
E526
E4F7
E4CA
E49F
E478
E454
E434
E417
E3FF
E3EB
E3DC
E3D2
E3CE
E3CE
E3D5
E3E1
E3F3
E40B
E42A
E44E
E478
E4A9
E4E0
E51D
E560
E5A8
E5F7
E64A
E6A4
E702
E765
E7CD
E839
E8A8
E91C
E993
EA0C
EA88
EB06
EB86
EC07
EC89
ED0B
ED8D
EE0F
EE8F
EF0F
EF8C
F007
F080
F0F5
F166
F1D3
F23B
F29F
F2FD
F355
F3A7
F3F2
F437
F474
F4AA
F4D9
F4FF
F51D
F533
F541
F546
F543
F537
F523
F506
F4E1
F4B3
F47E
F440
F3FA
F3AC
F358
F2FD
F29B
F234
F1C7
F155
F0DE
F064
EFE5
EF64
EEE0
EE5A
EDD2
ED4A
ECC1
EC39
EBB2
EB2D
EAA9
EA29
E9AC
E933
E8BE
E84F
E7E6
E783
E727
E6D3
E686
E642
E607
E5D4
E5AB
E58D
E578
E56F
E571
E57D
E596
E5BA
E5EA
E626
E66E
E6C2
E722
E78D
E805
E888
E916
E9B0
EA54
EB02
EBBB
EC7E
ED49
EE1E
EEFA
EFDE
F0C9
F1BA
F2B1
F3AD
F4AE
F5B1
F6B8
F7BF
F8C8
F9D1
FAD9
FBDF
FCE3
FDE4
FEE0
FFD8
00CA
01B5
0299
0376
0449
0513
05D2
0687
0730
07CD
085D
08E0
0955
09BC
0A14
0A5D
0A96
0AC0
0AD9
0AE2
0ADB
0AC3
0A9B
0A61
0A17
09BD
0951
08D5
0849
07AE
0702
0648
057E
04A7
03C2
02CF
01D0
00C5
FFAF
FE8F
FD65
FC32
FAF7
F9B5
F86C
F71F
F5CD
F477
F31F
F1C6
F06C
EF12
EDBA
EC65
EB12
E9C5
E87D
E73C
E602
E4D0
E3A8
E289
E176
E06F
DF75
DE88
DDA9
DCD9
DC18
DB68
DAC8
DA3A
D9BD
D952
D8FA
D8B4
D882
D862
D856
D85E
D879
D8A7
D8E9
D93E
D9A6
DA20
DAAD
DB4C
DBFD
DCBF
DD92
DE75
DF69
E06B
E17C
E29A
E3C6
E4FE
E642
E790
E8E8
EA4A
EBB3
ED23
EE9A
F016
F196
F319
F49F
F626
F7AD
F934
FAB9
FC3C
FDBB
FF35
00AA
0218
037E
04DC
0632
077C
08BD
09F1
0B19
0C34
0D42
0E41
0F31
1012
10E3
11A4
1254
12F2
1380
13FC
1466
14BE
1504
1537
1559
1568
1566
1551
152B
14F3
14AA
144F
13E6
136B
12E1
1248
11A0
10E9
1024
0F52
0E73
0D88
0C91
0B90
0A85
0970
0853
072D
0601
04CE
0396
0258
0117
FFD2
FE8A
FD41
FBF7
FAAD
F963
F81A
F6D3
F58F
F44F
F312
F1DB
F0AA
EF7E
EE5A
ED3C
EC26
EB18
EA13
E917
E824
E73C
E65E
E58B
E4C3
E407
E357
E2B2
E21A
E18F
E110
E09E
E038
DFE0
DF95
DF57
DF26
DF02
DEEC
DEE2
DEE5
DEF5
DF12
DF3B
DF71
DFB2
DFFF
E058
E0BD
E12C
E1A7
E22C
E2BC
E356
E3F9
E4A6
E55D
E61C
E6E4
E7B4
E88D
E96C
EA54
EB42
EC37
ED32
EE33
EF3A
F046
F157
F26D
F387
F4A5
F5C7
F6EC
F813
F93E
FA6A
FB99
FCC9
FDFB
FF2D
0060
0193
02C7
03FA
052C
065D
078E
08BC
09E9
0B13
0C3B
0D60
0E82
0FA1
10BC
11D3
12E5
13F3
14FC
1600
16FE
17F6
18E9
19D4
1ABA
1B99
1C70
1D41
1E09
1EC9
1F81
2030
20D6
2173
2206
2290
2310
2386
23F2
2453
24AA
24F6
2537
256D
2597
25B7
25CB
25D3
25D1
25C2
25A9
2583
2552
2516
24CE
247B
241D
23B4
2340
22C2
2238
21A5
2107
2060
1FAF
1EF5
1E32
1D67
1C94
1BB9
1AD7
19EF
1900
180B
1712
1613
1511
140B
1303
11F8
10EB
0FDE
0ED0
0DC2
0CB5
0BAA
0AA1
099B
0899
079B
06A1
05AE
04C0
03D9
02FA
0223
0154
008F
FFD4
FF22
FE7C
FDE1
FD51
FCCE
FC57
FBED
FB90
FB41
FAFF
FACB
FAA6
FA8F
FA86
FA8C
FAA0
FAC3
FAF4
FB34
FB82
FBDE
FC48
FCC0
FD46
FDD9
FE79
FF24
FFDC
009E
016C
0243
0324
040E
0500
05FA
06FA
0800
090C
0A1C
0B30
0C47
0D60
0E79
0F93
10AD
11C5
12DB
13ED
14FB
1604
1708
1804
18FA
19E6
1ACB
1BA6
1C76
1D3B
1DF3
1E9F
1F3D
1FCC
204D
20BF
2121
2173
21B4
21E4
2203
2211
220D
21F7
21CF
2196
214A
20ED
207E
1FFD
1F6B
1EC8
1E14
1D50
1C7C
1B99
1AA6
19A5
1897
177B
1654
1520
13E1
1299
1147
0FED
0E8B
0D22
0BB4
0A41
08CB
0751
05D6
045A
02DE
0164
FFEB
FE76
FD05
FB9A
FA35
F8D7
F781
F634
F4F1
F3B9
F28D
F16D
F05B
EF57
EE61
ED7C
ECA6
EBE1
EB2E
EA8C
E9FC
E97F
E915
E8BD
E879
E848
E82B
E821
E82B
E848
E879
E8BC
E912
E97B
E9F5
EA82
EB1F
EBCD
EC8C
ED5A
EE37
EF22
F01A
F11F
F230
F34C
F474
F5A4
F6DD
F81D
F964
FAB1
FC02
FD57
FEAE
0007
0160
02B9
0411
0567
06B9
0807
0950
0A93
0BCE
0D03
0E2E
0F50
1068
1175
1276
136B
1453
152E
15FB
16B9
1769
1809
189B
191C
198D
19ED
1A3D
1A7D
1AAC
1ACA
1AD8
1AD6
1AC3
1AA1
1A6F
1A2E
19DE
1980
1913
189A
1813
1780
16E2
1638
1585
14C7
1401
1333
125E
1182
10A0
0FB9
0ECF
0DE1
0CF0
0BFE
0B0B
0A18
0926
0836
0747
065C
0575
0492
03B4
02DC
020B
0141
007E
FFC4
FF13
FE6A
FDCC
FD37
FCAC
FC2D
FBB8
FB4E
FAEF
FA9C
FA54
FA18
F9E7
F9C2
F9A8
F999
F995
F99C
F9AE
F9CA
F9F0
FA20
FA59
FA9B
FAE5
FB36
FB8F
FBEE
FC54
FCBE
FD2E
FDA1
FE18
FE92
FF0E
FF8B
0009
0086
0103
017F
01F8
026F
02E2
0351
03BC
0421
0481
04DA
052C
0577
05BB
05F6
0629
0653
0673
068A
0698
069B
0694
0683
0668
0642
0611
05D6
0590
0540
04E5
0481
0412
039A
0318
028E
01FA
015F
00BB
0010
FF5E
FEA5
FDE7
FD23
FC5A
FB8C
FABB
F9E7
F911
F839
F760
F687
F5AE
F4D6
F400
F32C
F25B
F18E
F0C4
F000
EF41
EE89
EDD6
ED2B
EC88
EBED
EB5A
EAD0
EA50
E9DA
E96D
E90B
E8B3
E867
E825
E7EE
E7C1
E79F
E788
E77C
E77B
E785
E79A
E7BA
E7E4
E818
E856
E89D
E8EE
E947
E9A9
EA13
EA85
EAFD
EB7C
EC01
EC8B
ED1B
EDAE
EE45
EEDF
EF7C
F01A
F0B9
F159
F1F8
F297
F334
F3CC
F461
F4F3
F580
F609
F68C
F70A
F781
F7F1
F85A
F8BB
F913
F963
F9AA
F9E7
FA1B
FA44
FA64
FA79
FA83
FA83
FA78
FA62
FA42
FA17
F9E1
F9A1
F956
F902
F8A3
F83B
F7C9
F74E
F6CA
F63D
F5AA
F50F
F46D
F3C5
F318
F266
F1AF
F0F5
F038
EF78
EEB7
EDF4
ED31
EC6E
EBAD
EAED
EA2F
E975
E8BE
E80C
E75F
E6B8
E617
E57E
E4EC
E462
E3E1
E36A
E2FC
E29A
E243
E1F7
E1B7
E183
E15C
E141
E133
E133
E140
E15A
E182
E1B8
E1FC
E24E
E2AD
E31B
E395
E41D
E4B3
E555
E604
E6BF
E787
E85A
E938
EA21
EB14
EC11
ED17
EE26
EF3D
F05C
F182
F2AE
F3E0
F516
F651
F78E
F8CF
FA11
FB54
FC97
FDDA
FF1C
005C
019A
02D3
0409
053A
0665
078A
08A8
09BF
0ACD
0BD2
0CCE
0DC0
0EA7
0F83
1054
1118
11D1
127C
131A
13AB
142E
14A4
150B
1563
15AD
15E9
1615
1632
1641
1640
1631
1612
15E5
15A9
155F
1506
149E
1429
13A7
1316
1279
11CF
1119
1057
0F89
0EB0
0DCD
0CDF
0BE8
0AE7
09DF
08CE
07B6
0697
0572
0448
0318
01E4
00AC
FF70
FE33
FCF2
FBB1
FA6F
F92C
F7EA
F6A8
F568
F42A
F2EF
F1B7
F082
EF52
EE26
ECFF
EBDF
EAC4
E9B0
E8A3
E79E
E6A0
E5AB
E4BE
E3DA
E300
E22F
E169
E0AC
DFFB
DF54
DEB8
DE28
DDA3
DD2A
DCBE
DC5D
DC09
DBC1
DB86
DB57
DB36
DB21
DB1A
DB1F
DB32
DB52
DB7F
DBB9
DC00
DC54
DCB6
DD24
DD9F
DE27
DEBB
DF5B
E008
E0C1
E186
E258
E335
E41D
E511
E610
E71A
E82F
E94E
EA77
EBAB
ECE8
EE2E
EF7D
F0D5
F235
F39D
F50D
F685
F803
F988
FB12
FCA3
FE39
FFD4
0173
0316
04BD
0667
0813
09C2
0B72
0D23
0ED5
1087
1239
13EA
1599
1747
18F2
1A9A
1C3E
1DDF
1F7B
2111
22A3
242E
25B2
272F
28A5
2A12
2B76
2CD2
2E23
2F6B
30A8
31DA
3300
341A
3528
3629
371E
3804
38DD
39A7
3A63
3B10
3BAD
3C3C
3CBB
3D2B
3D8A
3DDA
3E1A
3E4A
3E69
3E79
3E78
3E68
3E47
3E16
3DD6
3D86
3D27
3CB9
3C3B
3BAF
3B15
3A6C
39B5
38F2
3821
3742
3658
3561
345F
3352
323B
3119
2FEF
2EBB
2D80
2C3C
2AF2
29A1
284A
26EE
258D
2428
22C0
2155
1FE8
1E7A
1D0A
1B9B
1A2B
18BD
1750
15E5
147D
1317
11B6
1059
0F00
0DAC
0C5E
0B15
09D3
0897
0762
0635
050F
03F1
02DC
01CE
00C9
FFCD
FEDA
FDEF
FD0D
FC35
FB65
FA9E
F9E0
F92B
F87F
F7DC
F741
F6AE
F623
F5A1
F526
F4B2
F446
F3E0
F381
F32A
F2D8
F28B
F244
F201
F1C3
F189
F152
F11E
F0ED
F0BF
F092
F067
F03D
F015
EFEC
EFC4
EF9B
EF72
EF48
EF1D
EEF0
EEC2
EE91
EE5E
EE29
EDF2
EDB7
ED7A
ED3A
ECF6
ECAF
EC66
EC1A
EBCA
EB77
EB21
EAC8
EA6C
EA0D
E9AC
E947
E8E1
E878
E80E
E7A2
E735
E6C7
E658
E5E9
E57B
E50C
E49F
E433
E3C8
E360
E2FA
E297
E238
E1DC
E185
E132
E0E5
E09D
E05A
E01D
DFE7
DFB8
DF90
DF71
DF5A
DF4C
DF46
DF4A
DF57
DF6E
DF90
DFBB
DFF1
E031
E07C
E0D2
E132
E19E
E214
E295
E321
E3B8
E459
E505
E5BA
E67A
E744
E818
E8F4
E9DA
EAC6
EBBB
ECB7
EDBB
EEC5
EFD6
F0EC
F208
F329
F44E
F577
F6A3
F7D2
F903
FA35
FB68
FC9B
FDCE
FF00
0030
015E
0289
03B1
04D5
05F4
070F
0823
0932
0A39
0B3A
0C33
0D23
0E0C
0EEC
0FC2
108F
1151
1209
12B6
1358
13EE
147A
14FA
156E
15D6
1633
1683
16C8
1701
172F
1751
1767
1772
1773
1768
1753
1734
170B
16D8
169C
1657
160A
15B6
155A
14F9
1492
1425
13B2
133B
12C0
1241
11BE
113A
10B3
102B
0FA2
0F19
0E90
0E08
0D82
0CFE
0C7C
0BFD
0B82
0B0B
0A99
0A2C
09C4
0962
0907
08B2
0865
081F
07E0
07AA
077C
0757
073A
0727
071C
071B
0723
0734
074F
0773
07A0
07D7
0816
085F
08B0
090A
096D
09D8
0A4A
0AC5
0B46
0BCF
0C5E
0CF4
0D90
0E31
0ED7
0F81
1030
10E3
1199
1251
130C
13C6
1481
153D
15FA
16B6
1772
182C
18E4
199B
1A4E
1AFE
1BAA
1C52
1CF6
1D94
1E2D
1EBF
1F4B
1FD0
204E
20C5
2133
2199
21F7
224B
2297
22D9
2312
2340
2365
2380
2390
2395
238F
237E
2364
233E
230F
22D5
2291
2243
21EB
2189
211D
20A7
2028
1F9F
1F0E
1E73
1DD0
1D24
1C71
1BB5
1AF2
1A28
1957
1880
17A2
16BE
15D5
14E7
13F4
12FD
1202
1104
1003
0EFF
0DF9
0CF1
0BE8
0ADE
09D4
08C9
07BF
06B6
05AE
04A8
03A4
02A2
01A3
00A7
FFAE
FEBA
FDCA
FCDF
FBF9
FB18
FA3E
F969
F89B
F7D3
F713
F65A
F5A9
F500
F45F
F3C8
F33A
F2B5
F239
F1C7
F15F
F100
F0AC
F062
F022
EFEE
EFC3
EFA4
EF90
EF86
EF88
EF95
EFAD
EFD0
EFFF
F038
F07D
F0CE
F129
F18F
F201
F27D
F304
F396
F432
F4D9
F58A
F646
F70B
F7DA
F8B3
F994
FA7E
FB71
FC6B
FD6D
FE77
FF88
009F
01BD
02E0
0409
0536
0668
079E
08D8
0A14
0B53
0C94
0DD6
0F19
105C
119F
12E1
1421
155F
169A
17D2
1906
1A36
1B60
1C84
1DA2
1EB8
1FC7
20CD
21CA
22BE
23A8
2486
255A
2622
26DD
278C
282D
28C1
2947
29BE
2A27
2A80
2AC9
2B03
2B2C
2B45
2B4D
2B45
2B2B
2B00
2AC4
2A76
2A18
29A7
2926
2893
27EE
2739
2672
259B
24B3
23BB
22B4
219C
2076
1F41
1DFE
1CAD
1B4F
19E4
186E
16EC
155F
13C9
1229
1081
0ED2
0D1B
0B5E
099C
07D6
060C
043F
0271
00A2
FED3
FD06
FB3B
F972
F7AE
F5EE
F433
F27F
F0D3
EF2E
ED93
EC01
EA7A
E8FE
E78E
E62B
E4D6
E38E
E256
E12D
E014
DF0B
DE14
DD2E
DC59
DB97
DAE8
DA4C
D9C3
D94D
D8EB
D89D
D863
D83E
D82D
D830
D846
D871
D8AF
D901
D966
D9DD
DA67
DB03
DBB1
DC6F
DD3F
DE1E
DF0D
E00A
E116
E22F
E355
E487
E5C4
E70B
E85D
E9B7
EB19
EC82
EDF2
EF67
F0E0
F25D
F3DE
F560
F6E4
F868
F9EC
FB6D
FCED
FE6A
FFE2
0156
02C4
042C
058D
06E6
0837
097E
0ABC
0BEF
0D18
0E35
0F46
104B
1142
122D
1309
13D8
1498
154A
15ED
1681
1706
177C
17E2
1839
1881
18BA
18E3
18FD
1909
1905
18F4
18D3
18A5
1868
181F
17C7
1763
16F3
1676
15ED
155A
14BB
1411
135E
12A1
11DB
110C
1036
0F57
0E72
0D86
0C94
0B9D
0AA0
099E
0898
078F
0682
0574
0463
0351
023D
0129
0015
FF01
FDEE
FCDB
FBCA
FABA
F9AD
F8A2
F79A
F694
F592
F493
F398
F2A1
F1AE
F0BF
EFD5
EEF0
EE0F
ED34
EC5D
EB8C
EAC1
E9F9
E937
E87B
E7C5
E714
E66A
E5C5
E527
E48E
E3FC
E370
E2EB
E26C
E1F3
E181
E116
E0B1
E053
DFFC
DFAB
DF62
DF1F
DEE4
DEB0
DE83
DE5D
DE3F
DE29
DE1A
DE13
DE13
DE1C
DE2C
DE44
DE65
DE8E
DEBF
DEF8
DF3A
DF85
DFD8
E034
E099
E107
E17D
E1FD
E286
E317
E3B2
E456
E503
E5B9
E678
E740
E810
E8EA
E9CC
EAB6
EBA9
ECA4
EDA7
EEB2
EFC4
F0DD
F1FE
F325
F453
F586
F6BF
F7FD
F940
FA86
FBD1
FD1E
FE6E
FFC0
0114
0269
03BD
0512
0666
07B7
0907
0A54
0B9D
0CE2
0E21
0F5B
108E
11BB
12DF
13FB
150D
1615
1713
1805
18EA
19C2
1A8D
1B4A
1BF8
1C97
1D27
1DA6
1E15
1E73
1EBF
1EF9
1F21
1F36
1F38
1F28
1F03
1ECC
1E80
1E21
1DAF
1D28
1C8E
1BE1
1B20
1A4C
1965
186C
1760
1643
1514
13D4
1282
1120
0FB0
0E30
0CA4
0B0A
0963
07B2
05F5
042F
0260
0089
FEAB
FCC6
FADD
F8EF
F6FE
F50B
F317
F123
EF2F
ED3E
EB4F
E964
E77E
E59E
E3C4
E1F3
E02A
DE6B
DCB6
DB0D
D970
D7E0
D65F
D4EB
D387
D233
D0EF
CFBC
CE9B
CD8C
CC8F
CBA5
CACE
CA0A
C95A
C8BD
C834
C7BF
C75E
C710
C6D6
C6B0
C69C
C69C
C6AE
C6D3
C709
C751
C7A9
C812
C88B
C913
C9AA
CA4E
CB00
CBBD
CC86
CD5A
CE38
CF1E
D00D
D103
D200
D302
D409
D514
D622
D733
D845
D957
DA6A
DB7B
DC8B
DD99
DEA3
DFAA
E0AC
E1A9
E2A0
E391
E47C
E55F
E63A
E70D
E7D7
E898
E94F
E9FD
EAA1
EB3B
EBCC
EC53
ECCF
ED42
EDAC
EE0B
EE61
EEAE
EEF2
EF2E
EF61
EF8D
EFB1
EFCE
EFE5
EFF6
F002
F008
F00B
F00A
F006
F000
EFF8
EFEF
EFE5
EFDC
EFD3
EFCB
EFC5
EFC2
EFC3
EFC8
EFD2
EFE1
EFF6
F012
F034
F05E
F08F
F0C9
F10B
F156
F1AA
F208
F26F
F2E0
F35B
F3E0
F46F
F508
F5AB
F658
F70E
F7CE
F896
F968
FA43
FB26
FC10
FD02
FDFB
FEFB
0000
010B
021A
032E
0444
055D
0678
0795
08B1
09CE
0AE9
0C02
0D18
0E2B
0F39
1043
1146
1242
1337
1424
1508
15E2
16B2
1777
1830
18DD
197D
1A10
1A96
1B0E
1B78
1BD2
1C1D
1C59
1C85
1CA1
1CAD
1CA9
1C95
1C71
1C3D
1BFA
1BA6
1B44
1AD3
1A53
19C5
192A
1881
17CC
170A
163E
1567
1485
139B
12A9
11AE
10AD
0FA7
0E9B
0D8D
0C7D
0B6A
0A55
0941
082D
071B
060B
04FE
03F6
02F4
01F7
0102
0014
FF2F
FE53
FD82
FCBB
FC00
FB52
FAB0
FA1B
F994
F91C
F8B2
F857
F80C
F7CF
F7A3
F787
F77A
F77D
F791
F7B5
F7E8
F82A
F87B
F8DC
F94A
F9C6
FA4F
FAE6
FB88
FC36
FCEF
FDB2
FE7E
FF52
002F
0112
01FB
02EA
03DC
04D1
05C9
06C2
07BB
08B3
09AA
0A9E
0B8E
0C79
0D5F
0E3E
0F15
0FE3
10A8
1163
1213
12B7
1350
13DB
1459
14C9
152A
157C
15BF
15F2
1615
1627
1629
161A
15FA
15CA
1589
1538
14D7
1465
13E4
1353
12B4
1207
114B
1083
0FAE
0ECD
0DE1
0CEB
0BEC
0AE4
09D5
08C0
07A5
0686
0563
043E
0318
01F2
00CC
FFA9
FE89
FD6D
FC57
FB47
FA3F
F93F
F848
F75D
F67D
F5A9
F4E3
F42B
F382
F2E9
F261
F1EA
F185
F133
F0F6
F0CC
F0B6
F0B5
F0C8
F0F0
F12C
F17E
F1E4
F260
F2F0
F395
F44E
F51B
F5FB
F6EF
F7F5
F90E
FA37
FB72
FCBC
FE15
FF7D
00F2
0273
0400
0597
0737
08DF
0A8F
0C44
0DFE
0FBC
117D
133E
14FF
16BF
187C
1A34
1BE8
1D94
1F3A
20D6
2269
23F1
256D
26DB
283C
298E
2AD0
2C02
2D22
2E30
2F2B
3013
30E7
31A6
3250
32E5
3364
33CE
3421
345E
3484
3494
348D
3470
343C
33F3
3394
3320
3297
31F9
3148
3084
2FAD
2EC4
2DCA
2CC0
2BA6
2A7D
2947
2804
26B4
255A
23F6
2289
2113
1F97
1E14
1C8D
1B02
1974
17E4
1653
14C2
1332
11A4
1019
0E92
0D0F
0B91
0A1A
08A9
0740
05E0
0488
0339
01F4
00BA
FF8A
FE66
FD4D
FC40
FB3F
FA4B
F962
F886
F7B6
F6F2
F63B
F590
F4F0
F45D
F3D5
F358
F2E5
F27D
F21F
F1CB
F17F
F13D
F102
F0CE
F0A1
F07B
F05A
F03E
F026
F012
F001
EFF3
EFE7
EFDB
EFD1
EFC6
EFBB
EFB0
EFA2
EF92
EF80
EF6B
EF52
EF36
EF15
EEF0
EEC6
EE98
EE64
EE2A
EDEA
EDA4
ED59
ED08
ECB2
EC56
EBF5
EB8F
EB25
EAB5
EA42
E9CB
E950
E8D3
E853
E7D1
E74D
E6C8
E643
E5BE
E539
E4B7
E436
E3B8
E33D
E2C6
E254
E1E7
E181
E121
E0C8
E078
E02F
DFEF
DFB9
DF8E
DF6D
DF58
DF4F
DF52
DF62
DF7E
DFA9
DFE1
E027
E07B
E0DD
E14E
E1CD
E25B
E2F6
E3A0
E458
E51D
E5F0
E6D0
E7BD
E8B6
E9BB
EACB
EBE5
ED0A
EE38
EF6E
F0AC
F1F0
F33B
F48B
F5DF
F736
F88F
F9EA
FB46
FCA0
FDF9
FF4F
00A2
01EF
0337
0478
05B1
06E2
0808
0923
0A33
0B36
0C2C
0D13
0DEB
0EB4
0F6B
1011
10A5
1127
1196
11F1
1238
126A
1288
1292
1287
1266
1231
11E7
1188
1114
108C
0FF0
0F40
0E7D
0DA8
0CC0
0BC6
0ABC
09A2
0878
0740
05FB
04A9
034B
01E3
0072
FEF9
FD78
FBF2
FA67
F8D9
F749
F5B8
F428
F29A
F10F
EF89
EE08
EC8F
EB1D
E9B6
E858
E707
E5C3
E48D
E366
E24F
E14A
E057
DF76
DEAA
DDF2
DD4F
DCC3
DC4D
DBED
DBA6
DB76
DB5E
DB5E
DB78
DBA9
DBF3
DC56
DCD2
DD67
DE13
DED7
DFB2
E0A3
E1AB
E2C8
E3F9
E53F
E697
E802
E97F
EB0B
ECA7
EE51
F008
F1CC
F39A
F571
F751
F938
FB25
FD16
FF0B
0101
02F8
04EE
06E2
08D3
0ABF
0CA5
0E84
105B
1228
13EA
15A1
174A
18E6
1A73
1BF0
1D5C
1EB7
1FFF
2134
2256
2363
245B
253E
260B
26C2
2762
27EC
2860
28BC
2902
2932
294B
294D
293A
2911
28D3
2880
2819
279D
270F
266E
25BD
24FB
2429
2348
225A
215E
2057
1F44
1E27
1D02
1BD4
1AA0
1966
1826
16E4
159E
1457
1310
11C9
1083
0F40
0E01
0CC6
0B90
0A61
0939
0819
0701
05F4
04F0
03F8
030B
022A
0157
0090
FFD8
FF2D
FE92
FE05
FD87
FD18
FCB8
FC68
FC28
FBF6
FBD5
FBC2
FBBE
FBC9
FBE3
FC0A
FC40
FC83
FCD2
FD2F
FD97
FE0B
FE89
FF12
FFA4
003F
00E2
018D
023E
02F6
03B3
0474
053A
0603
06CE
079B
086A
0939
0A08
0AD6
0BA3
0C6D
0D36
0DFB
0EBC
0F79
1032
10E6
1194
123C
12DE
1379
140E
149B
1522
15A0
1617
1687
16EF
174F
17A6
17F6
183E
187F
18B7
18E8
1911
1933
194E
1963
1970
1977
1978
1974
196A
195A
1946
192E
1911
18F1
18CD
18A6
187C
1850
1821
17F1
17BF
178D
1759
1725
16F2
16BF
168C
165A
1628
15F7
15C6
1596
1567
1539
150C
14E0
14B5
148B
1462
1439
1411
13EA
13C3
139C
1376
134F
1327
12FF
12D6
12AB
127F
1251
1221
11EE
11B9
1180
1145
1107
10C4
107C
1030
0FDF
0F89
0F2D
0ECA
0E62
0DF3
0D7E
0D01
0C7E
0BF3
0B61
0AC8
0A27
097F
08CF
0817
0758
0692
05C4
04EF
0413
0330
0247
0157
0061
FF66
FE65
FD60
FC55
FB47
FA36
F921
F80A
F6F1
F5D6
F4BA
F39F
F283
F168
F04F
EF38
EE24
ED13
EC06
EAFE
E9FB
E8FE
E807
E717
E62F
E54F
E478
E3AB
E2E7
E22D
E17E
E0DA
E042
DFB5
DF36
DEC3
DE5D
DE04
DDB8
DD7A
DD49
DD26
DD11
DD09
DD0E
DD21
DD42
DD6F
DDAA
DDF1
DE44
DEA4
DF0F
DF85
E005
E090
E125
E1C2
E269
E317
E3CC
E487
E549
E60F
E6DA
E7A9
E87B
E94F
EA24
EAF9
EBCE
ECA2
ED74
EE44
EF10
EFD8
F09A
F158
F20F
F2BF
F368
F409
F4A1
F531
F5B6
F632
F6A3
F70A
F765
F7B5
F7FA
F833
F860
F881
F896
F89F
F89D
F88E
F873
F84D
F81C
F7E0
F799
F748
F6EE
F68A
F61E
F5AA
F52D
F4AB
F421
F393
F2FF
F267
F1CC
F12E
F08F
EFEF
EF4E
EEAE
EE10
ED75
ECDC
EC48
EBB8
EB2F
EAAC
EA31
E9BD
E953
E8F2
E89C
E851
E811
E7DF
E7B9
E7A1
E797
E79C
E7AF
E7D2
E804
E846
E897
E8F9
E96A
E9EC
EA7D
EB1F
EBCF
EC90
ED5F
EE3D
EF2A
F024
F12C
F240
F361
F48E
F5C5
F706
F851
F9A5
FB01
FC64
FDCD
FF3B
00AD
0222
0399
0511
0689
0800
0975
0AE6
0C54
0DBC
0F1D
1078
11CA
1312
1450
1583
16A9
17C2
18CD
19CA
1AB6
1B93
1C5E
1D17
1DBE
1E52
1ED3
1F40
1F99
1FDE
200D
2028
202E
201E
1FF9
1FBF
1F6F
1F0B
1E91
1E04
1D61
1CAC
1BE2
1B06
1A18
1917
1806
16E4
15B3
1473
1324
11C9
1061
0EEE
0D71
0BEA
0A5B
08C5
0728
0586
03E0
0237
008C
FEE1
FD35
FB8B
F9E3
F83E
F69E
F503
F36F
F1E1
F05C
EEDF
ED6D
EC05
EAA8
E957
E813
E6DC
E5B4
E499
E38D
E291
E1A4
E0C8
DFFB
DF3F
DE94
DDF9
DD6F
DCF5
DC8C
DC34
DBEC
DBB5
DB8E
DB76
DB6E
DB75
DB8A
DBAE
DBDF
DC1D
DC68
DCBF
DD21
DD8D
DE04
DE84
DF0C
DF9C
E033
E0D0
E173
E21A
E2C6
E375
E427
E4DA
E58E
E643
E6F8
E7AB
E85D
E90D
E9BA
EA64
EB0A
EBAB
EC48
ECE0
ED72
EDFE
EE84
EF03
EF7C
EFED
F057
F0BA
F116
F16A
F1B7
F1FC
F23A
F271
F2A1
F2CB
F2ED
F30A
F320
F331
F33D
F343
F345
F344
F340
F339
F32F
F323
F315
F306
F2F7
F2E8
F2DA
F2CC
F2C0
F2B6
F2AF
F2AB
F2AA
F2AE
F2B5
F2C2
F2D4
F2EB
F309
F32D
F357
F388
F3C0
F3FF
F445
F493
F4E9
F546
F5AB
F618
F68D
F70A
F78D
F817
F8A9
F940
F9DE
FA82
FB2B
FBD9
FC8C
FD43
FDFE
FEBD
FF7D
0041
0105
01CB
0291
0357
041C
04E0
05A1
0660
071B
07D3
0885
0933
09DA
0A7B
0B14
0BA7
0C31
0CB3
0D2B
0D98
0DFC
0E54
0EA1
0EE2
0F17
0F40
0F5C
0F6B
0F6C
0F61
0F47
0F21
0EEC
0EAA
0E5B
0DFE
0D94
0D1C
0C98
0C07
0B6A
0AC0
0A0B
094B
0880
07AA
06CB
05E4
04F4
03FD
02FE
01F8
00EC
FFDB
FEC5
FDAB
FC8E
FB6E
FA4D
F92A
F807
F6E4
F5C3
F4A3
F385
F26B
F155
F043
EF37
EE30
ED30
EC36
EB45
EA5B
E97A
E8A2
E7D3
E70F
E654
E5A6
E503
E46B
E3DE
E35D
E2E8
E27E
E221
E1CF
E189
E14E
E120
E0FD
E0E5
E0D8
E0D7
E0DF
E0F3
E110
E137
E167
E19F
E1E0
E229
E27A
E2D1
E32E
E391
E3FA
E467
E4D8
E54D
E5C4
E63E
E6B9
E736
E7B4
E831
E8AE
E92A
E9A4
EA1D
EA92
EB05
EB75
EBE1
EC49
ECAC
ED0B
ED64
EDB8
EE07
EE50
EE93
EED0
EF07
EF37
EF62
EF86
EFA4
EFBC
EFCE
EFDA
EFE0
EFE0
EFDB
EFD0
EFC1
EFAD
EF95
EF79
EF5A
EF38
EF13
EEEB
EEC2
EE97
EE6B
EE3F
EE12
EDE5
EDB9
ED8E
ED64
ED3C
ED16
ECF3
ECD3
ECB6
EC9D
EC87
EC77
EC6A
EC63
EC60
EC63
EC6C
EC7A
EC8F
ECA9
ECC9
ECF0
ED1C
ED4E
ED87
EDC5
EE09
EE53
EEA3
EEF7
EF51
EFAF
F011
F078
F0E3
F151
F1C1
F235
F2AA
F321
F39A
F413
F48C
F505
F57D
F5F4
F669
F6DB
F74B
F7B8
F821
F886
F8E5
F93F
F993
F9E0
FA27
FA66
FA9D
FACD
FAF4
FB13
FB28
FB35
FB38
FB32
FB22
FB09
FAE5
FAB8
FA81
FA41
F9F7
F9A3
F946
F8E0
F870
F7F9
F779
F6F1
F662
F5CB
F52E
F48B
F3E2
F333
F280
F1C8
F10D
F04F
EF8E
EECC
EE09
ED45
EC82
EBBF
EAFF
EA40
E985
E8CE
E81A
E76C
E6C4
E622
E587
E4F3
E467
E3E4
E36B
E2FA
E294
E238
E1E8
E1A2
E168
E13A
E118
E102
E0F8
E0FA
E109
E123
E14B
E17E
E1BD
E209
E25F
E2C1
E32E
E3A6
E428
E4B3
E548
E5E5
E68B
E738
E7EB
E8A5
E965
EA29
EAF1
EBBC
EC8A
ED59
EE28
EEF8
EFC6
F093
F15D
F223
F2E5
F3A2
F459
F509
F5B2
F653
F6EA
F778
F7FC
F875
F8E2
F943
F998
F9DF
FA19
FA45
FA63
FA72
FA73
FA64
FA47
FA1A
F9DE
F993
F939
F8D0
F856
F7CE
F738
F694
F5E2
F523
F458
F380
F29D
F1B0
F0B8
EFB7
EEAD
ED9C
EC84
EB66
EA42
E91B
E7F0
E6C4
E595
E467
E33A
E20E
E0E5
DFC0
DEA0
DD86
DC73
DB67
DA65
D96C
D87D
D799
D6C2
D5F8
D53C
D48F
D3F1
D364
D2E7
D27C
D222
D1DB
D1A7
D185
D177
D17D
D196
D1C4
D205
D25A
D2C3
D340
D3D0
D474
D52A
D5F3
D6CE
D7BB
D8B9
D9C7
DAE6
DC13
DD4F
DE98
DFEE
E150
E2BC
E432
E5B1
E738
E8C6
EA59
EBF1
ED8D
EF2B
F0CA
F26A
F409
F5A6
F740
F8D6
FA66
FBF1
FD74
FEEF
0061
01C9
0326
0477
05BB
06F2
081A
0934
0A3E
0B39
0C24
0CFD
0DC5
0E7B
0F1F
0FAF
102D
1099
10F1
1135
1167
1186
1192
118C
1173
1148
110C
10BE
1060
0FF1
0F73
0EE6
0E4B
0DA2
0CED
0C2B
0B5E
0A87
09A6
08BD
07CC
06D7
05DB
04DB
03D7
02D1
01C8
00BF
FFB6
FEAD
FDA7
FCA4
FBA4
FAA9
F9B3
F8C3
F7DB
F6FA
F622
F553
F48D
F3D2
F322
F27E
F1E5
F158
F0D8
F065
EFFF
EFA6
EF5B
EF1E
EEEE
EECB
EEB6
EEAF
EEB5
EEC7
EEE7
EF13
EF4C
EF90
EFDF
F03A
F09F
F10F
F188
F209
F293
F325
F3BE
F45E
F503
F5AD
F65C
F70F
F7C4
F87C
F935
F9F0
FAAA
FB64
FC1D
FCD3
FD87
FE36
FEE1
FF87
0027
00C2
0157
01E5
026C
02EB
0363
03D2
0439
0497
04EC
0538
057B
05B5
05E6
060D
062C
0641
064D
0651
064D
0640
062B
060E
05EB
05C1
0590
0559
051D
04DB
0494
0449
03FB
03AA
0357
0302
02AC
0255
01FF
01AA
0156
0104
00B4
0068
0020
FFDC
FF9D
FF64
FF30
FF03
FEDD
FEBF
FEA8
FE9A
FE94
FE97
FEA3
FEB8
FED8
FF01
FF34
FF71
FFB9
000A
0066
00CB
013B
01B4
0237
02C3
0358
03F6
049D
054C
0604
06C2
0788
0854
0927
09FF
0ADD
0BC0
0CA6
0D91
0E7E
0F6E
105F
1153
1246
133A
142E
1520
1611
16FF
17EB
18D3
19B7
1A97
1B71
1C46
1D15
1DDE
1E9F
1F59
200C
20B7
2159
21F2
2283
230B
2389
23FE
246A
24CC
2524
2572
25B7
25F2
2623
264B
266A
267F
268B
268E
2688
267A
2664
2646
2620
25F3
25BF
2584
2542
24FB
24AE
245C
2405
23AA
234A
22E7
2280
2216
21A9
213A
20C9
2056
1FE1
1F6C
1EF5
1E7D
1E05
1D8D
1D14
1C9C
1C23
1BAA
1B32
1ABB
1A45
19CE
1957
18E1
186B
17F4
177D
1706
168E
1616
159C
1522
14A6
1428
13A8
1326
12A2
121B
1190
1102
1071
0FDB
0F41
0EA2
0DFE
0D55
0CA6
0BF2
0B37
0A75
09AD
08DF
080A
072D
0648
055C
0468
036D
0269
015E
004B
FF31
FE0F
FCE5
FBB5
FA7D
F93F
F7FB
F6B1
F561
F40D
F2B4
F157
EFF6
EE93
ED2E
EBC8
EA60
E8F9
E793
E62E
E4CC
E36D
E213
E0BE
DF6F
DE27
DCE7
DBAF
DA82
D95F
D848
D73E
D641
D552
D473
D3A4
D2E6
D23A
D1A0
D11A
D0A8
D04A
D003
CFD1
CFB6
CFB3
CFC7
CFF3
D038
D095
D10C
D19C
D246
D309
D3E7
D4DF
D5F1
D71C
D861
D9BE
DB34
DCC2
DE68
E025
E1F9
E3E2
E5E0
E7F2
EA18
EC50
EE9A
F0F4
F35D
F5D4
F858
FAE8
FD82
0026
02D1
0583
083B
0AF5
0DB3
1071
132F
15EA
18A4
1B5A
1E09
20B0
234F
25E3
286C
2AE7
2D55
2FB2
31FF
343B
3663
3877
3A76
3C5F
3E30
3FEA
418C
4314
4482
45D5
470D
482A
492A
4A0F
4AD7
4B82
4C11
4C83
4CD8
4D11
4D2E
4D30
4D16
4CE1
4C91
4C27
4BA4
4B08
4A53
4988
48A6
47AF
46A3
4583
4451
430D
41B9
4055
3EE4
3D65
3BDB
3A47
38A9
3703
3556
33A3
31ED
3033
2E77
2CBB
2AFF
2945
278E
25DC
242E
2287
20E7
1F4F
1DC0
1C3B
1AC0
1951
17EE
1698
1550
1415
12E9
11CC
10BE
0FBF
0ED0
0DF1
0D23
0C64
0BB5
0B17
0A88
0A09
099A
093A
08E9
08A6
0871
084A
082F
0821
081F
0828
083C
0859
0880
08AF
08E6
0924
0968
09B1
09FF
0A51
0AA6
0AFE
0B56
0BB0
0C09
0C62
0CB9
0D0E
0D61
0DB0
0DFB
0E41
0E82
0EBE
0EF3
0F22
0F4A
0F6B
0F83
0F93
0F9C
0F9C
0F94
0F83
0F6B
0F49
0F20
0EEE
0EB4
0E72
0E29
0DD8
0D80
0D21
0CBC
0C50
0BE0
0B6A
0AEF
0A71
09EF
096A
08E3
085A
07D0
0745
06BA
0630
05A8
0521
049D
041D
03A0
0328
02B5
0247
01E0
0180
0126
00D4
0089
0047
000D
FFDC
FFB4
FF95
FF80
FF73
FF70
FF77
FF87
FFA0
FFC2
FFED
0021
005D
00A2
00EE
0142
019D
01FF
0266
02D3
0346
03BD
0437
04B5
0536
05B8
063C
06C0
0744
07C7
0848
08C6
0941
09B8
0A2A
0A96
0AFC
0B5B
0BB1
0BFF
0C44
0C7F
0CAF
0CD4
0CEE
0CFA
0CFB
0CEE
0CD3
0CAA
0C73
0C2C
0BD6
0B71
0AFD
0A7A
09E7
0945
0894
07D3
0704
0626
0539
043F
0337
0222
00FF
FFD1
FE97
FD53
FC04
FAAB
F949
F7E0
F66F
F4F7
F37A
F1F9
F073
EEEB
ED61
EBD6
EA4A
E8C1
E739
E5B4
E432
E2B5
E13E
DFCD
DE64
DD03
DBAA
DA5C
D918
D7E0
D6B4
D595
D483
D37F
D28A
D1A4
D0CD
D007
CF51
CEAB
CE16
CD92
CD20
CCBE
CC6E
CC30
CC02
CBE5
CBD9
CBE0
CBF7
CC1E
CC54
CC99
CCEC
CD4E
CDBC
CE38
CEBF
CF52
CFF0
D097
D148
D201
D2C1
D388
D454
D526
D5FC
D6D4
D7B0
D88C
D96A
DA47
DB23
DBFD
DCD4
DDA8
DE77
DF42
E007
E0C5
E17C
E22C
E2D3
E372
E408
E495
E518
E591
E5FF
E663
E6BD
E70B
E74F
E787
E7B5
E7D8
E7F1
E7FF
E803
E7FD
E7EE
E7D6
E7B5
E78C
E75C
E725
E6E8
E6A5
E65D
E611
E5C1
E56C
E516
E4BF
E467
E411
E3BC
E369
E31A
E2CF
E289
E248
E20E
E1DB
E1B1
E18F
E176
E167
E163
E16B
E17E
E19D
E1C9
E202
E249
E29E
E300
E371
E3F0
E47E
E51A
E5C4
E67D
E743
E817
E8F9
E9E8
EAE5
EBEE
ED04
EE25
EF51
F088
F1C9
F313
F465
F5BE
F71E
F884
F9EE
FB5B
FCCC
FE3E
FFB0
0122
0292
03FF
0569
06CD
082B
0982
0AD0
0C15
0D50
0E7E
0F9F
10B2
11B6
12AB
138E
1461
1521
15CE
1668
16ED
175D
17B8
17FD
182C
1844
1845
182F
1802
17BE
1762
16EF
1665
15C5
150E
1440
135E
1266
1159
1039
0F05
0DBF
0C68
0AFE
0985
07FD
0667
04C5
0318
0160
FF9E
FDD6
FC06
FA32
F859
F67E
F4A1
F2C5
F0EA
EF12
ED3E
EB70
E9A8
E7E9
E633
E488
E2E9
E157
DFD3
DE5F
DCFB
DBA9
DA6A
D93E
D826
D725
D639
D565
D4A7
D402
D374
D300
D2A4
D262
D239
D22A
D235
D258
D296
D2EC
D35B
D3E3
D482
D53A
D608
D6EC
D7E6
D8F5
DA17
DB4D
DC95
DDEE
DF57
E0CF
E254
E3E7
E585
E72E
E8E0
EA9A
EC5A
EE1F
EFE9
F1B5
F382
F54F
F71B
F8E4
FAA9
FC68
FE22
FFD3
017C
031A
04AE
0635
07AF
091A
0A77
0BC4
0CFF
0E2A
0F41
1046
1138
1216
12DF
1393
1433
14BC
1530
158E
15D7
160A
1627
1630
1623
1602
15CD
1583
1526
14B7
1435
13A1
12FD
1249
1185
10B3
0FD3
0EE7
0DEF
0CEC
0BDF
0ACA
09AD
0889
075F
0631
0500
03CC
0297
0162
002D
FEFA
FDCA
FC9E
FB75
FA53
F937
F822
F715
F611
F517
F427
F343
F269
F19C
F0DC
F029
EF83
EEEB
EE62
EDE7
ED7A
ED1D
ECCE
EC8E
EC5D
EC3B
EC27
EC22
EC2B
EC43
EC69
EC9D
ECDE
ED2B
ED84
EDE8
EE56
EECF
EF51
EFDC
F06F
F10A
F1AB
F252
F2FF
F3B0
F465
F51D
F5D7
F693
F750
F80D
F8C9
F985
FA3E
FAF4
FBA8
FC57
FD03
FDA9
FE4A
FEE5
FF79
0007
008E
010D
0184
01F3
0259
02B7
030D
035A
039E
03D9
040C
0436
0458
0472
0484
048E
0492
048E
0483
0473
045C
0441
0421
03FC
03D4
03A9
037C
034C
031B
02EA
02B6
0283
0251
0220
01F2
01C6
019D
0179
0159
013F
012A
011C
0114
0114
011C
012C
0145
0166
0192
01C7
0205
024E
02A2
0300
0368
03DB
0459
04E1
0574
0611
06B8
0769
0822
08E3
09AD
0A80
0B5A
0C3B
0D23
0E10
0F04
0FFC
10F8
11F8
12FB
1400
1506
160D
1713
1819
191C
1A1D
1B1A
1C13
1D07
1DF5
1EDC
1FBB
2092
215F
2223
22DC
2389
242A
24BC
2542
25B8
2620
2679
26C2
26FA
2721
2737
273C
272E
270F
26DD
2698
2641
25D7
255A
24CA
2428
2373
22AC
21D3
20E9
1FEC
1EDF
1DC1
1C93
1B56
1A0A
18AF
1747
15D2
144F
12C2
112A
0F88
0DDD
0C2A
0A71
08B1
06EC
0524
0358
018A
FFBB
FDEC
FC1E
FA53
F88A
F6C5
F506
F34D
F19B
EFF1
EE50
ECB8
EB2C
E9AC
E838
E6D1
E579
E42F
E2F5
E1CB
E0B3
DFAC
DEB6
DDD3
DD03
DC45
DB9B
DB05
DA83
DA15
D9BB
D975
D944
D927
D91F
D92B
D94B
D97F
D9C6
DA21
DA8F
DB0F
DBA2
DC46
DCFB
DDC1
DE97
DF7C
E070
E172
E281
E39C
E4C5
E5F8
E735
E87B
E9CA
EB20
EC7C
EDDD
EF43
F0AD
F219
F386
F4F4
F662
F7CF
F93A
FAA1
FC05
FD63
FEBC
000F
015A
029C
03D6
0506
062C
0746
0855
0958
0A4D
0B35
0C10
0CDC
0D99
0E47
0EE6
0F75
0FF4
1063
10C2
1110
114E
117C
1199
11A5
11A2
118E
116B
1138
10F5
10A4
1043
0FD5
0F59
0ECF
0E38
0D95
0CE7
0C2D
0B69
0A9B
09C4
08E5
07FE
070F
061A
0520
0421
031F
021A
0113
000B
FF03
FDFC
FCF6
FBF3
FAF4
F9F9
F903
F814
F72B
F64B
F573
F4A5
F3E1
F329
F27C
F1DD
F14A
F0C6
F051
EFEB
EF95
EF50
EF1C
EEF9
EEE9
EEEC
EF01
EF29
EF65
EFB4
F018
F08F
F11A
F1BA
F26D
F335
F411
F501
F605
F71C
F847
F985
FAD5
FC38
FDAD
FF33
00CA
0271
0428
05EE
07C3
09A5
0B95
0D90
0F97
11A9
13C6
15EB
1819
1A4E
1C88
1EC8
210C
2354
259D
27E7
2A31
2C7A
2EC1
3104
3343
357D
37B0
39DC
3BFF
3E18
4027
422A
4420
4609
47E3
49AE
4B68
4D12
4EA9
502D
519E
52FB
5442
5574
568F
5794
5882
5958
5A16
5ABC
5B4A
5BBF
5C1B
5C5F
5C89
5C9B
5C94
5C74
5C3C
5BEB
5B82
5B02
5A6B
59BC
58F8
581D
572E
5629
5511
53E6
52A9
515A
4FFA
4E8A
4D09
4B7A
49DE
4836
4682
44C4
42FD
412E
3F58
3D7D
3B9C
39B8
37D1
35E9
3400
3218
3032
2E4F
2C70
2A96
28C2
26F4
252F
2372
21BF
2017
1E7A
1CE9
1B65
19EF
1887
172D
15E3
14A9
137F
1266
115E
1067
0F81
0EAD
0DEB
0D3B
0C9C
0C0E
0B92
0B26
0ACC
0A82
0A48
0A1D
0A01
09F4
09F4
0A02
0A1C
0A41
0A72
0AAD
0AF1
0B3D
0B91
0BEB
0C4B
0CB0
0D19
0D86
0DF4
0E63
0ED2
0F40
0FAC
1016
107B
10DB
1136
118A
11D6
121A
1255
1285
12AB
12C6
12D4
12D6
12CA
12B1
1289
1253
120E
11BA
1156
10E2
105F
0FCC
0F2A
0E78
0DB6
0CE5
0C05
0B16
0A18
090D
07F5
06D0
059F
0463
031C
01CC
0073
FF12
FDAB
FC3D
FACB
F956
F7DD
F664
F4EA
F371
F1FB
F087
EF19
EDB0
EC4E
EAF5
E9A5
E85F
E725
E5F8
E4D9
E3C9
E2C8
E1D8
E0FA
E02F
DF77
DED3
DE45
DDCC
DD6A
DD1E
DCEA
DCCD
DCC8
DCDC
DD08
DD4D
DDAB
DE21
DEAF
DF56
E015
E0EB
E1D8
E2DC
E3F6
E525
E669
E7C0
E92A
EAA6
EC33
EDD0
EF7B
F133
F2F8
F4C7
F6A0
F880
FA67
FC53
FE43
0034
0226
0417
0605
07EE
09D2
0BAE
0D81
0F49
1105
12B4
1453
15E2
175F
18C9
1A1E
1B5D
1C86
1D96
1E8E
1F6B
202E
20D5
2160
21CE
221F
2252
2266
225C
2234
21ED
2188
2104
2062
1FA2
1EC5
1DCB
1CB5
1B83
1A37
18D2
1753
15BE
1412
1251
107C
0E95
0C9E
0A97
0882
0662
0438
0205
FFCC
FD8F
FB4E
F90D
F6CC
F48F
F256
F023
EDF9
EBDA
E9C7
E7C1
E5CC
E3E9
E218
E05D
DEB9
DD2D
DBBB
DA64
D929
D80D
D70F
D631
D575
D4DA
D462
D40D
D3DD
D3D1
D3EA
D428
D48B
D515
D5C3
D696
D78F
D8AB
D9EB
DB4E
DCD3
DE7A
E040
E226
E429
E649
E884
EAD9
ED45
EFC8
F25E
F508
F7C2
FA8A
FD60
003F
0327
0616
0908
0BFC
0EF0
11E1
14CD
17B2
1A8B
1D58
2018
22C9
2567
27F2
2A67
2CC4
2F07
312F
333A
3525
36F0
3899
3A1F
3B80
3CBB
3DCF
3EBB
3F7F
4019
4089
40CE
40E8
40D7
409B
4033
3FA0
3EE3
3DFB
3CE9
3BAE
3A46
38B7
3701
3526
3327
3105
2EC2
2C60
29E0
2743
248C
21BD
1ED8
1BDE
18D2
15B6
128D
0F58
0C19
08D4
058B
023F
FEF3
FBAB
F867
F52A
F1F7
EED0
EBB7
E8AE
E5B8
E2D7
E00A
DD55
DABB
D83D
D5DD
D39D
D17E
CF82
CDAA
CBF7
CA6A
C905
C7C8
C6B4
C5CA
C50A
C475
C40A
C3CB
C3B7
C3CD
C40F
C47B
C510
C5CF
C6B7
C7C6
C8FD
CA58
CBD9
CD7C
CF42
D127
D32A
D54B
D787
D9DD
DC4B
DECE
E166
E410
E6CA
E991
EC65
EF42
F226
F510
F7FD
FAEB
FDD8
00C2
03A6
0684
0957
0C1F
0EDA
1186
1421
16A9
191C
1B7A
1DBF
1FEC
21FF
23F5
25CE
2789
2926
2AA2
2BFF
2D3A
2E54
2F4B
3020
30D3
3163
31D0
321B
3243
3249
322E
31F1
3194
3118
307C
2FC2
2EEB
2DF8
2CEA
2BC3
2A83
292C
27BF
263E
24AA
2305
2151
1F8F
1DC1
1BE8
1A05
181B
162B
1436
123F
1047
0E4F
0C59
0A67
087A
0694
04B5
02E0
0116
FF57
FDA6
FC03
FA6F
F8EB
F778
F618
F4C9
F38F
F268
F155
F057
EF6F
EE9B
EDDE
ED37
ECA5
EC28
EBC1
EB6E
EB30
EB06
EAF0
EAEC
EAFB
EB1C
EB4E
EB90
EBE0
EC40
ECAC
ED25
EDA9
EE37
EECF
EF6E
F014
F0BF
F16F
F222
F2D7
F38D
F442
F4F6
F5A7
F654
F6FA
F79A
F833
F8C4
F94C
F9CA
FA3E
FAA6
FB02
FB51
FB92
FBC5
FBEA
FC00
FC07
FBFE
FBE5
FBBD
FB85
FB3D
FAE5
FA7D
FA06
F980
F8EC
F849
F798
F6DB
F611
F53B
F45A
F370
F27A
F17C
F076
EF6A
EE59
ED43
EC2A
EB0E
E9F2
E8D6
E7BC
E6A4
E590
E481
E379
E278
E17F
E091
DFAD
DED6
DE0C
DD50
DCA4
DC07
DB7C
DB03
DA9D
DA4A
DA0C
D9E3
D9D0
D9D2
D9ED
DA1F
DA67
DAC8
DB40
DBCF
DC77
DD36
DE0D
DEFC
E001
E11E
E251
E39B
E4F9
E66D
E7F5
E991
EB40
ED00
EED2
F0B4
F2A6
F4A5
F6B2
F8CB
FAEF
FD1D
FF53
0191
03D5
061E
086B
0ABB
0D0D
0F5E
11AF
13FD
1647
188D
1ACC
1D04
1F34
215A
2375
2585
2787
297C
2B63
2D39
2F00
30B5
3258
33E9
3566
36D0
3825
3966
3A92
3BA8
3CA9
3D95
3E6B
3F2B
3FD5
4069
40E9
4153
41A9
41EA
4218
4231
4238
422C
420E
41DF
419F
414E
40EF
4080
4004
3F7A
3EE4
3E43
3D96
3CE0
3C21
3B5A
3A8B
39B6
38DB
37FB
3718
3631
3548
345D
3373
3288
319E
30B5
2FCE
2EEA
2E08
2D2B
2C51
2B7C
2AAD
29E2
291E
2860
27A8
26F7
264D
25A9
250D
2477
23E9
2362
22E1
2267
21F4
2188
2121
20C0
2065
200E
1FBD
1F6F
1F26
1EE1
1E9D
1E5C
1E1D
1DDF
1DA1
1D63
1D25
1CE6
1CA5
1C62
1C1D
1BD4
1B88
1B38
1AE3
1A89
1A2A
19C5
1959
18E8
186F
17F0
1769
16DA
1644
15A7
1501
1454
139E
12E1
121B
114D
1078
0F9B
0EB8
0DCD
0CDD
0BE6
0AE9
09E7
08E0
07D5
06C6
05B3
049E
0386
026D
0153
0039
FF1F
FE07
FCF0
FBDB
FACB
F9BE
F8B6
F7B3
F6B7
F5C2
F4D5
F3F1
F316
F245
F17E
F0C4
F015
EF74
EEE0
EE5A
EDE2
ED7A
ED22
ECD9
ECA1
EC7A
EC63
EC5F
EC6B
EC8A
ECBA
ECFC
ED51
EDB7
EE2F
EEB9
EF54
F001
F0C0
F18F
F26E
F35E
F45D
F56B
F688
F7B4
F8ED
FA33
FB85
FCE2
FE4B
FFBD
0138
02BB
0446
05D8
076F
090C
0AAC
0C4F
0DF4
0F9B
1142
12E8
148C
162E
17CD
1967
1AFC
1C8B
1E12
1F92
2109
2277
23DA
2532
267E
27BE
28F0
2A15
2B2B
2C31
2D28
2E0F
2EE5
2FAA
305E
30FF
318F
320C
3276
32CE
3312
3343
3361
336C
3364
3349
331A
32D9
3285
321E
31A6
311B
307E
2FD1
2F12
2E42
2D63
2C75
2B78
2A6C
2952
282B
26F6
25B5
2468
230F
21AC
203F
1EC7
1D47
1BBF
1A2F
1898
16FA
1556
13AD
1200
104E
0E99
0CE1
0B27
096B
07AE
05F0
0432
0275
00B9
FEFE
FD46
FB92
F9E1
F834
F68B
F4E6
F345
F1AA
F014
EE84
ECFA
EB76
E9FA
E884
E716
E5B0
E452
E2FC
E1AE
E069
DF2E
DDFB
DCD2
DBB2
DA9D
D991
D88F
D798
D6AB
D5C9
D4F2
D426
D365
D2AF
D205
D166
D0D3
D04B
CFD0
CF60
CEFD
CEA5
CE5A
CE1C
CDE9
CDC4
CDAA
CD9E
CD9E
CDAB
CDC4
CDEA
CE1E
CE5D
CEAA
CF04
CF6A
CFDD
D05D
D0EA
D183
D229
D2DB
D399
D464
D539
D619
D706
D7FE
D901
DA10
DB2A
DC4E
DD7D
DEB6
DFF8
E144
E299
E3F7
E55C
E6C9
E83D
E9B8
EB39
ECC0
EE4B
EFDB
F16F
F306
F4A0
F63C
F7D8
F976
FB13
FCB0
FE4B
FFE4
0179
0309
0496
061E
07A0
091C
0A90
0BFE
0D62
0EBE
1010
1157
1293
13C4
14E8
15FF
1709
1804
18F1
19CF
1A9D
1B5C
1C09
1CA6
1D32
1DAC
1E15
1E6B
1EB0
1EE2
1F01
1F0E
1F07
1EED
1EC0
1E82
1E31
1DCE
1D59
1CD3
1C3C
1B94
1ADB
1A13
193B
1854
175F
165C
154C
1430
1308
11D5
1098
0F51
0E02
0CAC
0B4E
09EA
0882
0715
05A5
0433
02BF
014B
FFD5
FE61
FCF0
FB82
FA18
F8B3
F754
F5FC
F4AC
F365
F228
F0F4
EFCC
EEAF
EDA0
EC9D
EBA8
EAC2
E9EA
E923
E86B
E7C3
E72D
E6A7
E633
E5D0
E57F
E541
E514
E4F9
E4F0
E4F9
E513
E53F
E57C
E5CA
E628
E697
E716
E7A3
E840
E8EB
E9A4
EA6A
EB3C
EC19
ED02
EDF5
EEF1
EFF5
F101
F214
F32D
F44B
F56C
F691
F7B8
F8E0
FA09
FB30
FC56
FD79
FE99
FFB4
00CA
01DA
02E2
03E3
04DA
05C7
06AA
0781
084D
090B
09BC
0A5F
0AF4
0B79
0BEE
0C53
0CA8
0CEC
0D1F
0D40
0D4F
0D4D
0D39
0D13
0CDB
0C91
0C35
0BC8
0B4A
0ABA
0A19
0968
08A7
07D7
06F8
060A
050E
0406
02F0
01CF
00A2
FF6B
FE2A
FCE0
FB8E
FA35
F8D5
F76F
F604
F495
F324
F1B0
F03A
EEC5
ED50
EBDC
EA6A
E8FC
E792
E62C
E4CD
E374
E222
E0D9
DF99
DE62
DD37
DC17
DB02
D9FB
D901
D814
D736
D667
D5A6
D4F6
D455
D3C4
D344
D2D5
D276
D228
D1EC
D1C0
D1A6
D19C
D1A4
D1BC
D1E5
D21E
D267
D2C1
D32A
D3A2
D429
D4BE
D562
D614
D6D2
D79D
D874
D956
DA43
DB3A
DC3B
DD45
DE57
DF71
E092
E1B9
E2E6
E418
E54E
E688
E7C5
E904
EA44
EB86
ECC8
EE0A
EF4A
F08A
F1C7
F301
F438
F56C
F69B
F7C5
F8EB
FA0B
FB24
FC37
FD43
FE48
FF45
003A
0127
020B
02E7
03BA
0484
0546
05FE
06AE
0754
07F2
0887
0912
0996
0A10
0A82
0AEC
0B4E
0BA8
0BFA
0C45
0C89
0CC7
0CFD
0D2E
0D5A
0D80
0DA0
0DBC
0DD3
0DE6
0DF5
0E00
0E09
0E0F
0E12
0E13
0E13
0E12
0E0F
0E0D
0E0A
0E07
0E05
0E04
0E04
0E06
0E09
0E0F
0E17
0E21
0E2F
0E40
0E54
0E6B
0E86
0EA5
0EC8
0EEF
0F1A
0F49
0F7D
0FB5
0FF1
1032
1077
10C1
110F
1161
11B8
1212
1271
12D3
133A
13A4
1411
1482
14F5
156C
15E6
1662
16E0
1760
17E2
1866
18EB
1971
19F8
1A80
1B06
1B8D
1C13
1C99
1D1E
1DA2
1E25
1EA6
1F26
1FA3
201E
2097
210D
2180
21F0
225C
22C5
232A
238A
23E6
243E
2491
24DF
2527
256B
25A9
25E1
2614
2641
2668
2688
26A2
26B6
26C2
26C8
26C8
26C0
26B2
269C
2680
265C
2632
2600
25C8
2588
2541
24F3
249E
2441
23DE
2373
2301
2288
2208
2182
20F4
205F
1FC4
1F21
1E79
1DC9
1D13
1C56
1B93
1ACB
19FD
1928
184D
176D
1686
159A
14A8
13B1
12B4
11B2
10AB
0F9F
0E8E
0D78
0C5E
0B40
0A1D
08F6
07CC
069E
056C
0438
0300
01C5
0088
FF48
FE07
FCC3
FB7E
FA37
F8EF
F7A7
F65D
F513
F3CA
F280
F137
EFEE
EEA7
ED61
EC1D
EADB
E99B
E85D
E723
E5EC
E4B9
E389
E25E
E137
E016
DEF9
DDE3
DCD2
DBC7
DAC4
D9C7
D8D1
D7E3
D6FD
D61F
D54A
D47D
D3B8
D2FD
D24B
D1A4
D106
D073
CFEA
CF6D
CEFA
CE93
CE38
CDE8
CDA4
CD6C
CD40
CD21
CD0E
CD08
CD0E
CD21
CD40
CD6D
CDA6
CDEB
CE3E
CE9D
CF08
CF80
D005
D095
D132
D1DB
D290
D351
D41C
D4F3
D5D5
D6C0
D7B6
D8B5
D9BE
DACF
DBE9
DD0B
DE35
DF67
E09F
E1DD
E321
E46B
E5BA
E70D
E864
E9BF
EB1C
EC7C
EDDD
EF40
F0A3
F207
F36A
F4CC
F62D
F78B
F8EA
FA46
FB9F
FCF3
FE42
FF8D
00D1
020F
0347
0477
05A0
06C1
07D9
08E8
09EE
0AEA
0BDC
0CC4
0DA1
0E73
0F39
0FF5
10A4
1148
11E0
126C
12EB
135E
13C5
141F
146D
14AE
14E4
150E
152C
153E
1544
153F
152E
1513
14EC
14BB
1480
143B
13EC
1395
1334
12CC
125C
11E4
1166
10E1
1057
0FC7
0F33
0E9B
0DFE
0D5F
0CBE
0C1A
0B75
0AD0
0A2A
0985
08DF
083C
079A
06FB
065F
05C7
0534
04A5
041B
0397
031A
02A3
0234
01CB
016B
0113
00C4
007D
0040
000C
FFE2
FFC1
FFAB
FF9F
FF9C
FFA5
FFB7
FFD4
FFFB
002C
0068
00AD
00FC
0155
01B8
0223
0298
0315
039A
0427
04BC
0558
05FA
06A3
0751
0804
08BC
0978
0A37
0AF9
0BBD
0C83
0D49
0E10
0ED7
0F9C
1060
1121
11E0
129A
1351
1402
14AF
1555
15F4
168C
171C
17A4
1823
1899
1905
1966
19BD
1A09
1A4A
1A7E
1AA7
1AC3
1AD3
1AD6
1ACC
1AB4
1A90
1A5E
1A1F
19D3
197A
1914
18A0
1820
1794
16FB
1657
15A7
14EB
1426
1354
1278
1194
10A6
0FB1
0EB5
0DB2
0CA8
0B9A
0A87
0970
0856
073A
061D
04FF
03E1
02C4
01A9
0090
FF7B
FE6B
FD5F
FC5A
FB5B
FA64
F976
F890
F7B4
F6E3
F61D
F562
F4B5
F412
F37E
F2F7
F27F
F217
F1BD
F174
F13B
F112
F0FA
F0F3
F0FD
F117
F143
F180
F1CE
F22C
F29C
F31B
F3AB
F44A
F4F9
F5B7
F683
F75C
F843
F937
FA37
FB41
FC57
FD75
FE9D
FFCD
0103
0240
0382
04C8
0611
075C
08A8
09F4
0B3F
0C88
0DCD
0F0E
104A
117F
12AC
13D1
14EC
15FC
1700
17F8
18E2
19BD
1A89
1B45
1BEF
1C88
1D0D
1D80
1DDF
1E29
1E5D
1E7E
1E8A
1E7E
1E5C
1E23
1DD3
1D6B
1CED
1C57
1BAA
1AE5
1A0A
1919
1811
16F4
15C1
1479
131E
11AF
102D
0E99
0CF3
0B3E
0979
07A6
05C5
03D9
01E0
FFDE
FDD3
FBC1
F9A7
F78B
F56A
F346
F121
EEFB
ECD7
EAB6
E898
E680
E46D
E263
E062
DE6B
DC80
DAA1
D8D1
D70F
D55E
D3BF
D232
D0B8
CF52
CE02
CCC8
CBA5
CA99
C9A6
C8CB
C80A
C763
C6D6
C664
C60C
C5D0
C5AF
C5A8
C5BD
C5ED
C638
C69E
C71D
C7B7
C86A
C936
CA1B
CB17
CC2A
CD53
CE92
CFE5
D14C
D2C5
D450
D5EB
D796
D94F
DB15
DCE7
DEC3
E0A9
E296
E48A
E684
E882
EA82
EC83
EE85
F085
F282
F47C
F671
F85F
FA46
FC24
FDF7
FFC0
017C
032A
04CA
065B
07DC
094B
0AA8
0BF2
0D29
0E4B
0F59
1051
1133
1200
12B6
1355
13DD
144E
14A8
14EB
1518
152E
152D
1516
14E9
14A7
1450
13E5
1365
12D2
122D
1176
10AE
0FD6
0EEF
0DF9
0CF6
0BE6
0ACB
09A6
0877
0741
0603
04BF
0377
022B
00DC
FF8C
FE3C
FCED
FBA0
FA57
F912
F7D2
F69A
F568
F440
F321
F20C
F103
F005
EF15
EE33
ED5F
EC9B
EBE6
EB42
EAAE
EA2C
E9BC
E95E
E912
E8D9
E8B3
E89F
E89F
E8B2
E8D7
E910
E95B
E9B8
EA28
EAAA
EB3D
EBDF
EC92
ED55
EE28
EF09
EFF9
F0F5
F1FF
F315
F435
F561
F695
F7D2
F917
FA63
FBB5
FD0C
FE67
FFC5
0125
0286
03E8
0549
06A8
0805
095E
0AB3
0C03
0D4D
0E90
0FCB
10FE
1226
1344
1457
155F
165B
174A
182D
1902
19C9
1A82
1B2C
1BC7
1C53
1CD0
1D3D
1D9B
1DE8
1E26
1E53
1E71
1E7F
1E7E
1E6D
1E4C
1E1D
1DDF
1D93
1D38
1CD0
1C5A
1BD8
1B49
1AAF
1A09
1958
189D
17D8
170A
1633
1555
146F
1383
1291
1199
109D
0F9D
0E9A
0D93
0C8B
0B82
0A77
096D
0863
075A
0653
054D
044B
034C
0251
015A
0068
FF7B
FE93
FDB2
FCD7
FC04
FB38
FA73
F9B5
F900
F852
F7AD
F710
F67B
F5F0
F56C
F4F2
F480
F417
F3B7
F35F
F310
F2CA
F28C
F256
F229
F203
F1E5
F1CF
F1C0
F1B9
F1B8
F1BE
F1CB
F1DE
F1F8
F217
F23B
F266
F295
F2C9
F302
F33F
F380
F3C6
F40E
F45A
F4A9
F4FB
F54F
F5A6
F5FE
F659
F6B4
F711
F770
F7CE
F82E
F88E
F8EE
F94E
F9AF
FA0E
FA6E
FACC
FB2A
FB87
FBE3
FC3D
FC96
FCEE
FD44
FD98
FDEB
FE3B
FE8A
FED6
FF21
FF69
FFAF
FFF3
0034
0073
00AF
00E8
011F
0153
0184
01B3
01DE
0206
022B
024C
026B
0286
029D
02B0
02C0
02CC
02D4
02D8
02D8
02D3
02C9
02BA
02A7
028F
0271
024E
0226
01F9
01C6
018E
0151
010E
00C5
0077
0023
FFC9
FF6A
FF06
FE9C
FE2C
FDB7
FD3C
FCBD
FC38
FBAE
FB1F
FA8B
F9F2
F955
F8B3
F80D
F763
F6B5
F603
F54E
F495
F3DA
F31C
F25D
F19B
F0D7
F013
EF4E
EE88
EDC2
ECFD
EC39
EB76
EAB5
E9F6
E939
E880
E7CB
E71A
E66D
E5C6
E524
E489
E3F3
E366
E2DF
E25F
E1E8
E17A
E115
E0BA
E069
E023
DFE8
DFB8
DF95
DF7D
DF71
DF73
DF81
DF9C
DFC5
DFFC
E040
E092
E0F1
E15F
E1DB
E265
E2FD
E3A3
E457
E518
E5E7
E6C3
E7AD
E8A3
E9A5
EAB2
EBCB
ECEF
EE1E
EF57
F09A
F1E7
F33C
F49B
F601
F76E
F8E3
FA5D
FBDE
FD63
FEEC
0079
0209
039B
052F
06C3
0858
09EC
0B7F
0D10
0E9E
1029
11AF
1331
14AD
1623
1791
18F7
1A55
1BA9
1CF4
1E34
1F6A
2094
21B2
22C3
23C7
24BE
25A7
2681
274D
280A
28B8
2956
29E4
2A63
2AD1
2B2F
2B7C
2BB9
2BE5
2C01
2C0D
2C08
2BF3
2BCD
2B98
2B52
2AFD
2A9A
2A27
29A5
2916
2878
27CC
2713
264D
257B
249C
23B2
22BC
21BC
20B2
1F9D
1E80
1D5A
1C2B
1AF5
19B8
1874
172A
15DA
1486
132D
11D0
1070
0F0C
0DA7
0C40
0AD8
0970
0807
069F
0539
03D4
0271
0111
FFB3
FE59
FD04
FBB2
FA66
F91E
F7DC
F6A0
F56B
F43C
F314
F1F3
F0DA
EFC9
EEBF
EDBF
ECC7
EBD7
EAF1
EA14
E941
E877
E7B7
E701
E655
E5B4
E51B
E48D
E40A
E391
E322
E2BF
E266
E219
E1D6
E19F
E172
E151
E13B
E131
E131
E13D
E155
E178
E1A6
E1E0
E225
E275
E2D1
E337
E3AA
E427
E4AF
E542
E5E1
E68A
E73D
E7FB
E8C3
E994
EA6F
EB54
EC43
ED3A
EE3B
EF45
F057
F171
F293
F3BD
F4EE
F627
F766
F8AB
F9F6
FB47
FC9D
FDF7
FF56
00B9
021F
0388
04F3
0661
07D0
093F
0AAF
0C1F
0D8E
0EFC
1068
11D3
133A
149D
15FC
1757
18AC
19FC
1B45
1C87
1DC1
1EF3
201D
213D
2254
2360
2462
2558
2643
2721
27F4
28B9
2971
2A1C
2AB9
2B48
2BC8
2C3A
2C9D
2CF2
2D38
2D6E
2D96
2DAF
2DB9
2DB4
2DA1
2D7F
2D50
2D12
2CC6
2C6E
2C08
2B96
2B19
2A8F
29FB
295C
28B4
2802
2749
2687
25BE
24F0
241C
2343
2266
2187
20A6
1FC3
1EE0
1DFE
1D1E
1C3F
1B64
1A8D
19BB
18F0
182B
176E
16B9
160E
156D
14D8
144E
13D1
1361
1300
12AD
1269
1235
1211
11FD
11FB
120B
122C
125F
12A5
12FC
1366
13E3
1472
1513
15C6
168B
1761
1849
1942
1A4A
1B63
1C8A
1DBF
1F02
2052
21AD
2314
2485
25FE
2780
2909
2A97
2C2B
2DC1
2F5B
30F5
328F
3427
35BD
374E
38DA
3A5F
3BDC
3D50
3EB8
4015
4164
42A4
43D5
44F5
4602
46FC
47E0
48AF
4967
4A07
4A8E
4AFC
4B4F
4B86
4BA2
4BA0
4B82
4B46
4AEC
4A74
49DD
4927
4852
475E
464C
451B
43CC
425F
40D4
3F2C
3D68
3B88
398D
3778
354A
3303
30A4
2E30
2BA6
290A
265B
239B
20CC
1DEF
1B06
1812
1515
1211
0F07
0BF9
08E9
05D9
02C9
FFBD
FCB6
F9B6
F6BE
F3D0
F0EE
EE1A
EB55
E8A2
E601
E374
E0FE
DE9E
DC58
DA2B
D819
D624
D44D
D296
D0FF
CF89
CE35
CD04
CBF7
CB0E
CA4A
C9AB
C931
C8DD
C8AF
C8A7
C8C5
C908
C971
C9FF
CAB2
CB88
CC82
CD9F
CEDE
D03E
D1BE
D35C
D519
D6F2
D8E7
DAF6
DD1D
DF5C
E1B0
E418
E693
E91F
EBB9
EE61
F115
F3D2
F698
F963
FC33
FF06
01D9
04AB
077A
0A44
0D07
0FC3
1274
151A
17B3
1A3C
1CB6
1F1D
2171
23B0
25DA
27EC
29E5
2BC7
2D8D
2F38
30C7
3239
338D
34C2
35D9
36D0
37A8
3860
38F7
396F
39C7
39FE
3A16
3A0E
39E7
39A1
393E
38BD
381F
3764
368F
359F
3496
3375
323C
30EE
2F8A
2E12
2C89
2AEE
2944
278C
25C6
23F5
2219
2035
1E49
1C57
1A61
1868
166E
1473
127A
1083
0E91
0CA3
0ABD
08DE
0709
053E
037E
01CB
0025
FE8E
FD07
FB8F
FA29
F8D5
F793
F664
F549
F440
F34C
F26D
F1A2
F0ED
F04D
EFC2
EF4D
EEEE
EEA3
EE6D
EE4C
EE40
EE48
EE63
EE91
EED2
EF25
EF89
EFFE
F083
F117
F1B9
F26A
F326
F3EF
F4C3
F5A0
F687
F776
F86C
F968
FA67
FB6A
FC70
FD78
FE82
FF8C
0096
019F
02A6
03A9
04A9
05A4
0699
0789
0871
0953
0A2C
0AFC
0BC4
0C81
0D35
0DDE
0E7C
0F0F
0F96
1012
1082
10E5
113D
1189
11C8
11FC
1222
123C
124B
124F
1247
1234
1217
11EF
11BE
1183
1140
10F3
109F
1043
0FE0
0F76
0F07
0E92
0E18
0D9A
0D18
0C93
0C0B
0B81
0AF6
0A69
09DD
0950
08C4
083A
07B1
072A
06A6
0626
05A9
0530
04BB
044B
03E1
037B
031B
02C1
026D
021F
01D8
0197
015C
0128
00FA
00D3
00B3
0099
0085
0077
0070
006E
0072
007C
008B
009F
00B8
00D5
00F6
011B
0143
016D
019B
01CB
01FE
0233
0269
02A1
02DA
0313
034D
0387
03C0
03F8
0430
0465
0499
04CB
04FB
0528
0552
0579
059C
05BC
05D9
05F1
0605
0615
0621
0628
062B
0629
0621
0614
0603
05ED
05D3
05B5
0592
056C
0541
0513
04E1
04AC
0473
0437
03F8
03B6
0372
032C
02E3
0298
024C
01FF
01B0
0160
010F
00BE
006D
001C
FFCA
FF79
FF29
FEDA
FE8C
FE40
FDF5
FDAB
FD63
FD1C
FCD8
FC95
FC54
FC15
FBD8
FB9E
FB66
FB30
FAFD
FACB
FA9D
FA70
FA46
FA1E
F9F8
F9D5
F9B4
F994
F977
F95B
F941
F929
F912
F8FD
F8E9
F8D6
F8C6
F8B7
F8A9
F89B
F88E
F881
F874
F867
F85B
F84E
F841
F834
F826
F818
F80A
F7FB
F7EB
F7DB
F7CB
F7BA
F7A9
F797
F785
F773
F760
F74E
F73C
F72A
F718
F707
F6F7
F6E8
F6D8
F6CB
F6BF
F6B5
F6AD
F6A8
F6A6
F6A7
F6AB
F6B3
F6BF
F6D0
F6E5
F6FF
F71E
F742
F76D
F79D
F7D4
F811
F855
F8A1
F8F3
F94E
F9B0
FA1A
FA8C
FB07
FB8A
FC15
FCAA
FD47
FDEB
FE99
FF4F
000E
00D7
01A8
0282
0364
044F
0542
063E
0741
084B
095D
0A76
0B95
0CBB
0DE6
0F16
104B
1185
12C2
1403
1546
168C
17D3
191B
1A63
1BAB
1CF2
1E37
1F7A
20BC
21FA
2333
2468
2597
26BF
27E0
28FA
2A0B
2B13
2C10
2D04
2DEC
2EC8
2F98
305B
3111
31B8
3251
32DA
3354
33BE
3417
3460
3498
34BE
34D2
34D5
34C6
34A4
3470
342A
33D3
336A
32EF
3262
31C3
3112
3050
2F7D
2E99
2DA4
2C9F
2B8A
2A66
2934
27F3
26A5
2549
23E1
226E
20EF
1F66
1DD4
1C38
1A95
18EB
173A
1584
13C9
120B
104A
0E86
0CC2
0AFC
0936
0773
05B2
03F4
023B
0086
FED8
FD31
FB92
F9FC
F86F
F6EC
F574
F408
F2A9
F157
F012
EEDD
EDB6
EC9E
EB97
EAA1
E9BB
E8E7
E824
E773
E6D5
E649
E5D0
E56A
E516
E4D3
E4A3
E485
E479
E480
E49A
E4C5
E502
E551
E5B0
E621
E6A1
E732
E7D2
E881
E93E
EA08
EAE0
EBC4
ECB4
EDAF
EEB5
EFC3
F0DB
F1FB
F321
F44E
F581
F6B8
F7F3
F931
FA70
FBB0
FCF0
FE2F
FF6C
00A7
01DE
0312
0441
0569
068C
07A7
08BA
09C4
0AC4
0BBB
0CA7
0D87
0E5B
0F23
0FDE
108B
112A
11BB
123D
12AF
1313
1366
13AA
13DE
1401
1414
1417
1408
13E9
13BA
137A
132A
12CB
125C
11DE
1150
10B5
100B
0F53
0E8E
0DBD
0CDF
0BF6
0B02
0A04
08FC
07EB
06D2
05B2
048B
035E
022C
00F5
FFBB
FE7F
FD41
FC01
FAC2
F983
F845
F709
F5D1
F49C
F36C
F242
F11F
F002
EEEE
EDE2
ECE0
EBE8
EAFB
EA19
E944
E87B
E7C0
E713
E674
E5E3
E562
E4F0
E48E
E43D
E3FB
E3CB
E3AB
E39C
E39E
E3B0
E3D4
E408
E44D
E4A1
E506
E57B
E600
E693
E736
E7E6
E8A5
E971
EA49
EB2E
EC1E
ED19
EE1E
EF2D
F044
F162
F288
F3B3
F4E3
F618
F750
F88A
F9C5
FB01
FC3C
FD75
FEAC
FFDF
010D
0236
0357
0471
0581
0689
0785
0876
095B
0A32
0AFC
0BB6
0C61
0CFC
0D86
0DFE
0E64
0EB7
0EF7
0F24
0F3C
0F40
0F30
0F0A
0ECF
0E7F
0E1A
0D9F
0D10
0C6B
0BB1
0AE2
09FF
0907
07FC
06DD
05AC
0468
0313
01AD
0037
FEB1
FD1D
FB7C
F9CD
F813
F64E
F480
F2A8
F0CA
EEE5
ECFC
EB0E
E91E
E72C
E53B
E34B
E15D
DF74
DD8F
DBB1
D9DB
D80F
D64C
D496
D2ED
D153
CFC9
CE50
CCE9
CB96
CA57
C92D
C81A
C71E
C63B
C570
C4C0
C42A
C3AF
C350
C30D
C2E7
C2DF
C2F4
C327
C378
C3E7
C474
C51F
C5E9
C6D0
C7D5
C8F7
CA37
CB93
CD0B
CE9F
D04E
D218
D3FB
D5F8
D80C
DA38
DC79
DED0
E13B
E3B8
E647
E8E7
EB95
EE51
F119
F3ED
F6CA
F9AF
FC9A
FF8B
0280
0577
086F
0B66
0E5B
114C
1438
171E
19FC
1CD1
1F9B
2259
2509
27AA
2A3C
2CBD
2F2C
3188
33D0
3604
3821
3A29
3C18
3DF0
3FB0
4156
42E3
4456
45AE
46EC
480F
4918
4A05
4AD7
4B8F
4C2B
4CAD
4D15
4D63
4D98
4DB3
4DB6
4DA1
4D74
4D32
4CD9
4C6B
4BE8
4B53
4AAA
49F0
4925
484A
4760
4669
4565
4456
433C
4218
40ED
3FBA
3E82
3D44
3C03
3ABE
3978
3832
36EB
35A6
3464
3324
31E9
30B3
2F83
2E59
2D37
2C1E
2B0F
2A09
290D
281C
2735
265A
258B
24C7
2410
2366
22C7
2235
21B0
2138
20CC
206C
2018
1FD0
1F94
1F63
1F3D
1F21
1F10
1F08
1F09
1F13
1F25
1F3E
1F5F
1F85
1FB2
1FE3
2019
2053
208F
20CF
2110
2153
2196
21D9
221C
225D
229D
22DA
2315
234C
2380
23AF
23DA
23FF
2420
243A
244F
245D
2465
2467
2462
2456
2444
242A
240B
23E4
23B7
2382
2347
2306
22BF
2273
2221
21CB
2171
2112
20B1
204C
1FE5
1F7B
1F11
1EA5
1E3A
1DCE
1D63
1CFA
1C93
1C2E
1BCC
1B6D
1B13
1ABD
1A6C
1A21
19DC
199D
1964
1933
1909
18E7
18CD
18BA
18AF
18AD
18B3
18C0
18D6
18F3
1919
1946
197A
19B5
19F7
1A3F
1A8D
1AE0
1B39
1B95
1BF5
1C58
1CBD
1D24
1D8C
1DF3
1E5A
1EBF
1F22
1F81
1FDC
2032
2081
20CB
210D
2146
2175
219A
21B3
21BF
21BE
21AF
2190
2162
2122
20D2
206F
1FF9
1F70
1ED2
1E21
1D5A
1C7E
1B8C
1A85
1967
1833
16E9
1588
1411
1285
10E2
0F2B
0D5E
0B7D
0988
0781
0566
033A
00FE
FEB1
FC55
F9EC
F775
F4F3
F267
EFD2
ED34
EA91
E7E9
E53D
E290
DFE2
DD35
DA8B
D7E6
D547
D2AF
D021
CD9E
CB27
C8BF
C666
C41F
C1EB
BFCB
BDC2
BBD0
B9F7
B839
B695
B50E
B3A5
B25A
B130
B026
AF3E
AE79
ADD6
AD58
ACFE
ACC9
ACB9
ACCF
AD0A
AD6B
ADF2
AE9E
AF6F
B065
B180
B2BE
B41F
B5A3
B748
B90E
BAF3
BCF6
BF17
C153
C3A9
C618
C89D
CB38
CDE7
D0A7
D378
D656
D941
DC36
DF34
E237
E53F
E849
EB54
EE5C
F161
F460
F756
FA43
FD23
FFF6
02B9
056A
0807
0A8F
0D00
0F58
1196
13B8
15BD
17A2
1968
1B0C
1C8F
1DEE
1F2A
2041
2133
21FF
22A4
2323
237B
23AC
23B6
2399
2355
22EB
225C
21A6
20CC
1FCE
1EAD
1D6A
1C06
1A82
18E0
1720
1545
1350
1141
0F1C
0CE2
0A93
0832
05C2
0345
00BC
FE2A
FB90
F8F2
F650
F3AD
F10B
EE6B
EBD1
E93F
E6B5
E436
E1C5
DF62
DD10
DAD1
D8A6
D691
D494
D2B0
D0E6
CF39
CDA8
CC37
CAE4
C9B3
C8A3
C7B5
C6E9
C640
C5BC
C55C
C522
C50D
C51D
C552
C5AD
C62C
C6D0
C798
C884
C993
CAC4
CC16
CD89
CF1B
D0CB
D299
D482
D685
D8A2
DAD6
DD20
DF7E
E1EE
E470
E701
E99F
EC48
EEFC
F1B5
F474
F738
F9FD
FCC3
FF87
0247
0502
07B6
0A61
0D01
0F94
1219
148D
16F1
1941
1B7D
1DA2
1FB0
21A6
2382
2542
26E7
286F
29D9
2B24
2C50
2D5C
2E48
2F12
2FBC
3044
30AA
30EF
3112
3114
30F5
30B5
3054
2FD4
2F33
2E74
2D96
2C9B
2B83
2A4F
2900
2798
2616
247D
22CD
2107
1F2E
1D41
1B44
1935
1719
14EE
12B8
1077
0E2D
0BDC
0984
0728
04C9
0268
0007
FDA7
FB4A
F8F1
F69E
F451
F20C
EFD0
ED9E
EB79
E95F
E754
E557
E36A
E18E
DFC3
DE0A
DC65
DAD3
D956
D7ED
D69A
D55E
D437
D327
D22F
D14D
D083
CFD1
CF36
CEB2
CE45
CDEF
CDB2
CD8B
CD7C
CD83
CDA1
CDD5
CE1E
CE7D
CEF1
CF79
D015
D0C4
D186
D259
D33F
D435
D53B
D650
D774
D8A6
D9E6
DB31
DC89
DDEC
DF58
E0CF
E24E
E3D5
E564
E6F8
E892
EA31
EBD5
ED7C
EF26
F0D3
F281
F430
F5DF
F78E
F93C
FAE9
FC93
FE3B
FFDF
0180
031C
04B4
0646
07D3
0959
0AD9
0C51
0DC2
0F2B
108C
11E4
1333
1479
15B5
16E7
1811
1931
1A45
1B4F
1C4D
1D3F
1E26
1F00
1FCF
2090
2146
21EE
228A
2319
239B
240F
2477
24D1
251E
255E
2590
25B5
25CD
25D8
25D5
25C5
25A8
257D
2546
2502
24B2
2455
23ED
237A
22FA
226E
21D7
2134
2086
1FCE
1F0A
1E3D
1D66
1C85
1B9C
1AAA
19B0
18AE
17A6
1697
1581
1467
1347
1223
10FC
0FD1
0EA4
0D75
0C46
0B15
09E5
08B6
0789
065E
0535
0410
02F0
01D5
00BF
FFB0
FEA8
FDA9
FCB1
FBC3
FADE
FA04
F935
F871
F7B9
F70D
F66E
F5DD
F559
F4E4
F47D
F425
F3DC
F3A2
F378
F35D
F352
F357
F36C
F390
F3C5
F409
F45D
F4C0
F532
F5B3
F642
F6E0
F78B
F844
F909
F9DB
FAB8
FBA0
FC92
FD8E
FE92
FF9F
00B3
01CD
02EC
0410
0537
0661
078D
08B9
09E5
0B0F
0C37
0D5B
0E7B
0F96
10AA
11B6
12BC
13B8
14A9
158F
1669
1735
17F2
18A1
1940
19CE
1A4B
1AB6
1B0E
1B53
1B85
1BA2
1BAB
1B9F
1B7E
1B48
1AFC
1A9B
1A24
1997
18F5
183E
1772
1690
159B
1491
1374
1243
1101
0FAE
0E49
0CD4
0B4F
09BC
081B
066D
04B3
02EF
0121
FF4A
FD6C
FB87
F99D
F7B0
F5C0
F3CF
F1DD
EFED
EDFF
EC15
EA31
E852
E67B
E4AD
E2E9
E131
DF85
DDE6
DC57
DAD7
D967
D80A
D6BF
D589
D467
D35B
D265
D187
D0C0
D011
CF7B
CEFE
CE9A
CE50
CE20
CE0B
CE0F
CE2D
CE65
CEB7
CF23
CFA8
D046
D0FC
D1CA
D2B0
D3AC
D4BE
D5E6
D721
D871
D9D3
DB46
DCC9
DE5C
DFFE
E1AC
E367
E52D
E6FD
E8D5
EAB4
EC9A
EE84
F071
F261
F451
F641
F82F
FA1A
FC01
FDE3
FFBE
0191
035A
051A
06CF
0877
0A12
0B9F
0D1C
0E8A
0FE7
1132
126B
1391
14A3
15A1
168A
175D
181C
18C5
1957
19D4
1A3B
1A8C
1AC6
1AEB
1AFA
1AF4
1AD9
1AA9
1A65
1A0D
19A2
1924
1894
17F4
1742
1681
15B1
14D3
13E8
12F0
11EE
10E0
0FCA
0EAB
0D84
0C57
0B24
09EC
08B1
0773
0634
04F4
03B4
0276
0139
0000
FECB
FD9A
FC6F
FB4B
FA2D
F918
F80B
F707
F60D
F51E
F439
F360
F292
F1D1
F11C
F074
EFD9
EF4A
EEC9
EE55
EDEF
ED96
ED4A
ED0C
ECDB
ECB7
EC9F
EC94
EC95
ECA2
ECBA
ECDE
ED0B
ED43
ED84
EDCF
EE21
EE7C
EEDE
EF47
EFB6
F02B
F0A4
F122
F1A3
F227
F2AE
F337
F3C1
F44C
F4D6
F560
F5E9
F671
F6F6
F77A
F7FA
F878
F8F1
F967
F9D8
FA44
FAAB
FB0D
FB69
FBC0
FC10
FC5A
FC9E
FCDC
FD13
FD44
FD6E
FD92
FDAF
FDC6
FDD7
FDE2
FDE7
FDE6
FDE0
FDD4
FDC3
FDAE
FD94
FD76
FD55
FD2F
FD07
FCDB
FCAD
FC7C
FC4A
FC16
FBE1
FBAB
FB74
FB3D
FB06
FACF
FA99
FA64
FA2F
F9FC
F9CB
F99B
F96D
F941
F917
F8F0
F8CB
F8A8
F888
F86A
F84F
F837
F821
F80D
F7FC
F7ED
F7E0
F7D5
F7CC
F7C4
F7BE
F7B9
F7B6
F7B3
F7B1
F7AF
F7AD
F7AB
F7A9
F7A7
F7A3
F79F
F799
F791
F788
F77C
F76E
F75E
F74B
F734
F71B
