F91E
F814
F6FE
F5DC
F4AF
F379
F23A
F0F3
EFA6
EE53
ECFE
EBA6
EA4D
E8F5
E7A0
E64F
E503
E3BF
E284
E154
E030
DF1A
DE14
DD1F
DC3C
DB6E
DAB6
DA14
D98A
D91A
D8C4
D88A
D86C
D86A
D887
D8C1
D91A
D992
DA29
DADF
DBB4
DCA8
DDBB
DEEB
E039
E1A3
E32A
E4CB
E686
E85A
EA45
EC46
EE5C
F085
F2BF
F509
F762
F9C7
FC36
FEAE
012C
03B0
0636
08BD
0B44
0DC7
1046
12BF
152F
1794
19EE
1C3A
1E78
20A4
22BE
24C5
26B6
2892
2A56
2C02
2D94
2F0D
306A
31AC
32D2
33DB
34C7
3596
3647
36DB
3752
37AB
37E7
3806
3809
37F0
37BB
376C
3704
3682
35E7
3535
346D
338E
329B
3195
307B
2F51
2E16
2CCC
2B74
2A0F
289F
2725
25A1
2416
2283
20EC
1F50
1DB1
1C10
1A6E
18CC
172B
158D
13F2
125B
10C9
0F3E
0DB9
0C3C
0AC7
095B
07F9
06A2
0556
0415
02E1
01B9
009E
FF90
FE90
FD9E
FCB9
FBE4
FB1C
FA63
F9B9
F91D
F890
F811
F7A0
F73E
F6EA
F6A3
F66A
F63E
F61F
F60D
F607
F60C
F61E
F63A
F661
F692
F6CD
F710
F75D
F7B1
F80C
F86F
F8D8
F947
F9BB
FA34
FAB1
FB32
FBB6
FC3C
FCC5
FD4F
FDDA
FE66
FEF2
FF7E
0009
0094
011D
01A4
0229
02AB
032B
03A8
0422
0499
050D
057D
05E9
0651
06B4
0713
076E
07C4
0816
0863
08AB
08EF
092E
0968
099E
09CF
09FB
0A23
0A46
0A64
0A7F
0A94
0AA5
0AB2
0ABB
0AC0
0AC0
0ABC
0AB4
0AA8
0A97
0A82
0A69
0A4C
0A2B
0A07
09DF
09B3
0983
0950
0919
08DF
08A2
0861
081D
07D5
078B
073D
06EC
0698
0642
05E8
058B
052C
04CA
0466
03FF
0395
0329
02BB
024A
01D8
0163
00EC
0074
FFF9
FF7D
FF00
FE81
FE00
FD7F
FCFC
FC79
FBF5
FB70
FAEA
FA65
F9DF
F959
F8D3
F84E
F7C9
F744
F6C1
F63E
F5BD
F53D
F4BF
F443
F3C9
F351
F2DB
F269
F1F9
F18E
F127
F0C4
F065
F00A
EFB4
EF62
EF16
EED0
EE8F
EE54
EE1F
EDF0
EDC8
EDA8
ED8E
ED7B
ED71
ED6D
ED72
ED7F
ED94
EDB2
EDD8
EE07
EE3E
EE7E
EEC7
EF19
EF74
EFD8
F044
F0B9
F137
F1BE
F24D
F2E3
F382
F428
F4D5
F589
F643
F703
F7C9
F894
F963
FA36
FB0D
FBE6
FCC2
FD9F
FE7D
FF5B
0039
0115
01EF
02C6
039A
0469
0533
05F7
06B4
076A
0818
08BE
095A
09EC
0A73
0AEE
0B5C
0BBD
0C11
0C56
0C8D
0CB5
0CCD
0CD6
0CCE
0CB7
0C8F
0C57
0C0F
0BB6
0B4D
0AD4
0A4B
09B4
090D
0858
0794
06C4
05E7
04FE
040A
030C
0205
00F5
FFDD
FEC0
FD9D
FC77
FB4D
FA22
F8F7
F7CD
F6A5
F580
F460
F346
F233
F128
F027
EF31
EE47
ED69
EC9A
EBDA
EB2A
EA8A
E9FC
E981
E918
E8C3
E882
E856
E83E
E83B
E84D
E871
E8AA
E8F8
E95A
E9D0
EA59
EAF6
EBA4
EC64
ED34
EE14
EF02
EFFD
F105
F216
F331
F454
F57D
F6AB
F7DB
F90E
FA40
FB70
FC9C
FDC4
FEE4
FFFC
010A
020C
0301
03E6
04BC
057E
062D
06C7
074D
07BB
0813
0852
0879
0886
0879
0852
0810
07B5
073E
06AE
0604
0540
0464
0370
0264
0143
000D
FEC3
FD68
FBFB
FA80
F8F7
F763
F5C5
F41F
F274
F0C5
EF14
ED65
EBB8
EA10
E870
E6D9
E54E
E3D1
E264
E109
DFC3
DE93
DD7A
DC7C
DB9A
DAD4
DA2D
D9A7
D941
D8FE
D8DF
D8E3
D90C
D95A
D9CE
DA67
DB26
DC0A
DD13
DE41
DF92
E106
E29C
E451
E626
E819
EA28
EC50
EE91
F0E8
F353
F5D0
F85C
FAF5
FD98
0043
02F4
05A6
0858
0B07
0DB1
1051
12E7
156F
17E6
1A4A
1C99
1ECF
20EC
22EB
24CC
268D
282B
29A5
2AF8
2C23
2D26
2E00
2EAF
2F33
2F8C
2FB8
2FB8
2F8C
2F34
2EB1
2E02
2D29
2C26
2AFC
29AA
2832
2697
24D9
22FA
20FD
1EE3
1CAF
1A63
1801
158B
1305
1071
0DD1
0B28
0878
05C6
0312
005F
FDB1
FB09
F86A
F5D6
F351
F0DB
EE77
EC27
E9ED
E7CB
E5C3
E3D5
E203
E04F
DEB9
DD42
DBEC
DAB6
D9A1
D8AE
D7DC
D72C
D69D
D62E
D5E0
D5B2
D5A2
D5B1
D5DC
D624
D687
D702
D796
D83F
D8FC
D9CD
DAAE
DB9E
DC9C
DDA4
DEB7
DFD1
E0F1
E214
E33A
E45F
E583
E6A4
E7C0
E8D5
E9E3
EAE7
EBE0
ECCD
EDAD
EE7E
EF41
EFF3
F095
F126
F1A5
F213
F26E
F2B7
F2ED
F312
F324
F326
F316
F2F6
F2C6
F287
F23B
F1E1
F17C
F10C
F092
F010
EF87
EEF7
EE64
EDCE
ED36
EC9E
EC07
EB72
EAE2
EA57
E9D3
E957
E8E4
E87C
E81F
E7CF
E78C
E758
E734
E720
E71D
E72C
E74E
E782
E7C9
E824
E892
E914
E9AA
EA53
EB10
EBDF
ECC2
EDB7
EEBE
EFD6
F0FE
F237
F37E
F4D4
F637
F7A7
F922
FAA8
FC37
FDCE
FF6C
0110
02B9
0465
0615
07C5
0977
0B28
0CD7
0E84
102D
11D1
1370
1508
1699
1822
19A3
1B19
1C86
1DE8
1F3E
2089
21C7
22F9
241D
2534
263E
273A
2827
2907
29D9
2A9C
2B51
2BF9
2C92
2D1D
2D9B
2E0A
2E6C
2EC1
2F08
2F43
2F70
2F92
2FA7
2FB0
2FAD
2F9F
2F86
2F62
2F33
2EFA
2EB6
2E69
2E12
2DB2
2D48
2CD6
2C5A
2BD6
2B4A
2AB5
2A19
2974
28C8
2814
2759
2696
25CD
24FD
2427
234B
2269
2182
2096
1FA4
1EAF
1DB6
1CB9
1BB9
1AB6
19B2
18AB
17A4
169C
1595
148E
1389
1286
1186
108A
0F92
0E9F
0DB1
0CCB
0BEC
0B15
0A47
0984
08CA
081C
0779
06E4
065B
05E0
0573
0516
04C8
0489
045C
043E
0432
0437
044D
0474
04AD
04F7
0552
05BE
063B
06C8
0764
0810
08CB
0994
0A69
0B4C
0C39
0D31
0E35
0F41
1054
116D
128A
13AB
14CE
15F2
1714
1835
1951
1A69
1B7A
1C83
1D82
1E76
1F5E
2039
2104
21BF
2269
2300
2384
23F2
244B
248E
24B9
24CC
24C6
24A8
2470
241F
23B1
232A
2289
21CE
20FA
200E
1F09
1DEC
1CB9
1B6F
1A11
189F
1719
1583
13DC
1226
1063
0E94
0CBB
0AD9
08F1
0704
0513
0321
012F
FF3F
FD53
FB6D
F98E
F7B9
F5EE
F430
F27F
F0DD
EF4C
EDCE
EC64
EB0E
E9CE
E8A5
E794
E69C
E5BE
E4F9
E44E
E3BE
E34A
E2F0
E2B1
E28D
E284
E294
E2BF
E303
E35F
E3D2
E45C
E4FD
E5B1
E679
E754
E83F
E93A
EA44
EB5C
EC80
EDAD
EEE3
F020
F162
F2A8
F3F1
F53A
F683
F7CA
F90E
FA4D
FB87
FCBA
FDE5
FF07
0020
012D
022F
0325
040F
04EB
05BA
067A
072D
07D2
0869
08F1
096C
09D9
0A38
0A8C
0AD3
0B0F
0B3F
0B65
0B81
0B94
0B9E
0BA1
0B9E
0B95
0B87
0B75
0B60
0B49
0B30
0B18
0B00
0AE9
0AD4
0AC2
0AB3
0AA9
0AA3
0AA2
0AA7
0AB2
0AC3
0ADB
0AF9
0B1F
0B4B
0B7F
0BB9
0BFB
0C42
0C8F
0CE2
0D3A
0D96
0DF6
0E5A
0EC1
0F29
0F93
0FFE
1069
10D2
113A
11A0
1202
1261
12BA
130F
135D
13A4
13E4
141B
144A
1471
148D
14A0
14A8
14A7
149A
1483
1461
1434
13FD
13BC
1371
131D
12BF
125A
11EC
1177
10FC
107B
0FF5
0F6B
0EDE
0E50
0DC0
0D30
0CA1
0C15
0B8B
0B06
0A86
0A0D
099A
0930
08CF
0878
082C
07EB
07B6
078E
0773
0766
0768
0777
0796
07C3
07FF
0849
08A2
0908
097B
09FC
0A88
0B1F
0BC1
0C6B
0D1E
0DD8
0E98
0F5C
1024
10EC
11B5
127D
1341
1401
14BB
156D
1616
16B3
1744
17C6
1839
189B
18EB
1927
194F
1960
195B
193E
1909
18BA
1852
17CF
1731
1679
15A6
14B8
13B0
128E
1152
0FFE
0E92
0D0F
0B77
09CA
080A
0638
0457
0268
006D
FE67
FC59
FA45
F82E
F615
F3FD
F1E8
EFD9
EDD2
EBD5
E9E5
E804
E635
E47A
E2D4
E147
DFD4
DE7D
DD44
DC2B
DB33
DA5E
D9AD
D922
D8BD
D880
D86A
D87E
D8BA
D91F
D9AE
DA66
DB46
DC4F
DD7F
DED6
E053
E1F3
E3B7
E59C
E7A0
E9C2
EBFF
EE57
F0C5
F348
F5DE
F883
FB36
FDF3
00B8
0382
064E
091A
0BE2
0EA4
115D
140A
16A9
1937
1BB2
1E16
2062
2294
24A9
269F
2874
2A27
2BB6
2D21
2E65
2F82
3077
3144
31E7
3260
32B0
32D6
32D3
32A6
3251
31D4
312F
3065
2F76
2E63
2D2E
2BD9
2A65
28D3
2727
2561
2384
2192
1F8E
1D78
1B54
1925
16EB
14AA
1263
1019
0DCE
0B84
093E
06FC
04C2
0291
006B
FE51
FC45
FA48
F85D
F683
F4BD
F30A
F16D
EFE5
EE73
ED18
EBD5
EAA8
E993
E894
E7AD
E6DD
E623
E57F
E4F1
E478
E412
E3C0
E380
E352
E333
E324
E323
E32F
E347
E36A
E396
E3CB
E408
E44B
E494
E4E1
E531
E584
E5D9
E62F
E685
E6DB
E72F
E782
E7D3
E822
E86E
E8B8
E8FE
E941
E982
E9BE
E9F7
EA2E
EA63
EA96
EAC7
EAF7
EB27
EB57
EB87
EBB8
EBEC
EC21
EC5A
EC96
ECD7
ED1C
ED67
EDB9
EE10
EE6F
EED6
EF44
EFBB
F03A
F0C2
F153
F1ED
F291
F33D
F3F2
F4B0
F575
F642
F717
F7F3
F8D6
F9BE
FAAB
FB9D
FC92
FD8A
FE83
FF7E
0077
0170
0265
0358
0445
052C
060D
06E5
07B4
0878
0931
09DE
0A7D
0B0D
0B8F
0C00
0C60
0CAF
0CEC
0D16
0D2C
0D2F
0D1E
0CF9
0CC1
0C75
0C16
0BA4
0B1F
0A88
09DF
0926
085D
0784
069E
05AA
04AA
03A0
028C
0171
004F
FF27
FDFC
FCCF
FBA1
FA75
F94A
F824
F704
F5EB
F4DA
F3D4
F2DA
F1EE
F10F
F040
EF82
EED5
EE3B
EDB4
ED41
ECE3
EC9A
EC66
EC48
EC40
EC4D
EC70
ECA9
ECF6
ED58
EDCE
EE57
EEF3
EF9F
F05C
F128
F201
F2E8
F3D9
F4D4
F5D7
F6E1
F7EF
F902
FA17
FB2C
FC3F
FD4F
FE59
FF5E
005A
014C
0232
030C
03D8
0494
053F
05D8
065E
06D0
072E
0776
07A8
07C4
07C9
07B7
078D
074D
06F6
0689
0606
056E
04C1
0400
032C
0247
0152
004D
FF3A
FE1B
FCF2
FBBE
FA84
F943
F7FE
F6B6
F56E
F428
F2E4
F1A5
F06C
EF3C
EE15
ECFB
EBED
EAEE
EA00
E923
E858
E7A2
E701
E676
E602
E5A5
E561
E535
E522
E52B
E54D
E589
E5DE
E64B
E6D0
E76D
E820
E8EA
E9C8
EABA
EBBF
ECD5
EDFB
EF2F
F071
F1BD
F314
F472
F5D6
F73F
F8AA
FA17
FB82
FCEA
FE4E
FFAC
0102
024E
038F
04C3
05EA
0701
0807
08FC
09DF
0AAE
0B68
0C0E
0C9E
0D17
0D7B
0DC8
0DFF
0E1F
0E28
0E1C
0DFA
0DC3
0D78
0D1A
0CA8
0C26
0B93
0AF0
0A40
0983
08BA
07E8
070E
062D
0547
045D
0371
0282
0195
00AA
FFC4
FEE4
FE0B
FD3B
FC75
FBBB
FB0D
FA6D
F9DD
F95C
F8EC
F88E
F842
F809
F7E3
F7D1
F7D2
F7E8
F811
F84E
F89F
F903
F97A
FA03
FA9E
FB49
FC04
FCCF
FDA7
FE8E
FF80
007C
0182
0291
03A6
04C1
05E0
0702
0825
0949
0A6C
0B8D
0CAA
0DC3
0ED5
0FE1
10E5
11E1
12D2
13B9
1495
1565
1629
16E0
1789
1826
18B4
1935
19A8
1A0E
1A66
1AB3
1AF3
1B26
1B4E
1B6A
1B7C
1B84
1B83
1B7A
1B69
1B52
1B35
1B14
1AEE
1AC6
1A9B
1A70
1A44
1A19
19EF
19C8
19A3
1982
1966
194E
193B
192E
1927
1925
192A
1935
1947
195D
197A
199C
19C2
19ED
1A1B
1A4D
1A80
1AB4
1AE9
1B1D
1B4F
1B7E
1BA8
1BCD
1BEB
1C01
1C0E
1C10
1C05
1BED
1BC7
1B90
1B48
1AED
1A7F
19FC
1963
18B3
17EB
170C
1613
14FF
13D2
128A
1127
0FAA
0E12
0C60
0A94
08AE
06AF
0499
026B
0026
FDCD
FB61
F8E1
F652
F3B3
F107
EE50
EB8F
E8C7
E5FA
E32A
E05A
DD8B
DAC1
D7FC
D541
D291
CFEF
CD5D
CADD
C872
C61E
C3E3
C1C3
BFC1
BDDD
BC1B
BA7B
B900
B7AA
B67B
B573
B495
B3E1
B357
B2F7
B2C3
B2BA
B2DB
B328
B39E
B43E
B506
B5F6
B70C
B847
B9A6
BB25
BCC5
BE82
C05B
C24E
C457
C674
C8A3
CAE1
CD2B
CF7F
D1D9
D436
D695
D8F0
DB47
DD96
DFDA
E210
E435
E648
E845
EA2A
EBF4
EDA2
EF31
F0A0
F1EC
F314
F417
F4F4
F5A9
F635
F698
F6D2
F6E2
F6CA
F687
F61C
F589
F4CD
F3EB
F2E3
F1B7
F069
EEF9
ED6A
EBBF
E9F8
E81A
E625
E41D
E204
DFDD
DDAB
DB71
D932
D6F1
D4B1
D275
D040
CE16
CBF8
C9EB
C7F1
C60D
C441
C291
C0FF
BF8E
BE3F
BD15
BC12
BB38
BA88
BA03
B9AD
B984
B98B
B9C1
BA29
BAC1
BB8B
BC85
BDB0
BF0C
C097
C251
C439
C64C
C88B
CAF3
CD83
D037
D310
D609
D920
DC54
DFA1
E305
E67A
EA01
ED94
F133
F4D9
F883
FC2E
FFD8
037D
0719
0AAA
0E2E
11A0
14FE
1845
1B73
1E85
2179
244B
26FB
2986
2BEA
2E25
3036
321B
33D4
355E
36BA
37E7
38E3
39AF
3A4B
3AB5
3AF0
3AFA
3AD5
3A82
3A01
3954
387B
3778
364D
34FB
3384
31EA
302F
2E54
2C5D
2A4B
2821
25E1
238D
2129
1EB5
1C36
19AD
171E
148A
11F3
0F5E
0CCB
0A3D
07B7
053B
02CB
0069
FE17
FBD6
F9AA
F793
F593
F3AB
F1DD
F02A
EE92
ED18
EBBB
EA7D
E95E
E85E
E77E
E6BE
E61E
E59D
E53D
E4FB
E4D8
E4D4
E4ED
E523
E575
E5E2
E66A
E70A
E7C1
E88F
E972
EA68
EB70
EC8A
EDB3
EEEA
F02D
F17B
F2D3
F432
F598
F702
F86F
F9DF
FB4F
FCBD
FE2A
FF92
00F6
0253
03AA
04F8
063D
0777
08A7
09CA
0AE1
0BEC
0CE8
0DD6
0EB6
0F88
1049
10FB
119E
1232
12B8
132E
1396
13F0
143B
147A
14AB
14D0
14EA
14F8
14FB
14F4
14E4
14CC
14AC
1485
1457
1424
13ED
13B1
1373
1331
12EF
12AB
1267
1223
11E0
119E
115E
1120
10E6
10AE
107B
104B
1020
0FF9
0FD7
0FBA
0FA1
0F8D
0F7D
0F72
0F6A
0F67
0F68
0F6C
0F72
0F7B
0F86
0F92
0FA0
0FAD
0FBA
0FC6
0FD1
0FD9
0FDE
0FDF
0FDC
0FD3
0FC7
0FB4
0F99
0F76
0F4B
0F16
0ED7
0E8E
0E3A
0DDA
0D6E
0CF6
0C71
0BDF
0B40
0A93
09D9
0912
083D
075A
066A
056D
0464
034E
022B
00FE
FFC5
FE82
FD36
FBE0
FA83
F91E
F7B5
F647
F4D4
F35E
F1E6
F06C
EEF3
ED7B
EC06
EA94
E928
E7C2
E663
E50E
E3C3
E284
E151
E02D
DF18
DE14
DD22
DC42
DB77
DAC0
DA20
D997
D925
D8CC
D88D
D867
D85C
D86C
D897
D8DE
D940
D9BF
DA5A
DB11
DBE3
DCD1
DDDA
DEFF
E03D
E195
E306
E490
E630
E7E8
E9B4
EB95
ED89
EF8F
F1A6
F3CB
F5FF
F83F
FA8A
FCDF
FF3B
019D
0404
066E
08D9
0B44
0DAE
1015
1276
14CF
1721
1967
1BA2
1DD0
1FEF
21FE
23FB
25E5
27BC
297D
2B28
2CBC
2E38
2F9B
30E4
3213
3327
341F
34FB
35BC
365F
36E6
3751
379F
37D0
37E5
37DE
37BB
377F
3728
36B7
362C
3589
34CE
33FC
3314
3217
3106
2FE2
2EAC
2D65
2C0F
2AAB
2939
27BC
2635
24A4
230B
216B
1FC7
1E1E
1C72
1AC5
1917
176A
15BF
1418
1274
10D6
0F3E
0DAB
0C21
0A9F
0928
07BC
065B
0506
03BD
0282
0155
0036
FF25
FE23
FD30
FC4C
FB78
FAB3
F9FD
F957
F8C0
F839
F7C0
F757
F6FC
F6B0
F671
F640
F61D
F606
F5FC
F5FF
F60C
F625
F649
F677
F6AE
F6EF
F737
F788
F7E1
F840
F8A5
F910
F981
F9F6
FA6F
FAEC
FB6B
FBEE
FC72
FCF9
FD80
FE08
FE90
FF19
FFA1
0028
00AE
0132
01B5
0235
02B3
032F
03A8
041E
0490
04FF
056A
05D2
0635
0695
06F1
0748
079B
07EA
0835
087B
08BD
08FB
0935
096B
099C
09C9
09F2
0A17
0A38
0A55
0A6D
0A82
0A93
0AA0
0AAA
0AAF
0AB1
0AAE
0AA8
0A9E
0A8F
0A7D
0A66
0A4C
0A2E
0A0D
09E7
09BE
0990
095F
092A
08F0
08B3
0872
082C
07E3
0796
0745
06EF
0696
0639
05D9
0574
050C
04A1
0432
03BF
034A
02D1
0256
01D8
0156
00D2
004C
FFC4
FF3A
FEB0
FE24
FD97
FD09
FC7C
FBEE
FB61
FAD4
FA48
F9BC
F933
F8AB
F824
F7A0
F71E
F69E
F621
F5A8
F531
F4BD
F44D
F3E0
F377
F312
F2B0
F253
F1F9
F1A3
F152
F104
F0BB
F076
F035
EFF9
EFC1
EF8D
EF5E
EF33
EF0D
EEEB
EECD
EEB5
EEA1
EE91
EE87
EE81
EE81
EE85
EE8F
EE9F
EEB4
EECF
EEF1
EF18
EF46
EF7B
EFB7
EFFA
F044
F096
F0F0
F152
F1BD
F22F
F2AA
F32E
F3BA
F44F
F4ED
F593
F641
F6F8
F7B7
F87E
F94C
FA21
FAFD
FBDE
FCC6
FDB2
FEA2
FF95
008B
0182
027A
0371
0467
055A
0649
0734
0818
08F4
09C7
0A91
0B4F
0C00
0CA4
0D38
0DBD
0E30
0E91
0EDF
0F19
0F3F
0F4F
0F49
0F2D
0EFA
0EB0
0E50
0DD8
0D4A
0CA5
0BEA
0B19
0A34
093B
082F
0712
05E4
04A6
035C
0205
00A2
FF37
FDC4
FC4D
FAD3
F959
F7DF
F669
F4F8
F38F
F22F
F0DB
EF94
EE5C
ED36
EC22
EB23
EA3A
E968
E8AE
E80F
E789
E71F
E6D1
E69F
E689
E690
E6B2
E6F1
E74B
E7BF
E84D
E8F3
E9B0
EA84
EB6C
EC67
ED73
EE8D
EFB5
F0E7
F222
F363
F4A8
F5EF
F734
F877
F9B4
FAE9
FC15
FD35
FE46
FF48
0038
0114
01DC
028E
0329
03AB
0415
0465
049C
04B9
04BC
04A5
0476
042F
03D0
035B
02D1
0233
0183
00C3
FFF5
FF1A
FE34
FD47
FC53
FB5C
FA63
F96B
F876
F786
F69E
F5C0
F4EE
F42A
F376
F2D3
F244
F1CA
F165
F118
F0E3
F0C7
F0C5
F0DC
F10D
F158
F1BD
F23C
F2D4
F384
F44B
F529
F61B
F721
F839
F961
FA97
FBDA
FD28
FE7E
FFDB
013C
029F
0403
0565
06C3
081B
096B
0AB2
0BED
0D1B
0E3B
0F4A
1049
1135
120F
12D5
1386
1423
14AA
151C
157A
15C2
15F6
1616
1624
161F
1608
15E2
15AD
156B
151C
14C3
1460
13F7
1387
1313
129D
1225
11AF
113A
10C9
105D
0FF8
0F9B
0F46
0EFB
0EBB
0E88
0E60
0E46
0E38
0E39
0E47
0E62
0E8B
0EC1
0F03
0F52
0FAB
100F
107D
10F3
1170
11F4
127C
1307
1395
1423
14B0
153B
15C2
1643
16BE
1731
179A
17F9
184C
1891
18C9
18F2
190C
1914
190B
18F1
18C4
1885
1833
17CF
1758
16CF
1634
1587
14C9
13FC
131E
1233
1139
1033
0F22
0E06
0CE2
0BB6
0A83
094C
0811
06D4
0596
0459
031E
01E7
00B7
FF8D
FE6A
FD51
FC42
FB3E
FA46
F95C
F880
F7B3
F6F6
F64A
F5B0
F527
F4B1
F44E
F3FE
F3C1
F399
F384
F383
F396
F3BD
F3F8
F446
F4A7
F51C
F5A3
F63D
F6E9
F7A6
F874
F954
FA44
FB44
FC52
FD6E
FE98
FFCF
0112
0261
03BA
051D
068A
07FF
097C
0AFF
0C89
0E18
0FAB
1141
12DA
1475
1610
17AB
1945
1ADC
1C70
1DFF
1F89
210D
2288
23FB
2565
26C2
2814
2958
2A8D
2BB4
2CC9
2DCD
2EBD
2F9A
3062
3114
31AE
3231
329B
32EB
3321
333B
333A
331C
32E1
3289
3214
3180
30CF
2FFF
2F11
2E05
2CDC
2B96
2A33
28B4
2719
2564
2395
21AD
1FAE
1D99
1B6E
1931
16E2
1482
1215
0F9A
0D15
0A87
07F2
0558
02BC
001F
FD83
FAEB
F859
F5CE
F34E
F0DA
EE74
EC1E
E9DB
E7AC
E592
E391
E1A9
DFDD
DE2D
DC9C
DB2B
D9DA
D8AC
D79F
D6B7
D5F2
D552
D4D8
D483
D453
D449
D465
D4A6
D50B
D595
D643
D713
D804
D917
DA48
DB98
DD05
DE8D
E02E
E1E7
E3B6
E59A
E78F
E995
EBA9
EDC8
EFF2
F224
F45B
F696
F8D1
FB0C
FD44
FF76
01A1
03C2
05D8
07E1
09DA
0BC2
0D97
0F57
1101
1294
140E
156E
16B2
17DA
18E5
19D2
1AA0
1B4F
1BDE
1C4D
1C9D
1CCC
1CDB
1CCB
1C9C
1C4E
1BE2
1B58
1AB1
19EF
1912
181A
170B
15E4
14A7
1355
11F1
107B
0EF6
0D62
0BC2
0A17
0863
06A8
04E7
0322
015C
FF95
FDCF
FC0C
FA4E
F897
F6E7
F540
F3A4
F214
F091
EF1D
EDB9
EC65
EB23
E9F3
E8D6
E7CD
E6D8
E5F8
E52C
E476
E3D5
E349
E2D3
E271
E225
E1EC
E1C8
E1B6
E1B8
E1CB
E1F0
E225
E26A
E2BD
E31D
E38A
E403
E485
E511
E5A4
E63E
E6DD
E781
E828
E8D0
E979
EA22
EAC9
EB6C
EC0C
ECA7
ED3C
EDCA
EE50
EECD
EF40
EFA9
F007
F059
F09F
F0D9
F105
F124
F134
F137
F12C
F113
F0EC
F0B7
F073
F023
EFC5
EF58
EEDF
EE5B
EDCA
ED2F
EC89
EBDA
EB23
EA63
E99B
E8CE
E7FB
E723
E648
E569
E489
E3A8
E2C7
E1E6
E108
E02C
DF55
DE81
DDB3
DCEC
DC2C
DB73
DAC4
DA1E
D982
D8F1
D86C
D7F2
D785
D725
D6D3
D68F
D659
D631
D619
D60F
D615
D62A
D64E
D682
D6C5
D718
D77A
D7EA
D86A
D8F8
D994
DA3E
DAF5
DBBA
DC8C
DD69
DE53
DF47
E046
E150
E262
E37E
E4A2
E5CE
E701
E83A
E979
EABD
EC06
ED51
EEA0
EFF1
F144
F297
F3EB
F53E
F690
F7E1
F92F
FA7A
FBC1
FD04
FE43
FF7C
00AF
01DB
0301
041F
0535
0642
0747
0843
0934
0A1C
0AF9
0BCA
0C8F
0D49
0DF8
0E9A
0F31
0FBB
1039
10AB
1110
1168
11B4
11F3
1225
124A
1263
126F
126F
1262
1249
1225
11F4
11B8
1170
111E
10C0
1059
0FE7
0F6C
0EE7
0E5A
0DC4
0D25
0C7E
0BD1
0B1D
0A63
09A4
08E0
0818
074C
067D
05AC
04D8
0403
032E
0258
0182
00AE
FFDA
FF09
FE3A
FD6E
FCA6
FBE2
FB22
FA67
F9B2
F902
F859
F7B6
F71A
F686
F5F9
F574
F4F8
F484
F418
F3B5
F35A
F308
F2BF
F27E
F246
F217
F1F0
F1D2
F1BD
F1AF
F1AA
F1AC
F1B6
F1C7
F1DF
F1FD
F221
F24C
F27B
F2B0
F2E8
F325
F365
F3A9
F3EE
F436
F47E
F4C9
F514
F55F
F5A9
F5F1
F637
F67B
F6BC
F6F9
F731
F766
F795
F7BE
F7E2
F7FF
F816
F825
F82D
F82E
F826
F816
F7FE
F7DD
F7B4
F782
F748
F705
F6B9
F665
F609
F5A4
F538
F4C4
F44A
F3C9
F341
F2B3
F21F
F187
F0E9
F048
EFA3
EEFA
EE50
EDA3
ECF5
EC46
EB97
EAE9
EA3C
E992
E8E9
E844
E7A3
E707
E670
E5DF
E555
E4D2
E457
E3E4
E37B
E31B
E2C5
E27B
E23B
E207
E1DF
E1C4
E1B6
E1B5
E1C1
E1DC
E204
E23A
E27F
E2D3
E335
E3A5
E424
E4B2
E54D
E5F7
E6AF
E775
E847
E927
EA13
EB0C
EC10
ED1F
EE38
EF5C
F088
F1BE
F2FA
F43E
F588
F6D8
F82B
F982
FADC
FC37
FD93
FEEF
0049
01A2
02F7
0449
0595
06DC
081B
0953
0A82
0BA8
0CC3
0DD3
0ED8
0FCF
10B9
1195
1262
1320
13CE
146B
14F8
1574
15DE
1638
1680
16B7
16DB
16ED
16ED
16DB
16B7
1682
163B
15E4
157B
1503
147B
13E4
133F
128C
11CD
1101
102A
0F49
0E5E
0D6B
0C71
0B71
0A6B
0960
0853
0744
0634
0525
0417
030C
0205
0103
0007
FF12
FE25
FD41
FC67
FB99
FAD6
FA21
F979
F8E0
F857
F7DD
F775
F71E
F6D8
F6A5
F684
F676
F67B
F693
F6BF
F6FD
F74F
F7B3
F82A
F8B3
F94E
F9FA
FAB7
FB83
FC5E
FD48
FE3F
FF42
0051
016A
028D
03B8
04EB
0623
0760
08A1
09E5
0B29
0C6E
0DB1
0EF1
102E
1166
1298
13C2
14E4
15FC
170A
180C
1902
19EA
1AC4
1B8F
1C4A
1CF5
1D8F
1E18
1E8F
1EF4
1F46
1F86
1FB4
1FCF
1FD8
1FCE
1FB3
1F86
1F47
1EF8
1E98
1E28
1DAA
1D1D
1C82
1BDB
1B28
1A6A
19A2
18D1
17F7
1717
1631
1546
1457
1365
1272
117D
1089
0F96
0EA5
0DB7
0CCD
0BE8
0B08
0A2F
095C
0891
07CD
0712
0660
05B6
0516
047F
03F1
036D
02F2
0280
0216
01B5
015C
010B
00C0
007C
003D
0003
FFCE
FF9B
FF6B
FF3D
FF10
FEE2
FEB2
FE81
FE4C
FE13
FDD4
FD8F
FD43
FCF0
FC93
FC2C
FBBC
FB40
FAB8
FA24
F983
F8D4
F818
F74E
F677
F591
F49D
F39B
F28B
F16E
F044
EF0D
EDCB
EC7E
EB26
E9C5
E85C
E6EC
E576
E3FA
E27C
E0FB
DF7A
DDFA
DC7C
DB02
D98E
D822
D6BF
D566
D41A
D2DD
D1AF
D093
CF8A
CE96
CDB9
CCF3
CC46
CBB4
CB3E
CAE5
CAA9
CA8D
CA90
CAB4
CAF9
CB5F
CBE8
CC92
CD5F
CE4D
CF5D
D08F
D1E0
D352
D4E3
D692
D85E
DA45
DC47
DE62
E093
E2DA
E535
E7A1
EA1C
ECA4
EF38
F1D3
F475
F71B
F9C2
FC68
FF0A
01A6
0439
06C0
093A
0BA3
0DFB
103E
126A
147C
1672
184B
1A04
1B9B
1D10
1E60
1F8A
208D
2167
2218
22A0
22FD
232F
2336
2312
22C3
2249
21A6
20D8
1FE2
1EC5
1D81
1C18
1A8B
18DD
170E
1521
1319
10F8
0EBF
0C72
0A12
07A1
0524
029B
000B
FD75
FADC
F844
F5AF
F31F
F098
EE1D
EBAF
E952
E707
E4D2
E2B5
E0B2
DECB
DD02
DB59
D9D2
D86E
D72F
D615
D524
D45A
D3B9
D342
D2F5
D2D3
D2DB
D30E
D36C
D3F3
D4A3
D57C
D67D
D7A4
D8F0
DA60
DBF3
DDA7
DF7A
E16A
E375
E59A
E7D6
EA26
EC8A
EEFD
F17E
F40B
F6A1
F93E
FBDE
FE81
0122
03C1
065A
08EC
0B74
0DF0
105E
12BC
1508
1740
1962
1B6C
1D5E
1F36
20F2
2291
2413
2576
26BA
27DE
28E1
29C4
2A85
2B26
2BA6
2C04
2C43
2C61
2C60
2C3F
2C01
2BA5
2B2E
2A9B
29EE
2928
284C
275B
2655
253B
2410
22D5
218B
2035
1ED3
1D67
1BF4
1A79
18FA
1777
15F2
146D
12E9
1167
0FE9
0E6F
0CFC
0B91
0A2E
08D4
0785
0641
0509
03DE
02C1
01B1
00B0
FFBE
FEDB
FE08
FD45
FC91
FBED
FB59
FAD5
FA61
F9FB
F9A5
F95D
F924
F8F8
F8D9
F8C7
F8C1
F8C7
F8D7
F8F1
F915
F941
F976
F9B2
F9F4
FA3D
FA8A
FADC
FB32
FB8B
FBE6
FC43
FCA1
FD00
FD5F
FDBE
FE1B
FE77
FED2
FF2A
FF7F
FFD1
0020
006C
00B3
00F6
0135
0170
01A6
01D7
0203
022B
024E
026B
0284
0299
02A8
02B3
02B9
02BB
02B8
02B1
02A7
0298
0286
0270
0256
023A
021A
01F8
01D3
01AC
0182
0157
012A
00FB
00CB
009A
0068
0034
0001
FFCC
FF98
FF63
FF2E
FEF9
FEC4
FE90
FE5C
FE29
FDF6
FDC3
FD91
FD61
FD30
FD01
FCD3
FCA4
FC77
FC4A
FC1E
FBF3
FBC8
FB9E
FB75
FB4C
FB24
FAFD
FAD6
FAAF
FA89
FA63
FA3D
FA18
F9F2
F9CD
F9A7
F981
F95B
F934
F90C
F8E4
F8BB
F890
F864
F837
F808
F7D7
F7A5
F771
F73A
F701
F6C5
F685
F643
F5FC
F5B2
F563
F511
F4BA
F45F
F3FF
F39A
F330
F2C0
F24C
F1D2
F153
F0CF
F044
EFB4
EF1F
EE84
EDE3
ED3D
EC92
EBE1
EB2A
EA6F
E9AF
E8EA
E820
E752
E680
E5AA
E4D1
E3F5
E317
E236
E154
E072
DF8E
DEAB
DDC8
DCE6
DC06
DB28
DA4C
D975
D8A1
D7D2
D708
D644
D587
D4D1
D422
D37C
D2DF
D24B
D1C0
D140
D0CB
D061
D002
CFAE
CF66
CF2B
CEFC
CEDB
CEC6
CEBE
CEC3
CED5
CEF4
CF1F
CF57
CF9B
CFEB
D046
D0AC
D11D
D197
D21B
D2A8
D33D
D3D9
D47C
D525
D5D2
D684
D739
D7F0
D8A9
D963
DA1C
DAD5
DB8C
DC40
DCEF
DD9A
DE3F
DEDD
DF74
E002
E087
E103
E175
E1DB
E237
E286
E2CA
E300
E32A
E347
E357
E359
E34E
E336
E311
E2DF
E2A0
E255
E1FE
E19B
E12E
E0B6
E035
DFAA
DF16
DE7B
DDDA
DD32
DC86
DBD6
DB23
DA6E
D9B9
D903
D84E
D79C
D6ED
D642
D59C
D4FC
D463
D3D3
D34B
D2CD
D259
D1F1
D195
D145
D102
D0CD
D0A6
D08D
D083
D088
D09C
D0BE
D0EE
D12E
D17D
D1DA
D246
D2C0
D348
D3DD
D47E
D52B
D5E4
D6A6
D773
D848
D926
DA0A
DAF5
DBE4
DCD8
DDCF
DEC8
DFC2
E0BC
E1B5
E2AD
E3A2
E493
E57F
E666
E747
E821
E8F3
E9BC
EA7D
EB34
EBE1
EC85
ED1E
EDAC
EE30
EEAA
EF19
EF7D
EFD7
F028
F06F
F0AD
F0E2
F110
F136
F156
F170
F185
F196
F1A4
F1B0
F1BA
F1C4
F1CF
F1DC
F1EB
F1FF
F217
F235
F259
F286
F2BA
F2F9
F342
F396
F3F6
F462
F4DB
F562
F5F7
F69B
F74D
F80E
F8DE
F9BD
FAAA
FBA6
FCB1
FDCA
FEF0
0023
0163
02AE
0404
0564
06CD
083E
09B6
0B34
0CB6
0E3C
0FC5
114E
12D6
145D
15E0
175E
18D6
1A47
1BAE
1D0B
1E5D
1FA1
20D8
21FF
2315
241A
250C
25EB
26B5
276A
280A
2893
2905
2960
29A4
29D0
29E4
29E1
29C7
2995
294D
28EE
287A
27F1
2754
26A3
25E0
250D
2429
2336
2236
212B
2014
1EF4
1DCD
1CA0
1B6E
1A39
1902
17CC
1698
1567
143B
1315
11F7
10E2
0FD8
0ED9
0DE8
0D04
0C30
0B6C
0AB9
0A17
0987
090A
08A0
0849
0807
07D9
07BE
07B8
07C5
07E5
0819
085F
08B6
091E
0997
0A1F
0AB5
0B58
0C07
0CC1
0D84
0E50
0F22
0FFA
10D6
11B4
1293
1372
144F
1528
15FD
16CC
1793
1852
1906
19AF
1A4B
1ADA
1B5A
1BCB
1C2C
1C7C
1CBA
1CE7
1D01
1D08
1CFC
1CDE
1CAD
1C69
1C12
1BA9
1B2F
1AA3
1A07
195B
18A0
17D7
1701
161F
1532
143C
133D
1238
112E
101F
0F0C
0DF8
0CE3
0BCF
0ABE
09B0
08A8
07A6
06AB
05B9
04D2
03F6
0326
0263
01AF
010A
0075
FFF0
FF7C
FF19
FEC9
FE8B
FE5F
FE46
FE3F
FE4A
FE68
FE97
FED8
FF2A
FF8D
FFFF
0080
010F
01AB
0253
0306
03C3
0489
0557
062B
0705
07E4
08C5
09A8
0A8C
0B70
0C52
0D31
0E0C
0EE3
0FB3
107D
113F
11F8
12A8
134D
13E8
1478
14FC
1574
15DF
163E
1690
16D5
170D
1739
1758
176B
1772
176E
175F
1746
1724
16F9
16C7
168D
164E
1609
15C1
1575
1528
14D9
148A
143D
13F1
13A9
1364
1325
12EC
12B9
128E
126B
1253
1244
123F
1244
1255
1270
1298
12CB
130A
1355
13AB
140D
147B
14F3
1575
1602
1697
1735
17DB
1887
193A
19F1
1AAC
1B6A
1C2A
1CEA
1DA9
1E66
1F20
1FD5
2084
212C
21CC
2261
22EC
236A
23DA
243C
248F
24D0
2500
251D
2527
251D
24FE
24CA
2480
2421
23AB
231F
227D
21C5
20F6
2012
1F18
1E0A
1CE8
1BB2
1A6A
1910
17A5
162B
14A3
130D
116C
0FBF
0E0A
0C4E
0A8B
08C4
06FB
0530
0366
019E
FFDB
FE1D
FC67
FAB9
F916
F780
F5F7
F47E
F315
F1BE
F07B
EF4C
EE33
ED30
EC46
EB74
EABB
EA1C
E998
E92F
E8E1
E8AE
E897
E89C
E8BC
E8F7
E94E
E9C0
EA4B
EAF0
EBAE
EC84
ED71
EE75
EF8D
F0BA
F1F9
F34A
F4AB
F61B
F798
F922
FAB6
FC54
FDF9
FFA4
0154
0308
04BD
0672
0827
09D8
0B86
0D2F
0ED0
106A
11FB
1382
14FE
166E
17D1
1927
1A6E
1BA6
1CCE
1DE5
1EEC
1FE2
20C6
2198
2257
2305
23A1
242A
24A1
2506
2559
259B
25CC
25EC
25FC
25FC
25EC
25CE
25A2
2568
251F
24CB
246A
23FF
2389
230A
2282
21F2
215B
20BD
2019
1F6F
1EC1
1E0F
1D59
1CA1
1BE6
1B2A
1A6C
19AD
18EE
1830
1771
16B4
15F7
153D
1483
13CC
1316
1263
11B3
1105
1057
0FAC
0F04
0E5F
0DBD
0D1D
0C80
0BE6
0B4F
0ABB
0A2A
099C
0910
0888
0802
0780
0701
0684
060B
0596
0523
04B4
0449
03E1
037D
031E
02C3
026C
021A
01CC
0184
0142
0105
00CF
009F
0075
0052
0036
0022
0015
000F
0012
001C
002F
004A
006E
009B
00D0
010D
0154
01A3
01FB
025B
02C4
0336
03AF
0431
04BA
054A
05E2
0680
0725
07D0
0880
0936
09F0
0AAF
0B71
0C36
0CFE
0DC7
0E92
0F5C
1027
10F1
11BA
1280
1344
1405
14C1
1579
162B
16D7
177D
181C
18B4
1943
19CA
1A47
1ABC
1B26
1B86
1BDC
1C28
1C68
1C9D
1CC5
1CE3
1CF4
1CFB
1CF6
1CE6
1CCC
1CA6
1C76
1C3C
1BF8
1BAA
1B53
1AF4
1A8D
1A1E
19A8
192C
18AA
1822
1797
1707
1675
15E0
1549
14B1
1419
1381
12EB
1256
11C4
1135
10AA
1024
0FA3
0F27
0EB2
0E43
0DDC
0D7D
0D25
0CD6
0C90
0C53
0C1F
0BF5
0BD4
0BBD
0BB0
0BAC
0BB2
0BC1
0BD9
0BFB
0C26
0C59
0C95
0CD8
0D23
0D75
0DCE
0E2D
0E91
0EFB
0F69
0FDB
1050
10C9
1143
11BF
123C
12B9
1336
13B1
142B
14A2
1517
1587
15F3
165A
16BB
1717
176B
17B9
17FE
183C
1871
189D
18BF
18D8
18E6
18EB
18E5
18D4
18B8
1891
1860
1823
17DB
1789
172B
16C3
1650
15D3
154B
14BA
141F
137A
12CD
1217
1159
1093
0FC6
0EF3
0E19
0D39
0C54
0B6B
0A7E
098E
089B
07A6
06B0
05B9
04C3
03CD
02D9
01E7
00FB
0012
FF2E
FE4F
FD76
FCA4
FBDA
FB17
FA5E
F9AE
F909
F86F
F7E0
F75D
F6E7
F67F
F624
F5D8
F59B
F56E
F550
F543
F546
F55A
F57F
F5B6
F5FE
F658
F6C4
F742
F7D2
F874
F928
F9EE
FAC5
FBAE
FCA7
FDB1
FECB
FFF5
012E
0275
03CA
052C
069A
0813
0997
0B25
0CBB
0E58
0FFC
11A5
1352
1503
16B4
1867
1A18
1BC7
1D72
1F18
20B9
2251
23E0
2565
26DC
2846
29A2
2AED
2C28
2D50
2E64
2F64
304D
311F
31D9
327A
3301
336C
33BC
33EF
3405
33FE
33D8
3394
3331
32AF
320E
314E
306F
2F72
2E56
2D1D
2BC6
2A53
28C3
2719
2556
2379
2185
1F7B
1D5C
1B29
18E3
168E
1429
11B7
0F3A
0CB3
0A25
0791
04F9
025F
FFC6
FD2F
FA9C
F80F
F58B
F311
F0A4
EE44
EBF6
E9B9
E790
E57D
E382
E1A0
DFD8
DE2D
DCA0
DB32
D9E4
D8B7
D7AD
D6C5
D601
D561
D4E6
D490
D45F
D454
D46D
D4AC
D50F
D597
D642
D70F
D7FF
D90F
DA3F
DB8E
DCF9
DE80
E021
E1DB
E3AB
E58F
E787
E98F
EBA5
EDC8
EFF7
F22D
F46A
F6AA
F8EC
FB2D
FD6B
FFA4
01D5
03FD
0619
0827
0A25
0C12
0DEB
0FAF
115C
12F0
146A
15CA
170D
1832
1939
1A21
1AE9
1B90
1C17
1C7D
1CC2
1CE5
1CE8
1CCB
1C8D
1C30
1BB5
1B1B
1A65
1994
18A8
17A3
1685
1552
140A
12AE
1141
0FC4
0E38
0CA0
0AFE
0953
07A0
05E9
042E
0271
00B4
FEF9
FD41
FB8E
F9E2
F83D
F6A2
F511
F38C
F214
F0AA
EF4F
EE03
ECC9
EBA0
EA88
E983
E891
E7B1
E6E4
E62B
E585
E4F2
E471
E404
E3A8
E35E
E326
E2FE
E2E6
E2DE
E2E5
E2F9
E31B
E34A
E384
E3C9
E417
E46F
E4CF
E536
E5A4
E617
E68F
E70B
E78A
E80B
E88E
E911
E995
EA17
EA98
EB17
EB93
EC0C
EC80
ECF0
ED5A
EDBF
EE1E
EE75
EEC6
EF0E
EF4F
EF86
EFB5
EFDB
EFF7
F009
F011
F00E
F001
EFE8
EFC5
EF95
EF59
EF12
EEC0
EE62
EDF8
ED83
ED03
EC77
EBE0
EB3E
EA92
E9DC
E91C
E853
E781
E6A7
E5C5
E4DD
E3EF
E2FC
E205
E10A
E00E
DF10
DE13
DD17
DC1D
DB28
DA37
D94E
D86C
D794
D6C6
D605
D551
D4AC
D417
D393
D323
D2C6
D27E
D24C
D231
D22E
D243
D272
D2BA
D31D
D39A
D432
D4E5
D5B2
D69A
D79B
D8B6
D9E9
DB34
DC96
DE0D
DF98
E135
E2E4
E4A2
E66F
E847
EA29
EC13
EE01
EFF3
F1E5
F3D5
F5C1
F7A7
F983
FB54
FD17
FECA
006B
01F8
036E
04CB
060E
0736
083F
092A
09F4
0A9D
0B24
0B89
0BCA
0BE7
0BE0
0BB6
0B69
0AF9
0A66
09B1
08DD
07EA
06DA
05AE
0468
030B
0197
0010
FE77
FCCF
FB1B
F95C
F795
F5C9
F3FA
F22B
F05E
EE96
ECD5
EB1D
E971
E7D2
E643
E4C5
E35B
E205
E0C5
DF9C
DE8C
DD95
DCB6
DBF2
DB48
DAB9
DA44
D9EA
D9AA
D983
D975
D97E
D99E
D9D3
DA1C
DA77
DAE3
DB5F
DBE7
DC7B
DD19
DDBF
DE6B
DF1B
DFCD
E080
E131
E1DF
E289
E32C
E3C7
E459
E4E1
E55D
E5CD
E630
E684
E6CA
E700
E727
E73F
E746
E73F
E729
E704
E6D2
E692
E647
E5F0
E58E
E524
E4B2
E43A
E3BC
E33B
E2B7
E233
E1AF
E12D
E0AF
E035
DFC2
DF56
DEF3
DE99
DE4A
DE07
DDD0
DDA6
DD8A
DD7D
DD7E
DD8F
DDAF
DDDE
DE1D
DE6A
DEC7
DF32
DFAB
E031
E0C4
E162
E20C
E2BF
E37A
E43E
E507
E5D6
E6AA
E77F
E857
E92E
EA05
EAD9
EBAA
EC76
ED3C
EDFB
EEB3
EF61
F006
F0A0
F12F
F1B3
F22A
F295
F2F2
F342
F384
F3B9
F3E1
F3FB
F408
F408
F3FC
F3E4
F3C1
F393
F35C
F31B
F2D3
F283
F22D
F1D2
F173
F110
F0AC
F047
EFE1
EF7E
EF1E
EEC0
EE67
EE14
EDC7
ED81
ED43
ED0E
ECE3
ECC2
ECAD
ECA3
ECA5
ECB3
ECCE
ECF7
ED2C
ED6F
EDBF
EE1D
EE87
EEFF
EF83
F013
F0AF
F157
F209
F2C5
F38B
F459
F530
F60D
F6F1
F7DA
F8C7
F9B8
FAAA
FB9E
FC93
FD87
FE79
FF68
0054
013B
021C
02F6
03C9
0494
0555
060C
06B8
0758
07EB
0872
08EA
0954
09AF
09FB
0A37
0A62
0A7D
0A87
0A80
0A68
0A3E
0A03
09B7
095A
08EB
086C
07DD
073D
068D
05CE
0500
0424
033B
0245
0142
0034
FF1C
FDFA
FCCF
FB9C
FA62
F923
F7DE
F695
F54A
F3FD
F2AF
F162
F016
EECC
ED86
EC45
EB0A
E9D5
E8A8
E783
E668
E558
E453
E35B
E270
E193
E0C6
E007
DF5A
DEBD
DE31
DDB8
DD51
DCFC
DCBB
DC8E
DC74
DC6D
DC7A
DC9B
DCD0
DD18
DD73
DDE1
DE62
DEF5
DF99
E04F
E116
E1EC
E2D1
E3C5
E4C5
E5D3
E6EC
E80F
E93C
EA72
EBB0
ECF4
EE3D
EF8C
F0DD
F231
F386
F4DC
F631
F783
F8D3
FA1F
FB67
FCA8
FDE3
FF16
0041
0164
027C
038A
048D
0585
0670
0750
0822
08E8
09A1
0A4C
0AEA
0B7B
0BFE
0C74
0CDD
0D3A
0D8A
0DCD
0E06
0E33
0E55
0E6D
0E7C
0E82
0E80
0E77
0E68
0E52
0E38
0E1A
0DF9
0DD6
0DB1
0D8C
0D68
0D45
0D23
0D05
0CEB
0CD5
0CC4
0CB9
0CB5
0CB9
0CC5
0CD9
0CF6
0D1D
0D4E
0D8A
0DD0
0E21
0E7C
0EE3
0F55
0FD2
1059
10EB
1187
122D
12DD
1395
1455
151D
15EC
16C1
179C
187B
195E
1A42
1B28
1C0F
1CF4
1DD7
1EB6
1F92
2067
2136
21FC
22B9
236C
2412
24AD
2539
25B6
2623
267F
26C9
2700
2724
2734
272E
2713
26E2
269A
263C
25C6
253A
2496
23DC
230A
2222
2124
2010
1EE6
1DA8
1C56
1AF1
1979
17F1
1659
14B3
12FF
113F
0F75
0DA2
0BC8
09E8
0803
061C
0435
024E
006A
FE8A
FCB1
FAE0
F918
F75B
F5AB
F409
F278
F0F9
EF8D
EE35
ECF2
EBC6
EAB1
E9B4
E8D1
E808
E75A
E6C6
E64E
E5F2
E5B2
E58D
E585
E598
E5C6
E60F
E672
E6EF
E785
E833
E8F7
E9D1
EAC0
EBC2
ECD6
EDFB
EF2F
F071
F1BE
F317
F479
F5E2
F751
F8C4
FA38
FBAD
FD22
FE93
0000
0168
02C8
0420
056D
06B0
07E6
090F
0A2A
0B36
0C31
0D1C
0DF6
0EBE
0F74
1018
10A9
1128
1195
11F1
123A
1272
129A
12B1
12B8
12B1
129C
127B
124E
1217
11D6
118E
113E
10EA
1091
1035
0FD9
0F7C
0F20
0EC7
0E73
0E23
0DDA
0D99
0D60
0D31
0D0D
0CF4
0CE8
0CE9
0CF8
0D15
0D41
0D7B
0DC4
0E1E
0E87
0EFF
0F85
101A
10BC
116B
1227
12EE
13BF
1499
157B
1664
1753
1845
193A
1A31
1B26
1C19
1D09
1DF3
1ED7
1FB1
2081
2146
21FC
22A4
233C
23C2
2434
2492
24DB
250E
252A
252E
2518
24EA
24A1
243E
23C1
232A
2279
21AE
20CA
1FCD
1EB8
1D8C
1C4A
1AF3
1988
180B
167E
14E1
1337
1181
0FC2
0DFB
0C2E
0A5E
088C
06BB
04ED
0323
0161
FFA8
FDFA
FC59
FAC8
F947
F7DA
F682
F540
F416
F306
F210
F137
F07B
EFDE
EF5F
EF00
EEC0
EEA2
EEA3
EEC5
EF07
EF6A
EFEB
F08C
F14A
F225
F31C
F42D
F557
F699
F7F0
F95C
FADB
FC6B
FE09
FFB3
0168
0324
04E5
06A9
086E
0A32
0BF2
0DAC
0F5E
1105
12A0
142C
15A7
1710
1865
19A5
1ACD
1BDC
1CD2
1DAD
1E6C
1F0F
1F95
1FFE
2048
2075
2085
2077
204B
2003
1FA0
1F22
1E8A
1DDA
1D13
1C37
1B46
1A42
192F
180C
16DC
15A2
145E
1314
11C5
1073
0F21
0DD0
0C82
0B3A
09FA
08C2
0796
0676
0565
0463
0373
0294
01C9
0112
006F
FFE1
FF6A
FF09
FEBE
FE8A
FE6C
FE64
FE71
FE93
FEC9
FF11
FF6B
FFD5
004E
00D5
0167
0204
02A8
0352
0401
04B2
0563
0612
06BE
0763
07FF
0892
0919
0991
09F9
0A50
0A92
0ABE
0AD5
0AD4
0ABB
0A88
0A3A
09D2
094E
08AE
07F2
071B
0628
051B
03F3
02B1
0158
FFE7
FE61
FCC7
FB1A
F95D
F793
F5BC
F3DB
F1F3
F006
EE18
EC2A
EA3F
E85A
E67F
E4AE
E2EC
E13B
DF9E
DE18
DCAB
DB5A
DA27
D914
D824
D758
D6B3
D635
D5E1
D5B7
D5B9
D5E7
D642
D6CA
D77F
D861
D970
DAAA
DC10
DD9F
DF57
E135
E339
E55F
E7A5
EA09
EC88
EF1E
F1CA
F487
F752
FA29
FD07
FFE8
02CA
05A8
087E
0B49
0E05
10AF
1342
15BB
1817
1A52
1C69
1E59
2020
21B9
2324
245D
2563
2634
26CE
2730
2759
2749
26FE
2679
25BB
24C1
238E
2223
2082
1EAD
1CA5
1A6C
1805
1573
12B8
0FD9
0CD7
09B8
067E
032D
FFCB
FC5A
F8DF
F55E
F1DC
EE5E
EAE7
E77C
E422
E0DC
DDAF
DAA0
D7B1
D4E8
D247
CFD2
CD8D
CB7A
C99D
C7F7
C68C
C55D
C46B
C3B9
C347
C315
C325
C377
C409
C4DC
C5EF
C740
C8CE
CA96
CC98
CED0
D13B
D3D7
D6A0
D993
DCAC
DFE7
E340
E6B3
EA3B
EDD5
F17B
F529
F8DA
FC89
0033
03D1
0760
0ADC
0E3F
1186
14AC
17AD
1A86
1D33
1FB1
21FC
2411
25EF
2792
28F9
2A22
2B0B
2BB4
2C1C
2C42
2C26
2BC8
2B29
2A4B
292D
27D1
263B
246A
2262
2026
1DB9
1B1D
1855
1566
1254
0F21
0BD3
086C
04F3
016A
FDD6
FA3C
F6A0
F306
EF73
EBEB
E873
E50E
E1C0
DE8E
DB7B
D88B
D5C0
D31E
D0A9
CE62
CC4C
CA69
C8BC
C745
C606
C500
C436
C3A7
C352
C337
C357
C3B1
C443
C50C
C60B
C73F
C8A5
CA3B
CBFE
CDEE
D005
D242
D4A2
D721
D9BD
DC71
DF3A
E216
E4FF
E7F4
EAF0
EDF0
F0F0
F3ED
F6E4
F9D1
FCB2
FF83
0241
04EA
077C
09F4
0C50
0E8E
10AC
12A9
1483
1639
17CA
1936
1A7C
1B9C
1C95
1D69
1E17
1EA0
1F04
1F45
1F65
1F63
1F42
1F03
1EA8
1E34
1DA7
1D04
1C4D
1B85
1AAE
19CA
18DD
17E7
16EC
15ED
14EE
13EF
12F3
11FD
110E
1028
0F4D
0E7F
0DBE
0D0E
0C6E
0BE0
0B64
0AFD
0AAA
0A6B
0A42
0A2F
0A30
0A47
0A73
0AB4
0B09
0B71
0BEC
0C79
0D17
0DC4
0E81
0F4B
1021
1102
11EC
12DE
13D6
14D3
15D4
16D6
17D9
18DA
19DA
1AD5
1BCC
1CBC
1DA5
1E86
1F5E
202B
20ED
21A4
224F
22EE
237F
2404
247C
24E6
2544
2595
25DA
2613
2641
2664
267E
268E
2696
2696
2690
2684
2674
2660
264A
2633
261B
2604
25F0
25DE
25D0
25C6
25C2
25C5
25CE
25DF
25F9
261B
2645
2679
26B6
26FD
274C
27A5
2806
286F
28E1
295A
29D9
2A5D
2AE6
2B71
2BFF
2C8D
2D1B
2DA6
2E2E
2EB1
2F2D
2FA1
300B
306A
30BD
3100
3134
3157
3166
3161
3147
3115
30CC
306A
2FEE
2F57
2EA4
2DD5
2CEA
2BE3
2ABD
297B
281C
26A1
250B
2359
218C
1FA7
1DA9
1B93
1969
1729
14D8
1275
1004
0D85
0AFC
086A
05D2
0335
0096
FDF8
FB5D
F8C8
F63A
F3B6
F140
EED8
EC81
EA3E
E811
E5FC
E401
E223
E061
DEBF
DD3C
DBDB
DA9D
D983
D88D
D7BC
D711
D68C
D62C
D5F3
D5DF
D5F0
D625
D67E
D6F9
D795
D852
D92C
DA24
DB36
DC61
DDA3
DEF9
E061
E1DA
E35F
E4F0
E689
E828
E9CA
EB6C
ED0C
EEA8
F03C
F1C6
F345
F4B5
F614
F761
F899
F9BA
FAC2
FBB1
FC85
FD3B
FDD4
FE4F
FEAA
FEE5
FF00
FEFB
FED5
FE8F
FE29
FDA5
FD02
FC41
FB64
FA6D
F95B
F830
F6EE
F597
F42E
F2B5
F12D
EF98
EDFA
EC54
EAA9
E8FA
E74B
E59E
E3F5
E252
E0B7
DF27
DDA4
DC30
DACC
D97B
D83E
D717
D607
D50F
D430
D36C
D2C3
D236
D1C4
D170
D137
D11D
D11E
D13B
D173
D1C5
D22F
D2B2
D34B
D3F9
D4BC
D590
D674
D767
D866
D970
DA82
DB9A
DCB6
DDD5
DEF3
E00E
E125
E236
E33D
E439
E529
E609
E6DA
E798
E842
E8D7
E955
E9BC
EA0B
EA40
EA5B
EA5B
EA41
EA0B
E9BA
E94F
E8C8
E828
E76F
E69D
E5B4
E4B5
E3A2
E27B
E143
DFFB
DEA6
DD45
DBDA
DA68
D8F1
D777
D5FC
D483
D30F
D1A1
D03C
CEE3
CD97
CC5B
CB31
CA1C
C91C
C835
C768
C6B6
C622
C5AC
C556
C520
C50C
C51A
C54A
C59D
C614
C6AD
C769
C846
C946
CA66
CBA5
CD03
CE7D
D013
D1C3
D38B
D568
D75A
D95C
DB6F
DD8E
DFB8
E1EB
E422
E65D
E898
EAD0
ED03
EF2F
F150
F364
F569
F75B
F93A
FB03
FCB3
FE49
FFC2
011E
025B
0376
0470
0547
05FA
0689
06F3
0738
0758
0753
072A
06DC
066B
05D7
0521
044B
0356
0244
0117
FFD0
FE71
FCFD
FB75
F9DD
F836
F682
F4C5
F300
F136
EF6A
ED9F
EBD6
EA12
E857
E6A5
E500
E369
E1E3
E070
DF12
DDCA
DC9A
DB84
DA89
D9AA
D8E9
D843
D7BC
D754
D70D
D6E5
D6DD
D6F5
D72D
D783
D7F8
D88B
D93A
DA05
DAEA
DBE7
DCFC
DE27
DF65
E0B6
E217
E387
E502
E688
E816
E9AA
EB42
ECDC
EE75
F00C
F19F
F32B
F4AF
F628
F794
F8F3
FA44
FB84
FCB2
FDCD
FED5
FFC8
00A5
016C
021C
02B5
0337
03A1
03F4
0431
0457
0467
0462
0448
041B
03DC
038B
032B
02BC
0240
01B8
0127
008D
FFED
FF48
FEA1
FDF8
FD50
FCAA
FC08
FB6D
FAD9
FA4E
F9CE
F95A
F8F5
F89F
F859
F825
F803
F7F5
F7FC
F817
F849
F890
F8ED
F961
F9EB
FA8C
FB42
FC0D
FCED
FDE1
FEE8
0002
012C
0265
03AD
0501
0660
07C9
0939
0AB0
0C2B
0DA8
0F25
10A2
121B
138E
14FB
165E
17B7
1903
1A40
1B6D
1C89
1D91
1E84
1F62
2027
20D5
2168
21E1
223F
2282
22A7
22B0
229C
226B
221D
21B3
212C
2089
1FCA
1EF1
1DFE
1CF3
1BCF
1A96
1947
17E4
166F
14EA
1356
11B4
1008
0E51
0C94
0AD0
0909
0740
0577
03B1
01EE
0031
FE7C
FCD1
FB31
F99E
F819
F6A5
F543
F3F4
F2B9
F194
F084
EF8B
EEAA
EDE1
ED31
EC9B
EC1E
EBBA
EB71
EB41
EB2A
EB2C
EB46
EB78
EBC1
EC21
EC95
ED1D
EDB8
EE64
EF21
EFEC
F0C4
F1A8
F296
F38C
F489
F58A
F68D
F791
F894
F995
FA91
FB87
FC75
FD5A
FE34
FF01
FFC0
0070
010F
019C
0216
027C
02CD
0308
032C
033A
0330
030D
02D3
0281
0216
0193
00F8
0046
FF7E
FE9E
FDAA
FCA0
FB83
FA53
F911
F7BF
F65D
F4EE
F372
F1EC
F05D
EEC6
ED2A
EB8A
E9E8
E845
E6A4
E507
E36F
E1DF
E057
DEDA
DD6A
DC08
DAB6
D976
D849
D731
D62E
D544
D471
D3B9
D31C
D29B
D236
D1EF
D1C6
D1BB
D1D0
D203
D257
D2CA
D35C
D40E
D4E0
D5D0
D6DF
D80B
D955
DABB
DC3C
DDD8
DF8D
E15B
E33F
E539
E747
E967
EB99
EDDA
F029
F284
F4EA
F757
F9CC
FC45
FEC1
013E
03BA
0633
08A8
0B16
0D7C
0FD8
1228
146A
169E
18C0
1AD0
1CCB
1EB2
2082
223A
23D8
255D
26C6
2813
2944
2A57
2B4C
2C22
2CDA
2D72
2DEC
2E46
2E81
2E9D
2E9A
2E7C
2E40
2DE8
2D73
2CE3
2C39
2B76
2A9B
29A9
28A1
2786
2658
2519
23CB
226F
2106
1F94
1E19
1C98
1B12
1988
17FE
1674
14ED
136A
11EE
1079
0F0E
0DAE
0C5B
0B16
09E2
08C0
07B1
06B6
05D0
0500
0448
03A8
0321
02B3
0260
0227
0209
0206
021E
0251
029F
0307
038A
0426
04DB
05A9
068E
0789
0899
09BD
0AF5
0C3D
0D96
0EFD
1071
11F0
1378
1509
16A0
183B
19D8
1B76
1D11
1EA9
203B
21C6
2347
24BD
2626
2780
28C9
2A00
2B23
2C30
2D27
2E05
2ECA
2F74
3002
3074
30C8
30FF
3116
310F
30E8
30A1
303B
2FB6
2F11
2E4E
2D6D
2C6F
2B53
2A1C
28CA
275E
25DA
243F
228F
20CB
1EF4
1D0D
1B18
1916
1709
14F3
12D7
10B7
0E94
0C71
0A50
0833
061D
040F
020B
0014
FE2B
FC53
FA8E
F8DC
F741
F5BC
F451
F300
F1CC
F0B4
EFBB
EEE2
EE28
ED8F
ED17
ECC1
EC8D
EC7B
EC8C
ECBE
ED12
ED88
EE1E
EED5
EFAA
F09F
F1B0
F2DE
F427
F58A
F705
F896
FA3D
FBF7
FDC3
FF9F
0189
0380
0581
078B
099C
0BB1
0DC9
0FE3
11FB
1411
1622
182D
1A31
1C2B
1E1A
1FFC
21D1
2397
254D
26F2
2884
2A03
2B6E
2CC4
2E06
2F31
3047
3146
3230
3302
33BF
3465
34F5
3570
35D6
3628
3665
3690
36A8
36AE
36A4
368A
3662
362C
35EA
359C
3544
34E3
347A
340A
3394
3319
329B
321B
3199
3116
3094
3013
2F94
2F17
2E9E
2E2A
2DB9
2D4E
2CE8
2C88
2C2F
2BDB
2B8D
2B46
2B04
2AC8
2A92
2A60
2A33
2A0B
29E5
29C3
29A4
2985
2968
294B
292D
290D
28EB
28C5
289B
286C
2837
27FA
27B6
2769
2713
26B2
2647
25CF
254C
24BD
2422
2378
22C0
21FA
2124
2040
1F4D
1E4A
1D39
1C18
1AE9
19AC
1861
1708
15A3
1431
12B4
112C
0F9A
0DFF
0C5C
0AB2
0901
074C
0593
03D7
0219
005A
FE9D
FCE1
FB28
F974
F7C4
F61B
F47A
F2E1
F152
EFCE
EE55
ECE8
EB89
EA38
E8F5
E7C2
E69F
E58D
E48B
E39B
E2BC
E1EF
E134
E08A
DFF2
DF6C
DEF7
DE94
DE41
DDFF
DDCC
DDA9
DD95
DD8E
DD95
DDA7
DDC4
DDEC
DE1F
DE5A
DE9E
DEE9
DF3A
DF90
DFEB
E049
E0A9
E10B
E16D
E1CE
E22E
E28C
E2E7
E33E
E391
E3DE
E426
E467
E4A2
E4D5
E501
E525
E541
E555
E560
E563
E55D
E54F
E538
E51A
E4F4
E4C6
E493
E458
E419
E3D4
E38A
E33D
E2EC
E299
E244
E1EE
E198
E142
E0ED
E09A
E04A
DFFE
DFB5
DF72
DF33
DEFB
DECA
DEA0
DE7E
DE64
DE52
DE49
DE4A
DE53
DE65
DE81
DEA7
DED7
DF11
DF54
DFA1
DFF7
E057
E0BF
E130
E1A8
E228
E2AF
E33C
E3CF
E467
E503
E5A3
E646
E6EC
E793
E83A
E8E2
E989
EA2F
EAD2
EB73
EC10
ECA8
ED3C
EDCA
EE51
EED2
EF4C
EFBE
F029
F08B
F0E5
F136
F17E
F1BD
F1F2
F21F
F242
F25B
F26C
F274
F273
F26A
F259
F241
F221
F1FB
F1CF
F19D
F167
F12C
F0EE
F0AD
F06A
F026
EFE1
EF9E
EF5B
EF1B
EEDD
EEA3
EE6D
EE3C
EE11
EDEC
EDCE
EDB8
EDAA
EDA5
EDAA
EDB8
EDD1
EDF4
EE22
EE5C
EEA0
EEF0
EF4C
EFB3
F025
F0A2
F12B
F1BE
F25B
F303
F3B4
F46E
F530
F5F9
F6C9
F7A0
F87C
F95C
FA40
FB28
FC11
FCFB
FDE5
FECE
FFB5
0099
0179
0254
0329
03F7
04BE
057B
062E
06D7
0774
0805
0889
08FE
0965
09BD
0A06
0A3E
0A65
0A7B
0A80
0A71
0A51
0A1F
09DB
0986
091E
08A5
081B
0780
06D5
0619
054E
0473
038B
0295
0191
0082
FF67
FE42
FD14
FBDD
FA9E
F95A
F810
F6C1
F570
F41D
F2C8
F175
F022
EED2
ED86
EC3E
EAFD
E9C2
E890
E768
E649
E536
E430
E336
E24B
E16E
E0A1
DFE4
DF37
DE9C
DE13
DD9C
DD38
DCE7
DCA9
DC7E
DC67
DC63
DC73
DC96
DCCD
DD16
DD73
DDE2
DE63
DEF5
DF99
E04C
E10F
E1E2
E2C3
E3B3
E4AF
E5B8
E6CD
E7EC
E915
EA47
EB81
ECC2
EE08
EF54
F0A3
F1F5
F34A
F49F
F5F4
F747
F899
F9E8
FB32
FC78
FDB7
FEF0
0022
014B
026B
0381
048D
0590
0687
0772
0850
0922
09E6
0A9D
0B47
0BE2
0C70
0CF0
0D62
0DC6
0E1C
0E65
0EA2
0ED1
0EF4
0F0C
0F19
0F1B
0F13
0F03
0EEA
0ECA
0EA3
0E77
0E46
0E11
0DDA
0DA1
0D68
0D31
0CFC
0CCA
0C9B
0C71
0C4D
0C2F
0C19
0C0B
0C06
0C0C
0C1C
0C38
0C5F
0C93
0CD4
0D22
0D7E
0DE7
0E5D
0EE2
0F73
1012
10BE
1176
123A
1308
13E2
14C4
15B0
16A2
179C
189A
199C
1AA0
1BA6
1CAB
1DAF
1EAF
1FAB
20A0
218E
2273
234D
241B
24DB
258C
262D
26BC
2739
27A1
27F5
2833
285A
2869
2861
2840
2806
27B2
2746
26BF
2620
2567
2496
23AD
22AD
2196
2069
1F27
1DD0
1C67
1AEB
1960
17C5
161D
1469
12AA
10E3
0F15
0D41
0B6A
0991
07B8
05E1
040C
023D
0074
FEB3
FCFC
FB50
F9B0
F81F
F69C
F529
F3C7
F278
F13C
F014
EF00
EE01
ED18
EC44
EB86
EADF
EA4D
E9D2
E96D
E91E
E8E5
E8C0
E8B1
E8B6
E8CF
E8FC
E93B
E98C
E9EE
EA61
EAE3
EB75
EC15
ECC2
ED7C
EE41
EF12
EFED
F0D1
F1BE
F2B2
F3AE
F4AF
F5B7
F6C3
F7D4
F8E8
FA00
FB1A
FC37
FD55
FE73
FF93
00B2
01D1
02EE
040B
0525
063D
0752
0863
0970
0A79
0B7C
0C7A
0D72
0E63
0F4C
102D
1106
11D5
129A
1355
1405
14A9
1540
15C9
1644
16B1
170D
175A
1795
17C0
17D8
17DE
17D2
17B2
177E
1737
16DD
166E
15EC
1555
14AC
13EF
131F
123D
114A
1045
0F31
0E0D
0CDC
0B9D
0A53
08FF
07A2
063D
04D3
0364
01F4
0082
FF11
FDA3
FC3A
FAD8
F97E
F82D
F6E9
F5B3
F48B
F375
F271
F181
F0A6
EFE2
EF36
EEA2
EE28
EDC7
ED82
ED58
ED49
ED56
ED7E
EDC2
EE20
EE98
EF29
EFD2
F092
F168
F252
F34F
F45D
F57A
F6A4
F7D9
F916
FA5A
FBA2
FCEB
FE34
FF79
00B9
01EF
031B
043A
0549
0645
072D
07FE
08B7
0955
09D6
0A39
0A7D
0A9F
0A9F
0A7C
0A35
09C9
0939
0882
07A7
06A6
0581
0437
02CB
013D
FF8E
FDC0
FBD5
F9CE
F7AD
F575
F328
F0C9
EE5A
EBDE
E958
E6CA
E438
E1A5
DF14
DC87
DA02
D789
D51D
D2C3
D07C
CE4C
CC36
CA3C
C861
C6A7
C511
C3A1
C258
C138
C044
BF7C
BEE1
BE76
BE39
BE2D
BE50
BEA5
BF29
BFDE
C0C3
C1D6
C317
C486
C61F
C7E3
C9D0
CBE3
CE1A
D074
D2EE
D585
D838
DB02
DDE3
E0D5
E3D8
E6E8
EA01
ED22
F045
F36A
F68C
F9A8
FCBC
FFC5
02BE
05A7
087C
0B39
0DDE
1067
12D2
151C
1745
1949
1B28
1CDF
1E6D
1FD2
210C
221A
22FB
23B0
2438
2490
24BC
24BB
248E
2436
23B3
2307
2232
2137
2017
1ED3
1D6E
1BEA
1A48
188B
16B6
14CB
12CC
10BC
0E9F
0C76
0A44
080E
05D4
039A
0164
FF33
FD0C
FAEF
F8E1
F6E3
F4F9
F322
F163
EFBF
EE37
ECCD
EB83
EA5B
E956
E876
E7BB
E727
E6BA
E675
E658
E663
E697
E6F3
E776
E821
E8F2
E9E8
EB02
EC3E
ED9C
EF1A
F0B5
F26B
F43B
F623
F81F
FA2E
FC4C
FE78
00AD
02EB
052D
0772
09B5
0BF5
0E2E
105E
1283
1498
169C
188C
1A67
1C28
1DCF
1F59
20C4
220E
2336
243B
251A
25D4
2666
26D0
2712
272B
271B
26E3
2681
25F7
2545
246B
236A
2245
20FB
1F8F
1E03
1C57
1A8E
18AA
16AD
1499
1271
1037
0DEE
0B98
0937
06D0
0463
01F4
FF85
FD1A
FAB4
F857
F604
F3BF
F189
EF65
ED56
EB5C
E97B
E7B3
E608
E478
E307
E1B5
E085
DF76
DE8A
DDC1
DD1B
DC9A
DC3C
DC02
DBEC
DBF9
DC28
DC7A
DCEC
DD7E
DE30
DEFF
DFEA
E0F0
E210
E346
E493
E5F4
E766
E8E9
EA7B
EC18
EDBF
EF6F
F125
F2DD
F498
F653
F80C
F9C1
FB72
FD1B
FEBB
0051
01DB
0359
04C7
0627
0776
08B3
09DE
0AF6
0BFB
0CEC
0DC8
0E90
0F43
0FE1
106B
10E0
1142
1190
11CA
11F3
120A
120F
1205
11EB
11C3
118D
114B
10FE
10A6
1046
0FDD
0F6E
0EF9
0E80
0E03
0D83
0D02
0C81
0C01
0B82
0B05
0A8B
0A15
09A4
0937
08D0
086F
0815
07C1
0774
072D
06EE
06B6
0684
065A
0635
0617
05FF
05EC
05DE
05D5
05D0
05CF
05D0
05D4
05D9
05E0
05E7
05ED
05F3
05F8
05FA
05FA
05F7
05F1
05E6
05D7
05C3
05AB
058D
0569
0540
0512
04DE
04A5
0466
0423
03DB
038F
033F
02EC
0295
023C
01E2
0186
012A
00CF
0076
001F
FFCB
FF7B
FF31
FEED
FEB0
FE7A
FE4E
FE2C
FE14
FE08
FE09
FE16
FE32
FE5B
FE94
FEDC
FF34
FF9D
0016
009F
013C
01E9
02A7
0376
0454
0542
063F
074B
0865
098C
0ABF
0BFD
0D45
0E97
0FF1
1151
12B7
1421
158E
16FC
186A
19D6
1B3F
1CA4
1E02
1F59
20A7
21EB
2323
244E
256A
2677
2773
285E
2935
29FA
2AA9
2B44
2BC9
2C38
2C90
2CD1
2CFB
2D0D
2D09
2CED
2CBB
2C72
2C14
2BA1
2B19
2A7D
29CF
2910
2840
2762
2675
257C
2478
236B
2256
213B
201C
1EFA
1DD6
1CB3
1B92
1A75
195E
184E
1746
164A
1559
1475
13A0
12DB
1228
1186
10F8
107E
1018
0FC8
0F8E
0F6B
0F5E
0F68
0F88
0FC0
100D
1071
10EA
1178
121A
12CF
1397
146F
1557
164E
1752
1862
197C
1A9F
1BC9
1CF8
1E2B
1F5F
2094
21C8
22F8
2423
2548
2664
2777
287E
2978
2A64
2B40
2C0C
2CC5
2D6B
2DFE
2E7C
2EE4
2F37
2F73
2F99
2FA8
2F9F
2F7F
2F49
2EFD
2E9B
2E23
2D98
2CF9
2C48
2B85
2AB2
29D0
28E0
27E3
26DC
25CB
24B3
2395
2272
214C
2025
1EFF
1DDA
1CBA
1BA0
1A8C
1981
1880
178B
16A3
15CA
14FF
1446
139E
1308
1286
1217
11BD
1177
1147
112B
1125
1134
1157
118F
11DB
123A
12AD
1330
13C5
1469
151C
15DD
16A9
1780
1860
1947
1A35
1B27
1C1B
1D10
1E05
1EF7
1FE4
20CC
21AD
2285
2353
2413
24C7
256B
25FE
2680
26EF
274B
2792
27C3
27DE
27E3
27D1
27A7
2767
270E
269F
2619
257C
24C9
2401
2325
2235
2133
201F
1EFB
1DC9
1C89
1B3D
19E8
188B
1728
15BF
1454
12E7
117B
1011
0EAC
0D4C
0BF3
0AA4
0960
0828
06FE
05E4
04DA
03E2
02FD
022C
0170
00C9
0039
FFBF
FF5C
FF11
FEDC
FEC0
FEBA
FECB
FEF2
FF2E
FF80
FFE5
005D
00E7
0182
022B
02E3
03A6
0474
054B
0629
070C
07F3
08DB
09C2
0AA7
0B87
0C61
0D33
0DFB
0EB6
0F64
1002
108E
1108
116E
11BD
11F5
1215
121C
1208
11D9
118F
1126
10A1
0FFF
0F40
0E64
0D6B
0C55
0B24
09D7
0870
06F0
0557
03A8
01E2
0009
FE1D
FC20
FA15
F7FC
F5D8
F3AB
F178
EF40
ED05
EACA
E892
E65D
E430
E20B
DFF2
DDE6
DBE9
D9FE
D827
D665
D4BB
D32A
D1B5
D05B
CF21
CE05
CD0A
CC31
CB7B
CAE8
CA7A
CA30
CA0B
CA0B
CA30
CA7B
CAEA
CB7E
CC35
CD10
CE0D
CF2C
D06B
D1C8
D343
D4DB
D68D
D857
DA39
DC2F
DE38
E053
E27D
E4B4
E6F6
E942
EB94
EDEC
F046
F2A0
F4F9
F74E
F99E
FBE5
FE23
0056
027B
0491
0696
088A
0A69
0C34
0DE8
0F85
1109
1275
13C6
14FD
1619
1719
17FD
18C5
1971
1A01
1A75
1ACE
1B0C
1B30
1B39
1B2A
1B01
1AC2
1A6B
19FF
197F
18EA
1844
178C
16C5
15EF
150B
141C
1323
1220
1115
1004
0EEE
0DD4
0CB8
0B9B
0A7D
0962
0849
0732
0621
0515
0411
0314
0220
0136
0057
FF82
FEB9
FDFD
FD4E
FCAC
FC18
FB92
FB1A
FAB1
FA57
FA0B
F9CF
F9A0
F981
F970
F96D
F978
F991
F9B7
F9EA
FA29
FA73
FAC9
FB2A
FB93
FC06
FC81
FD05
FD90
FE21
FEB8
FF54
FFF5
0098
013E
01E5
028D
0335
03DC
0480
0522
05C0
065A
06EE
077C
0803
0882
08F8
0964
09C7
0A1F
0A6B
0AAB
0ADE
0B04
0B1B
0B26
0B21
0B0D
0AEA
0AB7
0A73
0A1F
09BA
0944
08BD
0825
077B
06C1
05F5
0518
042B
032D
021E
0100
FFD2
FE95
FD4A
FBF0
FA8A
F916
F797
F60D
F478
F2DA
F134
EF86
EDD2
EC17
EA59
E897
E6D4
E511
E34E
E18E
DFD2
DE1A
DC69
DABF
D91F
D789
D5FF
D483
D314
D1B6
D069
CF2F
CE08
CCF7
CBFB
CB17
CA4A
C998
C8FF
C881
C81F
C7D9
C7B1
C7A5
C7B8
C7E9
C838
C8A5
C931
C9DC
CAA5
CB8C
CC90
CDB2
CEEF
D049
D1BC
D34A
D4F0
D6AE
D882
DA6A
DC67
DE75
E094
E2C1
E4FC
E742
E992
EBE9
EE47
F0A9
F30D
F571
F7D4
FA34
FC8F
FEE4
0131
0373
05AA
07D3
09ED
0BF7
0DEE
0FD3
11A3
135E
1502
168E
1803
195F
1AA1
1BC9
1CD7
1DCB
1EA4
1F62
2006
2090
2100
2157
2195
21BB
21CA
21C2
21A5
2173
212E
20D6
206D
1FF5
1F6E
1EDB
1E3C
1D93
1CE1
1C28
1B69
1AA6
19E0
1918
1850
1788
16C3
1602
1545
148D
13DC
1332
1290
11F7
1167
10E2
1067
0FF6
0F91
0F36
0EE7
0EA2
0E68
0E3B
0E19
0E00
0DF0
0DE8
0DE8
0DEF
0DFC
0E0E
0E24
0E3D
0E58
0E74
0E90
0EAA
0EC2
0ED6
0EE5
0EEF
0EF1
0EEC
0EDD
0EC5
0EA2
0E73
0E39
0DF1
0D9B
0D38
0CC7
0C47
0BB8
0B1D
0A73
09BA
08F4
081F
073E
064F
0555
0450
0341
0229
0109
FFE2
FEB6
FD87
FC55
FB21
F9EF
F8BF
F793
F66D
F54D
F437
F32B
F22C
F13A
F058
EF87
EEC8
EE1D
ED87
ED07
EC9E
EC4E
EC17
EBFA
EBF7
EC10
EC43
EC92
ECFC
ED82
EE22
EEDC
EFB1
F09E
F1A3
F2BF
F3F0
F536
F68E
F7F7
F96F
FAF5
FC85
FE1F
FFBF
0164
030C
04B3
0658
07F8
0990
0B1E
0CA1
0E16
0F79
10C9
1204
1327
1431
151F
15EF
16A1
1732
17A1
17ED
1814
1817
17F3
17A9
1739
16A2
15E4
1500
13F6
12C6
1173
0FFD
0E64
0CAC
0AD5
08E1
06D2
04AB
026D
001B
FDB7
FB46
F8C8
F641
F3B5
F126
EE97
EC0C
E987
E70C
E49D
E23F
DFF3
DDBD
DB9F
D99D
D7B9
D5F5
D455
D2D9
D184
D058
CF57
CE81
CDD9
CD5F
CD14
CCF9
CD0D
CD52
CDC6
CE6A
CF3C
D03D
D16A
D2C3
D445
D5F0
D7C0
D9B4
DBCA
DDFE
E04E
E2B7
E536
E7C8
EA6A
ED18
EFCE
F28A
F547
F803
FAB9
FD67
0008
0299
0517
077F
09CD
0BFF
0E11
1001
11CD
1372
14EE
163F
1762
1858
191E
19B3
1A16
1A48
1A48
1A15
19B1
191B
1854
175E
163A
14E9
136D
11C8
0FFC
0E0C
0BFA
09C9
077C
0516
0299
000A
FD6B
FAC1
F80E
F556
F29D
EFE7
ED36
EA8E
E7F2
E566
E2ED
E089
DE3F
DC11
DA01
D812
D646
D4A0
D321
D1CC
D0A1
CFA2
CED0
CE2B
CDB4
CD6C
CD52
CD67
CDA9
CE17
CEB2
CF77
D065
D17B
D2B6
D415
D594
D734
D8F1
DAC6
DCB2
DEB2
E0C1
E2DE
E505
E733
E963
EB94
EDC1
EFE8
F204
F413
F612
F7FE
F9D4
FB90
FD31
FEB4
0017
0157
0274
036A
0439
04DF
055B
05AD
05D4
05D0
05A1
0544
04BD
040C
0332
0230
0107
FFBA
FE48
FCB6
FB04
F935
F74C
F54B
F334
F10B
EED3
EC8E
EA40
E7EB
E593
E33B
E0E5
DE96
DC4F
DA14
D7E8
D5CE
D3C8
D1D8
D002
CE47
CCAA
CB29
C9CA
C88D
C774
C680
C5B1
C509
C488
C42E
C3FB
C3EF
C409
C449
C4AE
C537
C5E3
C6AF
C79C
C8A5
C9CB
CB0A
CC61
CDCD
CF4C
D0DA
D277
D41E
D5CD
D782
D939
DAF0
DCA5
DE55
DFFD
E19B
E32C
E4AE
E61E
E77C
E8C4
E9F5
EB0E
EC0D
ECF0
EDB7
EE61
EEED
EF5B
EFAA
EFDB
EFED
EFE1
EFB8
EF72
EF11
EE94
EDFF
ED52
EC8F
EBB8
EACE
E9D5
E8CE
E7BB
E69F
E57C
E455
E32D
E205
E0E2
DFC4
DEB0
DDA7
DCAC
DBC2
DAEA
DA28
D97D
D8EB
D874
D81B
D7DF
D7C4
D7CA
D7F1
D83C
D8AA
D93C
D9F2
DACC
DBCA
DCEB
DE2E
DF94
E119
E2BE
E47F
E65D
E854
EA63
EC88
EEC0
F109
F360
F5C2
F82D
FA9D
FD11
FF83
01F3
045C
06BB
090E
0B51
0D81
0F9D
11A0
1388
1553
16FF
1888
19ED
1B2C
1C44
1D32
1DF6
1E8E
1EFA
1F39
1F4B
1F2F
1EE5
1E6E
1DCA
1CFA
1BFF
1ADA
198C
1818
167F
14C3
12E6
10EB
0ED4
0CA4
0A5E
0805
059B
0325
00A5
FE1F
FB96
F90C
F687
F408
F194
EF2D
ECD6
EA93
E867
E656
E461
E28B
E0D5
DF43
DDD7
DC92
DB76
DA84
D9BD
D924
D8B7
D879
D868
D886
D8D2
D94B
D9F1
DAC2
DBBE
DCE4
DE31
DFA3
E13A
E2F2
E4C8
E6BC
E8C9
EAEC
ED24
EF6C
F1C2
F422
F688
F8F2
FB5C
FDC3
0023
027A
04C3
06FC
0921
0B2F
0D24
0EFD
10B7
124F
13C4
1513
163A
1738
180C
18B3
192D
1979
1997
1986
1947
18D9
183E
1775
1681
1561
1418
12A8
1113
0F5A
0D7F
0B86
0970
0740
04FA
02A1
0036
FDBF
FB3E
F8B6
F62C
F3A2
F11C
EE9E
EC2B
E9C6
E773
E535
E30F
E104
DF18
DD4C
DBA4
DA23
D8C9
D79B
D698
D5C4
D51F
D4AC
D46B
D45D
D481
D4D9
D564
D623
D714
D837
D98C
DB10
DCC3
DEA3
E0AF
E2E3
E53F
E7BF
EA62
ED24
F002
F2FA
F609
F92B
FC5C
FF9B
02E2
062F
097E
0CCC
1015
1356
168B
19AF
1CC0
1FBB
229E
2564
280C
2A93
2CF6
2F32
3146
332F
34EC
367C
37DC
390B
3A09
3AD5
3B6F
3BD5
3C09
3C0A
3BD8
3B75
3AE1
3A1D
392B
380B
36C1
354C
33B1
31EF
300B
2E08
2BE6
29A9
2753
24E7
2269
1FDB
1D40
1A9C
17F1
1543
1294
0FE9
0D44
0AA7
0816
0594
0324
00C7
FE81
FC54
FA43
F84E
F679
F4C6
F335
F1C8
F081
EF60
EE67
ED96
ECEE
EC70
EC1C
EBF0
EBEE
EC14
EC62
ECD7
ED72
EE32
EF15
F01B
F142
F287
F3EA
F568
F6FF
F8AE
FA71
FC46
FE2C
001F
021E
0425
0632
0843
0A56
0C67
0E74
107B
1279
146C
1652
1829
19EE
1BA0
1D3C
1EC1
202D
217E
22B3
23CA
24C3
259D
2656
26EF
2765
27B9
27EB
27FB
27E7
27B2
275B
26E1
2648
258D
24B4
23BC
22A7
2176
202A
1EC5
1D48
1BB5
1A0E
1856
168E
14B6
12D2
10E3
0EEB
0CEB
0AE7
08E0
06D8
04D0
02CC
00CD
FED4
FCE5
FAFF
F927
F75C
F5A0
F3F6
F25E
F0DA
EF6C
EE13
ECD3
EBAA
EA9B
E9A6
E8CC
E80C
E769
E6E1
E676
E628
E5F5
E5DF
E5E5
E607
E644
E69B
E70C
E796
E838
E8F2
E9C1
EAA6
EB9F
ECAA
EDC6
EEF2
F02D
F174
F2C7
F423
F588
F6F3
F863
F9D6
FB4B
FCC0
FE33
FFA2
010D
0271
03CC
051E
0664
079E
08CA
09E6
0AF2
0BEC
0CD3
0DA7
0E66
0F0F
0FA1
101D
1081
10CD
1100
111A
111B
1103
10D2
1087
1023
0FA7
0F12
0E65
0DA1
0CC6
0BD5
0ACF
09B4
0886
0746
05F5
0493
0323
01A5
001B
FE86
FCE8
FB42
F995
F7E4
F630
F47A
F2C5
F111
EF60
EDB5
EC11
EA75
E8E3
E75C
E5E3
E479
E31F
E1D7
E0A3
DF83
DE79
DD86
DCAB
DBEB
DB44
DAB9
DA4B
D9FA
D9C6
D9B2
D9BD
D9E7
DA31
DA9C
DB27
DBD2
DC9D
DD89
DE94
DFBF
E108
E270
E3F5
E597
E754
E92D
EB1F
ED29
EF4B
F182
F3CE
F62C
F89C
FB1B
FDA8
0040
02E3
058E
083F
0AF5
0DAC
1063
1319
15CA
1876
1B19
1DB3
2041
22C0
2530
278E
29D9
2C0E
2E2C
3032
321D
33ED
359F
3733
38A7
39FB
3B2C
3C3B
3D26
3DED
3E8F
3F0C
3F63
3F94
3FA0
3F85
3F45
3EE0
3E55
3DA7
3CD4
3BDE
3AC6
398D
3834
36BC
3527
3375
31A9
2FC4
2DC8
2BB7
2991
275A
2514
22BF
205F
1DF5
1B84
190E
1695
141A
11A1
0F2C
0CBC
0A53
07F4
05A0
035B
0125
FF01
FCF1
FAF5
F911
F744
F591
F3F9
F27D
F11E
EFDD
EEBB
EDB8
ECD5
EC12
EB70
EAEE
EA8D
EA4C
EA2A
EA29
EA46
EA81
EAD9
EB4D
EBDD
EC86
ED47
EE20
EF0D
F00E
F121
F243
F374
F4B0
F5F6
F744
F898
F9EF
FB47
FC9E
FDF2
FF40
0087
01C5
02F6
041A
052E
0630
071E
07F7
08B9
0962
09F2
0A65
0ABC
0AF5
0B10
0B0A
0AE5
0A9F
0A36
09AD
0902
0836
0748
063A
050C
03BF
0254
00CB
FF26
FD66
FB8D
F99C
F796
F57B
F34E
F112
EEC7
EC72
EA13
E7AD
E544
E2D8
E06E
DE07
DBA7
D94F
D703
D4C4
D297
D07C
CE76
CC89
CAB5
C8FF
C767
C5EF
C49B
C36B
C260
C17E
C0C4
C034
BFD0
BF97
BF8A
BFAB
BFF9
C074
C11C
C1F1
C2F2
C420
C578
C6FA
C8A5
CA77
CC6E
CE8A
D0C7
D325
D5A1
D838
DAE9
DDB0
E08C
E378
E673
E97A
EC89
EF9D
F2B5
F5CC
F8DF
FBEC
FEF0
01E7
04D0
07A6
0A68
0D12
0FA3
1217
146C
16A1
18B3
1AA0
1C67
1E06
1F7B
20C6
21E6
22D9
239F
2438
24A2
24DE
24ED
24CE
2484
240D
236C
22A2
21AF
2096
1F58
1DF7
1C75
1AD5
1918
1741
1553
1350
113B
0F17
0CE7
0AAE
086E
062B
03E7
01A6
FF6B
FD38
FB10
F8F6
F6EE
F4F9
F31A
F153
EFA7
EE19
ECA9
EB59
EA2D
E924
E840
E783
E6ED
E67F
E63A
E61D
E62A
E65F
E6BD
E743
E7F1
E8C5
E9BF
EADD
EC1E
ED80
EF01
F0A0
F25B
F42F
F61A
F819
FA2B
FC4C
FE7B
00B5
02F5
053A
0780
09C5
0C06
0E40
1070
1294
14A9
16AC
189C
1A74
1C34
1DD9
1F61
20CA
2213
2339
243C
251A
25D2
2663
26CD
270E
2727
2717
26DF
267E
25F5
2545
246F
2373
2252
210E
1FA8
1E21
1C7B
1AB9
18DB
16E5
14D7
12B5
1081
0E3C
0BEA
098E
0729
04BE
0250
FFE1
FD75
FB0C
F8AC
F654
F409
F1CC
EFA0
ED86
EB82
E995
E7C1
E608
E46A
E2EA
E189
E04A
DF2C
DE31
DD5A
DCA6
DC18
DBAE
DB68
DB48
DB4C
DB74
DBBF
DC2E
DCBE
DD6F
DE3F
DF2E
E03A
E160
E2A1
E3F9
E567
E6EA
E87E
EA22
EBD3
ED90
EF57
F125
F2F6
F4CA
F69F
F871
FA40
FC09
FDCB
FF82
012F
02CD
045D
05DD
074B
08A6
09EC
0B1E
0C39
0D3E
0E2C
0F01
0FBF
1065
10F3
1169
11C8
1210
1241
125D
1264
1256
1237
1205
11C3
1172
1113
10A8
1032
0FB3
0F2C
0E9F
0E0D
0D78
0CE1
0C4B
0BB5
0B22
0A93
0A09
0985
0909
0894
0829
07C7
0770
0723
06E1
06AB
067F
065F
064A
063F
063E
0648
065A
0673
0695
06BC
06E9
071B
074F
0786
07BD
07F4
0829
085C
088A
08B3
08D6
08F1
0904
090E
090D
0902
08EB
08C8
0898
085C
0814
07BE
075C
06ED
0673
05EE
055E
04C5
0423
037A
02CC
0218
0161
00A8
FFEF
FF37
FE82
FDD2
FD28
FC87
FBF0
FB65
FAE8
FA7A
FA1D
F9D3
F99C
F97B
F971
F97E
F9A3
F9E2
FA3A
FAAC
FB39
FBE0
FCA1
FD7B
FE6F
FF7C
009F
01DB
032A
048E
0603
0787
091A
0AB8
0C5F
0E0E
0FC1
1177
132C
14DD
168A
182D
19C6
1B51
1CCD
1E35
1F89
20C6
21E9
22F1
23DC
24A8
2554
25DD
2645
2688
26A7
26A2
2677
2626
25B0
2516
2458
2378
2276
2154
2013
1EB5
1D3C
1BAB
1A02
1845
1676
1498
12AC
10B7
0EBA
0CB9
0AB6
08B4
06B6
04BE
02CF
00EB
FF16
FD50
FB9D
F9FE
F875
F704
F5AD
F471
F350
F24D
F166
F09C
EFF1
EF63
EEF2
EE9E
EE67
EE4B
EE49
EE60
EE8E
EED3
EF2C
EF97
F012
F09C
F132
F1D1
F279
F325
F3D4
F483
F531
F5DB
F67E
F718
F7A8
F82B
F8A0
F905
F958
F998
F9C4
F9DA
F9D9
F9C1
F992
F94A
F8EA
F872
F7E2
F73B
F67C
F5A8
F4BF
F3C1
F2B1
F190
F05F
EF21
EDD7
EC82
EB26
E9C4
E85E
E6F7
E591
E42D
E2D0
E17A
E02D
DEEB
DDB8
DC94
DB83
DA86
D99F
D8CF
D819
D77D
D6FD
D69A
D655
D62F
D628
D640
D679
D6D2
D74B
D7E4
D89D
D974
DA6B
DB7E
DCAF
DDFB
DF62
E0E1
E278
E425
E5E7
E7BB
E9A0
EB95
ED98
EFA6
F1BD
F3DA
F5FD
F824
FA4B
FC71
FE94
00B2
02C9
04D8
06DD
08D5
0AC0
0C9B
0E66
101F
11C5
1356
14D3
1638
1787
18BE
19DC
1AE2
1BCE
1CA1
1D5B
1DFB
1E81
1EF0
1F46
1F84
1FAA
1FB9
1FB1
1F93
1F60
1F1A
1EC0
1E54
1DD8
1D4B
1CB0
1C08
1B54
1A94
19CC
18FB
1823
1745
1663
157E
1497
13B0
12C8
11E3
1100
1021
0F46
0E71
0DA3
0CDA
0C1A
0B62
0AB3
0A0F
0974
08E4
085F
07E4
0775
0712
06B9
066C
0629
05F2
05C4
05A1
0588
0578
0570
0571
0579
0587
059C
05B7
05D6
05F9
061F
0647
0671
069C
06C7
06F1
0719
073F
0763
0783
079E
07B6
07C8
07D5
07DB
07DC
07D6
07C9
07B5
079A
0778
074F
071F
06E9
06AC
0668
061F
05D1
057D
0525
04C9
046A
0409
03A5
0340
02DB
0276
0213
01B3
0155
00FA
00A4
0053
0008
FFC3
FF86
FF51
FF24
FF00
FEE5
FED5
FECE
FED3
FEE2
FEFD
FF22
FF53
FF8E
FFD5
0027
0083
00E9
0158
01D1
0253
02DC
036C
0403
049F
0541
05E6
068E
0738
07E2
088B
0933
09D8
0A79
0B14
0BAA
0C37
0CBC
0D37
0DA7
0E0B
0E62
0EAC
0EE6
0F10
0F2B
0F33
0F2A
0F0F
0EE1
0E9F
0E4A
0DE1
0D65
0CD5
0C31
0B79
0AAF
09D3
08E4
07E4
06D3
05B2
0482
0344
01F9
00A2
FF40
FDD5
FC61
FAE7
F966
F7E2
F65B
F4D4
F34C
F1C7
F046
EEC9
ED54
EBE7
EA84
E92C
E7E2
E6A5
E579
E45E
E355
E260
E181
E0B8
E005
DF6B
DEEA
DE81
DE33
DE00
DDE7
DDEA
DE08
DE41
DE96
DF07
DF92
E039
E0F9
E1D3
E2C6
E3D1
E4F3
E62C
E779
E8DA
EA4D
EBD2
ED66
EF08
F0B7
F270
F433
F5FD
F7CB
F99C
FB6F
FD42
FF13
00E0
02A7
0467
061E
07C9
0968
0AF8
0C78
0DE6
0F41
1087
11B7
12D0
13D1
14B8
1584
1635
16C9
1741
179B
17D7
17F5
17F4
17D4
1795
1738
16BC
1623
156C
1497
13A5
1298
1170
102D
0ED1
0D5E
0BD3
0A34
0880
06BA
04E2
02FB
0107
FF06
FCFB
FAE7
F8CD
F6AD
F48A
F266
F043
EE22
EC05
E9EF
E7E0
E5DB
E3E2
E1F5
E018
DE4D
DC95
DAF0
D960
D7E6
D684
D53B
D40C
D2F9
D201
D126
D069
CFCA
CF4A
CEE9
CEA8
CE87
CE87
CEA6
CEE5
CF44
CFC3
D061
D11E
D1FA
D2F3
D408
D53A
D686
D7ED
D96C
DB03
DCAF
DE70
E044
E22B
E422
E629
E83D
EA5D
EC87
EEBA
F0F3
F331
F573
F7B6
F9F8
FC38
FE75
00AB
02DA
0500
071C
092B
0B2B
0D1D
0EFD
10CB
1285
142A
15B9
1730
188F
19D4
1AFD
1C0A
1CFB
1DD0
1E87
1F21
1F9D
1FFC
203C
205E
2063
2049
2012
1FBF
1F4E
1EC2
1E1B
1D59
1C7E
1B8A
1A7E
195C
1825
16DA
157B
140C
128D
10FF
0F64
0DBD
0C0C
0A53
0892
06CC
0501
0335
0168
FF9C
FDD3
FC0D
FA4D
F895
F6E4
F53E
F3A2
F212
F090
EF1D
EDB8
EC65
EB22
E9F1
E8D3
E7C8
E6D1
E5EE
E51F
E465
E3C0
E32E
E2B2
E249
E1F4
E1B3
E185
E169
E15F
E166
E17D
E1A3
E1D7
E219
E266
E2BE
E31F
E389
E3F9
E46F
E4EA
E567
E5E5
E664
E6E1
E75C
E7D3
E844
E8AE
E911
E96B
E9BA
E9FE
EA36
EA61
EA7D
EA8B
EA89
EA79
EA58
EA26
E9E3
E98E
E929
E8B1
E829
E790
E6E6
E62C
E563
E48B
E3A5
E2B1
E1B2
E0A7
DF93
DE76
DD52
DC28
DAFA
D9C9
D897
D765
D636
D50A
D3E5
D2C6
D1B2
D0A8
CFAB
CEBD
CDDF
CD14
CC5C
CBBA
CB2F
CABD
CA64
CA28
CA07
CA05
CA22
CA5F
CABC
CB3B
CBDC
CCA0
CD87
CE91
CFBE
D10E
D281
D416
D5CE
D7A7
D9A1
DBBA
DDF2
E047
E2B9
E545
E7EA
EAA5
ED76
F05A
F34F
F653
F965
FC81
FFA6
02D1
05FF
092F
0C5E
0F88
12AD
15C8
18D8
1BDB
1ECD
21AD
2477
272A
29C4
2C42
2EA2
30E2
3300
34FB
36D1
3880
3A07
3B64
3C97
3D9F
3E7A
3F29
3FA9
3FFC
4020
4016
3FDD
3F76
3EE1
3E20
3D31
3C17
3AD2
3964
37CD
3610
342D
3226
2FFE
2DB5
2B4F
28CD
2631
237E
20B6
1DDB
1AF0
17F7
14F4
11E8
0ED6
0BC1
08AB
0598
0289
FF82
FC84
F993
F6B0
F3DF
F120
EE77
EBE6
E96E
E712
E4D3
E2B3
E0B4
DED8
DD1F
DB8A
DA1C
D8D4
D7B5
D6BD
D5EF
D54A
D4CF
D47E
D456
D459
D484
D4DA
D558
D5FE
D6CB
D7BE
D8D7
DA14
DB74
DCF6
DE99
E05A
E239
E434
E649
E876
EABA
ED14
EF80
F1FE
F48A
F725
F9CA
FC7A
FF31
01ED
04AD
0770
0A32
0CF2
0FAF
1267
1517
17BF
1A5E
1CF1
1F77
21EE
2455
26AB
28EE
2B1E
2D39
2F3E
312D
3305
34C5
366D
37FB
3970
3ACC
3C0E
3D35
3E42
3F35
400E
40CD
4172
41FD
426F
42C8
4309
4331
4343
433D
4321
42EF
42A7
424C
41DD
415C
40CA
4026
3F73
3EB0
3DDF
3D01
3C16
3B1F
3A1D
3911
37FC
36DE
35B8
348C
3358
321F
30E1
2F9F
2E58
2D0E
2BC1
2A72
2920
27CD
2678
2523
23CC
2274
211B
1FC2
1E68
1D0F
1BB5
1A5C
1903
17A9
1650
14F6
139C
1242
10E7
0F8D
0E31
0CD5
0B77
0A19
08BA
075A
05F8
0495
0331
01CB
0064
FEFB
FD92
FC27
FABB
F94E
F7E0
F673
F506
F399
F22D
F0C1
EF57
EDEE
EC88
EB25
E9C5
E869
E713
E5C2
E477
E334
E1F9
E0C6
DF9E
DE80
DD6F
DC6A
DB72
DA8A
D9B0
D8E8
D831
D78C
D6FB
D67F
D617
D5C6
D58C
D56A
D560
D56F
D598
D5DB
D639
D6B2
D747
D7F7
D8C3
D9AC
DAB0
DBD0
DD0C
DE64
DFD7
E165
E30D
E4CE
E6A8
E89A
EAA3
ECC2
EEF5
F13C
F395
F5FF
F877
FAFD
FD90
002C
02D0
057B
082A
0ADB
0D8C
103C
12E7
158C
1829
1ABB
1D41
1FB7
221D
2470
26AE
28D6
2AE4
2CD7
2EAE
3067
31FF
3376
34CB
35FA
3705
37E8
38A4
3938
39A3
39E3
39FA
39E6
39A7
393D
38A8
37E9
3700
35EF
34B4
3353
31CA
301D
2E4D
2C5A
2A46
2814
25C6
235C
20DA
1E42
1B96
18D8
160C
1333
104F
0D65
0A76
0786
0496
01A9
FEC3
FBE6
F914
F650
F39D
F0FB
EE6F
EBFA
E99F
E760
E53F
E33D
E15D
DFA0
DE07
DC93
DB46
DA20
D921
D84C
D79F
D71B
D6C1
D68F
D685
D6A3
D6E9
D755
D7E6
D89C
D974
DA6E
DB87
DCBF
DE12
DF80
E106
E2A3
E454
E616
E7E8
E9C6
EBAF
ED9F
EF95
F18D
F386
F57C
F76E
F959
FB3A
FD10
FED8
008F
0235
03C7
0543
06A8
07F5
0927
0A3D
0B37
0C13
0CD2
0D71
0DF2
0E52
0E94
0EB6
0EBA
0E9F
0E66
0E0F
0D9C
0D0D
0C64
0BA2
0AC8
09D9
08D5
07BF
0699
0565
0424
02DA
0187
0030
FED4
FD78
FC1E
FAC7
F976
F82E
F6F0
F5BE
F49C
F38A
F28B
F1A0
F0CC
F010
EF6C
EEE4
EE77
EE27
EDF5
EDE2
EDEE
EE19
EE65
EECF
EF5A
F004
F0CD
F1B4
F2B9
F3DA
F517
F66E
F7DE
F966
FB02
FCB3
FE76
0049
022A
0417
060D
080B
0A0E
0C14
0E1A
101E
121D
1415
1605
17E9
19C1
1B88
1D3F
1EE2
206F
21E5
2342
2485
25AB
26B4
279E
2868
2912
299A
2A01
2A44
2A65
2A63
2A3E
29F7
298D
2901
2854
2787
269A
258F
2466
2322
21C1
2048
1EB7
1D12
1B59
198E
17B4
15CD
13DB
11E0
0FDE
0DD7
0BCE
09C5
07BE
05BB
03BE
01C9
FFDF
FE01
FC30
FA70
F8C1
F725
F59E
F42C
F2D2
F190
F067
EF58
EE64
ED8C
ECCF
EC2F
EBAB
EB44
EAFA
EACB
EAB9
EAC2
EAE6
EB24
EB7C
EBED
EC75
ED15
EDC9
EE93
EF70
F05E
F15D
F26C
F388
F4B1
F5E5
F722
F867
F9B3
FB05
FC5A
FDB2
FF0B
0065
01BD
0315
046A
05BA
0706
084B
0989
0AC1
0BEF
0D16
0E33
0F48
1052
1153
124B
1338
141C
14F7
15C8
1690
1750
1807
18B6
195E
19FF
1A9A
1B2F
1BBF
1C4A
1CD2
1D55
1DD6
1E55
1ED1
1F4C
1FC7
2040
20BA
2133
21AD
2228
22A3
231F
239C
2419
2497
2515
2594
2611
268E
270A
2783
27FA
286E
28DD
2948
29AD
2A0B
2A61
2AAF
2AF3
2B2D
2B5B
2B7C
2B90
2B94
2B89
2B6D
2B3F
2B00
2AAC
2A45
29C9
2938
2890
27D1
26FC
260F
250A
23ED
22B7
216A
2005
1E89
1CF5
1B4B
198A
17B4
15CA
13CC
11BB
0F9A
0D68
0B28
08DB
0683
0421
01B7
FF47
FCD3
FA5D
F7E6
F572
F301
F095
EE32
EBD9
E98C
E74E
E51F
E303
E0FB
DF09
DD2F
DB6F
D9C9
D840
D6D5
D589
D45E
D354
D26C
D1A8
D106
D089
D031
CFFC
CFEC
D000
D037
D091
D10D
D1AB
D269
D346
D441
D559
D68C
D7D7
D93B
DAB4
DC40
DDDE
DF8B
E145
E30A
E4D7
E6AA
E881
EA5A
EC31
EE04
EFD2
F197
F352
F500
F6A0
F82E
F9A9
FB10
FC60
FD98
FEB7
FFBA
00A1
016B
0217
02A4
0312
0360
038E
039B
0389
0357
0306
0296
0209
015F
0099
FFB8
FEBF
FDAE
FC87
FB4D
FA01
F8A5
F73B
F5C5
F447
F2C2
F138
EFAD
EE22
EC9B
EB19
E99F
E830
E6CE
E57B
E43A
E30D
E1F6
E0F6
E011
DF47
DE9B
DE0E
DDA1
DD56
DD2E
DD29
DD49
DD8E
DDF8
DE87
DF3C
E017
E116
E23A
E382
E4ED
E679
E826
E9F2
EBDB
EDE0
EFFF
F236
F483
F6E3
F954
FBD4
FE60
00F5
0391
0631
08D3
0B73
0E0F
10A4
132F
15AD
181C
1A7A
1CC2
1EF5
210E
230B
24EB
26AB
284A
29C5
2B1C
2C4C
2D55
2E36
2EED
2F7A
2FDD
3015
3023
3005
2FBD
2F4A
2EAE
2DE9
2CFC
2BE8
2AAE
2951
27D1
2630
2470
2293
209B
1E8B
1C64
1A2A
17DE
1582
131B
10AA
0E32
0BB5
0936
06B9
043E
01CA
FF5F
FCFF
FAAD
F86B
F63A
F41E
F218
F02A
EE56
EC9D
EB01
E983
E824
E6E6
E5CA
E4CF
E3F6
E341
E2AE
E23F
E1F2
E1C8
E1C0
E1DA
E213
E26D
E2E5
E37B
E42C
E4F8
E5DC
E6D8
E7E8
E90D
EA43
EB88
ECDB
EE38
EF9E
F10B
F27C
F3EE
F561
F6D1
F83C
F9A0
FAFC
FC4C
FD8F
FEC3
FFE7
00F8
01F5
02DD
03AD
0466
0505
058A
05F4
0643
0675
068B
0684
0661
0621
05C4
054B
04B6
0408
033F
025E
0165
0056
FF32
FDFB
FCB2
FB58
F9F1
F87C
F6FE
F576
F3E9
F256
F0C2
EF2D
ED9B
EC0C
EA84
E904
E78F
E626
E4CD
E383
E24C
E129
E01D
DF27
DE49
DD85
DCDD
DC52
DBE5
DB97
DB68
DB5A
DB6D
DBA1
DBF7
DC6E
DD07
DDC0
DE9B
DF96
E0B0
E1E9
E340
E4B3
E642
E7EC
E9AD
EB87
ED75
EF77
F18B
F3B0
F5E2
F820
FA68
FCB7
FF0C
0164
03BD
0615
086A
0AB9
0D00
0F3D
116F
1392
15A6
17A7
1995
1B6E
1D2F
1ED7
2065
21D8
232E
2466
257F
2679
2752
280A
28A0
2915
2968
2999
29A8
2995
2962
290D
2899
2806
2754
2685
2599
2492
2371
2238
20E9
1F84
1E0C
1C82
1AE8
1941
178E
15D0
140B
123F
106F
0E9E
0CCC
0AFC
092F
0769
05A9
03F3
0248
00A9
FF18
FD96
FC25
FAC6
F979
F840
F71C
F60D
F515
F434
F36A
F2B8
F21E
F19B
F130
F0DD
F0A1
F07C
F06C
F073
F08E
F0BD
F0FF
F153
F1B8
F22B
F2AD
F33C
F3D6
F47A
F526
F5D9
F691
F74C
F809
F8C7
F984
FA3E
FAF4
FBA3
FC4B
FCEA
FD7F
FE07
FE83
FEF1
FF4F
FF9D
FFDA
0005
001D
0021
0012
FFEE
FFB6
FF69
FF07
FE90
FE05
FD65
FCB1
FBEA
FB11
FA25
F927
F81A
F6FD
F5D2
F49A
F356
F208
F0B1
EF52
EDEC
EC81
EB14
E9A4
E834
E6C6
E55B
E3F4
E293
E13A
DFEA
DEA5
DD6C
DC40
DB22
DA15
D918
D82E
D757
D693
D5E4
D54A
D4C7
D459
D403
D3C3
D39A
D388
D38E
D3AA
D3DD
D425
D484
D4F7
D57F
D61A
D6C7
D785
D853
D930
DA1B
DB12
DC14
DD1F
DE32
DF4B
E069
E18B
E2AD
E3D0
E4F2
E611
E72B
E83F
E94C
EA50
EB4A
EC39
ED1C
EDF2
EEBA
EF73
F01C
F0B4
F13C
F1B1
F215
F267
F2A6
F2D4
F2EF
F2F8
F2F0
F2D7
F2AE
F275
F22D
F1D8
F175
F106
F08D
F00A
EF7F
EEEE
EE57
EDBC
ED1F
EC81
EBE4
EB49
EAB2
EA21
E996
E914
E89C
E82F
E7CF
E77D
E73B
E70A
E6EA
E6DE
E6E6
E702
E734
E77C
E7DB
E851
E8DE
E983
EA40
EB14
EC00
ED03
EE1C
EF4B
F090
F1E8
F355
F4D3
F663
F803
F9B1
FB6B
FD31
FF01
00D9
02B7
049A
0680
0866
0A4C
0C2E
0E0C
0FE2
11B0
1374
152B
16D5
186E
19F6
1B6C
1CCC
1E17
1F4B
2067
2169
2251
231E
23CF
2464
24DC
2537
2575
2596
259B
2583
254F
24FF
2494
240F
2371
22BB
21EE
210C
2016
1F0D
1DF5
1CCD
1B98
1A58
190E
17BD
1668
150E
13B4
125B
1104
0FB3
0E69
0D27
0BF1
0AC7
09AC
08A1
07A8
06C2
05F1
0536
0492
0406
0394
033B
02FD
02DA
02D3
02E7
0316
0361
03C8
0449
04E4
0599
0667
074C
0848
095A
0A80
0BB8
0D01
0E5A
0FC0
1133
12AF
1433
15BD
174B
18DB
1A6B
1BF7
1D80
1F01
207B
21EA
234D
24A2
25E7
271A
283A
2945
2A3A
2B17
2BDA
2C84
2D13
2D86
2DDC
2E15
2E31
2E2E
2E0E
2DCF
2D72
2CF8
2C61
2BAD
2ADD
29F2
28ED
27CF
269A
254D
23EC
2277
20F0
1F59
1DB3
1C00
1A43
187C
16AE
14DB
1305
112D
0F56
0D81
0BB1
09E6
0823
066A
04BB
0319
0185
0000
FE8C
FD2A
FBDA
FA9E
F976
F863
F766
F67E
F5AD
F4F3
F44F
F3C1
F349
F2E7
F299
F260
F23A
F227
F225
F234
F252
F27F
F2B8
F2FD
F34B
F3A2
F400
F464
F4CB
F534
F59E
F608
F66E
F6D1
F72E
F785
F7D3
F818
F851
F87F
F8A0
F8B4
F8B8
F8AD
F892
F866
F829
F7DB
F77A
F709
F685
F5F1
F54B
F495
F3CF
F2F9
F216
F124
F027
EF1E
EE0B
ECEF
EBCC
EAA2
E975
E844
E713
E5E1
E4B2
E387
E261
E143
E02D
DF23
DE25
DD34
DC53
DB82
DAC4
DA19
D983
D904
D89B
D84B
D814
D7F6
D7F4
D80C
D840
D890
D8FC
D984
DA29
DAE9
DBC4
DCBB
DDCC
DEF7
E03B
E197
E309
E492
E62E
E7DE
E9A0
EB73
ED54
EF42
F13B
F33E
F548
F758
F96B
FB80
FD95
FFA8
01B7
03C1
05C3
07BC
09AA
0B8C
0D5F
0F23
10D5
1275
1402
1579
16DB
1826
195A
1A75
1B77
1C60
1D30
1DE5
1E81
1F05
1F6E
1FBF
1FF6
2015
201B
200A
1FE3
1FA6
1F54
1EEE
1E76
1DEC
1D52
1CA9
1BF2
1B2F
1A61
198A
18AA
17C4
16D9
15E9
14F7
1404
1311
121F
1130
1044
0F5E
0E7D
0DA3
0CD0
0C06
0B45
0A8D
09E1
093F
08A8
081E
079F
072C
06C6
066B
061D
05DA
05A3
0577
0556
053F
0532
052E
0533
0540
0554
056E
058E
05B3
05DC
0608
0637
0666
0697
06C7
06F5
0721
074B
0772
0795
07B4
07CE
07E2
07F1
07F9
07FB
07F5
07E9
07D5
07BA
0797
076E
073D
0705
06C6
0681
0636
05E5
058F
0535
04D7
0476
0412
03AC
0345
02DD
0276
0211
01AD
014D
00F0
0097
0044
FFF7
FFB1
FF72
FF3B
FF0D
FEE8
FECD
FEBC
FEB5
FEBA
FEC9
FEE4
FF0A
FF3B
FF78
FFC0
0013
0071
00D9
014A
01C5
0249
02D4
0367
0401
049F
0543
05EA
0694
073F
07EB
0897
0940
09E7
0A8A
0B27
0BBE
0C4D
0CD3
0D4F
0DC0
0E25
0E7D
0EC6
0F00
0F2A
0F44
0F4C
0F42
0F25
0EF5
0EB1
0E5A
0DEE
0D6F
0CDC
0C34
0B79
0AAC
09CB
08D9
07D5
06C1
059C
0469
0327
01D9
007E
FF1A
FDAB
FC35
FAB9
F937
F7B2
F62B
F4A3
F31C
F197
F017
EE9D
ED2A
EBC0
EA60
E90C
E7C6
E68F
E567
E452
E34F
E260
E187
E0C5
E01A
DF86
DF0B
DEAA
DE62
DE35
DE22
DE2A
DE4D
DE8C
DEE5
DF58
DFE7
E08F
E150
E22A
E31C
E426
E545
E67A
E7C3
E91F
EA8C
EC0A
ED96
EF30
F0D6
F285
F43E
F5FD
F7C1
F989
FB52
FD1B
FEE2
00A6
0264
041C
05CA
076E
0906
0A90
0C0B
0D76
0ECE
1012
1141
125B
135D
1447
1517
15CD
1668
16E7
1749
178E
17B6
17C1
17AD
177B
172B
16BC
1630
1587
14C0
13DC
12DC
11C1
108B
0F3B
0DD2
0C52
0ABB
090F
0750
057E
039B
01A8
FFA9
FD9D
FB87
F968
F743
F519
F2ED
F0BF
EE92
EC69
EA44
E826
E611
E406
E208
E018
DE39
DC6C
DAB2
D90D
D77F
D609
D4AD
D36C
D247
D13F
D056
CF8C
CEE2
CE59
CDF1
CDAC
CD89
CD88
CDAA
CDEE
CE56
CEDF
CF8A
D057
D144
D251
D37D
D4C7
D62E
D7B1
D94D
DB03
DCD0
DEB2
E0A9
E2B2
E4CC
E6F4
E929
EB68
EDB0
EFFF
F252
F4A7
F6FD
F951
FBA1
FDEB
002D
0265
0492
06B0
08C0
0ABE
0CAA
0E82
1043
11EE
1381
14FB
165B
179F
18C8
19D4
1AC3
1B96
1C4B
1CE2
1D5C
1DB9
1DF9
1E1C
1E24
1E10
1DE2
1D99
1D38
1CC0
1C30
1B8B
1AD2
1A06
1928
183B
173E
1635
1520
1401
12D9
11AB
1076
0F3E
0E04
0CC8
0B8D
0A53
091E
07ED
06C2
059E
0481
036D
0262
0162
006D
FF84
FEA6
FDD5
FD11
FC5A
FBB0
FB13
FA84
FA01
F98C
F923
F8C6
F875
F82F
F7F4
F7C3
F79B
F77C
F764
F754
F749
F744
F744
F747
F74E
F756
F75E
F767
F76E
F774
F777
F775
F770
F765
F754
F73C
F71D
F6F5
F6C5
F68C
F649
F5FC
F5A4
F542
F4D4
F45C
F3D8
F348
F2AD
F207
F155
F099
EFD1
EEFF
EE23
ED3A
EC48
EB4C
EA48
E93D
E82A
E710
E5F1
E4CD
E3A4
E278
E14A
E01B
DEEA
DDBB
DC8C
DB60
DA38
D913
D7F4
D6DC
D5CB
D4C2
D3C3
D2CE
D1E4
D107
D036
CF74
CEC0
CE1C
CD88
CD05
CC93
CC34
CBE8
CBAF
CB89
CB78
CB7A
CB92
CBBE
CBFF
CC54
CCBF
CD3E
CDD1
CE79
CF35
D004
D0E6
D1DB
D2E1
D3F9
D522
D65B
D7A2
D8F8
DA5C
DBCB
DD47
DECD
E05C
E1F4
E395
E53D
E6EA
E89C
EA50
EC06
EDBE
EF75
F12B
F2DF
F490
F63C
F7E4
F986
FB20
FCB3
FE3E
FFC0
0138
02A6
0408
0560
06AB
07EB
091E
0A44
0B5D
0C69
0D68
0E5A
0F3E
1015
10DE
119A
1249
12EB
1381
140B
1489
14FC
1564
15C2
1615
165F
169F
16D7
1706
172E
174D
1766
1777
1783
1788
1787
1781
1775
1764
174E
1734
1714
16F0
16C8
169A
1668
1631
15F5
15B3
156D
1521
14D0
1479
141C
13B9
134F
12DF
1267
11E9
1163
10D5
103F
0FA2
0EFC
0E4E
0D97
0CD9
0C12
0B42
0A6B
098C
08A5
07B6
06C1
05C5
04C3
03BB
02AF
019F
008C
FF77
FE5F
FD45
FC2C
FB13
F9FB
F8E6
F7D4
F6C6
F5BE
F4BD
F3C3
F2D2
F1EA
F10C
F03A
EF74
EEBC
EE11
ED75
ECE9
EC6C
EC00
EBA4
EB5A
EB21
EAFA
EAE5
EAE1
EAEF
EB0E
EB3E
EB7E
EBCE
EC2D
EC9B
ED15
ED9C
EE2E
EECA
EF6F
F01B
F0CE
F185
F23F
F2FB
F3B7
F471
F527
F5D9
F684
F727
F7C0
F84D
F8CC
F93D
F99E
F9ED
FA29
FA50
FA62
FA5E
FA41
FA0D
F9BF
F958
F8D6
F83B
F785
F6B5
F5CA
F4C6
F3A8
F271
F122
EFBD
EE41
ECB1
EB0D
E959
E794
E5C1
E3E2
E1FA
E00A
DE14
DC1C
DA23
D82C
D63B
D451
D271
D09E
CEDB
CD2B
CB8F
CA0C
C8A3
C758
C62C
C523
C43D
C37F
C2E9
C27E
C23F
C22E
C24C
C29B
C31B
C3CE
C4B4
C5CD
C71A
C89A
CA4D
CC34
CE4C
D095
D30E
D5B5
D889
DB87
DEAE
E1FB
E56C
E8FE
ECAD
F077
F45A
F850
FC58
006C
048B
08AF
0CD5
10F9
1517
192B
1D32
2126
2505
28CA
2C72
2FF9
335B
3696
39A4
3C84
3F32
41AC
43EF
45F8
47C5
4955
4AA5
4BB5
4C82
4D0C
4D52
4D55
4D13
4C8C
4BC2
4AB5
4966
47D6
4607
43FA
41B2
3F31
3C79
398E
3672
3328
2FB4
2C1A
285D
2480
2089
1C7B
185A
142A
0FF0
0BB1
0770
0332
FEFB
FAD0
F6B5
F2AF
EEC0
EAEE
E73B
E3AC
E044
DD06
D9F6
D716
D46A
D1F4
CFB5
CDB1
CBEA
CA5F
C914
C808
C73D
C6B4
C66B
C664
C69E
C717
C7D1
C8C8
C9FC
CB6B
CD13
CEF1
D105
D34A
D5BF
D860
DB2A
DE1A
E12C
E45C
E7A8
EB0B
EE81
F206
F597
F930
FCCD
0069
0401
0791
0B15
0E89
11EB
1536
1866
1B7A
1E6D
213D
23E7
2668
28BF
2AE8
2CE3
2EAC
3044
31A8
32D7
33D1
3496
3524
357C
359E
358B
3542
34C5
3415
3332
3220
30DE
2F70
2DD6
2C13
2A2A
281D
25EE
23A0
2137
1EB4
1C1B
196E
16B2
13E9
1115
0E3B
0B5E
087F
05A4
02CE
0000
FD3C
FA87
F7E2
F551
F2D6
F073
EE2A
EBFE
E9F0
E803
E638
E48F
E30C
E1AD
E076
DF65
DE7C
DDBB
DD22
DCB2
DC69
DC48
DC4F
DC7B
DCCD
DD44
DDDE
DE9A
DF77
E072
E18B
E2BF
E40D
E571
E6EC
E879
EA18
EBC6
ED81
EF46
F113
F2E6
F4BD
F694
F86B
FA3E
FC0C
FDD3
FF90
0141
02E4
0479
05FC
076C
08C8
0A0F
0B3F
0C57
0D55
0E3A
0F04
0FB3
1045
10BC
1116
1154
1175
117A
1163
1130
10E3
107B
0FFA
0F60
0EAF
0DE8
0D0B
0C1B
0B19
0A07
08E5
07B5
067A
0535
03E7
0293
013B
FFDF
FE82
FD26
FBCD
FA78
F929
F7E2
F6A4
F571
F44B
F333
F22A
F132
F04C
EF79
EEBA
EE11
ED7D
ED00
EC9B
EC4E
EC18
EBFC
EBF8
EC0D
EC3C
EC82
ECE2
ED59
EDE8
EE8E
EF4A
F01C
F103
F1FD
F30A
F429
F558
F696
F7E2
F93B
FAA0
FC0E
FD84
FF01
0083
0208
038F
0516
069C
081F
099E
0B17
0C89
0DF2
0F52
10A6
11EE
1328
1454
1570
167C
1777
185F
1935
19F8
1AA6
1B41
1BC7
1C39
1C96
1CDE
1D12
1D32
1D3E
1D35
1D1A
1CEC
1CAC
1C5B
1BFA
1B89
1B09
1A7C
19E3
193E
188F
17D8
1718
1653
1588
14B9
13E9
1317
1245
1175
10A7
0FDE
0F1A
0E5C
0DA5
0CF7
0C53
0BB9
0B2A
0AA6
0A2F
09C6
096B
091F
08E2
08B4
0895
0885
0885
0894
08B2
08DE
0919
0961
09B6
0A17
0A84
0AFB
0B7B
0C04
0C95
0D2C
0DC8
0E69
0F0C
0FB1
1055
10F9
119B
1239
12D2
1366
13F3
1477
14F2
1562
15C6
161D
1666
16A0
16CB
16E5
16EF
16E7
16CD
16A1
1662
1611
15AC
1536
14AC
1410
1363
12A3
11D3
10F3
1002
0F04
0DF7
0CDE
0BB9
0A8A
0951
0812
06CD
0582
0433
02E2
0190
003F
FEF0
FDA5
FC60
FB21
F9EA
F8BE
F79D
F689
F583
F48D
F3A7
F2D3
F213
F166
F0CF
F04D
EFE3
EF8F
EF54
EF30
EF26
EF34
EF5B
EF9B
EFF4
F065
F0EF
F190
F249
F319
F3FE
F4F9
F608
F729
F85D
F9A1
FAF4
FC55
FDC3
FF3B
00BD
0246
03D6
056A
0701
0899
0A31
0BC7
0D59
0EE5
106B
11E9
135D
14C6
1623
1772
18B2
19E2
1B01
1C0F
1D0A
1DF2
1EC6
1F86
2031
20C7
2148
21B4
220B
224D
227B
2294
229A
228C
226B
2239
21F5
21A2
213F
20CE
204F
1FC4
1F2F
1E8F
1DE7
1D38
1C82
1BC7
1B08
1A48
1986
18C3
1801
1741
1684
15CB
1516
1467
13BE
131C
1282
11F0
1167
10E6
106F
1002
0F9E
0F44
0EF4
0EAE
0E70
0E3C
0E11
0DEE
0DD3
0DBF
0DB2
0DAB
0DA9
0DAB
0DB1
0DBA
0DC5
0DD1
0DDD
0DE9
0DF4
0DFC
0E01
0E02
0DFE
0DF6
0DE6
0DD1
0DB3
0D8E
0D61
0D2B
0CEB
0CA3
0C51
0BF5
0B90
0B22
0AAA
0A29
099F
090D
0874
07D3
072C
067F
05CD
0516
045C
03A0
02E2
0224
0166
00AB
FFF2
FF3D
FE8E
FDE5
FD44
FCAB
FC1B
FB97
FB1D
FAB1
FA52
FA00
F9BE
F98C
F969
F957
F956
F966
F987
F9BA
F9FE
FA54
FABA
FB31
FBB8
FC4F
FCF4
FDA8
FE68
FF34
000B
00EC
01D5
02C5
03BB
04B4
05B0
06AD
07A9
08A3
0998
0A88
0B70
0C4F
0D23
0DEA
0EA3
0F4C
0FE3
1068
10D9
1135
117A
11A7
11BB
11B6
1196
115B
1103
1090
1001
0F56
0E90
0DAD
0CAF
0B96
0A62
0916
07B0
0633
04A0
02F8
013D
FF6F
FD91
FBA5
F9AB
F7A7
F59A
F387
F16E
EF53
ED38
EB1F
E909
E6FA
E4F3
E2F6
E106
DF24
DD52
DB92
D9E7
D852
D6D4
D56F
D425
D2F6
D1E4
D0F0
D01B
CF65
CECF
CE59
CE03
CDCD
CDB8
CDC3
CDED
CE36
CE9D
CF22
CFC2
D07E
D153
D240
D343
D45B
D587
D6C3
D80F
D967
DACA
DC37
DDAA
DF22
E09C
E217
E390
E505
E675
E7DC
E93A
EA8C
EBD0
ED06
EE2A
EF3D
F03B
F125
F1FA
F2B7
F35D
F3EB
F460
F4BD
F500
F52A
F53C
F535
F516
F4DF
F492
F42F
F3B7
F32D
F290
F1E2
F125
F05B
EF85
EEA5
EDBD
ECCF
EBDC
EAE7
E9F2
E8FE
E80E
E724
E641
E568
E49A
E3D9
E326
E284
E1F4
E177
E10F
E0BC
E080
E05C
E050
E05E
E084
E0C6
E123
E199
E229
E2D3
E395
E471
E563
E66D
E78C
E8C0
EA07
EB5F
ECC8
EE40
EFC4
F153
F2EB
F48B
F62F
F7D7
F980
FB27
FCCC
FE6B
0003
0192
0316
048C
05F4
074B
0890
09BF
0AD9
0BDC
0CC8
0D9A
0E53
0EF2
0F75
0FDD
102A
105A
106E
1067
1044
1007
0FB0
0F3F
0EB6
0E16
0D60
0C95
0BB7
0AC8
09CA
08BD
07A4
0681
0556
0425
02F0
01B9
0083
FF4D
FE1B
FCF0
FBCE
FAB6
F9AA
F8AC
F7BF
F6E3
F61A
F566
F4C7
F440
F3D0
F37A
F33C
F319
F311
F323
F350
F397
F3F9
F475
F50B
F5B9
F67F
F75D
F84F
F957
FA71
FB9D
FCD8
FE22
FF77
00D7
0240
03AF
0523
0699
0810
0985
0AF6
0C62
0DC5
0F1F
106E
11AF
12E0
1401
150F
1609
16EF
17BD
1874
1913
1998
1A03
1A54
1A8A
1AA5
1AA5
1A8A
1A54
1A04
199A
1917
187B
17C9
1701
1624
1534
1432
131F
11FE
10D1
0F98
0E56
0D0D
0BBE
0A6C
0919
07C7
0677
052C
03E7
02AB
0179
0053
FF3B
FE32
FD3A
FC53
FB81
FAC3
FA1A
F989
F910
F8AF
F867
F838
F823
F826
F843
F878
F8C7
F92D
F9AA
FA3F
FAE9
FBA7
FC79
FD5E
FE53
FF59
006C
018B
02B6
03EA
0525
0666
07AB
08F3
0A3B
0B82
0CC5
0E05
0F3E
106F
1197
12B5
13C7
14CB
15C2
16A9
1780
1846
18FA
199C
1A2B
1AA7
1B10
1B66
1BA9
1BD8
1BF5
1BFF
1BF8
1BDF
1BB7
1B7E
1B37
1AE2
1A81
1A15
199E
191E
1897
1809
1776
16E0
1648
15AE
1515
147D
13E7
1356
12C9
1242
11C2
1149
10D9
1073
1016
0FC3
0F7B
0F3E
0F0C
0EE4
0EC8
0EB6
0EAF
0EB1
0EBD
0ED2
0EEE
0F11
0F3B
0F69
0F9B
0FCF
1005
103B
1071
10A4
10D2
10FB
111D
1136
1145
1149
113F
1128
1102
10CB
1082
1027
0FB9
0F37
0EA0
0DF4
0D32
0C5A
0B6D
0A69
0950
0821
06DE
0586
041B
029D
010E
FF6E
FDC0
FC04
FA3C
F86B
F691
F4B0
F2CC
F0E5
EEFD
ED19
EB38
E95E
E78D
E5C8
E410
E269
E0D3
DF53
DDE9
DC98
DB62
DA49
D94E
D874
D7BC
D728
D6B8
D66F
D64C
D651
D67E
D6D5
D754
D7FC
D8CF
D9CB
DAEF
DC3A
DDAB
DF43
E0FE
E2DC
E4DC
E6FA
E936
EB8E
EDFE
F085
F321
F5CE
F88A
FB52
FE24
00FD
03D9
06B5
0990
0C66
0F33
11F6
14AB
1750
19E1
1C5E
1EC2
210B
2338
2547
2734
2900
2AA8
2C2B
2D87
2EBD
2FCA
30AF
316A
31FD
3266
32A7
32BF
32AF
3278
321B
319A
30F5
302F
2F48
2E44
2D23
2BE8
2A95
292C
27B1
2625
248B
22E5
2136
1F81
1DC8
1C0E
1A55
18A0
16F2
154C
13B1
1223
10A5
0F37
0DDC
0C96
0B65
0A4C
094A
0863
0795
06E1
0649
05CB
0569
0522
04F5
04E2
04E9
0508
053E
0589
05EA
065D
06E2
0777
081A
08C8
0980
0A3F
0B04
0BCB
0C92
0D58
0E1A
0ED5
0F88
1030
10CA
1156
11D0
1237
1289
12C4
12E7
12F1
12DF
12B2
1267
11FF
1179
10D4
1010
0F2D
0E2B
0D0B
0BCD
0A72
08FA
0767
05BB
03F6
021B
002B
FE28
FC14
F9F1
F7C1
F587
F346
F0FF
EEB5
EC6B
EA24
E7E2
E5A8
E378
E154
DF41
DD40
DB52
D97C
D7BF
D61D
D498
D332
D1EC
D0C9
CFCA
CEF0
CE3B
CDAD
CD47
CD09
CCF3
CD06
CD41
CDA4
CE2F
CEE1
CFB8
D0B5
D1D6
D31A
D47E
D602
D7A3
D95F
DB35
DD22
DF25
E139
E35E
E590
E7CC
EA12
EC5C
EEAA
F0F8
F344
F58B
F7C9
F9FE
FC26
FE40
0049
0240
0421
05EC
079E
0937
0AB4
0C14
0D57
0E7B
0F80
1065
112A
11CE
1251
12B4
12F7
131A
131E
1304
12CC
1279
120A
1181
10E1
1029
0F5D
0E7D
0D8B
0C8A
0B7B
0A61
093D
0811
06E0
05AB
0475
0340
020C
00DE
FFB5
FE94
FD7C
FC6F
FB6F
FA7C
F998
F8C4
F801
F750
F6B2
F626
F5AF
F54A
F4FA
F4BE
F495
F481
F47F
F490
F4B2
F4E6
F52A
F57E
F5E0
F64F
F6CB
F751
F7E1
F87A
F919
F9BD
FA65
FB0F
FBBB
FC66
FD0F
FDB4
FE55
FEEF
FF82
000D
008D
0104
016E
01CC
021C
025E
0292
02B7
02CC
02D2
02C8
02AE
0284
024B
0203
01AC
0148
00D5
0057
FFCC
FF37
FE97
FDEF
FD40
FC8A
FBCF
FB10
FA4E
F98B
F8C9
F808
F74A
F690
F5DC
F52F
F48A
F3EF
F35E
F2D9
F260
F1F5
F199
F14E
F113
F0E8
F0CE
F0C6
F0CF
F0EB
F118
F158
F1A9
F20C
F281
F306
F39B
F43F
F4F3
F5B4
F683
F75D
F842
F931
FA28
FB26
FC2A
FD33
FE3E
FF4C
0059
0165
026E
0374
0473
056B
065B
0742
081D
08ED
09AF
0A64
0B09
0B9D
0C21
0C93
0CF3
0D3F
0D78
0D9E
0DAF
0DAC
0D95
0D6A
0D2A
0CD7
0C71
0BF8
0B6D
0AD0
0A22
0965
0898
07BE
06D7
05E4
04E6
03DF
02D1
01BC
00A2
FF84
FE63
FD42
FC20
FB00
F9E2
F8C9
F7B4
F6A7
F5A0
F4A3
F3AF
F2C5
F1E7
F116
F052
EF9B
EEF3
EE59
EDCF
ED55
ECEA
EC90
EC46
EC0C
EBE2
EBC8
EBBE
EBC4
EBD9
EBFE
EC30
EC70
ECBE
ED17
ED7D
EDEE
EE69
EEEE
EF7B
F011
F0AD
F150
F1F8
F2A5
F355
F409
F4BE
F575
F62D
F6E5
F79D
F853
F907
F9B9
FA68
FB14
FBBC
FC60
FD00
FD9B
FE31
FEC3
FF4F
FFD7
005A
00D9
0153
01C8
0239
02A6
0310
0375
03D8
0438
0495
04F1
054A
05A2
05F9
064F
06A5
06FA
0750
07A7
07FE
0857
08B1
090C
0969
09C7
0A28
0A8B
0AEF
0B55
0BBD
0C26
0C91
0CFC
0D68
0DD5
0E43
0EB0
0F1D
0F89
0FF4
105D
10C4
1129
118B
11EA
1244
129A
12EC
1338
137E
13BE
13F8
142A
1455
1478
1493
14A5
14AF
14B1
14A9
1498
147E
145B
142E
13F8
13BA
1372
1322
12CA
1269
1202
1193
111D
10A1
1020
0F9A
0F10
0E82
0DF1
0D5D
0CC9
0C33
0B9E
0B0A
0A77
09E6
0959
08CF
084A
07CA
0751
06DE
0672
060E
05B3
0561
0517
04D8
04A2
0477
0455
043F
0433
0431
043A
044D
046A
0491
04C1
04FA
053C
0586
05D8
0631
0690
06F4
075E
07CB
083C
08AF
0924
0999
0A0F
0A84
0AF7
0B68
0BD5
0C3D
0CA1
0CFE
0D55
0DA5
0DEC
0E2B
0E60
0E8C
0EAE
0EC5
0ED1
0ED3
0EC8
0EB2
0E91
0E64
0E2C
0DE8
0D99
0D3F
0CDA
0C6B
0BF3
0B71
0AE6
0A53
09BA
091A
0875
07C9
071A
0666
05AF
04F6
043B
0380
02C4
0209
0150
0098
FFE4
FF33
FE86
FDDD
FD3A
FC9C
FC04
FB72
FAE8
FA64
F9E7
F971
F902
F89B
F83B
F7E2
F790
F744
F700
F6C2
F689
F655
F626
F5FB
F5D3
F5AE
F58B
F56A
F548
F527
F505
F4E1
F4BB
F491
F463
F431
F3F9
F3BB
F376
F329
F2D5
F277
F211
F1A1
F126
F0A2
F012
EF78
EED3
EE23
ED65
EC9C
EBC8
EAE9
E9FF
E90C
E80F
E709
E5FB
E4E5
E3C8
E2A5
E17D
E051
DF22
DDF0
DCBE
DB8C
DA5B
D92D
D802
D6DD
D5BE
D4A6
D397
D292
D199
D0AB
CFCB
CEFA
CE39
CD88
CCE9
CC5C
CBE3
CB7F
CB2F
CAF4
CACF
CAC1
CACA
CAE9
CB20
CB6E
CBD3
CC4F
CCE2
CD8B
CE4B
CF20
D00A
D109
D21C
D341
D479
D5C2
D71B
D883
D9F9
DB7D
DD0C
DEA5
E048
E1F4
E3A8
E562
E720
E8E2
EAA6
EC6B
EE2F
EFF2
F1B2
F36E
F526
F6D8
F883
FA27
FBC2
FD54
FEDC
005A
01CC
0333
048E
05DC
071E
0852
0979
0A93
0B9F
0C9E
0D90
0E74
0F4B
1015
10D1
1180
1223
12BA
1346
13C6
143C
14A7
1508
1560
15AF
15F5
1633
1669
1698
16C1
16E2
16FE
1713
1723
172E
1733
1734
1730
1727
171A
1708
16F1
16D6
16B6
1692
1668
163A
1607
15CE
1590
154C
1501
14B1
1459
13FB
1396
1329
12B4
1237
11B2
1124
108E
0FEF
0F48
0E97
0DDD
0D1B
0C4F
0B7B
0A9E
09B9
08CC
07D8
06DC
05D9
04D0
03C2
02AF
0196
007B
FF5C
FE3C
FD1B
FBFB
FADB
F9BD
F8A2
F78C
F67A
F56F
F46B
F370
F27D
F195
F0B8
EFE8
EF24
EE6E
EDC7
ED2F
ECA7
EC30
EBCA
EB75
EB32
EB01
EAE1
EAD4
EAD8
EAEF
EB16
EB4E
EB97
EBEF
EC56
ECCB
ED4D
EDDC
EE75
EF17
EFC2
F074
F12C
F1E7
F2A4
F362
F420
F4DA
F590
F640
F6E8
F787
F81A
F8A1
F919
F982
F9D9
FA1E
FA4F
FA6A
FA70
FA5E
FA34
F9F2
F997
F922
F894
F7EB
F728
F64B
F554
F444
F31C
F1DC
F085
EF18
ED97
EC03
EA5E
E8A8
E6E5
E515
E33B
E15A
DF72
DD87
DB9B
D9B0
D7CA
D5E9
D412
D246
D088
CEDB
CD41
CBBD
CA52
C901
C7CD
C6B8
C5C5
C4F6
C44C
C3C9
C36F
C33F
C33C
C365
C3BD
C443
C4F9
C5DF
C6F6
C83D
C9B4
CB5B
CD33
CF39
D16D
D3CD
D65A
D911
DBF0
DEF5
E220
E56C
E8D9
EC63
F008
F3C5
F796
FB79
FF6B
0367
076C
0B75
0F7E
1385
1785
1B7B
1F63
2339
26FA
2AA3
2E2F
319B
34E3
3805
3AFD
3DC8
4062
42CA
44FC
46F6
48B6
4A39
4B7D
4C82
4D45
4DC6
4E03
4DFB
4DAF
4D1D
4C46
4B2B
49CD
482B
4647
4424
41C2
3F24
3C4C
393D
35FA
3285
2EE3
2B17
2724
230F
1EDB
1A8E
162B
11B8
0D39
08B3
042A
FFA4
FB26
F6B5
F255
EE0C
E9DE
E5CF
E1E5
DE24
DA90
D72D
D400
D10B
CE53
CBDA
C9A3
C7B2
C607
C4A6
C38F
C2C3
C244
C212
C22D
C295
C348
C447
C58E
C71D
C8F2
CB08
CD5F
CFF2
D2BE
D5BF
D8F1
DC50
DFD7
E381
E749
EB29
EF1D
F320
F72B
FB39
FF45
034A
0741
0B27
0EF5
12A7
1638
19A4
1CE6
1FF9
22DB
2588
27FC
2A35
2C31
2DEC
2F67
309F
3193
3243
32AF
32D7
32BF
3265
31CA
30F1
2FDC
2E8D
2D07
2B4D
2963
274C
250B
22A6
2020
1D7D
1AC3
17F5
1519
1232
0F46
0C58
096F
068D
03B8
00F3
FE42
FBAA
F92E
F6D0
F495
F27F
F090
EECB
ED31
EBC5
EA88
E97A
E89C
E7EE
E770
E722
E703
E713
E74F
E7B6
E846
E8FE
E9DB
EADA
EBF9
ED35
EE8A
EFF7
F177
F308
F4A5
F64C
F7FA
F9AA
FB5B
FD08
FEAF
004C
01DD
035F
04CE
062A
076F
089D
09B1
0AA9
0B85
0C43
0CE2
0D62
0DC3
0E04
0E25
0E27
0E09
0DCD
0D74
0CFF
0C6E
0BC3
0AFF
0A25
0936
0833
071E
05FA
04C9
038C
0245
00F7
FFA3
FE4B
FCF2
FB9A
FA44
F8F1
F7A3
F65C
F51E
F3E9
F2BE
F1A0
F08E
EF8B
EE95
EDAF
ECD9
EC12
EB5C
EAB6
EA21
E99D
E929
E8C5
E871
E82C
E7F7
E7D0
E7B8
E7AD
E7AF
E7BD
E7D7
E7FC
E82D
E867
E8AA
E8F6
E949
E9A4
EA05
EA6D
EADA
EB4C
EBC2
EC3D
ECBB
ED3C
EDC1
EE47
EED0
EF5C
EFE8
F076
F106
F196
F227
F2B8
F349
F3DB
F46C
F4FD
F58D
F61C
F6A9
F735
F7C1
F84A
F8D1
F954
F9D4
FA50
FAC8
FB3B
FBA9
FC11
FC73
FCCF
FD23
FD71
FDB7
FDF5
FE2A
FE57
FE7B
FE96
FEA7
FEAF
FEAD
FEA2
FE8D
FE6F
FE48
FE18
FDDF
FD9E
FD55
FD05
FCB0
FC54
FBF4
FB8F
FB27
FABC
FA51
F9E5
F97A
F911
F8AC
F84B
F7F1
F79D
F752
F711
F6DB
F6B1
F695
F688
F68A
F69D
F6C2
F6FA
F746
F7A6
F81A
F8A5
F945
F9FB
FAC8
FBAB
FCA1
FDAE
FED0
0007
0153
02B3
0425
05AA
073F
08E3
0A95
0C53
0E1B
0FED
11C5
13A2
1581
1762
1940
1B1B
1CF0
1EBC
207E
2232
23D7
256B
26EA
2853
29A4
2ADA
2BF4
2CEF
2DC9
2E80
2F14
2F82
2FC9
2FE8
2FDE
2FAA
2F4B
2EC0
2E09
2D26
2C16
2AD9
2970
27DB
261B
2430
221A
1FDC
1D76
1AEA
1839
1564
126E
0F59
0C25
08D7
056F
01F0
FE5C
FAB7
F703
F343
EF78
EBA6
E7D0
E3F7
E020
DC4D
D881
D4BE
D108
CD61
C9CC
C64C
C2E3
BF94
BC61
B94C
B659
B389
B0DE
AE5A
ABFF
A9CF
A7CB
A5F5
A44D
A2D6
A18F
A07A
9F98
9EE9
9E6C
9E22
9E0C
9E2A
9E7A
9EFD
9FB2
A098
A1AE
A2F3
A466
A605
A7CF
A9C2
ABDD
AE1D
B080
B305
B5A9
B86A
BB45
BE39
C142
C45F
C78C
CAC8
CE0F
D15E
D4B4
D80E
DB69
DEC3
E21B
E56C
E8B4
EBF1
EF21
F242
F551
F84C
FB32
FE00
00B5
034F
05CE
082E
0A70
0C91
0E92
1070
122C
13C5
1539
168A
17B6
18BE
19A2
1A61
1AFC
1B74
1BC9
1BFB
1C0C
1BFB
1BCB
1B7B
1B0E
1A83
19DE
191F
1847
1758
1654
153B
1410
12D5
118A
1032
0ECE
0D60
0BEA
0A6D
08EB
0766
05DF
0457
02D1
014E
FFCF
FE55
FCE3
FB78
FA17
F8C0
F775
F636
F504
F3E0
F2CB
F1C6
F0D1
EFEC
EF18
EE55
EDA4
ED04
EC76
EBF9
EB8E
EB34
EAEC
EAB4
EA8D
EA76
EA6E
EA75
EA8A
EAAE
EADE
EB1A
EB63
EBB6
EC12
EC78
ECE7
ED5C
EDD9
EE5B
EEE3
EF70
EFFF
F091
F125
F1B9
F24D
F2E0
F371
F401
F48D
F517
F59C
F61C
F698
F70E
F77F
F7E9
F84D
F8AB
F902
F952
F99B
F9DD
FA18
FA4C
FA7A
FAA2
FAC3
FADE
FAF3
FB03
FB0D
FB13
FB15
FB13
FB0E
FB06
FAFC
FAF1
FAE5
FAD9
FACD
FAC2
FAB9
FAB2
FAAE
FAAD
FAB1
FABA
FAC7
FADB
FAF5
FB16
FB3F
FB6F
FBA7
FBE8
FC32
FC86
FCE2
FD49
FDB9
FE33
FEB6
FF43
FFD9
007A
0124
01D8
0295
035B
042A
0501
05E1
06C8
07B6
08AB
09A6
0AA6
0BAC
0CB5
0DC3
0ED3
0FE6
10FB
1211
1327
143C
1550
1663
1772
187F
1987
1A8B
1B89
1C81
1D73
1E5D
1F3F
2019
20EA
21B1
226E
2320
23C7
2463
24F4
2578
25F0
265B
26BA
270C
2751
2789
27B4
27D2
27E3
27E7
27DE
27C9
27A7
2779
273F
26F9
26A7
264B
25E3
2571
24F4
246D
23DE
2345
22A4
21FC
214C
2094
1FD6
1F12
1E47
1D78
1CA3
1BC9
1AEB
1A09
1923
1839
174D
165E
156C
1478
1381
1289
118F
1094
0F97
0E99
0D9A
0C9A
0B99
0A98
0996
0894
0791
068E
058A
0486
0381
027B
0176
006F
FF69
FE62
FD5B
FC53
FB4C
FA44
F93C
F834
F72D
F626
F51F
F41A
F315
F211
F10F
F00F
EF10
EE15
ED1C
EC26
EB34
EA49
E962
E880
E7A3
E6CD
E5FC
E534
E472
E3BA
E30A
E265
E1C9
E139
E0B5
E03D
DFD2
DF75
DF27
DEE8
DEB8
DE99
DE8A
DE8C
DEA1
DEC7
DEFF
DF4B
DFA9
E01A
E09E
E136
E1E0
E29E
E36E
E450
E545
E64B
E762
E88A
E9C2
EB09
EC5F
EDC2
EF32
F0AE
F235
F3C5
F55D
F6FD
F8A2
FA4C
FBFA
FDA9
FF58
0106
02B2
0459
05FB
0795
0927
0AAF
0C2B
0D9A
0EFB
104B
118A
12B7
13D0
14D3
15C1
1698
1757
17FC
1888
18FA
1950
198B
19AA
19AC
1992
195C
1908
1899
180E
1766
16A4
15C8
14D1
13C2
129B
115D
100A
0EA3
0D29
0B9D
0A02
0859
06A4
04E4
031C
014D
FF7A
FDA4
FBCE
F9F9
F828
F65C
F499
F2DF
F132
EF93
EE03
EC86
EB1D
E9C9
E88D
E76A
E661
E575
E4A5
E3F5
E364
E2F4
E2A5
E279
E270
E289
E2C6
E327
E3AB
E452
E51C
E609
E717
E847
E997
EB06
EC93
EE3D
F002
F1E0
F3D7
F5E4
F805
FA39
FC7D
FECF
012D
0395
0604
0879
0AF0
0D68
0FDE
1250
14BB
171D
1974
1BBE
1DF8
2020
2234
2433
261A
27E8
299B
2B31
2CAA
2E03
2F3C
3053
3149
321B
32CA
3355
33BC
33FF
341E
3418
33EF
33A3
3334
32A3
31F1
3120
3030
2F22
2DF8
2CB4
2B57
29E3
2859
26BB
250B
234B
217E
1FA4
1DC1
1BD6
19E5
17F0
15FA
1403
120F
1020
0E36
0C54
0A7B
08AE
06ED
053B
0398
0206
0086
FF18
FDBF
FC7A
FB4A
FA30
F92D
F840
F769
F6A9
F5FF
F56C
F4EE
F485
F432
F3F3
F3C7
F3AD
F3A6
F3AE
F3C6
F3EC
F41E
F45C
F4A4
F4F5
F54C
F5AA
F60B
F66F
F6D5
F73A
F79E
F7FF
F85C
F8B3
F903
F94C
F98C
F9C2
F9ED
FA0C
FA20
FA26
FA1E
FA09
F9E6
F9B5
F977
F92B
F8D2
F86B
F7F8
F77A
F6EF
F65A
F5BC
F515
F466
F3B1
F2F7
F239
F179
F0B8
EFF6
EF37
EE7C
EDC5
ED15
EC6D
EBCF
EB3C
EAB6
EA3D
E9D5
E97D
E938
E906
E8E9
E8E1
E8F0
E917
E955
E9AC
EA1D
EAA7
EB4A
EC07
ECDF
EDCF
EED9
EFFC
F136
F289
F3F1
F570
F702
F8A8
FA60
FC28
FDFF
FFE3
01D3
03CC
05CD
07D3
09DD
0BEB
0DF9
1004
120A
140A
1600
17EC
19CA
1B99
1D57
1F02
2098
2217
237D
24C9
25FA
270D
2803
28D8
298E
2A22
2A93
2AE3
2B0F
2B18
2AFD
2ABF
2A5E
29DB
2934
286C
2784
267C
2554
2410
22AF
2133
1F9F
1DF3
1C31
1A5C
1876
1680
147E
1270
105A
0E3D
0C1D
09FB
07DA
05BC
03A4
0193
FF8D
FD93
FBA7
F9CC
F804
F650
F4B2
F32C
F1C0
F06E
EF38
EE1F
ED24
EC49
EB8D
EAF2
EA78
EA1F
E9E8
E9D1
E9DC
EA08
EA54
EABF
EB49
EBF1
ECB6
ED97
EE92
EFA6
F0D1
F212
F367
F4CF
F647
F7CE
F961
FAFF
FCA6
FE54
0006
01BB
0371
0526
06D7
0883
0A29
0BC6
0D58
0EDF
1058
11C2
131C
1464
1599
16BB
17C8
18BF
19A1
1A6B
1B1F
1BBB
1C40
1CAE
1D03
1D42
1D6A
1D7B
1D76
1D5C
1D2D
1CEB
1C96
1C2F
1BB8
1B31
1A9B
19F9
194A
1891
17CF
1705
1635
1560
1487
13AD
12D1
11F6
111D
1046
0F75
0EA8
0DE2
0D23
0C6D
0BBF
0B1C
0A83
09F6
0973
08FD
0894
0836
07E5
07A1
0768
073C
071A
0704
06F8
06F7
06FF
0711
072B
074D
0776
07A4
07D8
0810
084A
0887
08C5
0903
0940
097B
09B3
09E7
0A16
0A40
0A64
0A81
0A95
0AA2
0AA5
0A9F
0A8F
0A75
0A50
0A21
09E5
099E
094D
08F2
088C
081D
07A5
0724
069B
060A
0573
04D6
0434
038F
02E6
023B
018F
00E3
0038
FF90
FEEA
FE4A
FDAF
FD1A
FC8D
FC09
FB8E
FB1E
FABA
FA61
FA16
F9D8
F9A8
F988
F976
F974
F981
F99E
F9CA
FA06
FA51
FAAC
FB15
FB8C
FC10
FCA2
FD3F
FDE6
FE98
FF53
0015
00DD
01AA
027A
034D
0420
04F2
05C1
068C
0750
080D
08C1
096A
0A06
0A95
0B14
0B81
0BDD
0C24
0C56
0C72
0C76
0C62
0C35
0BEE
0B8C
0B0F
0A77
09C2
08F3
0807
0700
05DD
04A0
0349
01D9
0051
FEB1
FCFB
FB30
F953
F763
F564
F357
F13D
EF1A
ECEE
EABC
E886
E64E
E418
E1E5
DFB7
DD91
DB76
D967
D768
D57A
D3A0
D1DC
D030
CE9E
CD29
CBD1
CA9A
C984
C891
C7C3
C71B
C699
C63F
C60E
C606
C627
C673
C6E8
C787
C850
C943
CA5E
CBA1
CD0B
CE9B
D04F
D226
D41F
D636
D86C
DABD
DD27
DFA9
E240
E4E8
E7A1
EA67
ED37
F00F
F2ED
F5CD
F8AC
FB88
FE5F
012D
03F0
06A5
094A
0BDD
0E5A
10C0
130D
153F
1754
194A
1B1F
1CD3
1E64
1FD1
2118
223A
2335
2409
24B5
253B
2599
25D0
25E1
25CB
2590
2531
24AF
240A
2345
2261
215F
2041
1F09
1DB9
1C53
1ADA
194E
17B3
160A
1458
129D
10DC
0F17
0D51
0B8B
09C8
080A
0654
04A6
0305
0171
FFEC
FE78
FD16
FBC9
FA91
F971
F868
F778
F6A2
F5E7
F547
F4C3
F45C
F410
F3E1
F3CE
F3D7
F3FC
F43C
F497
F50C
F59B
F642
F700
F7D5
F8BE
F9BB
FACA
FBEB
FD1B
FE59
FFA3
00F9
0257
03BE
052B
069D
0812
0989
0B00
0C76
0DE9
0F58
10C3
1227
1383
14D7
1621
1762
1896
19BF
1ADC
1BE9
1CE9
1DDB
1EBE
1F94
205B
2113
21BE
225A
22E9
236A
23DE
2445
24A0
24EF
2534
256E
259E
25C5
25E4
25FB
260C
2616
261B
261B
2617
2610
2607
25FB
25ED
25DF
25D0
25BF
25AF
259F
258F
2581
2573
2567
255C
2552
2549
2541
253A
2533
252C
2524
251C
2512
2506
24F8
24E7
24D2
24B9
249B
2477
244D
241C
23E4
23A3
2359
2306
22A9
2241
21CD
214D
20C2
202A
1F86
1ED5
1E18
1D4E
1C77
1B94
1AA5
19AA
18A3
1792
1676
1550
1421
12EA
11AB
1066
0F1B
0DCC
0C7A
0B26
09D1
087D
072A
05DB
048F
034A
020C
00D7
FFAB
FE8A
FD76
FC70
FB78
FA91
F9BC
F8F9
F849
F7AE
F728
F6B8
F65F
F61D
F5F3
F5E0
F5E6
F605
F63C
F68B
F6F2
F770
F806
F8B2
F974
FA4B
FB36
FC34
FD44
FE64
FF93
00D0
0219
036E
04CB
062F
0798
0904
0A73
0BE0
0D4B
0EB2
1012
116A
12B8
13F9
152D
1650
1762
1860
194A
1A1D
1AD8
1B79
1C00
1C6C
1CBB
1CEC
1CFF
1CF3
1CC8
1C7E
1C13
1B89
1ADF
1A16
192E
1828
1704
15C2
1465
12ED
115B
0FB1
0DF0
0C1A
0A30
0834
0628
040E
01E8
FFB8
FD80
FB42
F900
F6BD
F47A
F23A
EFFF
EDCA
EB9E
E97E
E76A
E564
E36F
E18D
DFBF
DE07
DC65
DADB
D969
D812
D6D5
D5B4
D4AF
D3C6
D2FA
D24C
D1BA
D145
D0EE
D0B2
D093
D08E
D0A5
D0D4
D11C
D17C
D1F2
D27D
D31B
D3CB
D48C
D55B
D638
D720
D811
D90B
DA0B
DB11
DC19
DD22
DE2A
DF30
E031
E12E
E223
E30F
E3F1
E4C9
E593
E650
E6FF
E79F
E82E
E8AD
E91B
E977
E9C1
E9FA
EA21
EA37
EA3B
EA2F
EA13
E9E7
E9AD
E964
E910
E8B0
E845
E7D1
E756
E6D5
E650
E5C8
E53F
E4B6
E430
E3AE
E331
E2BC
E250
E1EF
E19B
E154
E11D
E0F7
E0E4
E0E4
E0F9
E125
E167
E1C2
E235
E2C2
E369
E42A
E506
E5FE
E710
E83C
E984
EAE6
EC61
EDF5
EFA1
F165
F33E
F52D
F72F
F943
FB69
FD9E
FFE0
022F
0487
06E8
0950
0BBC
0E2A
109A
1308
1572
17D8
1A36
1C8B
1ED5
2113
2342
2560
276D
2967
2B4C
2D1C
2ED4
3074
31FB
3367
34B9
35F0
370B
380A
38EC
39B2
3A5B
3AE8
3B59
3BAE
3BE8
3C08
3C0F
3BFD
3BD3
3B93
3B3D
3AD3
3A57
39C9
392C
3880
37C7
3704
3637
3562
3486
33A6
32C3
31DE
30FA
3018
2F39
2E5E
2D8A
2CBC
2BF7
2B3B
2A8A
29E3
2948
28BA
2839
27C5
275F
2707
26BC
267F
264F
262D
2617
260D
260F
261B
2631
264F
2675
26A2
26D4
2709
2740
2779
27B1
27E8
281C
284B
2874
2896
28AE
28BC
28BD
28B2
2897
286D
2832
27E4
2783
270E
2684
25E4
252D
2460
237C
2281
216E
2043
1F01
1DA9
1C39
1AB4
191A
176B
15A9
13D4
11EE
0FF8
0DF4
0BE3
09C7
07A1
0574
0340
0108
FECF
FC95
FA5D
F829
F5FC
F3D6
F1BB
EFAC
EDAB
EBBB
E9DC
E812
E65D
E4C0
E33B
E1D2
E084
DF53
DE41
DD4E
DC7C
DBCB
DB3C
DACF
DA84
DA5B
DA56
DA72
DAB1
DB11
DB92
DC32
DCF3
DDD1
DECB
DFE2
E112
E25A
E3B9
E52D
E6B3
E84A
E9F0
EBA2
ED5E
EF23
F0ED
F2BA
F488
F655
F81E
F9E1
FB9B
FD4A
FEED
0080
0203
0372
04CD
0611
073D
084E
0944
0A1E
0ADA
0B76
0BF4
0C50
0C8C
0CA6
0C9E
0C75
0C2A
0BBD
0B30
0A82
09B4
08C7
07BD
0696
0554
03F7
0282
00F7
FF57
FDA5
FBE1
FA0E
F82E
F643
F450
F256
F057
EE58
EC58
EA5B
E864
E674
E48D
E2B2
E0E5
DF27
DD7C
DBE4
DA61
D8F6
D7A3
D66B
D54E
D44E
D36B
D2A7
D203
D17F
D11B
D0D8
D0B8
D0B8
D0DA
D11C
D17F
D202
D2A3
D363
D441
D53A
D64F
D77E
D8C5
DA24
DB97
DD1F
DEB9
E063
E21B
E3E0
E5B0
E788
E967
EB4B
ED32
EF19
F0FF
F2E1
F4BF
F695
F863
FA26
FBDB
FD83
FF1B
00A2
0216
0377
04C2
05F7
0716
081C
090A
09DF
0A99
0B3A
0BC0
0C2C
0C7D
0CB4
0CD0
0CD2
0CBB
0C8B
0C42
0BE1
0B69
0ADB
0A38
0980
08B6
07D9
06EC
05EF
04E5
03CE
02AB
017E
0048
FF0A
FDC6
FC7E
FB32
F9E4
F896
F748
F5FB
F4B2
F36E
F22E
F0F6
EFC5
EE9C
ED7D
EC68
EB5F
EA61
E970
E88D
E7B7
E6EF
E636
E58C
E4F1
E466
E3EA
E380
E326
E2DC
E2A1
E277
E25C
E250
E253
E265
E285
E2B3
E2ED
E335
E388
E3E7
E451
E4C5
E544
E5CB
E65A
E6F2
E790
E836
E8E1
E991
EA47
EB00
EBBD
EC7D
ED40
EE04
EECB
EF91
F059
F121
F1E9
F2B1
F378
F43E
F502
F5C5
F686
F745
F801
F8BA
F971
FA24
FAD4
FB80
FC28
FCCC
FD6C
FE07
FE9E
FF30
FFBE
0046
00C8
0146
01BD
022F
029A
0300
035F
03B5
0405
044D
048F
04C9
04FB
0526
0549
0564
0576
0581
0582
057B
056B
0552
0530
0505
04D1
0493
044D
03FD
03A3
0341
02D6
0261
01E4
015F
00D1
003B
FF9D
FEF7
FE4B
FD97
FCDE
FC1E
FB5A
FA90
F9C3
F8F2
F81E
F748
F670
F598
F4BF
F3E7
F310
F23B
F168
F099
EFCF
EF09
EE49
ED8F
ECDD
EC32
EB90
EAF7
EA69
E9E4
E96A
E8FD
E89B
E845
E7FC
E7C3
E796
E777
E766
E764
E76F
E788
E7AF
E7E4
E827
E877
E8D5
E93F
E9B6
EA38
EAC6
EB5E
EC01
ECAD
ED62
EE1E
EEE1
EFAB
F07A
F14D
F223
F2FB
F3D5
F4AF
F589
F660
F735
F807
F8D4
F99B
FA5C
FB15
FBC5
FC6D
FD0A
FD9D
FE24
FEA0
FF0F
FF71
FFC6
000D
0046
0072
008F
009E
00A0
0093
0079
0052
001E
FFDE
FF92
FF3C
FEDB
FE71
FDFF
FD85
FD05
FC80
FBF6
FB6A
FADC
FA4D
F9C0
F934
F8AC
F829
F7AB
F736
F6C9
F666
F60E
F5C3
F586
F557
F538
F52B
F52F
F546
F570
F5AE
F601
F66A
F6E8
F77C
F826
F8E6
F9BD
FAA9
FBAB
FCC4
FDF3
FF35
008A
01F2
036B
04F5
068D
0834
09E7
0BA4
0D6B
0F39
110D
12E5
14BF
1699
1871
1A46
1C14
1DDA
1F96
2145
22E6
2476
25F4
275D
28AF
29E9
2B08
2C0B
2CEF
2DB4
2E57
2ED8
2F34
2F6B
2F7B
2F64
2F23
2EBA
2E26
2D69
2C80
2B6D
2A2F
28C6
2732
2575
238F
217F
1F49
1CEB
1A69
17C2
14F9
1210
0F07
0BE1
089F
0545
01D4
FE4F
FAB7
F710
F35D
EF9F
EBD9
E80E
E441
E074
DCAA
D8E7
D52C
D17C
CDDB
CA4B
C6CE
C367
C019
BCE5
B9D0
B6DA
B406
B155
AECB
AC69
AA30
A823
A642
A48F
A30C
A1B8
A096
9FA6
9EE9
9E5F
9E09
9DE6
9DF7
9E3A
9EB1
9F59
A033
A13E
A279
A3E2
A578
A73B
A928
AB3D
AD79
AFDB
B25F
B505
B7C9
BAA9
BDA3
C0B5
C3DB
C714
CA5D
CDB2
D112
D47A
D7E6
DB55
DEC3
E230
E597
E8F5
EC48
EF8E
F2C4
F5E8
F8F7
FBF0
FED0
0195
043E
06C8
0933
0B7C
0DA3
0FA7
1185
133F
14D2
163E
1784
18A2
1999
1A69
1B12
1B95
1BF2
1C2A
1C3D
1C2D
1BFB
1BA9
1B37
1AA7
19FB
1934
1853
175B
164E
152C
13F9
12B6
1165
1008
0EA1
0D31
0BBC
0A42
08C5
0748
05CC
0452
02DC
016C
0002
FEA1
FD4A
FBFC
FABB
F985
F85D
F742
F636
F538
F449
F36A
F29A
F1D9
F128
F086
EFF3
EF6E
EEF8
EE90
EE35
EDE7
EDA4
ED6E
ED42
ED21
ED0A
ECFB
ECF5
ECF6
ECFE
ED0D
ED21
ED3A
ED59
ED7B
EDA2
EDCC
EDF9
EE28
EE5B
EE92
EECB
EF06
EF44
EF84
EFC6
F00B
F052
F09B
F0E8
F137
F189
F1DF
F238
F294
F2F5
F359
F3C1
F42E
F49E
F513
F58D
F60A
F68B
F710
F799
F825
F8B3
F945
F9D8
FA6D
FB03
FB99
FC2E
FCC2
FD54
FDE3
FE6F
FEF6
FF78
FFF4
0069
00D5
0139
0193
01E3
0227
025F
028B
02A9
02B9
02BB
02AE
0292
0266
022B
01E1
0186
011D
00A4
001D
FF87
FEE3
FE33
FD74
FCAA
FBD5
FAF7
FA10
F922
F82E
F735
F639
F53B
F43C
F33E
F243
F14C
F05A
EF6F
EE8C
EDB3
ECE4
EC22
EB6C
EAC5
EA2D
E9A5
E92E
E8C8
E875
E833
E804
E7E8
E7DF
E7E8
E803
E830
E86E
E8BD
E91C
E989
EA05
EA8E
EB22
EBC1
EC6A
ED19
EDD0
EE8A
EF48
F008
F0C8
F186
F241
F2F7
F3A8
F451
F4F0
F586
F610
F68D
F6FD
F75E
F7B0
F7F1
F822
F842
F84D
F847
F82E
F805
F7CA
F77E
F721
F6B5
F63A
F5B2
F51C
F47A
F3CD
F317
F259
F194
F0CB
EFFD
EF2D
EE5D
ED8E
ECC1
EBF9
EB36
EA7A
E9C6
E91C
E87E
E7EB
E766
E6EE
E686
E62E
E5E5
E5AE
E587
E572
E56F
E57C
E59B
E5CA
E60A
E659
E6B6
E722
E79A
E81F
E8AE
E946
E9E6
EA8C
EB37
EBE5
EC95
ED45
EDF4
EE9F
EF45
EFE5
F07C
F10A
F18C
F202
F26A
F2C6
F312
F34C
F374
F388
F389
F375
F34D
F310
F2BE
F257
F1DC
F14D
F0AA
EFF5
EF2D
EE55
ED6D
EC77
EB73
EA64
E94B
E82A
E702
E5D5
E4A6
E376
E248
E11C
DFF6
DED6
DDC1
DCB7
DBBB
DACE
D9F1
D927
D870
D7D0
D746
D6D4
D67B
D63D
D61A
D613
D628
D65B
D6AA
D716
D7A0
D846
D908
D9E6
DAE0
DBF3
DD1E
DE62
DFBC
E12A
E2AC
E43E
E5E0
E78F
E94A
EB0D
ECD8
EEA6
F078
F249
F417
F5E0
F7A2
F959
FB05
FCA2
FE2E
FFA7
010A
0257
038A
04A2
059E
067C
073A
07D8
0854
08AD
08E4
08F6
08E5
08AF
0856
07D8
0738
0675
0590
0489
0362
021E
00BD
FF41
FDAD
FC02
FA43
F872
F691
F4A4
F2AC
F0AD
EEAA
ECA5
EAA1
E8A2
E6AB
E4BE
E2DE
E10F
DF52
DDAC
DC1F
DAAC
D958
D824
D712
D625
D55E
D4C0
D44B
D401
D3E3
D3F3
D430
D49C
D536
D5FF
D6F7
D81D
D971
DAF1
DC9D
DE74
E074
E29B
E4E8
E758
E9EA
EC9A
EF67
F24E
F54B
F85C
FB7F
FEAF
01EA
052D
0874
0BBD
0F03
1244
157C
18AA
1BC9
1ED7
21D0
24B2
277A
2A25
2CB2
2F1E
3167
338B
3589
375F
390C
3A8F
3BE7
3D14
3E14
3EE9
3F93
4010
4063
408C
408C
4063
4014
3FA0
3F08
3E4F
3D76
3C80
3B6F
3A44
3903
37AF
3649
34D6
3357
31D0
3043
2EB4
2D25
2B98
2A11
2892
271E
25B7
2460
231A
21E9
20CD
1FC9
1EDE
1E0E
1D59
1CC2
1C48
1BEE
1BB2
1B95
1B98
1BBA
1BFB
1C5A
1CD6
1D6F
1E23
1EF1
1FD8
20D5
21E8
230F
2447
258E
26E2
2841
29A9
2B16
2C87
2DF9
2F6A
30D6
323C
3399
34EA
362E
3761
3882
398F
3A85
3B63
3C27
3CCF
3D59
3DC6
3E12
3E3E
3E49
3E31
3DF7
3D9A
3D1B
3C78
3BB4
3ACD
39C5
389C
3755
35EF
346C
32CD
3115
2F45
2D5F
2B64
2957
273A
2510
22DA
209A
1E54
1C09
19BD
1770
1526
12E1
10A3
0E6E
0C45
0A2A
081D
0622
043A
0266
00A7
FEFF
FD6F
FBF9
FA9C
F959
F831
F725
F634
F55E
F4A3
F402
F37C
F30F
F2BB
F27E
F258
F247
F24A
F25F
F285
F2BA
F2FD
F34A
F3A2
F401
F466
F4CF
F53A
F5A5
F60D
F672
F6D0
F727
F775
F7B8
F7EE
F816
F830
F839
F830
F816
F7E8
F7A7
F752
F6E9
F66C
F5DA
F535
F47C
F3B0
F2D3
F1E4
F0E5
EFD8
EEBD
ED96
EC64
EB2D
E9EE
E8AB
E766
E620
E4DB
E39B
E261
E12F
E009
DEEF
DDE5
DCED
DC09
DB3B
DA85
D9E9
D969
D907
D8C4
D8A3
D8A4
D8C8
D911
D97F
DA14
DACF
DBB1
DCBB
DDEB
DF43
E0C0
E265
E42F
E61C
E82C
EA5D
ECAD
EF1B
F1A4
F447
F701
F9D0
FCB1
FFA1
029F
05A6
08B4
0BC6
0EDA
11EB
14F6
17F9
1AF1
1DDA
20B2
2375
2620
28B1
2B25
2D79
2FAC
31B9
33A0
355F
36F3
385B
3995
3AA1
3B7C
3C26
3C9E
3CE5
3CF8
3CDA
3C89
3C07
3B53
3A6F
395C
381B
36AD
3515
3354
316C
2F5F
2D30
2AE1
2875
25EF
2351
209F
1DDC
1B0A
182D
1549
1262
0F7A
0C94
09B3
06DA
040D
014F
FEA2
FC0A
F989
F722
F4D8
F2AC
F0A2
EEBC
ECFB
EB61
E9F0
E8A9
E78D
E69E
E5DD
E549
E4E3
E4AC
E4A4
E4CA
E51D
E59F
E64D
E726
E82A
E957
EAAC
EC27
EDC6
EF88
F16B
F36C
F58A
F7C1
FA10
FC74
FEEA
0171
0405
06A3
094A
0BF6
0EA5
1154
1401
16AA
194B
1BE2
1E6E
20EC
2359
25B4
27FB
2A2C
2C46
2E47
302C
31F5
33A0
352E
369D
37ED
391D
3A2C
3B1A
3BE7
3C93
3D1F
3D89
3DD3
3DFC
3E06
3DF1
3DBE
3D6D
3CFF
3C76
3BD3
3B16
3A41
3956
3854
373E
3616
34DC
3391
3238
30D2
2F60
2DE4
2C5E
2AD2
293F
27A7
260D
246F
22D2
2134
1F98
1DFE
1C68
1AD6
194A
17C3
1644
14CD
135D
11F7
109A
0F48
0DFF
0CC1
0B8F
0A67
094B
083A
0735
063C
054E
046C
0395
02C7
0204
014D
00A0
FFFE
FF66
FED8
FE54
FDDA
FD68
FCFF
FC9F
FC46
FBF5
FBAB
FB68
FB2B
FAF4
FAC3
FA97
FA71
FA4E
FA30
FA16
FA00
F9EC
F9DC
F9CE
F9C2
F9B8
F9B0
F9AA
F9A4
F99F
F99B
F997
F993
F98F
F98B
F985
F97F
F977
F96E
F962
F955
F945
F932
F91C
F903
F8E7
F8C6
F8A2
F879
F84C
F81A
F7E4
F7A8
F767
F720
F6D4
F681
F62A
F5CC
F568
F4FF
F48F
F41A
F39F
F31E
F297
F20B
F179
F0E3
F047
EFA6
EF02
EE59
EDAD
ECFE
EC4C
EB98
EAE3
EA2C
E975
E8BE
E808
E753
E6A0
E5F0
E542
E499
E3F5
E355
E2BC
E229
E19D
E119
E09D
E02A
DFC0
DF60
DF0A
DEBF
DE7F
DE4A
DE21
DE03
DDF2
DDED
DDF5
DE08
DE28
DE54
DE8C
DECF
DF1E
DF78
DFDD
E04B
E0C4
E145
E1CF
E260
E2F8
E396
E43A
E4E1
E58D
E63C
E6EC
E79D
E84E
E8FD
E9AA
EA53
EAF8
EB97
EC30
ECC2
ED4B
EDCB
EE42
EEAE
EF0E
EF63
EFAA
EFE5
F012
F030
F041
F043
F036
F01A
EFF0
EFB7
EF6F
EF19
EEB5
EE44
EDC6
ED39
ECA1
EBFF
EB52
EA9D
E9E0
E91C
E852
E784
E6B3
E5E0
E50C
E438
E367
E299
E1D0
E10D
E051
DF9E
DEF5
DE57
DDC7
DD44
DCD0
DC6C
DC1A
DBD9
DBAC
DB92
DB8D
DB9D
DBC2
DBFC
DC4C
DCB3
DD31
DDC4
DE6F
DF2F
E005
E0F0
E1EF
E302
E428
E560
E6A9
E801
E968
EADC
EC5C
EDE6
EF78
F112
F2B1
F453
F5F7
F79B
F93E
FADC
FC76
FE08
FF92
0110
0283
03E9
053F
0684
07B7
08D6
09E0
0AD3
0BAF
0C72
0D1D
0DAD
0E23
0E7E
0EBE
0EE3
0EEC
0ED9
0EAC
0E63
0E01
0D85
0CF0
0C43
0B7F
0AA5
09B7
08B6
07A3
067F
054E
040F
02C6
0172
0017
FEB7
FD54
FBEF
FA8B
F92A
F7CE
F678
F52A
F3E7
F2B0
F187
F06D
EF65
EE6F
ED8D
ECC0
EC0A
EB6B
EAE4
EA76
EA22
E9E9
E9CA
E9C5
E9DC
EA0E
EA5A
EAC0
EB40
EBD9
EC89
ED51
EE2F
EF22
F029
F143
F26D
F3A7
F4EF
F642
F7A0
F905
FA70
FBE0
FD51
FEC2
0031
019C
0300
045C
05AE
06F3
082A
0951
0A67
0B69
0C56
0D2C
0DEB
0E92
0F1E
0F8F
0FE5
101E
103B
103A
101D
0FE2
0F8A
0F15
0E84
0DD7
0D10
0C2E
0B33
0A21
08F9
07BB
066A
0508
0395
0215
0089
FEF2
FD54
FBB0
FA09
F860
F6B8
F513
F374
F1DC
F04D
EECB
ED55
EBEE
EA9A
E958
E82C
E717
E61B
E538
E470
E3C4
E336
E2C6
E274
E242
E230
E23D
E26B
E2B9
E326
E3B3
E45E
E527
E60E
E710
E82E
E965
EAB4
EC1A
ED95
EF23
F0C2
F271
F42D
F5F4
F7C5
F99C
FB78
FD56
FF34
0111
02E9
04BA
0683
0841
09F3
0B95
0D27
0EA7
1012
1168
12A6
13CC
14D9
15CA
16A0
1759
17F5
1874
18D5
1917
193C
1943
192C
18F8
18A9
183F
17B9
171A
1662
1593
14AE
13B5
12AA
118D
1062
0F29
0DE5
0C98
0B43
09EA
088E
0731
05D5
047D
032A
01DF
009D
FF66
FE3D
FD23
FC1A
FB23
FA40
F973
F8BC
F81C
F796
F729
F6D7
F69F
F682
F681
F69B
F6D1
F723
F78F
F816
F8B7
F972
FA44
FB2E
FC2E
FD43
FE6C
FFA6
00F1
024B
03B1
0523
069E
0820
09A8
0B32
0CBE
0E49
0FD1
1154
12D0
1443
15AB
1707
1853
198F
1AB9
1BCE
1CCF
1DB8
1E8A
1F42
1FDF
2062
20C8
2111
213D
214C
213D
210F
20C4
205B
1FD4
1F31
1E71
1D96
1C9F
1B90
1A67
1927
17D1
1667
14E9
135B
11BD
1012
0E59
0C96
0ACB
08F9
0722
0548
036E
0194
FFBE
FDEC
FC21
FA5F
F8A7
F6FA
F55C
F3CC
F24D
F0E0
EF87
EE41
ED11
EBF7
EAF4
EA09
E937
E87D
E7DC
E754
E6E6
E690
E653
E62F
E624
E630
E653
E68C
E6DB
E73F
E7B5
E83F
E8D9
E983
EA3C
EB02
EBD4
ECB0
ED95
EE81
EF73
F069
F162
F25C
F356
F44E
F543
F633
F71D
F801
F8DC
F9AD
FA74
FB2E
FBDC
FC7D
FD0F
FD93
FE08
FE6E
FEC4
FF0A
FF40
FF66
FF7C
FF83
FF7B
FF63
FF3E
FF0B
FECB
FE7F
FE28
FDC7
FD5D
FCEA
FC71
FBF2
FB6F
FAE8
FA60
F9D8
F950
F8CA
F848
F7CC
F755
F6E6
F680
F625
F5D4
F58F
F558
F530
F517
F50E
F516
F530
F55D
F59C
F5EF
F656
F6D0
F75F
F802
F8B9
F983
FA62
FB53
FC57
FD6E
FE96
FFCE
0117
026E
03D4
0546
06C3
084B
09DC
0B75
0D14
0EB8
1060
1209
13B2
155A
1700
18A1
1A3C
1BCF
1D59
1ED9
204C
21B2
2309
2450
2585
26A8
27B7
28B0
2994
2A61
2B16
2BB3
2C37
2CA1
2CF1
2D27
2D43
2D44
2D2A
2CF5
2CA6
2C3D
2BBA
2B1D
2A67
2999
28B3
27B7
26A5
257E
2443
22F5
2196
2026
1EA7
1D1B
1B82
19DF
1832
167C
14C1
1300
113B
0F74
0DAD
0BE6
0A22
0861
06A6
04F2
0346
01A2
0008
FE7A
FCF8
FB83
FA1D
F8C6
F77F
F648
F523
F410
F30F
F222
F147
F081
EFCD
EF2E
EEA3
EE2C
EDC8
ED78
ED3B
ED11
ECFA
ECF5
ED01
ED1F
ED4C
ED8A
EDD7
EE32
EE9B
EF10
EF91
F01D
F0B3
F153
F1FA
F2A8
F35D
F416
F4D4
F595
F659
F71D
F7E2
F8A7
F96A
FA2B
FAE9
FBA3
FC58
FD08
FDB2
FE56
FEF2
FF87
0014
0097
0112
0184
01EC
024B
029F
02E9
0329
035F
038A
03AC
03C3
03D0
03D3
03CC
03BD
03A4
0382
0358
0326
02ED
02AC
0265
0218
01C5
016C
010F
00AE
004A
FFE2
FF78
FF0C
FE9F
FE31
FDC3
FD55
FCE8
FC7C
FC12
FBAB
FB47
FAE6
FA89
FA30
F9DC
F98E
F945
F901
F8C5
F88E
F85F
F836
F815
F7FC
F7EA
F7E1
F7E0
F7E7
F7F7
F80F
F830
F859
F88B
F8C7
F90A
F957
F9AC
FA0A
FA70
FADE
FB55
FBD5
FC5C
FCEB
FD82
FE20
FEC5
FF71
0024
00DD
019C
0260
032A
03F9
04CC
05A4
067F
075D
083E
0921
0A06
0AED
0BD4
0CBC
0DA3
0E8A
0F70
1054
1135
1215
12F1
13CA
149E
156C
1636
16F9
17B5
186A
1918
19BD
1A5A
1AEE
1B78
1BF8
1C6D
1CD8
1D37
1D8B
1DD3
1E0F
1E3E
1E60
1E75
1E7D
1E78
1E65
1E44
1E16
1DDA
1D90
1D38
1CD3
1C61
1BE1
1B54
1ABA
1A14
1961
18A3
17D9
1705
1626
153D
144B
1350
124D
1142
1031
0F1A
0DFE
0CDD
0BB9
0A92
0969
083F
0714
05EA
04C2
039C
0279
015A
0040
FF2B
FE1E
FD18
FC1A
FB25
FA3A
F958
F881
F7B5
F6F4
F640
F598
F4FE
F470
F3F0
F37D
F318
F2C1
F278
F23D
F20F
F1EE
F1DB
F1D5
F1DC
F1EE
F20D
F237
F26B
F2AA
F2F1
F342
F39B
F3FB
F462
F4CE
F53F
F5B5
F62D
F6A7
F722
F79E
F819
F892
F908
F97C
F9EA
FA54
FAB7
FB14
FB69
FBB5
FBF9
FC32
FC61
FC85
FC9E
FCAA
FCAA
FC9E
FC84
FC5E
FC29
FBE8
FB98
FB38
FACB
FA51
F9C9
F935
F895
F7E8
F731
F66F
F5A3
F4CE
F3F0
F30A
F21D
F12A
F031
EF35
EE35
ED32
EC2E
EB2A
EA27
E925
E826
E72A
E633
E542
E458
E375
E29B
E1CB
E104
E048
DF97
DEF3
DE5C
DDD3
DD58
DCEB
DC8E
DC41
DC03
DBD5
DBB7
DBAA
DBAD
DBC0
DBE3
DC15
DC57
DCA9
DD09
DD77
DDF4
DE7D
DF13
DFB5
E062
E119
E1DA
E2A4
E375
E44E
E52C
E611
E6FB
E7E7
E8D6
E9C6
EAB7
EBA7
EC95
ED82
EE6B
EF50
F031
F10C
F1E1
F2AF
F375
F434
F4E9
F596
F639
F6D2
F761
F7E6
F860
F8CF
F933
F98D
F9DB
FA1F
FA58
FA87
FAAC
FAC7
FAD8
FAE0
FADF
FAD6
FAC6
FAAD
FA8E
FA68
FA3D
FA0C
F9D7
F99D
F961
F921
F8DF
F89B
F855
F810
F7CA
F784
F73F
F6FC
F6BA
F67B
F63E
F604
F5CD
F599
F569
F53D
F516
F4F3
F4D4
F4BA
F4A5
F494
F487
F47F
F47A
F47A
F47E
F486
F491
F4A0
F4B2
F4C6
F4DD
F4F7
F513
F531
F550
F571
F592
F5B5
F5D8
F5FC
F620
F643
F667
F68B
F6AE
F6D1
F6F3
F715
F737
F759
F779
F79A
F7BA
F7DA
F7FB
F81B
F83C
F85D
F87F
F8A2
F8C7
F8ED
F915
F940
F96D
F99C
F9CF
FA05
FA3F
FA7C
FABE
FB03
FB4E
FB9C
FBF0
FC48
FCA5
FD07
FD6E
FDDA
FE4B
FEC0
FF3A
FFB7
0039
00BD
0144
01CE
0259
02E6
0373
0400
048B
0516
059D
0621
06A2
071C
0791
07FF
0865
08C2
0916
095E
099B
09CC
09EF
0A04
0A0A
0A00
09E6
09BB
097E
092F
08CE
085B
07D4
073B
068E
05CE
04FB
0415
031D
0212
00F6
FFC9
FE8C
FD40
FBE5
FA7D
F908
F789
F601
F470
F2D8
F13C
EF9C
EDFB
EC5A
EABA
E91F
E78A
E5FD
E479
E301
E197
E03C
DEF4
DDBF
DC9F
DB97
DAA9
D9D5
D91E
D885
D80B
D7B3
D77D
D76A
D77B
D7B2
D80F
D893
D93D
DA0F
DB08
DC29
DD71
DEE0
E075
E230
E410
E614
E83A
EA81
ECEA
EF71
F215
F4D3
F7A9
FA96
FD97
00A9
03CA
06F7
0A2E
0D6C
10AE
13F2
1734
1A71
1DA7
20D3
23F2
2701
29FD
2CE3
2FB1
3265
34FB
3772
39C7
3BF7
3E02
3FE5
419E
432C
448C
45BF
46C3
4798
483C
48AF
48F1
4903
48E3
4893
4812
4763
4684
4579
4441
42DF
4154
3FA2
3DCB
3BD0
39B4
3779
3522
32B2
302A
2D8D
2ADE
2820
2556
2283
1FA8
1CC9
19E9
1709
142E
1159
0E8D
0BCD
091B
0679
03EA
0170
FF0C
FCC0
FA8E
F877
F67E
F4A2
F2E5
F147
EFCA
EE6E
ED33
EC1A
EB21
EA4A
E993
E8FD
E886
E82D
E7F2
E7D4
E7D1
E7E8
E818
E85E
E8BA
E928
E9A9
EA39
EAD8
EB82
EC37
ECF3
EDB6
EE7E
EF48
F012
F0DB
F1A2
F263
F31F
F3D3
F47D
F51D
F5B2
F63A
F6B3
F71F
F77A
F7C6
F801
F82B
F844
F84C
F842
F826
F7F8
F7BA
F76C
F70E
F6A2
F628
F5A1
F50E
F471
F3CA
F31A
F263
F1A7
F0E6
F023
EF5D
EE98
EDD4
ED12
EC55
EB9D
EAEB
EA41
E9A0
E90A
E87E
E7FE
E78B
E726
E6CF
E686
E64D
E623
E608
E5FE
E602
E616
E63A
E66C
E6AC
E6FA
E754
E7BB
E82D
E8A9
E92E
E9BB
EA4F
EAE8
EB85
EC24
ECC5
ED66
EE05
EEA1
EF38
EFCA
F054
F0D5
F14C
F1B8
F218
F26A
F2AF
F2E3
F308
F31B
F31D
F30D
F2EA
F2B5
F26C
F211
F1A3
F122
F08F
EFEB
EF37
EE72
ED9E
ECBB
EBCC
EAD2
E9CD
E8BF
E7AA
E68F
E570
E44F
E32E
E20E
E0F1
DFD9
DEC9
DDC1
DCC4
DBD3
DAF1
DA1F
D95F
D8B1
D818
D795
D729
D6D5
D69A
D67A
D674
D68A
D6BC
D709
D773
D7FA
D89C
D95A
DA32
DB26
DC32
DD58
DE94
DFE7
E14E
E2C8
E453
E5EE
E796
E94A
EB07
ECCC
EE96
F062
F22E
F3F8
F5BE
F77D
F932
FADC
FC77
FE02
FF7A
00DE
022B
035F
0479
0576
0656
0716
07B7
0835
0892
08CB
08E1
08D2
08A0
084A
07CF
0732
0672
0590
048D
036A
022A
00CC
FF54
FDC3
FC1A
FA5D
F88E
F6B0
F4C4
F2CD
F0CF
EECC
ECC8
EAC4
E8C5
E6CD
E4DE
E2FD
E12C
DF6E
DDC6
DC36
DAC2
D96B
D834
D71F
D62F
D565
D4C3
D44B
D3FE
D3DD
D3E9
D424
D48C
D524
D5EA
D6E0
D803
D955
DAD3
DC7E
DE53
E052
E278
E4C4
E734
E9C5
EC76
EF44
F22B
F52A
F83E
FB62
FE95
01D3
0519
0864
0BB0
0EFA
123F
157C
18AC
1BCD
1EDD
21D9
24BE
2789
2A37
2CC7
2F36
3182
33AA
35AA
3783
3932
3AB7
3C10
3D3E
3E40
3F15
3FBE
403B
408D
40B4
40B1
4086
4033
3FBB
3F1E
3E60
3D82
3C86
3B6F
3A3E
38F7
379C
3631
34B8
3334
31A7
3016
2E82
2CEE
2B5E
29D3
2852
26DC
2573
241B
22D6
21A5
208A
1F88
1E9F
1DD2
1D22
1C8F
1C1A
1BC5
1B8F
1B79
1B82
1BAB
1BF4
1C5A
1CDE
1D7F
1E3B
1F10
1FFF
2104
221E
234B
2489
25D6
272F
2892
29FD
2B6D
2CE0
2E53
2FC4
3130
3294
33EF
353D
367C
37AB
38C6
39CC
3ABB
3B91
3C4C
3CEC
3D6D
3DD0
3E12
3E32
3E31
3E0D
3DC7
3D5E
3CD2
3C25
3B55
3A64
3953
3822
36D2
3566
33DE
323B
3080
2EAF
2CC9
2AD0
28C6
26AE
2489
225B
2025
1DE9
1BAB
196B
172D
14F2
12BD
1091
0E6E
0C57
0A4F
0855
066D
0497
02D5
0128
FF91
FE12
FCAA
FB5A
FA24
F907
F803
F718
F647
F58F
F4EF
F466
F3F5
F39A
F354
F322
F303
F2F5
F2F8
F309
F327
F350
F384
F3BF
F401
F448
F492
F4DE
F529
F572
F5B7
F5F8
F631
F663
F68C
F6AA
F6BC
F6C2
F6BA
F6A5
F680
F64D
F609
F5B6
F553
F4E0
F45D
F3CB
F32A
F27A
F1BD
F0F3
F01D
EF3C
EE52
ED5F
EC64
EB65
EA61
E95A
E851
E749
E643
E540
E443
E34D
E25F
E17B
E0A4
DFDA
DF1F
DE74
DDDC
DD56
DCE5
DC8A
DC45
DC17
DC02
DC06
DC23
DC5B
DCAD
DD19
DDA0
DE41
DEFC
DFD2
E0C0
E1C9
E2EA
E422
E570
E6D3
E84A
E9D3
EB6E
ED18
EED0
F095
F264
F43C
F61B
F800
F9E8
FBD2
FDBC
FFA3
0187
0365
053B
0709
08CB
0A81
0C29
0DC2
0F49
10BF
1221
136E
14A7
15C9
16D3
17C7
18A2
1964
1A0E
1A9E
1B16
1B74
1BB9
1BE6
1BFB
1BF8
1BDE
1BAE
1B68
1B0E
1AA0
1A20
198E
18EC
183B
177C
16B1
15DA
14FA
1412
1322
122D
1133
1036
0F38
0E3B
0D3E
0C44
0B4C
0A59
096B
0882
07A1
06C7
05F5
052C
046D
03B8
030D
026D
01D7
014D
00CE
005A
FFF2
FF94
FF41
FEF9
FEBB
FE86
FE5C
FE3A
FE21
FE10
FE07
FE05
FE09
FE14
FE24
FE3A
FE54
FE72
FE93
FEB8
FEDF
FF08
FF32
FF5E
FF8B
FFB9
FFE7
0016
0045
0074
00A4
00D4
0105
0136
0168
019B
01D0
0206
023F
027A
02B9
02FB
0341
038C
03DD
0431
048D
04EF
055A
05CC
0649
06CE
075E
07F9
089E
0950
0A0D
0AD7
0BAD
0C90
0D80
0E7D
0F87
109F
11C3
12F4
1431
157A
16D0
1830
199B
1B10
1C8E
1E15
1FA3
2138
22D2
2470
2612
27B7
295C
2B00
2CA4
2E43
2FDF
3174
3302
3486
3600
376E
38CE
3A1E
3B5E
3C8C
3DA6
3EAB
3F99
406F
412D
41CF
4257
42C1
430F
433D
434D
433D
430C
42BB
4248
41B2
40FC
4024
3F2A
3E10
3CD6
3B7C
3A02
386A
36B5
34E3
32F6
30EF
2ECF
2C99
2A4E
27EE
257E
22FD
206F
1DD5
1B32
1887
15D8
1326
1073
0DC3
0B17
0872
05D7
0347
00C4
FE51
FBF0
F9A3
F76D
F550
F34D
F166
EF9E
EDF5
EC6C
EB06
E9C4
E8A5
E7AC
E6D9
E62B
E5A5
E545
E50C
E4F9
E50D
E545
E5A3
E625
E6C9
E78F
E874
E979
EA9A
EBD6
ED2B
EE97
F018
F1AC
F34F
F500
F6BC
F881
FA4C
FC1A
FDE8
FFB5
017E
033F
04F7
06A3
0840
09CD
0B48
0CAD
0DFC
0F32
104D
114D
1230
12F4
1399
141E
1481
14C4
14E4
14E3
14BF
147A
1416
1392
12ED
122A
114A
104D
0F35
0E04
0CBB
0B5C
09EA
0865
06D1
0530
0383
01CE
0012
FE51
FC8F
FACE
F910
F756
F5A5
F3FD
F261
F0D4
EF56
EDEA
EC92
EB4F
EA23
E90F
E816
E738
E675
E5CD
E542
E4D4
E483
E44F
E437
E43B
E45C
E497
E4EC
E55B
E5E1
E67E
E730
E7F5
E8CC
E9B3
EAA8
EBA9
ECB3
EDC5
EEDC
EFF7
F112
F22B
F341
F451
F559
F656
F745
F826
F8F5
F9B3
FA5C
FAEF
FB6B
FBCF
FC18
FC47
FC59
FC50
FC29
FBE5
FB83
FB03
FA66
F9AC
F8D6
F7E3
F6D6
F5AF
F46F
F318
F1AB
F02B
EE98
ECF4
EB43
E985
E7BE
E5EF
E41A
E242
E069
DE93
DCC1
DAF7
D937
D782
D5DD
D448
D2C7
D15B
D007
CECC
CDAC
CCAA
CBC6
CB03
CA61
C9E1
C985
C94D
C93A
C94C
C984
C9E1
CA63
CB0A
CBD6
CCC5
CDD7
CF0A
D05E
D1D1
D361
D50D
D6D2
D8AF
DAA2
DCA7
DEBE
E0E3
E313
E54E
E78F
E9D4
EC1A
EE5F
F0A1
F2DC
F50D
F733
F94B
FB53
FD47
FF27
00EF
029F
0433
05AB
0704
083E
0957
0A4E
0B22
0BD2
0C5E
0CC6
0D09
0D28
0D23
0CFA
0CAE
0C3F
0BAF
0AFF
0A2F
0942
0839
0716
05DA
0488
0321
01A8
001F
FE88
FCE6
FB3B
F989
F7D3
F61C
F465
F2B2
F105
EF5F
EDC4
EC33
EAB2
E941
E7E3
E69A
E568
E44D
E34D
E268
E19F
E0F4
E067
DFF9
DFAB
DF7E
DF71
DF85
DFBA
E00F
E084
E11A
E1CE
E2A1
E391
E49E
E5C6
E708
E862
E9D3
EB5A
ECF5
EEA2
F05C
F225
F3FA
F5D9
F7C2
F9B1
FBA4
FD9B
FF92
0188
037A
0568
074F
092D
0B01
0CC9
0E83
102E
11C8
1351
14C7
1629
1775
18AC
19CB
1AD3
1BC3
1C9A
1D58
1DFD
1E88
1EFA
1F51
1F8E
1FB3
1FBE
1FB0
1F8A
1F4D
1EF8
1E8D
1E0B
1D75
1CCA
1C0C
1B3C
1A59
1965
1862
174F
162E
1500
13C5
127F
112E
0FD3
0E6F
0D03
0B8F
0A15
0895
070F
0584
03F6
0264
00CF
FF38
FD9F
FC04
FA68
F8CB
F72F
F592
F3F5
F25A
F0BF
EF26
ED8F
EBFA
EA68
E8D8
E74C
E5C3
E43E
E2BE
E142
DFCC
DE5C
DCF1
DB8E
DA32
D8DE
D793
D651
D519
D3EC
D2CA
D1B5
D0AD
CFB3
CEC7
CDEC
CD21
CC67
CBBF
CB2B
CAAB
CA40
C9EA
C9AB
C983
C974
C97D
C99F
C9DC
CA34
CAA6
CB35
CBDF
CCA6
CD89
CE89
CFA6
D0E0
D236
D3A9
D538
D6E2
D8A9
DA8B
DC87
DE9B
E0C7
E30A
E563
E7D0
EA50
ECE2
EF83
F233
F4EF
F7B6
FA85
FD5C
0037
0315
05F3
08D1
0BAA
0E7E
1149
140A
16BF
1966
1BFB
1E7E
20EC
2343
2582
27A6
29AE
2B98
2D63
2F0D
3095
31F8
3338
3451
3544
3610
36B4
3730
3784
37B0
37B3
378E
3741
36CE
3634
3574
3490
3388
325E
3113
2FAA
2E22
2C7F
2AC2
28ED
2702
2503
22F3
20D5
1EA9
1C73
1A34
17F0
15A8
135F
1117
0ED3
0C95
0A5E
0833
0614
0403
0203
0016
FE3D
FC7A
FACE
F93C
F7C5
F669
F529
F408
F305
F221
F15E
F0BA
F036
EFD3
EF91
EF6F
EF6E
EF8D
EFCA
F025
F09E
F133
F1E4
F2AE
F392
F48D
F59F
F6C5
F7FF
F94B
FAA7
FC11
FD89
FF0B
0097
022B
03C6
0564
0706
08A9
0A4B
0BEC
0D89
0F22
10B4
123F
13C2
153B
16A9
180B
1961
1AAA
1BE4
1D10
1E2C
1F39
2035
2122
21FD
22C8
2383
242D
24C7
2551
25CB
2636
2691
26DF
271F
2751
2778
2792
27A1
27A7
27A2
2795
2781
2765
2744
271D
26F3
26C6
2696
2664
2630
25FC
25C8
2595
2563
2533
2504
24D9
24B1
248C
246A
244D
2433
241E
240C
23FF
23F6
23F1
23F0
23F3
23F9
2402
240F
241D
242E
2441
2455
246A
2480
2496
24AB
24BF
24D2
24E3
24F1
24FD
2505
250A
250B
2507
24FE
24F0
24DD
24C4
24A6
2481
2456
2424
23EC
23AE
2369
231D
22CB
2272
2213
21AE
2143
20D1
205B
1FDE
1F5C
1ED5
1E4A
1DBA
1D26
1C8E
1BF2
1B54
1AB2
1A0D
1966
18BC
1811
1763
16B4
1603
1551
149E
13E9
1334
127D
11C6
110E
1055
0F9B
0EE0
0E24
0D68
0CAA
0BEB
0B2B
0A6A
09A8
08E5
0821
075A
0692
05C8
04FC
042D
035C
0289
01B3
00DB
FFFF
FF21
FE40
FD5D
FC76
FB8D
FAA1
F9B2
F8C1
F7CE
F6D8
F5E1
F4E7
F3ED
F2F1
F1F4
F0F7
EFFA
EEFD
EE01
ED07
EC0F
EB19
EA26
E936
E849
E761
E67D
E59E
E4C5
E3F3
E327
E263
E1A6
E0F2
E047
DFA5
DF0D
DE7F
DDFC
DD83
DD16
DCB4
DC5E
DC13
DBD5
DBA2
DB7C
DB62
DB53
DB51
DB5A
DB70
DB91
DBBD
DBF4
DC35
DC7F
DCD3
DD30
DD95
DE02
DE76
DEF1
DF72
DFF8
E083
E113
E1A5
E23B
E2D3
E36C
E406
E4A1
E53B
E5D4
E66C
E702
E796
E827
E8B4
E93E
E9C3
EA45
EAC1
EB38
EBAA
EC17
EC80
ECE3
ED41
ED9A
EDEE
EE3D
EE88
EECE
EF10
EF4E
EF88
EFC0
EFF4
F026
F056
F085
F0B2
F0DF
F10C
F139
F167
F195
F1C6
F1F9
F22E
F266
F2A1
F2DF
F322
F368
F3B3
F403
F457
F4B0
F50E
F570
F5D7
F642
F6B2
F725
F79C
F816
F893
F912
F993
FA15
FA97
FB19
FB9A
FC1A
FC96
FD10
FD85
FDF6
FE60
FEC4
FF20
FF74
FFBF
0000
0037
0063
0082
0094
0099
008F
0077
004F
0018
FFD1
FF7A
FF12
FE9A
FE11
FD78
FCCF
FC15
FB4C
FA73
F98C
F896
F792
F682
F566
F43E
F30C
F1D2
F08F
EF45
EDF6
ECA3
EB4D
E9F4
E89B
E744
E5EF
E49F
E355
E212
E0D7
DFA7
DE83
DD6C
DC63
DB6A
DA81
D9AB
D8E9
D83A
D7A2
D71F
D6B3
D660
D624
D602
D5F9
D609
D633
D677
D6D4
D74B
D7DB
D884
D945
DA1C
DB0A
DC0E
DD27
DE54
DF94
E0E5
E246
E3B6
E533
E6BB
E84D
E9E7
EB88
ED2D
EED4
F07D
F224
F3C9
F568
F701
F891
FA17
FB91
FCFD
FE5A
FFA5
00DE
0203
0313
040C
04ED
05B4
0662
06F5
076D
07C9
0809
082C
0833
081D
07EA
079A
072E
06A6
0603
0546
046F
037E
0276
0157
0023
FEDB
FD80
FC13
FA97
F90D
F776
F5D5
F42B
F27A
F0C4
EF0A
ED4F
EB93
E9D9
E823
E673
E4CA
E32B
E197
E010
DE97
DD2E
DBD6
DA91
D95F
D843
D73C
D64C
D574
D4B5
D40F
D382
D30F
D2B7
D279
D256
D24D
D25E
D28A
D2CF
D32D
D3A4
D433
D4D9
D593
D663
D747
D83E
D947
DA61
DB8A
DCC2
DE07
DF57
E0B1
E214
E37F
E4EF
E664
E7DC
E956
EAD0
EC49
EDC0
EF33
F0A2
F20B
F36C
F4C6
F616
F75D
F899
F9C8
FAEC
FC02
FD0B
FE06
FEF3
FFD0
009F
015D
020C
02AC
033B
03BB
042B
048B
04DD
051F
0553
0579
0591
059B
0599
058B
0571
054C
051C
04E2
04A0
0454
0401
03A7
0345
02DE
0272
0200
018B
0114
009A
001D
FF9E
FF1E
FE9C
FE1A
FD97
FD14
FC91
FC0F
FB8D
FB0D
FA8D
FA0E
F991
F915
F89B
F822
F7AA
F734
F6BF
F64C
F5DA
F569
F4F9
F489
F41B
F3AE
F341
F2D4
F268
F1FD
F192
F127
F0BD
F051
EFE6
EF7A
EF0E
EEA1
EE34
EDC7
ED59
ECEB
EC7D
EC0E
EBA0
EB32
EAC4
EA57
E9EB
E97F
E915
E8AD
E846
E7E1
E77F
E71F
E6C3
E66A
E615
E5C4
E578
E52F
E4EC
E4AF
E477
E446
E41B
E3F7
E3DA
E3C4
E3B7
E3B1
E3B4
E3C0
E3D4
E3F1
E417
E447
E480
E4C3
E50F
E565
E5C4
E62D
E6A0
E71C
E7A2
E830
E8C8
E968
EA11
EAC3
EB7C
EC3B
ED02
EDCF
EEA3
EF7D
F05D
F142
F22C
F31A
F40C
F502
F5FA
F6F5
F7F2
F8F0
F9EF
FAEE
FBEE
FCEC
FDEA
FEE6
FFE0
00D7
01CB
02BC
03A8
0490
0574
0651
0729
07FB
08C6
098C
0A49
0B00
0BAE
0C54
0CF1
0D86
0E12
0E94
0F0D
0F7D
0FE2
103E
108F
10D7
1114
1148
1171
1190
11A5
11AF
11B0
11A7
1194
1178
1152
1123
10EB
10AB
1062
1012
0FBA
0F5C
0EF7
0E8C
0E1B
0DA4
0D29
0CA8
0C24
0B9D
0B12
0A86
09F8
0969
08D9
084A
07BC
0730
06A7
0620
059E
0520
04A7
0434
03C8
0363
0306
02B2
0266
0225
01EE
01C2
01A2
018D
0185
018A
019C
01BB
01E8
0223
026C
02C4
0329
039D
041F
04B0
054E
05FA
06B3
0779
084C
092C
0A16
0B0C
0C0D
0D17
0E29
0F44
1067
1190
12BE
13F0
1526
165F
1799
18D3
1A0D
1B45
1C79
1DA9
1ED3
1FF7
2112
2225
232D
242A
251A
25FD
26D1
2796
284A
28ED
297D
29FB
2A64
2ABA
2AFA
2B24
2B38
2B36
2B1D
2AED
2AA6
2A47
29D1
2944
28A0
27E5
2713
262B
252C
2419
22F1
21B5
2065
1F04
1D91
1C0D
1A7A
18D8
172A
156F
13AA
11DB
1003
0E25
0C41
0A58
086D
067F
0492
02A5
00BA
FED3
FCF1
FB14
F93E
F771
F5AD
F3F3
F245
F0A2
EF0D
ED85
EC0C
EAA2
E947
E7FD
E6C3
E59A
E482
E37C
E287
E1A3
E0D2
E011
DF62
DEC4
DE37
DDBB
DD4F
DCF2
DCA6
DC68
DC38
DC17
DC02
DBFB
DBFF
DC10
DC2B
DC51
DC80
DCB9
DCFB
DD44
DD95
DDEE
DE4C
DEB1
DF1C
DF8D
E002
E07C
E0FB
E17E
E206
E292
E322
E3B6
E44F
E4EB
E58D
E633
E6DE
E78E
E843
E8FE
E9BF
EA87
EB55
EC2B
ED08
EDEC
EED9
EFCF
F0CD
F1D5
F2E7
F403
F528
F659
F794
F8DA
FA2B
FB87
FCED
FE5F
FFDC
0163
02F5
0490
0635
07E3
099A
0B58
0D1E
0EE9
10BB
1291
146A
1646
1823
1A00
1BDD
1DB8
1F8F
2161
232C
24F0
26AA
285A
29FD
2B92
2D18
2E8D
2FF1
3141
327C
33A1
34AE
35A3
367F
373F
37E5
386D
38D8
3926
3954
3964
3954
3925
38D6
3867
37D8
372A
365C
3571
3467
3340
31FD
309D
2F23
2D90
2BE4
2A22
284A
265F
2461
2253
2036
1E0C
1BD7
1999
1754
150A
12BD
106F
0E21
0BD6
0990
0751
051A
02ED
00CD
FEBB
FCB8
FAC6
F8E7
F71B
F564
F3C3
F23A
F0C9
EF71
EE32
ED0E
EC04
EB16
EA42
E98A
E8ED
E86A
E802
E7B4
E77F
E763
E75E
E770
E798
E7D5
E825
E888
E8FB
E97E
EA0E
EAAC
EB53
EC05
ECBE
ED7D
EE40
EF05
EFCC
F093
F159
F21B
F2DA
F392
F444
F4EE
F58F
F625
F6B1
F732
F7A5
F80D
F866
F8B3
F8F1
F922
F944
F959
F961
F95B
F949
F92B
F902
F8CE
F890
F84A
F7FC
F7A7
F74D
F6EE
F68C
F629
F5C6
F563
F504
F4A8
F451
F401
F3B9
F379
F345
F31C
F300
F2F1
F2F2
F302
F322
F354
F398
F3ED
F456
F4D1
F560
F602
F6B6
F77E
F858
F943
FA40
FB4E
FC6B
FD97
FED1
0017
0169
02C5
042A
0596
0708
087D
09F5
0B6D
0CE4
0E58
0FC7
112F
128F
13E5
152E
166A
1797
18B2
19BB
1AAF
1B8F
1C57
1D08
1DA0
1E1D
1E80
1EC7
1EF3
1F00
1EF0
1EC4
1E7B
1E15
1D92
1CF3
1C39
1B63
1A74
196B
184B
1713
15C6
1465
12F2
116E
0FDA
0E3A
0C8E
0AD8
091C
0759
0594
03CD
0207
0044
FE86
FCD0
FB22
F980
F7EB
F664
F4ED
F38A
F23A
F100
EFDD
EED2
EDE1
ED0A
EC4F
EBB0
EB2F
EACB
EA85
EA5D
EA53
EA68
EA9A
EAEA
EB58
EBE1
EC86
ED46
EE1F
EF11
F01A
F139
F26C
F3B1
F508
F66D
F7E0
F95D
FAE3
FC71
FE03
FF99
0131
02C7
045B
05EA
0773
08F3
0A69
0BD3
0D2F
0E7D
0FB9
10E4
11FC
12FF
13EC
14C3
1584
162C
16BB
1732
1790
17D5
1800
1812
180B
17EB
17B3
1764
16FE
1682
15F0
154A
1491
13C6
12EA
11FF
1105
0FFF
0EED
0DD2
0CAE
0B84
0A54
0921
07EC
06B6
0581
044F
0320
01F7
00D4
FFB9
FEA7
FD9F
FCA3
FBB3
FACF
F9FA
F934
F87C
F7D5
F73E
F6B8
F643
F5E0
F58D
F54C
F51D
F4FE
F4F0
F4F3
F505
F527
F558
F598
F5E5
F63F
F6A5
F716
F792
F817
F8A5
F93B
F9D7
FA7A
FB21
FBCD
FC7C
FD2D
FDDF
FE92
FF42
FFF2
00A0
014C
01F5
029B
033C
03D9
0472
0505
0592
061A
069C
0718
078E
07FE
0867
08CB
0928
0980
09D3
0A20
0A68
0AAC
0AEB
0B27
0B5F
0B94
0BC7
0BF7
0C26
0C53
0C81
0CAE
0CDB
0D08
0D37
0D66
0D97
0DC9
0DFE
0E34
0E6D
0EA9
0EE7
0F27
0F6A
0FB0
0FF8
1043
1090
10DE
112F
1180
11D3
1226
127A
12CE
1321
1373
13C3
1412
145E
14A7
14ED
152F
156C
15A4
15D6
1603
1628
1647
165E
166E
1675
1674
166A
1658
163C
1617
15E9
15B1
1570
1526
14D3
1477
1412
13A5
1330
12B2
122E
11A2
1110
1078
0FDA
0F38
0E92
0DE8
0D3B
0C8C
0BDB
0B28
0A75
09C2
0910
085E
07AF
0702
0659
05B2
0510
0472
03DA
0346
02B9
0232
01B1
0137
00C4
0058
FFF4
FF97
FF41
FEF3
FEAD
FE6F
FE38
FE09
FDE2
FDC4
FDAC
FD9B
FD92
FD8E
FD92
FD9B
FDAB
FDC0
FDDA
FDFA
FE1E
FE48
FE76
FEA8
FEDE
FF19
FF57
FF99
FFDF
0028
0076
00C6
011B
0173
01CF
0230
0294
02FD
036A
03DD
0453
04CF
0551
05D9
0668
06FE
079B
083F
08EC
09A1
0A5F
0B26
0BF6
0CD0
0DB4
0EA2
0F9A
109D
11AB
12C3
13E5
1512
1649
178B
18D6
1A2B
1B88
1CEF
1E5D
1FD3
2150
22D2
245A
25E6
2776
2907
2A99
2C2B
2DBB
2F49
30D1
3255
33D0
3544
36AD
380A
395A
3A9B
3BCB
3CEA
3DF5
3EEC
3FCC
4094
4143
41D7
4250
42AD
42EB
430B
430B
42EB
42AA
4248
41C4
411F
4057
3F6E
3E62
3D35
3BE6
3A77
38E8
373A
356F
3386
3182
2F64
2D2E
2AE1
287E
2609
2383
20EF
1E4D
1BA1
18ED
1634
1377
10B9
0DFD
0B46
0895
05EE
0352
00C4
FE46
FBDA
F984
F744
F51E
F314
F126
EF57
EDA9
EC1D
EAB4
E96F
E84F
E755
E682
E5D6
E552
E4F5
E4BF
E4B1
E4C9
E507
E56B
E5F2
E69C
E769
E855
E960
EA87
EBCA
ED25
EE97
F01E
F1B6
F35F
F514
F6D4
F89C
FA6A
FC3A
FE0B
FFD9
01A2
0364
051C
06C8
0865
09F1
0B6A
0CCD
0E1A
0F4E
1067
1165
1245
1306
13A9
142B
148C
14CC
14EA
14E6
14C1
147A
1413
138B
12E3
121E
113A
103B
0F21
0DEE
0CA3
0B43
09D0
084B
06B6
0515
0368
01B3
FFF7
FE38
FC77
FAB6
F8F9
F741
F592
F3EC
F252
F0C6
EF4A
EDE1
EC8B
EB4A
EA20
E90F
E818
E73B
E67A
E5D4
E54B
E4DF
E490
E45E
E448
E44F
E471
E4AE
E505
E575
E5FD
E69B
E74E
E814
E8EB
E9D2
EAC6
EBC6
ECCF
EDDF
EEF5
F00D
F125
F23C
F34E
F45A
F55E
F656
F743
F821
F8EE
F9A8
FA4F
FADF
FB59
FBBA
FC01
FC2E
FC3E
FC33
FC0B
FBC5
FB63
FAE2
FA45
F98B
F8B5
F7C3
F6B7
F591
F453
F2FE
F194
F016
EE86
ECE6
EB38
E97E
E7BA
E5EF
E41E
E24A
E076
DEA4
DCD7
DB11
D955
D7A5
D603
D471
D2F3
D18A
D038
CEFF
CDE1
CCDF
CBFC
CB38
CA95
CA15
C9B7
C97D
C967
C976
C9A9
CA02
CA80
CB22
CBE8
CCD1
CDDD
CF0A
D057
D1C4
D34D
D4F2
D6B1
D888
DA74
DC74
DE85
E0A5
E2D2
E508
E746
E988
EBCD
EE11
F052
F28D
F4C0
F6E8
F903
FB0E
FD07
FEEB
00B9
026F
040A
0589
06EB
082D
094E
0A4E
0B2B
0BE4
0C79
0CEA
0D36
0D5E
0D60
0D3F
0CFA
0C91
0C07
0B5B
0A90
09A6
089F
077D
0641
04EE
0386
0209
007C
FEE1
FD39
FB87
F9CD
F80F
F64F
F48F
F2D2
F11A
EF6A
EDC4
EC2B
EAA1
E929
E7C4
E675
E53C
E41D
E318
E230
E164
E0B8
E02A
DFBD
DF70
DF45
DF3B
DF53
DF8C
DFE6
E061
E0FC
E1B7
E28F
E385
E497
E5C4
E709
E867
E9D9
EB60
ECF9
EEA2
F058
F21A
F3E6
F5BA
F794
F971
FB4F
FD2C
FF06
00DB
02A9
046D
0627
07D3
0971
0AFF
0C7B
0DE4
0F38
1077
11A0
12B2
13AB
148D
1555
1604
169B
1718
177C
17C8
17FB
1818
181B
1809
17E1
17A6
1758
16F9
1689
160B
157F
14E8
1446
139C
12EB
1235
117B
10BF
1002
0F45
0E8B
0DD5
0D23
0C78
0BD3
0B37
0AA4
0A1B
099C
0929
08C1
0865
0815
07D1
079A
076F
074F
073A
072F
072E
0735
0744
075A
0775
0794
07B6
07DA
07FD
081F
083E
0858
086C
0878
087B
0873
085F
083C
080B
07C8
0774
070C
0690
0600
0559
049B
03C6
02D8
01D2
00B4
FF7E
FE30
FCCA
FB4D
F9B9
F810
F651
F47F
F29B
F0A5
EEA0
EC8D
EA6F
E846
E615
E3DF
E1A5
DF6A
DD30
DAF9
D8C9
D6A1
D484
D275
D076
CE89
CCB1
CAF0
C949
C7BD
C64F
C500
C3D3
C2C9
C1E4
C125
C08E
C01E
BFD9
BFBD
BFCC
C006
C06B
C0FB
C1B5
C29A
C3A8
C4DF
C63E
C7C3
C96D
CB3A
CD28
CF36
D161
D3A8
D607
D87C
DB05
DD9F
E047
E2FB
E5B7
E879
EB3E
EE02
F0C3
F37D
F62F
F8D4
FB6B
FDF0
0062
02BD
04FF
0727
0932
0B1E
0CEA
0E94
101B
117D
12BA
13D2
14C2
158C
162F
16AB
1701
1730
173B
1721
16E3
1682
1601
1560
14A2
13C8
12D5
11CB
10AD
0F7B
0E3A
0CEC
0B93
0A32
08CB
0762
05F9
0492
0331
01D7
0088
FF45
FE11
FCEE
FBDF
FAE4
FA00
F934
F882
F7EB
F76F
F710
F6CF
F6AB
F6A6
F6BE
F6F4
F746
F7B4
F83E
F8E2
F99F
FA74
FB5F
FC5D
FD6E
FE8E
FFBD
00F6
0239
0381
04CE
061B
0766
08AC
09EB
0B20
0C47
0D5E
0E63
0F52
102A
10E7
1188
120B
126D
12AD
12CA
12C1
1291
123A
11BA
1111
103F
0F44
0E20
0CD3
0B5E
09C1
07FF
0619
0410
01E6
FF9D
FD38
FAB9
F823
F579
F2BF
EFF6
ED23
EA4A
E76E
E492
E1BA
DEEB
DC28
D976
D6D7
D44F
D1E3
CF95
CD6A
CB64
C988
C7D7
C654
C504
C3E7
C300
C252
C1DD
C1A4
C1A8
C1E8
C267
C324
C41F
C558
C6CE
C880
CA6D
CC94
CEF1
D185
D44B
D741
DA64
DDB2
E128
E4C1
E879
EC4C
F036
F433
F83D
FC51
006A
0483
0898
0CA4
10A2
148E
1863
1C1D
1FB8
232F
267E
29A2
2C98
2F5B
31E9
343F
365A
3838
39D8
3B37
3C54
3D2F
3DC6
3E19
3E28
3DF3
3D7C
3CC3
3BCA
3A93
391F
3771
358C
3371
3125
2EAB
2C07
293B
264D
2340
2018
1CDB
198C
1630
12CB
0F63
0BFC
089B
0543
01FA
FEC3
FBA4
F8A0
F5BA
F2F8
F05B
EDE7
EBA0
E987
E7A1
E5EE
E470
E32A
E21D
E149
E0AF
E04F
E02A
E03F
E08C
E112
E1CF
E2C1
E3E6
E53C
E6C1
E871
EA4A
EC48
EE69
F0A8
F302
F573
F7F6
FA89
FD26
FFCA
0270
0515
07B3
0A48
0CCE
0F42
11A1
13E6
160D
1815
19F9
1BB6
1D4B
1EB4
1FF0
20FD
21D9
2282
22F9
233D
234C
2328
22D0
2245
2188
209B
1F7F
1E36
1CC1
1B24
1961
177B
1575
1355
111B
0ECC
0C6B
09FC
0783
0504
0284
0006
FD8E
FB22
F8C4
F679
F444
F22A
F02F
EE55
ECA0
EB14
E9B3
E87F
E77C
E6AB
E60E
E5A8
E578
E581
E5C3
E63D
E6F2
E7DF
E905
EA64
EBFA
EDC5
EFC3
F1F2
F44F
F6D8
F98A
FC62
FF5C
0275
05A9
08F4
0C52
0FBF
1337
16B5
1A36
1DB4
212B
2496
27F3
2B3B
2E6B
3180
3474
3745
39EE
3C6D
3EBE
40DD
42CA
4480
45FE
4742
484B
4916
49A4
49F3
4A03
49D4
4966
48BA
47D1
46AB
454B
43B1
41E0
3FDB
3DA3
3B3C
38A8
35EB
3307
3001
2CDD
299D
2646
22DB
1F62
1BDD
1852
14C3
1135
0DAD
0A2D
06BB
0358
000A
FCD4
F9B8
F6BA
F3DD
F123
EE90
EC24
E9E3
E7CD
E5E4
E42A
E2A0
E145
E01A
DF1F
DE55
DDBA
DD4E
DD10
DCFE
DD17
DD5A
DDC4
DE53
DF04
DFD6
E0C5
E1CF
E2F1
E427
E56F
E6C6
E827
E990
EAFE
EC6C
EDD9
EF40
F09E
F1F1
F335
F468
F586
F68E
F77D
F850
F907
F99E
FA15
FA6A
FA9C
FAAA
FA93
FA58
F9F7
F972
F8C8
F7FA
F709
F5F8
F4C6
F374
F206
F07B
EED8
ED1D
EB4D
E96B
E77A
E57C
E375
E167
DF55
DD43
DB34
D92A
D72A
D536
D351
D17E
CFC0
CE1A
CC8F
CB20
C9D2
C8A6
C79D
C6BB
C600
C56E
C507
C4CC
C4BE
C4DC
C529
C5A2
C64A
C71F
C821
C94F
CAA9
CC2C
CDD9
CFAD
D1A6
D3C2
D601
D85E
DAD8
DD6C
E018
E2D9
E5AB
E88C
EB79
EE6F
F16A
F469
F766
FA60
FD53
003D
0319
05E4
089D
0B40
0DCC
103E
1294
14CC
16E3
18D9
1AAA
1C56
1DDC
1F3A
2070
217D
2260
2319
23A8
240E
244A
245D
2448
240B
23A8
2320
2275
21A7
20B8
1FAB
1E80
1D3B
1BDD
1A6A
18E2
1748
159E
13E6
1224
1058
0E86
0CB0
0AD8
0900
072B
055A
0390
01CE
0016
FE69
FCCA
FB3A
F9BA
F84A
F6ED
F5A3
F46C
F34A
F23C
F143
F05F
EF90
EED5
EE2F
ED9D
ED1E
ECB1
EC57
EC0D
EBD3
EBA8
EB8A
EB79
EB73
EB77
EB83
EB96
EBAE
EBCA
EBE9
EC08
EC28
EC45
EC5F
EC75
EC85
EC8E
EC8F
EC87
EC75
EC59
EC30
EBFB
EBBA
EB6B
EB0E
EAA4
EA28
E99F
E908
E863
E7B1
E6F2
E627
E550
E46F
E384
E290
E194
E092
DF8A
DE7F
DD70
DC60
DB50
DA41
D935
D82E
D72C
D632
D540
D459
D37D
D2AE
D1EE
D13D
D09C
D00E
CF92
CF2A
CED6
CE98
CE6F
CE5E
CE63
CE80
CEB5
CF02
CF66
CFE3
D077
D123
D1E6
D2C0
D3B0
D4B5
D5CF
D6FC
D83C
D98D
DAEF
DC60
DDDF
DF6A
E101
E2A1
E449
E5F8
E7AC
E964
EB1D
ECD6
EE8D
F041
F1F2
F39C
F540
F6DA
F86B
F9F0
FB69
FCD3
FE2E
FF79
00B3
01DA
02EE
03EE
04D9
05B0
0670
071A
07AE
082B
0891
08E0
0919
093B
0946
093B
091B
08E5
089B
083D
07CB
0748
06B2
060D
0557
0493
03C0
02E2
01F7
0102
0004
FEFE
FDF0
FCDD
FBC5
FAA9
F98B
F86B
F74B
F62C
F50E
F3F4
F2DD
F1CB
F0BE
EFB8
EEBA
EDC4
ECD6
EBF2
EB19
EA4C
E98B
E8D6
E82D
E791
E702
E681
E60E
E5A8
E551
E508
E4CD
E4A1
E483
E474
E473
E481
E49D
E4C7
E4FF
E545
E598
E5F9
E667
E6E2
E769
E7FC
E89C
E946
E9FC
EABD
EB88
EC5E
ED3D
EE25
EF16
F00F
F111
F219
F329
F43F
F55B
F67C
F7A2
F8CD
F9FC
FB2E
FC63
FD9A
FED3
000D
0147
0282
03BC
04F4
062B
075F
0890
09BD
0AE5
0C08
0D26
0E3D
0F4C
1055
1155
124B
1338
1419
14EF
15B9
1677
1726
17C8
185C
18E0
1955
19BA
1A0F
1A53
1A85
1AA6
1AB6
1AB3
1A9E
1A76
1A3D
19F0
1992
1921
189D
1808
1761
16A9
15E0
1506
141D
1325
121E
1109
0FE7
0EB9
0D7F
0C3A
0AED
0996
0839
06D5
056C
0400
0291
0120
FFB0
FE42
FCD6
FB6F
FA0D
F8B3
F761
F619
F4DC
F3AC
F28A
F177
F075
EF85
EEA8
EDDF
ED2B
EC8D
EC07
EB99
EB44
EB0A
EAEA
EAE6
EAFD
EB31
EB82
EBF0
EC7B
ED22
EDE8
EEC9
EFC8
F0E3
F21A
F36C
F4D9
F660
F800
F9B9
FB88
FD6D
FF67
0175
0395
05C6
0806
0A53
0CAD
0F12
117F
13F3
166D
18E9
1B67
1DE5
2061
22D8
254A
27B4
2A15
2C6A
2EB2
30EC
3315
352C
372F
391E
3AF6
3CB6
3E5D
3FEA
415B
42B0
43E8
4502
45FC
46D8
4793
482E
48AB
4907
4941
495B
4955
492D
48E6
487F
47F8
4753
4691
45B1
44B5
439E
426C
4122
3FC0
3E48
3CBA
3B19
3965
37A1
35CD
33EB
31FD
3005
2E03
2BFA
29EB
27D8
25C2
23AB
2195
1F81
1D6F
1B63
195C
175C
1565
1377
1195
0FBE
0DF4
0C38
0A8A
08EC
075E
05E0
0474
0319
01D0
0099
FF74
FE62
FD62
FC74
FB98
FACE
FA15
F96C
F8D4
F84C
F7D2
F767
F709
F6B8
F672
F636
F605
F5DC
F5BA
F5A0
F58A
F579
F56B
F55F
F554
F54A
F53E
F530
F51F
F50A
F4F1
F4D1
F4AB
F47E
F449
F40B
F3C4
F374
F31A
F2B5
F246
F1CC
F148
F0B8
F01E
EF7A
EECB
EE13
ED52
EC87
EBB5
EADC
E9FB
E916
E82B
E73C
E64B
E557
E464
E370
E27F
E190
E0A6
DFC1
DEE3
DE0E
DD41
DC80
DBCA
DB22
DA87
D9FD
D983
D91B
D8C6
D885
D857
D83F
D83D
D851
D87D
D8C0
D91B
D98E
DA1A
DABE
DB7A
DC4F
DD3B
DE3F
DF59
E08A
E1D1
E32C
E49B
E61D
E7B0
E954
EB06
ECC6
EE92
F068
F247
F42D
F619
F808
F9F8
FBE8
FDD7
FFC2
01A7
0384
0557
071F
08D8
0A82
0C1B
0DA1
0F13
106E
11B1
12DC
13EC
14E1
15B9
1674
1710
178D
17EB
1829
1847
1844
1821
17DE
177B
16F9
1657
1598
14BC
13C4
12B3
1187
1044
0EEB
0D7D
0BFC
0A6A
08C8
071A
0561
039F
01D6
0009
FE3A
FC6A
FA9E
F8D6
F715
F55E
F3B2
F213
F085
EF08
ED9F
EC4B
EB0F
E9EC
E8E4
E7F7
E727
E676
E5E4
E572
E521
E4F0
E4E2
E4F5
E52A
E581
E5F9
E691
E749
E820
E916
EA28
EB55
EC9D
EDFC
EF72
F0FC
F299
F447
F602
F7C9
F99A
FB71
FD4D
FF2A
0107
02E0
04B3
067E
083D
09EF
0B91
0D21
0E9B
0FFF
1149
1278
1389
147C
154E
15FF
168C
16F5
1738
1756
174D
171D
16C6
1648
15A3
14D8
13E6
12D0
1195
1038
0EB9
0D1B
0B5E
0984
0790
0584
0363
012D
FEE7
FC93
FA33
F7CA
F55B
F2EA
F078
EE09
EB9F
E93F
E6EA
E4A3
E26E
E04C
DE41
DC50
DA79
D8C1
D729
D5B3
D460
D334
D22E
D152
D09F
D016
CFBA
CF89
CF85
CFAE
D003
D085
D130
D207
D309
D434
D588
D702
D8A2
DA66
DC4B
DE50
E072
E2AF
E505
E771
E9EF
EC7F
EF1C
F1C3
F473
F727
F9DE
FC93
FF45
01EF
0491
0726
09AB
0C20
0E80
10C9
12FA
1510
1707
18E0
1A98
1C2E
1DA2
1EF1
201C
2121
2200
22B9
234B
23B6
23FC
241C
2417
23EE
23A2
2334
22A5
21F8
212D
2047
1F47
1E30
1D04
1BC5
1A74
1916
17AC
1639
14BE
1340
11C0
1041
0EC5
0D4F
0BE1
0A7D
0926
07DE
06A7
0583
0473
0379
0297
01CE
011F
008C
0015
FFBB
FF7F
FF60
FF60
FF7D
FFB9
0011
0087
0119
01C7
028F
0370
0469
0578
069C
07D3
091C
0A74
0BD9
0D49
0EC2
1042
11C6
134C
14D1
1654
17D3
1949
1AB7
1C18
1D6C
1EAF
1FE0
20FD
2204
22F4
23C9
2484
2522
25A3
2605
2647
2669
2669
2647
2603
259C
2514
2468
239A
22AB
219A
2068
1F17
1DA6
1C19
1A6E
18A9
16CB
14D4
12C7
10A6
0E73
0C2F
09DC
077D
0513
02A1
0028
FDAC
FB2D
F8AF
F632
F3BB
F149
EEE0
EC81
EA2E
E7E8
E5B3
E38F
E17E
DF80
DD99
DBC7
DA0E
D86D
D6E6
D57A
D428
D2F3
D1D9
D0DB
CFFB
CF36
CE8F
CE04
CD95
CD42
CD0A
CCEE
CCEC
CD04
CD35
CD7D
CDDE
CE54
CEE0
CF81
D035
D0FB
D1D1
D2B7
D3AD
D4B0
D5BF
D6DA
D800
D92F
DA66
DBA4
DCE8
DE32
DF7F
E0D0
E223
E377
E4CC
E620
E774
E8C6
EA16
EB63
ECAC
EDF2
EF32
F06F
F1A5
F2D6
F401
F526
F644
F75B
F86B
F974
FA75
FB6E
FC5F
FD49
FE2A
FF02
FFD2
009A
0159
020F
02BC
0360
03FB
048D
0515
0594
0609
0674
06D5
072C
0779
07BC
07F4
0821
0843
085B
0868
0869
085F
084A
082A
07FE
07C7
0785
0738
06E0
067C
060F
0597
0515
0489
03F4
0356
02B0
0202
014D
0091
FFCF
FF08
FE3E
FD6F
FC9F
FBCC
FAFA
FA28
F957
F88A
F7C0
F6FB
F63C
F585
F4D6
F431
F396
F308
F287
F214
F1B0
F15D
F11B
F0EC
F0D0
F0C7
F0D4
F0F6
F12E
F17C
F1E2
F25E
F2F2
F39D
F460
F53A
F62B
F733
F850
F984
FACC
FC28
FD97
FF18
00AA
024B
03FB
05B7
077F
0950
0B28
0D06
0EE8
10CD
12B1
1493
1672
184B
1A1C
1BE4
1DA0
1F4D
20EC
2278
23F2
2556
26A3
27D8
28F3
29F3
2AD6
2B9B
2C41
2CC8
2D2D
2D71
2D93
2D93
2D71
2D2A
2CC1
2C36
2B88
2ABA
29CB
28BC
278E
2643
24DC
235A
21BF
200D
1E45
1C69
1A7C
187F
1675
1460
1242
101E
0DF6
0BCD
09A5
0781
0563
034D
0142
FF45
FD57
FB7B
F9B3
F801
F666
F4E6
F381
F239
F110
F007
EF1F
EE59
EDB7
ED38
ECDD
ECA6
EC94
ECA6
ECDD
ED37
EDB5
EE55
EF17
EFF9
F0FA
F219
F354
F4A9
F618
F79D
F936
FAE2
FC9F
FE69
003F
021D
0403
05EC
07D7
09C2
0BA9
0D8A
0F63
1131
12F2
14A4
1645
17D2
194A
1AAB
1BF3
1D21
1E32
1F26
1FFD
20B3
214A
21C0
2215
2249
225B
224C
221C
21CB
215A
20C9
201A
1F4F
1E67
1D65
1C4A
1B17
19CF
1872
1704
1585
13F8
1260
10BE
0F14
0D65
0BB3
0A00
084E
06A0
04F8
0358
01C2
0038
FEBC
FD4F
FBF5
FAAD
F97B
F85E
F75A
F66E
F59B
F4E4
F44A
F3CC
F36B
F326
F2FF
F2F5
F308
F338
F384
F3EC
F470
F50E
F5C5
F694
F77B
F878
F989
FAAE
FBE4
FD2A
FE7E
FFDE
014A
02BE
0439
05B9
073C
08C1
0A45
0BC7
0D45
0EBC
102D
1193
12EF
143D
157E
16AF
17CF
18DC
19D7
1ABD
1B8E
1C4A
1CEF
1D7D
1DF4
1E53
1E9A
1ECA
1EE1
1EE2
1ECA
1E9C
1E58
1DFD
1D8E
1D0A
1C73
1BCA
1B0F
1A43
1969
1880
178B
168B
1580
146D
1352
1230
110A
0FE1
0EB5
0D89
0C5D
0B33
0A0B
08E8
07CB
06B3
05A4
049C
039E
02AA
01C2
00E5
0014
FF51
FE9B
FDF3
FD59
FCCE
FC52
FBE5
FB87
FB38
FAF8
FAC6
FAA4
FA90
FA8B
FA94
FAAB
FACF
FB01
FB3F
FB8A
FBE0
FC42
FCAE
FD25
FDA5
FE2E
FEC0
FF5A
FFFC
00A5
0154
0208
02C3
0382
0445
050D
05D8
06A6
0776
0849
091D
09F5
0ACD
0BA6
0C80
0D59
0E32
0F0B
0FE2
10B8
118D
125F
1330
13FE
14C9
1591
1655
1716
17D3
188C
193F
19EE
1A98
1B3C
1BDA
1C72
1D03
1D8D
1E10
1E8C
1EFF
1F6B
1FCE
2029
207B
20C4
2103
2139
2164
2186
219D
21AA
21AC
21A3
2190
2171
2148
2114
20D5
208C
2038
1FDA
1F72
1F01
1E86
1E02
1D75
1CE0
1C44
1BA0
1AF6
1A46
1990
18D6
1818
1753
168C
15C3
14F8
142E
1364
129C
11D5
1112
1052
0F97
0EE1
0E30
0D87
0CE4
0C4A
0BB7
0B2E
0AAE
0A38
09CB
0969
0912
08C5
0882
084B
081E
07FB
07E2
07D3
07CE
07D1
07DD
07F1
080C
082D
0853
087D
08AB
08DB
090C
093D
096D
099A
09C3
09E8
0A06
0A1C
0A2A
0A2D
0A26
0A11
09EE
09BD
097B
0928
08C4
084C
07C0
071F
066A
059F
04BD
03C6
02B7
0192
0057
FF05
FD9D
FC20
FA8E
F8E8
F72F
F564
F387
F19B
EFA0
ED99
EB87
E96B
E747
E51E
E2F1
E0C3
DE95
DC6A
DA45
D826
D611
D408
D20D
D022
CE4A
CC87
CADB
C949
C7CF
C673
C536
C419
C31E
C247
C195
C109
C0A4
C067
C052
C067
C0A5
C10C
C19D
C257
C339
C444
C576
C6CE
C84B
C9EC
CBAF
CD92
CF94
D1B3
D3ED
D63E
D8A6
DB21
DDAD
E047
E2ED
E59D
E852
EB0A
EDC3
F079
F32A
F5D2
F870
FB00
FD80
FFED
0245
0485
06AC
08B8
0AA6
0C74
0E22
0FAE
1116
125A
1379
1472
1544
15F1
1677
16D7
1711
1725
1716
16E3
168B
1613
157B
14C5
13F4
1309
1206
10ED
0FC2
0E86
0D3B
0BE6
0A87
0922
07BA
0650
04E9
0386
022A
00D7
FF90
FE58
FD30
FC1A
FB19
FA2E
F95B
F8A1
F802
F77F
F718
F6CF
F6A2
F694
F6A4
F6D2
F71D
F785
F809
F8A8
F961
FA33
FB1B
FC18
FD27
FE48
FF77
00B1
01F6
0341
0490
05E1
0730
087B
09BE
0AF8
0C24
0D41
0E4A
0F3F
101C
10DE
1184
120B
1271
12B4
12D3
12CC
129E
1248
11C9
1120
104E
0F52
0E2C
0CDE
0B67
09C9
0805
061C
0411
01E5
FF9A
FD33
FAB2
F81B
F570
F2B4
EFEB
ED19
EA40
E765
E48A
E1B5
DEE8
DC28
D97A
D6E0
D45D
D1F7
CFAF
CD8A
CB8C
C9B6
C80C
C690
C546
C430
C34F
C2A6
C237
C202
C208
C24B
C2CB
C388
C481
C5B8
C72A
C8D7
CABE
CCDC
CF31
D1BA
D474
D75E
DA73
DDB2
E116
E49D
E842
EC02
EFD9
F3C3
F7BB
FBBD
FFC5
03CE
07D4
0BD2
0FC4
13A6
1773
1B27
1EBE
2234
2585
28AD
2BA9
2E76
3110
3374
35A1
3793
3949
3AC1
3BF9
3CF0
3DA6
3E19
3E49
3E36
3DE2
3D4C
3C76
3B61
3A0E
3880
36B9
34BB
328A
3027
2D97
2ADC
27FB
24F7
21D5
1E99
1B46
17E2
1471
10F8
0D7A
09FE
0687
031A
FFBC
FC71
F93E
F626
F32F
F05B
EDB0
EB2F
E8DD
E6BC
E4D0
E31A
E19E
E05C
DF57
DE8F
DE06
DDBC
DDB0
DDE4
DE55
DF04
DFEF
E114
E271
E404
E5CA
E7C1
E9E4
EC31
EEA3
F136
F3E7
F6B1
F98E
FC7B
FF73
0270
056D
0866
0B55
0E36
1104
13BB
1654
18CD
1B21
1D4B
1F49
2116
22B0
2414
253F
2630
26E3
2759
2790
2788
2741
26BB
25F6
24F5
23B9
2243
2097
1EB7
1CA6
1A68
1801
1575
12CA
1004
0D26
0A36
073B
0438
0134
FE34
FB3E
F857
F585
F2CD
F034
EDC0
EB75
E958
E76D
E5B8
E43E
E300
E202
E146
E0CF
E09E
E0B3
E111
E1B6
E2A2
E3D5
E54D
E708
E905
EB40
EDB5
F063
F344
F654
F98F
FCEF
0070
040D
07BE
0B80
0F4B
131A
16E7
1AAD
1E64
2207
2592
28FD
2C44
2F62
3253
3510
3798
39E5
3BF5
3DC5
3F52
409A
419C
4257
42CA
42F3
42D5
4270
41C5
40D8
3FA9
3E3B
3C92
3AB1
389B
3655
33E3
314A
2E8E
2BB5
28C3
25BE
22AB
1F8F
1C70
1952
163B
1330
1035
0D4F
0A82
07D2
0543
02D9
0095
FE7C
FC8F
FAD2
F944
F7E6
F6BA
F5BF
F4F6
F45C
F3F2
F3B6
F3A5
F3BE
F3FF
F464
F4EA
F58E
F64C
F720
F807
F8FC
F9FC
FB01
FC08
FD0D
FE0A
FEFD
FFE1
00B3
016E
0210
0295
02FA
033D
035B
0353
0323
02CA
0246
0197
00BD
FFB8
FE88
FD2F
FBAD
FA05
F837
F647
F436
F209
EFC0
ED61
EAED
E869
E5D9
E340
E0A2
DE04
DB68
D8D4
D64B
D3D0
D169
CF17
CCE0
CAC5
C8CB
C6F3
C542
C3B8
C258
C124
C01E
BF47
BEA0
BE29
BDE3
BDCE
BDEA
BE35
BEB0
BF5A
C030
C131
C25C
C3AD
C524
C6BD
C876
CA4C
CC3C
CE44
D05F
D28B
D4C5
D70A
D956
DBA6
DDF8
E049
E295
E4D9
E712
E93F
EB5D
ED6A
EF63
F147
F314
F4C8
F663
F7E3
F948
FA91
FBBD
FCCC
FDBF
FE95
FF4E
FFEC
006F
00D7
0126
015D
017C
0186
017C
015F
0131
00F3
00A6
004D
FFE9
FF7D
FF0A
FE92
FE16
FD98
FD1A
FC9D
FC22
FBAB
FB39
FACE
FA69
FA0D
F9BB
F973
F935
F903
F8DD
F8C3
F8B7
F8B7
F8C5
F8DF
F907
F93D
F97F
F9CE
FA29
FA91
FB05
FB85
FC0F
FCA3
FD40
FDE6
FE95
FF4A
0006
00C8
018F
025B
0329
03FA
04CD
05A1
0675
0749
081B
08EB
09B8
0A81
0B46
0C06
0CC0
0D74
0E21
0EC6
0F63
0FF8
1084
1106
117F
11EE
1253
12AD
12FC
1341
137A
13A9
13CD
13E6
13F5
13FA
13F4
13E5
13CC
13AB
1381
134F
1317
12D7
1292
1249
11FA
11A9
1155
1100
10AA
1054
1000
0FAD
0F5F
0F14
0ECE
0E8D
0E54
0E22
0DFA
0DDC
0DC9
0DC1
0DC5
0DD7
0DF5
0E22
0E5E
0EA8
0F01
0F69
0FE1
1068
10FE
11A2
1256
1317
13E6
14C1
15A9
169B
1798
189E
19AB
1ABF
1BD9
1CF6
1E15
1F34
2052
216D
2284
2394
249D
259B
268E
2773
2849
290E
29C0
2A5D
2AE5
2B55
2BAB
2BE8
2C08
2C0B
2BF0
2BB6
2B5C
2AE1
2A45
2987
28A6
27A3
267E
2537
23CD
2242
2094
1EC5
1CD8
1ACC
18A3
165E
1400
1188
0EFA
0C57
09A1
06DA
0404
0122
FE35
FB41
F847
F54A
F24D
EF53
EC5D
E96F
E68A
E3B3
E0EB
DE34
DB92
D906
D693
D43C
D202
CFE7
CDEF
CC1A
CA6A
C8E1
C780
C648
C53B
C459
C3A3
C31B
C2C0
C292
C292
C2C0
C31C
C3A5
C45A
C53C
C648
C77E
C8DD
CA64
CC10
CDE1
CFD5
D1E8
D41B
D66A
D8D3
DB55
DDEC
E096
E353
E61E
E8F4
EBD4
EEBA
F1A5
F490
F77A
FA60
FD3F
0015
02DF
059C
0848
0AE2
0D68
0FD6
122D
1468
1688
188B
1A6E
1C32
1DD4
1F53
20B0
21E9
22FE
23EE
24B9
255F
25E1
2640
267A
2691
2685
2657
2607
2596
2507
2459
238F
22AA
21AA
2093
1F65
1E23
1CCE
1B68
19F2
186F
16E1
1549
13A9
1204
105A
0EAE
0D02
0B56
09AE
080A
066C
04D6
0348
01C5
004D
FEE2
FD83
FC33
FAF2
F9C0
F89E
F78D
F68C
F59D
F4C0
F3F3
F338
F28F
F1F6
F16F
F0F7
F090
F038
EFEE
EFB3
EF84
EF62
EF4C
EF41
EF3F
EF46
EF55
EF6B
EF86
EFA7
EFCC
EFF5
F020
F04B
F077
F0A3
F0CD
F0F4
F119
F13A
F157
F16F
F182
F18F
F196
F197
F191
F184
F171
F157
F136
F10F
F0E2
F0AF
F076
F039
EFF7
EFB1
EF68
EF1C
EECF
EE80
EE32
EDE4
ED98
ED4F
ED08
ECC6
EC89
EC53
EC23
EBFB
EBDC
EBC7
EBBC
EBBD
EBCA
EBE4
EC0B
EC40
EC84
ECD7
ED3A
EDAD
EE30
EEC3
EF67
F01B
F0E0
F1B6
F29C
F392
F498
F5AD
F6D0
F801
F940
FA8C
FBE4
FD47
FEB5
002D
01AD
0335
04C3
0656
07EE
0989
0B26
0CC3
0E60
0FFC
1194
1329
14B8
1641
17C2
193B
1AAA
1C0F
1D68
1EB4
1FF3
2124
2246
2358
245A
254B
262B
26FA
27B6
2860
28F8
297C
29EF
2A4E
2A9B
2AD6
2AFE
2B14
2B19
2B0C
2AEF
2AC1
2A84
2A37
29DD
2974
28FE
287C
27EE
2756
26B3
2608
2554
2498
23D6
230E
2240
216E
2099
1FC1
1EE6
1E0B
1D2F
1C52
1B76
1A9B
19C2
18EA
1814
1740
166F
15A1
14D6
140E
1349
1287
11C8
110B
1051
0F99
0EE3
0E2F
0D7D
0CCB
0C19
0B68
0AB5
0A02
094B
0891
07D5
0715
0652
058A
04BD
03EA
0312
0233
014D
005F
FF6A
FE6C
FD66
FC57
FB3F
FA1E
F8F3
F7BF
F682
F53B
F3EC
F293
F132
EFC8
EE56
ECDD
EB5D
E9D6
E84A
E6B8
E522
E388
E1EC
E04D
DEAD
DD0E
DB6F
D9D3
D83A
D6A5
D516
D38E
D20E
D097
CF2B
CDCA
CC76
CB31
C9FA
C8D4
C7BF
C6BD
C5CF
C4F4
C430
C381
C2E9
C26A
C202
C1B3
C17E
C162
C161
C179
C1AB
C1F8
C25F
C2E0
C37B
C430
C4FE
C5E4
C6E3
C7F9
C926
CA69
CBC1
CD2D
CEAB
D03C
D1DD
D38D
D54C
D717
D8ED
DACD
DCB5
DEA4
E098
E28F
E488
E681
E879
EA6E
EC5B
EE42
F022
F1F7
F3C2
F581
F732
F8D3
FA64
FBE4
FD50
FEA9
FFEC
0119
0230
032E
0415
04E2
0596
062F
06AF
0714
075E
078E
07A3
079E
077F
0746
06F4
0689
0606
056C
04BA
03F3
0317
0227
0126
0013
FEF0
FDBF
FC81
FB37
F9E3
F886
F722
F5B8
F44A
F2DA
F169
EFF9
EE8A
ED20
EBBB
EA5D
E908
E7BC
E67C
E548
E421
E30A
E203
E10E
E02B
DF5B
DE9F
DDF9
DD68
DCEE
DC8A
DC3D
DC08
DBEB
DBE5
DBF8
DC22
DC64
DCBE
DD2F
DDB7
DE55
DF09
DFD2
E0AF
E1A0
E2A4
E3B9
E4DE
E614
E757
E8A8
EA05
EB6C
ECDC
EE55
EFD3
F157
F2E0
F46A
F5F6
F780
F908
FA8D
FC0D
FD86
FEF7
005E
01BC
030D
0452
0588
06AF
07C5
08CB
09BE
0A9E
0B6A
0C21
0CC4
0D50
0DC7
0E27
0E71
0EA3
0EBF
0EC4
0EB1
0E89
0E49
0DF5
0D8B
0D0C
0C78
0BD1
0B16
0A4A
096C
087E
0781
0675
055C
0438
0309
01D1
0091
FF4A
FDFF
FCAF
FB5D
FA0A
F8B8
F768
F61B
F4D3
F391
F257
F126
EFFF
EEE4
EDD6
ECD6
EBE4
EB03
EA34
E977
E8CD
E838
E7B8
E74E
E6FA
E6BD
E697
E689
E693
E6B5
E6F0
E742
E7AE
E831
E8CC
E97F
EA49
EB2A
EC21
ED2D
EE4E
EF84
F0CD
F228
F394
F511
F69D
F838
F9DF
FB91
FD4E
FF15
00E4
02BA
0496
0676
0859
0A3E
0C23
0E07
0FE9
11C8
13A1
1575
1742
1906
1AC0
1C70
1E15
1FAD
2138
22B4
2421
257F
26CC
2808
2933
2A4B
2B51
2C45
2D25
2DF1
2EAB
2F52
2FE5
3066
30D4
3130
317A
31B2
31D9
31F0
31F7
31EF
31D8
31B4
3183
3146
30FE
30AB
304F
2FEB
2F80
2F0F
2E98
2E1D
2D9E
2D1E
2C9C
2C1A
2B98
2B19
2A9C
2A22
29AD
293D
28D3
286F
2813
27BE
2773
2730
26F7
26C9
26A4
268B
267C
2679
2681
2695
26B4
26DF
2715
2756
27A2
27F9
285A
28C5
2939
29B6
2A3C
2ACA
2B5E
2BFA
2C9C
2D44
2DF0
2E9F
2F50
3003
30B7
316B
321F
32D0
337F
342A
34D2
3574
3610
36A6
3735
37BB
3838
38AD
3917
3976
39CA
3A13
3A4F
3A7F
3AA2
3AB7
3ABF
3AB9
3AA5
3A83
3A53
3A16
39CA
396F
3907
3891
380C
377B
36DB
362F
3576
34B1
33E0
3304
321D
312B
3030
2F2B
2E1E
2D09
2BEC
2AC8
299E
286F
273B
2602
24C6
2387
2246
2103
1FBF
1E7B
1D37
1BF4
1AB3
1973
1836
16FC
15C5
1491
1362
1238
1112
0FF1
0ED6
0DC1
0CB1
0BA8
0AA4
09A7
08B1
07C1
06D8
05F5
0518
0442
0373
02A9
01E6
012A
0073
FFC1
FF16
FE70
FDD0
FD35
FC9F
FC0E
FB81
FAF8
FA73
F9F1
F973
F8F8
F880
F80B
F798
F728
F6BA
F64F
F5E5
F57D
F517
F4B2
F44F
F3ED
F38D
F32E
F2D1
F274
F219
F1C0
F167
F110
F0BB
F066
F015
EFC6
EF79
EF2D
EEE3
EE9C
EE56
EE12
EDD1
ED93
ED56
ED1D
ECE6
ECB2
EC81
EC53
EC28
EC00
EBDB
EBBA
EB9C
EB81
EB6A
EB57
EB47
EB3A
EB32
EB2C
EB2B
EB2D
EB33
EB3C
EB49
EB59
EB6D
EB85
EB9F
EBBE
EBDF
EC04
EC2D
EC58
EC87
ECB9
ECED
ED25
ED5F
ED9D
EDDD
EE1F
EE64
EEAC
EEF6
EF43
EF91
EFE2
F036
F08B
F0E2
F13C
F197
F1F5
F254
F2B5
F317
F37A
F3DE
F444
F4AC
F516
F581
F5ED
F65C
F6CC
F73E
F7B1
F826
F89E
F917
F992
FA0F
FA8D
FB0E
FB91
FC16
FC9D
FD25
FDB0
FE3D
FECC
FF5D
FFEF
0083
0119
01B1
024A
02E5
0381
041E
04BC
055B
05FB
069B
073B
07DB
087B
091A
09B9
0A57
0AF3
0B8E
0C28
0CBF
0D54
0DE6
0E75
0F02
0F8B
1010
1091
110F
1188
11FC
126B
12D6
133B
139B
13F5
144A
1499
14E2
1526
1564
159C
15CD
15F8
161E
163D
1655
1668
1674
167B
167B
1675
1669
1657
163F
1622
15FF
15D6
15A8
1576
153E
1501
14C0
147A
1430
13E2
1390
133A
12DF
1281
1220
11BC
1155
10EC
1080
1012
0FA2
0F2F
0EBB
0E45
0DCD
0D53
0CD8
0C5B
0BDC
0B5C
0ADB
0A58
09D4
094F
08C8
083F
07B5
072A
069D
060F
057F
04EE
045B
03C6
0330
0298
01FE
0163
00C7
002A
FF8B
FEEA
FE49
FDA6
FD02
FC5D
FBB7
FB11
FA69
F9C2
F919
F871
F7C9
F721
F679
F5D2
F52C
F488
F3E5
F344
F2A5
F209
F170
F0DB
F049
EFBB
EF31
EEAC
EE2C
EDB2
ED3F
ECD1
EC6B
EC0D
EBB5
EB66
EB1F
EAE0
EAA9
EA7C
EA57
EA3C
EA29
EA20
EA20
EA29
EA3B
EA56
EA7A
EAA7
EADB
EB18
EB5D
EBA9
EBFC
EC55
ECB4
ED19
ED81
EDED
EE5D
EECF
EF44
EFBA
F031
F0A8
F11E
F192
F203
F271
F2DB
F33F
F39E
F3F6
F446
F48E
F4CC
F501
F52B
F54A
F55D
F563
F55C
F549
F527
F4F7
F4B8
F46B
F40F
F3A4
F32A
F2A2
F20B
F166
F0B2
EFF2
EF24
EE49
ED63
EC72
EB77
EA73
E966
E853
E739
E61A
E4F8
E3D4
E2AF
E18B
E069
DF4A
DE31
DD1E
DC14
DB14
DA1F
D938
D85F
D797
D6E1
D63E
D5B1
D539
D4DA
D494
D468
D457
D463
D48D
D4D5
D53C
D5C4
D66C
D735
D81F
D92C
DA5A
DBA9
DD1B
DEAD
E061
E234
E428
E63A
E869
EAB5
ED1D
EF9E
F238
F4E9
F7AF
FA87
FD72
006A
0370
0681
0999
0CB8
0FDA
12FD
161E
193C
1C52
1F5F
2260
2553
2834
2B02
2DB9
3058
32DC
3543
378A
39AF
3BB0
3D8C
3F40
40CB
422B
435F
4465
453C
45E4
465B
46A1
46B6
4698
4649
45C7
4514
442F
4319
41D3
405E
3EBA
3CEA
3AEE
38C8
367A
3406
316D
2EB3
2BD8
28E0
25CC
22A0
1F5F
1C0A
18A5
1533
11B6
0E31
0AA8
071D
0393
000D
FC8F
F91B
F5B3
F25B
EF15
EBE4
E8CB
E5CB
E2E7
E021
DD7B
DAF8
D898
D65E
D44A
D25F
D09D
CF05
CD98
CC57
CB42
CA59
C99C
C90C
C8A7
C86E
C85F
C87B
C8BF
C92C
C9BF
CA77
CB53
CC4F
CD6C
CEA7
CFFF
D171
D2FA
D499
D64C
D810
D9E2
DBC0
DDA8
DF97
E18B
E381
E577
E76A
E959
EB40
ED1D
EEEF
F0B3
F267
F40A
F599
F713
F877
F9C2
FAF4
FC0C
FD08
FDE8
FEAA
FF4E
FFD5
003D
0086
00B2
00C0
00AF
0082
0038
FFD2
FF52
FEB8
FE05
FD3A
FC5A
FB64
FA5C
F943
F81A
F6E3
F5A0
F452
F2FD
F1A1
F041
EEDF
ED7C
EC1B
EABE
E966
E815
E6CE
E591
E461
E340
E22E
E12E
E041
DF69
DEA6
DDF9
DD64
DCE8
DC84
DC3B
DC0C
DBF8
DBFF
DC20
DC5E
DCB6
DD29
DDB6
DE5D
DF1E
DFF7
E0E8
E1EF
E30D
E43F
E584
E6DB
E843
E9BA
EB3F
ECD0
EE6B
F00F
F1B9
F36A
F51D
F6D3
F888
FA3C
FBEC
FD98
FF3C
00D9
026B
03F3
056D
06D9
0836
0981
0ABB
0BE3
0CF6
0DF4
0EDD
0FB0
106C
1111
119F
1214
1272
12B9
12E9
1300
1301
12EA
12BD
127B
1223
11B7
1137
10A5
1001
0F4D
0E89
0DB8
0CD9
0BEF
0AFB
09FE
08FA
07F0
06E1
05CF
04BB
03A8
0295
0185
007A
FF73
FE74
FD7C
FC8E
FBAA
FAD2
FA07
F949
F89A
F7FA
F76A
F6EB
F67D
F621
F5D8
F5A2
F57E
F56E
F571
F587
F5B0
F5ED
F63C
F69E
F712
F797
F82E
F8D5
F98B
FA51
FB24
FC05
FCF2
FDEA
FEEC
FFF7
010B
0226
0346
046B
0593
06BC
07E6
0910
0A38
0B5C
0C7D
0D98
0EAD
0FBA
10BE
11B9
12A9
138E
1466
1530
15ED
169A
1738
17C7
1844
18B0
190B
1954
198C
19B0
19C3
19C3
19B3
1990
195C
1916
18BE
1855
17DC
1752
16B9
1611
155A
1495
13C3
12E5
11FC
1108
100A
0F03
0DF5
0CDF
0BC4
0AA4
097F
0858
072F
0605
04DB
03B2
028C
0168
0049
FF2F
FE1A
FD0C
FC06
FB09
FA16
F92E
F851
F77F
F6BB
F603
F559
F4BE
F431
F3B3
F344
F2E5
F296
F257
F227
F208
F1FA
F1FB
F20C
F22D
F25E
F29E
F2ED
F34B
F3B8
F432
F4BA
F54F
F5F0
F69E
F756
F819
F8E6
F9BC
FA9B
FB81
FC6F
FD63
FE5C
FF5A
005C
0161
0269
0372
047C
0585
068E
0796
089B
099E
0A9D
0B97
0C8C
0D7C
0E66
0F49
1024
10F8
11C4
1287
1342
13F4
149C
153B
15CF
1658
16D7
174B
17B5
1814
1868
18B2
18F1
1926
1951
1972
198A
1999
199F
199C
1991
197F
1966
1945
191F
18F3
18C2
188C
1852
1814
17D4
1791
174B
1703
16BB
1672
1629
15E0
1599
1552
150D
14CA
1489
144B
140F
13D7
13A2
1371
1343
1319
12F3
12D0
12B1
1296
127F
126B
125A
124C
1241
1239
1233
122F
122C
122A
1229
1228
1227
1225
1222
121C
1215
120A
11FC
11E9
11D3
11B7
1195
116E
1140
110B
10CF
108A
103E
0FE9
0F8B
0F24
0EB4
0E3A
0DB6
0D29
0C92
0BF0
0B46
0A91
09D3
090C
083B
0761
067F
0595
04A4
03AB
02AC
01A7
009D
FF8F
FE7E
FD69
FC53
FB3C
FA25
F90E
F7FA
F6E9
F5DB
F4D2
F3D0
F2D4
F1E0
F0F5
F014
EF3E
EE73
EDB5
ED04
EC62
EBCF
EB4B
EAD6
EA72
EA1F
E9DE
E9B0
E994
E98A
E994
E9B1
E9E0
EA23
EA78
EADF
EB59
EBE4
EC81
ED2E
EDEA
EEB6
EF90
F077
F16B
F26A
F373
F485
F59E
F6BE
F7E3
F90C
FA37
FB63
FC8F
FDBA
FEE1
0004
0120
0234
033F
043F
0533
0618
06EF
07B6
086B
090D
099B
0A14
0A77
0AC3
0AF7
0B13
0B16
0AFF
0ACE
0A83
0A1D
099D
0901
084C
077C
0692
058E
0471
033D
01F1
008F
FF18
FD8C
FBED
FA3C
F87B
F6AA
F4CB
F2E1
F0EC
EEEE
ECEA
EAE0
E8D3
E6C4
E4B5
E2A9
E0A0
DE9E
DCA3
DAB2
D8CC
D6F4
D52A
D371
D1C9
D035
CEB7
CD4E
CBFD
CAC5
C9A5
C8A0
C7B7
C6EA
C63A
C5A8
C534
C4DE
C4A7
C48F
C495
C4B9
C4FC
C55C
C5D9
C673
C729
C7F9
C8E3
C9E6
CB00
CC31
CD77
CED1
D03C
D1B9
D344
D4DD
D682
D831
D9E8
DBA6
DD69
DF2F
E0F7
E2BE
E484
E646
E804
E9BA
EB69
ED0E
EEA9
F037
F1B8
F32B
F48E
F5E1
F723
F853
F970
FA7A
FB71
FC53
FD22
FDDD
FE83
FF16
FF94
FFFF
0058
009D
00D1
00F3
0105
0108
00FC
00E3
00BC
008A
004E
0008
FFBA
FF65
FF0A
FEAB
FE49
FDE5
FD81
FD1D
FCBB
FC5D
FC02
FBAD
FB5E
FB17
FAD8
FAA2
FA77
FA56
FA40
FA37
FA3A
FA4A
FA67
FA91
FAC9
FB0F
FB62
FBC3
FC31
FCAC
FD33
FDC7
FE66
FF10
FFC4
0081
0147
0214
02E8
03C2
04A1
0583
0668
074E
0834
091A
09FE
0ADF
0BBC
0C94
0D66
0E32
0EF5
0FAF
1060
1106
11A1
1230
12B4
132A
1394
13F0
143F
1480
14B4
14DA
14F2
14FE
14FC
14EE
14D4
14AF
147F
1444
1401
13B5
1362
1308
12A9
1245
11DE
1175
110B
10A1
1039
0FD3
0F71
0F14
0EBB
0E6A
0E20
0DE0
0DAA
0D80
0D61
0D50
0D4D
0D58
0D72
0D9B
0DD5
0E1E
0E79
0EE3
0F5E
0FEA
1086
1131
11EC
12B6
138D
1472
1563
1660
1767
1877
198E
1AAC
1BCF
1CF6
1E1E
1F46
206D
2190
22AE
23C6
24D4
25D8
26D0
27B9
2893
295B
2A0F
2AAE
2B36
2BA6
2BFB
2C36
2C54
2C54
2C36
2BF8
2B99
2B19
2A76
29B2
28CB
27C1
2695
2546
23D5
2242
208F
1EBB
1CC8
1AB7
1888
163E
13DA
115D
0ECA
0C22
0968
069D
03C3
00DD
FDEE
FAF8
F7FD
F500
F203
EF09
EC15
E92A
E649
E376
E0B3
DE02
DB67
D8E2
D678
D429
D1F8
CFE7
CDF7
CC2A
CA83
C902
C7A8
C679
C573
C498
C3E9
C367
C311
C2E9
C2ED
C31F
C37D
C407
C4BD
C59F
C6AA
C7DE
C93A
CABC
CC63
CE2E
D01A
D226
D450
D696
D8F5
DB6B
DDF7
E096
E343
E5FE
E8C5
EB95
EE6B
F145
F421
F6FC
F9D4
FCA5
FF6F
022F
04E2
0786
0A1A
0C9B
0F07
115D
139A
15BE
17C6
19B2
1B7F
1D2E
1EBC
2029
2175
229E
23A4
2486
2545
25E1
265A
26AF
26E1
26F0
26DC
26A6
264F
25D8
2541
248C
23BA
22CD
21C4
20A3
1F6A
1E1C
1CB9
1B44
19BD
1828
1686
14D9
1322
1164
0FA0
0DD9
0C10
0A47
0880
06BC
04FF
0348
019D
FFFD
FE69
FCE2
FB69
FA01
F8A9
F763
F630
F511
F405
F30F
F22D
F161
F0AA
F009
EF7D
EF07
EEA5
EE58
EE1E
EDF7
EDE3
EDE0
EDED
EE09
EE33
EE6A
EEAC
EEF7
EF4C
EFA7
F008
F06E
F0D6
F13F
F1A8
F20E
F271
F2CF
F326
F376
F3BE
F3FB
F42E
F455
F470
F47D
F47D
F46F
F453
F429
F3F0
F3AA
F355
F2F4
F286
F20D
F189
F0FC
F066
EFC9
EF26
EE80
EDD7
ED2E
EC87
EBE2
EB42
EAAA
EA1A
E995
E91E
E8B5
E85E
E818
E7E8
E7CE
E7CB
E7E2
E813
E861
E8CB
E953
E9FA
EAC0
EBA6
ECAB
EDD0
EF14
F078
F1FA
F399
F555
F72D
F91E
FB27
FD46
FF7A
01BF
0415
0679
08E7
0B5D
0DD9
1057
12D5
1550
17C4
1A2F
1C8D
1EDC
2119
2340
2550
2745
291C
2AD4
2C6A
2DDC
2F29
304D
3148
3219
32BE
3337
3382
33A0
3391
3354
32EA
3254
3192
30A5
2F8F
2E51
2CED
2B64
29BA
27EF
2607
2405
21EA
1FBA
1D77
1B25
18C7
1660
13F3
1182
0F12
0CA6
0A3F
07E3
0592
0351
0122
FF07
FD03
FB19
F949
F797
F605
F493
F343
F217
F110
F02E
EF72
EEDD
EE6E
EE25
EE03
EE07
EE30
EE7E
EEEF
EF83
F038
F10D
F200
F310
F43B
F580
F6DB
F84C
F9D0
FB65
FD0A
FEBB
0078
023E
0408
05D8
07AA
097E
0B51
0D23
0EF0
10B8
1279
1433
15E3
1789
1924
1AB3
1C35
1DAA
1F11
206A
21B5
22F2
2420
2540
2651
2755
284B
2933
2A0F
2ADF
2BA3
2C5C
2D0A
2DAE
2E4C
2EE1
2F6E
2FF3
3072
30EA
315C
31C9
3232
3295
32F4
334F
33A6
33F9
3448
3493
34DA
351C
355A
3592
35C5
35F1
3617
3635
364A
3657
3659
3651
363D
361D
35EF
35B2
3567
350C
349F
341F
338D
32E6
322A
3158
3070
2F70
2E59
2D2A
2BE2
2A81
2907
2774
25C8
2403
2226
202F
1E22
1BFC
19C0
176F
1508
128E
1000
0D62
0AB3
07F6
052B
0256
FF75
FC8C
F99D
F6AA
F3B4
F0BE
EDCA
EADA
E7EF
E50C
E233
DF65
DCA5
D9F5
D757
D4CB
D256
CFF7
CDB1
CB85
C975
C782
C5AD
C3F8
C264
C0F1
BFA1
BE74
BD6A
BC85
BBC5
BB29
BAB3
BA62
BA36
BA2E
BA4A
BA89
BAEA
BB6D
BC11
BCD5
BDB6
BEB5
BFD0
C104
C252
C3B6
C530
C6BE
C85E
CA0E
CBCC
CD97
CF6C
D14A
D32F
D519
D706
D8F4
DAE3
DCCF
DEB8
E09B
E278
E44D
E619
E7D9
E98E
EB36
ECD0
EE5B
EFD7
F143
F29E
F3E7
F520
F647
F75B
F85F
F950
FA30
FAFE
FBBC
FC69
FD06
FD93
FE12
FE82
FEE5
FF3B
FF85
FFC3
FFF8
0023
0045
005F
0072
007F
0086
0088
0086
0081
0078
006D
0060
0052
0042
0032
0021
000F
FFFE
FFEB
FFD9
FFC6
FFB3
FF9E
FF89
FF72
FF5A
FF3F
FF21
FF01
FEDC
FEB4
FE86
FE54
FE1B
FDDB
FD93
FD45
FCEE
FC8E
FC26
FBB5
FB3A
FAB6
FA28
F990
F8EF
F843
F78F
F6D1
F60B
F53C
F466
F388
F2A4
F1BB
F0CE
EFDD
EEE9
EDF4
ECFF
EC0C
EB1B
EA2E
E947
E866
E78E
E6BD
E5F7
E53E
E494
E3FA
E371
E2FC
E29B
E24F
E21B
E1FF
E1FC
E214
E246
E295
E2FF
E387
E42D
E4F0
E5D0
E6CF
E7EA
E923
EA78
EBE9
ED74
EF1A
F0D8
F2AE
F49A
F699
F8AC
FACF
FD02
FF40
0189
03DA
0630
088A
0AE3
0D3B
0F8D
11D8
1418
164C
1870
1A81
1C7D
1E62
202D
21DB
236B
24DA
2625
274C
284C
2924
29D2
2A55
2AAC
2AD6
2AD2
2AA0
2A40
29B1
28F4
2808
26F0
25AB
243C
22A2
20E0
1EF7
1CE9
1AB9
1869
15FA
1371
10CF
0E17
0B4D
0873
058D
029E
FFAA
FCB3
F9BD
F6CC
F3E3
F106
EE36
EB79
E8D1
E641
E3CB
E174
DF3B
DD25
DB35
D96C
D7CC
D657
D50F
D3F4
D309
D24C
D1C0
D164
D139
D13D
D171
D1D4
D264
D321
D409
D51B
D653
D7B2
D933
DAD5
DC94
DE6F
E061
E269
E483
E6AB
E8DE
EB1A
ED59
EF9A
F1D8
F411
F641
F865
FA79
FC7B
FE68
003C
01F5
0391
050C
0666
079B
08AB
0993
0A52
0AE7
0B52
0B91
0BA4
0B8C
0B49
0ADA
0A41
097E
0893
0780
0649
04EE
0371
01D5
001B
FE47
FC5C
FA5C
F84A
F629
F3FD
F1C8
EF8E
ED53
EB19
E8E4
E6B7
E495
E282
E081
DE94
DCBE
DB03
D964
D7E5
D687
D54C
D436
D348
D281
D1E4
D172
D12A
D10E
D11E
D15C
D1C6
D25A
D318
D400
D50F
D645
D7A0
D91E
DABD
DC7B
DE56
E04A
E256
E477
E6A9
E8EB
EB38
ED8F
EFEB
F24B
F4AA
F706
F95C
FBA9
FDEB
001E
023F
044E
0646
0826
09EC
0B98
0D25
0E94
0FE3
1111
121D
1306
13CD
1470
14F2
1551
158E
15AB
15A9
1588
154A
14F2
1480
13F7
1359
12A9
11E9
111B
1043
0F62
0E7D
0D95
0CAE
0BCB
0AEE
0A1A
0952
089A
07F3
0761
06E5
0681
0639
060D
0600
0612
0647
069E
0718
07B7
087B
0963
0A70
0BA1
0CF6
0E6F
1009
11C5
139F
1597
17AA
19D7
1C1B
1E73
20DD
2356
25DA
2867
2AFA
2D8E
3021
32B0
3536
37B1
3A1C
3C75
3EB8
40E2
42EF
44DD
46A8
484F
49CD
4B21
4C48
4D41
4E09
4E9F
4F02
4F30
4F29
4EEC
4E79
4DCF
4CF0
4BDB
4A91
4914
4765
4586
4378
413C
3ED6
3C48
3996
36C1
33CD
30BF
2D98
2A5C
2710
23B8
2056
1CF0
1988
1624
12C6
0F73
0C2F
08FE
05E3
02E2
FFFE
FD3B
FA9C
F823
F5D3
F3B0
F1BA
EFF5
EE62
ED02
EBD7
EAE2
EA24
E99C
E94B
E930
E94C
E99C
EA21
EAD9
EBC3
ECDB
EE21
EF92
F12B
F2EA
F4CC
F6CD
F8EB
FB21
FD6D
FFCA
0235
04AA
0726
09A4
0C20
0E98
1106
1368
15B9
17F7
1A1E
1C29
1E17
1FE5
2190
2316
2473
25A8
26B0
278C
2839
28B7
2904
2921
290D
28C8
2853
27AD
26D9
25D6
24A7
234D
21C9
201F
1E4F
1C5E
1A4C
181D
15D5
1375
1102
0E7E
0BED
0952
06B2
040E
016B
FECC
FC35
F9A8
F729
F4BB
F261
F01E
EDF5
EBE9
E9FB
E82E
E685
E500
E3A2
E26C
E15F
E07C
DFC3
DF36
DED4
DE9D
DE92
DEB1
DEF9
DF6A
E003
E0C2
E1A5
E2AC
E3D4
E51A
E67C
E7F8
E98B
EB33
ECED
EEB6
F08B
F269
F44E
F636
F81F
FA05
FBE6
FDBF
FF8E
014F
0300
04A0
062B
079F
08FC
0A3E
0B64
0C6D
0D58
0E24
0ED0
0F5A
0FC3
100A
1030
1034
1017
0FDA
0F7D
0F01
0E68
0DB2
0CE1
0BF7
0AF5
09DD
08B1
0773
0626
04CB
0364
01F4
007D
FF02
FD84
FC06
FA8B
F913
F7A2
F63A
F4DD
F38B
F248
F115
EFF3
EEE5
EDEA
ED05
EC35
EB7D
EADB
EA51
E9DF
E986
E944
E91B
E909
E90F
E92A
E95C
E9A2
E9FC
EA69
EAE6
EB74
EC10
ECB9
ED6C
EE2A
EEEF
EFBA
F089
F15B
F22D
F2FE
F3CC
F496
F558
F612
F6C4
F76A
F805
F892
F912
F982
F9E3
FA33
FA72
FAA0
FABC
FAC7
FAC0
FAA8
FA80
FA47
F9FE
F9A7
F942
F8D0
F854
F7CD
F73D
F6A7
F60B
F56C
F4CA
F429
F389
F2EE
F256
F1C6
F13F
F0C3
F054
EFF4
EFA5
EF68
EF3F
EF2B
EF2E
EF48
EF7C
EFC9
F032
F0B5
F155
F210
F2E9
F3DD
F4EE
F61B
F763
F8C6
FA42
FBD8
FD84
FF48
011F
030A
0506
0712
092A
0B4D
0D79
0FAC
11E3
141C
1654
1888
1AB7
1CDD
1EF9
2106
2303
24EE
26C4
2882
2A26
2BAF
2D1A
2E65
2F8F
3096
3178
3234
32CA
3338
337D
3399
338C
3355
32F4
326B
31B7
30DB
2FD8
2EAF
2D61
2BF0
2A5C
28A9
26D7
24E9
22E1
20C0
1E8A
1C42
19E8
1781
150E
1293
1012
0D8E
0B0A
0889
060C
0398
012E
FED1
FC84
FA49
F822
F611
F419
F23C
F07A
EED7
ED52
EBEE
EAAB
E98A
E88D
E7B3
E6FD
E66B
E5FD
E5B2
E58C
E588
E5A6
E5E6
E646
E6C5
E761
E819
E8EC
E9D8
EADA
EBF1
ED1B
EE55
EF9E
F0F3
F252
F3B9
F525
F694
F803
F971
FADB
FC40
FD9D
FEF0
0037
0171
029C
03B6
04BD
05B2
0691
075B
080E
08AA
092E
0999
09EC
0A27
0A48
0A52
0A43
0A1D
09E0
098D
0925
08A9
081A
077A
06CA
060B
053F
0468
0387
029F
01B0
00BD
FFC8
FED3
FDDF
FCEE
FC02
FB1D
FA41
F96F
F8A8
F7EF
F744
F6A9
F61F
F5A7
F542
F4F2
F4B6
F48F
F47E
F483
F49E
F4CF
F516
F573
F5E6
F66D
F70A
F7BA
F87C
F950
FA35
FB29
FC2B
FD3A
FE54
FF78
00A4
01D7
030F
044B
0588
06C6
0802
093B
0A6F
0B9D
0CC3
0DE0
0EF3
0FF9
10F2
11DD
12B8
1382
143C
14E3
1578
15F9
1666
16BF
1705
1736
1753
175C
1752
1736
1706
16C6
1674
1613
15A3
1525
149A
1405
1365
12BD
120E
115A
10A1
0FE7
0F2B
0E71
0DB9
0D05
0C57
0BB0
0B12
0A7E
09F6
097B
090F
08B3
0868
082E
0806
07F2
07F2
0806
0830
086E
08C3
092D
09AC
0A41
0AEA
0BA9
0C7B
0D60
0E59
0F62
107D
11A6
12DE
1423
1573
16CD
182F
1998
1B06
1C78
1DEB
1F5D
20D0
223F
23A9
250B
2664
27B2
28F3
2A25
2B48
2C58
2D56
2E3E
2F11
2FCC
306F
30F8
3166
31B9
31F0
320B
3208
31E7
31A9
314C
30D2
303A
2F85
2EB2
2DC3
2CB9
2B93
2A53
28FC
278C
2606
246A
22BA
20F7
1F23
1D40
1B4F
1951
1749
1538
1321
1104
0EE4
0CC2
0AA1
0882
0666
0451
0242
003D
FE42
FC54
FA73
F8A1
F6DF
F52F
F392
F209
F094
EF35
EDED
ECBC
EBA2
EAA1
E9B8
E8E8
E831
E793
E70F
E6A3
E650
E616
E5F3
E5E8
E5F3
E615
E64C
E698
E6F8
E76A
E7EF
E884
E928
E9DC
EA9C
EB69
EC41
ED23
EE0E
EEFF
EFF7
F0F4
F1F4
F2F7
F3FC
F501
F605
F708
F808
F905
F9FC
FAEE
FBDA
FCBF
FD9B
FE70
FF3A
FFFC
00B2
015E
0200
0295
031F
039E
0410
0476
04D1
051F
0562
0599
05C4
05E5
05FA
0605
0607
0600
05EF
05D5
05B3
058A
055A
0523
04E6
04A5
045E
0414
03C6
0375
0323
02CF
0279
0224
01CF
017A
0126
00D5
0085
0038
FFEE
FFA8
FF65
FF27
FEEC
FEB7
FE86
FE5A
FE33
FE12
FDF6
FDE0
FDCF
FDC3
FDBD
FDBC
FDC0
FDCA
FDD8
FDEC
FE04
FE20
FE41
FE66
FE8F
FEBC
FEEC
FF1F
FF55
FF8E
FFC9
0006
0045
0086
00C8
010B
014F
0194
01D9
021E
0263
02A7
02EB
032F
0372
03B4
03F5
0435
0474
04B1
04ED
0528
0561
0599
05CF
0603
0636
0667
0697
06C5
06F2
071C
0746
076E
0794
07BA
07DD
0800
0821
0840
085F
087C
0896
08AE
08C6
08DB
08F0
0902
0914
0923
0931
093D
0948
0950
0957
095B
095D
095C
0959
0953
094A
093E
092E
091B
0904
08E8
08C8
08A3
0879
0849
0814
07D8
0796
074D
06FB
06A1
063F
05D6
0563
04E8
0463
03D5
033C
029A
01ED
0136
0074
FFA7
FECE
FDEB
FCFC
FC01
FAFC
F9EB
F8CE
F7A7
F674
F537
F3EF
F29D
F141
EFDB
EE6C
ECF5
EB76
E9EF
E863
E6D1
E539
E39E
E1FE
E05C
DEB7
DD12
DB6C
D9C7
D824
D684
D4E8
D351
D1C0
D035
CEB3
CD3A
CBCB
CA68
C911
C7C7
C68C
C561
C445
C33B
C244
C15F
C08E
BFD2
BF2C
BE9B
BE21
BDBF
BD74
BD42
BD28
BD28
BD40
BD71
BDBC
BE1F
BE9B
BF31
BFDE
C0A4
C180
C274
C37E
C49E
C5D2
C71A
C875
C9E1
CB5F
CCEB
CE87
D02F
D1E2
D3A0
D567
D735
D909
DAE1
DCBA
DE95
E06F
E248
E41D
E5ED
E7B7
E978
EB30
ECDE
EE7E
F012
F196
F309
F46C
F5BC
F6F8
F820
F932
FA2E
FB13
FBE1
FC97
FD35
FDBA
FE26
FE7A
FEB4
FED6
FEE0
FED2
FEAC
FE71
FE1F
FDB9
FD3D
FCAE
FC0C
FB58
FA94
F9C0
F8DE
F7EF
F6F5
F5F2
F4E5
F3D2
F2B9
F19C
F07D
EF5D
EE3E
ED20
EC07
EAF2
E9E4
E8DE
E7E2
E6EF
E609
E530
E465
E3A9
E2FD
E263
E1DB
E166
E103
E0B4
E079
E052
E03F
E041
E056
E081
E0BF
E111
E176
E1EE
E278
E314
E3C0
E47C
E548
E621
E707
E7F8
E8F5
E9FB
EB08
EC1D
ED38
EE56
EF77
F09A
F1BD
F2DD
F3FB
F515
F629
F738
F83E
F93D
FA32
FB1C
FBFB
FCCD
FD93
FE4A
FEF4
FF8F
001B
0097
0104
0161
01AF
01ED
021B
023B
024C
024F
0245
022E
020B
01DD
01A4
0162
0119
00C8
0072
0018
FFBA
FF5A
FEFA
FE9A
FE3D
FDE4
FD8F
FD41
FCFA
FCBC
FC89
FC62
FC47
FC3A
FC3D
FC50
FC73
FCA9
FCF2
FD4E
FDBE
FE43
FEDE
FF8D
0053
012E
021F
0326
0443
0575
06BB
0816
0985
0B07
0C9A
0E3F
0FF3
11B7
1388
1566
174E
1940
1B3A
1D3A
1F3F
2147
2350
2558
275E
2960
2B5B
2D4F
2F39
3117
32E8
34AA
365A
37F8
3981
3AF4
3C4F
3D90
3EB5
3FBF
40AB
4178
4225
42B2
431D
4366
438B
438D
436B
4324
42B8
4228
4173
4098
3F9A
3E77
3D30
3BC7
3A3B
388D
36BF
34D1
32C4
309B
2E55
2BF4
297B
26EA
2443
2188
1EBA
1BDC
18EF
15F5
12F0
0FE3
0CCE
09B5
0699
037C
0061
FD49
FA36
F72B
F429
F133
EE4A
EB70
E8A6
E5F0
E34E
E0C2
DE4E
DBF3
D9B3
D78E
D587
D39E
D1D5
D02D
CEA5
CD41
CC00
CAE1
C9E7
C912
C860
C7D4
C76C
C72A
C70C
C712
C73C
C78A
C7FB
C88E
C942
CA17
CB0B
CC1E
CD4F
CE9B
D002
D182
D31A
D4C8
D68A
D85F
DA45
DC3A
DE3C
E04A
E260
E47E
E6A1
E8C7
EAED
ED12
EF33
F14E
F362
F56C
F76B
F95C
FB3D
FD0C
FEC8
006F
01FF
0377
04D4
0616
073B
0842
092A
09F1
0A96
0B19
0B79
0BB6
0BCE
0BC2
0B92
0B3C
0AC2
0A22
095F
0877
076C
063F
04F0
0380
01F1
0045
FE7B
FC97
FA9A
F885
F65B
F41E
F1CF
EF72
ED09
EA95
E81A
E59A
E317
E095
DE16
DB9C
D92B
D6C5
D46D
D225
CFF0
CDD2
CBCB
C9DF
C811
C661
C4D4
C36A
C225
C109
C015
BF4C
BEAF
BE40
BDFF
BDEE
BE0C
BE5B
BEDB
BF8C
C06D
C180
C2C2
C435
C5D5
C7A4
C99F
CBC4
CE13
D08A
D326
D5E6
D8C7
DBC7
DEE3
E21B
E56A
E8CD
EC40
EFC1
F34C
F6DF
FA75
FE0B
019F
052C
08AF
0C26
0F8C
12DF
161A
193C
1C41
1F26
21E9
2487
26FD
2949
2B69
2D5A
2F1C
30AD
320B
3335
342A
34E9
3573
35C7
35E5
35CD
3580
34FD
3446
335D
3242
30F7
2F7D
2DD7
2C08
2A10
27F4
25B4
2355
20DA
1E45
1B99
18DB
160C
1332
104F
0D66
0A7C
0794
04B1
01D7
FF09
FC4B
F9A0
F70C
F490
F231
EFF1
EDD2
EBD8
EA04
E85A
E6D9
E585
E45F
E368
E2A2
E20C
E1A8
E176
E177
E1A9
E20D
E2A3
E368
E45D
E580
E6CF
E84A
E9ED
EBB7
EDA6
EFB8
F1E8
F436
F69E
F91E
FBB1
FE56
0108
03C5
068A
0953
0C1C
0EE3
11A4
145C
1708
19A5
1C30
1EA6
2104
2347
256E
2775
295B
2B1D
2CBB
2E31
2F7F
30A3
319D
326B
330E
3384
33CD
33EA
33DB
33A0
3339
32A8
31ED
310B
3003
2ED6
2D85
2C14
2A83
28D6
270D
252D
2336
212B
1F10
1CE7
1AB2
1874
1630
13E8
11A0
0F5A
0D17
0ADC
08AB
0685
046E
0267
0073
FE93
FCCA
FB19
F981
F805
F6A5
F564
F442
F33F
F25D
F19D
F0FE
F080
F025
EFEB
EFD3
EFDC
F006
F050
F0B8
F140
F1E4
F2A5
F381
F476
F583
F6A8
F7E1
F92E
FA8E
FBFD
FD7C
FF07
009E
023E
03E6
0595
0748
08FE
0AB5
0C6C
0E22
0FD5
1184
132E
14D1
166E
1802
198D
1B0E
1C85
1DF1
1F52
20A7
21EF
232C
245C
2580
2698
27A3
28A2
2996
2A7D
2B5A
2C2B
2CF2
2DAE
2E63
2F0E
2FB0
304A
30DB
3165
31E7
3263
32D7
3345
33AD
340E
346A
34BF
350F
3559
359C
35D9
3610
3640
3669
368A
36A3
36B3
36BA
36B8
36AB
3692
366E
363D
35FF
35B2
3556
34EB
346E
33E1
3341
328D
31C6
30EB
2FFA
2EF4
2DD7
2CA4
2B59
29F8
287E
26ED
2543
2383
21AA
1FBA
1DB3
1B96
1963
171B
14BE
124E
0FCB
0D37
0A94
07E1
0521
0256
FF81
FCA3
F9BE
F6D5
F3E8
F0FA
EE0C
EB21
E83A
E55B
E284
DFB7
DCF8
DA47
D7A7
D51A
D2A1
D03F
CDF5
CBC4
C9AF
C7B6
C5DC
C421
C287
C10F
BFB9
BE86
BD78
BC8E
BBC9
BB29
BAAF
BA5A
BA2A
BA1E
BA37
BA73
BAD2
BB53
BBF5
BCB7
BD98
BE96
BFB0
C0E4
C232
C397
C512
C6A0
C841
C9F3
CBB3
CD7F
CF56
D136
D31E
D50A
D6F9
D8EA
DADB
DCCA
DEB5
E09B
E278
E44D
E619
E7DA
E98F
EB37
ECD1
EE5D
EFD9
F146
F2A1
F3EC
F525
F64C
F761
F865
F957
FA37
FB06
FBC4
FC71
FD0E
FD9B
FE19
FE89
FEEB
FF41
FF8A
FFC7
FFFB
0024
0045
005D
006D
0078
007C
007C
0077
006F
0064
0056
0047
0036
0024
0012
FFFF
FFEC
FFDA
FFC7
FFB4
FFA1
FF8E
FF7B
FF67
FF51
FF3B
FF23
FF08
FEEB
FECA
FEA6
FE7D
FE4F
FE1B
FDE2
FDA3
FD5C
FD0E
FCB7
FC57
FBEE
FB7C
FAFF
FA79
F9E8
F94D
F8A8
F7F9
F73F
F67C
F5AF
F4DA
F3FD
F318
F22C
F13A
F044
EF4A
EE4D
ED4F
EC51
EB54
EA5A
E965
E876
E78E
E6AE
E5DA
E512
E458
E3AF
E317
E293
E224
E1CB
E18A
E162
E155
E163
E18E
E1D7
E23D
E2C3
E368
E42C
E510
E614
E738
E87A
E9DB
EB5A
ECF5
EEAC
F07E
F268
F46A
F681
F8AC
FAE8
FD33
FF8A
01EC
0456
06C5
0935
0BA5
0E12
1078
12D4
1525
1766
1994
1BAE
1DB0
1F98
2162
230D
2496
25FB
273A
2851
293E
2A00
2A95
2AFC
2B36
2B40
2B1A
2AC5
2A40
298D
28AA
2799
265C
24F3
235F
21A3
1FC1
1DBA
1B90
1947
16E1
1460
11C7
0F1A
0C5C
098F
06B7
03D7
00F3
FE0E
FB2B
F84D
F578
F2AF
EFF5
ED4D
EABA
E83E
E5DD
E399
E174
DF6E
DD8B
DBCE
DA38
D8C9
D784
D669
D578
D4B3
D41A
D3AD
D36B
D355
D369
D3A8
D40F
D49F
D555
D630
D72F
D850
D990
DAEF
DC6A
DDFE
DFAA
E16B
E33F
E523
E715
E913
EB1A
ED26
EF36
F149
F35C
F56C
F777
F97D
FB79
FD6B
FF51
0129
02F2
04A9
064E
07E0
095D
0AC4
0C15
0D4F
0E71
0F7B
106D
1146
1206
12AE
133C
13B3
1411
1458
1489
14A2
14A7
1497
1473
143D
13F5
139C
1333
12BC
1237
11A7
110B
1066
0FB9
0F05
0E4B
0D8D
0CCC
0C09
0B47
0A85
09C6
090A
0854
07A3
06FA
0659
05C2
0536
04B6
0442
03DC
0385
033D
0308
02E4
02D0
02CF
02E0
0304
033B
0385
03E3
0454
04D8
0570
061A
06D7
07A7
0887
0979
0A7B
0B8C
0CAC
0DD8
0F11
1055
11A2
12F7
1453
15B3
1717
187D
19E2
1B45
1CA4
1DFE
1F50
2099
21D5
2304
2423
2531
262C
2711
27E0
2897
2933
29B4
2A19
2A60
2A87
2A8F
2A76
2A3B
29DF
2960
28BF
27FB
2715
260D
24E4
239A
2230
20A8
1F02
1D40
1B64
1970
1766
1546
1314
10D1
0E81
0C24
09BF
0753
04E3
0272
0002
FD97
FB33
F8D8
F68A
F44A
F21C
F002
EDFE
EC13
EA43
E890
E6FB
E586
E434
E305
E1FA
E115
E056
DFBF
DF4F
DF07
DEE7
DEEF
DF1E
DF74
DFF0
E090
E154
E23B
E343
E46A
E5AE
E70E
E888
EA18
EBBE
ED76
EF3E
F114
F2F5
F4DF
F6CE
F8C1
FAB4
FCA6
FE93
0079
0256
0427
05EA
079E
093F
0ACE
0C46
0DA8
0EF1
101F
1133
122B
1306
13C3
1462
14E3
1546
158A
15B1
15BA
15A6
1575
1529
14C2
1442
13AA
12FB
1237
115F
1075
0F7A
0E71
0D5B
0C3B
0B11
09E1
08AB
0773
063A
0501
03CB
0299
016E
004A
FF30
FE20
FD1D
FC27
FB41
FA6A
F9A5
F8F2
F852
F7C5
F74D
F6E9
F69B
F661
F63E
F62F
F636
F651
F682
F6C7
F71F
F78A
F808
F897
F937
F9E4
FAA0
FB69
FC3F
FD20
FE0B
FF00
FFFB
00FD
0205
0310
041D
052C
063B
0748
0853
095B
0A5D
0B5A
0C50
0D3E
0E22
0EFD
0FCE
1092
114B
11F6
1294
1324
13A5
1417
147A
14CD
150F
1541
1563
1574
1575
1565
1545
1514
14D4
1483
1424
13B5
1337
12AB
1211
1169
10B5
0FF3
0F26
0E4D
0D69
0C7B
0B83
0A82
0978
0866
074D
062D
0507
03DB
02AA
0175
003C
FEFF
FDC1
FC80
FB3E
F9FB
F8B8
F776
F635
F4F6
F3BA
F281
F14C
F01B
EEEF
EDCA
ECAB
EB93
EA83
E97C
E87D
E789
E69F
E5C0
E4ED
E426
E36C
E2C0
E222
E193
E112
E09F
E03C
DFEA
DFA8
DF78
DF59
DF4D
DF52
DF6A
DF95
DFD3
E023
E087
E0FD
E185
E220
E2CE
E38D
E45D
E53F
E631
E733
E844
E963
EA90
EBCA
ED0F
EE5F
EFB8
F11A
F283
F3F1
F564
F6D9
F851
F9C8
FB3E
FCB0
FE1F
FF87
00E8
023F
038C
04CC
05FE
0721
0833
0933
0A1F
0AF6
0BB7
0C60
0CF0
0D68
0DC4
0E05
0E2A
0E33
0E1E
0DEC
0D9C
0D2F
0CA3
0BFB
0B34
0A50
0950
0834
06FE
05AE
0446
02C6
0131
FF86
FDC9
FBFB
FA1D
F831
F63A
F439
F231
F023
EE13
EC01
E9F1
E7E4
E5DE
E3DF
E1EB
E004
DE2C
DC65
DAB0
D911
D789
D61A
D4C4
D38B
D26F
D172
D096
CFDA
CF41
CECA
CE77
CE47
CE3B
CE53
CE8F
CEEE
CF70
D015
D0DB
D1C1
D2C7
D3EB
D52B
D686
D7FA
D985
DB26
DCD9
DE9E
E072
E251
E43B
E62C
E822
EA1D
EC17
EE0F
F002
F1ED
F3CF
F5A4
F76A
F91F
FAC2
FC4F
FDC6
FF24
0068
0191
029C
0389
0457
0506
0594
0601
064D
0678
0682
066B
0635
05DF
056A
04D8
042A
0362
0280
0188
007A
FF59
FE27
FCE6
FB98
FA40
F8E1
F77C
F615
F4AE
F34A
F1EB
F094
EF48
EE09
ECDA
EBBD
EAB5
E9C4
E8EB
E82E
E78E
E70C
E6AA
E66A
E64D
E654
E680
E6D2
E74A
E7E8
E8AD
E999
EAAA
EBE1
ED3E
EEBE
F061
F227
F40C
F610
F831
FA6C
FCC1
FF2C
01AB
043B
06DB
0987
0C3C
0EF9
11B9
147B
173B
19F6
1CAA
1F53
21F0
247C
26F7
295C
2BAA
2DDE
2FF6
31EF
33C9
3581
3716
3887
39D2
3AF6
3BF3
3CC7
3D73
3DF7
3E52
3E85
3E90
3E73
3E31
3DC9
3D3C
3C8E
3BBE
3ACE
39C1
3899
3757
35FE
3491
3311
3182
2FE5
2E3F
2C90
2ADB
2924
276D
25B9
240B
2265
20CA
1F3C
1DBE
1C52
1AFA
19B7
188D
177C
1686
15AD
14F1
1454
13D7
1379
133D
1321
1327
134D
1394
13FB
1482
1528
15EB
16CB
17C6
18DB
1A09
1B4D
1CA5
1E10
1F8B
2115
22AA
2449
25EF
279A
2947
2AF4
2C9E
2E42
2FDF
3173
32F9
3472
35D9
372D
386D
3996
3AA6
3B9C
3C77
3D34
3DD4
3E54
3EB4
3EF3
3F11
3F0D
3EEA
3EA4
3E3D
3DB5
3D0B
3C41
3B58
3A50
392A
37E8
368B
3514
3386
31E1
3028
2E5C
2C7F
2A93
289B
2699
248D
227C
2066
1E4E
1C36
1A20
180E
1602
13FD
1203
1014
0E32
0C5F
0A9D
08EC
074D
05C3
044D
02ED
01A4
0071
FF56
FE52
FD67
FC93
FBD7
FB33
FAA6
FA30
F9D0
F986
F950
F92E
F91F
F921
F934
F957
F987
F9C4
FA0C
FA5D
FAB7
FB18
FB7E
FBE8
FC54
FCC1
FD2E
FD99
FE00
FE62
FEBE
FF12
FF5E
FFA0
FFD8
0003
0023
0035
0039
002E
0015
FFEC
FFB4
FF6B
FF14
FEAC
FE34
FDAE
FD18
FC73
FBC1
FB01
FA34
F95B
F877
F78B
F696
F598
F493
F388
F278
F163
F04B
EF32
EE18
ECFE
EBE7
EAD1
E9C0
E8B4
E7AD
E6AE
E5B7
E4C8
E3E3
E308
E238
E175
E0BD
E012
DF75
DEE5
DE64
DDF0
DD8B
DD34
DCEC
DCB1
DC85
DC67
DC56
DC53
DC5C
DC72
DC94
DCC1
DCFA
DD3C
DD88
DDDD
DE3B
DEA0
DF0D
DF80
DFF8
E076
E0F8
E17E
E207
E293
E320
E3AF
E43F
E4CF
E55F
E5EF
E67F
E70D
E79A
E826
E8B0
E939
E9C0
EA45
EAC8
EB4A
EBCA
EC48
ECC5
ED41
EDBD
EE38
EEB2
EF2D
EFA8
F024
F0A2
F121
F1A2
F225
F2AC
F336
F3C4
F456
F4EC
F587
F628
F6CE
F77A
F82D
F8E6
F9A7
FA6F
FB3E
FC14
FCF1
FDD5
FEC0
FFB2
00AB
01AA
02AF
03BA
04CB
05E1
06FC
081A
093D
0A63
0B8B
0CB6
0DE1
0F0D
1039
1164
128D
13B3
14D6
15F5
170E
1822
192F
1A34
1B30
1C23
1D0C
1DE9
1EBB
1F81
2039
20E3
217E
2209
2284
22EE
2347
238E
23C1
23E2
23EF
23E8
23CD
239E
2359
2300
2291
220E
2175
20C7
2005
1F2D
1E41
1D41
1C2D
1B06
19CC
187F
1721
15B2
1432
12A3
1105
0F59
0D9F
0BD9
0A07
082B
0645
0456
0260
0063
FE60
FC59
FA4F
F843
F635
F427
F21B
F011
EE0A
EC08
EA0C
E816
E629
E445
E26C
E09D
DEDB
DD27
DB81
D9EB
D866
D6F2
D590
D442
D308
D1E2
D0D2
CFD8
CEF5
CE29
CD75
CCD9
CC55
CBEA
CB98
CB5F
CB3F
CB39
CB4B
CB76
CBBA
CC15
CC89
CD14
CDB6
CE6F
CF3C
D01F
D114
D21C
D336
D461
D59C
D6E6
D83D
D9A0
DB0E
DC86
DE04
DF8A
E113
E2A0
E42F
E5BD
E749
E8D1
EA55
EBD1
ED45
EEAF
F00D
F15E
F29F
F3D1
F4F1
F5FD
F6F6
F7D8
F8A4
F958
F9F2
FA72
FAD8
FB23
FB52
FB65
FB5D
FB38
FAF6
FA99
FA1F
F98A
F8D9
F80E
F72A
F62C
F517
F3EB
F2AA
F154
EFEB
EE72
ECE9
EB52
E9AF
E803
E64E
E493
E2D4
E114
DF53
DD95
DBDA
DA26
D87B
D6DB
D547
D3C3
D250
D0F0
CFA6
CE72
CD56
CC55
CB70
CAA7
C9FE
C974
C90A
C8C3
C89D
C89B
C8BC
C901
C969
C9F6
CAA6
CB79
CC6F
CD87
CEC0
D01A
D192
D328
D4DC
D6AB
D893
DA92
DCA6
DECE
E106
E34E
E5A2
E7FF
EA65
ECCF
EF3D
F1AA
F414
F67A
F8D7
FB2B
FD72
FFA9
01D0
03E2
05DE
07C2
098C
0B3A
0CCB
0E3B
0F8B
10B9
11C3
12A8
1369
1404
1477
14C4
14EA
14E8
14C0
1471
13FC
1362
12A4
11C2
10BE
0F99
0E56
0CF5
0B78
09E1
0832
066E
0496
02AD
00B5
FEB0
FCA1
FA8A
F86E
F64E
F42F
F210
EFF6
EDE3
EBD8
E9D8
E7E5
E600
E42C
E26B
E0BD
DF24
DDA2
DC38
DAE7
D9AF
D892
D790
D6AA
D5E0
D531
D49E
D427
D3CB
D38A
D363
D355
D35F
D380
D3B7
D403
D462
D4D3
D554
D5E4
D680
D728
D7D9
D892
D950
DA11
DAD5
DB99
DC5A
DD19
DDD2
DE85
DF2F
DFCF
E064
E0ED
E168
E1D5
E232
E27E
E2BA
E2E3
E2FB
E300
E2F3
E2D3
E2A1
E25D
E208
E1A1
E12A
E0A3
E00D
DF68
DEB7
DDFA
DD33
DC63
DB8B
DAAE
D9CD
D8E9
D804
D71F
D63D
D55E
D485
D3B2
D2E8
D229
D174
D0CD
D033
CFA9
CF2F
CEC7
CE72
CE2F
CE01
CDE6
CDE1
CDF1
CE17
CE52
CEA3
CF09
CF85
D015
D0B9
D170
D23A
D316
D402
D4FD
D607
D71D
D83F
D96A
DA9E
DBD9
DD19
DE5C
DFA2
E0E8
E22D
E36F
E4AC
E5E4
E714
E83C
E959
EA6B
EB71
EC69
ED53
EE2E
EEF9
EFB5
F061
F0FB
F184
F1FC
F263
F2B9
F2FE
F334
F35B
F373
F37E
F37D
F371
F35C
F33E
F319
F2F0
F2C3
F294
F265
F238
F20E
F1EA
F1CE
F1BB
F1B2
F1B6
F1C9
F1EC
F220
F268
F2C3
F334
F3BC
F45B
F513
F5E4
F6CF
F7D5
F8F4
FA2F
FB84
FCF3
FE7D
001F
01DA
03AD
0596
0794
09A6
0BCA
0DFE
1040
128E
14E6
1746
19AB
1C13
1E7A
20E0
233F
2597
27E4
2A21
2C4E
2E67
306A
3255
3423
35D5
3765
38D4
3A1D
3B40
3C3A
3D0A
3DAF
3E26
3E6F
3E89
3E74
3E2E
3DB8
3D11
3C3B
3B34
39FF
389C
370B
354F
336A
315C
2F27
2CCF
2A56
27BF
250C
2240
1F5D
1C67
1961
164F
1333
1011
0CEC
09C9
06AA
0393
0088
FD8B
FAA1
F7CC
F510
F270
EFED
ED8C
EB4F
E938
E749
E585
E3EC
E282
E146
E03A
DF60
DEB7
DE40
DDFE
DDEE
DE10
DE63
DEE6
DF97
E076
E181
E2B6
E414
E597
E73E
E905
EAEB
ECEC
EF06
F135
F376
F5C6
F821
FA85
FCEE
FF58
01C0
0423
067E
08CC
0B0C
0D3B
0F54
1156
133E
1508
16B3
183D
19A4
1AE7
1C04
1CFA
1DC7
1E6C
1EE7
1F38
1F60
1F5D
1F32
1EDE
1E62
1DC0
1CF8
1C0D
1AFF
19D2
1886
171F
159E
1407
125B
109E
0ED2
0CFB
0B1A
0935
074C
0563
037C
019C
FFC5
FDF9
FC3C
FA91
F8F9
F778
F60F
F4C1
F390
F27E
F18B
F0BA
F00C
EF81
EF1B
EEDA
EEBE
EEC7
EEF6
EF49
EFC1
F05D
F11B
F1FA
F2F9
F416
F550
F6A3
F810
F992
FB28
FCCE
FE82
0042
020B
03D9
05AA
077A
0947
0B0F
0CCD
0E7F
1022
11B4
1331
1498
15E6
1718
182C
1920
19F3
1AA2
1B2D
1B91
1BCE
1BE2
1BCE
1B91
1B29
1A98
19DD
18FA
17EE
16B9
155E
13DD
1237
106F
0E85
0C7C
0A56
0815
05BB
034C
00C8
FE34
FB92
F8E5
F630
F375
F0B8
EDFB
EB42
E890
E5E7
E34A
E0BD
DE42
DBDB
D98C
D756
D53D
D342
D168
CFB1
CE1E
CCB0
CB6A
CA4C
C958
C88E
C7F0
C77E
C739
C720
C734
C776
C7E3
C87D
C943
CA34
CB4E
CC92
CDFD
CF8F
D146
D321
D51E
D73B
D977
DBCF
DE42
E0CD
E370
E626
E8F0
EBCA
EEB2
F1A6
F4A3
F7A9
FAB4
FDC2
00D3
03E3
06F0
09FA
0CFD
0FF9
12EC
15D4
18B0
1B7E
1E3D
20EC
238A
2615
288D
2AF0
2D3F
2F78
319A
33A5
3599
3774
3938
3AE2
3C75
3DEF
3F50
4097
41C4
42D7
43D1
44B1
4577
4623
46B5
472D
478B
47CF
47F9
4809
4800
47DC
479F
4747
46D6
464B
45A6
44E7
440E
431B
420E
40E7
3FA6
3E4B
3CD7
3B48
399E
37DB
35FF
340A
31FC
2FD6
2D98
2B43
28D7
2654
23BD
2110
1E50
1B7C
1897
15A0
129A
0F85
0C63
0935
05FD
02BC
FF74
FC26
F8D5
F582
F22F
EEDE
EB91
E84A
E50B
E1D7
DEAD
DB91
D886
D58E
D2AA
CFDF
CD2C
CA95
C81B
C5C1
C388
C172
BF81
BDB6
BC13
BA9A
B94B
B829
B733
B66B
B5D2
B569
B52F
B525
B54C
B5A4
B62C
B6E4
B7CB
B8E2
BA27
BB99
BD39
BF04
C0F9
C315
C559
C7C1
CA4D
CCF9
CFC4
D2AC
D5AE
D8C8
DBF8
DF3B
E28F
E5F0
E95D
ECD4
F050
F3D0
F751
FAD0
FE4C
01C1
052C
088D
0BE0
0F23
1254
1571
1879
1B68
1E3E
20F8
2396
2616
2878
2AB9
2CDB
2EDB
30B9
3274
340E
3584
36D7
3808
3917
3A03
3ACF
3B79
3C03
3C6D
3CBA
3CE9
3CFB
3CF3
3CD1
3C96
3C44
3BDC
3B60
3AD1
3A30
3980
38C0
37F4
371B
3639
354D
345A
3361
3262
3160
305B
2F54
2E4C
2D44
2C3D
2B38
2A35
2934
2837
273E
2649
2559
246D
2386
22A3
21C6
20ED
2019
1F49
1E7E
1DB6
1CF2
1C32
1B75
1ABA
1A01
194B
1896
17E3
1731
167F
15CF
151F
146F
13BF
130F
125F
11AF
10FF
104F
0F9F
0EEF
0E40
0D91
0CE4
0C39
0B8F
0AE8
0A44
09A3
0906
086E
07DA
074D
06C6
0644
05C9
0557
04EE
048E
0437
03EB
03AA
0374
0349
032A
0317
0310
0316
0327
0345
036F
03A5
03E7
0433
048A
04EB
0556
05C9
0644
06C6
074E
07DB
086B
08FE
0993
0A28
0ABE
0B51
0BE0
0C6A
0CED
0D67
0DD8
0E3E
0E98
0EE3
0F1F
0F4B
0F65
0F6C
0F60
0F3F
0F08
0EBA
0E55
0DD9
0D45
0C98
0BD3
0AF5
09FE
08EF
07C9
068B
0537
03CC
024D
00BB
FF16
FD61
FB9B
F9C8
F7E9
F600
F40F
F217
F01C
EE1F
EC22
EA29
E836
E64A
E469
E296
E0D1
DF1F
DD81
DBFA
DA8C
D939
D804
D6EF
D5FC
D52B
D480
D3FC
D39F
D36C
D364
D386
D3D3
D44C
D4F1
D5C4
D6C3
D7EF
D947
DAC9
DC76
DE4C
E049
E26C
E4B3
E71D
E9A6
EC4D
EF10
F1EB
F4DC
F7E0
FAF5
FE16
0141
0473
07A9
0ADE
0E11
113D
145F
1774
1A7A
1D6C
2046
2307
25AC
2833
2A98
2CDA
2EF6
30EB
32B5
3454
35C6
370A
381E
3902
39B5
3A38
3A89
3AA8
3A97
3A55
39E4
3944
3877
377D
365A
350D
339B
3203
304A
2E71
2C7B
2A6B
2843
2607
23B9
215D
1EF5
1C85
1A0F
1798
1522
12AF
1044
0DE3
0B90
094B
0719
04FD
02F7
010B
FF3A
FD87
FBF3
FA80
F92F
F800
F6F6
F610
F550
F4B5
F43F
F3EF
F3C3
F3BC
F3DA
F41B
F47C
F4FE
F59E
F65A
F732
F822
F929
FA45
FB74
FCB3
FDFF
FF57
00B8
021F
0389
04F6
0661
07C9
092B
0A85
0BD5
0D19
0E4E
0F73
1086
1186
1270
1345
1402
14A7
1533
15A5
15FE
163C
1660
166B
165B
1633
15F2
1599
152A
14A5
140C
1360
12A3
11D6
10FC
1016
0F26
0E2E
0D30
0C2F
0B2D
0A2B
092D
0834
0742
0659
057C
04AC
03EC
033D
02A0
0217
01A5
014A
0108
00DF
00D1
00DD
0106
014A
01AB
0228
02C0
0374
0442
052B
062D
0746
0876
09BB
0B14
0C7E
0DF9
0F81
1115
12B2
1457
1600
17AC
1957
1B01
1CA4
1E40
1FD0
2155
22CA
242E
257E
26B8
27DA
28E1
29CD
2A9B
2B49
2BD6
2C41
2C89
2CAC
2CAA
2C82
2C34
2BC0
2B26
2A65
297F
2873
2743
25F0
247B
22E4
212F
1F5C
1D6D
1B64
1945
1710
14C9
1271
100B
0D9A
0B21
08A2
061F
039C
011C
FEA1
FC2E
F9C5
F76A
F51F
F2E6
F0C2
EEB5
ECC1
EAE9
E92D
E791
E615
E4BB
E384
E272
E184
E0BD
E01C
DFA2
DF4F
DF23
DF1E
DF3F
DF86
DFF2
E082
E135
E20A
E2FF
E412
E543
E68E
E7F3
E96E
EAFF
ECA2
EE56
F018
F1E6
F3BC
F59A
F77C
F960
FB44
FD24
FF00
00D4
029F
045D
060E
07B0
093F
0ABC
0C23
0D74
0EAE
0FCE
10D5
11C1
1292
1347
13DF
145B
14B9
14FC
1521
152A
1518
14EB
14A3
1442
13C9
1338
1292
11D7
1109
1029
0F39
0E3B
0D30
0C1B
0AFC
09D6
08AB
077E
064F
0520
03F3
02CA
01A6
0088
FF73
FE68
FD69
FC76
FB91
FABC
F9F7
F943
F8A1
F812
F797
F72F
F6DD
F69F
F676
F662
F663
F679
F6A4
F6E2
F735
F79A
F813
F89D
F937
F9E1
FA9A
FB60
FC34
FD13
FDFD
FEF0
FFEB
00ED
01F4
02FF
040E
051E
062E
073C
0849
0952
0A56
0B55
0C4C
0D3B
0E22
0EFE
0FCF
1095
114E
11F9
1297
1327
13A7
1419
147A
14CC
150D
153E
155F
156F
156F
155F
153E
150E
14CD
147D
141D
13AF
1331
12A5
120C
1165
10B1
0FF0
0F23
0E4B
0D68
0C7A
0B83
0A82
0979
0867
074E
062E
0507
03DB
02AA
0174
003A
FEFD
FDBD
FC7B
FB38
F9F4
F8B0
F76D
F62B
F4EB
F3AD
F273
F13D
F00B
EEDF
EDB9
EC99
EB81
EA71
E96A
E86C
E778
E68F
E5B1
E4DF
E41A
E362
E2B8
E21D
E190
E112
E0A3
E044
DFF6
DFB9
DF8D
DF73
DF6B
DF76
DF92
DFC1
E003
E057
E0BE
E137
E1C2
E25F
E30E
E3CE
E49F
E580
E671
E771
E87F
E99B
EAC3
EBF8
ED37
EE80
EFD2
F12C
F28C
F3F1
F55C
F6C8
F837
F9A5
FB12
FC7C
FDE1
FF41
009A
01EA
032F
0469
0596
06B4
07C3
08C0
09AA
0A81
0B42
0BED
0C81
0CFC
0D5F
0DA7
0DD4
0DE6
0DDC
0DB5
0D72
0D12
0C95
0BFB
0B42
0A6E
097E
0872
074B
060A
04B0
033F
01B6
0018
FE66
FCA2
FACD
F8E8
F6F7
F4FA
F2F3
F0E6
EED3
ECBE
EAA8
E893
E682
E478
E276
E080
DE96
DCBC
DAF4
D93F
D7A0
D61A
D4AC
D35A
D226
D111
D01C
CF49
CE99
CE0C
CDA5
CD62
CD45
CD4E
CD7D
CDD2
CE4D
CEEC
CFB0
D097
D1A0
D2CB
D415
D57C
D700
D89E
DA54
DC20
DDFF
DFEF
E1ED
E3F7
E60A
E822
EA41
EC60
EE7C
F093
F2A2
F4A6
F69C
F882
FA55
FC12
FDB8
FF43
00B3
0205
0337
0449
0538
0604
06AB
072E
078C
07C5
07D8
07C6
0791
0737
06BC
061F
0562
0488
0391
0280
0158
001B
FECB
FD6B
FBFE
FA86
F907
F783
F5FD
F47A
F2FA
F183
F015
EEB5
ED65
EC28
EB00
E9EF
E8F8
E81C
E75F
E6C0
E642
E5E5
E5AA
E593
E59F
E5CE
E621
E697
E72F
E7E8
E8C1
E9B9
EACD
EBFD
ED45
EEA4
F018
F19D
F330
F4CF
F678
F825
F9D5
FB85
FD30
FED5
006F
01FB
0377
04E0
0632
076B
0889
0988
0A68
0B26
0BC0
0C35
0C84
0CAC
0CAC
0C84
0C34
0BBB
0B1C
0A55
0969
0859
0726
05D2
0460
02D1
0128
FF69
FD95
FBB0
F9BE
F7C2
F5BE
F3B8
F1B2
EFB0
EDB5
EBC6
E9E6
E818
E660
E4C1
E33E
E1DB
E099
DF7D
DE88
DDBC
DD1A
DCA5
DC5F
DC49
DC63
DCAE
DD2B
DDD8
DEB7
DFC7
E106
E273
E40E
E5D4
E7C3
E9D9
EC14
EE71
F0ED
F385
F636
F8FD
FBD6
FEBE
01B1
04AB
07A9
0AA7
0DA1
1094
137B
1654
191A
1BCA
1E62
20DD
233A
2576
278D
297E
2B46
2CE4
2E55
2F99
30AE
3193
3248
32CC
331E
3340
3331
32F1
3282
31E4
3119
3022
2F01
2DB7
2C47
2AB2
28FB
2724
2530
2321
20FC
1EC1
1C75
1A18
17B0
153D
12C4
1048
0DCA
0B4E
08D7
0668
0402
01A9
FF5F
FD26
FB01
F8F1
F6F9
F51A
F355
F1AD
F022
EEB6
ED6A
EC3F
EB34
EA4B
E984
E8DF
E85C
E7FB
E7BD
E7A0
E7A3
E7C6
E807
E867
E8E3
E97B
EA2C
EAF7
EBD8
ECCE
EDD9
EEF5
F021
F15C
F2A3
F3F4
F54D
F6AD
F811
F977
FADE
FC43
FDA5
FF01
0056
01A1
02E2
0416
053C
0652
0756
0848
0925
09ED
0A9F
0B3A
0BBC
0C26
0C75
0CAB
0CC6
0CC6
0CAA
0C73
0C20
0BB3
0B2A
0A86
09C8
08F0
07FF
06F5
05D4
049C
034E
01EC
0076
FEEE
FD55
FBAD
F9F7
F834
F666
F48F
F2B0
F0CB
EEE0
ECF3
EB04
E914
E727
E53D
E358
E179
DFA3
DDD6
DC14
DA5F
D8B8
D720
D598
D423
D2BF
D170
D036
CF11
CE03
CD0C
CC2D
CB66
CAB8
CA23
C9A8
C947
C901
C8D5
C8C3
C8CA
C8EB
C925
C978
C9E3
CA65
CAFF
CBAF
CC75
CD4F
CE3D
CF3F
D052
D177
D2AB
D3EF
D540
D69E
D808
D97C
DAF9
DC7E
DE0A
DF9C
E132
E2CB
E466
E602
E79D
E937
EACE
EC62
EDF1
EF7A
F0FD
F278
F3EA
F553
F6B2
F806
F94E
FA8A
FBB9
FCDA
FDEE
FEF3
FFE9
00D1
01A9
0271
032A
03D2
046B
04F4
056E
05D8
0632
067D
06B9
06E7
0707
0718
071C
0714
06FF
06DE
06B3
067D
063E
05F7
05A7
0551
04F4
0492
042C
03C2
0355
02E7
0278
020A
019C
0130
00C8
0063
0002
FFA7
FF53
FF05
FEBF
FE81
FE4D
FE22
FE01
FDEA
FDDF
FDDF
FDEB
FE03
FE28
FE59
FE97
FEE2
FF3A
FF9E
000F
008C
0115
01AA
0249
02F4
03A9
0468
0530
0601
06D9
07B8
089D
0988
0A77
0B6A
0C5F
0D56
0E4D
0F45
103A
112F
121F
130B
13F2
14D2
15AB
167B
1742
17FE
18AF
1955
19ED
1A78
1AF5
1B63
1BC1
1C10
1C4D
1C7A
1C96
1C9F
1C97
1C7D
1C51
1C12
1BC1
1B5E
1AE9
1A63
19CA
1921
1867
179C
16C1
15D7
14DF
13D9
12C6
11A6
107B
0F45
0E06
0CBE
0B6D
0A16
08B9
0758
05F2
0489
031F
01B4
0049
FEE0
FD79
FC16
FAB7
F95D
F80A
F6BE
F57B
F441
F311
F1EC
F0D3
EFC5
EEC4
EDD1
ECED
EC18
EB53
EA9D
E9F8
E964
E8E2
E870
E811
E7C3
E787
E75D
E745
E73E
E74A
E767
E796
E7D5
E826
E887
E8F8
E979
EA09
EAA8
EB55
EC10
ECD8
EDAC
EE8C
EF77
F06C
F16A
F271
F381
F497
F5B5
F6D8
F800
F92D
FA5D
FB8F
FCC4
FDFA
FF30
0066
019B
02CE
03FE
052A
0653
0777
0895
09AC
0ABD
0BC6
0CC7
0DBE
0EAC
0F90
1068
1135
11F7
12AC
1353
13EE
147A
14F7
1566
15C5
1614
1653
1682
16A1
16AE
16AA
1695
166F
1637
15ED
1592
1526
14A8
1419
1379
12C8
1207
1136
1055
0F65
0E66
0D59
0C3F
0B18
09E6
08AA
0762
0612
04B9
0358
01F1
0084
FF12
FD9E
FC26
FAAE
F936
F7BF
F64B
F4DA
F36F
F20A
F0AC
EF57
EE0C
ECCC
EB99
EA73
E95D
E856
E760
E67C
E5AB
E4EE
E446
E3B3
E339
E2D6
E28B
E258
E23E
E23C
E254
E285
E2D0
E334
E3B1
E448
E4F8
E5C1
E6A2
E79A
E8AA
E9CF
EB0A
EC5A
EDBE
EF33
F0BB
F252
F3F8
F5AC
F76C
F937
FB0A
FCE6
FEC7
00AD
0297
0483
066E
0857
0A3D
0C1C
0DF5
0FC5
118A
1344
14F0
168D
181B
1996
1B00
1C55
1D96
1EC0
1FD4
20D1
21B5
2280
2333
23CB
244A
24AF
24FA
252B
2543
2541
2526
24F3
24A9
2448
23D1
2345
22A5
21F1
212C
2057
1F72
1E7F
1D7F
1C74
1B60
1A44
1921
17F8
16CD
159F
1471
1344
1219
10F2
0FD0
0EB5
0DA1
0C97
0B96
0AA1
09B8
08DB
080D
074D
069B
05F9
0567
04E5
0473
0412
03C0
0380
034F
032D
031B
0317
0322
0339
035E
038D
03C8
040C
0458
04AC
0507
0566
05CA
0630
0697
06FF
0765
07C9
0829
0884
08D9
0928
096D
09AA
09DC
0A04
0A1F
0A2E
0A30
0A23
0A09
09E0
09A8
0962
090C
08A7
0833
07B1
0721
0683
05D8
0521
045E
0391
02BA
01DB
00F4
0007
FF15
FE20
FD29
FC31
FB3B
FA46
F956
F86B
F788
F6AD
F5DD
F519
F462
F3BA
F323
F29C
F229
F1C9
F17F
F14A
F12D
F127
F139
F164
F1A9
F207
F27F
F311
F3BD
F482
F561
F658
F767
F88D
F9CA
FB1C
FC83
FDFC
FF86
0121
02C9
047F
063F
0808
09D9
0BAE
0D87
0F61
113A
130F
14E0
16A9
1868
1A1C
1BC2
1D58
1EDD
204E
21A9
22EC
2417
2527
261B
26F1
27A8
283F
28B5
2909
293A
2948
2932
28F8
289A
2818
2771
26A6
25B7
24A5
2371
221C
20A6
1F10
1D5D
1B8C
19A1
179C
157F
134B
1104
0EAA
0C40
09C8
0745
04B7
0221
FF87
FCE9
FA4A
F7AD
F513
F27F
EFF3
ED71
EAFB
E894
E63C
E3F6
E1C3
DFA6
DD9F
DBB0
D9DA
D81F
D67F
D4FB
D395
D24C
D121
D014
CF27
CE58
CDA8
CD16
CCA2
CC4C
CC14
CBF7
CBF7
CC11
CC44
CC90
CCF4
CD6D
CDFB
CE9A
CF4B
D00C
D0DB
D1B6
D29D
D38C
D484
D581
D681
D785
D889
D98C
DA8C
DB88
DC7E
DD6D
DE54
DF31
E002
E0C7
E17F
E229
E2C3
E34E
E3C7
E430
E486
E4CB
E4FD
E51D
E52A
E525
E50D
E4E4
E4A8
E45B
E3FE
E390
E313
E288
E1EE
E149
E097
DFDB
DF16
DE49
DD75
DC9B
DBBD
DADD
D9FB
D918
D837
D759
D67F
D5AA
D4DB
D415
D358
D2A6
D1FF
D165
D0D9
D05C
CFEF
CF92
CF47
CF0E
CEE9
CED7
CED9
CEF0
CF1C
CF5E
CFB5
D021
D0A3
D13B
D1E8
D2AA
D382
D46D
D56D
D680
D7A6
D8DE
DA28
DB82
DCEC
DE65
DFEB
E17E
E31C
E4C5
E677
E82F
E9EF
EBB3
ED7C
EF48
F115
F2E2
F4AF
F678
F83E
F9FF
FBB8
FD6A
FF13
00B2
0244
03CA
0542
06AB
0803
094B
0A80
0BA2
0CB0
0DAA
0E8E
0F5C
1013
10B4
113D
11AE
1207
1247
126E
127E
1275
1254
121B
11CA
1163
10E5
1050
0FA7
0EE8
0E16
0D31
0C3A
0B31
0A19
08F2
07BE
067D
0531
03DB
027D
0119
FFAE
FE40
FCD0
FB5E
F9ED
F87E
F713
F5AD
F44C
F2F3
F1A3
F05F
EF27
EDFC
ECE1
EBD6
EADD
E9F7
E925
E867
E7BF
E72F
E6B5
E654
E60C
E5DE
E5C9
E5CE
E5EE
E628
E67D
E6EB
E775
E818
E8D4
E9A9
EA97
EB9B
ECB7
EDE8
EF2E
F087
F1F2
F36F
F4FA
F694
F83A
F9EA
FBA4
FD65
FF2B
00F5
02C1
048C
0656
081C
09DC
0B94
0D42
0EE5
107A
1201
1376
14D9
1627
1760
1881
198A
1A78
1B4C
1C03
1C9E
1D1A
1D77
1DB5
1DD3
1DD1
1DAF
1D6C
1D09
1C87
1BE5
1B24
1A44
1948
182F
16FA
15AB
1444
12C5
1130
0F88
0DCD
0C02
0A28
0842
0652
045A
025C
005A
FE57
FC55
FA56
F85C
F66A
F481
F2A5
F0D7
EF1A
ED6F
EBD9
EA5A
E8F3
E7A6
E674
E55F
E468
E391
E2DA
E244
E1D0
E17F
E151
E145
E15D
E198
E1F7
E277
E31A
E3DE
E4C3
E5C8
E6EA
E82A
E986
EAFC
EC8B
EE31
EFED
F1BB
F39B
F589
F785
F98C
FB9B
FDB0
FFCA
01E6
0401
061A
082E
0A3B
0C3F
0E38
1024
1202
13CE
1588
172E
18BE
1A37
1B99
1CE0
1E0E
1F20
2016
20F0
21AD
224E
22D0
2336
237E
23A8
23B7
23A9
2380
233D
22E0
226B
21DF
213D
2087
1FBE
1EE3
1DF9
1D01
1BFC
1AEE
19D6
18B8
1794
166E
1546
141E
12F9
11D7
10BB
0FA6
0E9A
0D98
0CA2
0BB8
0ADC
0A0F
0952
08A4
0808
077E
0706
06A0
064C
060B
05DD
05C1
05B8
05BF
05D8
0602
063B
0683
06D8
073B
07AA
0823
08A5
0930
09C2
0A59
0AF4
0B92
0C31
0CD0
0D6F
0E0A
0EA2
0F34
0FBF
1043
10BE
1130
1196
11F1
1240
1283
12B8
12DF
12F8
1304
1301
12F0
12D2
12A6
126C
1226
11D5
1177
1110
109E
1025
0FA4
0F1C
0E8F
0DFF
0D6C
0CD7
0C43
0BB0
0B1F
0A93
0A0D
098E
0917
08AA
0847
07F1
07A9
076F
0744
0729
0720
0729
0744
0773
07B5
080A
0874
08F1
0982
0A26
0ADE
0BA8
0C85
0D72
0E70
0F7E
109A
11C2
12F6
1435
157C
16CC
1821
197A
1AD6
1C33
1D8F
1EE8
203D
218C
22D2
240E
253F
2662
2777
287B
296D
2A4C
2B15
2BC9
2C66
2CEB
2D57
2DA9
2DE1
2DFE
2DFF
2DE6
2DB1
2D5F
2CF2
2C6B
2BC9
2B0D
2A38
294C
2848
272F
2601
24C0
236E
220B
209B
1F1E
1D97
1C07
1A70
18D4
1736
1596
13F8
125D
10C7
0F38
0DB2
0C37
0AC8
0967
0816
06D7
05A9
0492
038F
02A2
01CC
010E
0068
FFDA
FF65
FF0A
FEC7
FE9D
FE8C
FE92
FEB0
FEE5
FF30
FF8F
0002
0087
011D
01C2
0276
0336
0400
04D3
05AE
068D
0770
0854
0937
0A19
0AF6
0BCD
0C9C
0D62
0E1D
0ECC
0F6D
0FFE
107E
10ED
1149
1191
11C4
11E3
11EC
11DF
11BC
1182
1133
10CE
1054
0FC5
0F22
0E6C
0DA4
0CCB
0BE3
0AEC
09E8
08D9
07C1
06A0
057A
044F
0323
01F6
00CA
FFA2
FE80
FD65
FC53
FB4D
FA54
F969
F88F
F7C7
F712
F672
F5E8
F575
F51B
F4D9
F4B1
F4A2
F4AF
F4D6
F518
F574
F5EB
F67B
F725
F7E7
F8C1
F9B1
FAB6
FBD0
FCFD
FE3A
FF87
00E0
0245
03B3
0529
06A3
0821
099F
0B1C
0C95
0E08
0F73
10D4
1229
1370
14A6
15CA
16DA
17D5
18B8
1983
1A34
1ACA
1B44
1BA1
1BE1
1C03
1C06
1BEB
1BAF
1B55
1ADC
1A47
1995
18C8
17E0
16DF
15C7
1498
1355
11FF
1099
0F25
0DA4
0C19
0A86
08EE
0753
05B8
041E
0289
00FB
FF76
FDFD
FC91
FB36
F9EE
F8BA
F79D
F698
F5AD
F4DC
F429
F394
F31E
F2C8
F294
F281
F290
F2C1
F313
F388
F41E
F4D4
F5AA
F6A0
F7B2
F8E2
FA2C
FB8F
FD0A
FE9A
003D
01F2
03B5
0585
075F
0941
0B28
0D12
0EFC
10E3
12C5
14A0
1672
1837
19EE
1B94
1D28
1EA6
200E
215E
2293
23AE
24AC
258C
264E
26F1
2774
27D7
281B
283F
2843
2828
27EF
2798
2725
2697
25F0
2530
245A
236F
2272
2164
2048
1F20
1DEF
1CB6
1B79
1A3A
18FA
17BE
1686
1557
1431
1317
120C
1111
1029
0F55
0E97
0DF1
0D64
0CF1
0C9A
0C5E
0C40
0C3F
0C5B
0C96
0CEE
0D63
0DF4
0EA2
0F6A
104D
1147
125A
1381
14BC
1608
1763
18CB
1A3E
1BB8
1D38
1EBA
203C
21BB
2333
24A3
2607
275D
28A1
29D1
2AEB
2BEB
2CCF
2D96
2E3C
2EBF
2F1F
2F58
2F6A
2F53
2F13
2EA8
2E11
2D4E
2C5F
2B43
29FC
288A
26EE
2528
233B
2126
1EED
1C90
1A13
1776
14BE
11EB
0F02
0C04
08F6
05DA
02B3
FF84
FC52
F920
F5F0
F2C6
EFA7
EC94
E993
E6A5
E3CE
E111
DE71
DBF1
D994
D75D
D54D
D367
D1AC
D01E
CEBF
CD90
CC91
CBC4
CB28
CABF
CA88
CA82
CAAE
CB0A
CB96
CC4F
CD35
CE46
CF7F
D0DF
D263
D409
D5CE
D7B0
D9AA
DBBB
DDDE
E011
E251
E49A
E6E9
E93B
EB8C
EDD9
F01E
F259
F487
F6A4
F8AE
FAA2
FC7E
FE3F
FFE3
0168
02CD
0410
0530
062B
0701
07B2
083C
08A1
08E0
08F9
08EE
08BF
086E
07FB
0769
06B9
05EE
0509
040C
02FA
01D7
00A4
FF65
FE1D
FCCF
FB7D
FA2B
F8DD
F795
F656
F524
F401
F2F0
F1F5
F112
F04A
EF9F
EF13
EEA9
EE62
EE40
EE44
EE71
EEC6
EF46
EFEF
F0C4
F1C3
F2EC
F440
F5BE
F765
F933
FB27
FD3F
FF7A
01D4
044D
06E1
098E
0C51
0F27
120D
14FF
17FA
1AFC
1DFF
2101
23FF
26F4
29DD
2CB7
2F7D
322E
34C5
373F
3999
3BD0
3DE1
3FCB
4189
431A
447B
45AC
46A9
4773
4809
4868
4892
4885
4841
47C6
4716
4631
4517
43C9
424A
409B
3EBE
3CB4
3A81
3826
35A6
3304
3043
2D66
2A70
2765
2446
2119
1DE1
1AA0
175A
1413
10CC
0D8C
0A53
0726
0408
00FB
FE02
FB20
F858
F5AC
F31E
F0AF
EE63
EC39
EA34
E855
E69C
E50B
E3A1
E25F
E146
E054
DF8A
DEE6
DE68
DE10
DDDB
DDC8
DDD7
DE04
DE4F
DEB6
DF36
DFCD
E079
E138
E208
E2E5
E3CE
E4C0
E5B9
E6B6
E7B5
E8B3
E9AF
EAA5
EB95
EC7C
ED58
EE27
EEE8
EF99
F039
F0C7
F142
F1A9
F1FB
F238
F25F
F271
F26D
F253
F225
F1E2
F18A
F11F
F0A1
F013
EF76
EEC9
EE10
ED4C
EC7E
EBA7
EACB
E9EA
E905
E820
E73C
E65B
E57E
E4A7
E3D8
E313
E258
E1AB
E10B
E07B
DFFB
DF8C
DF30
DEE8
DEB3
DE92
DE87
DE90
DEAE
DEE1
DF28
DF84
DFF4
E076
E10B
E1B1
E267
E32B
E3FE
E4DB
E5C4
E6B5
E7AD
E8AA
E9AA
EAAC
EBAD
ECAC
EDA7
EE9B
EF87
F069
F13F
F207
F2C0
F368
F3FE
F480
F4ED
F544
F584
F5AC
F5BC
F5B2
F58F
F553
F4FD
F48D
F403
F361
F2A6
F1D3
F0EA
EFEB
EED7
EDB1
EC78
EB30
E9D9
E877
E709
E594
E418
E298
E116
DF95
DE17
DC9F
DB2D
D9C6
D86B
D71F
D5E5
D4BE
D3AC
D2B0
D1CE
D106
D059
CFCB
CF5B
CF0B
CEDC
CECF
CEE4
CF1C
CF78
CFF6
D097
D15C
D242
D34A
D472
D5BA
D720
D8A3
DA42
DBF9
DDC8
DFAD
E1A5
E3AE
E5C5
E7E8
EA16
EC4A
EE82
F0BB
F2F2
F526
F752
F974
FB8A
FD91
FF86
0167
0332
04E4
067A
07F4
094F
0A8A
0BA3
0C98
0D6A
0E15
0E9B
0EFA
0F32
0F42
0F2C
0EEF
0E8B
0E02
0D55
0C84
0B90
0A7C
0949
07F9
068D
0509
036E
01BF
FFFE
FE2E
FC52
FA6C
F880
F690
F49F
F2B1
F0C8
EEE7
ED11
EB4A
E993
E7EF
E662
E4ED
E393
E256
E139
E03D
DF64
DEB0
DE22
DDBC
DD7D
DD69
DD7D
DDBD
DE26
DEBA
DF79
E061
E173
E2AC
E40D
E594
E740
E90E
EAFE
ED0C
EF38
F17E
F3DD
F651
F8D8
FB70
FE15
00C5
037C
0637
08F5
0BB1
0E68
1117
13BC
1654
18D9
1B4A
1DA6
1FE9
2212
241E
260A
27D4
297C
2AFE
2C59
2D8D
2E97
2F77
302B
30B5
3112
3142
3147
311F
30CB
304D
2FA4
2ED2
2DD8
2CB6
2B70
2A06
287A
26CF
2506
2321
2123
1F0F
1CE6
1AAC
1863
160D
13AF
1149
0EE0
0C75
0A0B
07A6
0547
02F1
00A7
FE6B
FC40
FA27
F822
F635
F460
F2A5
F105
EF83
EE1F
ECDB
EBB6
EAB3
E9D2
E913
E876
E7FB
E7A5
E770
E75D
E76B
E799
E7E7
E853
E8DD
E982
EA42
EB1C
EC0C
ED13
EE2D
EF59
F096
F1E1
F337
F498
F601
F76F
F8E1
FA55
FBC7
FD37
FEA3
0007
0162
02B3
03F7
052D
0652
0767
0868
0954
0A2B
0AEA
0B91
0C1E
0C91
0CE9
0D26
0D46
0D4A
0D31
0CFC
0CA9
0C3A
0BAF
0B08
0A45
0967
086F
075D
0634
04F2
039B
022E
00AE
FF1B
FD77
FBC3
FA02
F834
F65C
F47C
F294
F0A6
EEB4
ECBF
EAC9
E8D5
E6E3
E4F5
E30D
E12C
DF54
DD86
DBC5
DA11
D86B
D6D6
D551
D3DF
D280
D135
D000
CEE0
CDD8
CCE7
CC0E
CB4D
CAA6
CA17
C9A2
C947
C907
C8E0
C8D3
C8DF
C905
C943
C99A
CA08
CA8E
CB2A
CBDC
CCA3
CD7F
CE6E
CF6F
D083
D1A6
D2DA
D41C
D56B
D6C7
D82E
D99F
DB19
DC9B
DE23
DFB1
E143
E2D8
E46E
E606
E79D
E935
EACA
EC5C
EDE9
EF70
F0F1
F26B
F3DB
F543
F6A1
F7F4
F93B
FA77
FBA5
FCC6
FDDA
FEDF
FFD6
00BE
0197
0260
031A
03C4
045E
04E9
0564
05CF
062B
0678
06B6
06E5
0707
071B
0721
071B
0708
06EA
06C1
068E
0651
060B
05BD
0568
050C
04AB
0446
03DC
0370
0302
0293
0224
01B5
0149
00DF
0078
0016
FFB9
FF62
FF12
FECA
FE8A
FE52
FE24
FE01
FDE6
FDD6
FDD2
FDDA
FDEE
FE0F
FE3C
FE76
FEBD
FF11
FF72
FFE0
005B
00E2
0175
0213
02BE
0373
0432
04FB
05CD
06A7
0789
0871
0960
0A53
0B4B
0C45
0D42
0E40
0F3E
103A
1135
122C
131F
140C
14F3
15D2
16A8
1775
1838
18EE
1999
1A36
1AC5
1B45
1BB5
1C16
1C65
1CA3
1CCF
1CEA
1CF1
1CE6
1CC8
1C96
1C52
1BFA
1B8F
1B12
1A82
19E0
192C
1867
1790
16AA
15B4
14B0
139E
127E
1153
101C
0EDB
0D91
0C3F
0AE6
0986
0822
06BA
0550
03E4
0278
010D
FFA4
FE3E
FCDC
FB80
FA2A
F8DB
F795
F658
F526
F3FE
F2E3
F1D4
F0D3
EFE0
EEFB
EE26
ED61
ECAB
EC06
EB71
EAED
EA79
EA15
E9C2
E980
E94D
E92A
E916
E912
E91B
E933
E957
E989
E9C6
EA0E
EA60
EABC
EB21
EB8E
EC01
EC7B
ECFA
ED7D
EE03
EE8C
EF17
EFA2
F02D
F0B6
F13E
F1C3
F245
F2C3
F33C
F3AF
F41D
F484
F4E4
F53D
F58D
F5D6
F616
F64E
F67C
F6A2
F6BE
F6D1
F6DC
F6DD
F6D4
F6C3
F6AA
F687
F65C
F62A
F5EF
F5AD
F562
F510
F4B8
F45A
F3F6
F38D
F31F
F2AC
F236
F1BC
F13F
F0BF
F03D
EFB9
EF33
EEAD
EE26
ED9E
ED17
EC90
EC0A
EB85
EB01
EA7F
E9FE
E980
E904
E88A
E813
E79F
E72D
E6BF
E654
E5ED
E588
E527
E4C9
E46E
E416
E3C2
E370
E322
E2D6
E28E
E248
E204
E1C4
E185
E14A
E110
E0D8
E0A3
E070
E03E
E00F
DFE1
DFB5
DF8A
DF62
DF3A
DF15
DEF1
DECF
DEAE
DE90
DE73
DE58
DE3F
DE28
DE13
DE01
DDF1
DDE3
DDD9
DDD2
DDCF
DDCF
DDD4
DDDD
DDEB
DDFE
DE16
DE35
DE5A
DE86
DEB9
DEF3
DF35
DF7F
DFD2
E02E
E093
E101
E17A
E1FC
E289
E321
E3C3
E470
E528
E5EC
E6BA
E794
E879
E96A
EA65
EB6C
EC7D
ED9A
EEC1
EFF2
F12E
F273
F3C1
F519
F679
F7E1
F950
FAC7
FC43
FDC6
FF4E
00DB
026B
03FF
0595
072D
08C6
0A60
0BF9
0D92
0F29
10BE
124F
13DC
1564
16E6
1863
19D9
1B47
1CAD
1E0A
1F5E
20A8
21E7
231C
2445
2563
2674
2779
2872
295D
2A3B
2B0C
2BCF
2C85
2D2C
2DC6
2E53
2ED1
2F42
2FA6
2FFC
3045
3081
30AF
30D1
30E6
30EE
30EA
30DA
30BD
3095
3062
3022
2FD8
2F83
2F22
2EB7
2E41
2DC0
2D35
2CA0
2C00
2B55
2AA0
29E1
2918
2843
2765
267B
2587
2488
237E
2268
2148
201D
1EE6
1DA4
1C56
1AFD
1998
1827
16AB
1524
1391
11F2
1048
0E93
0CD3
0B09
0935
0757
056F
037F
0186
FF87
FD80
FB73
F961
F74B
F532
F316
F0FA
EEDC
ECC0
EAA6
E890
E680
E477
E276
E07F
DE93
DCB4
DAE3
D923
D774
D5D8
D451
D2E0
D187
D047
CF22
CE19
CD2D
CC5F
CBB1
CB24
CAB9
CA70
CA4A
CA49
CA6C
CAB5
CB23
CBB6
CC6F
CD4D
CE50
CF78
D0C5
D235
D3C9
D57E
D755
D94C
DB61
DD93
DFE1
E249
E4C9
E75E
EA08
ECC4
EF90
F269
F54D
F83A
FB2D
FE23
011B
0410
0702
09ED
0CCE
0FA4
126B
1520
17C2
1A4E
1CC2
1F1B
2158
2375
2572
274D
2904
2A95
2BFF
2D41
2E5A
2F49
300D
30A6
3113
3154
316A
3155
3114
30A8
3013
2F54
2E6E
2D61
2C2F
2ADA
2962
27CB
2615
2444
2258
2056
1E3E
1C14
19DA
1793
1541
12E8
1089
0E29
0BC9
096C
0716
04C8
0285
0051
FE2E
FC1D
FA21
F83E
F673
F4C5
F334
F1C2
F071
EF42
EE37
ED50
EC8E
EBF2
EB7D
EB2F
EB08
EB08
EB30
EB7D
EBF1
EC89
ED46
EE25
EF27
F049
F18A
F2E8
F462
F5F5
F79F
F95F
FB33
FD16
FF09
0107
030F
051E
0731
0946
0B5A
0D6C
0F77
117A
1373
155E
173A
1905
1ABE
1C61
1DEC
1F5E
20B5
21EF
230A
2406
24E2
259B
2633
26A6
26F7
2723
272A
270E
26CD
2668
25E0
2534
2467
2378
2268
213A
1FED
1E84
1CFF
1B61
19AC
17E0
1600
140E
120D
0FFD
0DE1
0BBC
098E
075A
0522
02E8
00AF
FE78
FC46
FA19
F7F5
F5DB
F3CD
F1CD
EFDC
EDFB
EC2D
EA72
E8CB
E73B
E5C1
E460
E316
E1E6
E0CF
DFD3
DEF1
DE29
DD7C
DCEA
DC71
DC12
DBCD
DBA2
DB8F
DB94
DBB0
DBE3
DC2C
DC89
DCF9
DD7C
DE11
DEB6
DF69
E02B
E0F9
E1D2
E2B5
E3A1
E495
E58E
E68D
E78F
E894
E99B
EAA2
EBA8
ECAC
EDAE
EEAD
EFA7
F09A
F188
F270
F351
F42A
F4FC
F5C6
F687
F73F
F7EF
F896
F934
F9C9
FA56
FADA
FB55
FBC9
FC35
FC99
FCF7
FD4E
FD9F
FDEB
FE31
FE74
FEB3
FEEE
FF28
FF5F
FF95
FFCA
0000
0036
006D
00A6
00E2
0121
0164
01AA
01F5
0245
029A
02F4
0354
03BB
0427
049A
0513
0593
0619
06A5
0737
07D0
086F
0913
09BD
0A6B
0B1F
0BD7
0C93
0D52
0E14
0ED9
0FA0
1069
1133
11FD
12C7
1390
1458
151E
15E1
16A1
175E
1816
18C9
1977
1A20
1AC2
1B5D
1BF1
1C7D
1D01
1D7D
1DF0
1E5A
1EBB
1F13
1F60
1FA4
1FDF
200F
2035
2051
2063
206B
206A
2060
204C
202F
2008
1FD9
1FA0
1F5F
1F17
1EC6
1E6E
1E0F
1DAA
1D3E
1CCD
1C57
1BDD
1B5E
1ADC
1A56
19CE
1944
18B8
182B
179E
1710
1683
15F7
156C
14E2
145B
13D6
1354
12D6
125B
11E4
1172
1104
109A
1035
0FD5
0F7B
0F25
0ED5
0E8A
0E44
0E03
0DC7
0D91
0D5F
0D32
0D0A
0CE6
0CC5
0CA9
0C91
0C7B
0C68
0C58
0C4A
0C3E
0C33
0C2A
0C20
0C17
0C0E
0C05
0BFA
0BED
0BDF
0BCE
0BBA
0BA2
0B86
0B66
0B40
0B15
0AE4
0AAD
0A6F
0A29
09DC
0987
092A
08C3
0854
07DC
075A
06CE
0639
059A
04F1
043D
0380
02B9
01E8
010E
002B
FF3E
FE49
FD4B
FC44
FB36
FA20
F903
F7DF
F6B6
F588
F455
F31E
F1E5
F0A9
EF6B
EE2D
ECEF
EBB2
EA77
E940
E80C
E6DD
E5B3
E491
E376
E264
E15C
E05E
DF6B
DE85
DDAC
DCE1
DC25
DB78
DADD
DA52
D9D9
D973
D920
D8E0
D8B4
D89C
D899
D8AB
D8D1
D90D
D95E
D9C4
DA3F
DACF
DB73
DC2B
DCF8
DDD7
DEC9
DFCE
E0E4
E20B
E341
E487
E5DB
E73C
E8A8
EA20
EBA1
ED2C
EEBE
F056
F1F3
F394
F538
F6DC
F881
FA24
FBC4
FD60
FEF6
0086
020D
038B
04FF
0666
07C1
090D
0A4B
0B78
0C94
0D9E
0E96
0F79
1049
1103
11A8
1238
12B0
1312
135E
1392
13AF
13B5
13A4
137C
133E
12EA
1281
1202
116F
10C9
1010
0F45
0E68
0D7C
0C80
0B76
0A60
093D
0810
06D9
059A
0454
0309
01B9
0065
FF10
FDBA
FC65
FB12
F9C1
F875
F72E
F5ED
F4B4
F383
F25C
F13F
F02E
EF28
EE30
ED45
EC68
EB99
EADA
EA2B
E98C
E8FD
E87E
E810
E7B3
E767
E72C
E701
E6E6
E6DC
E6E1
E6F7
E71B
E74E
E78F
E7DD
E839
E8A1
E914
E993
EA1B
EAAE
EB49
EBEC
EC96
ED46
EDFC
EEB7
EF76
F038
F0FD
F1C3
F28A
F351
F417
F4DC
F5A0
F660
F71D
F7D7
F88B
F93B
F9E6
FA8B
FB29
FBC0
FC51
FCD9
FD5A
FDD2
FE43
FEAB
FF0B
FF61
FFAF
FFF5
0031
0064
008E
00AF
00C8
00D7
00DD
00DB
00D0
00BD
00A1
007C
004F
001B
FFDE
FF9A
FF4E
FEFA
FE9F
FE3D
FDD4
FD64
FCED
FC70
FBEC
FB62
FAD2
FA3D
F9A1
F901
F85B
F7AF
F6FF
F64A
F591
F4D2
F410
F349
F27E
F1B0
F0DE
F009
EF30
EE55
ED77
EC97
EBB5
EAD1
E9EC
E906
E81F
E738
E651
E56A
E485
E3A0
E2BD
E1DC
E0FE
E024
DF4D
DE7B
DDAD
DCE5
DC23
DB67
DAB3
DA05
D960
D8C3
D82F
D7A5
D724
D6AE
D643
D5E2
D58D
D544
D507
D4D6
D4B2
D49B
D490
D493
D4A2
D4BF
D4E9
D51F
D561
D5B1
D60D
D675
D6E9
D768
D7F3
D889
D928
D9D2
DA84
DB3F
DC02
DCCC
DD9D
DE73
DF4F
E02F
E112
E1F9
E2E1
E3CA
E4B4
E59D
E686
E76C
E84F
E930
EA0B
EAE3
EBB4
EC80
ED45
EE03
EEB9
EF67
F00C
F0A9
F13D
F1C7
F248
F2C0
F32E
F392
F3ED
F43E
F487
F4C6
F4FE
F52C
F554
F573
F58D
F5A0
F5AD
F5B6
F5BB
F5BC
F5BB
F5B8
F5B4
F5B0
F5AD
F5AC
F5AD
F5B1
F5BA
F5C7
F5DA
F5F3
F614
F63C
F66D
F6A7
F6EB
F739
F792
F7F6
F866
F8E2
F96B
F9FF
FAA0
FB4E
FC08
FCCF
FDA1
FE80
FF6A
0060
0160
026B
037F
049C
05C1
06EE
0821
095A
0A97
0BD8
0D1B
0E60
0FA6
10EA
122E
136E
14AA
15E1
1712
183C
195D
1A75
1B83
1C85
1D7B
1E64
1F3F
200B
20C8
2175
2211
229B
2315
237C
23D1
2413
2443
245F
2469
2460
2445
2418
23DA
238B
232A
22BA
223B
21AD
2111
2068
1FB4
1EF4
1E29
1D56
1C7B
1B99
1AB0
19C3
18D3
17E0
16EB
15F7
1503
1411
1322
1237
1151
1071
0F98
0EC6
0DFC
0D3B
0C84
0BD8
0B36
0AA0
0A16
0998
0926
08C1
0868
081C
07DD
07AA
0783
0768
0759
0755
075B
076B
0785
07A8
07D2
0804
083B
0879
08BB
0900
0948
0992
09DD
0A28
0A71
0AB9
0AFD
0B3C
0B77
0BAB
0BD9
0BFF
0C1D
0C31
0C3B
0C3B
0C30
0C1A
0BF8
0BC9
0B8E
0B46
0AF2
0A90
0A22
09A8
0920
088D
07EE
0743
068E
05CE
0504
0432
0357
0276
018F
00A2
FFB1
FEBB
FDC3
FCCA
FBCF
FAD5
F9DC
F8E5
F7F2
F703
F61A
F537
F45B
F388
F2BE
F1FE
F149
F09F
F002
EF73
EEF0
EE7C
EE17
EDC1
ED7A
ED44
ED1D
ED06
ECFF
ED09
ED23
ED4D
ED87
EDD1
EE29
EE91
EF06
EF8A
F01A
F0B7
F160
F215
F2D4
F39C
F46D
F546
F626
F70C
F7F8
F8E7
F9DB
FAD0
FBC7
FCBE
FDB5
FEAB
FF9E
008F
017B
0263
0345
0420
04F5
05C2
0686
0741
07F3
089B
0938
09CB
0A52
0ACE
0B3E
0BA3
0BFC
0C48
0C89
0CBF
0CE8
0D06
0D18
0D20
0D1C
0D0E
0CF6
0CD4
0CA9
0C75
0C38
0BF4
0BA8
0B56
0AFD
0AA0
0A3F
09D9
096F
0901
0890
081E
07A9
0733
06BD
0647
05D0
055B
04E7
0475
0405
0397
032D
02C5
0261
0202
01A6
014F
00FC
00AE
0065
0021
FFE2
FFA8
FF74
FF45
FF1B
FEF7
FED9
FEBF
FEAA
FE9B
FE90
FE8B
FE8A
FE8D
FE95
FEA2
FEB2
FEC7
FEE0
FEFC
FF1C
FF40
FF67
FF91
FFBE
FFEE
0021
0057
008F
00C9
0105
0144
0184
01C7
020B
0250
0297
02E0
032A
0375
03C1
040D
045B
04A9
04F7
0545
0594
05E3
0632
0680
06CF
071C
0769
07B6
0802
084C
0896
08DF
0926
096C
09B0
09F3
0A34
0A73
0AB1
0AED
0B27
0B5F
0B95
0BCB
0BFF
0C31
0C62
0C90
0CBE
0CE9
0D14
0D3C
0D64
0D8A
0DB0
0DD5
0DF9
0E1D
0E40
0E63
0E87
0EAB
0ED0
0EF6
0F1D
0F45
0F6F
0F9B
0FCA
0FFB
102E
1065
109F
10DD
111E
1163
11AD
11FA
124D
12A3
12FF
135E
13C3
142C
1499
150A
157F
15F8
1674
16F3
1775
17F9
187E
1905
198C
1A13
1A99
1B1E
1BA1
1C20
1C9C
1D12
1D84
1DEE
1E52
1EAC
1EFE
1F46
1F82
1FB3
1FD6
1FEB
1FF1
1FE8
1FCD
1FA1
1F62
1F10
1EA9
1E2E
1D9E
1CF7
1C3B
1B67
1A7C
197A
1860
172F
15E6
1485
130E
117F
0FDA
0E1E
0C4E
0A69
0870
0665
0448
0219
FFDB
FD90
FB38
F8D5
F66A
F3F7
F17E
EF02
EC84
EA06
E78B
E514
E2A4
E03D
DDE0
DB90
D950
D721
D505
D2FF
D110
CF3B
CD81
CBE4
CA66
C909
C7CE
C6B6
C5C4
C4F7
C452
C3D2
C37C
C34E
C34B
C371
C3C2
C43D
C4E2
C5B1
C6A9
C7CA
C913
CA82
CC16
CDCF
CFAA
D1A7
D3C2
D5FB
D850
DABD
DD41
DFDA
E285
E53E
E805
EAD6
EDAE
F08A
F368
F645
F91E
FBEF
FEB7
0172
041E
06B8
093D
0BAC
0E01
103B
1257
1453
162E
17E5
1978
1AE4
1C28
1D45
1E37
1F00
1F9E
2011
2059
2077
206A
2032
1FD1
1F48
1E97
1DC0
1CC4
1BA4
1A63
1902
1782
15E7
1433
1267
1087
0E95
0C93
0A85
086C
064C
0427
0201
FFDB
FDBA
FB9E
F98C
F786
F58E
F3A6
F1D1
F012
EE6A
ECDC
EB68
EA12
E8DA
E7C2
E6CB
E5F6
E544
E4B5
E44A
E403
E3E0
E3E2
E407
E451
E4BD
E54B
E5FB
E6CB
E7B9
E8C4
E9EB
EB2B
EC83
EDF1
EF73
F106
F2A9
F457
F611
F7D2
F998
FB61
FD2A
FEF1
00B3
026D
041E
05C2
0757
08DB
0A4B
0BA6
0CEA
0E14
0F23
1017
10EC
11A2
1238
12AD
1301
1331
133F
132A
12F1
1295
1216
1175
10B1
0FCD
0EC8
0DA4
0C62
0B03
0988
07F5
0649
0486
02B0
00C7
FECE
FCC6
FAB1
F893
F66C
F440
F210
EFDF
EDAF
EB81
E959
E737
E51F
E312
E111
DF1F
DD3D
DB6C
D9AE
D805
D671
D4F3
D38C
D23E
D108
CFEC
CEE9
CDFF
CD30
CC7A
CBDE
CB5B
CAF0
CA9E
CA64
CA40
CA32
CA39
CA54
CA82
CAC1
CB10
CB6F
CBDB
CC53
CCD5
CD61
CDF5
CE8F
CF2E
CFD0
D075
D11A
D1BF
D262
D302
D39F
D436
D4C8
D552
D5D5
D651
D6C3
D72C
D78C
D7E3
D82F
D872
D8AB
D8DB
D902
D920
D937
D946
D94E
D950
D94E
D947
D93D
D932
D925
D919
D90F
D907
D904
D906
D90E
D91F
D939
D95D
D98E
D9CB
DA17
DA71
DADC
DB59
DBE7
DC89
DD3E
DE08
DEE7
DFDB
E0E6
E206
E33D
E48A
E5EE
E767
E8F7
EA9B
EC55
EE22
F003
F1F6
F3FB
F611
F836
FA69
FCA9
FEF5
014B
03A9
060F
087A
0AE9
0D5A
0FCC
123D
14AC
1716
197A
1BD8
1E2C
2076
22B3
24E2
2702
2912
2B10
2CFB
2ED1
3092
323D
33D0
354C
36AF
37F8
3927
3A3C
3B37
3C17
3CDB
3D85
3E14
3E88
3EE2
3F22
3F49
3F56
3F4B
3F28
3EEF
3EA2
3E3F
3DC9
3D3F
3CA2
3BF5
3B37
3A6A
3990
38A8
37B5
36B8
35B2
34A3
338D
3272
3152
302E
2F07
2DDF
2CB6
2B8D
2A65
293F
281B
26FA
25DD
24C5
23B1
22A3
219A
2097
1F9A
1EA4
1DB5
1CCC
1BEB
1B10
1A3C
196F
18A9
17E9
1730
167E
15D2
152C
148C
13F2
135D
12CE
1244
11BF
113F
10C3
104C
0FD9
0F6A
0F00
0E9A
0E38
0DD9
0D7F
0D29
0CD8
0C88
0C3C
0BF6
0BB3
0B76
0B3E
0B0B
0ADE
0AB6
0A95
0A7B
0A67
0A5A
0A55
0A58
0A62
0A75
0A91
0AB6
0AE4
0B1B
0B5B
0BA6
0BFA
0C59
0CC1
0D33
0DAF
0E35
0EC5
0F5F
1001
10AD
1161
121D
12E0
13AB
147D
1555
1632
1714
17FA
18E3
19CF
1ABD
1BAC
1C9A
1D88
1E74
1F5D
2042
2122
21FD
22D1
239E
2462
251D
25CD
2672
270A
2796
2814
2884
28E5
2935
2976
29A6
29C4
29D1
29CC
29B4
298A
294D
28FE
289B
2827
27A0
2707
265B
259F
24D2
23F4
2306
220A
20FE
1FE6
1EC0
1D8F
1C53
1B0D
19BE
1867
170A
15A7
143F
12D5
1169
0FFD
0E92
0D27
0BBF
0A5B
08FB
07A1
064D
0501
03BE
0284
0153
002E
FF14
FE06
FD05
FC10
FB29
FA50
F985
F8C7
F818
F778
F6E5
F660
F5EA
F581
F525
F4D6
F493
F45D
F433
F413
F3FD
F3F1
F3ED
F3F1
F3FD
F40E
F425
F441
F461
F484
F4A9
F4D0
F4F8
F520
F547
F56C
F590
F5B0
F5CE
F5E7
F5FC
F60C
F617
F61C
F61A
F612
F604
F5EE
F5D1
F5AD
F581
F54E
F513
F4D1
F487
F436
F3DE
F37F
F31A
F2AE
F23D
F1C6
F14A
F0C9
F045
EFBC
EF30
EEA2
EE11
ED7E
ECEA
EC56
EBC1
EB2C
EA97
EA04
E973
E8E3
E856
E7CB
E743
E6BF
E640
E5C4
E54D
E4DA
E46B
E401
E39B
E33A
E2DE
E286
E233
E1E5
E19B
E155
E114
E0D7
E09E
E069
E037
E009
DFDF
DFB7
DF93
DF71
DF51
DF34
DF19
DF00
DEE9
DED4
DEC0
DEAE
DE9C
DE8B
DE7B
DE6D
DE60
DE55
DE4B
DE43
DE3D
DE39
DE37
DE37
DE3B
DE41
DE4B
DE59
DE6B
DE82
DE9D
DEBE
DEE4
DF11
DF45
DF7F
DFC1
E00C
E05E
E0BA
E11F
E18D
E206
E289
E315
E3AB
E44D
E4FB
E5B4
E67A
E74C
E82A
E914
EA0A
EB0D
EC1C
ED36
EE5C
EF8D
F0CA
F211
F362
F4BD
F622
F78F
F904
FA81
FC05
FD8F
FF1E
00B3
024B
03E7
0585
0725
08C6
0A67
0C07
0DA6
0F43
10DD
1273
1405
1591
1717
1897
1A0F
1B7F
1CE6
1E44
1F98
20E1
2220
2353
247A
2595
26A4
27A6
289A
2982
2A5C
2B28
2BE6
2C97
2D3A
2DD0
2E57
2ED1
2F3E
2F9D
2FEE
3033
306B
3096
30B4
30C6
30CC
30C6
30B5
3097
306E
303B
2FFC
2FB2
2F5D
2EFE
2E94
2E20
2DA1
2D19
2C86
2BE8
2B41
2A8F
29D2
290C
283B
275F
2678
2587
2489
2380
226B
214C
2020
1EEA
1DA7
1C59
1AFF
1999
1828
16AB
1522
138D
11EE
1042
0E8C
0CCB
0B00
092B
074C
0564
0373
017B
FF7B
FD75
FB69
F959
F744
F52D
F314
F0FA
EEDF
ECC6
EAAF
E89E
E691
E48C
E28F
E09D
DEB5
DCDA
DB0E
D951
D7A6
D60D
D489
D31B
D1C4
D085
CF60
CE57
CD6A
CC9A
CBEA
CB5A
CAEA
CA9C
CA71
CA6A
CA86
CAC6
CB2C
CBB6
CC65
CD39
CE32
CF50
D092
D1F9
D382
D52F
D6FC
D8EB
DAF8
DD23
DF6B
E1CE
E44A
E6DD
E985
EC41
EF0E
F1E9
F4D1
F7C3
FABC
FDBA
00BB
03BB
06B9
09B0
0CA0
0F84
125A
1520
17D3
1A70
1CF6
1F60
21AE
23DD
25EB
27D5
299B
2B3A
2CB2
2DFF
2F22
3019
30E4
3181
31F1
3233
3247
322D
31E5
3171
30D0
3004
2F0F
2DF0
2CAA
2B3F
29B0
2800
2630
2444
223D
201F
1DEC
1BA6
1951
16EF
1484
1212
0F9C
0D26
0AB3
0845
05E0
0386
013B
FF00
FCDA
FAC9
F8D2
F6F5
F536
F396
F216
F0B9
EF80
EE6C
ED7F
ECB8
EC1A
EBA3
EB55
EB2F
EB31
EB5B
EBAC
EC24
ECC0
ED81
EE64
EF69
F08D
F1CF
F32D
F4A5
F634
F7D9
F991
FB5A
FD31
FF14
0100
02F3
04EA
06E4
08DC
0AD2
0CC2
0EAB
1089
125C
1420
15D4
1776
1905
1A7E
1BDF
1D28
1E58
1F6E
2068
2145
2206
22AA
2330
2398
23E2
240E
241D
240E
23E2
2399
2334
22B4
2219
2165
2097
1FB1
1EB4
1DA1
1C79
1B3E
19EF
188E
171D
159D
140E
1271
10C9
0F15
0D58
0B91
09C2
07ED
0612
0432
024E
0067
FE7F
FC96
FAAD
F8C6
F6E0
F4FE
F320
F147
EF75
EDA9
EBE6
EA2B
E87B
E6D6
E53E
E3B3
E236
E0C9
DF6C
DE22
DCEA
DBC7
DAB9
D9C2
D8E2
D81A
D76D
D6D9
D661
D606
D5C7
D5A7
D5A6
D5C4
D602
D660
D6E0
D780
D842
D925
DA2A
DB4F
DC95
DDFC
DF82
E126
E2E9
E4C8
E6C3
E8D9
EB07
ED4C
EFA7
F214
F493
F721
F9BD
FC64
FF13
01C8
0480
0739
09F0
0CA2
0F4E
11EE
1483
1707
197A
1BD8
1E1E
204B
225D
2450
2623
27D4
2961
2AC9
2C0A
2D24
2E14
2EDB
2F77
2FE9
302F
3049
3039
2FFE
2F9A
2F0E
2E5A
2D80
2C82
2B60
2A1E
28BD
2740
25A7
23F7
2232
205A
1E72
1C7C
1A7D
1876
166A
145D
1250
1048
0E47
0C4F
0A64
0887
06BB
0502
035F
01D4
0062
FF0B
FDD1
FCB4
FBB6
FAD8
FA1B
F97E
F903
F8A9
F870
F858
F861
F889
F8D1
F936
F9B8
FA56
FB0D
FBDC
FCC2
FDBD
FECA
FFE8
0114
024C
038E
04D8
0628
077A
08CD
0A1F
0B6E
0CB8
0DF9
0F30
105B
1178
1285
1381
146A
153E
15FD
16A4
1734
17AB
1809
184D
1876
1885
1879
1852
1811
17B5
173F
16B1
1609
154A
1474
1388
1287
1173
104C
0F15
0DCD
0C78
0B16
09A9
0833
06B6
0533
03AC
0223
0099
FF10
FD89
FC07
FA8A
F915
F7A9
F646
F4F0
F3A7
F26C
F140
F025
EF1C
EE26
ED43
EC75
EBBC
EB19
EA8D
EA18
E9BA
E974
E947
E932
E935
E951
E986
E9D4
EA39
EAB7
EB4D
EBF9
ECBD
ED97
EE86
EF8B
F0A4
F1D0
F30F
F460
F5C2
F734
F8B5
FA44
FBE0
FD88
FF3C
00F9
02BF
048D
0661
083B
0A19
0BFB
0DE0
0FC6
11AC
1391
1574
1754
192F
1B06
1CD6
1E9E
205F
2216
23C4
2566
26FD
2887
2A04
2B73
2CD3
2E23
2F64
3093
31B1
32BD
33B7
349D
3570
362F
36DA
3770
37F1
385C
38B1
38F0
3918
392B
3927
390D
38DC
3895
3837
37C3
3739
3698
35E1
3515
3432
333A
322E
310C
2FD6
2E8C
2D2F
2BBF
2A3C
28A8
2703
254D
2387
21B3
1FD0
1DDF
1BE3
19DA
17C6
15A9
1382
1155
0F20
0CE7
0AA9
0868
0625
03E1
019E
FF5D
FD1F
FAE5
F8B1
F683
F45E
F242
F031
EE2B
EC33
EA49
E86E
E6A4
E4EC
E346
E1B5
E038
DED0
DD80
DC47
DB26
DA1E
D92F
D85B
D7A1
D702
D67E
D616
D5C9
D599
D585
D58D
D5B1
D5F0
D64B
D6C1
D752
D7FC
D8C1
D99E
DA93
DB9F
DCC2
DDF9
DF45
E0A4
E215
E397
E527
E6C6
E871
EA28
EBE7
EDAF
EF7D
F151
F327
F4FF
F6D8
F8AF
FA83
FC53
FE1D
FFDF
0199
0348
04EC
0682
080B
0984
0AEC
0C44
0D88
0EB9
0FD6
10DE
11D1
12AE
1373
1422
14BA
153B
15A4
15F5
1630
1652
165D
1652
1632
15FC
15B2
1554
14E2
145F
13CB
1327
1273
11B2
10E4
100A
0F26
0E39
0D44
0C49
0B49
0A45
093F
0838
0731
062C
052A
042D
0335
0244
015B
007B
FFA5
FED9
FE1A
FD67
FCC3
FC2C
FBA5
FB2E
FAC7
FA71
FA2C
F9F8
F9D5
F9C4
F9C5
F9D7
F9FB
FA2F
FA74
FAC9
FB2D
FBA1
FC23
FCB2
FD4E
FDF6
FEA8
FF65
002A
00F6
01C9
02A1
037D
045C
053C
061D
06FB
07D8
08B0
0984
0A51
0B16
0BD1
0C83
0D29
0DC3
0E4F
0ECC
0F39
0F96
0FE1
101A
1040
1052
1050
1039
100E
0FCD
0F77
0F0B
0E8A
0DF3
0D47
0C87
0BB1
0AC8
09CC
08BC
079B
0669
0526
03D4
0275
0108
FF8F
FE0C
FC7F
FAEA
F94F
F7AF
F60C
F466
F2C0
F11A
EF77
EDD8
EC3F
EAAC
E922
E7A2
E62E
E4C6
E36C
E222
E0E9
DFC1
DEAD
DDAD
DCC2
DBEC
DB2D
DA86
D9F7
D980
D922
D8DD
D8B3
D8A1
D8AA
D8CC
D908
D95E
D9CC
DA53
DAF2
DBA9
DC76
DD59
DE51
DF5D
E07D
E1AE
E2F0
E441
E5A1
E70E
E886
EA08
EB94
ED27
EEC0
F05D
F1FE
F39F
F541
F6E2
F87F
FA18
FBAC
FD39
FEBD
0038
01A8
030D
0464
05AF
06EA
0817
0933
0A3F
0B3A
0C24
0CFB
0DC1
0E75
0F16
0FA6
1024
1090
10EB
1135
1170
119A
11B7
11C5
11C7
11BD
11A7
1188
1160
1130
10FA
10BE
107E
103A
0FF5
0FB0
0F6B
0F27
0EE7
0EAA
0E73
0E42
0E18
0DF7
0DDE
0DD0
0DCC
0DD3
0DE7
0E07
0E34
0E6F
0EB7
0F0C
0F70
0FE2
1061
10EF
1189
1231
12E5
13A4
146F
1544
1623
170A
17F9
18EE
19E9
1AE7
1BE9
1CEC
1DEF
1EF1
1FF1
20EC
21E2
22D2
23B9
2496
2569
262F
26E8
2791
282B
28B4
292A
298D
29DC
2A15
2A39
2A47
2A3D
2A1C
29E4
2994
292C
28AD
2816
2768
26A3
25C8
24D7
23D2
22B8
218C
204E
1F00
1DA2
1C36
1ABE
193B
17AF
161B
1481
12E3
1143
0FA3
0E04
0C67
0AD0
093F
07B7
0638
04C6
0360
020A
00C5
FF92
FE72
FD67
FC71
FB93
FACD
FA1F
F98B
F911
F8B2
F86D
F844
F836
F843
F86C
F8AE
F90B
F982
FA11
FAB9
FB78
FC4D
FD36
FE33
FF43
0062
0191
02CC
0413
0563
06BB
0818
0978
0ADB
0C3C
0D9C
0EF6
104A
1196
12D7
140B
1532
1648
174D
183E
191A
19E0
1A8F
1B24
1BA0
1C02
1C47
1C71
1C7E
1C6F
1C42
1BF7
1B8F
1B0A
1A69
19AB
18D2
17DE
16D1
15AA
146C
1318
11B0
1034
0EA6
0D09
0B5D
09A6
07E4
061A
044A
0276
00A0
FECA
FCF6
FB26
F95D
F79D
F5E7
F43C
F2A0
F114
EF9A
EE34
ECE2
EBA7
EA84
E97A
E88A
E7B5
E6FC
E660
E5E0
E57F
E53B
E515
E50C
E522
E555
E5A4
E610
E697
E738
E7F3
E8C7
E9B1
EAB1
EBC5
ECEB
EE23
EF69
F0BA
F217
F37C
F4E9
F65C
F7D1
F948
FABF
FC32
FDA1
FF0A
006A
01BF
0308
0444
056F
068A
0792
0886
0965
0A2D
0ADE
0B77
0BF6
0C5B
0CA6
0CD6
0CEB
0CE4
0CC2
0C84
0C2B
0BB8
0B29
0A81
09BF
08E5
07F3
06EB
05CC
049A
0354
01FC
0093
FF1C
FD97
FC06
FA6A
F8C5
F719
F567
F3B1
F1F9
F03F
EE86
ECD0
EB1D
E96F
E7C8
E629
E493
E307
E188
E015
DEB2
DD5E
DC1A
DAE6
D9C4
D8B3
D7B5
D6CA
D5F2
D52D
D47C
D3DE
D355
D2DF
D27D
D22E
D1F2
D1C9
D1B3
D1AF
D1BC
D1DB
D20A
D249
D298
D2F5
D361
D3DA
D460
D4F2
D58F
D638
D6E9
D7A4
D868
D935
DA09
DAE4
DBC6
DCAE
DD9B
DE8E
DF86
E082
E182
E286
E38D
E497
E5A5
E6B5
E7C7
E8DC
E9F3
EB0D
EC28
ED45
EE64
EF84
F0A6
F1CA
F2EF
F415
F53D
F665
F78C
F8B4
F9DD
FB05
FC2E
FD55
FE7D
FFA3
00C7
01EA
030A
0428
0542
0658
076A
0876
097C
0A7C
0B74
0C64
0D4C
0E2A
0EFD
0FC5
1081
1130
11D1
1264
12E8
135B
13BD
140F
144B
1475
148C
148E
147C
1456
141A
13C8
1361
12E5
1252
11AA
10EB
1018
0F2F
0E32
0D20
0BFA
0AC1
0976
0819
06AB
052E
03A2
0209
0064
FEB3
FCF9
FB36
F96D
F79E
F5CC
F3F6
F220
F04B
EE78
ECAA
EAE1
E91F
E766
E5B7
E414
E27F
E0F8
DF81
DE1B
DCC7
DB86
DA5B
D944
D844
D75A
D688
D5CE
D52D
D4A4
D435
D3DF
D3A1
D37D
D372
D37F
D3A4
D3E0
D435
D4A0
D520
D5B5
D65E
D719
D7E5
D8C2
D9AE
DAA8
DBAF
DCC0
DDDC
DF00
E02C
E15E
E294
E3CE
E50A
E647
E784
E8BF
E9F8
EB2E
EC5F
ED8B
EEB2
EFD1
F0EA
F1FB
F304
F405
F4FD
F5EB
F6D2
F7B0
F886
F954
FA1B
FADB
FB95
FC4A
FCF9
FDA4
FE4C
FEF2
FF97
003C
00E1
0188
0233
02E1
0395
044F
0510
05DA
06AD
078B
0874
0969
0A6B
0B7B
0C98
0DC4
0F00
104B
11A6
1310
1489
1611
17A8
194D
1B00
1CC0
1E8C
2063
2243
242D
261D
2813
2A0D
2C09
2E06
3002
31FA
33ED
35D8
37B9
398F
3B56
3D0D
3EB2
4041
41B9
4318
445C
4584
468D
4774
4838
48D7
494F
49A0
49C6
49C3
4993
4937
48AE
47F7
4712
45FF
44BD
434D
41B0
3FE5
3DEF
3BCD
3982
370E
3473
31B3
2ED0
2BCC
28A9
256A
2212
1EA2
1B1E
178B
13E9
103D
0C89
08D0
0517
015F
FDAD
FA04
F667
F2D9
EF5E
EBF8
E8AB
E57A
E266
DF74
DCA6
D9FE
D77F
D529
D301
D107
CF3C
CDA3
CC3C
CB09
CA0A
C93F
C8AA
C849
C81D
C829
C868
C8DA
C97F
CA56
CB5C
CC91
CDF2
CF7E
D133
D30F
D510
D732
D974
DBD3
DE4C
E0DC
E381
E638
E8FE
EBD0
EEAA
F18C
F470
F755
FA38
FD16
FFEC
02B9
0579
082B
0ACC
0D5B
0FD5
1239
1485
16B7
18CE
1AC9
1CA8
1E68
200A
218D
22F2
2437
255D
2664
274D
2818
28C6
2957
29CD
2A29
2A6B
2A95
2AA9
2AA8
2A93
2A6B
2A34
29ED
2999
2939
28D0
2860
27E9
276D
26EE
266D
25EA
2569
24E9
246C
23F2
237E
230F
22A7
2245
21EB
2198
214D
210A
20D0
209D
2071
204C
202F
2017
2004
1FF6
1FEC
1FE5
1FDF
1FD9
1FD4
1FCC
1FC2
1FB3
1F9F
1F84
1F62
1F37
1F02
1EC1
1E74
1E1A
1DB1
1D39
1CB1
1C18
1B6D
1AB1
19E2
1901
180D
1706
15EC
14C0
1381
1230
10CF
0F5C
0DDA
0C4A
0AAB
0900
074A
058A
03C2
01F3
001E
FE46
FC6C
FA92
F8BA
F6E5
F516
F34F
F190
EFDD
EE37
ECA0
EB19
E9A5
E844
E6F9
E5C5
E4A9
E3A6
E2BE
E1F2
E142
E0AF
E03B
DFE5
DFAD
DF95
DF9B
DFC0
E004
E069
E0EB
E18A
E245
E31B
E40B
E514
E633
E769
E8B2
EA0E
EB7A
ECF5
EE7C
F00F
F1A9
F34B
F4F0
F698
F83F
F9E5
FB86
FD21
FEB3
003A
01B5
0321
047C
05C6
06FC
081C
0926
0A18
0AF1
0BAF
0C51
0CD8
0D42
0D8E
0DBD
0DCE
0DC1
0D95
0D4D
0CE6
0C63
0BC4
0B0A
0A35
0946
083F
0720
05EC
04A4
0348
01DB
005E
FED2
FD3B
FB98
F9ED
F83A
F682
F4C6
F307
F149
EF8B
EDD1
EC1B
EA6B
E8C2
E723
E58D
E402
E284
E113
DFB0
DE5B
DD17
DBE2
DABE
D9AA
D8A7
D7B6
D6D6
D606
D547
D499
D3FB
D36C
D2ED
D27C
D218
D1C2
D178
D139
D102
D0D5
D0B1
D094
D07F
D070
D066
D060
D05E
D05E
D060
D063
D067
D06A
D06D
D06F
D06F
D06D
D068
D062
D059
D04D
D03F
D02F
D01D
D009
CFF3
CFDD
CFC6
CFB0
CF9A
CF86
CF73
CF62
CF56
CF4E
CF4C
CF50
CF5B
CF6E
CF8A
CFAF
CFDE
D019
D05F
D0B1
D110
D17C
D1F5
D27D
D312
D3B6
D468
D528
D5F6
D6D1
D7BA
D8B0
D9B2
DAC0
DBD9
DCFB
DE27
DF5A
E097
E1D9
E320
E469
E5B4
E6FE
E847
E98C
EACC
EC05
ED36
EE5D
EF78
F086
F186
F274
F352
F41B
F4D1
F570
F5F8
F668
F6BF
F6FC
F71E
F725
F710
F6DF
F692
F628
F5A2
F500
F443
F36B
F279
F16D
F04A
EF0F
EDBF
EC5B
EAE4
E95C
E7C6
E622
E474
E2BD
E100
DF3E
DD7B
DBB8
D9F8
D83E
D68C
D4E4
D34A
D1BF
D045
CEE0
CD91
CC5A
CB3E
CA3F
C95E
C89C
C7FB
C77D
C723
C6EF
C6E0
C6F9
C738
C7A0
C82F
C8E6
C9C4
CAC9
CBF4
CD44
CEB9
D050
D209
D3E1
D5D7
D7E9
DA15
DC57
DEAF
E119
E393
E619
E8AA
EB42
EDDE
F07B
F316
F5AD
F83A
FABC
FD30
FF94
01E4
041E
0640
0846
0A2E
0BF7
0D9E
0F21
107E
11B5
12C3
13A7
1461
14F0
1553
158B
1596
1575
1528
14B1
140F
1344
1251
1138
0FF9
0E98
0D15
0B72
09B2
07D8
05E6
03DE
01C3
FF98
FD61
FB1F
F8D6
F689
F43B
F1EE
EFA6
ED66
EB30
E907
E6EE
E4E7
E2F6
E11B
DF5A
DDB5
DC2D
DAC3
D97B
D855
D752
D673
D5B9
D524
D4B6
D46E
D44D
D453
D47D
D4CD
D541
D5D8
D690
D76A
D863
D979
DAAB
DBF7
DD5B
DED6
E063
E203
E3B1
E56D
E732
E900
EAD4
ECAA
EE82
F058
F22A
F3F6
F5BA
F773
F921
FAC0
FC4F
FDCD
FF37
008C
01CC
02F6
0408
0502
05E3
06AC
075C
07F2
0870
08D5
0923
0958
0978
0981
0976
0958
0928
08E7
0897
083A
07D2
075F
06E4
0663
05DE
0556
04CD
0446
03C2
0343
02CB
025A
01F4
0198
014A
010A
00D9
00B9
00AA
00AE
00C4
00EE
012B
017C
01E2
025B
02E7
0387
0439
04FD
05D2
06B6
07A9
08A9
09B5
0ACB
0BEA
0D0F
0E39
0F66
1094
11C1
12EC
1411
152F
1643
174C
1846
1931
1A0A
1AD0
1B80
1C19
1C99
1CFF
1D4A
1D77
1D87
1D78
1D49
1CFA
1C8A
1BFA
1B48
1A75
1981
186D
1738
15E5
1473
12E5
113A
0F75
0D96
0BA1
0995
0775
0544
0303
00B4
FE5A
FBF7
F98E
F720
F4B1
F244
EFDA
ED76
EB1A
E8CA
E687
E453
E232
E025
DE2E
DC4F
DA8B
D8E2
D757
D5EB
D49F
D374
D26B
D185
D0C4
D026
CFAE
CF5A
CF2B
CF20
CF39
CF75
CFD4
D054
D0F5
D1B6
D295
D391
D4A9
D5DA
D723
D882
D9F5
DB7B
DD11
DEB5
E066
E220
E3E3
E5AB
E778
E946
EB14
ECDF
EEA7
F069
F224
F3D5
F57B
F716
F8A3
FA21
FB90
FCEE
FE3A
FF75
009D
01B2
02B4
03A2
047E
0546
05FC
069F
0730
07B1
0821
0881
08D3
0918
0950
097D
09A0
09BA
09CE
09DB
09E3
09E9
09EC
09EF
09F4
09FA
0A04
0A11
0A24
0A3E
0A5E
0A87
0AB8
0AF3
0B39
0B88
0BE3
0C49
0CBA
0D36
0DBD
0E4F
0EEB
0F91
1041
10F9
11B9
127F
134C
141D
14F2
15C9
16A0
1778
184D
191F
19ED
1AB5
1B75
1C2C
1CD8
1D77
1E09
1E8C
1EFF
1F5F
1FAD
1FE7
200D
201C
2015
1FF7
1FC1
1F73
1F0C
1E8E
1DF6
1D46
1C7F
1BA0
1AA9
199D
187B
1745
15FB
14A0
1334
11B9
1030
0E9B
0CFC
0B55
09A8
07F7
0644
0491
02E1
0135
FF8F
FDF3
FC61
FADC
F966
F801
F6AF
F572
F44B
F33D
F248
F16F
F0B2
F013
EF93
EF32
EEF1
EED2
EED3
EEF6
EF3B
EFA1
F028
F0CF
F196
F27D
F381
F4A3
F5E0
F738
F8A9
FA31
FBCF
FD81
FF44
0118
02F8
04E5
06DA
08D6
0AD7
0CDA
0EDD
10DD
12D9
14CD
16B7
1896
1A68
1C29
1DD8
1F73
20F9
2268
23BD
24F8
2617
2719
27FE
28C5
296C
29F4
2A5D
2AA5
2ACE
2AD7
2AC1
2A8D
2A3B
29CB
2940
289B
27DC
2705
2617
2516
2401
22DC
21A8
2068
1F1D
1DC9
1C70
1B13
19B4
1856
16FC
15A7
1459
1315
11DD
10B3
0F98
0E8E
0D98
0CB6
0BEA
0B35
0A99
0A16
09AE
0961
0930
091B
0922
0945
0984
09E0
0A57
0AE9
0B95
0C5A
0D37
0E2B
0F35
1053
1183
12C5
1415
1573
16DC
184E
19C8
1B46
1CC8
1E4A
1FCB
2149
22C0
242F
2595
26EE
283A
2975
2A9E
2BB4
2CB5
2D9F
2E70
2F28
2FC6
3048
30AE
30F6
3121
312D
311B
30EB
309C
302F
2FA3
2EFA
2E34
2D53
2C56
2B40
2A12
28CC
2770
2601
247F
22ED
214C
1F9E
1DE5
1C23
1A5A
188D
16BD
14ED
131E
1153
0F8E
0DD0
0C1C
0A73
08D8
074C
05D1
0468
0313
01D4
00AB
FF9B
FEA2
FDC3
FCFE
FC53
FBC3
FB4F
FAF5
FAB7
FA94
FA8C
FA9E
FACB
FB10
FB6E
FBE4
FC70
FD11
FDC6
FE8D
FF66
004F
0145
0248
0356
046C
0589
06AB
07D1
08F8
0A1F
0B44
0C64
0D7F
0E92
0F9C
109A
118C
1270
1344
1408
14B9
1557
15E1
1656
16B5
16FD
172D
1747
1748
1730
1701
16B9
1659
15E2
1553
14AD
13F1
131F
1239
113F
1033
0F15
0DE6
0CA8
0B5D
0A05
08A2
0737
05C4
044A
02CC
014C
FFCA
FE49
FCC9
FB4E
F9D8
F869
F702
F5A6
F455
F310
F1DA
F0B4
EF9E
EE9B
EDAA
ECCD
EC06
EB54
EAB9
EA34
E9C8
E974
E939
E918
E90F
E920
E94B
E98F
E9ED
EA63
EAF3
EB9B
EC5B
ED32
EE20
EF24
F03D
F16B
F2AC
F401
F567
F6DE
F864
F9FA
FB9C
FD4C
FF06
00CB
0299
046E
064B
082C
0A12
0BFB
0DE6
0FD2
11BD
13A7
158E
1772
1951
1B2B
1CFE
1EC9
208B
2244
23F2
2595
272B
28B5
2A31
2B9E
2CFC
2E4A
2F88
30B5
31D0
32D9
33CF
34B2
3582
363D
36E4
3777
37F4
385C
38B0
38EE
3916
3929
3925
390A
38DA
3893
3835
37C2
3738
3698
35E2
3516
3434
333D
3231
3111
2FDB
2E92
2D36
2BC6
2A44
28AF
270A
2554
238D
21B8
1FD4
1DE3
1BE4
19DA
17C5
15A5
137D
114E
0F18
0CDC
0A9C
0859
0614
03CF
018A
FF47
FD08
FACD
F897
F669
F443
F226
F015
EE10
EC18
EA2E
E855
E68C
E4D6
E332
E1A3
E029
DEC5
DD78
DC43
DB26
DA22
D938
D868
D7B3
D719
D69A
D638
D5F1
D5C7
D5B8
D5C5
D5EE
D632
D691
D70B
D79E
D84B
D911
D9EE
DAE3
DBEE
DD0E
DE43
DF8A
E0E4
E24F
E3C9
E551
E6E6
E888
EA33
EBE7
EDA2
EF63
F129
F2F2
F4BD
F688
F852
FA19
FBDD
FD9C
FF54
0104
02AB
0448
05DA
075E
08D5
0A3D
0B96
0CDE
0E14
0F38
1048
1145
122E
1302
13C1
1469
14FC
1579
15DF
1630
1668
168A
1696
168D
166E
163A
15F2
1596
1527
14A5
1411
136D
12B8
11F5
1123
1045
0F5B
0E66
0D69
0C63
0B56
0A44
092F
0816
06FD
05E4
04CD
03B9
02A9
01A0
009E
FFA5
FEB5
FDD1
FCFA
FC30
FB75
FACA
FA30
F9A8
F932
F8D0
F882
F848
F823
F813
F819
F834
F864
F8A9
F902
F971
F9F2
FA87
FB2E
FBE6
FCAE
FD85
FE6A
FF5C
0058
015D
026A
037D
0493
05AB
06C3
07DA
08EE
09FC
0B04
0C02
0CF6
0DDD
0EB6
0F7F
1036
10DA
1169
11E3
1245
1290
12C1
12D8
12D5
12B6
127C
1226
11B5
1128
1080
0FBD
0EDF
0DE8
0CD8
0BB1
0A74
0921
07BB
0643
04BB
0324
0180
FFD2
FE1C
FC5E
FA9D
F8D8
F714
F551
F392
F1D8
F027
EE80
ECE4
EB55
E9D6
E867
E70B
E5C2
E48E
E370
E268
E178
E0A0
DFE1
DF3A
DEAD
DE3A
DDDF
DD9D
DD73
DD60
DD64
DD7D
DDAB
DDED
DE41
DEA6
DF1B
DF9D
E02C
E0C6
E16A
E214
E2C5
E37A
E432
E4EB
E5A4
E65A
E70D
E7BB
E863
E903
E99B
EA2A
EAAE
EB27
EB94
EBF3
EC46
EC8C
ECC5
ECF1
ED0F
ED21
ED27
ED20
ED0E
ECF2
ECCB
EC9C
EC64
EC25
EBE0
EB96
EB49
EAF8
EAA6
EA54
EA02
E9B3
E967
E91E
E8DB
E89F
E869
E83B
E816
E7FA
E7E8
E7DF
E7E0
E7ED
E805
E829
E858
E893
E8D9
E92A
E985
E9EB
EA5A
EAD1
EB51
EBD9
EC66
ECFA
ED92
EE2E
EECD
EF6E
F010
F0B2
F153
F1F2
F28F
F328
F3BE
F44E
F4D9
F55D
F5DB
F653
F6C3
F72C
F78D
F7E6
F838
F882
F8C5
F900
F935
F963
F98B
F9AE
F9CC
F9E5
F9FB
FA0E
FA1F
FA2F
FA3F
FA4E
FA5F
FA72
FA87
FAA0
FABD
FADF
FB06
FB33
FB67
FBA2
FBE5
FC31
FC86
FCE2
FD47
FDB4
FE29
FEA6
FF2A
FFB6
0048
00E1
0180
0223
02CB
0376
0424
04D3
0584
0634
06E3
078F
0839
08DE
097D
0A17
0AA8
0B32
0BB2
0C28
0C93
0CF3
0D45
0D8C
0DC4
0DEE
0E0A
0E17
0E15
0E04
0DE4
0DB6
0D78
0D2D
0CD4
0C6D
0BFA
0B7C
0AF2
0A5F
09C2
091E
0873
07C3
070E
0657
059F
04E6
042F
037B
02CC
0222
0180
00E7
0057
FFD3
FF5B
FEF2
FE98
FE4E
FE16
FDF0
FDDE
FDE0
FDF7
FE23
FE66
FEBE
FF2C
FFB1
004D
00FF
01C6
02A3
0396
049C
05B6
06E3
0822
0971
0AD0
0C3D
0DB7
0F3C
10CB
1262
13FF
15A1
1746
18EC
1A92
1C35
1DD4
1F6D
20FE
2286
2402
2571
26D0
2820
295D
2A87
2B9B
2C9A
2D80
2E4E
2F02
2F9B
3019
307A
30BF
30E6
30EF
30DA
30A7
3056
2FE6
2F59
2EAF
2DEA
2D08
2C0B
2AF4
29C3
2879
2718
25A1
2415
2276
20C4
1F02
1D31
1B53
1969
1775
1579
1376
116F
0F64
0D59
0B4E
0945
0741
0542
034A
015C
FF78
FDA0
FBD5
FA19
F86E
F6D5
F54F
F3DC
F27E
F136
F004
EEE9
EDE6
ECFB
EC29
EB6F
EACF
EA48
E9DA
E985
E949
E926
E91C
E92A
E94F
E98B
E9DE
EA46
EAC4
EB55
EBFA
ECB2
ED7B
EE54
EF3D
F035
F13A
F24B
F367
F48E
F5BE
F6F5
F834
F978
FAC1
FC0D
FD5C
FEAE
FFFF
0151
02A1
03F0
053C
0684
07C8
0906
0A3F
0B71
0C9D
0DC0
0EDB
0FED
10F5
11F4
12E8
13D1
14AF
1581
1647
1702
17B1
1853
18E7
196E
19E6
1A50
1AAC
1AF9
1B37
1B65
1B84
1B94
1B93
1B82
1B61
1B30
1AEE
1A9C
1A38
19C4
1940
18AA
1803
174C
1684
15AC
14C2
13C9
12C0
11A7
107E
0F49
0E04
0CB2
0B52
09E5
086B
06E6
0555
03BA
0215
0068
FEB3
FCF7
FB35
F96E
F7A3
F5D6
F407
F238
F06A
EE9E
ECD6
EB12
E954
E79D
E5EF
E44A
E2B1
E123
DFA4
DE32
DCD1
DB81
DA42
D917
D7FF
D6FD
D610
D539
D47A
D3D3
D344
D2CE
D270
D22D
D203
D1F3
D1FC
D21F
D25C
D2B1
D320
D3A6
D444
D4FA
D5C5
D6A6
D79B
D8A4
D9BF
DAEB
DC27
DD72
DECB
E030
E1A0
E319
E49A
E621
E7AD
E93D
EACE
EC60
EDF0
EF7F
F109
F28E
F40D
F584
F6F2
F857
F9B0
FAFD
FC3E
FD70
FE95
FFAA
00B0
01A7
028D
0363
0428
04DD
0582
0616
069B
0710
0775
07CD
0816
0853
0883
08A8
08C2
08D3
08DB
08DC
08D7
08CC
08BD
08AB
0896
0881
086C
0858
0847
0838
082D
0827
0827
082D
0839
084D
0869
088D
08B8
08ED
092A
096E
09BB
0A10
0A6C
0ACE
0B37
0BA5
0C17
0C8D
0D05
0D7F
0DF8
0E71
0EE7
0F58
0FC5
102A
1086
10D9
1120
1159
1184
119E
11A6
119B
117B
1145
10F7
1091
1010
0F75
0EBF
0DEA
0CF9
0BEA
0ABE
0973
080A
0684
04E0
031F
0141
FF48
FD34
FB06
F8C1
F665
F3F3
F16F
EED9
EC34
E983
E6C6
E402
E138
DE6B
DB9E
D8D3
D60F
D352
D0A1
CDFE
CB6C
C8EF
C686
C436
C204
BFF1
BE00
BC33
BA8D
B910
B7BE
B699
B5A2
B4DC
B448
B3E6
B3B8
B3BF
B3FB
B46B
B511
B5EC
B6FC
B840
B9B6
BB5E
BD37
BF3F
C173
C3D2
C65A
C909
CBDA
CECC
D1DD
D508
D84A
DBA0
DF06
E278
E5F4
E974
ECF6
F076
F3EF
F75E
FABF
FE0E
0148
0469
076D
0A52
0D14
0FAF
1222
1468
1681
1868
1A1D
1B9D
1CE7
1DF9
1ED3
1F72
1FD8
2002
1FF3
1FAA
1F26
1E69
1D73
1C46
1AE4
194D
1784
158C
1366
1115
0E9C
0BFF
093F
0661
0367
0056
FD31
F9FC
F6BA
F370
F020
ECD0
E983
E63C
E300
DFD1
DCB5
D9AE
D6BF
D3EC
D138
CEA6
CC39
C9F3
C7D7
C5E6
C423
C28F
C12C
BFFB
BEFD
BE32
BD9B
BD39
BD0B
BD10
BD49
BDB4
BE51
BF1E
C019
C142
C296
C413
C5B7
C77F
C96A
CB73
CD99
CFD9
D22F
D499
D712
D999
DC2A
DEC2
E15E
E3FB
E695
E92A
EBB7
EE39
F0AC
F310
F560
F79B
F9BF
FBC9
FDB8
FF89
013D
02D0
0442
0592
06C0
07CA
08B2
0975
0A15
0A92
0AEC
0B24
0B3B
0B32
0B0A
0AC5
0A64
09E7
0952
08A5
07E3
070D
0627
0531
042E
0320
0209
00EC
FFCC
FEA9
FD86
FC66
FB4A
FA35
F928
F825
F72E
F645
F56A
F4A0
F3E8
F342
F2B0
F232
F1CA
F178
F13D
F11A
F10C
F115
F134
F168
F1B2
F211
F283
F309
F3A0
F448
F500
F5C7
F69B
F77A
F864
F956
FA50
FB4F
FC53
FD58
FE5F
FF65
0069
0169
0264
0359
0446
0529
0602
06D0
0792
0845
08EB
0982
0A0A
0A83
0AEB
0B43
0B8B
0BC3
0BEB
0C02
0C0B
0C05
0BF0
0BCE
0B9F
0B64
0B1F
0ACF
0A77
0A17
09B2
0947
08D9
0868
07F6
0785
0716
06AA
0642
05E0
0584
0530
04E5
04A4
0470
0447
042C
0420
0422
0433
0455
0487
04C9
051C
0581
05F6
067B
0711
07B7
086C
0930
0A02
0AE1
0BCD
0CC4
0DC5
0ECF
0FE1
10FA
1217
1339
145D
1580
16A3
17C3
18E0
19F8
1B08
1C11
1D0F
1E03
1EEA
1FC3
208E
2147
21F0
2286
2309
2377
23D0
2414
2441
2457
2457
243F
2410
23C9
236A
22F5
2268
21C5
210C
203E
1F5B
1E65
1D5D
1C42
1B17
19DB
1890
1737
15D1
1461
12E6
1163
0FD8
0E47
0CB2
0B1A
0980
07E5
064B
04B3
031F
018E
0004
FE80
FD03
FB8F
FA25
F8C5
F770
F626
F4E9
F3B8
F294
F17F
F077
EF7D
EE90
EDB1
ECE0
EC1C
EB66
EABC
EA1F
E98F
E90A
E891
E822
E7BE
E764
E713
E6CB
E68A
E651
E61F
E5F3
E5CC
E5AB
E58D
E574
E55E
E54A
E539
E52A
E51C
E510
E502
E4F6
E4EA
E4DE
E4D3
E4C8
E4BD
E4B3
E4AA
E4A1
E499
E492
E48D
E48A
E489
E48A
E48F
E497
E4A4
E4B5
E4CB
E4E6
E508
E530
E55F
E596
E5D5
E61C
E66B
E6C4
E727
E793
E80A
E88C
E918
E9AD
EA4D
EAF7
EBAB
EC68
ED2F
EDFF
EED7
EFB8
F0A0
F18F
F284
F37F
F47E
F582
F688
F790
F899
F9A2
FAAA
FBB0
FCB2
FDB0
FEA8
FF99
0082
0161
0237
0300
03C0
0471
0514
05A6
0629
069A
06F8
0744
077B
079F
07AE
07A8
078C
075B
0714
06B8
0646
05BE
0522
0471
03AB
02D2
01E7
00E9
FFDA
FEBA
FD8C
FC4F
FB06
F9B1
F852
F6EA
F57B
F406
F28E
F112
EF95
EE19
EC9F
EB29
E9B8
E84E
E6EC
E594
E448
E309
E1D8
E0B6
DFA6
DEA8
DDBD
DCE7
DC26
DB7B
DAE8
DA6C
DA09
D9BF
D98F
D978
D97C
D999
D9D2
DA24
DA91
DB17
DBB7
DC70
DD41
DE2A
DF2B
E042
E16F
E2B0
E406
E56E
E6E8
E873
EA0D
EBB5
ED6B
EF2C
F0F8
F2CD
F4AA
F68D
F876
FA63
FC53
FE44
0035
0225
0413
05FE
07E4
09C4
0B9D
0D6D
0F35
10F3
12A7
144F
15EC
177B
18FE
1A72
1BD8
1D30
1E78
1FB0
20D8
21F1
22F9
23F0
24D7
25AD
2673
2728
27CC
2860
28E3
2956
29B9
2A0C
2A50
2A84
2AA9
2ABE
2AC6
2ABF
2AAA
2A87
2A56
2A19
29CE
2977
2913
28A3
2827
27A0
270D
266F
25C6
2513
2455
238E
22BC
21E1
20FD
2010
1F1A
1E1C
1D15
1C07
1AF1
19D4
18B1
1787
1657
1521
13E7
12A8
1165
101F
0ED5
0D8A
0C3D
0AEE
099F
0851
0703
05B7
046E
0327
01E5
00A7
FF6F
FE3D
FD13
FBF0
FAD6
F9C6
F8C1
F7C6
F6D8
F5F7
F523
F45E
F3A7
F300
F26A
F1E4
F170
F10D
F0BD
F07F
F055
F03E
F03B
F04B
F06F
F0A6
F0F2
F150
F1C2
F247
F2DD
F386
F440
F50B
F5E6
F6D0
F7C8
F8CE
F9E0
FAFE
FC26
FD57
FE90
FFD0
0116
0260
03AD
04FC
064C
079B
08E7
0A30
0B73
0CB1
0DE7
0F14
1037
114F
125A
1358
1448
1528
15F8
16B7
1764
17FF
1886
18FA
1959
19A4
19DB
19FD
1A09
1A01
19E4
19B3
196D
1913
18A5
1824
1791
16EC
1635
156E
1498
13B2
12BF
11C0
10B5
0F9F
0E81
0D5A
0C2C
0AF8
09C0
0884
0746
0607
04C8
038A
024E
0116
FFE2
FEB3
FD8B
FC6A
FB50
FA3F
F938
F83A
F746
F65D
F580
F4AD
F3E7
F32B
F27C
F1D8
F140
F0B4
F033
EFBD
EF51
EEF0
EE99
EE4C
EE07
EDCA
ED96
ED68
ED41
ED1F
ED03
ECEB
ECD6
ECC5
ECB6
ECA9
EC9D
EC91
EC85
EC79
EC6B
EC5C
EC4B
EC38
EC23
EC0B
EBEF
EBD1
EBAF
EB8B
EB63
EB38
EB0A
EADA
EAA8
EA74
EA3F
EA08
E9D2
E99C
E967
E933
E902
E8D5
E8AB
E886
E867
E84F
E83E
E835
E836
E840
E856
E877
E8A5
E8E0
E929
E980
E9E7
EA5D
EAE4
EB7B
EC23
ECDC
EDA6
EE82
EF70
F06E
F17F
F2A0
F3D1
F514
F665
F7C6
F936
FAB2
FC3C
FDD2
FF72
011C
02CE
0488
0647
080C
09D3
0B9C
0D65
0F2D
10F2
12B2
146C
161E
17C7
1965
1AF7
1C7B
1DEF
1F53
20A5
21E4
230E
2422
2520
2606
26D3
2786
2820
289E
2901
2948
2973
2982
2974
294A
2904
28A1
2823
2789
26D5
2606
251E
241E
2306
21D8
2094
1F3D
1DD2
1C56
1AC9
192E
1785
15D1
1412
124B
107D
0EA9
0CD2
0AF8
091E
0744
056D
039B
01CD
0007
FE49
FC95
FAEB
F94E
F7BE
F63C
F4C8
F364
F211
F0D0
EFA2
EE86
ED7F
EC8A
EBAA
EADF
EA27
E984
E8F6
E87B
E814
E7C1
E780
E752
E736
E72C
E732
E747
E76C
E79F
E7DF
E82B
E882
E8E4
E94F
E9C2
EA3D
EABD
EB41
EBC9
EC54
ECE2
ED70
EDFE
EE8C
EF19
EFA3
F02A
F0AD
F12C
F1A6
F21B
F289
F2F2
F353
F3AE
F402
F44E
F493
F4D1
F508
F537
F560
F582
F59D
F5B3
F5C3
F5CE
F5D4
F5D6
F5D5
F5D2
F5CC
F5C5
F5BD
F5B5
F5AE
F5A8
F5A5
F5A4
F5A8
F5B0
F5BD
F5D0
F5EA
F60B
F634
F666
F6A1
F6E6
F734
F78E
F7F2
F862
F8DE
F965
F9F8
FA98
FB43
FBFB
FCBF
FD8F
FE6A
FF51
0043
0140
0247
0358
0473
0596
06C1
07F4
092D
0A6C
0BB0
0CF8
0E43
0F91
10E0
122F
137E
14CB
1615
175C
189E
19D9
1B0E
1C3B
1D5F
1E7A
1F89
208C
2182
226B
2345
240F
24C9
2572
260A
268F
2701
275F
27A9
27DE
27FE
2809
27FE
27DC
27A5
2757
26F3
2678
25E7
2540
2482
23AF
22C7
21C9
20B8
1F92
1E58
1D0D
1BAF
1A40
18C0
1732
1594
13E9
1231
106E
0EA2
0CCC
0AEF
090B
0723
0537
0349
015A
FF6D
FD81
FB99
F9B6
F7D9
F605
F43A
F27A
F0C6
EF20
ED89
EC03
EA8E
E92C
E7DE
E6A5
E582
E476
E382
E2A7
E1E6
E13E
E0B1
E03F
DFE9
DFAF
DF92
DF91
DFAC
DFE4
E038
E0A8
E134
E1DB
E29D
E379
E46F
E57D
E6A2
E7DE
E930
EA96
EC0F
ED99
EF34
F0DE
F296
F459
F626
F7FB
F9D7
FBB9
FD9F
FF87
016E
0353
0534
0710
08E4
0AAF
0C6F
0E22
0FC7
115C
12E0
1452
15AF
16F7
1828
1942
1A43
1B2B
1BF8
1CAB
1D42
1DBD
1E1C
1E5F
1E86
1E90
1E7E
1E50
1E07
1DA3
1D25
1C8E
1BDE
1B17
1A3A
1949
1844
172D
1606
14D0
138D
123E
10E6
0F87
0E22
0CB9
0B4F
09E4
087C
0718
05BA
0465
0319
01D9
00A6
FF83
FE71
FD71
FC86
FBAF
FAF0
FA49
F9B9
F943
F8E9
F8A9
F886
F880
F896
F8CA
F91B
F988
FA12
FAB8
FB7A
FC57
FD4D
FE5D
FF85
00C3
0217
037F
04F9
0684
081E
09C5
0B78
0D34
0EF7
10C0
128D
145A
1628
17F2
19B9
1B79
1D30
1EDD
207D
220E
2390
24FF
265B
27A3
28D3
29ED
2AED
2BD4
2CA0
2D51
2DE6
2E5D
2EB8
2EF6
2F16
2F19
2EFF
2EC9
2E76
2E07
2D7D
2CD9
2C1C
2B46
2A5A
2958
2843
271B
25E1
2498
2340
21DC
206D
1EF5
1D76
1BF1
1A68
18DE
1753
15C9
1443
12C1
1146
0FD2
0E67
0D07
0BB2
0A6A
0930
0804
06E8
05DD
04E2
03F8
0320
0259
01A5
0102
0072
FFF2
FF84
FF27
FED9
FE9B
FE6B
FE48
FE33
FE28
FE29
FE32
FE44
FE5D
FE7B
FE9E
FEC3
FEEB
FF12
FF39
FF5E
FF80
FF9D
FFB4
FFC5
FFCE
FFCE
FFC5
FFB2
FF95
FF6C
FF38
FEF7
FEAA
FE52
FDED
FD7C
FCFF
FC78
FBE6
FB4A
FAA5
F9F7
F943
F888
F7C9
F706
F641
F57B
F4B6
F3F3
F335
F27C
F1CA
F121
F083
EFF2
EF6E
EEFA
EE98
EE48
EE0D
EDE7
EDD9
EDE1
EE03
EE40
EE98
EF0C
EF9D
F04B
F117
F200
F307
F42B
F56D
F6CB
F845
F9DB
FB8B
FD53
FF34
012B
0336
0555
0784
09C2
0C0E
0E63
10C1
1325
158D
17F5
1A5B
1CBC
1F17
2166
23A8
25DC
27FD
2A0A
2BFF
2DDB
2F9C
313D
32BF
341E
3558
366D
3759
381C
38B4
3921
3961
3974
3958
390E
3896
37F0
371B
3619
34EA
338E
3208
3059
2E81
2C83
2A60
281B
25B4
2330
2090
1DD6
1B07
1824
1530
122F
0F24
0C11
08FA
05E2
02CD
FFBD
FCB5
F9B9
F6CC
F3F1
F12B
EE7C
EBE7
E96F
E716
E4DF
E2CB
E0DC
DF15
DD77
DC03
DABA
D99E
D8AF
D7ED
D75A
D6F5
D6BE
D6B4
D6D8
D728
D7A4
D84A
D91A
DA11
DB2E
DC6F
DDD2
DF55
E0F6
E2B2
E488
E673
E872
EA82
ECA0
EECA
F0FC
F334
F56E
F7A9
F9E1
FC13
FE3D
005D
026E
0470
0661
083D
0A03
0BB1
0D45
0EBD
1019
1156
1274
1372
144E
1509
15A1
1617
166B
169C
16AB
1698
1664
160F
159B
1509
1459
138E
12A8
11A9
1093
0F67
0E27
0CD6
0B74
0A04
0888
0703
0575
03E1
024A
00B1
FF18
FD82
FBEF
FA62
F8DD
F762
F5F1
F48D
F336
F1EF
F0B8
EF92
EE7E
ED7E
EC91
EBB8
EAF5
EA46
E9AC
E928
E8B9
E85F
E81A
E7E8
E7CA
E7BE
E7C5
E7DE
E807
E841
E889
E8DF
E942
E9B0
EA29
EAAA
EB34
EBC5
EC5B
ECF6
ED94
EE34
EED5
EF77
F017
F0B5
F151
F1E9
F27C
F30A
F393
F416
F492
F507
F575
F5DB
F63A
F692
F6E2
F72C
F76F
F7AB
F7E1
F811
F83B
F861
F883
F8A1
F8BC
F8D4
F8EB
F901
F916
F92C
F943
F95C
F977
F995
F9B7
F9DE
FA09
FA3A
FA70
FAAD
FAF0
FB3B
FB8C
FBE5
FC46
FCAE
FD1E
FD96
FE14
FE99
FF25
FFB6
004E
00EA
018B
0230
02D8
0382
042E
04DB
0588
0633
06DD
0784
0828
08C7
0960
09F3
0A7F
0B03
0B7E
0BEF
0C56
0CB1
0D02
0D45
0D7C
0DA6
0DC3
0DD2
0DD3
0DC6
0DAB
0D83
0D4D
0D09
0CB9
0C5C
0BF4
0B80
0B01
0A79
09E8
0950
08B0
080B
0761
06B4
0605
0555
04A5
03F7
034D
02A7
0207
016E
00DE
0057
FFDC
FF6E
FF0D
FEBB
FE79
FE47
FE27
FE1A
FE20
FE39
FE68
FEAB
FF04
FF73
FFF7
0091
0140
0205
02DF
03CD
04D0
05E6
070E
0848
0992
0AEC
0C54
0DC9
0F49
10D3
1266
13FF
159C
173D
18DF
1A82
1C22
1DBE
1F55
20E5
226B
23E6
2555
26B5
2805
2943
2A6D
2B83
2C83
2D6C
2E3B
2EF1
2F8C
300C
306F
30B5
30DE
30E8
30D5
30A3
3053
2FE5
2F59
2EAF
2DE8
2D04
2C04
2AEA
29B7
286B
2707
258D
23FE
225C
20A8
1EE4
1D11
1B30
1945
1750
1553
134F
1148
0F3E
0D33
0B29
0922
0720
0524
032F
0144
FF64
FD91
FBCB
FA14
F86E
F6DD
F55E
F3F3
F29D
F15D
F032
EF1F
EE22
ED3E
EC71
EBBD
EB22
EA9F
EA34
E9E2
E9A8
E986
E97C
E988
E9AC
E9E5
EA34
EA97
EB0F
EB9A
EC37
ECE6
EDA6
EE75
EF54
F040
F13A
F23F
F34F
F46A
F58D
F6B9
F7EC
F925
FA64
FBA7
FCED
FE36
FF81
00CC
0218
0363
04AC
05F3
0738
0878
09B4
0AEB
0C1C
0D47
0E6B
0F87
109B
11A6
12A8
13A0
148D
1570
1647
1710
17CD
187D
1920
19B4
1A3B
1AB2
1B1A
1B73
1BBB
1BF4
1C1B
1C32
1C37
1C2B
1C0C
1BDC
1B9A
1B45
1ADE
1A64
19D8
1939
1888
17C4
16EE
1607
150D
1402
12E7
11BB
107E
0F33
0DD9
0C71
0AFB
0978
07E9
064F
04AB
02FE
0149
FF8C
FDC9
FC02
FA37
F869
F69A
F4CB
F2FD
F131
EF69
EDA6
EBE8
EA32
E885
E6E1
E548
E3BB
E23B
E0C9
DF66
DE13
DCD1
DBA1
DA84
D979
D883
D7A0
D6D3
D61B
D579
D4ED
D477
D417
D3CE
D39C
D380
D37A
D38A
D3B0
D3EC
D43D
D4A2
D51C
D5A9
D64A
D6FC
D7C1
D896
D97B
DA70
DB73
DC84
DDA2
DECB
DFFF
E13D
E283
E3D2
E528
E683
E7E4
E948
EAB0
EC19
ED84
EEEF
F059
F1C2
F328
F48A
F5E9
F742
F896
F9E3
FB29
FC67
FD9C
FEC8
FFEA
0102
020E
0310
0405
04EF
05CB
069B
0760
0817
08C2
095F
09EE
0A70
0AE4
0B4B
0BA5
0BF1
0C30
0C63
0C89
0CA3
0CB2
0CB5
0CAE
0C9D
0C82
0C5F
0C33
0C00
0BC7
0B87
0B43
0AFB
0AB0
0A63
0A14
09C5
0976
092A
08DF
0899
0856
0819
07E2
07B1
0788
0767
074F
0740
073B
0740
074F
0769
078D
07BD
07F6
083B
0889
08E1
0942
09AC
0A1D
0A95
0B12
0B95
0C1B
0CA3
0D2C
0DB5
0E3C
0EBF
0F39
0FAD
1017
1077
10CB
1111
1147
116C
117D
117A
1161
1130
10E6
1082
1002
0F66
0EAD
0DD5
0CDF
0BCA
0A95
0941
07CE
063C
048B
02BC
00D0
FEC8
FCA6
FA6A
F816
F5AD
F32E
F09D
EDFC
EB4F
E896
E5D6
E311
E049
DD82
DABE
D800
D54C
D2A4
D00C
CD86
CB16
C8BE
C680
C461
C261
C085
BECD
BD3C
BBD5
BA98
B988
B8A6
B7F3
B770
B71E
B6FE
B70F
B751
B7C4
B869
B93E
BA43
BB76
BCD8
BE66
C01E
C200
C408
C636
C886
CAF6
CD85
D02E
D2F0
D5C9
D8B4
DBAF
DEB8
E1CB
E4E7
E807
EB29
EE4A
F168
F480
F78F
FA94
FD8B
0072
0347
0609
08B5
0B49
0DC5
1027
126D
1497
16A3
1892
1A61
1C12
1DA2
1F13
2065
2196
22A8
239A
246D
2522
25B9
2633
2690
26D2
26F9
2705
26F9
26D5
2699
2648
25E1
2567
24DA
243B
238B
22CC
21FE
2122
2039
1F44
1E44
1D3A
1C27
1B0B
19E7
18BD
178C
1656
151B
13DD
129C
1158
1012
0ECC
0D86
0C40
0AFC
09BA
087B
0740
060A
04D9
03AF
028C
0171
005F
FF56
FE59
FD68
FC83
FBAB
FAE2
FA28
F97D
F8E4
F85C
F7E5
F782
F731
F6F4
F6CC
F6B7
F6B7
F6CC
F6F5
F733
F785
F7EB
F865
F8F2
F991
FA41
FB02
FBD3
FCB2
FD9E
FE97
FF9A
00A6
01B8
02CE
03E7
0501
0619
072D
083A
093F
0A3A
0B27
0C05
0CD1
0D89
0E2A
0EB4
0F22
0F74
0FA7
0FBA
0FAA
0F77
0F1F
0EA1
0DFB
0D2E
0C38
0B18
09CF
085D
06C4
0501
0317
0106
FECE
FC73
F9F5
F756
F499
F1BF
EECC
EBC2
E8A3
E574
E238
DEF1
DBA3
D853
D503
D1B9
CE77
CB41
C81D
C50D
C215
BF3A
BC80
B9E9
B77B
B538
B324
B142
AF95
AE1F
ACE5
ABE7
AB29
AAAC
AA72
AA7D
AACC
AB62
AC3F
AD62
AECC
B07C
B271
B4AB
B727
B9E5
BCE2
C01B
C38F
C73A
CB19
CF29
D366
D7CD
DC58
E105
E5CF
EAB1
EFA6
F4AB
F9B8
FECB
03DF
08EE
0DF3
12EB
17CF
1C9C
214D
25DD
2A48
2E8B
32A1
3686
3A38
3DB2
40F3
43F7
46BC
4940
4B81
4D7E
4F36
50A7
51D2
52B7
5355
53AD
53C0
5390
531E
526B
5179
504B
4EE4
4D47
4B77
4978
474D
44FA
4283
3FED
3D3B
3A72
3796
34AC
31B9
2EC1
2BC8
28D3
25E7
2308
203A
1D81
1AE2
1860
15FE
13C1
11AA
0FBF
0E00
0C70
0B12
09E7
08F1
0831
07A8
0756
073D
075B
07B0
083C
08FD
09F3
0B1C
0C76
0DFE
0FB3
1191
1396
15BE
1807
1A6C
1CEA
1F7D
2221
24D3
278D
2A4C
2D0C
2FC8
327C
3524
37BB
3A3F
3CAA
3EFA
4129
4335
451A
46D6
4864
49C4
4AF2
4BEB
4CB0
4D3D
4D91
4DAC
4D8D
4D34
4CA0
4BD2
4ACA
498A
4811
4662
447F
4268
4022
3DAD
3B0C
3843
3554
3243
2F12
2BC6
2862
24E9
215F
1DC8
1A28
1682
12DC
0F38
0B9A
0806
047F
010A
FDA8
FA5F
F72F
F41D
F12B
EE5C
EBB2
E92E
E6D3
E4A2
E29C
E0C3
DF18
DD9A
DC4A
DB29
DA35
D96F
D8D6
D868
D826
D80B
D818
D84B
D8A3
D91C
D9B5
DA6B
DB3C
DC26
DD24
DE36
DF57
E085
E1BD
E2FC
E43F
E584
E6C8
E807
E940
EA6F
EB93
ECA9
EDAE
EEA2
EF81
F04B
F0FD
F197
F218
F27E
F2C9
F2F6
F307
F2FB
F2D4
F291
F232
F1B9
F126
F07B
EFB8
EEDF
EDF2
ECF3
EBE2
EAC3
E997
E860
E721
E5DB
E491
E346
E1FC
E0B5
DF73
DE39
DD08
DBE4
DACF
D9C9
D8D6
D7F7
D72E
D67C
D5E3
D564
D500
D4B8
D48D
D480
D490
D4BE
D50B
D575
D5FD
D6A3
D765
D843
D93C
DA4F
DB7A
DCBD
DE15
DF81
E100
E28F
E42D
E5D8
E78E
E94C
EB10
ECDA
EEA5
F071
F23C
F403
F5C4
F77D
F92E
FAD3
FC6B
FDF5
FF6F
00D8
022F
0372
04A1
05BB
06BF
07AD
0884
0945
09EF
0A82
0AFF
0B66
0BB7
0BF4
0C1D
0C33
0C38
0C2B
0C0F
0BE5
0BAF
0B6D
0B21
0AD0
0A78
0A1A
09B9
0957
08F4
0892
0833
07D9
0784
0737
06F2
06B6
0685
0660
0648
063D
0640
0652
0673
06A3
06E2
0731
078F
07FB
0877
0900
0997
0A3A
0AE9
0BA3
0C67
0D34
0E09
0EE3
0FC2
10A5
1188
126C
134F
142F
150A
15DF
16AD
1772
182D
18DC
197F
1A13
1A99
1B0F
1B73
1BC6
1C07
1C36
1C51
1C59
1C4E
1C30
1BFF
1BBB
1B65
1AFE
1A86
19FD
1965
18C1
1810
1755
1691
15C6
14F5
1420
134A
1273
119E
10CC
1000
0F3C
0E81
0DD1
0D2F
0C9C
0C19
0BA9
0B4C
0B05
0AD5
0ABD
0ABF
0ADA
0B10
0B62
0BD1
0C5B
0D03
0DC7
0EA8
0FA5
10BD
11F1
133F
14A6
1625
17BB
1965
1B23
1CF2
1ED1
20BD
22B4
24B4
26BB
28C5
2AD1
2CDC
2EE3
30E4
32DB
34C7
36A4
3870
3A29
3BCC
3D57
3EC7
401A
414F
4261
4350
441C
44C2
4543
459B
45CC
45D4
45B2
4568
44F4
4457
4391
42A3
418F
4054
3EF5
3D73
3BD0
3A0D
382D
3632
341F
31F5
2FB8
2D6B
2B10
28AB
263E
23CD
215B
1EEA
1C7D
1A19
17C0
1576
133D
111A
0F0D
0D1B
0B46
0990
07FC
068B
0541
041D
0322
0252
01AC
0133
00E7
00C7
00D5
0110
0178
020B
02CA
03B4
04C6
05FF
075E
08E0
0A84
0C47
0E28
1022
1234
1459
1690
18D4
1B23
1D78
1FD2
222C
2483
26D3
291A
2B53
2D7C
2F92
3190
3375
353E
36E7
386E
39D1
3B0D
3C21
3D0A
3DC8
3E58
3EB9
3EEB
3EED
3EBE
3E5F
3DCF
3D0F
3C20
3B01
39B3
3839
3692
34C2
32CA
30AB
2E68
2C04
2981
26E1
2428
2158
1E74
1B80
187E
1572
1260
0F49
0C32
091F
0611
030C
0014
FD2A
FA54
F792
F4E7
F257
EFE5
ED92
EB60
E950
E764
E59F
E400
E289
E13C
E018
DF1E
DE4F
DDAA
DD2F
DCDE
DCB5
DCB5
DCDC
DD29
DD9B
DE30
DEE6
DFBB
E0AE
E1BC
E2E3
E421
E573
E6D6
E849
E9C9
EB52
ECE3
EE77
F00E
F1A4
F337
F4C4
F648
F7C2
F930
FA8E
FBDB
FD16
FE3C
FF4B
0043
0121
01E6
028F
031C
038D
03E0
0416
042E
0429
0407
03C7
036B
02F4
0262
01B5
00F1
0014
FF22
FE1B
FD01
FBD5
FA9A
F952
F7FD
F69E
F537
F3CA
F258
F0E5
EF70
EDFE
EC8F
EB25
E9C2
E868
E718
E5D4
E49E
E377
E25F
E159
E066
DF85
DEB9
DE02
DD60
DCD4
DC5F
DBFF
DBB7
DB85
DB6A
DB65
DB76
DB9C
DBD8
DC27
DC8A
DD00
DD87
DE1F
DEC7
DF7E
E041
E112
E1ED
E2D2
E3BF
E4B4
E5AF
E6AF
E7B3
E8B8
E9BF
EAC6
EBCC
ECD0
EDD1
EECE
EFC6
F0B9
F1A4
F289
F366
F43A
F507
F5CB
F686
F737
F7E0
F87F
F914
F9A1
FA25
FAA0
FB13
FB7E
FBE1
FC3E
FC94
FCE4
FD2F
FD75
FDB8
FDF7
FE33
FE6E
FEA8
FEE1
FF1B
FF56
FF92
FFD1
0013
0059
00A3
00F1
0144
019D
01FC
0262
02CD
033F
03B8
0438
04BE
054B
05DF
0679
071A
07C0
086C
091D
09D3
0A8D
0B4A
0C0B
0CCE
0D93
0E59
0F1F
0FE6
10AB
116F
1230
12EB
13A3
1456
1504
15AC
164E
16E8
177A
1804
1884
18FB
1968
19CA
1A21
1A6C
1AAC
1AE0
1B07
1B22
1B31
1B33
1B28
1B10
1AEC
1ABB
1A7E
1A35
19DF
197E
1912
189A
1818
178A
16F3
1652
15A9
14F7
143C
137A
12B1
11E2
110C
1030
0F4F
0E69
0D7F
0C91
0BA0
0AAB
09B4
08BA
07BE
06C0
05C1
04C2
03C1
02C0
01BE
00BD
FFBC
FEBB
FDBB
FCBC
FBBE
FAC2
F9C8
F8CF
F7D9
F6E5
F5F3
F503
F417
F32D
F246
F163
F084
EFA8
EED1
EDFE
ED30
EC67
EBA3
EAE6
EA2E
E97D
E8D4
E831
E797
E705
E67C
E5FC
E586
E51A
E4B9
E463
E419
E3DA
E3A8
E384
E36D
E365
E36B
E380
E3A4
E3D9
E41D
E471
E4D5
E54A
E5CF
E664
E70A
E7BF
E885
E95B
EA40
EB34
EC36
ED47
EE65
EF90
F0C7
F209
F356
F4AD
F60C
F772
F8E0
FA53
FBCA
FD45
FEC1
003E
01BB
0335
04AC
061E
078B
08F0
0A4C
0B9F
0CE6
0E21
0F4F
106D
117B
1279
1364
143C
1500
15AF
1649
16CC
1739
178E
17CB
17F1
17FE
17F2
17CF
1792
173E
16D1
164E
15B3
1502
143B
135F
1270
116E
105A
0F35
0E01
0CBF
0B71
0A17
08B4
0748
05D6
045F
02E4
0168
FFEB
FE71
FCF9
FB86
FA19
F8B5
F759
F609
F4C4
F38D
F265
F14C
F044
EF4E
EE6B
ED9B
ECDF
EC39
EBA7
EB2B
EAC5
EA75
EA3B
EA17
EA09
EA10
EA2C
EA5C
EAA0
EAF7
EB60
EBDA
EC64
ECFE
EDA6
EE5A
EF1A
EFE4
F0B7
F191
F271
F356
F440
F52C
F618
F703
F7EB
F8CF
F9AE
FA85
FB55
FC1B
FCD7
FD87
FE2B
FEC1
FF49
FFC2
002C
0085
00CE
0106
012D
0142
0146
013A
011C
00ED
00AF
0061
0004
FF98
FF1F
FE99
FE09
FD6F
FCCA
FC1E
FB6A
FAB1
F9F2
F931
F86E
F7AA
F6E6
F626
F568
F4AF
F3FD
F352
F2B0
F218
F18B
F10A
F096
F030
EFD9
EF92
EF5C
EF36
EF22
EF1F
EF2F
EF51
EF86
EFCD
F025
F090
F10C
F199
F237
F2E4
F3A1
F46C
F544
F628
F717
F811
F913
FA1C
FB2B
FC3F
FD56
FE6F
FF89
00A0
01B6
02C6
03D1
04D5
05D0
06C1
07A7
087F
094A
0A05
0AB0
0B49
0BD1
0C46
0CA6
0CF2
0D28
0D49
0D52
0D46
0D22
0CE7
0C95
0C2C
0BAC
0B16
0A69
09A7
08D0
07E4
06E5
05D3
04AF
037B
0236
00E4
FF84
FE18
FCA1
FB21
F99A
F80B
F678
F4E2
F34A
F1B1
F019
EE85
ECF4
EB68
E9E4
E868
E6F5
E58D
E432
E2E3
E1A2
E071
DF50
DE40
DD41
DC56
DB7D
DAB7
DA06
D969
D8E1
D86D
D80E
D7C4
D78F
D76E
D762
D76A
D785
D7B4
D7F4
D847
D8AB
D920
D9A5
DA38
DAD9
DB88
DC43
DD09
DDDA
DEB4
DF96
E080
E170
E266
E361
E45E
E55F
E661
E764
E868
E96A
EA6B
EB6A
EC67
ED5F
EE54
EF45
F031
F117
F1F8
F2D6
F3AD
F47F
F54B
F610
F6CF
F789
F83C
F8E9
F991
FA34
FAD1
FB6A
FBFF
FC8F
FD1D
FDA7
FE2E
FEB4
FF38
FFBB
003D
00BF
0141
01C4
0249
02CF
0357
03E2
0470
0501
0596
062E
06CA
076B
080F
08B9
0966
0A18
0ACF
0B89
0C48
0D0B
0DD1
0E9B
0F68
1037
1109
11DC
12B1
1385
145A
152E
1600
16D0
179D
1866
192B
19E9
1AA2
1B53
1BFB
1C9B
1D30
1DB8
1E34
1EA4
1F05
1F58
1F9B
1FCE
1FF0
2000
1FFE
1FE8
1FBE
1F80
1F2E
1EC5
1E47
1DB3
1D09
1C47
1B6F
1A81
197B
185F
172D
15E4
1485
1311
1187
0FEA
0E38
0C74
0A9D
08B4
06BC
04B4
029D
007A
FE4A
FC10
F9CD
F782
F531
F2DB
F082
EE27
EBCD
E974
E71F
E4CE
E285
E044
DE0D
DBE3
D9C6
D7B8
D5BB
D3D1
D1FB
D03B
CE92
CD01
CB8A
CA2E
C8EF
C7CD
C6C9
C5E5
C521
C47E
C3FC
C39D
C35F
C344
C34C
C377
C3C4
C434
C4C6
C57A
C64F
C744
C859
C98C
CADD
CC4B
CDD3
CF75
D130
D301
D4E6
D6DF
D8E9
DB03
DD29
DF5B
E196
E3D8
E61F
E868
EAB2
ECF9
EF3C
F179
F3AC
F5D3
F7EE
F9F8
FBF1
FDD5
FFA4
015B
02F8
0479
05DE
0724
084A
094E
0A30
0AEE
0B89
0BFD
0C4D
0C76
0C79
0C55
0C0B
0B9B
0B05
0A4A
096A
0867
0741
05FA
0492
030C
016A
FFAC
FDD5
FBE7
F9E4
F7CE
F5A8
F374
F135
EEED
EC9E
EA4C
E7F9
E5A8
E35B
E116
DEDA
DCAB
DA8B
D87C
D682
D49E
D2D2
D122
CF8E
CE19
CCC4
CB91
CA83
C999
C8D5
C838
C7C3
C777
C753
C758
C786
C7DD
C85D
C904
C9D2
CAC7
CBE0
CD1D
CE7C
CFFB
D199
D354
D529
D716
D91A
DB30
DD58
DF8D
E1CE
E418
E667
E8BA
EB0D
ED5D
EFA8
F1EA
F420
F648
F85F
FA63
FC51
FE26
FFE0
017E
02FC
045A
0595
06AC
079E
0869
090D
0989
09DB
0A05
0A05
09DB
0989
090E
086B
07A1
06B1
059C
0464
0309
018F
FFF6
FE41
FC73
FA8E
F893
F687
F46C
F245
F014
EDDD
EBA2
E967
E730
E4FE
E2D5
E0B8
DEAA
DCAE
DAC6
D8F6
D741
D5A8
D42E
D2D5
D19F
D08F
CFA6
CEE5
CE4E
CDE2
CDA3
CD90
CDAB
CDF4
CE6A
CF0E
CFDE
D0DC
D206
D35A
D4D9
D680
D84E
DA41
DC58
DE90
E0E7
E35B
E5EA
E891
EB4D
EE1B
F0F9
F3E5
F6DA
F9D7
FCD8
FFDA
02DB
05D8
08CD
0BB9
0E9A
116C
142D
16DB
1972
1BF1
1E57
20A0
22CC
24D8
26C4
288F
2A37
2BBB
2D1C
2E57
2F6E
3060
312E
31D6
325A
32BB
32F9
3315
3310
32EB
32A8
3248
31CC
3136
3089
2FC4
2EEB
2DFF
2D02
2BF6
2ADE
29BB
288F
275C
2623
24E8
23AB
226E
2134
1FFC
1EC9
1D9D
1C77
1B5B
1A47
193E
1840
174D
1666
158C
14BE
13FD
1348
12A0
1203
1172
10EC
1070
0FFD
0F92
0F2E
0ED2
0E7B
0E28
0DD9
0D8C
0D40
0CF3
0CA5
0C54
0C00
0BA6
0B46
0ADE
0A6E
09F5
0972
08E4
084A
07A4
06F2
0632
0566
048C
03A5
02B0
01AF
00A2
FF89
FE64
FD37
FC00
FAC0
F979
F82C
F6DA
F585
F42E
F2D6
F181
F02E
EEE0
ED9A
EC5B
EB28
EA00
E8E7
E7DE
E6E7
E602
E534
E47B
E3DB
E354
E2E9
E299
E266
E251
E25A
E283
E2CB
E333
E3BC
E465
E52D
E615
E71B
E83F
E97F
EADB
EC51
EDE1
EF87
F143
F312
F4F3
F6E4
F8E1
FAE9
FCF9
FF0F
0128
0341
0558
076A
0974
0B73
0D65
0F48
1117
12D2
1475
15FE
176B
18B8
19E6
1AF1
1BD9
1C9B
1D37
1DAA
1DF5
1E17
1E0E
1DDB
1D7E
1CF7
1C46
1B6C
1A69
1940
17F0
167C
14E5
132E
1158
0F65
0D59
0B35
08FE
06B4
045C
01F9
FF8E
FD1F
FAAE
F843
F5DE
F382
F132
EEF3
ECC7
EAB1
E8B6
E6D7
E518
E37B
E204
E0B5
DF90
DE98
DDCD
DD33
DCC9
DC93
DC90
DCC1
DD28
DDC3
DE93
DF98
E0D2
E23E
E3DC
E5AC
E7AA
E9D6
EC2E
EEAF
F157
F422
F70F
FA19
FD3D
0079
03C8
0727
0A92
0E05
117D
14F5
186B
1BD8
1F3B
228E
25CF
28F8
2C08
2EF9
31C9
3473
36F6
394E
3B78
3D71
3F38
40C9
4223
4345
442B
44D3
453F
456C
455B
450C
447E
43B1
42A8
4161
3FDE
3E21
3C2B
39FD
379A
3504
323D
2F48
2C27
28DE
256F
21DE
1E2E
1A63
167F
1286
0E7D
0A66
0646
021F
FDF6
F9CF
F5AD
F194
ED87
E989
E59E
E1C9
DE0D
DA6C
D6EA
D389
D04C
CD35
CA46
C781
C4E9
C27E
C042
BE36
BC5C
BAB3
B93E
B7FB
B6EC
B610
B568
B4F2
B4AF
B49E
B4BD
B50D
B58B
B637
B70F
B810
B939
BA8A
BC00
BD9A
BF55
C130
C329
C53C
C76A
C9AE
CC08
CE75
D0F2
D37F
D617
D8BB
DB67
DE1A
E0D1
E38C
E647
E902
EBBA
EE6E
F11D
F3C4
F664
F8F9
FB83
FE01
0072
02D2
0523
0764
0993
0BB1
0DBD
0FB5
119A
136B
1527
16CF
1861
19DD
1B43
1C94
1DCE
1EF1
1FFE
20F4
21D3
229B
234D
23E8
246C
24D9
252F
2570
259A
25AD
25AB
2594
2567
2525
24D0
2466
23E8
2357
22B4
21FE
2136
205D
1F74
1E7C
1D74
1C5E
1B3B
1A0B
18CF
178A
163A
14E2
1383
121D
10B3
0F44
0DD3
0C61
0AEF
097E
080F
06A5
0540
03E2
028C
0140
FFFE
FEC9
FDA1
FC88
FB7E
FA86
F99F
F8CC
F80C
F761
F6CC
F64D
F5E5
F594
F55A
F539
F52F
F53E
F565
F5A3
F5F8
F665
F6E7
F77F
F82B
F8EA
F9BC
FA9F
FB91
FC91
FD9E
FEB7
FFD9
0101
022F
035E
048F
05BD
06E8
080C
0927
0A37
0B39
0C2C
0D0C
0DD8
0E8E
0F2A
0FAC
1011
1057
107C
1080
1060
101B
0FB0
0F1E
0E64
0D81
0C76
0B41
09E4
085D
06AD
04D5
02D6
00B2
FE69
FBFD
F971
F6C5
F3FC
F119
EE1F
EB0F
E7ED
E4BB
E17F
DE3A
DAEF
D7A4
D45B
D119
CDE0
CAB5
C79C
C498
C1AE
BEE1
BC35
B9AE
B74E
B51A
B315
B142
AFA3
AE3C
AD0F
AC1F
AB6D
AAFB
AACB
AADF
AB36
ABD3
ACB5
ADDD
AF4A
B0FC
B2F2
B52B
B7A6
BA61
BD5A
C08E
C3FC
C7A0
CB78
CF7F
D3B3
D810
DC91
E133
E5F2
EAC8
EFB2
F4AB
F9AD
FEB5
03BD
08C1
0DBC
12A9
1783
1C47
20EF
2578
29DC
2E19
322A
360B
39BA
3D33
4073
4377
463E
48C5
4B0B
4D0E
4ECC
5046
517A
5268
5312
5376
5396
5373
530F
526B
5187
5069
4F11
4D84
4BC3
49D4
47B8
4573
430A
4081
3DDB
3B1D
384B
3569
327C
2F88
2C93
299F
26B1
23CF
20FB
1E3B
1B92
1903
1694
1446
121E
101E
0E49
0CA2
0B2C
09E7
08D7
07FD
0759
06ED
06B8
06BC
06F8
076B
0816
08F6
0A0B
0B53
0CCC
0E74
1048
1246
146B
16B3
191B
1BA0
1E3D
20EF
23B1
2680
2957
2C32
2F0C
31E1
34AD
376A
3A15
3CAA
3F26
4183
43BE
45D1
47BB
4976
4B02
4C59
4D7B
4E64
4F13
4F86
4FBB
4FB2
4F6A
4EE1
4E19
4D12
4BCC
4A48
4888
468D
445A
41EF
3F51
3C82
3985
365E
330F
2F9E
2C0E
2862
24A1
20CE
1CEC
1902
1514
1126
0D3C
095C
0589
01C8
FE1E
FA8D
F71B
F3CA
F09F
ED9B
EAC3
E819
E59E
E356
E141
DF61
DDB7
DC43
DB06
DA00
D930
D896
D82F
D7FC
D7F9
D826
D87E
D901
D9AB
DA79
DB68
DC75
DD9B
DED8
E027
E184
E2EB
E459
E5CA
E739
E8A3
EA04
EB59
EC9E
EDD0
EEED
EFF0
F0D9
F1A4
F250
F2DA
F343
F389
F3AA
F3A8
F381
F336
F2C9
F23A
F18A
F0BB
EFCF
EEC8
EDA9
EC73
EB2A
E9D1
E86C
E6FC
E587
E40F
E299
E127
DFBD
DE5F
DD11
DBD5
DAAF
D9A2
D8B1
D7DF
D72F
D6A2
D63A
D5FA
D5E2
D5F4
D632
D69A
D72E
D7EE
D8D9
D9EF
DB2D
DC93
DE1F
DFCF
E1A0
E391
E59E
E7C4
EA01
EC51
EEB1
F11D
F391
F60B
F886
FAFF
FD72
FFDC
0239
0486
06C0
08E4
0AEF
0CDE
0EB0
1061
11F1
135E
14A7
15C9
16C6
179C
184B
18D5
1939
1979
1995
198F
1968
1923
18C2
1847
17B4
170D
1653
158B
14B6
13D8
12F5
120E
1128
1045
0F68
0E93
0DCB
0D10
0C66
0BCF
0B4D
0AE1
0A8C
0A52
0A31
0A2B
0A40
0A71
0ABC
0B22
0BA2
0C3C
0CEE
0DB6
0E94
0F85
1088
1199
12B8
13E0
1510
1645
177D
18B3
19E6
1B12
1C34
1D4A
1E51
1F47
2028
20F2
21A3
2239
22B1
230A
2342
2359
234C
231C
22C7
224E
21B0
20EE
2008
1F00
1DD4
1C89
1B1D
1994
17EF
1630
145A
126F
1071
0E63
0C48
0A23
07F6
05C5
0393
0162
FF36
FD11
FAF6
F8E8
F6E9
F4FA
F320
F15D
EFB3
EE23
ECB1
EB5C
EA27
E912
E81F
E74E
E69F
E613
E5A9
E562
E53D
E539
E556
E592
E5EC
E664
E6F6
E7A3
E867
E942
EA30
EB31
EC41
ED5F
EE88
EFBB
F0F5
F233
F374
F4B5
F5F4
F730
F866
F994
FAB8
FBD2
FCDF
FDDD
FECC
FFAA
0077
0131
01D7
0269
02E7
0350
03A3
03E1
040B
041F
041F
040A
03E2
03A7
035A
02FB
028C
020D
0181
00E5
003E
FF8D
FED2
FE0F
FD45
FC76
FBA3
FACD
F9F6
F91E
F847
F773
F6A1
F5D4
F50C
F44A
F390
F2DE
F234
F194
F0FE
F072
EFF2
EF7D
EF14
EEB6
EE65
EE20
EDE8
EDBB
ED9B
ED84
ED79
ED79
ED84
ED99
EDB8
EDE0
EE10
EE49
EE88
EECE
EF1A
EF6B
EFBF
F017
F071
F0CC
F127
F182
F1DC
F234
F288
F2D8
F324
F36A
F3A9
F3E1
F412
F439
F457
F46C
F476
F475
F469
F451
F42C
F3FB
F3BE
F373
F31B
F2B6
F245
F1C6
F13B
F0A3
F000
EF50
EE96
EDD0
ED01
EC28
EB46
EA5C
E96A
E872
E775
E673
E56C
E463
E358
E24D
E141
E037
DF2E
DE2A
DD29
DC2E
DB39
DA4C
D967
D88B
D7B9
D6F3
D639
D58B
D4EB
D459
D3D7
D364
D301
D2AF
D26F
D240
D224
D21A
D222
D23E
D26C
D2AE
D303
D36A
D3E5
D473
D513
D5C5
D689
D760
D847
D940
DA48
DB60
DC87
DDBD
DF01
E052
E1B0
E31A
E48F
E60F
E799
E92D
EAC9
EC6D
EE19
EFCB
F183
F341
F503
F6C9
F893
FA5F
FC2D
FDFD
FFCD
019E
036E
053E
070C
08D8
0AA1
0C67
0E2A
0FE9
11A3
1358
1508
16B3
1856
19F3
1B89
1D17
1E9E
201B
2190
22FB
245D
25B4
2701
2842
2979
2AA4
2BC2
2CD4
2DD9
2ED2
2FBC
3099
3167
3228
32D9
337B
340E
3491
3505
3569
35BD
3601
3636
365A
366E
3673
3667
364C
3620
35E5
359B
3542
34DA
3463
33DE
334B
32AB
31FD
3144
307E
2FAC
2ED0
2DE9
2CF9
2BFF
2AFD
29F4
28E1
27C8
26AA
2586
245E
2333
2205
20D5
1FA3
1E71
1D3E
1C0C
1ADC
19AD
1881
1758
1632
1510
13F3
12DB
11C8
10BB
0FB4
0EB4
0DBA
0CC6
0BDA
0AF5
0A17
0941
0871
07A9
06E9
0630
057E
04D3
042F
0391
02F9
0268
01DC
0155
00D4
0057
FFDF
FF6B
FEFB
FE8E
FE24
FDBE
FD5A
FCF8
FC99
FC3B
FBDF
FB84
FB2B
FAD3
FA7B
FA25
F9CF
F97B
F927
F8D4
F883
F832
F7E3
F795
F74A
F700
F6B9
F675
F634
F5F6
F5BD
F589
F559
F52F
F50B
F4EE
F4D7
F4C9
F4C2
F4C4
F4D0
F4E4
F504
F52D
F561
F5A1
F5EC
F644
F6A7
F716
F792
F81B
F8AF
F950
F9FE
FAB8
FB7D
FC4E
FD2B
FE12
FF03
FFFE
0102
020F
0323
043E
055E
0684
07AE
08DA
0A09
0B38
0C68
0D95
0EC1
0FE8
110B
1228
133E
144B
154F
1648
1736
1818
18ED
19B4
1A6B
1B13
1BA9
1C2E
1CA1
1D01
1D4E
1D88
1DAD
1DBF
1DBD
1DA7
1D7D
1D40
1CEF
1C8B
1C15
1B8D
1AF4
1A4B
1993
18CB
17F7
1715
1629
1533
1433
132D
1220
110F
0FFB
0EE6
0DD0
0CBB
0BA9
0A9B
0992
088F
0795
06A4
05BE
04E4
0416
0357
02A6
0206
0175
00F7
008A
0030
FFE8
FFB4
FF93
FF85
FF8B
FFA4
FFD1
000F
0060
00C3
0136
01B9
024D
02EF
039E
0459
051F
05EE
06C5
07A4
0887
096F
0A59
0B44
0C2E
0D16
0DFB
0EDA
0FB3
1085
114C
120A
12BB
135F
13F5
147C
14F2
1558
15AB
15ED
161B
1635
163C
162F
160F
15DA
1592
1535
14C6
1443
13AE
1308
1252
118B
10B7
0FD5
0EE6
0DED
0CEB
0BE1
0AD0
09BB
08A3
0789
066F
0557
0443
0334
022C
012C
0037
FF4D
FE70
FDA2
FCE4
FC37
FB9B
FB13
FAA0
FA42
F9F9
F9C8
F9AD
F9AA
F9BF
F9EB
FA2F
FA8B
FAFF
FB89
FC29
FCDF
FDAA
FE89
FF7B
007E
0191
02B3
03E3
051E
0664
07B2
0907
0A61
0BBE
0D1B
0E78
0FD3
1126
1273
13B7
14F1
161F
1740
1851
1951
1A3F
1B19
1BDD
1C8B
1D22
1DA0
1E04
1E4F
1E7F
1E94
1E8D
1E6B
1E2E
1DD5
1D61
1CD2
1C2A
1B68
1A8E
199C
1894
1777
1646
1503
13AE
124A
10D9
0F5D
0DD8
0C4B
0AB8
0922
078A
05F3
045F
02CF
0145
FFC5
FE4E
FCE4
FB88
FA3C
F901
F7D9
F6C6
F5C8
F4E1
F413
F35D
F2C1
F23F
F1D9
F18E
F15F
F14B
F153
F177
F1B6
F210
F285
F313
F3B9
F477
F54C
F636
F734
F845
F967
FA98
FBD7
FD22
FE77
FFD4
0138
02A0
040A
0575
06DE
0844
09A5
0AFE
0C4E
0D93
0ECC
0FF6
1110
1218
130D
13EE
14B9
156D
160A
168D
16F8
1748
177E
1799
1798
177D
1745
16F3
1686
15FE
155D
14A1
13CE
12E2
11E0
10C8
0F9B
0E5B
0D08
0BA5
0A33
08B2
0726
058F
03EE
0246
0098
FEE8
FD35
FB81
F9CE
F81D
F66F
F4C7
F325
F18B
EFFA
EE73
ECF8
EB89
EA28
E8D5
E792
E65E
E53A
E428
E327
E238
E15B
E090
DFD7
DF31
DE9D
DE1B
DDAA
DD4B
DCFD
DCC0
DC93
DC74
DC64
DC63
DC6F
DC88
DCAD
DCDE
DD1A
DD5F
DDAE
DE05
DE64
DECA
DF36
DFA7
E01E
E098
E117
E198
E21C
E2A1
E329
E3B1
E43A
E4C4
E54E
E5D8
E661
E6EA
E773
E7FB
E882
E906
E989
EA0B
EA8C
EB0E
EB8F
EC10
EC91
ED13
ED95
EE19
EE9D
EF23
EFAB
F034
F0BF
F14D
F1DC
F26F
F304
F39B
F436
F4D3
F573
F615
F6BA
F762
F80C
F8B8
F967
FA16
FAC8
FB7A
FC2D
FCE0
FD93
FE45
FEF7
FFA7
0056
0102
01AB
0251
02F3
0391
042B
04BF
054E
05D7
0659
06D5
074A
07B8
081F
087E
08D6
0925
096D
09AE
09E6
0A17
0A41
0A64
0A80
0A96
0AA6
0AB1
0AB7
0AB9
0AB6
0AB1
0AA8
0A9E
0A92
0A86
0A7A
0A6F
0A65
0A5E
0A5A
0A59
0A5D
0A66
0A75
0A8A
0AA5
0AC9
0AF4
0B27
0B64
0BA9
0BF7
0C4F
0CB1
0D1C
0D90
0E0E
0E96
0F26
0FBF
1060
1109
11B9
126F
132B
13EC
14B0
1578
1642
170D
17D7
18A1
1968
1A2C
1AEB
1BA4
1C56
1CFF
1D9F
1E34
1EBD
1F39
1FA7
2005
2054
2091
20BC
20D4
20D8
20C9
20A4
206B
201C
1FB8
1F3E
1EAF
1E0A
1D50
1C81
1B9E
1AA8
199E
1883
1756
1619
14CE
1375
1210
10A1
0F28
0DA8
0C22
0A98
090C
0780
05F5
046E
02EC
0171
0000
FE9A
FD41
FBF8
FABE
F997
F884
F786
F69E
F5CF
F518
F47C
F3FB
F396
F34D
F321
F313
F322
F34E
F398
F3FE
F481
F520
F5DA
F6AD
F79A
F89E
F9B8
FAE7
FC28
FD7A
FEDC
004A
01C4
0346
04CF
065C
07E9
0976
0AFF
0C82
0DFB
0F6A
10CB
121B
1359
1482
1594
168C
1769
1829
18C9
1948
19A6
19DF
19F4
19E3
19AC
194D
18C6
1818
1742
1644
151F
13D4
1262
10CB
0F10
0D34
0B38
091C
06E5
0493
0229
FFA9
FD17
FA75
F7C5
F50C
F24B
EF87
ECC2
EA00
E744
E491
E1EC
DF56
DCD4
DA69
D818
D5E4
D3D0
D1E0
D015
CE73
CCFD
CBB4
CA9C
C9B6
C903
C886
C840
C832
C85D
C8C1
C960
CA39
CB4D
CC9A
CE22
CFE2
D1DA
D409
D66D
D905
DBCF
DEC8
E1EF
E540
E8B9
EC58
F019
F3F9
F7F5
FC09
0033
046D
08B5
0D07
1161
15BE
1A18
1E6E
22BB
26FA
2B2A
2F45
3349
3731
3AFC
3EA5
4229
4586
48B9
4BC0
4E97
513D
53B0
55EE
57F5
59C5
5B5B
5CB8
5DDA
5EC0
5F6C
5FDC
6010
600A
5FC9
5F4F
5E9D
5DB5
5C97
5B43
59BE
5807
5621
540E
51D0
4F6B
4CDF
4A2F
475F
4471
4168
3E46
3B0E
37C3
3467
30FF
2D8B
2A10
2690
230D
1F8A
1C0A
188F
151C
11B2
0E55
0B06
07C7
049B
0182
FE7F
FB94
F8C1
F607
F369
F0E6
EE81
EC39
EA0F
E804
E619
E44E
E2A2
E116
DFAA
DE5E
DD32
DC25
DB37
DA67
D9B6
D921
D8AA
D84F
D80E
D7E9
D7DC
D7E9
D80D
D848
D898
D8FD
D975
DA01
DA9E
DB4C
DC09
DCD5
DDAF
DE95
DF87
E083
E189
E298
E3AF
E4CC
E5EF
E717
E843
E973
EAA5
EBD8
ED0C
EE40
EF73
F0A5
F1D4
F301
F429
F54D
F66C
F785
F897
F9A2
FAA6
FBA1
FC93
FD7B
FE58
FF2B
FFF2
00AD
015B
01FC
028E
0313
0388
03EF
0445
048B
04C0
04E5
04F8
04FA
04E9
04C7
0492
044C
03F3
0387
030A
027A
01D8
0125
0060
FF8A
FEA3
FDAD
FCA8
FB94
FA72
F943
F808
F6C2
F571
F418
F2B6
F14D
EFDF
EE6C
ECF6
EB7E
EA06
E88F
E71A
E5A9
E43D
E2D7
E17A
E027
DEDE
DDA2
DC74
DB54
DA45
D948
D85E
D787
D6C6
D61A
D586
D509
D4A4
D459
D426
D40E
D410
D42C
D463
D4B3
D51F
D5A4
D642
D6FA
D7CA
D8B1
D9B0
DAC4
DBED
DD29
DE78
DFD8
E147
E2C4
E44E
E5E3
E780
E925
EAD0
EC7E
EE2F
EFDF
F18E
F339
F4DF
F67D
F812
F99D
FB1B
FC8B
FDEB
FF3A
0077
01A0
02B3
03B1
0497
0565
061A
06B6
0737
079E
07EA
081B
0831
082D
080D
07D3
077F
0711
068A
05EB
0535
0469
0388
0294
018D
0076
FF4F
FE1B
FCDA
FB8E
FA39
F8DD
F77B
F614
F4AC
F342
F1D9
F073
EF11
EDB4
EC5F
EB12
E9CE
E896
E76A
E64C
E53B
E43A
E349
E269
E19C
E0E2
E039
DFA3
DF1F
DEAD
DE4E
DE00
DDC5
DD9A
DD81
DD77
DD7D
DD91
DDB3
DDE2
DE1C
DE61
DEAF
DF05
DF62
DFC5
E02C
E097
E103
E170
E1DC
E247
E2AE
E311
E36E
E3C6
E415
E45D
E49C
E4D0
E4FB
E51A
E52F
E537
E534
E524
E508
E4E1
E4AD
E46E
E424
E3D0
E371
E30A
E299
E222
E1A3
E11F
E097
E00C
DF7E
DEF0
DE62
DDD7
DD4E
DCCB
DC4D
DBD7
DB65
DAFD
DAA0
DA51
DA0F
D9DC
D9BA
D9A8
D9A9
D9BC
D9E3
DA1E
DA6E
DAD3
DB4D
DBDD
DC81
DD3C
DE0B
DEEF
DFE7
E0F3
E212
E342
E484
E5D6
E737
E8A5
EA20
EBA5
ED34
EECB
F067
F207
F3AA
F54E
F6F1
F892
FA2D
FBC3
FD50
FED3
004B
01B6
0311
045C
0595
06BB
07CC
08C7
09AB
0A77
0B2B
0BC5
0C44
0CA9
0CF3
0D22
0D36
0D2E
0D0C
0CCF
0C78
0C07
0B80
0AE0
0A2A
095E
087E
078B
0686
0571
044D
031D
01E1
009D
FF51
FDFF
FCAA
FB53
F9FD
F8A8
F758
F60E
F4CB
F392
F264
F143
F030
EF2D
EE3B
ED5B
EC8F
EBD8
EB36
EAAA
EA34
E9D6
E98E
E95F
E948
E948
E960
E98E
E9D4
EA2F
EAA0
EB25
EBBE
EC69
ED25
EDF1
EECB
EFB2
F0A5
F1A1
F2A6
F3B1
F4C0
F5D3
F6E7
F7FA
F90B
FA17
FB1E
FC1E
FD15
FE01
FEE0
FFB3
0076
012A
01CD
025E
02DC
0347
039D
03DF
040C
0423
0426
0413
03EB
03AF
035F
02FC
0286
01FE
0165
00BD
0006
FF42
FE73
FD99
FCB7
FBCE
FAE0
F9EF
F8FC
F809
F71B
F630
F54C
F46F
F39B
F2D2
F215
F167
F0C9
F03C
EFC2
EF5B
EF0A
EECE
EEAA
EE9D
EEA8
EECC
EF09
EF5F
EFCF
F057
F0F9
F1B3
F285
F36E
F46D
F581
F6A9
F7E4
F930
FA8C
FBF7
FD6D
FEEE
0077
0207
039B
0531
06C7
085A
09EA
0B72
0CF2
0E67
0FCE
1126
126D
13A1
14BF
15C5
16B3
1787
183F
18D9
1954
19B0
19EC
1A06
19FE
19D4
1986
1917
1884
17CE
16F5
15FB
14E0
13A6
124C
10D5
0F41
0D94
0BCD
09EF
07FC
05F6
03DF
01B9
FF88
FD4C
FB0A
F8C3
F67A
F432
F1ED
EFAE
ED77
EB4D
E930
E723
E52A
E347
E17B
DFC9
DE34
DCBE
DB68
DA34
D924
D83A
D776
D6DA
D668
D61F
D601
D60E
D647
D6AC
D73C
D7F8
D8E0
D9F2
DB2F
DC94
DE22
DFD7
E1B1
E3B0
E5D0
E812
EA72
ECEE
EF85
F233
F4F8
F7CF
FAB7
FDAD
00AE
03B7
06C6
09D8
0CEA
0FFA
1304
1607
18FF
1BE9
1EC4
218C
2440
26DD
2960
2BC8
2E12
303E
3248
3430
35F3
3791
3908
3A58
3B7E
3C7C
3D4F
3DF7
3E75
3EC8
3EEF
3EED
3EC1
3E6A
3DEA
3D41
3C70
3B78
3A5A
3918
37B2
362B
3483
32BD
30DA
2EDC
2CC4
2A96
2852
25FC
2394
211E
1E9B
1C0E
1978
16DC
143D
119C
0EFB
0C5D
09C4
0732
04A8
022B
FFBA
FD58
FB06
F8C6
F69B
F484
F284
F09D
EECF
ED1C
EB84
EA0A
E8AD
E76E
E64F
E550
E471
E3B2
E315
E299
E23E
E203
E1EA
E1F2
E21A
E262
E2C9
E34F
E3F3
E4B3
E590
E688
E799
E8C4
EA06
EB5E
ECCB
EE4C
EFDE
F181
F332
F4F1
F6BA
F88E
FA69
FC4A
FE2F
0016
01FE
03E5
05C9
07A8
0980
0B4F
0D14
0ECD
1079
1215
13A1
151A
167F
17CF
1909
1A2C
1B36
1C26
1CFA
1DB3
1E4F
1ECE
1F2E
1F70
1F93
1F97
1F7B
1F3F
1EE4
1E6A
1DD1
1D19
1C43
1B50
1A40
1914
17CD
166C
14F2
1361
11BA
0FFE
0E2E
0C4D
0A5C
085D
0652
043C
021E
FFF9
FDD0
FBA3
F976
F74B
F523
F300
F0E5
EED3
ECCD
EAD4
E8EA
E712
E54C
E39C
E201
E07E
DF15
DDC6
DC94
DB7E
DA87
D9AF
D8F7
D860
D7EA
D795
D763
D753
D765
D79A
D7F2
D86B
D905
D9BF
DA99
DB92
DCA9
DDDC
DF2A
E092
E212
E3A9
E556
E715
E8E7
EAC8
ECB6
EEB0
F0B4
F2C0
F4D1
F6E5
F8FB
FB10
FD22
FF2F
0135
0333
0525
070B
08E3
0AAC
0C64
0E09
0F99
1114
1278
13C4
14F7
1611
1710
17F5
18BF
196E
1A01
1A78
1AD5
1B17
1B3E
1B4B
1B3F
1B1C
1AE0
1A8F
1A28
19AE
1921
1883
17D6
171A
1653
1581
14A7
13C4
12DC
11F2
1105
1019
0F2F
0E49
0D68
0C8F
0BBF
0AF8
0A3E
0991
08F2
0864
07E6
0779
071F
06D9
06A7
0689
0680
068C
06AD
06E3
072E
078E
0801
0889
0923
09CF
0A8C
0B59
0C34
0D1D
0E12
0F12
101B
112B
1242
135D
147A
1598
16B6
17D1
18E8
19F8
1B01
1C00
1CF4
1DDC
1EB4
1F7D
2035
20DA
216B
21E7
224D
229C
22D2
22F0
22F5
22E0
22B1
2267
2202
2182
20E8
2035
1F67
1E81
1D82
1C6D
1B40
19FE
18A8
173F
15C5
143A
12A1
10FB
0F49
0D8E
0BCC
0A03
0836
0667
0497
02C9
00FF
FF39
FD7B
FBC5
FA1A
F87B
F6E9
F565
F3F2
F290
F143
F009
EEE6
EDD9
ECE3
EC05
EB40
EA94
EA01
E988
E928
E8E2
E8B5
E8A1
E8A5
E8C1
E8F5
E93F
E99E
EA12
EA9A
EB33
EBDE
EC98
ED61
EE36
EF17
F002
F0F5
F1EE
F2ED
F3EF
F4F3
F5F8
F6FB
F7FC
F8F8
F9EF
FADF
FBC6
FCA3
FD76
FE3D
FEF7
FFA3
0040
00CD
014B
01B8
0213
025D
0296
02BC
02D1
02D4
02C5
02A5
0274
0233
01E1
0181
0113
0097
000E
FF79
FEDA
FE30
FD7E
FCC4
FC03
FB3E
FA74
F9A7
F8D8
F809
F73B
F66E
F5A4
F4DE
F41E
F364
F2B0
F205
F162
F0C9
F03A
EFB6
EF3E
EED1
EE71
EE1D
EDD5
ED9B
ED6B
ED48
ED32
ED28
ED2A
ED38
ED51
ED74
EDA1
EDD8
EE17
EE5E
EEAB
EEFF
EF58
EFB4
F014
F076
F0D9
F13C
F19E
F1FE
F25B
F2B3
F307
F354
F39B
F3DA
F410
F43C
F45E
F476
F481
F480
F473
F459
F431
F3FC
F3B8
F367
F308
F29B
F220
F198
F102
F05F
EFAF
EEF4
EE2C
ED5A
EC7E
EB97
EAA8
E9B2
E8B4
E7B0
E6A6
E599
E489
E376
E263
E150
E03E
DF2E
DE23
DD1B
DC1A
DB1E
DA2B
D940
D85F
D788
D6BD
D5FF
D54D
D4AA
D416
D392
D31E
D2BB
D26A
D22A
D1FD
D1E2
D1DB
D1E7
D206
D239
D280
D2DA
D348
D3C9
D45D
D504
D5BD
D689
D766
D853
D952
DA60
DB7F
DCAC
DDE8
DF31
E088
E1EB
E359
E4D3
E657
E7E4
E97A
EB18
ECBE
EE6A
F01B
F1D2
F38D
F54D
F70F
F8D3
FA9A
FC62
FE2A
FFF3
01BB
0382
0548
070C
08CC
0A8A
0C44
0DFB
0FAE
115D
1307
14AC
164C
17E6
197A
1B08
1C8F
1E10
1F88
20FA
2263
23C4
251D
266C
27B2
28EF
2A21
2B49
2C65
2D77
2E7C
2F76
3063
3142
3215
32D9
3390
3437
34D0
3559
35D3
363C
3695
36DD
3714
373A
374E
3751
3742
3721
36EE
36AA
3654
35EC
3573
34E9
344E
33A3
32E8
321E
3145
305D
2F69
2E67
2D5A
2C42
2B1F
29F4
28BF
2783
2640
24F9
23AE
2260
2110
1FC0
1E70
1D21
1BD5
1A8C
1948
1809
16D0
159E
1473
1351
1239
1129
1024
0F29
0E39
0D53
0C79
0BA9
0AE4
0A2B
097B
08D6
083B
07A9
0721
06A1
0628
05B6
054B
04E5
0483
0425
03C9
0370
0318
02C0
0268
020E
01B2
0153
00F1
008B
0020
FFB0
FF3B
FEC1
FE40
FDBA
FD2E
FC9D
FC06
FB6A
FACA
FA26
F97E
F8D4
F82A
F77F
F6D4
F62B
F584
F4E1
F443
F3AC
F31C
F294
F218
F1A6
F142
F0EC
F0A5
F06F
F04A
F038
F03A
F050
F07B
F0BC
F114
F182
F207
F2A2
F355
F41E
F4FD
F5F2
F6FC
F81B
F94B
FA8E
FBE1
FD43
FEB4
0030
01B7
0346
04DC
0677
0815
09B3
0B4F
0CE8
0E7B
1007
1188
12FD
1465
15BD
1703
1836
1954
1A5C
1B4D
1C24
1CE2
1D85
1E0C
1E78
1EC7
1EFA
1F12
1F0D
1EED
1EB1
1E5B
1DEB
1D63
1CC3
1C0D
1B42
1A64
1975
1876
176A
1652
1530
1406
12D7
11A5
1071
0F3F
0E0F
0CE4
0BBF
0AA4
0993
088F
0798
06B1
05DB
0517
0466
03CA
0344
02D3
0278
0234
0206
01F0
01F0
0206
0233
0276
02CD
0338
03B7
0448
04EA
059C
065D
072C
0806
08EC
09DA
0AD1
0BCD
0CCF
0DD4
0EDC
0FE4
10EB
11F1
12F3
13F1
14EB
15DE
16CA
17AE
1889
195A
1A22
1ADF
1B92
1C39
1CD5
1D67
1DED
1E68
1ED8
1F3E
1F99
1FEA
2032
2070
20A6
20D4
20FA
2119
2131
2144
2150
2158
215B
2159
2154
214B
2142
2135
2126
2113
20FE
20E6
20CB
20AC
208B
2065
203C
200F
1FDC
1FA5
1F68
1F24
1EDA
1E89
1E2F
1DCE
1D63
1CEE
1C70
1BE7
1B53
1AB3
1A08
1950
188C
17BC
16DF
15F5
1500
13FD
12EF
11D5
10B0
0F80
0E46
0D02
0BB6
0A62
0908
07A8
0644
04DC
0372
0208
009F
FF37
FDD4
FC76
FB1E
F9CE
F889
F74E
F620
F500
F3EF
F2F0
F202
F128
F062
EFB1
EF15
EE91
EE25
EDD2
ED97
ED75
ED6D
ED7F
EDA9
EDED
EE49
EEBD
EF49
EFEB
F0A2
F16E
F24D
F33E
F43F
F54E
F66B
F793
F8C5
F9FE
FB3C
FC7E
FDC1
FF04
0044
017F
02B4
03DF
04FE
0610
0714
0807
08E8
09B5
0A6C
0B0C
0B94
0C03
0C57
0C8F
0CAC
0CAC
0C8E
0C53
0BFB
0B85
0AF3
0A43
0977
0890
078E
0674
0540
03F7
0297
0125
FFA1
FE0C
FC6A
FABD
F904
F744
F57E
F3B7
F1EF
F029
EE68
ECAF
EAFF
E95B
E7C6
E642
E4D0
E374
E22F
E103
DFF2
DEFE
DE28
DD72
DCDC
DC69
DC18
DBEB
DBE2
DBFE
DC3E
DCA2
DD2B
DDD8
DEA7
DF99
E0AE
E1E2
E335
E4A5
E630
E7D5
E990
EB61
ED44
EF37
F138
F343
F557
F770
F98B
FBA5
FDBC
FFCD
01D5
03D0
05BC
0796
095C
0B0B
0CA1
0E1A
0F75
10B0
11CA
12BF
138F
1438
14BA
1514
1544
154A
1526
14D7
145F
13BD
12F1
11FE
10E4
0FA4
0E3F
0CB9
0B12
094C
076A
056F
035D
0136
FEFE
FCB7
FA66
F80C
F5AC
F34B
F0EC
EE91
EC3E
E9F6
E7BC
E594
E380
E183
DF9F
DDD9
DC32
DAAC
D94A
D80D
D6F7
D60A
D547
D4AE
D442
D401
D3ED
D406
D44B
D4BC
D559
D61F
D70F
D826
D964
DAC5
DC49
DDED
DFAE
E18A
E37E
E588
E7A3
E9CE
EC06
EE47
F08D
F2D5
F51D
F75F
F999
FBC8
FDE8
FFF7
01F0
03D2
0599
0743
08CD
0A35
0B78
0C95
0D8A
0E56
0EF6
0F6B
0FB4
0FCF
0FBC
0F7C
0F0F
0E75
0DAF
0CBE
0BA3
0A60
08F6
0767
05B6
03E4
01F4
FFE9
FDC5
FB8C
F940
F6E4
F47C
F20B
EF94
ED1A
EAA2
E82D
E5C0
E35D
E108
DEC4
DC94
DA7A
D87A
D695
D4CF
D329
D1A5
D046
CF0C
CDFA
CD10
CC4F
CBB7
CB49
CB06
CAED
CAFE
CB39
CB9D
CC28
CCDA
CDB2
CEAC
CFC8
D104
D25D
D3D1
D55D
D6FF
D8B5
DA7A
DC4D
DE29
E00E
E1F6
E3E0
E5C8
E7AB
E987
EB58
ED1C
EED0
F071
F1FE
F373
F4CF
F60F
F734
F83A
F921
F9E7
FA8C
FB0F
FB6F
FBAD
FBC9
FBC2
FB9A
FB51
FAE9
FA62
F9BE
F8FE
F825
F734
F62E
F515
F3EB
F2B4
F171
F026
EED5
ED82
EC30
EAE0
E998
E85A
E728
E606
E4F6
E3FB
E317
E24D
E1A0
E112
E0A4
E058
E031
E02F
E054
E0A0
E115
E1B3
E27B
E36B
E485
E5C7
E731
E8C1
EA77
EC51
EE4E
F06B
F2A6
F4FD
F76D
F9F4
FC8F
FF39
01F0
04B1
0779
0A45
0D11
0FD9
129A
1551
17FA
1A91
1D13
1F7E
21CD
23FE
260D
27F8
29BC
2B58
2CC7
2E09
2F1C
2FFE
30AD
3129
3171
3184
3161
3109
307C
2FBA
2EC4
2D99
2C3D
2AB0
28F4
270B
24F7
22BB
2058
1DD2
1B2B
1867
1589
1293
0F8A
0C70
094A
061A
02E4
FFAD
FC77
F946
F61D
F300
EFF3
ECF8
EA13
E746
E495
E202
DF8F
DD40
DB15
D915
D73E
D592
D410
D2BB
D194
D09A
CFCE
CF30
CEBF
CE7C
CE65
CE7A
CEB9
CF22
CFB1
D067
D140
D23B
D356
D48D
D5DF
D749
D8C8
DA59
DBF9
DDA6
DF5D
E11A
E2DA
E49B
E65A
E813
E9C5
EB6B
ED05
EE8F
F006
F169
F2B6
F3EA
F504
F601
F6E2
F7A4
F846
F8C8
F928
F967
F984
F97F
F958
F90F
F8A6
F81B
F772
F6AA
F5C4
F4C3
F3A7
F273
F127
EFC6
EE52
ECCC
EB37
E995
E7E8
E633
E477
E2B7
E0F6
DF35
DD77
DBBE
DA0C
D863
D6C6
D536
D3B5
D244
D0E6
CF9C
CE67
CD49
CC42
CB54
CA80
C9C5
C926
C8A1
C838
C7EA
C7B8
C7A1
C7A6
C7C7
C802
C857
C8C5
C94B
C9E8
CA9B
CB63
CC40
CD2E
CE2F
CF3F
D05E
D18B
D2C4
D408
D555
D6AA
D806
D967
DACC
DC35
DD9F
DF0A
E074
E1DD
E343
E4A7
E606
E760
E8B5
EA04
EB4E
EC91
EDCD
EF01
F02D
F152
F26F
F383
F48F
F594
F690
F784
F871
F955
FA33
FB08
FBD7
FC9F
FD60
FE1B
FECF
FF7D
0025
00C7
0163
01F9
0289
0313
0398
0416
048F
0500
056D
05D2
0630
0686
06D5
071B
0759
078D
07B8
07D9
07EF
07FB
07FB
07F0
07D8
07B4
0784
0746
06FA
06A1
063B
05C6
0543
04B2
0414
0368
02AE
01E8
0114
0035
FF4A
FE54
FD54
FC4A
FB38
FA1F
F900
F7DD
F6B6
F58E
F465
F33E
F21B
F0FC
EFE4
EED5
EDD0
ECD8
EBEE
EB14
EA4C
E999
E8FC
E876
E80A
E7B9
E785
E770
E77B
E7A7
E7F6
E868
E8FF
E9BB
EA9E
EBA8
ECD8
EE2F
EFAD
F151
F31C
F50B
F71F
F957
FBB0
FE2A
00C3
0379
0649
0933
0C32
0F46
126A
159B
18D8
1C1D
1F65
22AF
25F6
2937
2C6F
2F99
32B2
35B6
38A2
3B72
3E21
40AE
4314
4550
475F
493D
4AE9
4C5F
4D9D
4EA0
4F66
4FEE
5036
503C
4FFF
4F7E
4EB9
4DB0
4C62
4AD0
48FB
46E2
4487
41ED
3F13
3BFD
38AD
3524
3167
2D77
2958
250E
209B
1C04
174D
127A
0D90
0893
0387
FE71
F956
F43A
EF22
EA12
E510
E01F
DB45
D686
D1E5
CD68
C912
C4E8
C0EC
BD22
B98F
B634
B315
B034
AD94
AB36
A91D
A74A
A5BE
A47B
A382
A2D2
A26B
A24E
A278
A2EB
A3A4
A4A3
A5E5
A768
A92B
AB2C
AD67
AFDA
B282
B55B
B862
BB95
BEEE
C26B
C608
C9C0
CD8F
D173
D565
D964
DD69
E172
E57A
E97E
ED79
F168
F546
F911
FCC4
005E
03DA
0735
0A6E
0D81
106C
132E
15C3
182B
1A64
1C6C
1E43
1FE8
215A
2299
23A5
247D
2523
2596
25D7
25E7
25C7
2578
24FC
2454
2382
2286
2164
201E
1EB5
1D2C
1B84
19C0
17E3
15ED
13E2
11C4
0F95
0D57
0B0D
08BA
065E
03FD
0198
FF32
FCCC
FA68
F808
F5AF
F35C
F112
EED3
EC9F
EA78
E85F
E655
E45B
E273
E09C
DED7
DD25
DB89
DA00
D88C
D72D
D5E3
D4AE
D38E
D284
D190
D0B2
CFEA
CF37
CE9B
CE15
CDA5
CD4B
CD07
CCD8
CCC0
CCBE
CCD2
CCFB
CD3A
CD8F
CDFA
CE7A
CF11
CFBC
D07E
D154
D240
D342
D458
D583
D6C3
D817
D97F
DAFC
DC8C
DE2F
DFE6
E1AF
E38A
E576
E773
E981
EB9D
EDC8
F001
F247
F498
F6F4
F959
FBC6
FE3A
00B3
0331
05B1
0832
0AB2
0D30
0FAA
121F
148C
16F1
194B
1B99
1DD9
2008
2225
242E
2621
27FE
29C1
2B6B
2CF8
2E68
2FB9
30EA
31FB
32E9
33B5
345C
34E0
353E
3577
358B
357A
3543
34E8
3467
33C3
32FC
3212
3107
2FDC
2E93
2D2E
2BAD
2A12
2860
2698
24BD
22D1
20D6
1ECE
1CBD
1AA5
1887
1668
1449
122D
1017
0E09
0C07
0A11
082C
0659
049A
02F2
0162
FFED
FE95
FD5A
FC3F
FB44
FA6B
F9B5
F924
F8B7
F86E
F84A
F849
F86D
F8B4
F91E
F9AA
FA56
FB22
FC0B
FD11
FE31
FF69
00B8
021A
038E
0510
069F
0838
09D7
0B7A
0D1E
0EC0
105D
11F3
137E
14FC
166A
17C5
190C
1A39
1B4D
1C45
1D20
1DDA
1E74
1EEA
1F3C
1F69
1F70
1F51
1F0A
1E9C
1E07
1D4B
1C69
1B62
1A36
18E7
1776
15E6
1437
126C
1087
0E8C
0C7B
0A59
0827
05EA
03A4
0159
FF0B
FCBC
FA72
F830
F5F9
F3D0
F1B9
EFB7
EDCC
EBFD
EA4B
E8BA
E74C
E604
E4E3
E3EC
E320
E282
E211
E1D0
E1BF
E1DF
E230
E2B1
E364
E446
E558
E698
E805
E99E
EB5F
ED48
EF57
F189
F3DC
F64A
F8D3
FB71
FE22
00E3
03AF
0683
095B
0C34
0F09
11D7
1499
174D
19EE
1C79
1EEA
213F
2372
2583
276D
292E
2AC3
2C2A
2D61
2E67
2F39
2FD7
303F
3071
306C
302F
2FBC
2F12
2E33
2D1F
2BD8
2A5F
28B7
26E1
24DF
22B6
2066
1DF4
1B62
18B5
15EF
1315
102A
0D33
0A33
072E
0429
0127
FE2E
FB40
F862
F599
F2E7
F050
EDD9
EB84
E955
E74E
E572
E3C5
E248
E0FE
DFE9
DF09
DE61
DDF2
DDBB
DDBD
DDF9
DE6D
DF1A
DFFE
E118
E267
E3E9
E59C
E77D
E98A
EBC0
EE1C
F09B
F339
F5F3
F8C4
FBAA
FE9F
01A0
04A9
07B6
0AC2
0DC9
10C7
13B7
1696
1960
1C0F
1EA2
2114
2361
2587
2783
2951
2AEF
2C5B
2D93
2E94
2F5E
2FEF
3047
3064
3046
2FED
2F5A
2E8C
2D86
2C47
2AD2
2927
274A
253B
22FE
2095
1E03
1B4B
186F
1574
125C
0F2B
0BE5
088E
0529
01BB
FE47
FAD1
F75D
F3EF
F08A
ED33
E9EC
E6B9
E39E
E09D
DDBA
DAF7
D857
D5DC
D389
D15F
CF60
CD8E
CBE9
CA73
C92C
C814
C72B
C673
C5E9
C58F
C563
C563
C58F
C5E6
C665
C70A
C7D4
C8C0
C9CC
CAF5
CC39
CD95
CF07
D08A
D21D
D3BC
D564
D713
D8C5
DA77
DC28
DDD2
DF75
E10E
E299
E415
E57F
E6D3
E812
E939
EA48
EB3C
EC15
ECD1
ED70
EDF1
EE54
EE98
EEBE
EEC6
EEB0
EE7D
EE2E
EDC3
ED3E
ECA0
EBEA
EB1F
EA40
E94E
E84C
E73B
E61F
E4F8
E3CA
E296
E15F
E028
DEF1
DDBD
DC8F
DB6A
DA4E
D93F
D83E
D74D
D66E
D5A3
D4EE
D44F
D3C8
D35B
D307
D2CF
D2B3
D2B2
D2CF
D308
D35F
D3D1
D461
D50C
D5D3
D6B4
D7B0
D8C3
D9EF
DB31
DC87
DDF1
DF6D
E0F6
E28E
E433
E5E2
E79A
E95A
EB1E
ECE6
EEB0
F079
F240
F403
F5C1
F777
F925
FAC9
FC61
FDEC
FF69
00D8
0236
0383
04BF
05E9
0701
0806
08F8
09D7
0AA3
0B5C
0C03
0C99
0D1C
0D90
0DF3
0E47
0E8D
0EC5
0EF2
0F13
0F2B
0F3A
0F41
0F43
0F3F
0F38
0F2F
0F25
0F1A
0F11
0F0B
0F08
0F0A
0F12
0F20
0F36
0F54
0F7B
0FAB
0FE5
1029
1078
10D1
1135
11A6
1220
12A5
1335
13CD
146F
1519
15CA
1682
1740
1804
18CB
1995
1A61
1B2D
1BF9
1CC3
1D8A
1E4D
1F0A
1FC1
2070
2115
21B1
2241
22C4
233A
23A2
23FB
2443
247B
24A1
24B4
24B5
24A3
247F
2447
23FC
239F
232E
22AB
2216
2170
20B8
1FEF
1F17
1E31
1D3C
1C3A
1B2D
1A15
18F3
17CA
1699
1563
1429
12EB
11AD
106F
0F32
0DF8
0CC3
0B93
0A6B
094B
0836
072B
062C
053B
0458
0383
02BF
020C
016A
00DA
005D
FFF3
FF9C
FF59
FF29
FF0E
FF05
FF11
FF2F
FF60
FFA3
FFF8
005F
00D5
015B
01F0
0292
0341
03FC
04C1
0590
0667
0745
0829
0912
09FE
0AEC
0BDB
0CCA
0DB8
0EA3
0F8A
106D
1149
121F
12ED
13B2
146F
1520
15C7
1663
16F2
1776
17EC
1855
18B1
1900
1941
1974
199A
19B3
19BF
19BF
19B1
1997
1972
1942
1908
18C4
1877
1822
17C6
1763
16FA
168B
1619
15A2
1529
14AD
1431
13B3
1336
12BA
1240
11C8
1152
10E0
1073
100A
0FA6
0F48
0EF0
0E9E
0E53
0E10
0DD4
0D9F
0D72
0D4D
0D2F
0D19
0D0C
0D06
0D08
0D13
0D25
0D3F
0D61
0D8A
0DBB
0DF4
0E34
0E7B
0EC9
0F1E
0F7A
0FDD
1045
10B5
112A
11A6
1227
12AE
133B
13CD
1465
1502
15A4
164B
16F7
17A7
185D
1917
19D5
1A99
1B60
1C2D
1CFD
1DD2
1EAA
1F87
2068
214D
2235
2320
240F
2501
25F6
26ED
27E6
28E1
29DE
2ADB
2BD9
2CD7
2DD5
2ED2
2FCD
30C6
31BD
32B0
339F
3488
356C
3648
371E
37EA
38AD
3966
3A14
3AB6
3B4B
3BD2
3C4B
3CB4
3D0C
3D54
3D89
3DAB
3DBB
3DB5
3D9C
3D6C
3D27
3CCB
3C59
3BCF
3B2E
3A76
39A5
38BD
37BE
36A6
3578
3432
32D5
3162
2FDA
2E3D
2C8B
2AC6
28EE
2705
250C
2304
20ED
1ECA
1C9C
1A64
1824
15DD
1391
1141
0EEF
0C9D
0A4C
07FE
05B4
0371
0135
FF03
FCDC
FAC1
F8B3
F6B5
F4C7
F2EB
F122
EF6E
EDCF
EC47
EAD6
E97E
E83E
E718
E60D
E51B
E445
E38A
E2E9
E264
E1FA
E1AB
E176
E15C
E15B
E172
E1A2
E1E9
E247
E2BA
E342
E3DD
E48B
E549
E616
E6F2
E7DA
E8CF
E9CD
EAD5
EBE4
ECFA
EE14
EF31
F051
F171
F290
F3AE
F4C8
F5DE
F6EF
F7F9
F8FB
F9F5
FAE6
FBCD
FCA9
FD79
FE3D
FEF5
FFA0
003E
00CE
0151
01C6
022E
0287
02D4
0313
0345
036C
0386
0394
0398
0391
0380
0366
0343
0318
02E6
02AE
026F
022B
01E3
0197
0148
00F7
00A4
0050
FFFB
FFA7
FF53
FF00
FEAF
FE60
FE14
FDCA
FD83
FD40
FD00
FCC4
FC8C
FC58
FC28
FBFC
FBD4
FBB1
FB91
FB75
FB5C
FB47
FB36
FB27
FB1B
FB12
FB0B
FB06
FB03
FB01
FB00
FB01
FB02
FB04
FB06
FB09
FB0B
FB0E
FB10
FB13
FB15
FB16
FB18
FB1A
FB1C
FB1E
FB20
FB23
FB27
FB2D
FB34
FB3C
FB47
FB55
FB66
FB7A
FB93
FBB0
FBD2
FBF9
FC26
FC5A
FC95
FCD6
FD20
FD72
FDCD
FE30
FE9D
FF14
FF94
001F
00B4
0153
01FE
02B3
0372
043D
0512
05F1
06D9
07CC
08C8
09CC
0AD9
0BED
0D08
0E29
0F50
107C
11AB
12DE
1412
1547
167D
17B1
18E4
1A13
1B3E
1C64
1D83
1E9B
1FAB
20B1
21AC
229B
237E
2453
251A
25D2
267A
2711
2798
280C
286F
28BF
28FC
2925
293C
293E
292E
290A
28D2
2888
282B
27BB
273A
26A8
2605
2552
2490
23C0
22E2
21F8
2103
2003
1EFA
1DE9
1CD1
1BB4
1A92
196E
1847
171F
15F8
14D2
13AF
1290
1176
1062
0F55
0E50
0D54
0C62
0B7B
0A9F
09CF
090C
0857
07AF
0716
068B
060F
05A2
0544
04F6
04B7
0487
0466
0453
0450
045A
0473
049A
04CD
050E
055A
05B2
0615
0683
06F9
0779
0801
0890
0926
09C2
0A63
0B09
0BB3
0C5F
0D0F
0DC0
0E72
0F25
0FD8
108B
113C
11ED
129B
1348
13F1
1496
1538
15D7
1673
170A
179E
182F
18BB
1944
19C8
1A48
1AC5
1B3D
1BB1
1C22
1C8E
1CF7
1D5C
1DBD
1E1A
1E73
1EC9
1F1B
1F69
1FB4
1FFB
203D
207C
20B6
20EC
211E
214B
2175
219A
21B9
21D3
21E7
21F5
21FC
21FC
21F5
21E5
21CE
21AD
2184
2151
2114
20CD
207A
201D
1FB4
1F40
1EBF
1E32
1D99
1CF2
1C3F
1B7F
1AB3
19D9
18F3
1800
1701
15F5
14E0
13BF
1294
115E
1020
0ED8
0D89
0C33
0AD6
0975
0810
06A7
053E
03D3
0269
0102
FF9D
FE3D
FCE3
FB90
FA46
F906
F7D1
F6A8
F58D
F481
F386
F29B
F1C3
F0FE
F04D
EFB1
EF2B
EEBC
EE63
EE22
EDF8
EDE6
EDEB
EE09
EE3E
EE8A
EEEC
EF66
EFF4
F097
F14E
F218
F2F3
F3DF
F4D9
F5E1
F6F4
F812
F939
FA66
FB98
FCCD
FE03
FF39
006B
0199
02C0
03DF
04F3
05FA
06F3
07DC
08B3
0978
0A27
0AC0
0B43
0BAC
0BFC
0C32
0C4C
0C4B
0C2D
0BF3
0B9C
0B29
0A9A
09EE
0927
0846
074A
0636
0509
03C7
0270
0105
FF88
FDFC
FC62
FABD
F90D
F756
F599
F3DA
F21A
F05C
EEA2
ECEF
EB45
E9A6
E815
E694
E526
E3CB
E287
E15C
E04B
DF55
DE7D
DDC4
DD2B
DCB3
DC5E
DC2B
DC1C
DC30
DC69
DCC5
DD46
DDEA
DEB0
DF99
E0A4
E1CF
E319
E47F
E601
E79D
E950
EB19
ECF5
EEE2
F0DC
F2E3
F4F2
F707
F920
FB39
FD4F
FF60
0169
0367
0557
0736
0901
0AB7
0C54
0DD6
0F3B
1081
11A5
12A6
1382
1438
14C5
152A
1565
1576
155D
151A
14AC
1414
1353
1269
1157
101E
0EC0
0D3F
0B9C
09D9
07F9
05FE
03EA
01C1
FF84
FD38
FADF
F87C
F613
F3A7
F13B
EED2
EC70
EA18
E7CE
E594
E36D
E15D
DF66
DD8D
DBD2
DA3A
D8C5
D777
D651
D554
D483
D3DE
D367
D31D
D303
D317
D359
D3CA
D469
D534
D62B
D74D
D896
DA07
DB9C
DD53
DF29
E11D
E32A
E54E
E786
E9CE
EC23
EE81
F0E5
F34B
F5AF
F80E
FA63
FCAC
FEE5
010A
0319
050C
06E3
0899
0A2D
0B9B
0CE1
0DFE
0EEE
0FB2
1047
10AD
10E2
10E7
10BB
105F
0FD2
0F15
0E2A
0D12
0BCE
0A60
08C9
070D
052E
032F
0112
FEDB
FC8D
FA2B
F7B9
F53A
F2B3
F025
ED96
EB09
E881
E602
E390
E12E
DEDF
DCA7
DA88
D886
D6A2
D4E0
D341
D1C8
D075
CF4C
CE4C
CD77
CCCD
CC4F
CBFC
CBD4
CBD7
CC05
CC5D
CCDC
CD83
CE4E
CF3C
D04B
D178
D2C2
D424
D59E
D72B
D8C8
DA73
DC29
DDE6
DFA8
E16B
E32C
E4E8
E69D
E847
E9E4
EB71
ECEC
EE54
EFA5
F0DE
F1FE
F302
F3EA
F4B5
F563
F5F4
F666
F6BA
F6F1
F70B
F708
F6EB
F6B4
F664
F5FD
F581
F4F3
F453
F3A5
F2EA
F226
F15A
F08A
EFB7
EEE5
EE16
ED4C
EC8C
EBD5
EB2C
EA93
EA0C
E998
E93B
E8F6
E8CA
E8B8
E8C2
E8E9
E92E
E990
EA12
EAB1
EB70
EC4C
ED46
EE5D
EF90
F0DE
F246
F3C5
F55A
F704
F8BF
FA8B
FC64
FE49
0036
0229
0420
0617
080C
09FD
0BE6
0DC4
0F97
115A
130B
14A8
162E
179A
18EC
1A21
1B36
1C2B
1CFE
1DAE
1E3A
1EA0
1EE0
1EFA
1EED
1EB9
1E5E
1DDD
1D36
1C6A
1B79
1A66
1930
17DA
1666
14D4
1327
1160
0F83
0D91
0B8D
0979
0757
052B
02F6
00BC
FE7E
FC40
FA05
F7CE
F59E
F379
F160
EF56
ED5D
EB77
E9A6
E7ED
E64D
E4C8
E35F
E214
E0E9
DFDE
DEF4
DE2C
DD88
DD06
DCA8
DC6E
DC58
DC65
DC97
DCEC
DD63
DDFC
DEB5
DF8D
E083
E195
E2C3
E40A
E569
E6DE
E868
EA03
EBAF
ED69
EF2F
F100
F2D7
F4B5
F696
F878
FA59
FC37
FE0F
FFE0
01A8
0365
0514
06B4
0844
09C1
0B2B
0C80
0DBE
0EE4
0FF2
10E7
11C0
127F
1322
13A9
1413
1461
1492
14A7
14A0
147D
143F
13E7
1375
12EA
1247
118D
10BF
0FDC
0EE6
0DDF
0CC9
0BA4
0A73
0937
07F3
06A7
0556
0402
02AC
0156
0001
FEB0
FD63
FC1D
FAE0
F9AC
F883
F766
F658
F558
F468
F389
F2BC
F202
F15B
F0C8
F049
EFDE
EF88
EF47
EF1B
EF04
EF00
EF11
EF35
EF6C
EFB6
F010
F07B
F0F5
F17E
F214
F2B7
F365
F41D
F4DD
F5A5
F674
F747
F81E
F8F8
F9D2
FAAD
FB87
FC5E
FD31
FE00
FECA
FF8D
0048
00FB
01A5
0246
02DC
0367
03E7
045C
04C4
0520
0570
05B3
05E8
0612
0630
0642
0649
0645
0636
061E
05FD
05D3
05A1
0568
0528
04E3
0499
044B
03F9
03A6
0350
02FA
02A4
024F
01FB
01A9
015B
010F
00C8
0085
0048
000F
FFDD
FFB3
FF8E
FF71
FF59
FF48
FF3D
FF39
FF3B
FF42
FF4F
FF61
FF77
FF92
FFB0
FFD1
FFF5
001A
0040
0067
008D
00B1
00D4
00F3
010E
0125
0137
0142
0146
0142
0136
0121
0102
00D8
00A3
0063
0016
FFBE
FF59
FEE7
FE68
FDDD
FD44
FC9F
FBEE
FB30
FA67
F992
F8B2
F7C8
F6D5
F5D9
F4D5
F3C9
F2B8
F1A2
F088
EF6B
EE4C
ED2D
EC0E
EAF2
E9D8
E8C3
E7B4
E6AA
E5A9
E4B1
E3C3
E2E1
E20B
E143
E08A
DFE0
DF47
DEBF
DE4A
DDE7
DD97
DD5B
DD34
DD21
DD22
DD38
DD63
DDA3
DDF7
DE5F
DEDB
DF6A
E00B
E0BF
E183
E258
E33B
E42D
E52C
E637
E74C
E86A
E990
EABD
EBEE
ED23
EE5A
EF91
F0C7
F1FB
F32A
F453
F575
F68F
F79E
F8A2
F999
FA82
FB5B
FC24
FCDC
FD80
FE12
FE8F
FEF8
FF4B
FF88
FFAF
FFBF
FFB8
FF9A
FF63
FF16
FEB3
FE39
FDA9
FD05
FC4B
FB7F
FA9F
F9AD
F8AB
F799
F678
F54A
F410
F2CB
F17D
F027
EECA
ED68
EC03
EA9B
E933
E7CC
E667
E506
E3A9
E254
E106
DFC1
DE86
DD57
DC34
DB1F
DA18
D921
D839
D762
D69C
D5E8
D546
D4B6
D43A
D3D0
D37A
D337
D307
D2EA
D2E0
D2E8
D303
D32F
D36C
D3BA
D418
D486
D502
D58D
D624
D6C8
D778
D833
D8F8
D9C6
DA9E
DB7D
DC63
DD50
DE42
DF39
E034
E133
E235
E33A
E441
E549
E653
E75E
E86A
E976
EA82
EB8F
EC9C
EDA9
EEB6
EFC4
F0D3
F1E2
F2F3
F405
F518
F62E
F745
F860
F97E
FA9F
FBC4
FCED
FE1A
FF4D
0085
01C3
0306
0450
05A1
06F7
0855
09B9
0B23
0C94
0E0C
0F89
110C
1295
1422
15B4
1749
18E1
1A7C
1C18
1DB5
1F51
20EB
2283
2417
25A5
272E
28AF
2A27
2B96
2CF8
2E4D
2F94
30CB
31F0
3302
3400
34E8
35BA
3674
3714
379A
3804
3852
3883
3895
388A
385F
3814
37A9
371E
3674
35A9
34BE
33B3
328A
3142
2FDD
2E5C
2CBE
2B05
2934
274A
254B
2338
2112
1EDC
1C98
1A48
17ED
158B
1324
10BB
0E51
0BEA
0987
072C
04DB
0296
0061
FE3D
FC2D
FA34
F853
F68D
F4E5
F35B
F1F2
F0AC
EF89
EE8D
EDB7
ED08
EC81
EC24
EBF1
EBE9
EC0C
EC59
ECD2
ED74
EE41
EF37
F054
F199
F303
F492
F643
F814
FA04
FC11
FE38
0076
02CA
0530
07A5
0A28
0CB4
0F48
11DF
1478
170E
199F
1C28
1EA6
2115
2374
25BE
27F2
2A0C
2C0B
2DEB
2FAA
3147
32C0
3412
353C
363C
3712
37BD
383B
388C
38B0
38A6
386F
380B
377B
36BE
35D7
34C6
338D
322D
30A9
2F01
2D38
2B51
294F
2733
2501
22BA
2062
1DFC
1B8B
1912
1695
1416
1198
0F1F
0CAF
0A49
07F2
05AC
037A
015F
FF5E
FD79
FBB3
FA0E
F88C
F72F
F5F9
F4EB
F407
F34D
F2BF
F25E
F229
F222
F248
F29B
F31A
F3C5
F49B
F59B
F6C3
F811
F985
FB1C
FCD5
FEAC
009F
02AD
04D1
070A
0955
0BAE
0E12
107F
12F1
1565
17D8
1A46
1CAC
1F08
2156
2394
25BD
27D0
29CA
2BA8
2D66
2F04
307F
31D6
3306
340E
34ED
35A1
362A
3686
36B6
36B9
368F
3638
35B4
3505
342B
3326
31F9
30A5
2F2B
2D8D
2BCD
29ED
27EF
25D7
23A6
215F
1F04
1C99
1A20
179D
1512
1281
0FEF
0D5D
0AD0
0849
05CB
035A
00F8
FEA7
FC6B
FA45
F837
F644
F46D
F2B5
F11C
EFA5
EE50
ED1E
EC10
EB27
EA63
E9C4
E94B
E8F6
E8C6
E8BB
E8D2
E90C
E966
E9E1
EA7C
EB33
EC05
ECF1
EDF3
EF09
F032
F16B
F2B1
F402
F55C
F6BC
F820
F985
FAE8
FC47
FDA0
FEF0
0035
016D
0295
03AC
04B0
059F
0678
0739
07E0
086E
08E1
0937
0972
0990
0992
0978
0942
08EF
0882
07F9
0757
069D
05CB
04E4
03E9
02DB
01BD
0091
FF59
FE16
FCCC
FB7D
FA2C
F8DA
F78A
F63F
F4FC
F3C2
F295
F178
F06B
EF72
EE90
EDC5
ED15
EC82
EC09
EBB0
EB78
EB63
EB72
EBA6
EBFF
EC7F
ED26
EDF4
EEEA
F006
F14A
F2B3
F442
F5F6
F7CE
F9C7
FBE1
FE1B
0071
02E3
056D
080F
0AC4
0D8C
1062
1345
1631
1924
1C1B
1F12
2203
24EF
27D2
2AAA
2D73
302B
32CE
355B
37CE
3A25
3C5D
3E74
4068
4236
43DD
455B
46AF
47D7
48D2
499F
4A3D
4AAB
4AEA
4AF8
4AD7
4A86
4A05
4956
4879
476F
4639
44D9
4350
41A0
3FCA
3DD1
3BB7
397E
3729
34B9
3231
2F95
2CE6
2A28
275C
2487
21AB
1ECA
1BE8
1906
1629
1352
1084
0DC1
0B0C
0867
05D5
0357
00F0
FEA0
FC6B
FA50
F853
F673
F4B2
F310
F190
F030
EEF2
EDD6
ECDB
EC02
EB4A
EAB4
EA3D
E9E6
E9AE
E993
E995
E9B3
E9EA
EA3A
EAA2
EB1F
EBB0
EC53
ED07
EDC9
EE99
EF74
F058
F144
F236
F32D
F426
F520
F617
F70D
F800
F8EE
F9D6
FAB8
FB91
FC62
FD29
FDE5
FE97
FF3D
FFD8
0066
00E9
0160
01CB
022B
027F
02C9
0309
033F
036C
0392
03B1
03CA
03DE
03EE
03FC
0408
0415
0422
0431
0444
045C
0479
049E
04CA
0500
0540
058B
05E2
0646
06B7
0737
07C5
0863
0910
09CC
0A98
0B74
0C5F
0D5A
0E63
0F7A
109F
11D1
130E
1457
15A9
1704
1866
19CE
1B3A
1CA7
1E16
1F85
20F1
2259
23BA
2514
2664
27A9
28DF
2A06
2B1C
2C1E
2D0B
2DE1
2E9E
2F41
2FC8
3031
307C
30A7
30B0
3097
305C
2FFC
2F78
2ECE
2DFF
2D0B
2BF1
2AB2
294D
27C3
2614
2442
224E
2038
1E01
1BAC
193A
16AB
1403
1143
0E6C
0B81
0884
0578
025F
FF3A
FC0D
F8DB
F5A5
F26F
EF3B
EC0C
E8E4
E5C6
E2B5
DFB3
DCC3
D9E8
D723
D478
D1E8
CF78
CD28
CAF9
C8EF
C70A
C54C
C3B8
C24D
C10E
BFFC
BF17
BE60
BDD9
BD81
BD58
BD60
BD98
BE00
BE97
BF5E
C053
C176
C2C7
C444
C5EB
C7BD
C9B7
CBD8
CE1E
D088
D314
D5C0
D88C
DB74
DE76
E190
E4C1
E805
EB5B
EEC0
F232
F5AF
F935
FCC0
0050
03E2
0773
0B02
0E8B
120F
1589
18F9
1C5C
1FB1
22F5
2628
2947
2C51
2F45
3221
34E5
378E
3A1C
3C8E
3EE3
411A
4333
452C
4706
48BF
4A58
4BD0
4D27
4E5D
4F72
5065
5138
51E9
527A
52EA
533B
536C
537D
5370
5345
52FD
5297
5216
5178
50C1
4FEF
4F04
4E00
4CE6
4BB4
4A6D
4910
47A0
461C
4487
42E0
4129
3F63
3D8F
3BAE
39C0
37C6
35C2
33B5
319F
2F82
2D5E
2B34
2906
26D5
24A0
226A
2034
1DFE
1BC9
1996
1766
153B
1315
10F6
0EDD
0CCD
0AC6
08C6
06D3
04EB
0310
0143
FF84
FDD5
FC36
FAA9
F92D
F7C3
F66D
F52A
F3FB
F2E2
F1DD
F0EE
F015
EF53
EEA7
EE12
ED93
ED2C
ECDB
ECA2
EC7F
EC73
EC7D
EC9D
ECD3
ED1E
ED7E
EDF1
EE77
EF0F
EFBA
F075
F140
F21B
F304
F3F9
F4FB
F608
F71F
F83E
F965
FA91
FBC3
FCF8
FE2F
FF68
00A0
01D6
030A
0439
0563
0687
07A3
08B5
09BE
0ABB
0BAD
0C91
0D67
0E2F
0EE7
0F90
1027
10AC
111F
1180
11CE
120A
1232
1247
1248
1237
1213
11DD
1194
113A
10CF
1053
0FC8
0F2E
0E86
0DD1
0D10
0C44
0B6E
0A8F
09A9
08BD
07CC
06D7
05E0
04E9
03F2
02FE
020C
011F
0037
FF56
FE7E
FDAE
FCE9
FC30
FB83
FAE3
FA52
F9CF
F95C
F8FA
F8A8
F867
F838
F81B
F80F
F815
F82E
F857
F892
F8DE
F93B
F9A7
FA23
FAAD
FB44
FBE7
FC96
FD4F
FE11
FEDB
FFAC
0083
015D
023B
0319
03F7
04D3
05AC
0680
074E
0813
08CF
0981
0A25
0ABC
0B45
0BBC
0C22
0C76
0CB5
0CE0
0CF6
0CF5
0CDC
0CAC
0C64
0C03
0B88
0AF4
0A48
0982
08A4
07AD
069E
0578
043A
02E7
017E
0001
FE71
FCCE
FB1B
F958
F787
F5AA
F3C1
F1D0
EFD6
EDD6
EBD2
E9CC
E7C5
E5C0
E3BE
E1C0
DFCA
DDDD
DBFA
DA24
D85E
D6A9
D505
D374
D1F8
D092
CF43
CE0D
CCF2
CBF1
CB0C
CA44
C99A
C90E
C8A0
C852
C823
C814
C824
C854
C8A2
C910
C99B
CA44
CB0A
CBEC
CCE9
CDFF
CF2E
D075
D1D1
D341
D4C5
D65B
D7FF
D9B1
DB6F
DD37
DF06
E0DC
E2B5
E491
E66D
E847
EA1E
EBEF
EDB8
EF79
F12E
F2D8
F472
F5FE
F778
F8DF
FA32
FB71
FC99
FDAA
FEA4
FF84
004B
00F9
018C
0204
0261
02A3
02CB
02D8
02CC
02A6
0268
0212
01A4
0120
0087
FFDA
FF19
FE47
FD65
FC73
FB75
FA6A
F955
F838
F714
F5EA
F4BE
F390
F262
F136
F00F
EEED
EDD2
ECC0
EBBA
EABF
E9D3
E8F6
E82A
E771
E6CD
E63D
E5C4
E563
E51A
E4EA
E4D3
E4D8
E4F7
E531
E586
E5F7
E684
E72C
E7EF
E8CC
E9C4
EAD5
EBFE
ED40
EE98
F006
F188
F31E
F4C6
F67E
F845
FA19
FBF9
FDE2
FFD4
01CB
03C7
05C6
07C5
09C3
0BBD
0DB2
0FA0
1184
135D
1529
16E6
1893
1A2D
1BB3
1D23
1E7C
1FBC
20E3
21ED
22DB
23AC
245E
24F0
2562
25B3
25E3
25F0
25DC
25A6
254D
24D2
2435
2376
2296
2196
2075
1F36
1DD9
1C5F
1ACA
191A
1752
1571
137C
1172
0F55
0D28
0AED
08A4
0652
03F6
0194
FF2D
FCC5
FA5C
F7F5
F592
F335
F0E1
EE97
EC59
EA2A
E80B
E5FF
E406
E224
E059
DEA7
DD10
DB94
DA36
D8F7
D7D7
D6D7
D5F8
D53C
D4A2
D42B
D3D7
D3A7
D39A
D3B1
D3EB
D447
D4C6
D567
D629
D70C
D80D
D92D
DA69
DBC2
DD35
DEC1
E064
E21C
E3E9
E5C7
E7B5
E9B1
EBBA
EDCC
EFE6
F205
F428
F64D
F870
FA90
FCAB
FEBF
00CA
02C8
04B9
069B
086B
0A28
0BCF
0D60
0ED9
1037
117B
12A1
13AA
1494
155E
1608
1690
16F6
173A
175C
175A
1736
16F0
1687
15FC
1550
1484
1397
128C
1162
101C
0EBB
0D40
0BAC
0A01
0841
066E
0489
0295
0093
FE85
FC6E
FA4F
F82B
F604
F3DD
F1B5
EF92
ED74
EB5D
E951
E750
E55D
E379
E1A8
DFE9
DE40
DCAE
DB33
D9D3
D88D
D763
D657
D569
D49A
D3EA
D35B
D2ED
D2A0
D274
D269
D280
D2B7
D30F
D388
D41F
D4D6
D5AA
D69E
D7AD
D8D7
DA1A
DB75
DCE6
DE6C
E005
E1AF
E368
E52F
E701
E8DD
EAC0
ECA9
EE96
F084
F271
F45C
F641
F821
F9F7
FBC3
FD82
FF33
00D3
0262
03DE
0544
0695
07CD
08ED
09F3
0ADE
0BAD
0C5F
0CF4
0D6B
0DC3
0DFC
0E16
0E12
0DEF
0DAD
0D4D
0CD0
0C36
0B7F
0AAD
09C0
08BA
079C
0667
051C
03BD
024B
00C8
FF35
FD94
FBE8
FA30
F871
F6AA
F4DE
F30E
F13D
EF6D
ED9E
EBD4
EA0F
E851
E69D
E4F3
E355
E1C5
E043
DED3
DD73
DC27
DAEE
D9CB
D8BD
D7C6
D6E6
D61E
D56E
D4D8
D45B
D3F7
D3AD
D37C
D365
D368
D384
D3B8
D405
D46C
D4EA
D57F
D62A
D6EA
D7BE
D8A6
D9A0
DAAC
DBC8
DCF4
DE2D
DF74
E0C6
E223
E389
E4F8
E66D
E7E9
E969
EAEC
EC71
EDF8
EF7E
F104
F287
F407
F582
F6F9
F869
F9D3
FB34
FC8D
FDDD
FF23
005F
018F
02B4
03CC
04D9
05D8
06CB
07B1
0889
0953
0A10
0ABF
0B60
0BF4
0C7A
0CF3
0D5E
0DBC
0E0D
0E51
0E88
0EB3
0ED3
0EE6
0EEE
0EEA
0EDC
0EC3
0E9F
0E71
0E39
0DF7
0DAD
0D5A
0CFF
0C9C
0C31
0BBE
0B44
0AC4
0A3C
09AF
091B
0881
07E1
073C
0692
05E3
052F
0476
03BA
02F9
0235
016D
00A2
FFD4
FF04
FE32
FD5D
FC88
FBB1
FADA
FA03
F92D
F857
F782
F6AF
F5DE
F50F
F444
F37D
F2B9
F1FB
F143
F091
EFE5
EF41
EEA5
EE12
ED88
ED08
EC93
EC28
EBC9
EB77
EB31
EAF9
EACE
EAB1
EAA3
EAA3
EAB3
EAD2
EB01
EB40
EB8F
EBED
EC5B
ECD8
ED64
EE00
EEAA
EF62
F029
F0FD
F1DD
F2CA
F3C2
F4C5
F5D2
F6E7
F805
F929
FA53
FB82
FCB4
FDE9
FF1E
0054
0187
02B8
03E5
050C
062C
0744
0852
0954
0A4B
0B34
0C0E
0CD8
0D91
0E37
0ECB
0F4A
0FB4
1008
1046
106C
107A
1070
104D
1011
0FBC
0F4D
0EC6
0E26
0D6D
0C9C
0BB3
0AB4
099E
0873
0734
05E1
047D
0308
0184
FFF2
FE53
FCAB
FAF9
F940
F782
F5C0
F3FE
F23B
F07B
EEC0
ED0B
EB5E
E9BC
E826
E69F
E527
E3C2
E271
E135
E010
DF04
DE12
DD3C
DC82
DBE6
DB68
DB0B
DACD
DAB1
DAB6
DADE
DB28
DB94
DC22
DCD1
DDA0
DE90
DF9F
E0CD
E218
E380
E502
E69E
E852
EA1C
EBFA
EDEA
EFEC
F1FB
F417
F63C
F869
FA9C
FCD1
FF07
013B
036B
0594
07B4
09C8
0BCE
0DC4
0FA9
1179
1333
14D4
165B
17C7
1914
1A43
1B51
1C3D
1D07
1DAD
1E2E
1E8B
1EC2
1ED3
1EBF
1E85
1E25
1DA1
1CF8
1C2B
1B3B
1A2A
18F8
17A7
1638
14AE
1309
114C
0F79
0D91
0B98
098F
0779
0557
032D
00FD
FEC9
FC94
FA61
F831
F608
F3E8
F1D3
EFCB
EDD4
EBEE
EA1D
E861
E6BE
E534
E3C6
E275
E142
E02F
DF3C
DE6B
DDBC
DD31
DCC8
DC83
DC62
DC65
DC8D
DCD8
DD46
DDD6
DE86
DF57
E046
E152
E27A
E3BD
E518
E68B
E812
E9AD
EB59
ED14
EEDC
F0AE
F289
F46B
F650
F837
FA1E
FC01
FDE0
FFB8
0187
034A
0500
06A7
083D
09C1
0B32
0C8D
0DD1
0EFE
1011
110A
11E7
12A9
134F
13D8
1444
1493
14C4
14D9
14D1
14AD
146E
1413
139F
1311
126C
11AF
10DD
0FF6
0EFD
0DF3
0CD9
0BB1
0A7C
093D
07F6
06A7
0553
03FB
02A2
0149
FFF2
FE9F
FD51
FC0A
FACC
F997
F86E
F752
F644
F545
F456
F379
F2AD
F1F4
F14E
F0BD
F03F
EFD6
EF82
EF42
EF17
EF01
EEFE
EF10
EF35
EF6C
EFB6
F010
F07B
F0F4
F17C
F211
F2B3
F35F
F416
F4D5
F59C
F66A
F73C
F812
F8EB
F9C4
FA9E
FB77
FC4E
FD22
FDF1
FEBA
FF7E
003A
00ED
0199
023A
02D1
035E
03E0
0456
04C0
051E
0570
05B8
05F4
0623
0647
065F
066B
066D
0664
0651
0634
060E
05E0
05AB
056E
052B
04E3
0495
0444
03F0
039A
0341
02E9
0290
0237
01E0
018C
013A
00EB
00A0
005A
0019
FFDD
FFA8
FF79
FF51
FF2F
FF13
FEFF
FEF1
FEE9
FEE8
FEEE
FEF9
FF09
FF1F
FF39
FF57
FF79
FF9D
FFC4
FFEC
0015
003D
0065
008B
00AE
00CE
00E9
00FF
010F
0118
011A
0112
0102
00E6
00C0
008F
0051
0007
FFB0
FF4C
FEDB
FE5C
FDD0
FD36
FC8E
FBD8
FB16
FA46
F96A
F882
F78F
F691
F58A
F479
F360
F241
F11B
EFF1
EEC4
ED94
EC63
EB33
EA05
E8DA
E7B4
E693
E57A
E46A
E365
E26A
E17D
E09F
DFD0
DF11
DE65
DDCC
DD46
DCD6
DC7B
DC37
DC09
DBF3
DBF4
DC0D
DC3E
DC86
DCE7
DD5E
DDEC
DE91
DF4A
E018
E0FA
E1EE
E2F3
E409
E52C
E65C
E797
E8DC
EA29
EB7B
ECD2
EE2B
EF84
F0DC
F230
F37F
F4C6
F605
F738
F85E
F976
FA7E
FB75
FC59
FD28
FDE2
FE86
FF12
FF87
FFE2
0025
004E
005D
0052
002E
FFF0
FF9A
FF2A
FEA3
FE04
FD50
FC87
FBAA
FABA
F9BA
F8A9
F78B
F660
F52A
F3EA
F2A3
F156
F005
EEB1
ED5C
EC07
EAB5
E967
E81D
E6DA
E59F
E46D
E344
E227
E116
E012
DF1B
DE32
DD57
DC8D
DBD3
DB27
DA8B
D9FD
D97E
D90E
D8AB
D856
D80E
D7D3
D7A3
D77E
D763
D753
D74B
D74C
D754
D763
D778
D793
D7B3
D7D7
D800
D82D
D85D
D890
D8C7
D902
D940
D981
D9C6
DA0F
DA5D
DAB1
DB0A
DB6A
DBD1
DC41
DCBA
DD3D
DDCB
DE65
DF0B
DFC0
E084
E157
E23B
E331
E438
E553
E681
E7C2
E918
EA81
EBFF
ED92
EF38
F0F2
F2BF
F49E
F68E
F88F
FA9F
FCBB
FEE3
0115
0350
0590
07D5
0A1C
0C63
0EA6
10E4
131A
1544
1762
196F
1B69
1D4D
1F19
20C9
225C
23CF
2520
264C
2751
282D
28DF
2965
29BD
29E7
29E2
29AC
2946
28AF
27E8
26F1
25C9
2473
22EE
213C
1F5E
1D56
1B26
18D0
1656
13BA
1101
0E2B
0B3C
0838
0521
01FA
FEC7
FB8B
F84A
F506
F1C4
EE86
EB50
E825
E508
E1FC
DF05
DC24
D95E
D6B3
D427
D1BB
CF73
CD4F
CB51
C97B
C7CE
C64C
C4F4
C3C8
C2C8
C1F5
C14F
C0D5
C087
C066
C070
C0A5
C105
C18D
C23E
C315
C413
C535
C67B
C7E2
C969
CB0F
CCD3
CEB2
D0AB
D2BC
D4E5
D723
D974
DBD8
DE4C
E0CF
E360
E5FD
E8A4
EB54
EE0C
F0CB
F38E
F655
F91E
FBE8
FEB1
0179
043F
0700
09BB
0C70
0F1D
11C0
1459
16E7
1967
1BD9
1E3B
208C
22CB
24F7
270E
290E
2AF7
2CC8
2E7E
301A
319A
32FC
3441
3566
366B
374F
3811
38B1
392E
3988
39BE
39D1
39BF
398A
3931
38B5
3816
3755
3673
3571
344F
330F
31B4
303D
2EAD
2D06
2B49
2979
2798
25A8
23AB
21A5
1F97
1D84
1B6E
1959
1747
153A
1335
113B
0F4E
0D70
0BA4
09EB
0848
06BD
054B
03F4
02B9
019C
009D
FFBE
FEFE
FE5D
FDDD
FD7D
FD3D
FD1B
FD19
FD34
FD6A
FDBB
FE25
FEA5
FF3A
FFE1
0099
015E
022E
0306
03E4
04C5
05A5
0683
075B
082A
08ED
09A2
0A46
0AD7
0B52
0BB4
0BFC
0C28
0C36
0C24
0BF2
0B9E
0B26
0A8C
09CE
08ED
07E7
06BF
0575
0409
027D
00D2
FF0B
FD28
FB2D
F91B
F6F6
F4BF
F27B
F02C
EDD5
EB79
E91D
E6C3
E470
E226
DFE9
DDBD
DBA5
D9A4
D7BF
D5F8
D452
D2D0
D176
D045
CF41
CE6C
CDC6
CD53
CD12
CD05
CD2E
CD8C
CE1F
CEE9
CFE9
D11D
D285
D421
D5ED
D7EA
DA15
DC6B
DEEA
E18F
E458
E741
EA48
ED67
F09D
F3E5
F73C
FA9D
FE04
016E
04D7
0839
0B94
0EE1
121C
1541
184E
1B3E
1E0E
20BA
2340
259D
27CD
29CF
2BA1
2D40
2EAA
2FDF
30DC
31A2
322F
3283
329F
3281
322C
319F
30DC
2FE3
2EB7
2D59
2BCB
2A10
282A
261B
23E5
218C
1F14
1C7E
19D0
170C
1435
1150
0E60
0B67
086B
056F
0276
FF83
FC9A
F9BF
F6F4
F43D
F19C
EF15
ECA9
EA5C
E830
E626
E441
E282
E0EA
DF7B
DE35
DD1A
DC2A
DB64
DAC7
DA54
DA0C
D9ED
D9F7
DA29
DA81
DAFE
DB9F
DC61
DD44
DE43
DF5F
E093
E1DE
E33D
E4AF
E62F
E7BB
E952
EAF0
EC92
EE37
EFDA
F17B
F316
F4AA
F633
F7B0
F91F
FA7E
FBCB
FD04
FE28
FF36
002C
010B
01D0
027C
030E
0386
03E4
0428
0453
0465
045F
0442
040F
03C7
036B
02FD
027E
01F0
0155
00AE
FFFE
FF47
FE89
FDC8
FD05
FC43
FB83
FAC7
FA12
F965
F8C3
F82C
F7A1
F726
F6BA
F660
F617
F5E3
F5C2
F5B7
F5C2
F5E2
F619
F667
F6CB
F745
F7D6
F87B
F936
FA05
FAE7
FBDB
FCE0
FDF4
FF16
0046
0180
02C3
040E
055F
06B3
0808
095D
0AB0
0C00
0D49
0E8B
0FC3
10EF
120F
131F
141F
150C
15E7
16AC
175B
17F3
1872
18D9
1926
1958
1970
196D
194F
1915
18C1
1852
17CA
1727
166C
1599
14AF
13B0
129B
1174
103A
0EF1
0D99
0C34
0AC4
094A
07C9
0641
04B5
0327
0198
000A
FE7E
FCF7
FB76
F9FD
F88C
F726
F5CC
F47F
F33F
F20F
F0EF
EFE0
EEE2
EDF7
ED1E
EC58
EBA5
EB06
EA7A
EA02
E99D
E94A
E90A
E8DB
E8BD
E8AF
E8B0
E8BF
E8DC
E905
E939
E977
E9BE
EA0C
EA60
EABA
EB17
EB77
EBD8
EC39
EC98
ECF6
ED4F
EDA5
EDF4
EE3D
EE7F
EEB9
EEEA
EF11
EF2E
EF41
EF49
EF46
EF38
EF1F
EEFA
EECB
EE91
EE4D
EDFF
EDA7
ED47
ECDF
EC6F
EBF9
EB7D
EAFD
EA79
E9F2
E96A
E8E2
E85A
E7D5
E752
E6D4
E65B
E5E9
E57E
E51C
E4C4
E477
E438
E405
E3E0
E3C8
E3C0
E3C8
E3E0
E408
E442
E48D
E4EA
E559
E5DA
E66C
E710
E7C7
E88E
E966
EA4F
EB48
EC51
ED68
EE8E
EFC1
F101
F24C
F3A3
F503
F66D
F7DE
F956
FAD5
FC58
FDDE
FF68
00F4
0281
040E
059B
0726
08AF
0A35
0BB8
0D36
0EB0
1024
1192
12FB
145C
15B8
170C
1859
199F
1ADE
1C16
1D47
1E71
1F94
20B1
21C8
22D9
23E5
24EB
25ED
26E9
27E1
28D6
29C8
2AB7
2BA4
2C8E
2D78
2E5F
2F46
302C
3111
31F5
32D8
33BB
349E
357F
3660
373F
381D
38F9
39D2
3AA9
3B7D
3C4D
3D18
3DDE
3E9E
3F58
400A
40B3
4154
41EC
4279
42FA
436F
43D6
442F
4478
44B1
44D9
44F0
44F4
44E6
44C4
448E
4443
43E3
436F
42E5
4246
4191
40C6
3FE7
3EF2
3DE9
3CCC
3B9B
3A57
3900
3799
3620
3498
3302
315E
2FAF
2DF4
2C31
2A65
2892
26BA
24DF
2302
2124
1F47
1D6D
1B97
19C7
17FF
163F
1489
12DE
1141
0FB2
0E32
0CC3
0B65
0A19
08E1
07BD
06AD
05B3
04CD
03FE
0344
02A0
0213
019B
0138
00EA
00B0
008A
0076
0073
0082
009F
00CB
0103
0147
0195
01EC
0249
02AC
0312
037B
03E3
044B
04AF
050E
0567
05B8
0600
063C
066C
068F
06A2
06A5
0697
0674
063E
05F4
0595
0522
0499
03FB
0348
027F
01A1
00AF
FFA8
FE8E
FD61
FC23
FAD4
F976
F80A
F692
F50E
F380
F1EB
F050
EEB1
ED0F
EB6D
E9CC
E82F
E698
E507
E380
E204
E093
DF31
DDE0
DCA1
DB75
DA5F
D960
D878
D7AA
D6F6
D65D
D5E0
D57F
D53C
D516
D50D
D521
D553
D5A3
D60E
D696
D739
D7F7
D8CD
D9BC
DAC2
DBDE
DD0E
DE50
DFA2
E104
E273
E3EF
E574
E700
E891
EA26
EBBC
ED51
EEE3
F070
F1F6
F373
F4E6
F64C
F7A5
F8EE
FA26
FB4B
FC5D
FD5A
FE42
FF13
FFCE
0070
00FB
016D
01C7
0209
0233
0245
0241
0226
01F6
01B1
0158
00EE
0072
FFE7
FF4E
FEA9
FDF9
FD40
FC81
FBBC
FAF4
FA2B
F962
F89C
F7DB
F720
F66E
F5C5
F528
F499
F419
F3AA
F34D
F302
F2CD
F2AC
F2A2
F2AF
F2D3
F310
F364
F3D1
F457
F4F4
F5A9
F675
F758
F851
F95E
FA7F
FBB2
FCF6
FE4A
FFAC
011B
0293
0415
059D
072A
08BA
0A4A
0BDA
0D65
0EEB
1069
11DD
1346
14A1
15EC
1725
184C
195D
1A58
1B3B
1C04
1CB3
1D47
1DBE
1E19
1E55
1E74
1E74
1E56
1E1A
1DBF
1D47
1CB2
1C01
1B34
1A4C
194B
1833
1703
15BF
1468
12FE
1186
0FFF
0E6C
0CD0
0B2C
0983
07D6
0627
047A
02CE
0127
FF88
FDF1
FC65
FAE7
F976
F816
F6C8
F58D
F466
F354
F25A
F176
F0AA
EFF7
EF5D
EEDC
EE74
EE25
EDEF
EDD2
EDCC
EDDD
EE05
EE42
EE93
EEF7
EF6D
EFF3
F087
F128
F1D3
F288
F345
F408
F4CF
F598
F662
F72A
F7EF
F8AF
F967
FA18
FABE
FB58
FBE5
FC63
FCD2
FD30
FD7C
FDB5
FDDB
FDED
FDEB
FDD5
FDAB
FD6C
FD19
FCB3
FC3A
FBAF
FB14
FA68
F9AD
F8E4
F810
F733
F64E
F562
F472
F381
F28F
F1A0
F0B6
EFD3
EEF8
EE29
ED68
ECB7
EC19
EB8E
EB1B
EABF
EA7F
EA5A
EA54
EA6D
EAA7
EB03
EB83
EC27
ECF0
EDDE
EEF3
F02E
F18E
F314
F4BF
F690
F884
FA9B
FCD4
FF2E
01A6
043B
06EB
09B3
0C93
0F86
128A
159D
18BC
1BE4
1F12
2243
2573
289F
2BC5
2EE0
31EF
34EC
37D6
3AAA
3D63
3FFF
427C
44D6
470B
4917
4AFA
4CB1
4E39
4F92
50B8
51AC
526B
52F5
5348
5365
534B
52FA
5272
51B3
50BF
4F95
4E37
4CA6
4AE4
48F3
46D4
4489
4215
3F7A
3CBB
39DA
36DB
33C0
308D
2D45
29EB
2683
2310
1F94
1C14
1894
1515
119C
0E2C
0AC9
0775
0433
0107
FDF4
FAFC
F821
F567
F2D0
F05D
EE10
EBEC
E9F1
E822
E67F
E50A
E3C2
E2A9
E1BE
E103
E076
E018
DFE7
DFE4
E00D
E061
E0DF
E186
E253
E346
E45C
E593
E6EA
E85D
E9EC
EB93
ED50
EF21
F103
F2F3
F4F0
F6F6
F904
FB16
FD2A
FF3E
014F
035B
0561
075D
094E
0B31
0D06
0ECB
107D
121D
13A8
151E
167C
17C3
18F1
1A07
1B02
1BE4
1CAD
1D5B
1DEF
1E6A
1ECB
1F14
1F44
1F5D
1F5F
1F4C
1F24
1EE9
1E9A
1E3B
1DCC
1D4E
1CC3
1C2C
1B8B
1AE0
1A2E
1976
18BA
17FC
173C
167C
15BD
1500
1446
1391
12E1
1238
1196
10FC
106C
0FE5
0F68
0EF6
0E8F
0E33
0DE4
0D9F
0D67
0D3A
0D19
0D03
0CF8
0CF8
0D01
0D14
0D31
0D55
0D81
0DB3
0DEC
0E28
0E69
0EAD
0EF3
0F3B
0F83
0FCA
1010
1052
1092
10CD
1102
1131
1159
1179
1190
119D
11A1
1199
1186
1167
113C
1103
10BE
106C
100C
0F9F
0F24
0E9B
0E05
0D62
0CB2
0BF4
0B2B
0A55
0974
0888
0792
0693
058B
047A
0363
0245
0122
FFFB
FED0
FDA2
FC72
FB42
FA13
F8E5
F7B9
F691
F56D
F44E
F336
F226
F11D
F01E
EF29
EE3F
ED61
EC90
EBCB
EB16
EA6F
E9D8
E950
E8D9
E872
E81D
E7D9
E7A7
E786
E778
E77D
E793
E7BC
E7F7
E844
E8A3
E913
E995
EA28
EACB
EB7F
EC42
ED14
EDF5
EEE3
EFDE
F0E6
F1F9
F316
F43E
F56E
F6A8
F7E8
F92F
FA7A
FBCA
FD1D
FE72
FFC7
011C
0270
03C2
0510
0659
079D
08DA
0A10
0B3D
0C5F
0D78
0E84
0F85
1077
115C
1231
12F7
13AD
1451
14E4
1565
15D3
162E
1677
16AB
16CC
16DA
16D3
16B9
168B
1649
15F5
158E
1514
1489
13ED
1340
1283
11B7
10DE
0FF7
0F04
0E06
0CFD
0BEC
0AD4
09B5
0891
0769
063E
0513
03E7
02BD
0197
0074
FF57
FE3F
FD30
FC2A
FB2F
FA41
F960
F88E
F7CB
F719
F678
F5EA
F56F
F508
F4B5
F477
F44E
F43A
F43D
F455
F483
F4C7
F520
F58F
F612
F6A9
F754
F812
F8E2
F9C3
FAB4
FBB5
FCC2
FDDC
FF01
0030
0167
02A5
03E9
0530
0678
07C1
0909
0A4D
0B8C
0CC4
0DF3
0F18
1030
113B
1236
131F
13F6
14B9
1566
15FC
1679
16DD
1727
1754
1766
175A
1730
16E8
1681
15FB
1555
1490
13AD
12AA
1189
104A
0EEE
0D76
0BE3
0A35
086F
0691
049D
0294
0079
FE4C
FC10
F9C7
F772
F513
F2AE
F043
EDD5
EB66
E8F8
E68E
E429
E1CC
DF79
DD32
DAF9
D8CF
D6B7
D4B3
D2C4
D0EC
CF2E
CD89
CC01
CA95
C948
C819
C70B
C61D
C551
C4A7
C41F
C3B9
C377
C357
C359
C37E
C3C4
C42B
C4B3
C55B
C622
C707
C808
C925
CA5D
CBAD
CD15
CE93
D027
D1CD
D385
D54C
D722
D904
DAF1
DCE6
DEE3
E0E5
E2EB
E4F3
E6FB
E902
EB06
ED06
EF01
F0F4
F2DF
F4C0
F697
F862
FA20
FBD0
FD72
FF04
0087
01F9
035A
04A9
05E7
0713
082E
0936
0A2C
0B10
0BE2
0CA3
0D52
0DF0
0E7E
0EFB
0F68
0FC5
1013
1053
1085
10AA
10C1
10CC
10CB
10BF
10A7
1085
105A
1024
0FE6
0F9F
0F4F
0EF8
0E99
0E32
0DC4
0D4F
0CD3
0C50
0BC6
0B37
0AA0
0A04
0961
08B8
0808
0752
0696
05D3
050A
043A
0364
0288
01A5
00BC
FFCC
FED6
FDDA
FCD8
FBD1
FAC3
F9B1
F89A
F77E
F65F
F53C
F416
F2EE
F1C5
F09A
EF70
EE46
ED1E
EBF8
EAD5
E9B7
E89E
E78B
E681
E57F
E486
E399
E2B8
E1E4
E11F
E069
DFC3
DF30
DEAF
DE42
DDEA
DDA8
DD7C
DD67
DD6A
DD86
DDBA
DE08
DE70
DEF1
DF8E
E045
E116
E201
E305
E422
E557
E6A3
E806
E97F
EB0C
ECAD
EE5F
F022
F1F4
F3D3
F5BE
F7B3
F9AF
FBB2
FDB9
FFC1
01C9
03CF
05D1
07CC
09BE
0BA5
0D7F
0F4A
1104
12AB
143B
15B5
1716
185C
1987
1A95
1B84
1C53
1D01
1D8E
1DF9
1E40
1E65
1E65
1E43
1DFD
1D93
1D07
1C5A
1B8B
1A9B
198D
1861
1719
15B7
143C
12A9
1102
0F49
0D7F
0BA7
09C3
07D7
05E4
03ED
01F6
FFFF
FE0D
FC22
FA41
F86C
F6A6
F4F2
F351
F1C7
F055
EEFE
EDC4
ECA9
EBAE
EAD6
EA21
E990
E926
E8E3
E8C8
E8D4
E90A
E968
E9EE
EA9D
EB75
EC73
ED98
EEE4
F055
F1E8
F39D
F571
F763
F971
FB98
FDD6
0029
028D
0501
0782
0A0C
0C9D
0F32
11C9
145D
16EC
1974
1BF1
1E60
20BF
230B
2541
275F
2962
2B49
2D10
2EB6
3039
3197
32CF
33E0
34C8
3586
361A
3682
36BF
36D0
36B4
366C
35F9
355B
3492
339F
3284
3142
2FD9
2E4B
2C9B
2ACA
28D9
26CB
24A2
2260
2007
1D9A
1B1C
188E
15F3
134E
10A1
0DEE
0B3C
0889
05D8
032C
0086
FDEA
FB59
F8D5
F660
F3FD
F1AC
EF70
ED4A
EB3B
E945
E769
E5A7
E401
E277
E10A
DFBA
DE87
DD72
DC7A
DBA0
DAE2
DA41
D9BD
D954
D906
D8D2
D8B7
D8B5
D8C9
D8F4
D933
D986
D9EC
DA62
DAE9
DB7E
DC21
DCD0
DD8A
DE4E
DF1B
DFEF
E0CA
E1AA
E28F
E378
E463
E551
E640
E72F
E81F
E90E
E9FC
EAE8
EBD3
ECBC
EDA3
EE88
EF6A
F048
F124
F1FC
F2D3
F3A7
F478
F548
F615
F6E1
F7AB
F874
F93B
FA01
FAC6
FB8B
FC4E
FD11
FDD3
FE94
FF54
0013
00D2
018F
024A
0304
03BB
0470
0521
05CF
0679
071E
07BE
0857
08EA
0975
09F8
0A72
0AE2
0B48
0BA2
0BF1
0C32
0C65
0C8B
0CA1
0CA7
0C9D
0C82
0C56
0C17
0BC7
0B63
0AED
0A64
09C8
091A
0858
0784
069E
05A7
049E
0385
025C
0124
FFDF
FE8D
FD30
FBC8
FA58
F8E0
F762
F5E0
F45B
F2D5
F150
EFCD
EE4F
ECD8
EB68
EA03
E8A9
E75D
E621
E4F6
E3DD
E2DA
E1ED
E117
E05B
DFB9
DF32
DEC8
DE7C
DE4F
DE40
DE52
DE85
DEDA
DF4E
DFE3
E098
E16C
E25F
E371
E4A0
E5EB
E751
E8D0
EA68
EC16
EDD9
EFAE
F193
F387
F588
F791
F9A3
FBB9
FDD1
FFEA
01FF
040F
0617
0815
0A05
0BE6
0DB5
0F6F
1112
129B
140A
155C
168E
17A1
1891
195E
1A06
1A88
1AE4
1B18
1B25
1B09
1AC6
1A5A
19C6
190B
1829
1721
15F5
14A4
1331
119E
0FEB
0E1B
0C30
0A2B
080F
05DE
039B
0148
FEE6
FC7A
FA04
F789
F50A
F28B
F00E
ED96
EB24
E8BC
E65F
E411
E1D2
DFA6
DD8E
DB8B
D9A0
D7CE
D615
D478
D2F8
D194
D04E
CF27
CE1D
CD33
CC66
CBB8
CB28
CAB4
CA5D
CA22
CA02
C9FC
CA0E
CA36
CA74
CAC4
CB27
CB99
CC19
CCA5
CD3B
CDD9
CE7D
CF26
CFD1
D07C
D126
D1CD
D26F
D30B
D39E
D428
D4A8
D51B
D582
D5DB
D626
D661
D68D
D6A9
D6B6
D6B3
D69F
D67C
D64C
D60D
D5C2
D56B
D50A
D4A0
D42F
D3B7
D33B
D2BD
D23D
D1C0
D145
D0D0
D062
CFFD
CFA5
CF5A
CF1F
CEF5
CEE0
CEE1
CEF9
CF2A
CF77
CFE0
D067
D10E
D1D4
D2BC
D3C7
D4F3
D643
D7B6
D94D
DB07
DCE4
DEE3
E103
E344
E5A5
E823
EABD
ED73
F041
F325
F61E
F929
FC43
FF6A
029B
05D3
0910
0C4D
0F89
12C0
15EF
1913
1C29
1F2D
221E
24F7
27B7
2A5B
2CDF
2F42
3180
3398
3588
374D
38E7
3A54
3B92
3CA1
3D80
3E2F
3EAD
3EF9
3F15
3F01
3EBD
3E4A
3DAA
3CDE
3BE6
3AC6
397E
3811
3682
34D2
3305
311C
2F1C
2D06
2ADD
28A5
2661
2413
21C0
1F69
1D13
1AC0
1873
162F
13F8
11CF
0FB7
0DB3
0BC5
09EF
0833
0693
0510
03AC
0268
0145
0043
FF63
FEA6
FE0B
FD92
FD3A
FD03
FCED
FCF5
FD1B
FD5E
FDBB
FE30
FEBD
FF5E
0011
00D4
01A4
027F
0362
044A
0534
061E
0705
07E7
08BF
098C
0A4C
0AFA
0B96
0C1D
0C8D
0CE3
0D1E
0D3D
0D3D
0D1E
0CDE
0C7D
0BF9
0B54
0A8C
09A2
0896
0768
061A
04AC
0320
0176
FFB2
FDD4
FBDF
F9D4
F7B8
F58B
F351
F10D
EEC1
EC71
EA20
E7D2
E588
E347
E113
DEED
DCDA
DADC
D8F8
D72F
D585
D3FC
D297
D15A
D045
CF5A
CE9D
CE0E
CDB0
CD82
CD86
CDBE
CE29
CEC8
CF9A
D0A0
D1D8
D342
D4DE
D6A9
D8A1
DAC6
DD15
DF8B
E227
E4E5
E7C2
EABC
EDCE
F0F7
F431
F77A
FACE
FE28
0185
04E2
0839
0B88
0ECA
11FB
1518
181D
1B07
1DD3
207C
22FF
255B
278C
298F
2B63
2D05
2E73
2FAC
30AE
3179
320C
3265
3286
326E
321D
3195
30D5
2FE0
2EB7
2D5A
2BCE
2A13
282B
261B
23E3
2189
1F0D
1C75
19C2
16FA
141E
1134
0E3E
0B40
083E
053D
023E
FF46
FC59
F97A
F6AC
F3F2
F150
EEC8
EC5D
EA12
E7E8
E5E2
E401
E248
E0B7
DF50
DE14
DD03
DC1E
DB64
DAD8
DA78
DA42
DA35
DA52
DA96
DB00
DB8E
DC3F
DD11
DE01
DF0D
E033
E170
E2C3
E427
E59B
E71C
E8A7
EA39
EBD0
ED69
EF02
F097
F228
F3B0
F52E
F6A0
F804
F959
FA9B
FBCB
FCE6
FDED
FEDC
FFB4
0074
011C
01AB
0222
0280
02C6
02F4
030C
030D
02F9
02D1
0297
024B
01EF
0184
010D
008B
0000
FF6C
FED3
FE37
FD98
FCF8
FC5A
FBBF
FB29
FA9A
FA12
F994
F921
F8B9
F85F
F812
F7D4
F7A6
F789
F77C
F781
F797
F7C0
F7FA
F846
F8A3
F912
F991
FA21
FAC1
FB6F
FC2B
FCF5
FDCB
FEAB
FF96
008A
0185
0287
038D
0498
05A5
06B3
07C0
08CC
09D6
0ADB
0BDC
0CD6
0DCA
0EB5
0F96
106D
1139
11F9
12AB
1350
13E6
146D
14E4
154B
15A2
15E7
161B
163D
164D
164C
1638
1611
15D9
158E
1531
14C2
1442
13B0
130C
1257
1192
10BD
0FD9
0EE5
0DE3
0CD2
0BB4
0A8A
0953
0810
06C3
056C
040B
02A3
0132
FFBC
FE40
FCBF
FB3B
F9B5
F82D
F6A6
F520
F39C
F21C
F0A1
EF2D
EDC1
EC5E
EB06
E9BA
E87B
E74C
E62D
E51F
E425
E33F
E26E
E1B4
E112
E089
E01B
DFC7
DF8E
DF73
DF74
DF93
DFD0
E02B
E0A5
E13D
E1F4
E2C8
E3BA
E4C9
E5F5
E73C
E89D
EA17
EBAA
ED53
EF11
F0E2
F2C4
F4B6
F6B6
F8C1
FAD6
FCF2
FF13
0136
035A
057D
079A
09B1
0BBF
0DC2
0FB7
119D
1371
1532
16DD
1871
19EC
1B4C
1C91
1DB9
1EC3
1FAF
207B
2128
21B4
221F
226B
2298
22A5
2293
2263
2215
21AA
2124
2083
1FCA
1EFA
1E15
1D1C
1C11
1AF6
19CD
1898
1759
1612
14C5
1374
1220
10CD
0F7B
0E2C
0CE3
0BA0
0A65
0934
080D
06F2
05E4
04E3
03F1
030E
023B
0177
00C2
001E
FF89
FF03
FE8C
FE23
FDC9
FD7B
FD3A
FD03
FCD8
FCB5
FC9B
FC88
FC7B
FC72
FC6E
FC6C
FC6B
FC6B
FC6A
FC68
FC63
FC5B
FC4E
FC3D
FC27
FC0A
FBE8
FBBF
FB90
FB5A
FB1E
FADB
FA92
FA44
F9F0
F998
F93B
F8DC
F879
F815
F7B1
F74C
F6E9
F688
F62B
F5D2
F57E
F532
F4ED
F4B1
F47F
F457
F43C
F42D
F42C
F438
F454
F47F
F4BC
F509
F567
F5D5
F654
F6E3
F783
F833
F8F3
F9C2
FAA0
FB8C
FC85
FD8B
FE9C
FFB7
00DC
0209
033D
0477
05B5
06F6
083A
097D
0AC0
0C01
0D3E
0E76
0FA8
10D3
11F5
130D
141A
151C
1610
16F8
17D0
189A
1953
19FD
1A96
1B1E
1B95
1BFA
1C4E
1C90
1CC1
1CE1
1CF1
1CEF
1CDE
1CBD
1C8D
1C4F
1C03
1BAA
1B44
1AD3
1A58
19D2
1943
18AB
180C
1766
16BB
160B
1556
149D
13E1
1322
1262
11A0
10DE
101B
0F58
0E95
0DD3
0D11
0C51
0B92
0AD3
0A16
095B
08A0
07E6
072E
0676
05BE
0507
0450
0399
02E1
0229
0170
00B5
FFF9
FF3B
FE7B
FDB9
FCF5
FC2F
FB66
FA9A
F9CC
F8FB
F828
F753
F67C
F5A2
F4C8
F3EB
F30F
F231
F154
F077
EF9B
EEC1
EDEA
ED15
EC45
EB79
EAB2
E9F1
E937
E885
E7DB
E73B
E6A5
E619
E599
E526
E4C0
E468
E41E
E3E3
E3B9
E39E
E394
E39B
E3B3
E3DD
E419
E466
E4C5
E536
E5B9
E64D
E6F2
E7A7
E86E
E943
EA28
EB1C
EC1D
ED2B
EE45
EF6A
F099
F1D1
F311
F45A
F5A8
F6FA
F84F
F9A6
FAFE
FC55
FDA9
FEFB
0047
018D
02CC
0403
0530
0651
0767
0870
096A
0A56
0B31
0BFC
0CB5
0D5C
0DF0
0E71
0EDF
0F38
0F7D
0FAE
0FCA
0FD3
0FC7
0FA6
0F72
0F2A
0ED0
0E63
0DE5
0D56
0CB7
0C09
0B4D
0A84
09AF
08CF
07E5
06F3
05FA
04FA
03F6
02EE
01E3
00D8
FFCC
FEC2
FDBB
FCB7
FBB7
FABE
F9CB
F8DF
F7FC
F722
F652
F58B
F4CE
F41D
F378
F2DF
F251
F1D0
F15B
F0F2
F095
F043
EFFC
EFBF
EF8D
EF64
EF43
EF2A
EF18
EF0C
EF05
EF02
EF02
EF04
EF07
EF0A
EF0C
EF0B
EF07
EEFF
EEF1
EEDE
EEC2
EE9F
EE73
EE3E
EDFE
EDB4
ED5E
ECFC
EC8F
EC15
EB8F
EAFD
EA5E
E9B3
E8FD
E83B
E76E
E697
E5B6
E4CD
E3DC
E2E4
E1E6
E0E4
DFDE
DED6
DDCD
DCC5
DBBF
DABC
D9BE
D8C7
D7D8
D6F2
D616
D548
D487
D3D6
D335
D2A6
D22B
D1C4
D172
D137
D114
D108
D116
D13D
D17E
D1D9
D24E
D2DF
D389
D44E
D52D
D626
D737
D861
D9A2
DAF9
DC65
DDE6
DF79
E11D
E2D1
E493
E662
E83B
EA1C
EC05
EDF2
EFE2
F1D3
F3C2
F5AF
F796
F975
FB4C
FD17
FED5
0085
0223
03B0
0528
068B
07D8
090C
0A27
0B28
0C0E
0CD9
0D87
0E18
0E8C
0EE3
0F1C
0F39
0F37
0F19
0EDF
0E8B
0E1D
0D95
0CF6
0C41
0B76
0A98
09A8
08A8
079A
0680
055B
042D
02F9
01C1
0086
FF4B
FE12
FCDD
FBAD
FA86
F968
F856
F751
F65C
F576
F4A3
F3E4
F339
F2A2
F222
F1B9
F168
F131
F112
F10C
F120
F14D
F192
F1F0
F266
F2F2
F395
F44C
F518
F5F6
F6E4
F7E3
F8EE
FA06
FB28
FC52
FD82
FEB7
FFED
0123
0256
0385
04AE
05CD
06E2
07EA
08E3
09CB
0AA1
0B63
0C0E
0CA2
0D1D
0D7E
0DC4
0DEE
0DFA
0DEA
0DBB
0D6E
0D02
0C78
0BD0
0B0A
0A27
0928
080D
06D7
0589
0422
02A6
0115
FF71
FDBD
FBFA
FA2A
F851
F66F
F489
F29F
F0B5
EECC
ECE8
EB0C
E939
E772
E5BA
E413
E27F
E101
DF9B
DE50
DD20
DC0E
DB1D
DA4C
D99E
D914
D8AF
D870
D858
D868
D89F
D8FE
D984
DA33
DB09
DC05
DD28
DE6F
DFDA
E168
E317
E4E5
E6D0
E8D7
EAF8
ED30
EF7D
F1DD
F44E
F6CC
F954
FBE6
FE7D
0117
03B1
0649
08DB
0B66
0DE6
1058
12BC
150D
1749
196F
1B7D
1D6F
1F45
20FD
2295
240B
255F
268F
279B
2882
2943
29DE
2A52
2AA1
2AC9
2ACC
2AAA
2A63
29F8
296B
28BC
27EE
2700
25F6
24D0
2390
2239
20CC
1F4B
1DB9
1C18
1A69
18B0
16EE
1526
135A
118C
0FC0
0DF7
0C33
0A76
08C2
0719
057C
03EF
0272
0106
FFAE
FE6A
FD3C
FC25
FB25
FA3E
F96F
F8BA
F81E
F79D
F735
F6E6
F6B2
F696
F693
F6A8
F6D4
F717
F76F
F7DB
F85A
F8EB
F98E
FA40
FAFF
FBCB
FCA2
FD82
FE69
FF57
0048
013D
0233
0328
041C
050C
05F8
06DE
07BD
0893
0960
0A22
0AD9
0B83
0C21
0CB1
0D33
0DA6
0E0B
0E60
0EA6
0EDD
0F05
0F1E
0F2B
0F2A
0F1C
0F00
0ED8
0EA5
0E67
0E20
0DCF
0D77
0D18
0CB4
0C4B
0BDF
0B71
0B02
0A93
0A26
09BC
0955
08F4
0898
0844
07F8
07B5
077C
074E
072B
0714
070B
070F
0720
0742
0771
07AF
07FC
0858
08C2
093A
09C1
0A55
0AF6
0BA5
0C5F
0D24
0DF5
0ECF
0FB2
109D
118F
1287
1384
1484
1588
168C
1792
1896
1998
1A97
1B91
1C86
1D75
1E5B
1F38
200C
20D4
2190
2240
22E2
2376
23FA
246F
24D4
2529
256C
259D
25BD
25CB
25C7
25B1
2589
254F
2504
24A7
2439
23BB
232D
228F
21E2
2127
205F
1F89
1EA9
1DBD
1CC7
1BC8
1AC0
19B1
189C
1782
1664
1542
141F
12FB
11D7
10B4
0F93
0E75
0D5C
0C48
0B39
0A32
0932
083A
074C
0668
058E
04C0
03FD
0346
029C
01FF
0170
00EE
0079
0013
FFBB
FF70
FF34
FF06
FEE5
FED3
FECD
FED5
FEEA
FF0B
FF38
FF70
FFB4
0002
005A
00BC
0126
0199
0213
0294
031C
03A9
043A
04D0
056A
0607
06A5
0745
07E6
0888
0929
09C9
0A67
0B03
0B9E
0C36
0CCA
0D5A
0DE5
0E6C
0EEC
0F67
0FDB
1048
10AF
110E
1165
11B5
11FC
123B
1272
12A0
12C5
12E1
12F5
12FF
1300
12F8
12E8
12CE
12AB
127F
124A
120D
11C7
1178
1121
10C3
105C
0FED
0F76
0EF8
0E73
0DE8
0D55
0CBD
0C1E
0B7A
0AD1
0A23
0971
08BA
0800
0742
0681
05BE
04F9
0431
0369
029F
01D5
010B
0041
FF78
FEAF
FDE8
FD22
FC5E
FB9C
FADC
FA20
F966
F8B0
F7FE
F74F
F6A5
F5FF
F55D
F4C0
F427
F393
F304
F27A
F1F4
F173
F0F6
F07E
F00B
EF9C
EF32
EECC
EE69
EE0B
EDB0
ED59
ED05
ECB4
EC66
EC1B
EBD2
EB8C
EB48
EB06
EAC5
EA86
EA48
EA0B
E9CE
E991
E955
E919
E8DC
E89F
E862
E823
E7E4
E7A3
E761
E71E
E6D9
E693
E64C
E603
E5B8
E56C
E51F
E4D0
E480
E42F
E3DD
E38A
E336
E2E2
E28E
E239
E1E5
E191
E13E
E0EC
E09C
E04C
DFFF
DFB4
DF6C
DF27
DEE5
DEA6
DE6B
DE34
DE02
DDD5
DDAC
DD89
DD6B
DD53
DD41
DD35
DD2F
DD30
DD37
DD44
DD58
DD73
DD95
DDBD
DDEB
DE20
DE5B
DE9D
DEE5
DF33
DF87
DFE1
E040
E0A5
E10F
E17E
E1F2
E26A
E2E5
E365
E3E8
E46F
E4F8
E584
E613
E6A4
E736
E7CA
E860
E8F7
E98F
EA28
EAC2
EB5C
EBF7
EC91
ED2B
EDC5
EE60
EEFC
EF97
F033
F0D0
F16E
F20C
F2AB
F34C
F3EE
F491
F537
F5DE
F688
F735
F7E4
F897
F94C
FA05
FAC2
FB83
FC48
FD10
FDDE
FEAF
FF85
0060
013E
0221
0307
03F1
04DF
05D0
06C5
07BC
08B6
09B2
0AAF
0BAD
0CAC
0DA9
0EA6
0FA0
1097
118B
127A
1363
1445
1520
15F1
16B9
1776
1827
18CB
1961
19E7
1A5D
1AC2
1B14
1B53
1B7E
1B93
1B93
1B7C
1B4D
1B07
1AA8
1A31
19A0
18F6
1832
1755
165D
154D
1423
12E0
1185
1013
0E89
0CE9
0B34
096A
078E
05A0
03A2
0194
FF7A
FD54
FB24
F8ED
F6AF
F46D
F22A
EFE5
EDA3
EB66
E92F
E700
E4DD
E2C7
E0C0
DECB
DCE9
DB1D
D969
D7CE
D64F
D4ED
D3AA
D288
D188
D0AB
CFF2
CF5F
CEF3
CEAE
CE90
CE9B
CECF
CF2B
CFB0
D05D
D132
D22E
D351
D49A
D607
D798
D94B
DB1D
DD0F
DF1C
E145
E385
E5DC
E846
EAC1
ED4A
EFDF
F27E
F522
F7CA
FA72
FD18
FFB9
0251
04DE
075D
09CC
0C27
0E6C
1099
12AA
149E
1673
1826
19B6
1B20
1C64
1D80
1E72
1F3A
1FD6
2046
208A
20A1
208C
2049
1FDB
1F40
1E7B
1D8B
1C72
1B32
19CB
183F
1691
14C2
12D5
10CB
0EA7
0C6B
0A1B
07B8
0546
02C7
003E
FDAE
FB1A
F886
F5F4
F367
F0E1
EE65
EBF7
E998
E74C
E514
E2F4
E0ED
DF01
DD33
DB83
D9F5
D889
D740
D61C
D51D
D445
D393
D309
D2A6
D26B
D256
D269
D2A2
D300
D383
D42A
D4F3
D5DD
D6EA
D814
D95B
DABC
DC36
DDC6
DF6B
E122
E2E9
E4BD
E69D
E886
EA76
EC6B
EE61
F058
F24D
F43D
F627
F809
F9E1
FBAE
FD6C
FF1C
00BB
0249
03C4
052B
067E
07BB
08E3
09F4
0AF0
0BD6
0CA5
0D5D
0DFF
0E8C
0F04
0F68
0FB8
0FF6
1023
103F
104D
104C
1040
1029
1008
0FE0
0FB2
0F7F
0F48
0F11
0ED9
0EA3
0E6F
0E41
0E17
0DF5
0DDB
0DCA
0DC3
0DC7
0DD7
0DF4
0E1D
0E53
0E98
0EEA
0F4B
0FB9
1035
10BF
1156
11F9
12A8
1363
1427
14F5
15CB
16A8
178A
1872
195C
1A48
1B33
1C1E
1D05
1DE9
1EC5
1F9B
2067
2128
21DD
2285
231D
23A4
241A
247C
24CB
2505
2529
2537
252D
250C
24D4
2483
241A
2399
2300
224F
2188
20AA
1FB6
1EAE
1D91
1C63
1B22
19D2
1873
1707
1590
140F
1286
10F7
0F64
0DCE
0C38
0AA3
0912
0787
0603
0488
0319
01B6
0062
FF1F
FDED
FCCF
FBC5
FAD1
F9F5
F931
F885
F7F4
F77C
F720
F6DE
F6B8
F6AC
F6BC
F6E6
F72B
F789
F800
F88E
F933
F9EE
FABD
FB9E
FC90
FD92
FEA1
FFBD
00E2
0210
0344
047B
05B5
06EF
0826
0959
0A85
0BA9
0CC2
0DCE
0ECC
0FBA
1095
115D
1210
12AC
1330
139B
13EB
1421
143B
1439
141A
13DE
1384
130F
127D
11CE
1103
101D
0F1D
0E03
0CD1
0B87
0A28
08B5
072F
0598
03F2
023F
0080
FEB8
FCE9
FB15
F93E
F766
F58F
F3BC
F1EE
F028
EE6C
ECBB
EB18
E984
E802
E692
E536
E3F3
E2C7
E1B2
E0B7
DFD6
DF10
DE66
DDD7
DD64
DD0E
DCD4
DCB6
DCB3
DCCC
DCFF
DD4C
DDB2
DE2F
DEC3
DF6C
E029
E0F8
E1D7
E2C5
E3C0
E4C5
E5D4
E6E9
E803
E920
EA3E
EB59
EC70
ED80
EE88
EF87
F07A
F15F
F234
F2F9
F3AB
F448
F4CF
F540
F598
F5D7
F5FB
F605
F5F3
F5C5
F57B
F514
F491
F3F2
F336
F25F
F16D
F061
EF3C
EDFE
ECA9
EB3F
E9C0
E82E
E689
E4D5
E313
E146
DF6E
DD8E
DBA8
D9BE
D7D2
D5E7
D3FE
D21A
D03C
CE68
CC9E
CAE1
C934
C797
C60C
C497
C337
C1EF
C0C0
BFAB
BEB3
BDD7
BD19
BC7B
BBFC
BB9D
BB5F
BB43
BB49
BB72
BBBC
BC27
BCB4
BD62
BE31
BF1F
C02D
C15A
C2A5
C40C
C590
C72E
C8E6
CAB6
CC9D
CE9A
D0AB
D2CF
D505
D74B
D99F
DC00
DE6C
E0E2
E361
E5E7
E872
EB01
ED93
F026
F2B8
F549
F7D7
FA61
FCE6
FF65
01DC
044B
06B0
090B
0B5B
0D9E
0FD6
11FF
141B
1628
1826
1A14
1BF2
1DC0
1F7D
2129
22C3
244C
25C4
272A
287E
29BF
2AEF
2C0D
2D19
2E13
2EFA
2FD0
3094
3147
31E8
3277
32F5
3361
33BD
3408
3441
346A
3483
348B
3482
346A
3442
340A
33C3
336C
3307
3292
3210
317F
30E0
3033
2F79
2EB3
2DE0
2D00
2C16
2B20
2A1E
2911
27FB
26DD
25B6
2488
2353
2218
20D8
1F93
1E4B
1D00
1BB3
1A65
1917
17CA
167E
1535
13F0
12AF
1173
103E
0F10
0DEA
0CCC
0BB9
0AAF
09B1
08BF
07D8
06FF
0633
0574
04C3
0421
038D
0309
0293
022D
01D6
018D
0154
0129
010B
00FC
00F9
0103
0118
0138
0163
0196
01D1
0213
025C
02A9
02FA
034D
03A1
03F5
0447
0497
04E2
0528
0568
059F
05CD
05F1
060A
0615
0613
0602
05E2
05B1
056F
051B
04B5
043C
03B1
0312
0260
019A
00C2
FFD6
FED9
FDC9
FCA8
FB76
FA35
F8E6
F789
F61F
F4AB
F32E
F1A8
F01C
EE8C
ECF8
EB64
E9D0
E83F
E6B3
E52E
E3B2
E241
E0DD
DF87
DE43
DD12
DBF5
DAEF
DA01
D92E
D876
D7DB
D75F
D703
D6C9
D6B0
D6BB
D6EA
D73D
D7B6
D854
D918
DA01
DB10
DC44
DD9D
DF1B
E0BC
E280
E465
E66A
E88E
EACF
ED2B
EFA0
F22D
F4D0
F786
FA4D
FD23
0006
02F2
05E6
08DE
0BD9
0ED4
11CB
14BC
17A6
1A84
1D55
2017
22C6
2560
27E3
2A4D
2C9D
2ECF
30E2
32D4
34A5
3651
37D9
393B
3A76
3B89
3C74
3D37
3DD0
3E41
3E88
3EA8
3E9F
3E6E
3E17
3D99
3CF7
3C32
3B4A
3A41
3919
37D3
3672
34F7
3364
31BB
2FFE
2E30
2C52
2A67
2871
2671
246B
2260
2053
1E45
1C39
1A31
182E
1633
1440
1259
107E
0EB1
0CF3
0B46
09AA
0820
06AA
0548
03FB
02C3
01A0
0093
FF9B
FEB9
FDEC
FD35
FC91
FC02
FB87
FB1E
FAC9
FA85
FA50
FA2A
FA12
FA06
FA06
FA10
FA22
FA3C
FA5D
FA82
FAAC
FAD8
FB06
FB34
FB62
FB8E
FBB7
FBDD
FBFF
FC1B
FC33
FC43
FC4E
FC51
FC4D
FC41
FC2E
FC14
FBF2
FBC9
FB9A
FB64
FB29
FAE8
FAA3
FA59
FA0C
F9BD
F96C
F91A
F8C9
F879
F82B
F7E1
F79C
F75C
F723
F6F2
F6CA
F6AC
F699
F692
F697
F6AB
F6CC
F6FD
F73E
F78F
F7F2
F865
F8EB
F982
FA2A
FAE4
FBB1
FC8F
FD7F
FE80
FF92
00B4
01E6
0326
0474
05D0
0736
08A8
0A23
0BA6
0D31
0EC1
1055
11EC
1384
151C
16B3
1846
19D4
1B5C
1CDD
1E54
1FC1
2122
2276
23BB
24EF
2612
2723
2822
290C
29E3
2AA4
2B4F
2BE4
2C63
2CCA
2D1A
2D53
2D74
2D7E
2D71
2D4E
2D14
2CC4
2C5F
2BE6
2B58
2AB8
2A06
2943
286F
278D
269D
25A0
2498
2386
226B
2148
2020
1EF2
1DC0
1C8C
1B57
1A21
18ED
17BB
168C
1562
143D
131D
1205
10F5
0FED
0EEE
0DF9
0D0E
0C2D
0B56
0A8B
09CB
0915
086B
07CB
0736
06AC
062C
05B5
0548
04E3
0487
0433
03E6
03A0
035F
0323
02EC
02B8
0287
0258
022A
01FD
01D0
01A3
0174
0143
010F
00D9
009F
0061
001F
FFD8
FF8D
FF3D
FEE7
FE8D
FE2D
FDC9
FD60
FCF2
FC80
FC0A
FB93
FB18
FA9B
FA1C
F99C
F91B
F89A
F81A
F79B
F71F
F6A6
F630
F5C0
F554
F4EF
F492
F43B
F3EE
F3AA
F370
F340
F31C
F303
F2F7
F2F8
F306
F321
F34B
F382
F3C8
F41D
F47F
F4F2
F573
F602
F69F
F74A
F801
F8C5
F995
FA71
FB57
FC48
FD42
FE45
FF4F
0061
0178
0295
03B5
04D9
05FF
0727
084E
0975
0A9A
0BBC
0CDA
0DF4
0F08
1015
111B
1219
130D
13F6
14D5
15A8
1670
172C
17DB
187D
1912
1998
1A11
1A7C
1AD9
1B27
1B66
1B98
1BBB
1BD0
1BD7
1BD1
1BBD
1B9D
1B70
1B37
1AF2
1AA2
1A47
19E3
1974
18FD
187D
17F5
1766
16D0
1633
1591
14EA
143F
1390
12DD
1228
116F
10B5
0FF9
0F3C
0E7D
0DBD
0CFC
0C3B
0B7A
0AB8
09F6
0934
0871
07AF
06EC
0629
0565
04A1
03DD
0317
0251
018A
00C2
FFF9
FF31
FE67
FD9B
FCCF
FC00
FB30
FA5F
F98C
F8B8
F7E2
F70A
F632
F559
F47F
F3A4
F2CA
F1EF
F115
F03D
EF65
EE90
EDBE
ECEE
EC23
EB5C
EA9A
E9DE
E929
E87B
E7D5
E738
E6A5
E61C
E59E
E52B
E4C6
E46D
E423
E3E7
E3BA
E39D
E390
E394
E3A9
E3CF
E407
E451
E4AD
E51B
E59A
E62C
E6CF
E783
E848
E91E
EA04
EAF9
EBFC
ED0E
EE2C
EF56
F08B
F1CA
F311
F460
F5B4
F70D
F869
F9C8
FB27
FC85
FDE2
FF3A
008E
01DB
0321
045D
058F
06B5
07CF
08DA
09D6
0AC1
0B9C
0C64
0D1A
0DBC
0E4B
0EC4
0F29
0F79
0FB3
0FD8
0FE7
0FE1
0FC7
0F97
0F54
0EFD
0E94
0E19
0D8C
0CF0
0C44
0B8A
0AC3
09F0
0912
082B
073B
0645
0548
0448
0344
023F
0139
0033
FF30
FE2F
FD33
FC3C
FB4A
FA60
F97E
F8A5
F7D4
F70E
F652
F5A0
F4FA
F45F
F3D0
F34C
F2D4
F267
F205
F1AE
F161
F11E
F0E4
F0B3
F089
F067
F04A
F033
F020
F010
F003
EFF7
EFEC
EFE0
EFD3
EFC3
EFAF
EF97
EF7A
EF57
EF2D
EEFC
EEC2
EE80
EE33
EDDD
ED7D
ED13
EC9F
EC1F
EB95
EB01
EA63
E9BA
E908
E84D
E789
E6BD
E5EA
E510
E430
E34C
E263
E178
E08B
DF9D
DEAF
DDC3
DCD9
DBF3
DB12
DA38
D964
D899
D7D8
D721
D676
D5D7
D547
D4C5
D453
D3F1
D3A0
D362
D335
D31C
D317
D325
D348
D37F
D3CB
D42C
D4A1
D52B
D5CA
D67D
D743
D81D
D90B
DA0A
DB1C
DC3F
DD72
DEB5
E006
E165
E2D1
E44A
E5CD
E75A
E8EF
EA8C
EC2F
EDD6
EF81
F12E
F2DD
F48B
F637
F7E1
F987
FB27
FCC1
FE53
FFDC
015A
02CD
0434
058C
06D6
0810
0939
0A51
0B56
0C47
0D24
0DEB
0E9D
0F39
0FBD
102A
107F
10BB
10DF
10EA
10DC
10B5
1074
101A
0FA7
0F1B
0E76
0DB9
0CE3
0BF6
0AF2
09D8
08A8
0763
060A
049E
031F
018F
FFEF
FE41
FC84
FABC
F8E8
F70A
F525
F339
F146
EF50
ED59
EB61
E96A
E776
E587
E39E
E1BE
DFE6
DE1B
DC5C
DAAC
D90C
D77E
D603
D49D
D34C
D214
D0F3
CFED
CF02
CE33
CD81
CCEE
CC79
CC23
CBED
CBD8
CBE4
CC11
CC60
CCCF
CD61
CE13
CEE6
CFDA
D0ED
D220
D372
D4E1
D66D
D814
D9D7
DBB2
DDA5
DFAF
E1CD
E3FF
E643
E896
EAF7
ED64
EFDC
F25B
F4E1
F76B
F9F7
FC83
FF0D
0193
0412
068A
08F7
0B58
0DAA
0FEC
121C
1438
163F
182E
1A04
1BC0
1D60
1EE4
2049
218E
22B4
23B9
249B
255B
25F9
2673
26C9
26FB
270A
26F6
26BE
2662
25E5
2545
2484
23A3
22A2
2183
2046
1EED
1D7A
1BEC
1A47
188B
16BB
14D7
12E2
10DE
0ECC
0CAD
0A85
0855
061E
03E4
01A7
FF6A
FD2E
FAF6
F8C3
F697
F475
F25D
F051
EE53
EC65
EA88
E8BD
E706
E564
E3D8
E263
E108
DFC5
DE9D
DD8F
DC9D
DBC6
DB0B
DA6C
D9EA
D984
D93A
D90C
D8FB
D905
D92A
D969
D9C3
DA35
DAC0
DB63
DC1C
DCEA
DDCD
DEC4
DFCD
E0E7
E211
E34A
E48F
E5E1
E73E
E8A4
EA14
EB8A
ED06
EE86
F009
F18E
F313
F498
F61A
F79A
F915
FA8B
FBFB
FD64
FEC5
001C
016A
02AE
03E7
0514
0634
0748
084F
0948
0A33
0B0F
0BDE
0C9D
0D4E
0DF0
0E83
0F08
0F7E
0FE6
103F
108A
10C7
10F6
1117
112B
1131
112B
1119
10FA
10D0
109B
105B
1011
0FBC
0F5E
0EF6
0E86
0E0D
0D8D
0D05
0C75
0BDF
0B43
0AA0
09F8
094A
0898
07E1
0726
0669
05A8
04E4
041E
0354
0288
01BB
00EB
001B
FF49
FE77
FDA4
FCD2
FBFF
FB2D
FA5D
F98D
F8BF
F7F4
F72A
F664
F5A0
F4E0
F424
F36D
F2B9
F20B
F163
F0C0
F024
EF8E
EF00
EE79
EDFB
ED85
ED17
ECB2
EC56
EC04
EBBC
EB7D
EB49
EB20
EB01
EAEE
EAE5
EAE8
EAF6
EB10
EB35
EB66
EBA2
EBE9
EC3C
EC9A
ED02
ED75
EDF2
EE7A
EF0A
EFA4
F047
F0F2
F1A4
F25E
F31D
F3E3
F4AE
F57D
F650
F727
F7FF
F8DA
F9B5
FA90
FB6A
FC43
FD19
FDED
FEBC
FF87
004C
010C
01C4
0276
031F
03C0
0458
04E6
056A
05E4
0653
06B7
0711
075E
07A1
07D8
0805
0826
083B
0846
0847
083D
082A
080D
07E7
07B9
0784
0748
0705
06BE
0672
0622
05CF
057B
0525
04D0
047B
0428
03D8
038C
0344
0302
02C6
0292
0266
0242
0228
021B
0218
0220
0235
0255
0282
02BC
0304
0358
03BA
0429
04A6
052F
05C5
0668
0716
07D0
0895
0964
0A3C
0B1D
0C06
0CF5
0DEA
0EE3
0FE0
10E0
11E0
12E0
13DE
14DA
15D1
16C3
17AE
1891
196A
1A38
1AFA
1BAE
1C53
1CE8
1D6C
1DDD
1E3B
1E84
1EB8
1ED5
1EDC
1ECA
1EA0
1E5E
1E02
1D8C
1CFC
1C53
1B90
1AB3
19BC
18AD
1784
1644
14EB
137C
11F8
105C
0EAD
0CEB
0B17
0934
0741
0542
0336
0120
FF02
FCDC
FAB1
F883
F653
F423
F1F5
EFCA
EDA4
EB85
E96F
E763
E563
E371
E18E
DFBB
DDFA
DC4C
DAB3
D92F
D7C2
D66C
D52F
D40B
D300
D210
D13B
D081
CFE2
CF5E
CEF6
CEAA
CE79
CE62
CE66
CE84
CEBC
CF0C
CF74
CFF3
D088
D131
D1EF
D2C0
D3A1
D493
D594
D6A2
D7BC
D8E0
DA0E
DB43
DC7D
DDBD
DEFF
E043
E187
E2C9
E409
E544
E67A
E7A9
E8CF
E9ED
EB00
EC08
ED04
EDF3
EED4
EFA7
F06A
F11E
F1C2
F256
F2D9
F34B
F3AD
F3FE
F43E
F46E
F48E
F49E
F49E
F490
F474
F44A
F413
F3CF
F380
F327
F2C4
F259
F1E6
F16C
F0ED
F069
EFE2
EF58
EECC
EE40
EDB4
ED2A
ECA3
EC1E
EB9E
EB23
EAAE
EA40
E9D9
E97B
E925
E8D8
E895
E85D
E82F
E80C
E7F5
E7E9
E7E8
E7F4
E80B
E82D
E85C
E895
E8DA
E92A
E984
E9E9
EA57
EACF
EB50
EBD9
EC69
ED01
ED9F
EE42
EEEB
EF99
F04A
F0FE
F1B5
F26D
F326
F3DF
F498
F550
F607
F6BB
F76C
F819
F8C3
F969
FA09
FAA5
FB3A
FBCA
FC53
FCD5
FD51
FDC5
FE33
FE98
FEF7
FF4E
FF9E
FFE6
0027
0061
0094
00C1
00E7
0106
011F
0133
0141
0149
014D
014C
0147
013E
0132
0122
010F
00F9
00E1
00C7
00AB
008D
006E
004E
002D
000B
FFE8
FFC5
FFA2
FF7F
FF5B
FF37
FF13
FEEF
FECB
FEA7
FE83
FE5E
FE39
FE13
FDEC
FDC4
FD9C
FD72
FD47
FD19
FCEA
FCB9
FC86
FC50
FC17
FBDC
FB9D
FB5B
FB15
FACC
FA7F
FA2E
F9D9
F97F
F922
F8C0
F85A
F7F0
F782
F70F
F699
F61F
F5A1
F520
F49B
F414
F38A
F2FE
F270
F1E1
F151
F0C0
F02F
EF9F
EF10
EE83
EDF8
ED70
ECEB
EC6B
EBEF
EB79
EB08
EA9F
EA3D
E9E2
E991
E949
E90A
E8D6
E8AD
E88F
E87D
E878
E880
E895
E8B7
E8E8
E927
E975
E9D1
EA3C
EAB6
EB3F
EBD7
EC7E
ED34
EDF8
EECA
EFAA
F098
F194
F29D
F3B3
F4D5
F602
F73B
F87E
F9CB
FB20
FC7E
FDE4
FF50
00C2
0239
03B4
0532
06B3
0834
09B7
0B38
0CB8
0E36
0FB0
1126
1297
1401
1565
16C1
1813
195C
1A9B
1BCF
1CF7
1E13
1F23
2024
2118
21FD
22D4
239B
2452
24FA
2591
2619
268F
26F5
274B
2790
27C4
27E9
27FD
2801
27F5
27DB
27B1
2779
2732
26DE
267D
2610
2597
2513
2484
23EB
2349
229E
21EB
2130
206F
1FA9
1EDD
1E0D
1D39
1C63
1B8B
1AB1
19D7
18FD
1823
174C
1676
15A2
14D2
1406
133E
127A
11BC
1103
1050
0FA3
0EFC
0E5C
0DC3
0D31
0CA6
0C21
0BA4
0B2D
0ABE
0A54
09F2
0995
093F
08EE
08A3
085E
081D
07E1
07A9
0775
0744
0717
06EC
06C3
069B
0676
0651
062C
0608
05E3
05BD
0596
056E
0543
0517
04E8
04B6
0481
0448
040D
03CD
038A
0343
02F9
02AB
0259
0203
01AA
014D
00ED
008A
0025
FFBD
FF54
FEE8
FE7B
FE0E
FDA0
FD32
FCC5
FC59
FBEE
FB85
FB1F
FABD
FA5E
FA03
F9AD
F95C
F911
F8CC
F88E
F857
F828
F802
F7E4
F7CF
F7C3
F7C1
F7C9
F7DB
F7F8
F81F
F851
F88E
F8D5
F927
F984
F9EB
FA5C
FAD7
FB5C
FBEA
FC81
FD21
FDC8
FE77
FF2C
FFE8
00A9
016F
0239
0306
03D5
04A6
0577
0647
0717
07E4
08AF
0975
0A36
0AF2
0BA6
0C53
0CF8
0D93
0E24
0EAB
0F25
0F93
0FF4
1048
108D
10C3
10EB
1103
110B
1103
10EB
10C2
1088
103E
0FE4
0F7A
0F00
0E76
0DDE
0D36
0C81
0BBE
0AEE
0A13
092C
083A
0740
063C
0532
0420
030A
01EF
00D1
FFB1
FE91
FD70
FC52
FB36
FA1F
F90C
F800
F6FC
F600
F50E
F427
F34C
F27E
F1BD
F10A
F067
EFD4
EF51
EEE0
EE80
EE32
EDF7
EDCF
EDB9
EDB6
EDC6
EDE9
EE1F
EE67
EEC1
EF2E
EFAB
F039
F0D7
F184
F240
F30A
F3E1
F4C3
F5B1
F6A8
F7AA
F8B4
F9C4
FADA
FBF4
FD11
FE30
FF4F
006E
018C
02A6
03BD
04CE
05D9
06DD
07D8
08CA
09B3
0A90
0B61
0C26
0CDE
0D88
0E24
0EB2
0F30
0FA0
0FFF
104F
1090
10C1
10E3
10F5
10F9
10ED
10D4
10AD
1078
1037
0FE9
0F91
0F2E
0EC1
0E4B
0DCE
0D49
0CBE
0C2E
0B9A
0B03
0A69
09CE
0933
0899
0800
0769
06D7
0648
05BE
053A
04BD
0446
03D8
0371
0313
02BF
0274
0233
01FC
01CF
01AC
0194
0185
0181
0187
0196
01AE
01D0
01F9
022B
0263
02A3
02E8
0333
0382
03D6
042C
0485
04E0
053C
0597
05F2
064C
06A4
06F8
0749
0797
07E0
0823
0861
0899
08CA
08F4
0917
0932
0946
0951
0955
0950
0944
092F
0913
08F0
08C5
0893
085B
081E
07DB
0793
0747
06F8
06A6
0653
05FE
05A9
0554
0501
04B0
0463
041B
03D7
0399
0362
0332
030A
02EB
02D6
02CA
02C9
02D4
02EA
030B
0339
0374
03BA
040E
046E
04DB
0554
05DA
066B
0707
07AF
0861
091D
09E2
0AAF
0B84
0C5F
0D40
0E27
0F12
0FFF
10EE
11DD
12CC
13B9
14A4
1589
166A
1744
1817
18E1
19A1
1A56
1AFF
1B9B
1C2A
1CAA
1D1B
1D7B
1DCC
1E0A
1E38
1E53
1E5C
1E53
1E37
1E08
1DC8
1D75
1D10
1C99
1C11
1B79
1AD1
1A1A
1955
1882
17A4
16BA
15C6
14CA
13C6
12BB
11AC
1099
0F84
0E6E
0D59
0C46
0B36
0A2B
0926
0829
0734
0649
056A
0497
03D1
031A
0271
01D9
0151
00DC
0078
0026
FFE8
FFBB
FFA2
FF9B
FFA7
FFC6
FFF6
0038
008A
00ED
015F
01DF
026D
0307
03AC
045B
0512
05D1
0695
075D
0828
08F4
09BF
0A88
0B4D
0C0D
0CC6
0D76
0E1C
0EB7
0F44
0FC4
1034
1093
10E0
1119
113F
1151
114C
1131
1100
10B7
1057
0FE0
0F50
0EAA
0DEC
0D17
0C2C
0B2B
0A15
08EA
07AD
065E
04FD
038E
0210
0085
FEF0
FD51
FBAA
F9FB
F848
F693
F4DD
F329
F177
EFCB
EE26
EC8A
EAF8
E974
E7FD
E697
E543
E402
E2D6
E1C0
E0C2
DFDD
DF11
DE60
DDCA
DD51
DCF4
DCB5
DC93
DC8E
DCA7
DCDD
DD31
DDA0
DE2C
DED3
DF93
E06D
E15F
E268
E386
E4B8
E5FD
E753
E8B8
EA2A
EBA7
ED2F
EEBD
F051
F1E9
F383
F51B
F6B1
F843
F9CE
FB51
FCC9
FE34
FF92
00E0
021D
0346
045B
055B
0643
0714
07CB
0869
08ED
0955
09A2
09D3
09E7
09E0
09BC
097C
0920
08A9
0817
076B
06A6
05C8
04D4
03C9
02A9
0175
002F
FED7
FD71
FBFC
FA7B
F8F0
F75B
F5BF
F41D
F277
F0CF
EF25
ED7D
EBD8
EA36
E89A
E704
E576
E3F2
E279
E10B
DFAA
DE56
DD11
DBDA
DAB4
D99E
D898
D7A3
D6C0
D5ED
D52C
D47C
D3DC
D34E
D2CF
D260
D200
D1AF
D16B
D135
D10A
D0EB
D0D7
D0CA
D0C6
D0C9
D0D3
D0E2
D0F6
D10D
D127
D143
D15F
D17B
D197
D1B1
D1C9
D1DE
D1F0
D1FE
D208
D20D
D20E
D20A
D201
D1F3
D1E1
D1CA
D1B0
D191
D16F
D14B
D125
D0FD
D0D4
D0AA
D081
D05A
D036
D016
CFFA
CFE4
CFD5
CFCE
CFD0
CFDD
CFF4
D017
D047
D086
D0D3
D12F
D19C
D21A
D2AA
D34C
D400
D4C7
D5A1
D68E
D78F
D8A3
D9C9
DB02
DC4E
DDAA
DF18
E095
E222
E3BD
E565
E719
E8D8
EAA0
EC70
EE47
F023
F201
F3E2
F5C2
F7A0
F97A
FB4F
FD1B
FEDF
0097
0243
03DF
056B
06E5
084B
099C
0AD5
0BF7
0CFE
0DEB
0EBC
0F70
1006
107C
10D3
110A
1122
1119
10F1
10A9
1041
0FBB
0F16
0E54
0D74
0C7A
0B64
0A36
08F0
0794
0624
04A1
030D
016B
FFBD
FE04
FC44
FA7E
F8B4
F6EA
F521
F35C
F19E
EFE8
EE3D
ECA0
EB12
E996
E82F
E6DE
E5A6
E488
E387
E2A4
E1E0
E13E
E0BE
E062
E02B
E01A
E02F
E06B
E0CE
E159
E20B
E2E5
E3E6
E50F
E65D
E7D0
E968
EB24
ED01
EEFF
F11C
F357
F5AD
F81C
FAA2
FD3E
FFED
02AE
057C
0857
0B3B
0E26
1116
1407
16F8
19E6
1CCD
1FAC
2281
2547
27FE
2AA3
2D33
2FAD
320E
3454
367E
3889
3A75
3C3E
3DE5
3F68
40C6
41FD
430D
43F5
44B4
454B
45B8
45FD
4618
460B
45D5
4578
44F3
4447
4375
427F
4165
4029
3ECB
3D4E
3BB2
39F9
3825
3638
3433
3217
2FE8
2DA6
2B54
28F3
2685
240C
218B
1F02
1C74
19E3
1750
14BD
122B
0F9D
0D13
0A90
0815
05A3
033B
00DF
FE90
FC50
FA1E
F7FD
F5ED
F3EE
F203
F02B
EE67
ECB7
EB1C
E997
E828
E6CE
E58B
E45E
E348
E248
E15F
E08C
DFD0
DF2A
DE9B
DE21
DDBD
DD6F
DD36
DD11
DD02
DD06
DD1F
DD4A
DD89
DDDB
DE3F
DEB5
DF3D
DFD5
E07F
E138
E202
E2DB
E3C3
E4B9
E5BE
E6D1
E7F1
E91F
EA58
EB9E
ECEF
EE4C
EFB4
F126
F2A2
F427
F5B5
F74B
F8E9
FA8E
FC39
FDEA
FFA0
015B
031A
04DC
06A0
0866
0A2D
0BF4
0DBB
0F80
1142
1302
14BD
1673
1824
19CD
1B6F
1D09
1E99
201E
2198
2307
2468
25BD
2703
283A
2960
2A76
2B79
2C6B
2D49
2E13
2EC9
2F6B
2FF8
3070
30D2
311E
3155
3175
3180
3175
3155
311F
30D5
3076
3003
2F7D
2EE3
2E38
2D7C
2CAF
2BD2
2AE7
29EF
28ED
27E0
26C8
25A8
2481
2353
2220
20E9
1FB0
1E76
1D3D
1C05
1AD0
19A0
1875
1752
1636
1525
141D
1322
1233
1152
107F
0FBC
0F0A
0E68
0DD9
0D5B
0CF0
0C98
0C53
0C22
0C05
0BFC
0C06
0C23
0C53
0C96
0CEB
0D51
0DC8
0E50
0EE7
0F8D
1041
1101
11CD
12A4
1385
146E
155E
1654
174E
184C
194D
1A4D
1B4E
1C4C
1D47
1E3E
1F2F
2019
20FB
21D4
22A1
2362
2417
24BE
2557
25E1
265B
26C5
271D
2765
279A
27BD
27CE
27CD
27B9
2792
2759
270F
26B2
2644
25C6
2537
2498
23EB
2330
2267
2193
20B3
1FC9
1ED6
1DDB
1CDA
1BD4
1ACA
19BD
18AE
179F
1690
1583
147A
1374
1275
117C
108B
0FA3
0EC6
0DF3
0D2C
0C71
0BC5
0B26
0A97
0A17
09A7
0947
08F9
08BB
088E
0873
086A
0871
0889
08B3
08ED
0938
0993
09FC
0A75
0AFB
0B8E
0C2E
0CD8
0D8E
0E4C
0F13
0FE2
10B6
1190
126E
134F
1431
1514
15F6
16D6
17B4
188D
1960
1A2D
1AF3
1BB0
1C63
1D0C
1DA9
1E39
1EBD
1F32
1F96
1FEB
202F
2064
2088
209A
209B
208A
2067
2032
1FEA
1F91
1F26
1EA9
1E1A
1D7B
1CCA
1C09
1B38
1A58
196A
186D
1763
164D
152B
13FF
12C9
118A
1043
0EF5
0DA2
0C4A
0AED
098E
082D
06CC
056C
040D
02B2
015A
0008
FEBB
FD76
FC38
FB03
F9D8
F8B7
F7A2
F699
F59C
F4AD
F3CB
F2F8
F234
F17F
F0DA
F045
EFBF
EF4A
EEE5
EE90
EE4C
EE18
EDF3
EDE0
EDDC
EDE7
EE01
EE28
EE5D
EE9F
EEED
EF46
EFAA
F018
F08F
F10E
F195
F222
F2B4
F34B
F3E5
F482
F520
F5BE
F65B
F6F7
F78F
F824
F8B4
F93E
F9C0
FA3B
FAAD
FB15
FB73
FBC5
FC0C
FC45
FC70
FC8D
FC9B
FC99
FC87
FC65
FC31
FBED
FB97
FB2F
FAB6
FA2B
F98F
F8E2
F823
F753
F673
F583
F484
F376
F259
F130
EFF9
EEB7
ED6B
EC14
EAB5
E94E
E7E1
E66E
E4F7
E37D
E202
E088
DF0F
DD99
DC28
DABD
D959
D7FE
D6AD
D568
D431
D307
D1EE
D0E6
CFF0
CF0E
CE41
CD8A
CCEB
CC63
CBF5
CBA0
CB67
CB48
CB46
CB61
CB98
CBED
CC60
CCEF
CD9C
CE66
CF4F
D055
D178
D2B7
D413
D589
D71A
D8C5
DA88
DC62
DE53
E058
E271
E49C
E6D7
E922
EB79
EDDC
F049
F2BD
F538
F7B6
FA37
FCB7
FF36
01B1
0426
0693
08F7
0B4D
0D96
0FD0
11F8
140D
160D
17F7
19C9
1B81
1D1F
1EA0
2004
2149
226F
2375
2459
251B
25BB
2638
2692
26C9
26DC
26CC
2698
2642
25C9
252E
2472
2396
2299
217F
2046
1EF0
1D7F
1BF4
1A51
1898
16C9
14E7
12F4
10F1
0EDF
0CC2
0A9B
086B
0635
03FA
01BD
FF7F
FD43
FB0A
F8D6
F6A9
F485
F26C
F05F
EE5F
EC70
EA91
E8C4
E70B
E567
E3DA
E263
E106
DFC1
DE97
DD87
DC93
DBBB
DAFE
DA5E
D9DB
D974
D92A
D8FC
D8EA
D8F4
D919
D959
D9B2
DA25
DAB1
DB54
DC0E
DCDE
DDC2
DEBA
DFC4
E0DF
E20A
E344
E48B
E5DF
E73D
E8A4
EA14
EB8C
ED08
EE89
F00D
F192
F318
F49D
F620
F7A0
F91C
FA92
FC03
FD6C
FECC
0024
0172
02B6
03EE
051B
063B
074F
0855
094D
0A38
0B14
0BE1
0CA0
0D50
0DF2
0E84
0F08
0F7C
0FE2
1039
1082
10BE
10EB
110B
111E
1124
111D
110A
10EC
10C2
108D
104D
1002
0FAE
0F51
0EEA
0E7B
0E03
0D83
0CFC
0C6E
0BD9
0B3D
0A9B
09F4
0948
0896
07E0
0726
0668
05A7
04E3
041C
0352
0286
01B8
00E9
0018
FF47
FE75
FDA2
FCD0
FBFD
FB2C
FA5C
F98C
F8BF
F7F3
F72A
F664
F5A1
F4E1
F425
F36D
F2BA
F20C
F164
F0C1
F025
EF8F
EF00
EE79
EDFB
ED85
ED17
ECB3
EC57
EC05
EBBD
EB7F
EB4B
EB22
EB04
EAF0
EAE8
EAEB
EAFA
EB14
EB39
EB6A
EBA6
EBEE
EC40
EC9E
ED06
ED79
EDF6
EE7D
EF0D
EFA7
F049
F0F3
F1A4
F25E
F31E
F3E4
F4AF
F57F
F652
F728
F801
F8DB
F9B6
FA91
FB6C
FC44
FD1A
FDED
FEBD
FF87
004C
010C
01C4
0275
031E
03BF
0457
04E5
0569
05E3
0652
06B7
0710
075E
07A1
07D9
0806
0828
083F
084B
084C
0843
0830
0814
07EF
07C2
078D
0751
070F
06C8
067C
062C
05DA
0585
052F
04D9
0484
0431
03E0
0393
034B
0308
02CB
0296
0268
0243
0228
0218
0213
0219
022A
0248
0273
02AA
02EF
0341
03A0
040D
0487
050F
05A4
0645
06F2
07AC
0870
093F
0A18
0AFA
0BE3
0CD4
0DCB
0EC7
0FC7
10CA
11CE
12D2
13D5
14D5
15D1
16C7
17B7
189E
197C
1A4E
1B14
1BCD
1C76
1D0F
1D97
1E0B
1E6C
1EB8
1EEE
1F0D
1F14
1F03
1ED9
1E96
1E39
1DC2
1D30
1C84
1BBD
1ADC
19E1
18CC
179E
1658
14F9
1383
11F8
1057
0EA2
0CDA
0B01
0918
0720
051B
030B
00F0
FECE
FCA5
FA77
F846
F614
F3E3
F1B4
EF89
ED63
EB46
E931
E728
E52B
E33C
E15D
DF8F
DDD3
DC2B
DA98
D91A
D7B4
D665
D52F
D414
D313
D22D
D161
D0B0
D01A
CFA0
CF40
CEFC
CED2
CEC3
CECD
CEF0
CF2C
CF7F
CFE9
D069
D0FE
D1A7
D262
D32F
D40C
D4F8
D5F1
D6F7
D807
D921
DA43
DB6C
DC99
DDCB
DEFF
E035
E16A
E29E
E3CF
E4FC
E623
E744
E85E
E970
EA78
EB76
EC69
ED50
EE2B
EEF9
EFB9
F06C
F110
F1A6
F22D
F2A6
F30F
F36A
F3B5
F3F2
F420
F440
F451
F455
F44C
F436
F413
F3E4
F3A9
F364
F315
F2BC
F25A
F1F0
F17F
F106
F087
F003
EF7A
EEEC
EE5B
EDC7
ED31
EC9A
EC01
EB68
EAD0
EA38
E9A2
E90E
E87C
E7ED
E761
E6D9
E655
E5D6
E55C
E4E7
E477
E40E
E3AA
E34D
E2F6
E2A5
E25C
E218
E1DC
E1A7
E178
E150
E12E
E114
E0FF
E0F1
E0EA
E0E8
E0EC
E0F5
E104
E117
E130
E14D
E16D
E192
E1BA
E1E6
E214
E244
E276
E2AA
E2E0
E316
E34C
E383
E3B9
E3F0
E425
E459
E48C
E4BD
E4EC
E51A
E545
E56E
E595
E5B9
E5DB
E5FA
E617
E631
E649
E65F
E672
E684
E693
E6A2
E6AF
E6BB
E6C7
E6D3
E6DF
E6EB
E6F9
E709
E71A
E72F
E745
E760
E77E
E7A1
E7C8
E7F5
E827
E860
E89F
E8E6
E934
E98A
E9E8
EA4E
EABE
EB36
EBB8
EC43
ECD8
ED76
EE1E
EECF
EF8A
F04F
F11C
F1F3
F2D3
F3BA
F4AA
F5A2
F6A1
F7A7
F8B4
F9C6
FADC
FBF8
FD17
FE38
FF5C
0082
01A8
02CE
03F3
0516
0636
0753
086C
097F
0A8D
0B94
0C93
0D8A
0E78
0F5C
1036
1105
11C8
127F
132A
13C7
1456
14D7
1549
15AC
1600
1645
167B
16A2
16B8
16C0
16B8
16A0
167A
1644
1600
15AC
154B
14DC
145F
13D5
133E
129A
11EB
1130
106A
0F9A
0EC0
0DDD
0CF0
0BFC
0AFF
09FC
08F1
07E0
06C8
05AC
048B
0367
023E
0113
FFE6
FEB6
FD85
FC53
FB20
F9ED
F8BB
F789
F658
F52A
F3FD
F2D2
F1AA
F086
EF65
EE48
ED30
EC1C
EB0D
EA04
E901
E804
E70E
E61F
E538
E457
E37E
E2AF
E1E8
E12A
E077
DFCE
DF2F
DE9C
DE14
DD97
DD27
DCC4
DC6D
DC23
DBE7
DBB9
DB98
DB86
DB83
DB8E
DBA8
DBD0
DC08
DC4F
DCA5
DD09
DD7D
DDFF
DE90
DF30
DFDD
E099
E162
E237
E319
E407
E4FF
E603
E710
E827
E946
EA6C
EB9A
ECCD
EE06
EF42
F082
F1C4
F307
F44A
F58C
F6CC
F809
F942
FA76
FBA3
FCC9
FDE7
FEFB
0005
0103
01F5
02DA
03B2
047B
0535
05DE
0677
06FE
0773
07D6
0827
0864
088E
08A6
08AA
089B
087A
0846
07FF
07A7
073E
06C4
063B
05A2
04FB
0447
0386
02BA
01E4
0105
001F
FF32
FE3F
FD49
FC52
FB59
FA61
F96B
F878
F78A
F6A2
F5C2
F4EB
F41E
F35C
F2A7
F200
F169
F0E1
F06B
F007
EFB5
EF78
EF4E
EF39
EF3A
EF50
EF7C
EFBE
F016
F084
F107
F1A0
F24D
F30F
F3E5
F4CE
F5C9
F6D5
F7F1
F91B
FA54
FB98
FCE8
FE40
FFA1
0108
0274
03E3
0553
06C3
0831
099B
0B00
0C5D
0DB2
0EFC
103A
116B
128C
139C
149A
1585
165B
171C
17C5
1857
18D0
1931
1978
19A5
19B6
19AD
1987
1947
18EB
1874
17E2
1736
1670
1591
149A
138C
1267
112E
0FE1
0E82
0D12
0B93
0A07
086E
06CB
0520
036E
01B8
FFFF
FE45
FC8D
FAD7
F927
F780
F5E1
F44E
F2C7
F14E
EFE5
EE8E
ED49
EC19
EAFF
E9FC
E911
E840
E788
E6EC
E66B
E607
E5BF
E594
E586
E595
E5C1
E60A
E66F
E6F0
E78D
E845
E916
EA00
EB02
EC1A
ED48
EE8B
EFDF
F145
F2BA
F43E
F5CE
F768
F90C
FAB6
FC66
FE1A
FFCF
0185
0339
04EA
0696
083B
09D9
0B6C
0CF4
0E70
0FDE
113D
128C
13CA
14F5
160E
1712
1803
18DE
19A4
1A55
1AEF
1B73
1BE2
1C3A
1C7E
1CAC
1CC5
1CCA
1CBC
1C9B
1C68
1C24
1BD0
1B6C
1AFA
1A7C
19F1
195C
18BE
1818
176B
16B8
1602
1548
148E
13D3
1319
1262
11AE
10FF
1056
0FB4
0F1B
0E8B
0E06
0D8B
0D1C
0CB9
0C63
0C1B
0BE0
0BB4
0B97
0B88
0B88
0B96
0BB4
0BE0
0C1A
0C62
0CB8
0D1B
0D8A
0E05
0E8B
0F1C
0FB6
1058
1103
11B4
126B
1326
13E5
14A7
156B
162F
16F3
17B5
1873
192D
19E2
1A91
1B38
1BD7
1C6C
1CF7
1D77
1DEB
1E52
1EAB
1EF6
1F32
1F5F
1F7C
1F89
1F85
1F71
1F4B
1F14
1ECC
1E73
1E09
1D8E
1D02
1C66
1BBA
1AFF
1A36
195E
1879
1786
1686
157B
1464
1344
121A
10E8
0FAF
0E6F
0D2A
0BE1
0A94
0945
07F5
06A4
0554
0406
02BB
0174
0032
FEF6
FDC0
FC93
FB6D
FA52
F940
F83A
F73F
F650
F56F
F49B
F3D5
F31E
F276
F1DD
F154
F0DC
F074
F01C
EFD5
EF9F
EF7A
EF65
EF60
EF6C
EF88
EFB4
EFF0
F03A
F094
F0FB
F170
F1F2
F281
F31B
F3C1
F470
F52A
F5EB
F6B5
F786
F85E
F93A
FA1A
FAFE
FBE3
FCCA
FDB0
FE95
FF78
0058
0133
0209
02D8
03A0
045F
0514
05BE
065D
06EF
0774
07EA
0851
08A8
08ED
0921
0943
0952
094D
0934
0907
08C5
0870
0805
0785
06F0
0645
0585
04B0
03C5
02C7
01B4
008D
FF53
FE07
FCA9
FB3A
F9BB
F82C
F690
F4E7
F332
F172
EFA9
EDD8
EC01
EA25
E845
E662
E480
E29E
E0BF
DEE5
DD10
DB43
D97F
D7C6
D619
D47A
D2EC
D16E
D003
CEAD
CD6B
CC41
CB2F
CA36
C958
C895
C7EE
C765
C6FA
C6AD
C67F
C671
C683
C6B5
C708
C77A
C80D
C8BF
C991
CA82
CB91
CCBD
CE07
CF6D
D0EF
D289
D43D
D607
D7E7
D9DB
DBE1
DDF8
E01E
E251
E48F
E6D6
E924
EB77
EDCE
F026
F27C
F4D0
F71E
F965
FBA3
FDD6
FFFB
0212
0417
060A
07E9
09B2
0B63
0CFB
0E7A
0FDC
1122
124B
1355
1440
150B
15B7
1642
16AC
16F6
171F
1728
1711
16DA
1685
1611
1581
14D4
140D
132B
1231
1120
0FF9
0EBD
0D70
0C11
0AA3
0928
07A1
0611
0478
02DA
0135
FF8E
FDE6
FC3F
FA9B
F8FC
F763
F5D1
F449
F2CC
F15B
EFF7
EEA1
ED5B
EC26
EB02
E9F0
E8F0
E804
E72C
E667
E5B7
E51B
E493
E41F
E3BF
E372
E338
E310
E2FA
E2F5
E300
E31B
E344
E37A
E3BC
E40A
E462
E4C3
E52C
E59B
E610
E689
E705
E783
E801
E87F
E8FC
E976
E9EC
EA5F
EACC
EB33
EB94
EBED
EC3F
EC88
ECC9
ED01
ED30
ED56
ED73
ED87
ED93
ED94
ED8D
ED7E
ED68
ED4C
ED2B
ED04
ECD9
ECAB
EC7B
EC4A
EC18
EBE8
EBB9
EB8D
EB65
EB42
EB26
EB10
EB03
EAFF
EB06
EB17
EB34
EB5D
EB94
EBD8
EC2B
EC8C
ECFD
ED7C
EE0B
EEA8
EF53
F00E
F0D7
F1AF
F294
F386
F484
F58E
F6A3
F7C0
F8E6
FA13
FB46
FC7D
FDB7
FEF2
002D
0166
029C
03CD
04F7
0619
0730
083C
093B
0A2A
0B0A
0BD7
0C91
0D37
0DC6
0E40
0EA1
0EEA
0F18
0F2C
0F25
0F02
0EC3
0E68
0DF1
0D5D
0CAD
0BE2
0AFB
09FA
08DF
07AC
0660
04FF
0388
01FD
0060
FEB2
FCF6
FB2D
F958
F77B
F596
F3AD
F1C1
EFD4
EDE8
EC01
EA21
E848
E679
E4B6
E302
E15D
DFCB
DE4D
DCE4
DB92
DA58
D939
D835
D74C
D681
D5D4
D546
D4D6
D486
D455
D444
D452
D47F
D4CA
D533
D5B9
D65C
D719
D7EF
D8DE
D9E4
DAFF
DC2E
DD6E
DEBE
E01C
E185
E2F8
E472
E5F1
E774
E8F6
EA78
EBF5
ED6D
EEDD
F042
F19C
F2E7
F423
F54D
F665
F767
F854
F929
F9E6
FA8B
FB15
FB85
FBDA
FC14
FC33
FC37
FC21
FBF1
FBA7
FB44
FACA
FA38
F991
F8D6
F808
F72A
F63C
F542
F43C
F32E
F219
F0FF
EFE3
EEC8
EDAF
EC9C
EB90
EA8D
E997
E8AF
E7D9
E715
E666
E5CE
E54E
E4EA
E4A2
E477
E46D
E483
E4BA
E514
E58F
E62E
E6F0
E7D6
E8DE
EA0A
EB58
ECC9
EE5A
F00A
F1DA
F3C6
F5CF
F7F1
FA2A
FC7A
FEDD
0152
03D5
0665
08FE
0B9E
0E42
10E7
138B
162B
18C3
1B51
1DD2
2042
22A1
24EA
271B
2933
2B2D
2D09
2EC3
305B
31CE
331A
343F
353A
360B
36B1
372C
377A
379C
3791
375A
36F7
3669
35B1
34CF
33C5
3294
313F
2FC6
2E2C
2C73
2A9D
28AD
26A5
2488
2259
201A
1DCF
1B7B
1921
16C3
1465
120A
0FB6
0D6A
0B2B
08FB
06DC
04D2
02E0
0108
FF4B
FDAE
FC31
FAD6
F9A0
F88F
F7A6
F6E5
F64E
F5E1
F59E
F587
F59B
F5D9
F643
F6D6
F793
F878
F985
FAB7
FC0F
FD89
FF24
00DE
02B5
04A7
06B0
08D0
0B03
0D46
0F97
11F2
1456
16BE
1929
1B93
1DF9
2058
22AE
24F7
2732
295B
2B6F
2D6D
2F51
311A
32C5
3451
35BB
3702
3825
3922
39F8
3AA6
3B2C
3B88
3BBB
3BC4
3BA4
3B59
3AE6
3A49
3985
3899
3788
3651
34F6
337A
31DD
3021
2E48
2C53
2A46
2822
25E9
239E
2142
1ED9
1C63
19E5
1760
14D6
1249
0FBD
0D32
0AAC
082D
05B6
0349
00E8
FE96
FC54
FA23
F804
F5FA
F405
F227
F060
EEB1
ED1B
EB9E
EA3B
E8F3
E7C4
E6B0
E5B7
E4D7
E411
E364
E2CF
E251
E1EB
E19B
E161
E13C
E12A
E12B
E13D
E160
E192
E1D1
E21D
E274
E2D6
E340
E3B2
E42A
E4A7
E529
E5AD
E633
E6BA
E741
E7C7
E84B
E8CD
E94B
E9C5
EA3A
EAAB
EB16
EB7A
EBD8
EC30
EC81
ECCC
ED0F
ED4D
ED84
EDB4
EDDF
EE04
EE24
EE3F
EE55
EE68
EE77
EE83
EE8D
EE95
EE9C
EEA3
EEA9
EEB0
EEB8
EEC2
EECE
EEDD
EEEF
EF05
EF1F
EF3E
EF62
EF8C
EFBB
EFF0
F02B
F06B
F0B2
F0FF
F152
F1AB
F20A
F26F
F2DA
F34A
F3BF
F439
F4B8
F53B
F5C1
F64B
F6D8
F768
F7F9
F88C
F920
F9B4
FA48
FADB
FB6E
FBFE
FC8D
FD18
FDA0
FE24
FEA4
FF1F
FF94
0004
006F
00D3
0131
0188
01D8
0221
0263
029E
02D1
02FD
0321
033F
0354
0363
036B
036B
0365
0359
0347
032E
0310
02ED
02C4
0298
0266
0231
01F8
01BD
017E
013D
00F9
00B4
006D
0025
FFDC
FF92
FF49
FF00
FEB7
FE6F
FE27
FDE1
FD9D
FD5A
FD19
FCDA
FC9D
FC62
FC2A
FBF5
FBC2
FB92
FB65
FB3A
FB13
FAEE
FACD
FAAF
FA94
FA7B
FA66
FA54
FA46
FA3B
FA34
FA30
FA30
FA34
FA3C
FA47
FA57
FA6B
FA83
FAA0
FAC1
FAE7
FB13
FB43
FB79
FBB5
FBF6
FC3E
FC8B
FCE0
FD3B
FD9D
FE06
FE77
FEEF
FF6F
FFF7
0086
011D
01BD
0265
0316
03CF
0491
055B
062E
0708
07EB
08D5
09C7
0ABF
0BBF
0CC4
0DD0
0EE0
0FF6
110F
122C
134B
146D
1590
16B3
17D5
18F6
1A15
1B31
1C49
1D5B
1E68
1F6E
206D
2163
224F
2330
2406
24CF
258B
2638
26D6
2765
27E3
2850
28AC
28F5
292C
294F
2960
295C
2945
291A
28DC
2889
2824
27AB
271F
2680
25D0
250F
243D
235B
226A
216B
205E
1F46
1E23
1CF7
1BC3
1A88
1948
1803
16BC
1574
142C
12E6
11A3
1065
0F2D
0DFD
0CD6
0BB9
0AA9
09A5
08B0
07CB
06F7
0634
0585
04E9
0463
03F2
0397
0352
0325
030F
0310
032A
035B
03A5
0406
047F
050E
05B4
0670
0741
0826
091E
0A27
0B42
0C6D
0DA5
0EEB
103B
1196
12F9
1462
15D0
1741
18B4
1A26
1B97
1D03
1E6A
1FC9
211F
226B
23AB
24DC
25FE
2710
280F
28FB
29D2
2A93
2B3E
2BD1
2C4C
2CAF
2CF8
2D27
2D3D
2D38
2D19
2CE1
2C8E
2C23
2B9E
2B02
2A4E
2983
28A3
27AD
26A5
258A
245E
2323
21D9
2084
1F23
1DB8
1C47
1ACF
1952
17D4
1654
14D6
135A
11E3
1072
0F09
0DA9
0C54
0B0C
09D2
08A8
078E
0686
0591
04B0
03E4
032E
028E
0205
0194
013B
00FA
00D1
00C0
00C8
00E7
011F
016E
01D4
0250
02E1
0386
043E
0508
05E4
06CF
07C9
08D0
09E3
0B00
0C26
0D53
0E86
0FBD
10F7
1232
136C
14A4
15D9
1708
1830
1951
1A68
1B74
1C74
1D67
1E4B
1F20
1FE5
2099
213A
21C9
2245
22AC
2300
233F
2369
237E
237E
2369
233F
2301
22AF
224A
21D1
2145
20A8
1FFA
1F3B
1E6D
1D91
1CA7
1BB1
1AAF
19A3
188D
1770
164B
1521
13F2
12BF
1189
1051
0F1A
0DE3
0CAF
0B7D
0A4F
0926
0803
06E7
05D1
04C4
03C0
02C5
01D4
00ED
0010
FF3F
FE79
FDBE
FD0F
FC6C
FBD4
FB48
FAC7
FA51
F9E7
F987
F931
F8E5
F8A2
F868
F836
F80C
F7EA
F7CD
F7B7
F7A6
F79A
F792
F78D
F78B
F78B
F78C
F78F
F792
F794
F795
F796
F794
F790
F789
F77F
F772
F760
F74B
F732
F714
F6F1
F6CA
F69E
F66D
F638
F5FE
F5C1
F57F
F538
F4EE
F4A1
F44F
F3FB
F3A4
F34A
F2EE
F291
F232
F1D2
F172
F111
F0B1
F051
EFF3
EF96
EF3A
EEE1
EE8B
EE37
EDE7
ED9A
ED51
ED0C
ECCB
EC8F
EC58
EC26
EBF8
EBD1
EBAE
EB91
EB7A
EB68
EB5C
EB55
EB53
EB57
EB60
EB6D
EB80
EB97
EBB3
EBD3
EBF7
EC1F
EC4B
EC7A
ECAC
ECE1
ED18
ED52
ED8F
EDCD
EE0D
EE4E
EE91
EED6
EF1B
EF62
EFA9
EFF1
F03A
F084
F0CF
F11A
F166
F1B4
F202
F250
F2A0
F2F1
F344
F397
F3EC
F443
F49C
F4F6
F553
F5B2
F613
F677
F6DF
F749
F7B6
F827
F89C
F915
F991
FA12
FA97
FB20
FBAE
FC41
FCD8
FD74
FE14
FEBA
FF63
0012
00C5
017C
0237
02F6
03B8
047E
0548
0614
06E2
07B2
0884
0957
0A2B
0AFF
0BD2
0CA5
0D76
0E45
0F12
0FDB
10A1
1162
121E
12D4
1382
1429
14C9
1560
15EF
1674
16EF
175F
17C4
181E
186C
18AD
18E1
1907
1920
192A
1927
1914
18F3
18C2
1883
1834
17D6
1769
16ED
1661
15C7
151E
1467
13A2
12CF
11EF
1101
1007
0F01
0DF0
0CD5
0BAF
0A81
094A
080C
06C7
057C
042C
02D8
0181
0027
FECB
FD6F
FC14
FABA
F962
F80E
F6BE
F573
F42E
F2F1
F1BB
F08F
EF6D
EE55
ED49
EC4A
EB58
EA74
E9A0
E8DB
E827
E784
E6F2
E672
E604
E5AA
E563
E530
E511
E506
E50F
E52E
E561
E5A9
E605
E676
E6FC
E796
E845
E907
E9DC
EAC5
EBC0
ECCD
EDEC
EF1C
F05C
F1AB
F309
F475
F5EF
F775
F906
FAA2
FC47
FDF5
FFAA
0165
0326
04EA
06B2
087B
0A44
0C0D
0DD3
0F97
1156
130F
14C2
166C
180E
19A5
1B30
1CAF
1E21
1F83
20D6
2218
2348
2466
2571
2667
2748
2813
28C9
2967
29EF
2A5F
2AB7
2AF6
2B1D
2B2C
2B22
2AFF
2AC3
2A6F
2A02
297D
28E1
282D
2762
2681
258A
247E
235E
2229
20E3
1F8A
1E20
1CA7
1B1F
1988
17E5
1637
147F
12BD
10F3
0F22
0D4C
0B72
0994
07B5
05D5
03F6
0218
003E
FE68
FC97
FACD
F90B
F751
F5A0
F3FA
F260
F0D2
EF51
EDDE
EC79
EB23
E9DD
E8A7
E782
E66D
E569
E477
E397
E2C9
E20C
E160
E0C6
E03D
DFC4
DF5D
DF05
DEBD
DE85
DE5B
DE40
DE31
DE30
DE3B
DE52
DE73
DE9E
DED2
DF0E
DF52
DF9D
DFED
E043
E09C
E0F9
E158
E1B9
E21B
E27E
E2E0
E340
E39F
E3FB
E454
E4AA
E4FC
E549
E592
E5D6
E614
E64D
E681
E6AE
E6D6
E6F9
E716
E72E
E740
E74E
E756
E75B
E75C
E759
E753
E74B
E740
E734
E728
E71B
E70E
E703
E6F9
E6F2
E6EE
E6EE
E6F2
E6FA
E708
E71C
E737
E759
E782
E7B3
E7EE
E831
E87D
E8D3
E933
E99E
EA12
EA91
EB1B
EBB0
EC4F
ECF9
EDAD
EE6C
EF34
F007
F0E3
F1C8
F2B6
F3AC
F4AA
F5B0
F6BD
F7D0
F8E8
FA05
FB26
FC4A
FD71
FE9A
FFC4
00EE
0217
033F
0465
0588
06A7
07C2
08D7
09E7
0AEF
0BF0
0CE9
0DD8
0EBF
0F9B
106C
1132
11EC
129A
133B
13CF
1456
14CE
1537
1592
15DF
161D
164D
166D
167F
1682
1677
165D
1634
15FD
15B8
1565
1505
1497
141C
1395
1301
1261
11B6
1100
103F
0F74
0E9F
0DC1
0CDB
0BEC
0AF5
09F6
08F1
07E5
06D2
05BB
049E
037E
0259
0131
0006
FED9
FDAA
FC79
FB48
FA15
F8E3
F7B1
F680
F550
F422
F2F6
F1CC
F0A5
EF82
EE63
ED48
EC31
EB1F
EA13
E90D
E80D
E714
E622
E538
E458
E380
E2B2
E1EC
E130
E07F
DFD7
DF3B
DEA9
DE23
DDA9
DD3B
DCD9
DC85
DC3D
DC02
DBD5
DBB6
DBA5
DBA2
DBAD
DBC6
DBEE
DC24
DC69
DCBD
DD1F
DD8F
DE0E
DE9A
DF35
DFDD
E095
E15A
E22C
E30A
E3F4
E4EA
E5E9
E6F4
E807
E923
EA47
EB72
ECA4
EDDB
EF16
F055
F196
F2D9
F41D
F560
F6A1
F7E0
F91B
FA52
FB82
FCAC
FDCD
FEE6
FFF5
00F8
01EF
02DA
03B6
0483
0541
05F0
068D
0719
0793
07FB
0850
0892
08C1
08DC
08E4
08D9
08BA
0888
0843
07EC
0782
0708
067D
05E2
0537
047F
03BA
02E9
020C
0126
0038
FF43
FE48
FD49
FC48
FB46
FA43
F943
F847
F74F
F65E
F575
F496
F3C1
F2F9
F23F
F193
F0F8
F06D
EFF5
EF90
EF3F
EF03
EEDD
EECC
EED2
EEEE
EF22
EF6C
EFCD
F046
F0D4
F179
F233
F302
F3E5
F4DC
F5E6
F700
F82B
F964
FAAA
FBFC
FD58
FEBD
0029
0199
030E
0484
05FA
076E
08DF
0A4B
0BAF
0D0A
0E5B
0F9F
10D6
11FD
1313
1417
1507
15E3
16A8
1757
17ED
186B
18D0
191B
194C
1963
195E
193F
1904
18AF
183F
17B6
1713
1657
1583
1498
1398
1282
1159
101E
0ED1
0D75
0C0B
0A94
0913
0788
05F6
045E
02C2
0124
FF85
FDE8
FC4D
FAB7
F927
F79F
F621
F4AE
F347
F1EE
F0A5
EF6B
EE44
ED2F
EC2E
EB42
EA6B
E9AB
E902
E870
E7F7
E796
E74E
E71F
E709
E70C
E728
E75D
E7AA
E810
E88D
E921
E9CB
EA8C
EB61
EC4B
ED48
EE58
EF79
F0AB
F1EB
F33A
F496
F5FE
F770
F8EC
FA70
FBFB
FD8C
FF22
00BA
0255
03F0
058A
0723
08B9
0A4B
0BD8
0D5E
0EDD
1053
11BF
1321
1477
15C0
16FC
1829
1947
1A55
1B51
1C3B
1D13
1DD8
1E8A
1F27
1FAF
2023
2080
20C7
20F8
2112
2115
2100
20D4
2090
2034
1FC0
1F33
1E8F
1DD2
1CFD
1C11
1B0C
19F0
18BD
1773
1612
149B
130E
116B
0FB4
0DE7
0C07
0A14
080E
05F8
03D1
019B
FF56
FD05
FAA7
F83E
F5CB
F350
F0CE
EE46
EBBA
E92A
E699
E409
E179
DEED
DC66
D9E4
D76B
D4FB
D297
D03F
CDF5
CBBC
C993
C77E
C57D
C393
C1BF
C004
BE63
BCDC
BB72
BA25
B8F6
B7E6
B6F6
B626
B578
B4EB
B47F
B436
B40F
B40B
B428
B467
B4C7
B549
B5EA
B6AB
B78B
B888
B9A2
BAD7
BC26
BD8D
BF0B
C09E
C245
C3FF
C5C9
C7A0
C983
CB71
CD66
CF61
D160
D361
D561
D75F
D959
DB4C
DD37
DF18
E0ED
E2B5
E46D
E615
E7AA
E92C
EA99
EBF1
ED31
EE5B
EF6C
F064
F143
F208
F2B4
F346
F3BF
F41E
F465
F493
F4AA
F4AA
F493
F468
F429
F3D8
F375
F302
F281
F1F2
F158
F0B4
F007
EF54
EE9B
EDDF
ED21
EC63
EBA5
EAEB
EA34
E983
E8D9
E837
E79E
E710
E68D
E616
E5AD
E552
E505
E4C7
E498
E479
E469
E469
E478
E497
E4C5
E501
E54C
E5A4
E609
E67B
E6F7
E77F
E810
E8AA
E94B
E9F4
EAA2
EB54
EC0A
ECC3
ED7D
EE37
EEF1
EFAA
F060
F113
F1C2
F26C
F311
F3B0
F448
F4D8
F562
F5E4
F65D
F6CF
F738
F79A
F7F3
F845
F890
F8D3
F910
F946
F977
F9A3
F9CA
F9ED
FA0E
FA2D
FA49
FA66
FA82
FA9F
FABE
FADF
FB03
FB2B
FB58
FB89
FBC0
FBFD
FC41
FC8C
FCDE
FD39
FD9B
FE06
FE79
FEF4
FF77
0002
0095
012F
01CF
0277
0323
03D6
048C
0547
0604
06C4
0784
0846
0906
09C5
0A82
0B3B
0BEF
0C9F
0D47
0DE8
0E80
0F0F
0F94
100E
107C
10DF
1135
117E
11B9
11E6
1205
1216
1218
120C
11F1
11C8
1192
114E
10FD
109F
1036
0FC1
0F42
0EBA
0E29
0D91
0CF2
0C4E
0BA6
0AFB
0A4F
09A1
08F3
0848
07A0
06FD
065F
05CA
053D
04BA
0442
03D6
0378
0329
02E9
02BA
029D
0291
0298
02B3
02E2
0325
037D
03EA
046C
0503
05AF
066F
0744
082C
0928
0A36
0B55
0C86
0DC6
0F16
1073
11DC
1351
14CF
1656
17E3
1975
1B0A
1CA2
1E39
1FCE
2161
22EE
2474
25F1
2764
28CC
2A26
2B70
2CAA
2DD3
2EE7
2FE8
30D2
31A5
3261
3304
338D
33FD
3451
348A
34A7
34AA
3490
345B
340B
33A0
331B
327C
31C3
30F3
300B
2F0C
2DF8
2CD1
2B96
2A4A
28EF
2785
260E
248B
2300
216C
1FD2
1E34
1C93
1AF1
1950
17B1
1616
1480
12F2
116C
0FF0
0E80
0D1B
0BC4
0A7B
0942
0819
0702
05FC
0509
0429
035C
02A3
01FD
016B
00ED
0082
0029
FFE4
FFB0
FF8E
FF7C
FF7A
FF87
FFA2
FFC9
FFFC
003A
0082
00D1
0129
0187
01E9
024D
02B3
0318
037D
03DF
043D
0495
04E8
0533
0577
05B0
05E0
0605
061E
062B
062B
061D
0603
05DA
05A4
055F
050D
04AD
043F
03C4
033D
02AA
020B
0161
00AE
FFF2
FF2D
FE62
FD90
FCB9
FBDF
FB02
FA23
F944
F867
F78B
F6B4
F5E1
F514
F44E
F391
F2DD
F233
F195
F104
F080
F00A
EFA3
EF4C
EF05
EECE
EEA9
EE94
EE91
EEA0
EEC0
EEF2
EF35
EF8A
EFEE
F063
F0E6
F178
F218
F2C5
F37E
F442
F510
F5E7
F6C6
F7AB
F896
F984
FA76
FB69
FC5C
FD4F
FE3F
FF2C
0014
00F6
01D2
02A5
0370
0431
04E7
0592
0630
06C4
074A
07C2
082D
088A
08D9
0919
094C
0971
0988
0993
0991
0983
096B
0948
091D
08E9
08AE
086D
0828
07E0
0795
074A
0700
06B8
0673
0634
05FC
05CB
05A5
0589
0579
0576
0582
059E
05CB
060A
065C
06C2
073C
07CB
0870
092B
09FC
0AE3
0BE0
0CF4
0E1D
0F5C
10AF
1217
1392
151F
16BD
186B
1A27
1BF1
1DC6
1FA4
218B
2377
2568
275B
294D
2B3D
2D27
2F0C
30E7
32B7
347A
362D
37CE
395B
3AD2
3C30
3D75
3E9D
3FA7
4091
415A
4200
4282
42DE
4314
4322
4309
42C6
425B
41C6
4108
4020
3F0F
3DD6
3C74
3AEC
393E
3769
3571
3358
311D
2EC5
2C50
29C0
2718
245B
218A
1EA9
1BBA
18BF
15BD
12B4
0FA9
0C9E
0997
0695
039D
00B1
FDD3
FB07
F850
F5AF
F328
F0BD
EE71
EC45
EA3B
E856
E697
E4FF
E390
E24C
E133
E046
DF87
DEF5
DE90
DE5A
DE52
DE77
DEC9
DF47
DFF0
E0C4
E1C0
E2E4
E42E
E59C
E72C
E8DB
EAA9
EC92
EE94
F0AC
F2D8
F515
F760
F9B6
FC15
FE7A
00E1
0347
05AA
0807
0A5C
0CA5
0EE0
110B
1322
1524
170F
18DF
1A93
1C2A
1DA1
1EF7
202A
2139
2224
22EA
2389
2401
2452
247C
247F
245B
2411
23A2
230D
2255
217B
207F
1F63
1E28
1CD2
1B60
19D7
1837
1683
14BD
12E8
1106
0F19
0D25
0B2A
092D
072F
0533
033C
014B
FF63
FD87
FBB8
F9FA
F84C
F6B3
F52F
F3C2
F26D
F133
F013
EF10
EE2A
ED62
ECB8
EC2C
EBC0
EB73
EB44
EB35
EB43
EB70
EBB9
EC1E
EC9E
ED37
EDE9
EEB2
EF90
F082
F186
F29A
F3BB
F4E9
F621
F760
F8A6
F9EE
FB38
FC82
FDC8
FF09
0043
0173
0299
03B1
04BA
05B3
069A
076D
082A
08D1
0960
09D7
0A33
0A75
0A9C
0AA7
0A96
0A69
0A20
09BC
093B
08A0
07EA
071A
0632
0532
041B
02EF
01AF
005D
FEFA
FD89
FC0B
FA81
F8EE
F754
F5B6
F415
F274
F0D4
EF37
EDA0
EC11
EA8C
E913
E7A7
E64C
E502
E3CB
E2AA
E19F
E0AC
DFD3
DF15
DE72
DDEC
DD84
DD3A
DD0F
DD03
DD16
DD49
DD9C
DE0D
DE9E
DF4D
E019
E103
E208
E328
E461
E5B2
E71B
E899
EA2A
EBCE
ED83
EF46
F115
F2EF
F4D2
F6BC
F8AB
FA9C
FC8E
FE7F
006C
0254
0435
060C
07D9
099A
0B4C
0CEE
0E7F
0FFE
1168
12BE
13FD
1526
1637
172E
180D
18D2
197D
1A0F
1A87
1AE6
1B2B
1B58
1B6C
1B69
1B4E
1B1E
1AD9
1A80
1A15
1998
190B
186F
17C6
1712
1654
158D
14C0
13EE
1318
1241
116A
1094
0FC2
0EF4
0E2D
0D6D
0CB6
0C0A
0B6A
0AD7
0A52
09DD
0978
0924
08E2
08B2
0895
088A
0893
08AF
08DF
0921
0977
09DF
0A58
0AE3
0B7F
0C2A
0CE4
0DAC
0E81
0F61
104B
113F
1239
133A
143F
1545
164C
1753
1859
195B
1A59
1B51
1C41
1D28
1E04
1ED4
1F97
204B
20EF
2182
2203
2271
22CB
2311
2341
235B
235F
234D
2323
22E3
228B
221D
2198
20FD
204C
1F85
1EAA
1DBB
1CB9
1BA5
1A7F
1949
1805
16B3
1555
13EC
1279
10FF
0F7F
0DF9
0C71
0AE7
095C
07D4
064E
04CD
0352
01DF
0074
FF15
FDC1
FC7A
FB41
FA17
F8FE
F7F7
F701
F61E
F54F
F495
F3EF
F35F
F2E4
F27E
F22E
F1F3
F1CE
F1BF
F1C4
F1DD
F20B
F24B
F29E
F303
F379
F3FF
F493
F536
F5E5
F6A0
F765
F833
F909
F9E6
FAC8
FBAD
FC95
FD7E
FE66
FF4D
0031
0110
01E9
02BB
0386
0447
04FF
05AB
064B
06DF
0765
07DC
0844
089D
08E4
091C
0942
0956
0959
094A
0929
08F6
08B2
085C
07F5
077C
06F3
065A
05B1
04FA
0433
0360
027F
0192
009B
FF99
FE8D
FD78
FC5C
FB39
FA10
F8E3
F7B2
F67E
F548
F411
F2DB
F1A5
F072
EF42
EE16
ECEF
EBCD
EAB2
E99F
E893
E791
E698
E5A9
E4C5
E3ED
E320
E260
E1AC
E106
E06D
DFE2
DF66
DEF8
DE99
DE48
DE07
DDD6
DDB3
DDA0
DD9D
DDA9
DDC5
DDF0
DE2B
DE75
DECE
DF37
DFAE
E034
E0C9
E16C
E21D
E2DC
E3A9
E483
E56B
E65F
E75F
E86C
E984
EAA7
EBD5
ED0C
EE4E
EF99
F0EC
F249
F3AD
F518
F68A
F802
F980
FB02
FC89
FE14
FFA1
0130
02C1
0452
05E3
0773
0901
0A8C
0C14
0D98
0F16
108E
11FF
1368
14C8
161E
1769
18A9
19DF
1B07
1C21
1D2C
1E27
1F11
1FEA
20B2
2166
2207
2295
230E
2372
23C1
23FA
241E
242C
2423
2404
23CF
2384
2324
22AD
2222
2182
20CD
2005
1F2A
1E3D
1D3E
1C2F
1B11
19E5
18AC
1767
1618
14C0
1360
11FA
108F
0F21
0DB1
0C42
0AD4
0969
0804
06A4
054D
0400
02BE
0188
0062
FF4A
FE45
FD51
FC72
FBA8
FAF4
FA57
F9D2
F967
F915
F8DE
F8C2
F8C0
F8DA
F910
F962
F9CF
FA58
FAFC
FBBC
FC95
FD88
FE93
FFB6
00EF
023E
03A1
0516
069D
0833
09D6
0B86
0D40
0F02
10CA
1296
1465
1634
1801
19CA
1B8D
1D48
1EF8
209D
2233
23B9
252E
268F
27DA
290F
2A2B
2B2E
2C15
2CE0
2D8D
2E1C
2E8D
2EDD
2F0E
2F1E
2F0D
2EDB
2E89
2E17
2D85
2CD3
2C03
2B15
2A0B
28E5
27A4
264B
24DB
2355
21BB
200F
1E54
1C8B
1AB7
18D8
16F2
1507
1318
1129
0F3B
0D50
0B6B
098D
07B9
05F1
0437
028C
00F3
FF6D
FDFB
FC9F
FB5B
FA30
F91E
F827
F74B
F68C
F5E9
F563
F4FA
F4AF
F480
F46F
F47B
F4A3
F4E6
F543
F5B9
F648
F6EE
F7A9
F878
F95A
FA4D
FB4F
FC5E
FD78
FE9C
FFC8
00F8
022D
0362
0497
05C9
06F7
081E
093D
0A51
0B59
0C53
0D3E
0E18
0EE0
0F94
1033
10BC
112F
1189
11CC
11F7
1208
1201
11E1
11A8
1157
10EF
106F
0FD9
0F2D
0E6D
0D9A
0CB6
0BC1
0ABD
09AD
0891
076C
063F
050D
03D8
02A2
016C
0039
FF0C
FDE6
FCC9
FBB7
FAB4
F9C1
F8DF
F810
F756
F6B3
F627
F5B6
F55E
F523
F504
F503
F520
F55B
F5B6
F62F
F6C7
F77F
F854
F948
FA58
FB85
FCCD
FE2F
FFA9
013A
02E1
049B
0667
0842
0A2B
0C1E
0E1D
1021
122A
1434
163D
1842
1A41
1C37
1E22
1FFF
21CC
2385
252A
26B7
282B
2983
2ABD
2BD8
2CD1
2DA8
2E5A
2EE7
2F4E
2F8D
2FA4
2F92
2F56
2EF1
2E63
2DAC
2CCB
2BC2
2A90
2937
27B9
2615
244E
2265
205C
1E35
1BF1
1993
171D
1491
11F2
0F42
0C84
09BA
06E7
040E
0132
FE54
FB78
F8A1
F5D2
F30C
F052
EDA8
EB0F
E88A
E61B
E3C4
E187
DF66
DD62
DB7E
D9BA
D819
D69B
D542
D40E
D301
D21A
D15A
D0C2
D050
D006
CFE3
CFE6
D00F
D05C
D0CE
D163
D21A
D2F2
D3E8
D4FC
D62D
D777
D8DA
DA53
DBE2
DD82
DF33
E0F3
E2BF
E494
E672
E855
EA3C
EC25
EE0E
EFF4
F1D7
F3B3
F587
F752
F910
FAC2
FC65
FDF8
FF7A
00E8
0243
0389
04B9
05D2
06D3
07BC
088D
0945
09E3
0A67
0AD2
0B23
0B5A
0B78
0B7D
0B69
0B3D
0AF9
0A9E
0A2B
09A3
0904
0851
078A
06B0
05C4
04C6
03B7
0299
016C
0031
FEE9
FD95
FC37
FACE
F95C
F7E1
F65F
F4D7
F348
F1B5
F01E
EE83
ECE6
EB47
E9A7
E806
E666
E4C6
E329
E18D
DFF5
DE61
DCD0
DB45
D9BF
D840
D6C7
D555
D3EB
D289
D131
CFE2
CE9D
CD63
CC35
CB13
C9FD
C8F5
C7FA
C70F
C632
C566
C4A9
C3FF
C366
C2DF
C26C
