memory_initialization_radix=16;
memory_initialization_vector=
0A53,
0A15,
09CA,
0971,
090A,
0897,
0817,
078B,
06F2,
064F,
05A0,
04E7,
0425,
035A,
0288,
01AD,
00CD,
FFE7,
FEFD,
FE0F,
FD1F,
FC2D,
FB3A,
FA47,
F955,
F866,
F779,
F690,
F5AB,
F4CC,
F3F3,
F320,
F254,
F192,
F0D7,
F026,
EF7D,
EEDD,
EE47,
EDB9,
ED35,
ECBA,
EC48,
EBDE,
EB7D,
EB23,
EAD0,
EA84,
EA3D,
E9FC,
E9BE,
E984,
E94C,
E916,
E8E0,
E8A9,
E870,
E835,
E7F5,
E7B1,
E766,
E714,
E6BA,
E656,
E5E8,
E56E,
E4E9,
E456,
E3B6,
E308,
E24B,
E17E,
E0A2,
DFB6,
DEBB,
DDAF,
DC93,
DB67,
DA2C,
D8E2,
D78A,
D624,
D4B1,
D332,
D1A9,
D015,
CE79,
CCD6,
CB2E,
C981,
C7D2,
C622,
C474,
C2C8,
C122,
BF82,
BDEB,
BC5E,
BADE,
B96D,
B80D,
B6BF,
B587,
B465,
B35C,
B26E,
B19C,
B0E8,
B053,
AFE0,
AF8F,
AF61,
AF58,
AF75,
AFB9,
B024,
B0B7,
B172,
B256,
B362,
B496,
B5F3,
B777,
B923,
BAF5,
BCEC,
BF08,
C147,
C3A7,
C629,
C8C9,
CB86,
CE5E,
D14F,
D456,
D771,
DA9E,
DDDA,
E123,
E476,
E7D1,
EB31,
EE93,
F1F5,
F553,
F8AC,
FBFC,
FF41,
0278,
05A0,
08B4,
0BB4,
0E9C,
116B,
141E,
16B4,
192B,
1B81,
1DB5,
1FC5,
21B0,
2374,
2511,
2687,
27D4,
28F9,
29F5,
2AC8,
2B72,
2BF3,
2C4D,
2C7E,
2C89,
2C6E,
2C2D,
2BC9,
2B42,
2A9A,
29D1,
28EB,
27E7,
26C8,
2590,
2441,
22DC,
2163,
1FD8,
1E3D,
1C94,
1ADF,
1920,
1758,
158A,
13B7,
11E1,
1009,
0E31,
0C5B,
0A89,
08BA,
06F2,
0530,
0376,
01C4,
001D,
FE80,
FCEE,
FB67,
F9ED,
F87F,
F71E,
F5C9,
F481,
F347,
F219,
F0F7,
EFE2,
EED9,
EDDC,
ECEB,
EC04,
EB28,
EA56,
E98E,
E8CF,
E818,
E769,
E6C2,
E623,
E58A,
E4F8,
E46D,
E3E7,
E367,
E2ED,
E278,
E209,
E19F,
E13B,
E0DD,
E086,
E034,
DFEA,
DFA7,
DF6B,
DF38,
DF0E,
DEEE,
DED8,
DECE,
DECF,
DEDE,
DEFA,
DF24,
DF5E,
DFA9,
E004,
E071,
E0F0,
E182,
E229,
E2E4,
E3B5,
E49B,
E598,
E6AB,
E7D5,
E917,
EA6F,
EBDD,
ED63,
EEFF,
F0B0,
F277,
F452,
F640,
F842,
FA54,
FC77,
FEA8,
00E6,
0330,
0583,
07DE,
0A3E,
0CA2,
0F08,
116C,
13CD,
1629,
187D,
1AC7,
1D03,
1F2F,
2149,
234F,
253D,
2711,
28CA,
2A64,
2BDD,
2D34,
2E65,
2F70,
3053,
310C,
3199,
31F9,
322B,
322F,
3202,
31A6,
311A,
305D,
2F70,
2E53,
2D07,
2B8D,
29E5,
2811,
2612,
23EB,
219D,
1F2A,
1C94,
19DF,
170D,
1420,
111D,
0E05,
0ADC,
07A6,
0466,
0120,
FDD8,
FA90,
F74D,
F413,
F0E5,
EDC7,
EABC,
E7C9,
E4F0,
E236,
DF9D,
DD29,
DADC,
D8B9,
D6C4,
D4FE,
D36A,
D209,
D0DE,
CFEB,
CF31,
CEB0,
CE69,
CE5D,
CE8B,
CEF4,
CF96,
D072,
D187,
D2D3,
D454,
D609,
D7F0,
DA07,
DC4A,
DEB8,
E14D,
E406,
E6DF,
E9D6,
ECE6,
F00C,
F343,
F688,
F9D7,
FD2C,
0081,
03D4,
0720,
0A61,
0D93,
10B2,
13BA,
16A7,
1976,
1C22,
1EAA,
2109,
233E,
2544,
271A,
28BF,
2A2E,
2B68,
2C6B,
2D36,
2DC8,
2E21,
2E40,
2E25,
2DD2,
2D46,
2C83,
2B8A,
2A5D,
28FD,
276D,
25AE,
23C4,
21B1,
1F79,
1D1D,
1AA3,
180D,
155E,
129A,
0FC6,
0CE4,
09F9,
0708,
0417,
0128,
FE3F,
FB61,
F891,
F5D4,
F32B,
F09C,
EE28,
EBD4,
E9A3,
E796,
E5B0,
E3F5,
E265,
E103,
DFCF,
DECD,
DDFB,
DD5C,
DCEF,
DCB4,
DCAC,
DCD7,
DD32,
DDC0,
DE7E,
DF69,
E080,
E1C1,
E32B,
E4B9,
E66B,
E83E,
EA2E,
EC38,
EE5A,
F090,
F2D7,
F52C,
F78B,
F9F0,
FC58,
FEC1,
0125,
0383,
05D7,
081C,
0A52,
0C74,
0E7F,
1072,
1248,
1402,
159B,
1712,
1865,
1993,
1A9A,
1B7A,
1C31,
1CC1,
1D27,
1D65,
1D7A,
1D67,
1D2D,
1CCC,
1C46,
1B9B,
1ACF,
19E2,
18D6,
17AE,
166B,
1511,
13A1,
121F,
108E,
0EEF,
0D47,
0B97,
09E3,
082F,
067C,
04CF,
0329,
018E,
0000,
FE82,
FD17,
FBC1,
FA83,
F95E,
F854,
F768,
F69B,
F5EE,
F563,
F4FA,
F4B4,
F491,
F493,
F4B9,
F502,
F56F,
F5FF,
F6B1,
F784,
F876,
F988,
FAB6,
FBFF,
FD61,
FEDA,
0068,
0208,
03B8,
0575,
073E,
090E,
0AE5,
0CBF,
0E98,
106E,
123F,
1407,
15C4,
1773,
1912,
1A9E,
1C15,
1D76,
1EBD,
1FE9,
20F9,
21EA,
22BB,
236C,
23FB,
2468,
24B1,
24D7,
24D8,
24B7,
2471,
2409,
237E,
22D1,
2203,
2116,
200A,
1EE2,
1D9F,
1C43,
1ACE,
1944,
17A7,
15F8,
143A,
126F,
109A,
0EBC,
0CD9,
0AF2,
090B,
0725,
0543,
0367,
0193,
FFC9,
FE0C,
FC5C,
FABD,
F92F,
F7B5,
F64E,
F4FE,
F3C4,
F2A1,
F197,
F0A5,
EFCD,
EF0E,
EE68,
EDDB,
ED66,
ED0A,
ECC5,
EC97,
EC7F,
EC7C,
EC8C,
ECAF,
ECE2,
ED25,
ED75,
EDD0,
EE36,
EEA4,
EF18,
EF90,
F00B,
F086,
F101,
F178,
F1EA,
F256,
F2B9,
F313,
F361,
F3A2,
F3D6,
F3FA,
F40F,
F413,
F405,
F3E2,
F3AE,
F366,
F30C,
F2A0,
F221,
F191,
F0F0,
F03E,
EF7E,
EEAF,
EDD4,
ECED,
EBFD,
EB04,
EA05,
E902,
E7FC,
E6F6,
E5F1,
E4F1,
E3F7,
E305,
E21E,
E143,
E078,
DFBE,
DF17,
DE86,
DE0D,
DDAC,
DD67,
DD3F,
DD34,
DD4A,
DD7F,
DDD7,
DE52,
DEF0,
DFB3,
E09A,
E1A6,
E2D6,
E42C,
E5A5,
E742,
E902,
EAE4,
ECE6,
EF08,
F147,
F3A2,
F617,
F8A5,
FB47,
FDFE,
00C5,
039A,
067B,
0964,
0C53,
0F45,
1237,
1526,
180D,
1AEC,
1DBE,
2081,
2332,
25CE,
2852,
2ABB,
2D08,
2F35,
3140,
3327,
34E8,
3682,
37F2,
3937,
3A51,
3B3D,
3BFC,
3C8C,
3CED,
3D20,
3D23,
3CF8,
3C9F,
3C19,
3B66,
3A88,
3981,
3851,
36FA,
3580,
33E2,
3225,
304A,
2E53,
2C44,
2A20,
27E8,
25A0,
234A,
20EA,
1E83,
1C17,
19AA,
173E,
14D7,
1277,
1020,
0DD6,
0B9B,
0972,
075C,
055D,
0375,
01A8,
FFF6,
FE61,
FCEA,
FB94,
FA5D,
F948,
F855,
F785,
F6D8,
F64D,
F5E5,
F59E,
F578,
F573,
F58C,
F5C4,
F619,
F688,
F712,
F7B3,
F86A,
F935,
FA13,
FB00,
FBFB,
FD01,
FE10,
FF25,
003F,
015B,
0277,
038F,
04A3,
05B0,
06B3,
07AA,
0894,
096F,
0A38,
0AEF,
0B90,
0C1C,
0C91,
0CEE,
0D33,
0D5E,
0D6E,
0D64,
0D40,
0D00,
0CA6,
0C31,
0BA3,
0AFA,
0A3A,
0961,
0872,
076E,
0655,
052A,
03EE,
02A2,
0149,
FFE4,
FE76,
FCFF,
FB83,
FA03,
F882,
F701,
F582,
F409,
F296,
F12C,
EFCD,
EE7A,
ED36,
EC02,
EADF,
E9D0,
E8D6,
E7F1,
E724,
E66F,
E5D3,
E551,
E4E9,
E49C,
E46A,
E453,
E458,
E477,
E4B1,
E506,
E574,
E5FA,
E699,
E74E,
E819,
E8F9,
E9EC,
EAF0,
EC04,
ED27,
EE56,
EF90,
F0D2,
F21D,
F36C,
F4C0,
F615,
F76B,
F8BE,
FA0E,
FB59,
FC9D,
FDD8,
FF09,
002F,
0148,
0253,
034E,
0439,
0513,
05DB,
0690,
0732,
07C0,
083A,
08A0,
08F3,
0931,
095C,
0973,
0978,
096B,
094B,
091A,
08DA,
088B,
0830,
07C9,
0757,
06DC,
0659,
05D0,
0543,
04B3,
0422,
0391,
0302,
0277,
01F1,
0172,
00FB,
008E,
002D,
FFD8,
FF91,
FF5A,
FF33,
FF1D,
FF1A,
FF2A,
FF4F,
FF88,
FFD6,
003A,
00B5,
0146,
01EE,
02AB,
037F,
0468,
0566,
0679,
07A0,
08D9,
0A26,
0B83,
0CF1,
0E6E,
0FF9,
1190,
1333,
14DF,
1694,
184F,
1A10,
1BD4,
1D9A,
1F61,
2127,
22E9,
24A8,
2660,
2811,
29B9,
2B56,
2CE7,
2E6D,
2FE4,
314C,
32A2,
33E7,
3519,
3637,
3740,
3834,
3912,
39D9,
3A89,
3B22,
3BA3,
3C0C,
3C5D,
3C97,
3CB8,
3CC2,
3CB5,
3C90,
3C55,
3C04,
3B9D,
3B21,
3A91,
39EE,
3938,
3870,
3797,
36AD,
35B5,
34AF,
339B,
327C,
3150,
301A,
2EDA,
2D91,
2C40,
2AE8,
298A,
2827,
26BF,
2553,
23E4,
2273,
2100,
1F8C,
1E17,
1CA2,
1B2E,
19BB,
1848,
16D8,
1569,
13FD,
1293,
112C,
0FC7,
0E66,
0D07,
0BAC,
0A53,
08FE,
07AB,
065C,
0510,
03C8,
0283,
0141,
0003,
FEC8,
FD90,
FC5C,
FB2B,
F9FE,
F8D4,
F7AE,
F68C,
F56E,
F455,
F340,
F22F,
F124,
F01E,
EF1D,
EE23,
ED2F,
EC42,
EB5C,
EA7E,
E9A8,
E8DA,
E816,
E75B,
E6A9,
E601,
E565,
E4D5,
E451,
E3D9,
E36F,
E312,
E2C3,
E282,
E24F,
E22B,
E216,
E210,
E21A,
E233,
E25B,
E292,
E2D8,
E32E,
E392,
E405,
E486,
E514,
E5B0,
E659,
E70F,
E7CF,
E89B,
E971,
EA50,
EB39,
EC28,
ED1F,
EE1B,
EF1C,
F021,
F129,
F233,
F33D,
F448,
F551,
F658,
F75B,
F85A,
F954,
FA48,
FB34,
FC18,
FCF4,
FDC5,
FE8D,
FF49,
FFF9,
009C,
0133,
01BD,
0238,
02A6,
0306,
0357,
0399,
03CE,
03F4,
040B,
0415,
0411,
0400,
03E3,
03B9,
0385,
0345,
02FB,
02A9,
024E,
01EC,
0184,
0116,
00A4,
002F,
FFB7,
FF3F,
FEC7,
FE50,
FDDC,
FD6B,
FCFF,
FC99,
FC3A,
FBE3,
FB95,
FB50,
FB17,
FAEA,
FAC9,
FAB5,
FAB0,
FABA,
FAD2,
FAFB,
FB33,
FB7C,
FBD6,
FC40,
FCBB,
FD47,
FDE3,
FE90,
FF4D,
0019,
00F5,
01DF,
02D8,
03DD,
04F0,
060D,
0736,
0868,
09A3,
0AE5,
0C2E,
0D7C,
0ECD,
1021,
1177,
12CC,
1420,
1571,
16BD,
1804,
1944,
1A7B,
1BA9,
1CCC,
1DE2,
1EEC,
1FE7,
20D2,
21AD,
2277,
232E,
23D2,
2461,
24DC,
2542,
2592,
25CB,
25ED,
25F9,
25ED,
25CA,
258F,
253D,
24D3,
2452,
23BA,
230C,
2248,
216E,
207E,
1F79,
1E60,
1D34,
1BF6,
1AA6,
1946,
17D6,
1658,
14CC,
1333,
118F,
0FE1,
0E29,
0C6A,
0AA4,
08D8,
0708,
0534,
035E,
0187,
FFB0,
FDDB,
FC07,
FA38,
F86C,
F6A7,
F4E7,
F330,
F180,
EFDA,
EE3E,
ECAE,
EB28,
E9AF,
E843,
E6E4,
E594,
E453,
E322,
E200,
E0EE,
DFED,
DEFE,
DE1F,
DD52,
DC96,
DBED,
DB55,
DAD0,
DA5C,
D9FB,
D9AB,
D96E,
D942,
D927,
D91E,
D927,
D940,
D969,
D9A3,
D9ED,
DA47,
DAAF,
DB26,
DBAB,
DC3D,
DCDC,
DD89,
DE41,
DF05,
DFD5,
E0AE,
E191,
E27D,
E372,
E46D,
E570,
E679,
E787,
E89A,
E9B0,
EACA,
EBE6,
ED03,
EE20,
EF3E,
F05A,
F175,
F28D,
F3A2,
F4B3,
F5BF,
F6C5,
F7C5,
F8BE,
F9AF,
FA97,
FB76,
FC4C,
FD18,
FDDA,
FE90,
FF3B,
FFDB,
006E,
00F4,
016D,
01D9,
0238,
0289,
02CD,
0302,
032A,
0344,
0351,
0350,
0342,
0326,
02FE,
02CA,
028A,
023E,
01E8,
0187,
011D,
00A9,
002D,
FFAA,
FF20,
FE90,
FDFB,
FD62,
FCC6,
FC28,
FB89,
FAE9,
FA4A,
F9AD,
F912,
F87C,
F7E9,
F75C,
F6D6,
F657,
F5E0,
F573,
F50F,
F4B6,
F468,
F425,
F3F0,
F3C7,
F3AC,
F39F,
F3A0,
F3AF,
F3CD,
F3F9,
F435,
F47F,
F4D8,
F540,
F5B6,
F639,
F6CA,
F767,
F810,
F8C5,
F984,
FA4E,
FB20,
FBFB,
FCDD,
FDC4,
FEB1,
FFA2,
0096,
018C,
0282,
0378,
046C,
055D,
0649,
0730,
0811,
08EA,
09BA,
0A80,
0B3B,
0BEA,
0C8B,
0D20,
0DA5,
0E1B,
0E80,
0ED5,
0F18,
0F4A,
0F69,
0F77,
0F71,
0F5A,
0F2F,
0EF3,
0EA4,
0E44,
0DD3,
0D50,
0CBE,
0C1D,
0B6D,
0AAF,
09E5,
090F,
082F,
0746,
0654,
055D,
0460,
035F,
025C,
0157,
0054,
FF52,
FE55,
FD5C,
FC6A,
FB80,
FA9F,
F9CA,
F900,
F844,
F797,
F6F9,
F66D,
F5F3,
F58C,
F538,
F4FA,
F4D1,
F4BD,
F4C0,
F4DA,
F50B,
F553,
F5B3,
F62A,
F6B7,
F75C,
F817,
F8E8,
F9CE,
FAC9,
FBD8,
FCFA,
FE2D,
FF73,
00C9,
022E,
03A1,
051F,
06A9,
083B,
09D6,
0B77,
0D1E,
0EC7,
1073,
121F,
13CA,
1573,
1717,
18B5,
1A4D,
1BDD,
1D62,
1EDD,
204C,
21AD,
2300,
2444,
2577,
269A,
27AA,
28A8,
2993,
2A6B,
2B2F,
2BDE,
2C78,
2CFF,
2D71,
2DCF,
2E19,
2E4F,
2E72,
2E82,
2E7F,
2E6B,
2E45,
2E0F,
2DC9,
2D74,
2D11,
2CA1,
2C25,
2B9D,
2B0B,
2A70,
29CC,
2921,
286F,
27B8,
26FD,
263E,
257C,
24B9,
23F4,
232F,
226B,
21A8,
20E6,
2027,
1F6B,
1EB2,
1DFD,
1D4C,
1C9F,
1BF7,
1B53,
1AB3,
1A18,
1981,
18ED,
185E,
17D2,
1749,
16C3,
163F,
15BD,
153B,
14BB,
143A,
13B9,
1336,
12B2,
122B,
11A1,
1114,
1082,
0FEB,
0F4F,
0EAC,
0E03,
0D54,
0C9D,
0BDE,
0B17,
0A49,
0972,
0892,
07AB,
06BB,
05C3,
04C3,
03BB,
02AC,
0196,
007A,
FF58,
FE30,
FD04,
FBD5,
FAA2,
F96C,
F836,
F6FE,
F5C8,
F492,
F360,
F230,
F105,
EFE0,
EEC1,
EDA9,
EC99,
EB93,
EA97,
E9A6,
E8C1,
E7E9,
E71E,
E662,
E5B5,
E518,
E48B,
E40F,
E3A4,
E34B,
E303,
E2CD,
E2A9,
E298,
E298,
E2A9,
E2CD,
E301,
E346,
E39B,
E3FF,
E473,
E4F4,
E583,
E61E,
E6C5,
E776,
E831,
E8F4,
E9BE,
EA8F,
EB64,
EC3D,
ED19,
EDF6,
EED3,
EFB0,
F08A,
F162,
F235,
F303,
F3CA,
F48B,
F543,
F5F3,
F69A,
F736,
F7C8,
F84E,
F8C9,
F938,
F99C,
F9F3,
FA3E,
FA7D,
FAB0,
FAD7,
FAF3,
FB04,
FB0C,
FB0A,
FB00,
FAED,
FAD2,
FAB2,
FA8B,
FA60,
FA32,
FA01,
F9CF,
F99C,
F96A,
F93B,
F90E,
F8E5,
F8C2,
F8A5,
F890,
F883,
F87F,
F886,
F897,
F8B4,
F8DE,
F915,
F959,
F9AC,
FA0C,
FA7B,
FAF9,
FB85,
FC20,
FCCA,
FD82,
FE47,
FF1A,
FFF9,
00E3,
01D9,
02D8,
03E0,
04F0,
0607,
0723,
0844,
0966,
0A8A,
0BAE,
0CD0,
0DEF,
0F08,
101B,
1126,
1228,
131E,
1407,
14E2,
15AD,
1667,
170E,
17A1,
1820,
1888,
18D8,
1910,
192F,
1935,
1920,
18F1,
18A6,
1840,
17BF,
1723,
166C,
1599,
14AD,
13A7,
1288,
1150,
1002,
0E9D,
0D24,
0B98,
09F9,
084A,
068B,
04C0,
02EA,
0109,
FF22,
FD34,
FB43,
F951,
F75E,
F56E,
F383,
F19F,
EFC3,
EDF1,
EC2C,
EA75,
E8CE,
E738,
E5B6,
E449,
E2F1,
E1B2,
E08A,
DF7D,
DE8A,
DDB3,
DCF8,
DC59,
DBD7,
DB73,
DB2C,
DB02,
DAF5,
DB04,
DB30,
DB77,
DBD9,
DC55,
DCE9,
DD95,
DE57,
DF2E,
E01A,
E117,
E225,
E341,
E46B,
E59F,
E6DC,
E820,
E96A,
EAB7,
EC06,
ED54,
EE9F,
EFE7,
F128,
F262,
F392,
F4B7,
F5CF,
F6DA,
F7D5,
F8BF,
F997,
FA5D,
FB0F,
FBAD,
FC35,
FCA9,
FD06,
FD4D,
FD7F,
FD9A,
FDA1,
FD92,
FD6F,
FD37,
FCED,
FC90,
FC22,
FBA3,
FB15,
FA79,
F9D1,
F91D,
F860,
F79B,
F6D0,
F600,
F52D,
F459,
F385,
F2B3,
F1E6,
F11E,
F05D,
EFA6,
EEFA,
EE5A,
EDC8,
ED45,
ECD3,
EC73,
EC27,
EBEF,
EBCD,
EBC3,
EBCF,
EBF4,
EC31,
EC88,
ECF8,
ED81,
EE25,
EEE1,
EFB8,
F0A7,
F1AE,
F2CE,
F404,
F551,
F6B4,
F82A,
F9B4,
FB50,
FCFD,
FEB8,
0082,
0257,
0437,
0620,
0810,
0A05,
0BFE,
0DF9,
0FF4,
11ED,
13E1,
15D0,
17B8,
1997,
1B6C,
1D35,
1EF1,
209D,
223A,
23C5,
253D,
26A1,
27F0,
2929,
2A4B,
2B55,
2C47,
2D20,
2DE0,
2E86,
2F12,
2F84,
2FDC,
301A,
303E,
3047,
3038,
300F,
2FCE,
2F74,
2F04,
2E7C,
2DDE,
2D2C,
2C64,
2B8A,
2A9D,
299E,
288F,
2770,
2643,
2509,
23C2,
2270,
2115,
1FB0,
1E43,
1CD0,
1B56,
19D8,
1856,
16D0,
1549,
13C0,
1237,
10AF,
0F27,
0DA1,
0C1E,
0A9D,
0920,
07A8,
0634,
04C5,
035C,
01FA,
009E,
FF48,
FDF9,
FCB1,
FB6F,
FA36,
F903,
F7D8,
F6B5,
F59A,
F487,
F37C,
F279,
F17E,
F08C,
EFA2,
EEC1,
EDE8,
ED18,
EC51,
EB94,
EADF,
EA34,
E993,
E8FB,
E86D,
E7E9,
E770,
E701,
E69D,
E646,
E5F9,
E5B8,
E583,
E55A,
E53D,
E52C,
E527,
E530,
E545,
E567,
E596,
E5D2,
E61B,
E671,
E6D4,
E744,
E7C1,
E84A,
E8E0,
E981,
EA2E,
EAE7,
EBAB,
EC79,
ED51,
EE32,
EF1C,
F00E,
F108,
F208,
F30E,
F419,
F527,
F639,
F74D,
F863,
F978,
FA8D,
FBA1,
FCB2,
FDBF,
FEC7,
FFCA,
00C6,
01BA,
02A6,
0388,
0460,
052C,
05EC,
06A0,
0746,
07DD,
0866,
08E0,
0949,
09A2,
09EB,
0A22,
0A48,
0A5D,
0A61,
0A53,
0A33,
0A01,
09BE,
096B,
0908,
0895,
0814,
0784,
06E6,
063C,
0585,
04C3,
03F7,
0321,
0243,
015D,
0071,
FF7F,
FE8A,
FD91,
FC95,
FB99,
FA9C,
F9A1,
F8A7,
F7B0,
F6BD,
F5CF,
F4E6,
F404,
F328,
F254,
F18A,
F0C8,
F010,
EF61,
EEBC,
EE20,
ED8F,
ED07,
EC89,
EC14,
EBA8,
EB45,
EAEA,
EA97,
EA4B,
EA05,
E9C5,
E989,
E951,
E91C,
E8E9,
E8B6,
E882,
E84E,
E816,
E7DB,
E79A,
E754,
E707,
E6B1,
E652,
E5E8,
E574,
E4F3,
E465,
E3C9,
E31F,
E266,
E19D,
E0C4,
DFDA,
DEE0,
DDD6,
DCBC,
DB91,
DA56,
D90C,
D7B4,
D64D,
D4D9,
D358,
D1CD,
D037,
CE99,
CCF3,
CB48,
C998,
C7E6,
C633,
C481,
C2D2,
C128,
BF85,
BDEB,
BC5B,
BAD8,
B964,
B801,
B6B1,
B576,
B453,
B348,
B258,
B185,
B0CF,
B03A,
AFC6,
AF74,
AF47,
AF3F,
AF5C,
AFA0,
B00C,
B0A0,
B15D,
B242,
B34F,
B486,
B5E4,
B76B,
B918,
BAEC,
BCE6,
BF04,
C145,
C3A7,
C62C,
C8CF,
CB8E,
CE68,
D15A,
D463,
D780,
DAAE,
DDEB,
E135,
E489,
E7E5,
EB45,
EEA7,
F209,
F567,
F8BF,
FC0F,
FF53,
0289,
05AF,
08C2,
0BC1,
0EA8,
1175,
1427,
16BB,
1931,
1B85,
1DB7,
1FC6,
21B0,
2372,
250E,
2682,
27CE,
28F1,
29EC,
2ABE,
2B67,
2BE8,
2C41,
2C72,
2C7D,
2C61,
2C21,
2BBD,
2B36,
2A8E,
29C6,
28E0,
27DD,
26BF,
2588,
243A,
22D5,
215D,
1FD3,
1E39,
1C91,
1ADD,
191E,
1757,
158A,
13B6,
11DE,
1006,
0E2D,
0C56,
0A83,
08B4,
06EA,
0528,
036D,
01BB,
0013,
FE76,
FCE4,
FB5D,
F9E3,
F875,
F714,
F5BF,
F478,
F33D,
F210,
F0EF,
EFDB,
EED3,
EDD6,
ECE6,
EC00,
EB25,
EA54,
E98D,
E8CF,
E818,
E76A,
E6C3,
E624,
E58B,
E4F9,
E46D,
E3E8,
E368,
E2ED,
E279,
E20A,
E1A0,
E13C,
E0DE,
E086,
E034,
DFEA,
DFA6,
DF6B,
DF38,
DF0E,
DEEE,
DED8,
DECD,
DECF,
DEDD,
DEF9,
DF24,
DF5E,
DFA9,
E004,
E072,
E0F3,
E188,
E230,
E2EE,
E3C0,
E4A9,
E5A7,
E6BC,
E7E8,
E92A,
EA84,
EBF4,
ED7A,
EF17,
F0C9,
F290,
F46B,
F65A,
F85A,
FA6C,
FC8E,
FEBE,
00FB,
0343,
0594,
07EC,
0A4A,
0CAC,
0F0E,
1170,
13CD,
1625,
1874,
1AB8,
1CEF,
1F16,
212B,
232B,
2514,
26E3,
2897,
2A2C,
2BA1,
2CF3,
2E22,
2F2A,
300A,
30C1,
314D,
31AD,
31E0,
31E5,
31BB,
3162,
30DA,
3022,
2F3B,
2E25,
2CE1,
2B6F,
29D0,
2806,
2612,
23F5,
21B0,
1F48,
1CBD,
1A12,
174B,
1468,
116E,
0E60,
0B40,
0812,
04DA,
019A,
FE57,
FB14,
F7D4,
F49C,
F16F,
EE50,
EB43,
E84C,
E56E,
E2AD,
E00C,
DD8E,
DB36,
D907,
D704,
D530,
D38C,
D21A,
D0DE,
CFD9,
CF0B,
CE76,
CE1C,
CDFC,
CE16,
CE6C,
CEFD,
CFC8,
D0CC,
D209,
D37D,
D527,
D704,
D913,
DB51,
DDBC,
E050,
E30B,
E5E9,
E8E7,
EC01,
EF33,
F27A,
F5D1,
F934,
FC9F,
000D,
037B,
06E3,
0A42,
0D93,
10D4,
13FD,
170D,
19FE,
1CCD,
1F77,
21F7,
244A,
266F,
2861,
2A1E,
2BA5,
2CF2,
2E05,
2EDD,
2F77,
2FD4,
2FF3,
2FD5,
2F79,
2EE0,
2E0C,
2CFD,
2BB5,
2A36,
2883,
269E,
248A,
2249,
1FE0,
1D52,
1AA3,
17D9,
14F5,
11FC,
0EF2,
0BDB,
08BD,
059B,
027A,
FF5F,
FC4E,
F94B,
F65B,
F381,
F0C2,
EE22,
EBA3,
E94B,
E71A,
E515,
E33F,
E198,
E024,
DEE4,
DDD9,
DD05,
DC67,
DC01,
DBD2,
DBDA,
DC18,
DC8B,
DD32,
DE0D,
DF18,
E051,
E1B6,
E343,
E4F6,
E6CB,
E8C0,
EAD0,
ECF8,
EF36,
F183,
F3DE,
F642,
F8AB,
FB15,
FD7D,
FFE0,
0239,
0485,
06C1,
08E9,
0AFC,
0CF6,
0ED5,
1097,
123A,
13BC,
151C,
1658,
1771,
1865,
1934,
19DF,
1A66,
1AC9,
1B0A,
1B2A,
1B2A,
1B0C,
1AD2,
1A7E,
1A12,
1990,
18FC,
1857,
17A5,
16E8,
1623,
1559,
148D,
13C2,
12F9,
1237,
117D,
10CD,
102B,
0F98,
0F17,
0EA8,
0E4D,
0E09,
0DDB,
0DC4,
0DC7,
0DE2,
0E16,
0E63,
0EC8,
0F44,
0FD6,
107E,
113A,
1208,
12E7,
13D4,
14CE,
15D2,
16DE,
17EF,
1903,
1A18,
1B2A,
1C37,
1D3C,
1E37,
1F26,
2005,
20D2,
218B,
222F,
22BB,
232D,
2384,
23BE,
23DB,
23DA,
23BA,
237A,
231B,
229C,
21FD,
2140,
2065,
1F6D,
1E5A,
1D2D,
1BE7,
1A8C,
191C,
179B,
160A,
146C,
12C5,
1116,
0F63,
0DAF,
0BFD,
0A4E,
08A8,
070C,
057D,
03FE,
0292,
013B,
FFFC,
FED7,
FDCE,
FCE3,
FC18,
FB6D,
FAE5,
FA81,
FA40,
FA24,
FA2D,
FA5B,
FAAE,
FB25,
FBC0,
FC7E,
FD5E,
FE5E,
FF7D,
00B9,
0211,
0381,
0509,
06A5,
0854,
0A12,
0BDC,
0DB1,
0F8D,
116E,
1351,
1532,
170F,
18E6,
1AB3,
1C75,
1E29,
1FCC,
215C,
22D7,
243B,
2585,
26B5,
27C9,
28BF,
2996,
2A4E,
2AE5,
2B5B,
2BAF,
2BE2,
2BF3,
2BE2,
2BB0,
2B5E,
2AEB,
2A59,
29A8,
28DB,
27F2,
26EE,
25D1,
249D,
2353,
21F5,
2085,
1F05,
1D75,
1BD9,
1A32,
1882,
16CC,
1512,
1354,
1195,
0FD7,
0E1B,
0C64,
0AB2,
0907,
0764,
05CB,
043D,
02BB,
0146,
FFDF,
FE87,
FD3D,
FC04,
FADB,
F9C2,
F8BB,
F7C4,
F6DE,
F60A,
F546,
F492,
F3EF,
F35C,
F2D8,
F263,
F1FB,
F1A1,
F154,
F113,
F0DC,
F0B0,
F08E,
F074,
F062,
F057,
F052,
F052,
F057,
F05F,
F06B,
F078,
F087,
F096,
F0A5,
F0B4,
F0C1,
F0CD,
F0D6,
F0DC,
F0DF,
F0DE,
F0DA,
F0D1,
F0C4,
F0B3,
F09D,
F082,
F063,
F040,
F018,
EFEC,
EFBC,
EF88,
EF51,
EF17,
EEDB,
EE9C,
EE5C,
EE1A,
EDD8,
ED96,
ED55,
ED14,
ECD6,
EC9A,
EC61,
EC2C,
EBFB,
EBD0,
EBAA,
EB8B,
EB72,
EB62,
EB59,
EB59,
EB63,
EB77,
EB93,
EBBB,
EBED,
EC2B,
EC74,
ECCA,
ED2B,
ED98,
EE11,
EE96,
EF26,
EFC3,
F06A,
F11D,
F1DA,
F2A1,
F371,
F44A,
F52C,
F614,
F704,
F7F9,
F8F2,
F9EF,
FAEF,
FBF0,
FCF2,
FDF3,
FEF2,
FFEE,
00E6,
01D8,
02C4,
03A7,
0482,
0551,
0615,
06CB,
0773,
080C,
0894,
090B,
096F,
09C1,
09FE,
0A26,
0A39,
0A35,
0A1C,
09EB,
09A3,
0944,
08CD,
083E,
0799,
06DC,
0608,
051E,
041E,
0308,
01DF,
00A1,
FF51,
FDF0,
FC7D,
FAFB,
F96B,
F7CF,
F627,
F476,
F2BD,
F0FD,
EF38,
ED71,
EBA8,
E9DF,
E819,
E656,
E499,
E2E4,
E137,
DF96,
DE01,
DC7B,
DB04,
D9A0,
D84E,
D710,
D5E9,
D4D8,
D3E0,
D301,
D23D,
D194,
D107,
D098,
D044,
D00F,
CFF8,
CFFF,
D025,
D06A,
D0CE,
D150,
D1F0,
D2AE,
D388,
D47F,
D591,
D6BE,
D805,
D963,
DAD9,
DC65,
DE05,
DFB7,
E17B,
E34E,
E530,
E71D,
E914,
EB14,
ED1A,
EF25,
F132,
F33F,
F54B,
F754,
F956,
FB50,
FD41,
FF26,
00FF,
02C9,
0482,
0629,
07BB,
0939,
0A9F,
0BED,
0D22,
0E3B,
0F39,
101A,
10DD,
1181,
1207,
126D,
12B3,
12D9,
12DF,
12C4,
128A,
122F,
11B5,
111D,
1066,
0F91,
0EA0,
0D94,
0C6D,
0B2D,
09D5,
0866,
06E3,
054D,
03A6,
01EF,
002A,
FE5A,
FC81,
FA9F,
F8B9,
F6CE,
F4E3,
F2F8,
F111,
EF2F,
ED54,
EB83,
E9BD,
E805,
E65C,
E4C6,
E342,
E1D4,
E07C,
DF3E,
DE19,
DD10,
DC24,
DB55,
DAA6,
DA16,
D9A8,
D95B,
D930,
D928,
D943,
D981,
D9E2,
DA66,
DB0D,
DBD5,
DCBF,
DDC9,
DEF4,
E03D,
E1A3,
E327,
E4C5,
E67C,
E84C,
EA32,
EC2B,
EE38,
F055,
F280,
F4B8,
F6FA,
F944,
FB94,
FDE7,
003B,
028F,
04E0,
072B,
096F,
0BA8,
0DD7,
0FF7,
1207,
1405,
15EF,
17C4,
1981,
1B26,
1CB0,
1E1E,
1F6F,
20A2,
21B6,
22A9,
237C,
242E,
24BE,
252C,
2578,
25A1,
25A9,
258E,
2553,
24F7,
247B,
23E0,
2327,
2250,
215D,
2050,
1F2A,
1DED,
1C99,
1B33,
19BA,
1830,
1699,
14F6,
1348,
1193,
0FD7,
0E19,
0C58,
0A98,
08DB,
0722,
0570,
03C7,
0229,
0097,
FF14,
FDA0,
FC3E,
FAEF,
F9B4,
F88F,
F781,
F68A,
F5AD,
F4E9,
F43F,
F3AF,
F33A,
F2E0,
F2A1,
F27D,
F274,
F284,
F2AE,
F2F1,
F34D,
F3BF,
F448,
F4E6,
F597,
F65B,
F730,
F814,
F906,
FA04,
FB0C,
FC1D,
FD35,
FE52,
FF71,
0092,
01B3,
02D1,
03EA,
04FE,
0609,
070C,
0804,
08EF,
09CC,
0A99,
0B56,
0C01,
0C99,
0D1D,
0D8C,
0DE6,
0E2A,
0E58,
0E70,
0E70,
0E5B,
0E2E,
0DEB,
0D93,
0D25,
0CA3,
0C0D,
0B64,
0AAA,
09DE,
0903,
081B,
0725,
0624,
051A,
0408,
02EF,
01D2,
00B1,
FF90,
FE6F,
FD51,
FC37,
FB23,
FA17,
F914,
F81D,
F732,
F655,
F588,
F4CB,
F421,
F38A,
F308,
F29B,
F244,
F203,
F1DA,
F1C9,
F1D0,
F1EF,
F226,
F275,
F2DD,
F35C,
F3F1,
F49E,
F560,
F636,
F722,
F820,
F92F,
FA4F,
FB7E,
FCBA,
FE02,
FF54,
00AF,
0211,
0378,
04E3,
064F,
07BC,
0926,
0A8D,
0BEF,
0D4A,
0E9D,
0FE5,
1122,
1251,
1373,
1484,
1585,
1674,
1751,
1819,
18CE,
196D,
19F7,
1A6C,
1ACB,
1B15,
1B48,
1B66,
1B6E,
1B60,
1B3F,
1B0A,
1AC1,
1A67,
19FC,
1980,
18F6,
185F,
17BC,
170E,
1657,
1599,
14D5,
140C,
1341,
1274,
11A8,
10DE,
1018,
0F56,
0E9C,
0DE9,
0D3F,
0CA0,
0C0D,
0B86,
0B0E,
0AA5,
0A4B,
0A01,
09C7,
099E,
0987,
0980,
098A,
09A5,
09D0,
0A0B,
0A56,
0AAF,
0B17,
0B8B,
0C0A,
0C94,
0D28,
0DC3,
0E64,
0F0B,
0FB4,
105F,
1109,
11B1,
1256,
12F5,
138C,
141A,
149D,
1514,
157C,
15D4,
161A,
164E,
166D,
1677,
166A,
1646,
1608,
15B2,
1541,
14B7,
1411,
1350,
1275,
117F,
106F,
0F45,
0E02,
0CA6,
0B34,
09AB,
080E,
065D,
049B,
02C9,
00E9,
FEFD,
FD07,
FB0A,
F907,
F701,
F4FB,
F2F6,
F0F6,
EEFC,
ED0C,
EB27,
E951,
E78B,
E5D9,
E43C,
E2B8,
E14D,
DFFE,
DECD,
DDBD,
DCCE,
DC02,
DB5B,
DADA,
DA80,
DA4E,
DA44,
DA63,
DAAC,
DB1E,
DBB9,
DC7D,
DD6A,
DE7E,
DFBA,
E11A,
E29F,
E448,
E611,
E7FA,
EA00,
EC21,
EE5B,
F0AA,
F30E,
F583,
F805,
FA93,
FD2A,
FFC6,
0264,
0502,
079C,
0A2F,
0CB9,
0F37,
11A4,
1400,
1647,
1876,
1A8B,
1C84,
1E5F,
2018,
21B0,
2323,
2471,
2597,
2696,
276A,
2814,
2894,
28EA,
2916,
2917,
28EE,
289D,
2823,
2782,
26BA,
25CF,
24C0,
2390,
2240,
20D4,
1F4D,
1DAD,
1BF8,
1A2F,
1855,
166D,
147B,
1280,
107F,
0E7D,
0C7A,
0A7B,
0882,
0692,
04AE,
02D8,
0113,
FF61,
FDC4,
FC3F,
FAD3,
F983,
F84F,
F739,
F643,
F56D,
F4B9,
F426,
F3B6,
F369,
F33E,
F336,
F34F,
F38A,
F3E6,
F461,
F4FA,
F5B0,
F682,
F76D,
F870,
F989,
FAB5,
FBF3,
FD40,
FE99,
FFFD,
0168,
02D8,
044A,
05BC,
072B,
0894,
09F6,
0B4D,
0C97,
0DD3,
0EFC,
1013,
1114,
11FE,
12CF,
1385,
1420,
149E,
14FE,
153F,
1562,
1564,
1546,
1509,
14AC,
1430,
1394,
12DC,
1206,
1114,
1008,
0EE3,
0DA6,
0C52,
0AEA,
0970,
07E7,
0651,
04AF,
0305,
0155,
FFA1,
FDED,
FC3A,
FA8B,
F8E2,
F743,
F5AF,
F429,
F2B3,
F14F,
F000,
EEC7,
EDA5,
EC9E,
EBB1,
EAE1,
EA2E,
E99A,
E926,
E8D1,
E89C,
E888,
E895,
E8C1,
E90E,
E97A,
EA05,
EAAD,
EB71,
EC50,
ED48,
EE57,
EF7D,
F0B6,
F201,
F35B,
F4C2,
F634,
F7AE,
F92E,
FAB2,
FC35,
FDB7,
FF34,
00AA,
0216,
0376,
04C8,
0608,
0736,
084E,
0950,
0A38,
0B06,
0BB7,
0C4B,
0CC1,
0D17,
0D4D,
0D62,
0D55,
0D28,
0CD9,
0C69,
0BD9,
0B28,
0A59,
096B,
0861,
073C,
05FD,
04A6,
0339,
01B9,
0027,
FE85,
FCD7,
FB1F,
F95F,
F79A,
F5D3,
F40D,
F24A,
F08D,
EED9,
ED31,
EB97,
EA0E,
E897,
E736,
E5ED,
E4BF,
E3AD,
E2B9,
E1E5,
E133,
E0A3,
E037,
DFF1,
DFD0,
DFD5,
E000,
E052,
E0CB,
E169,
E22D,
E316,
E422,
E551,
E6A1,
E810,
E99D,
EB45,
ED06,
EEDF,
F0CD,
F2CD,
F4DC,
F6F8,
F91E,
FB48,
FD77,
FFA6,
01D4,
03FD,
061E,
0835,
0A3E,
0C37,
0E1D,
0FEE,
11A7,
1346,
14C9,
162E,
1774,
1898,
199A,
1A77,
1B30,
1BC3,
1C30,
1C77,
1C97,
1C91,
1C65,
1C14,
1B9E,
1B04,
1A48,
196C,
1870,
1755,
161F,
14D0,
1369,
11ED,
105F,
0EC2,
0D18,
0B63,
09A7,
07E7,
0626,
0466,
02AA,
00F6,
FF4B,
FDAD,
FC1F,
FAA2,
F93A,
F7E8,
F6AF,
F590,
F48E,
F3AB,
F2E6,
F243,
F1C2,
F163,
F127,
F10F,
F11B,
F14C,
F1A1,
F219,
F2B3,
F36E,
F448,
F541,
F657,
F788,
F8D2,
FA32,
FBA8,
FD2F,
FEC6,
006A,
0218,
03CD,
0587,
0742,
08FC,
0AB1,
0C5F,
0E02,
0F98,
111E,
1291,
13EE,
1534,
165F,
176E,
185F,
192E,
19DC,
1A66,
1ACB,
1B0A,
1B23,
1B15,
1ADF,
1A81,
19FC,
1950,
187D,
1784,
1667,
1527,
13C5,
1244,
10A4,
0EE9,
0D15,
0B2A,
092B,
071B,
04FD,
02D4,
00A4,
FE6F,
FC3A,
FA07,
F7DA,
F5B6,
F3A0,
F199,
EFA7,
EDCC,
EC0C,
EA68,
E8E5,
E785,
E64B,
E538,
E450,
E395,
E307,
E2AA,
E27D,
E283,
E2BC,
E329,
E3C9,
E49E,
E5A6,
E6E2,
E84F,
E9EF,
EBBE,
EDBB,
EFE6,
F23A,
F4B7,
F75A,
FA1F,
FD04,
0006,
0322,
0654,
0999,
0CED,
104C,
13B2,
171B,
1A84,
1DE9,
2145,
2494,
27D4,
2AFF,
2E12,
310A,
33E4,
369A,
392C,
3B95,
3DD2,
3FE2,
41C1,
436E,
44E6,
4628,
4733,
4804,
489C,
48F9,
491C,
4903,
48B0,
4822,
4758,
4656,
451C,
43AC,
4207,
4030,
3E29,
3BF3,
3992,
3709,
3459,
3187,
2E96,
2B88,
2862,
2526,
21D8,
1E7C,
1B16,
17A9,
1438,
10C7,
0D5B,
09F5,
069A,
034D,
0012,
FCEA,
F9D9,
F6E3,
F408,
F14D,
EEB2,
EC3A,
E9E7,
E7BB,
E5B7,
E3DB,
E22B,
E0A5,
DF4A,
DE1C,
DD1A,
DC44,
DB99,
DB1B,
DAC7,
DA9D,
DA9B,
DAC2,
DB0F,
DB81,
DC17,
DCCE,
DDA5,
DE9A,
DFAB,
E0D6,
E219,
E372,
E4DE,
E65B,
E7E8,
E982,
EB26,
ECD4,
EE89,
F043,
F1FF,
F3BD,
F57A,
F736,
F8ED,
FAA0,
FC4D,
FDF2,
FF8F,
0123,
02AD,
042C,
05A1,
070A,
0868,
09BB,
0B03,
0C3F,
0D71,
0E98,
0FB6,
10CB,
11D7,
12DC,
13DA,
14D2,
15C6,
16B6,
17A4,
1892,
197E,
1A6B,
1B59,
1C49,
1D3D,
1E35,
1F31,
2033,
213B,
224A,
2360,
247E,
25A3,
26D0,
2805,
2941,
2A85,
2BCF,
2D21,
2E78,
2FD4,
3134,
3297,
33FC,
3562,
36C7,
382B,
398A,
3AE5,
3C39,
3D85,
3EC6,
3FFC,
4124,
423B,
4341,
4433,
4510,
45D5,
4681,
4712,
4786,
47DC,
4813,
4829,
481C,
47EC,
4798,
471E,
467F,
45B9,
44CB,
43B7,
427B,
4119,
3F8F,
3DDF,
3C0A,
3A0F,
37F1,
35B0,
334E,
30CB,
2E2B,
2B6E,
2897,
25A8,
22A3,
1F8B,
1C62,
192A,
15E7,
129B,
0F49,
0BF3,
089C,
0548,
01F9,
FEB2,
FB76,
F848,
F52A,
F21F,
EF29,
EC4B,
E988,
E6E2,
E45A,
E1F2,
DFAE,
DD8D,
DB92,
D9BE,
D811,
D68E,
D534,
D404,
D2FF,
D223,
D173,
D0EC,
D08F,
D05B,
D04F,
D06A,
D0AB,
D110,
D198,
D241,
D309,
D3EF,
D4EF,
D608,
D737,
D87A,
D9CF,
DB32,
DCA2,
DE1B,
DF9B,
E11F,
E2A5,
E429,
E5AA,
E724,
E896,
E9FB,
EB53,
EC9B,
EDD1,
EEF4,
F001,
F0F7,
F1D5,
F29A,
F343,
F3D1,
F442,
F496,
F4CC,
F4E5,
F4E0,
F4BE,
F47F,
F424,
F3AD,
F31C,
F271,
F1AE,
F0D5,
EFE6,
EEE5,
EDD2,
ECB0,
EB81,
EA47,
E905,
E7BD,
E672,
E525,
E3DB,
E294,
E154,
E01D,
DEF2,
DDD5,
DCC9,
DBCF,
DAEB,
DA1E,
D96B,
D8D4,
D859,
D7FE,
D7C4,
D7AB,
D7B6,
D7E5,
D839,
D8B3,
D954,
DA1B,
DB09,
DC1E,
DD5A,
DEBC,
E043,
E1F0,
E3C0,
E5B3,
E7C7,
E9FC,
EC4F,
EEBF,
F149,
F3EC,
F6A5,
F973,
FC52,
FF41,
023C,
0542,
084F,
0B61,
0E75,
1189,
149A,
17A4,
1AA7,
1D9E,
2088,
2361,
2628,
28DA,
2B75,
2DF6,
305C,
32A5,
34CF,
36D8,
38BF,
3A83,
3C20,
3D98,
3EEA,
4015,
4117,
41F2,
42A3,
432C,
438D,
43C5,
43D4,
43BC,
437C,
4316,
428A,
41D9,
4104,
400D,
3EF5,
3DBD,
3C66,
3AF2,
3962,
37B9,
35F8,
3421,
3235,
3036,
2E26,
2C08,
29DB,
27A4,
2564,
231C,
20CE,
1E7B,
1C26,
19CF,
1779,
1524,
12D2,
1085,
0E3E,
0BFD,
09C5,
0795,
0570,
0355,
0146,
FF43,
FD4D,
FB65,
F98A,
F7BD,
F5FF,
F44F,
F2AF,
F11C,
EF99,
EE25,
ECBF,
EB68,
EA1E,
E8E3,
E7B7,
E697,
E585,
E47F,
E385,
E297,
E1B5,
E0DD,
E010,
DF4E,
DE94,
DDE5,
DD3E,
DCA0,
DC0A,
DB7D,
DAF7,
DA78,
DA01,
D991,
D928,
D8C5,
D869,
D814,
D7C5,
D77D,
D73C,
D700,
D6CC,
D69E,
D677,
D657,
D63D,
D62B,
D620,
D61C,
D621,
D62D,
D641,
D65D,
D681,
D6AE,
D6E3,
D721,
D767,
D7B6,
D80E,
D86F,
D8D8,
D94A,
D9C4,
DA48,
DAD3,
DB67,
DC02,
DCA6,
DD51,
DE03,
DEBD,
DF7D,
E044,
E110,
E1E3,
E2BA,
E396,
E476,
E55B,
E643,
E72E,
E81C,
E90D,
EA00,
EAF4,
EBE8,
ECDE,
EDD3,
EEC8,
EFBC,
F0AE,
F1A0,
F28F,
F37B,
F465,
F54C,
F630,
F710,
F7EC,
F8C5,
F999,
FA6A,
FB36,
FBFE,
FCC1,
FD81,
FE3C,
FEF4,
FFA6,
0056,
0101,
01AA,
024F,
02F2,
0391,
042F,
04CA,
0563,
05FA,
068F,
0723,
07B6,
0848,
08DA,
096A,
09FA,
0A8A,
0B1A,
0BA9,
0C38,
0CC8,
0D57,
0DE6,
0E75,
0F04,
0F92,
1020,
10AD,
1139,
11C4,
124F,
12D7,
135E,
13E2,
1463,
14E1,
155B,
15D1,
1642,
16AE,
1715,
1776,
17D1,
1825,
1871,
18B6,
18F3,
1926,
1951,
1973,
198A,
1998,
199B,
1993,
1980,
1962,
1938,
1903,
18C2,
1875,
181C,
17B7,
1746,
16C9,
1640,
15AC,
150C,
1462,
13AC,
12ED,
1223,
1150,
1074,
0F90,
0EA4,
0DB0,
0CB7,
0BB7,
0AB2,
09A9,
089C,
078C,
067A,
0567,
0452,
033E,
022B,
0119,
000A,
FEFD,
FDF4,
FCF0,
FBF0,
FAF6,
FA02,
F915,
F830,
F751,
F67A,
F5AC,
F4E5,
F428,
F373,
F2C6,
F223,
F189,
F0F7,
F06E,
EFEE,
EF76,
EF07,
EE9F,
EE3E,
EDE5,
ED93,
ED46,
ECFF,
ECBE,
EC81,
EC48,
EC13,
EBE0,
EBB0,
EB82,
EB54,
EB27,
EAF9,
EACB,
EA9B,
EA6A,
EA35,
E9FE,
E9C3,
E985,
E942,
E8FB,
E8AF,
E85E,
E808,
E7AC,
E74C,
E6E6,
E67A,
E60A,
E595,
E51B,
E49D,
E41A,
E394,
E30A,
E27E,
E1F0,
E160,
E0CE,
E03D,
DFAB,
DF1B,
DE8C,
DDFC,
DD70,
DCE8,
DC65,
DBE7,
DB70,
DB00,
DA97,
DA37,
D9E0,
D993,
D951,
D919,
D8ED,
D8CE,
D8BB,
D8B5,
D8BD,
D8D3,
D8F6,
D928,
D968,
D9B6,
DA13,
DA7F,
DAF8,
DB80,
DC15,
DCB8,
DD69,
DE26,
DEEF,
DFC3,
E0A3,
E18D,
E281,
E37E,
E484,
E592,
E6A6,
E7C0,
E8DF,
EA01,
EB27,
EC4F,
ED78,
EEA1,
EFCA,
F0F0,
F213,
F333,
F44E,
F563,
F671,
F778,
F877,
F96D,
FA59,
FB3A,
FC11,
FCDB,
FD9A,
FE4B,
FEF0,
FF87,
0011,
008D,
00FA,
0159,
01A9,
01EB,
021E,
0242,
0258,
0260,
0259,
0245,
0224,
01F6,
01BB,
0174,
0121,
00C3,
005B,
FFE9,
FF6D,
FEE8,
FE5B,
FDC7,
FD2B,
FC89,
FBE1,
FB34,
FA83,
F9CD,
F914,
F859,
F79D,
F6DE,
F61D,
F55C,
F49A,
F3D8,
F316,
F254,
F193,
F0D3,
F015,
EF58,
EE9D,
EDE3,
ED2C,
EC77,
EBC5,
EB15,
EA67,
E9BC,
E914,
E86F,
E7CC,
E72C,
E68F,
E5F5,
E55E,
E4CA,
E439,
E3AB,
E320,
E29A,
E217,
E197,
E11B,
E0A4,
E030,
DFC0,
DF56,
DEF0,
DE90,
DE35,
DDE0,
DD92,
DD4B,
DD0B,
DCD3,
DCA3,
DC7C,
DC5E,
DC4A,
DC41,
DC43,
DC50,
DC69,
DC8F,
DCC3,
DD03,
DD52,
DDB0,
DE1D,
DE99,
DF25,
DFC1,
E06D,
E12A,
E1F8,
E2D7,
E3C7,
E4C8,
E5DA,
E6FD,
E830,
E973,
EAC7,
EC2A,
ED9C,
EF1C,
F0AA,
F245,
F3ED,
F59F,
F75D,
F923,
FAF2,
FCC9,
FEA5,
0086,
026B,
0452,
0639,
0820,
0A06,
0BE7,
0DC4,
0F9C,
116C,
1333,
14EF,
169F,
1842,
19D5,
1B59,
1CCB,
1E2B,
1F76,
20AC,
21CC,
22D5,
23C6,
249E,
255D,
2601,
268A,
26F8,
274B,
2782,
279D,
279C,
2780,
2749,
26F6,
2689,
2602,
2562,
24AA,
23DB,
22F5,
21FA,
20EB,
1FC9,
1E97,
1D56,
1C06,
1AAA,
1944,
17D5,
165F,
14E4,
1366,
11E6,
1067,
0EEA,
0D72,
0BFF,
0A95,
0934,
07DE,
0696,
055C,
0433,
031B,
0217,
0126,
004C,
FF88,
FEDC,
FE48,
FDCE,
FD6D,
FD26,
FCFB,
FCEA,
FCF4,
FD19,
FD59,
FDB3,
FE28,
FEB6,
FF5D,
001C,
00F2,
01DE,
02E0,
03F5,
051C,
0655,
079C,
08F2,
0A54,
0BC1,
0D36,
0EB3,
1034,
11B9,
133F,
14C5,
1649,
17C8,
1942,
1AB3,
1C1D,
1D7C,
1ECE,
2011,
2144,
2266,
2375,
2470,
2556,
2625,
26DD,
277D,
2803,
2871,
28C4,
28FD,
291B,
291E,
2906,
28D3,
2886,
281F,
279D,
2703,
264F,
2584,
24A3,
23AB,
229E,
217D,
204A,
1F05,
1DB1,
1C4F,
1ADF,
1964,
17DE,
164F,
14B9,
131E,
117E,
0FDC,
0E38,
0C95,
0AF4,
0957,
07BE,
062B,
049F,
031C,
01A3,
0034,
FED1,
FD7B,
FC32,
FAF8,
F9CC,
F8B0,
F7A4,
F6A7,
F5BB,
F4E0,
F416,
F35C,
F2B2,
F219,
F18F,
F115,
F0AA,
F04D,
EFFF,
EFBD,
EF88,
EF5F,
EF41,
EF2E,
EF23,
EF21,
EF27,
EF33,
EF45,
EF5B,
EF75,
EF93,
EFB2,
EFD2,
EFF3,
F013,
F032,
F050,
F06A,
F081,
F094,
F0A4,
F0AE,
F0B3,
F0B3,
F0AD,
F0A2,
F091,
F07A,
F05D,
F03A,
F012,
EFE5,
EFB3,
EF7D,
EF42,
EF04,
EEC4,
EE80,
EE3B,
EDF6,
EDB0,
ED6A,
ED26,
ECE3,
ECA4,
EC68,
EC31,
EBFF,
EBD4,
EBAF,
EB92,
EB7D,
EB71,
EB6F,
EB77,
EB89,
EBA6,
EBCF,
EC04,
EC46,
EC94,
ECEF,
ED56,
EDCB,
EE4C,
EEDA,
EF74,
F01B,
F0CD,
F18A,
F253,
F325,
F401,
F4E6,
F5D2,
F6C6,
F7C0,
F8BE,
F9C1,
FAC6,
FBCE,
FCD5,
FDDC,
FEE1,
FFE3,
00E0,
01D8,
02C8,
03B0,
048E,
0560,
0627,
06DF,
078A,
0824,
08AD,
0925,
098A,
09DB,
0A18,
0A40,
0A52,
0A4D,
0A32,
0A00,
09B6,
0955,
08DD,
084C,
07A5,
06E6,
0610,
0525,
0423,
030C,
01E1,
00A3,
FF52,
FDF0,
FC7E,
FAFC,
F96D,
F7D1,
F62A,
F47A,
F2C1,
F102,
EF3E,
ED77,
EBAE,
E9E6,
E820,
E65D,
E4A1,
E2EB,
E13F,
DF9E,
DE09,
DC82,
DB0C,
D9A6,
D854,
D716,
D5EE,
D4DD,
D3E4,
D305,
D240,
D196,
D108,
D098,
D044,
D00E,
CFF7,
CFFF,
D025,
D06A,
D0CD,
D150,
D1F0,
D2AE,
D389,
D480,
D592,
D6BF,
D806,
D965,
DADB,
DC67,
DE07,
DFBA,
E17E,
E351,
E533,
E720,
E917,
EB17,
ED1D,
EF27,
F134,
F341,
F54C,
F754,
F957,
FB53,
FD46,
FF2E,
0108,
02D4,
048F,
0638,
07CD,
094C,
0AB4,
0C04,
0D3A,
0E55,
0F53,
1035,
10F9,
119E,
1224,
128A,
12CF,
12F5,
12F9,
12DD,
12A0,
1244,
11C7,
112C,
1071,
0F99,
0EA5,
0D94,
0C6A,
0B27,
09CC,
085B,
06D5,
053C,
0392,
01D8,
0011,
FE3F,
FC63,
FA80,
F897,
F6AB,
F4BF,
F2D3,
F0EC,
EF09,
ED2F,
EB5E,
E999,
E7E3,
E63C,
E4A7,
E327,
E1BB,
E067,
DF2C,
DE0C,
DD07,
DC1F,
DB55,
DAA8,
DA1C,
D9B0,
D965,
D93D,
D938,
D955,
D995,
D9F8,
DA7D,
DB25,
DBEE,
DCD9,
DDE4,
DF0F,
E058,
E1BF,
E342,
E4E0,
E696,
E865,
EA49,
EC41,
EE4C,
F067,
F290,
F4C6,
F705,
F94D,
FB9A,
FDEA,
003B,
028B,
04D8,
071F,
095E,
0B94,
0DBE,
0FDA,
11E6,
13E0,
15C6,
1797,
1950,
1AF1,
1C78,
1DE3,
1F32,
2062,
2174,
2267,
2339,
23EB,
247C,
24EB,
2539,
2566,
2572,
255E,
2529,
24D5,
2463,
23D3,
2327,
2261,
2181,
2089,
1F7A,
1E57,
1D20,
1BD7,
1A7F,
1919,
17A8,
162D,
14AB,
1323,
1199,
100D,
0E83,
0CFC,
0B7A,
0A00,
088F,
0729,
05D1,
0488,
034F,
0229,
0117,
001A,
FF33,
FE64,
FDAE,
FD11,
FC8F,
FC28,
FBDD,
FBAD,
FB9A,
FBA2,
FBC7,
FC06,
FC62,
FCD7,
FD67,
FE10,
FED2,
FFAA,
0099,
019D,
02B4,
03DC,
0516,
065E,
07B3,
0914,
0A7E,
0BF0,
0D68,
0EE3,
1061,
11DE,
135A,
14D2,
1645,
17B0,
1913,
1A6A,
1BB5,
1CF2,
1E20,
1F3D,
2047,
213F,
2221,
22EF,
23A6,
2447,
24D0,
2541,
259A,
25DB,
2603,
2612,
260A,
25EA,
25B2,
2563,
24FF,
2485,
23F6,
2354,
22A0,
21DA,
2105,
2021,
1F2F,
1E32,
1D2B,
1C1B,
1B03,
19E6,
18C5,
17A1,
167C,
1558,
1436,
1317,
11FE,
10EB,
0FDF,
0EDD,
0DE4,
0CF7,
0C16,
0B41,
0A7B,
09C3,
091A,
0881,
07F8,
077E,
0715,
06BC,
0673,
063A,
0610,
05F5,
05E9,
05E9,
05F7,
0611,
0636,
0665,
069C,
06DA,
071D,
0765,
07B0,
07FC,
0847,
0890,
08D5,
0915,
094D,
097D,
09A3,
09BC,
09C7,
09C3,
09AE,
0988,
094D,
08FE,
0898,
081C,
0788,
06DA,
0613,
0532,
0436,
031F,
01ED,
00A2,
FF3B,
FDB9,
FC1D,
FA67,
F898,
F6B1,
F4B2,
F29D,
F074,
EE38,
EBEA,
E98C,
E721,
E4AA,
E229,
DFA1,
DD14,
DA84,
D7F4,
D567,
D2DE,
D05D,
CDE7,
CB7E,
C924,
C6DD,
C4AB,
C290,
C090,
BEAD,
BCEA,
BB48,
B9C9,
B871,
B741,
B63B,
B561,
B4B5,
B437,
B3EA,
B3CD,
B3E4,
B42D,
B4A9,
B55A,
B63E,
B757,
B8A3,
BA23,
BBD5,
BDB9,
BFCD,
C211,
C482,
C720,
C9E8,
CCD7,
CFED,
D326,
D680,
D9F9,
DD8C,
E138,
E4F8,
E8CA,
ECAB,
F097,
F48C,
F885,
FC7F,
0078,
046A,
0854,
0C31,
0FFE,
13B8,
175C,
1AE6,
1E53,
21A1,
24CD,
27D3,
2AB2,
2D68,
2FF0,
324B,
3476,
366F,
3836,
39C8,
3B24,
3C4B,
3D3A,
3DF3,
3E74,
3EBD,
3ECF,
3EAB,
3E50,
3DC0,
3CFB,
3C04,
3ADB,
3982,
37FB,
3648,
346A,
3265,
303A,
2DEC,
2B7E,
28F2,
264B,
238B,
20B6,
1DCF,
1AD8,
17D4,
14C7,
11B2,
0E9A,
0B81,
0869,
0556,
0249,
FF47,
FC50,
F969,
F693,
F3D0,
F122,
EE8B,
EC0D,
E9A8,
E760,
E535,
E328,
E13A,
DF6C,
DDC0,
DC34,
DACB,
D983,
D85E,
D75B,
D679,
D5BA,
D51C,
D49E,
D441,
D403,
D3E4,
D3E2,
D3FD,
D434,
D485,
D4EE,
D570,
D609,
D6B5,
D775,
D848,
D92C,
DA20,
DB22,
DC31,
DD4C,
DE71,
DFA0,
E0D6,
E213,
E355,
E49C,
E5E6,
E732,
E87F,
E9CD,
EB1A,
EC66,
EDAF,
EEF7,
F03A,
F17A,
F2B6,
F3ED,
F51F,
F64B,
F772,
F892,
F9AD,
FAC1,
FBCD,
FCD2,
FDD0,
FEC8,
FFB9,
00A3,
0187,
0265,
033B,
040C,
04D6,
059A,
0658,
070F,
07C1,
086C,
0912,
09B1,
0A4A,
0ADD,
0B6A,
0BF0,
0C6F,
0CE8,
0D5B,
0DC5,
0E29,
0E85,
0ED9,
0F25,
0F68,
0FA3,
0FD4,
0FFB,
1019,
102C,
1035,
1033,
1026,
100D,
0FE8,
0FB7,
0F7A,
0F30,
0ED9,
0E75,
0E03,
0D85,
0CF9,
0C5F,
0BB8,
0B04,
0A42,
0974,
0899,
07B1,
06BD,
05BE,
04B4,
039F,
0280,
0158,
0028,
FEEF,
FDAF,
FC69,
FB1E,
F9CE,
F87C,
F727,
F5D2,
F47C,
F328,
F1D6,
F088,
EF3E,
EDF9,
ECBC,
EB86,
EA5A,
E937,
E820,
E714,
E616,
E526,
E444,
E372,
E2B0,
E1FF,
E15F,
E0D2,
E057,
DFEF,
DF9A,
DF59,
DF2B,
DF0F,
DF06,
DF10,
DF2E,
DF5E,
DFA1,
DFF6,
E05D,
E0D5,
E15D,
E1F4,
E29B,
E350,
E412,
E4E0,
E5BA,
E69E,
E78B,
E881,
E97D,
EA80,
EB88,
EC94,
EDA3,
EEB4,
EFC5,
F0D6,
F1E6,
F2F4,
F3FE,
F505,
F606,
F703,
F7F9,
F8E8,
F9D0,
FAB0,
FB88,
FC56,
FD1C,
FDD9,
FE8C,
FF35,
FFD6,
006D,
00FB,
0181,
01FE,
0273,
02E1,
0348,
03A9,
0404,
045A,
04AC,
04FB,
0548,
0593,
05DE,
0629,
0676,
06C4,
0716,
076D,
07CB,
082F,
089B,
090D,
0989,
0A0D,
0A9B,
0B33,
0BD6,
0C85,
0D3F,
0E05,
0ED8,
0FB7,
10A2,
119A,
129D,
13AD,
14C8,
15EE,
171E,
1858,
199B,
1AE7,
1C39,
1D91,
1EEE,
204F,
21B2,
2317,
247A,
25DC,
273A,
2894,
29E6,
2B2F,
2C6F,
2DA2,
2EC8,
2FDF,
30E4,
31D7,
32B6,
337F,
3431,
34CB,
354A,
35AE,
35F6,
3621,
362D,
3619,
35E6,
3592,
351D,
3486,
33CD,
32F3,
31F7,
30D9,
2F9B,
2E3B,
2CBC,
2B1D,
295E,
2782,
258A,
2377,
214C,
1F0A,
1CB2,
1A47,
17CA,
153E,
12A4,
1000,
0D53,
0AA0,
07E9,
0532,
027C,
FFCA,
FD1F,
FA7D,
F7E7,
F560,
F2EB,
F089,
EE3E,
EC0B,
E9F4,
E7FA,
E620,
E467,
E2D3,
E164,
E01D,
DEFE,
DE0A,
DD42,
DCA7,
DC3A,
DBFB,
DBEB,
DC0B,
DC5B,
DCDB,
DD8B,
DE6A,
DF78,
E0B5,
E21E,
E3B5,
E576,
E761,
E974,
EBAD,
EE0A,
F08A,
F32A,
F5E7,
F8BF,
FBB0,
FEB7,
01D1,
04FB,
0832,
0B73,
0EBC,
1209,
1557,
18A2,
1BE8,
1F24,
2255,
2576,
2886,
2B80,
2E63,
312B,
33D6,
3661,
38CA,
3B0E,
3D2B,
3F20,
40EA,
4288,
43F8,
4539,
464A,
472A,
47D8,
4854,
489D,
48B3,
4896,
4846,
47C5,
4712,
462F,
451C,
43DB,
426C,
40D3,
3F10,
3D26,
3B16,
38E2,
368E,
341B,
318D,
2EE5,
2C27,
2956,
2674,
2385,
208C,
1D8B,
1A86,
1780,
147C,
117D,
0E86,
0B9B,
08BE,
05F3,
033B,
009A,
FE13,
FBA7,
F95A,
F72B,
F520,
F339,
F178,
EFE0,
EE71,
ED2E,
EC16,
EB2C,
EA70,
E9E3,
E984,
E955,
E955,
E984,
E9E1,
EA6D,
EB27,
EC0C,
ED1D,
EE58,
EFBC,
F146,
F2F6,
F4C9,
F6BD,
F8D1,
FB00,
FD4A,
FFAC,
0222,
04AB,
0741,
09E4,
0C90,
0F43,
11F9,
14B0,
1765,
1A15,
1CBC,
1F58,
21E7,
2465,
26CF,
2923,
2B5F,
2D80,
2F84,
3168,
332A,
34CA,
3643,
3796,
38C1,
39C1,
3A97,
3B40,
3BBD,
3C0D,
3C2F,
3C22,
3BE7,
3B7E,
3AE8,
3A25,
3934,
3817,
36CF,
355C,
33C0,
31FD,
3013,
2E05,
2BD4,
2982,
2711,
2484,
21DC,
1F1C,
1C47,
195F,
1666,
135E,
104C,
0D31,
0A10,
06EB,
03C6,
00A3,
FD84,
FA6D,
F760,
F45F,
F16D,
EE8C,
EBC1,
E90B,
E66E,
E3EB,
E184,
DF3B,
DD11,
DB08,
D922,
D760,
D5C2,
D44A,
D2F9,
D1D0,
D0CF,
CFF6,
CF45,
CEBE,
CE5F,
CE29,
CE1B,
CE35,
CE76,
CEDD,
CF6B,
D01C,
D0F1,
D1E9,
D301,
D439,
D58F,
D701,
D88E,
DA34,
DBF1,
DDC3,
DFA8,
E19F,
E3A5,
E5B8,
E7D7,
E9FF,
EC2E,
EE63,
F09A,
F2D3,
F50B,
F740,
F971,
FB9B,
FDBE,
FFD6,
01E3,
03E3,
05D5,
07B7,
0988,
0B46,
0CF1,
0E88,
1009,
1175,
12CA,
1407,
152C,
1639,
172E,
180A,
18CE,
197A,
1A0C,
1A87,
1AEA,
1B35,
1B69,
1B86,
1B8D,
1B80,
1B5D,
1B27,
1ADE,
1A83,
1A17,
199B,
1910,
1877,
17D1,
1720,
1664,
159E,
14D0,
13FA,
131F,
123E,
115A,
1072,
0F89,
0E9F,
0DB6,
0CCE,
0BE8,
0B05,
0A26,
094B,
0876,
07A6,
06DD,
061B,
0561,
04AE,
0404,
0362,
02C8,
0238,
01B0,
0131,
00BC,
004F,
FFEC,
FF91,
FF3F,
FEF5,
FEB3,
FE78,
FE45,
FE1A,
FDF4,
FDD6,
FDBE,
FDAB,
FD9D,
FD94,
FD8E,
FD8C,
FD8D,
FD90,
FD95,
FD9B,
FDA3,
FDAB,
FDB3,
FDBB,
FDC3,
FDC9,
FDCF,
FDD3,
FDD5,
FDD5,
FDD3,
FDD0,
FDC9,
FDC0,
FDB5,
FDA8,
FD98,
FD86,
FD72,
FD5C,
FD44,
FD2B,
FD10,
FCF4,
FCD8,
FCBB,
FC9F,
FC84,
FC6A,
FC51,
FC3B,
FC28,
FC17,
FC0B,
FC03,
FC00,
FC02,
FC0B,
FC1B,
FC31,
FC50,
FC77,
FCA6,
FCE0,
FD23,
FD71,
FDCA,
FE2E,
FE9E,
FF1A,
FFA2,
0038,
00DA,
018A,
0244,
030B,
03E1,
04C4,
05B5,
06B4,
07C0,
08DB,
0A02,
0B37,
0C78,
0DC6,
0F20,
1086,
11F7,
1372,
14F7,
1685,
181C,
19BB,
1B60,
1D0C,
1EBD,
2072,
222A,
23E5,
25A1,
275D,
2918,
2AD1,
2C87,
2E39,
2FE6,
318C,
332B,
34C0,
364B,
37CA,
393D,
3AA2,
3BF8,
3D3D,
3E71,
3F92,
40A0,
4198,
427B,
4347,
43FB,
4496,
4518,
457F,
45CB,
45FA,
460D,
4603,
45DB,
4595,
4530,
44AC,
4409,
4347,
4265,
4165,
4047,
3F0A,
3DAF,
3C36,
3A9F,
38EB,
371B,
3530,
3329,
3109,
2ED0,
2C7F,
2A17,
279A,
2509,
2265,
1FB0,
1CEB,
1A18,
1739,
144F,
115C,
0E62,
0B62,
085F,
055A,
0255,
FF53,
FC55,
F95D,
F66C,
F386,
F0AA,
EDDB,
EB1C,
E86F,
E5D5,
E350,
E0E1,
DE8B,
DC4E,
DA2C,
D827,
D63F,
D477,
D2CE,
D146,
CFE0,
CE9C,
CD7C,
CC7F,
CBA6,
CAF1,
CA61,
C9F5,
C9AE,
C98B,
C98C,
C9B0,
C9F6,
CA5F,
CAE9,
CB93,
CC5C,
CD45,
CE4B,
CF6C,
D0A7,
D1FB,
D365,
D4E4,
D676,
D819,
D9CC,
DB8B,
DD56,
DF2B,
E106,
E2E6,
E4CA,
E6AE,
E890,
EA6F,
EC49,
EE1B,
EFE3,
F1A0,
F34F,
F4EF,
F67E,
F7FA,
F963,
FAB5,
FBF0,
FD13,
FE1C,
FF0E,
FFE4,
009E,
013B,
01BA,
021C,
0260,
0285,
028C,
0275,
0240,
01ED,
017E,
00F3,
004C,
FF8A,
FEB0,
FDBC,
FCB2,
FB92,
FA5E,
F917,
F7BF,
F657,
F4E2,
F361,
F1D5,
F041,
EEA7,
ED08,
EB67,
E9C5,
E823,
E685,
E4EB,
E359,
E1CE,
E04E,
DEDA,
DD73,
DC1A,
DAD2,
D99B,
D877,
D766,
D66A,
D584,
D4B3,
D3FA,
D359,
D2CF,
D25D,
D204,
D1C3,
D19A,
D18A,
D191,
D1B0,
D1E6,
D232,
D293,
D309,
D394,
D431,
D4E0,
D5A0,
D66F,
D74D,
D839,
D930,
DA32,
DB3D,
DC50,
DD69,
DE88,
DFAA,
E0CF,
E1F5,
E31B,
E440,
E563,
E682,
E79D,
E8B2,
E9C1,
EAC9,
EBC9,
ECC1,
EDAF,
EE95,
EF71,
F043,
F10B,
F1C9,
F27D,
F327,
F3C7,
F45E,
F4ED,
F573,
F5F2,
F66A,
F6DC,
F749,
F7B1,
F816,
F879,
F8DA,
F93B,
F99D,
FA01,
FA67,
FAD2,
FB42,
FBB7,
FC35,
FCBA,
FD48,
FDE0,
FE83,
FF31,
FFEB,
00B2,
0186,
0267,
0356,
0452,
055D,
0674,
0798,
08CA,
0A08,
0B52,
0CA7,
0E07,
0F70,
10E2,
125B,
13DA,
155E,
16E6,
186F,
19F7,
1B7F,
1D02,
1E81,
1FF8,
2166,
22C9,
241F,
2566,
269C,
27BE,
28CC,
29C3,
2AA0,
2B64,
2C0B,
2C94,
2CFD,
2D44,
2D68,
2D69,
2D45,
2CFB,
2C8A,
2BF3,
2B33,
2A4C,
293D,
2805,
26A6,
2520,
2372,
219E,
1FA6,
1D89,
1B49,
18E9,
1668,
13CA,
1110,
0E3D,
0B52,
0852,
053F,
021C,
FEEC,
FBB2,
F870,
F52A,
F1E2,
EE9A,
EB57,
E81B,
E4EA,
E1C7,
DEB4,
DBB5,
D8CC,
D5FD,
D34A,
D0B5,
CE41,
CBF1,
C9C6,
C7C2,
C5E8,
C439,
C2B7,
C162,
C03C,
BF46,
BE81,
BDED,
BD8A,
BD59,
BD58,
BD89,
BDE9,
BE79,
BF38,
C023,
C13A,
C27A,
C3E3,
C572,
C725,
C8FA,
CAEF,
CD00,
CF2C,
D16E,
D3C5,
D62E,
D8A4,
DB25,
DDAE,
E03C,
E2CB,
E557,
E7DF,
EA5E,
ECD1,
EF36,
F189,
F3C8,
F5F0,
F7FD,
F9EF,
FBC1,
FD73,
FF01,
006B,
01AE,
02CA,
03BC,
0483,
0520,
0590,
05D5,
05ED,
05D9,
0598,
052C,
0495,
03D4,
02E9,
01D7,
009F,
FF42,
FDC2,
FC22,
FA63,
F887,
F691,
F484,
F262,
F02D,
EDE9,
EB99,
E93F,
E6DD,
E478,
E212,
DFAE,
DD4E,
DAF6,
D8AB,
D66C,
D43D,
D220,
D018,
CE26,
CC4C,
CA8E,
C8EC,
C768,
C605,
C4C2,
C3A2,
C2A4,
C1CB,
C117,
C088,
C01E,
BFDA,
BFBB,
BFC2,
BFEC,
C03B,
C0AD,
C141,
C1F5,
C2CA,
C3BD,
C4CC,
C5F6,
C73A,
C895,
CA06,
CB8A,
CD20,
CEC5,
D076,
D233,
D3F8,
D5C3,
D792,
D963,
DB34,
DD02,
DECB,
E08F,
E249,
E3FA,
E59F,
E736,
E8BE,
EA35,
EB9B,
ECEE,
EE2E,
EF58,
F06D,
F16C,
F255,
F327,
F3E2,
F486,
F514,
F58B,
F5EB,
F636,
F66C,
F68E,
F69C,
F698,
F683,
F65D,
F629,
F5E7,
F599,
F541,
F4DF,
F475,
F405,
F391,
F31A,
F2A1,
F228,
F1B1,
F13C,
F0CD,
F063,
F000,
EFA6,
EF56,
EF10,
EED6,
EEA9,
EE8A,
EE79,
EE78,
EE87,
EEA7,
EED6,
EF17,
EF68,
EFCA,
F03E,
F0C1,
F156,
F1FA,
F2AE,
F371,
F444,
F524,
F611,
F70B,
F811,
F921,
FA3C,
FB5F,
FC8A,
FDBD,
FEF5,
0032,
0173,
02B7,
03FD,
0543,
068A,
07CF,
0913,
0A53,
0B91,
0CCA,
0DFD,
0F2B,
1053,
1173,
128D,
139E,
14A8,
15A9,
16A1,
1791,
1878,
1956,
1A2C,
1AF9,
1BBD,
1C79,
1D2E,
1DDB,
1E81,
1F1F,
1FB8,
204A,
20D7,
215F,
21E2,
2261,
22DC,
2354,
23C9,
243B,
24AC,
251B,
2588,
25F5,
2660,
26CA,
2734,
279D,
2806,
286E,
28D4,
293A,
299E,
2A00,
2A60,
2ABE,
2B18,
2B6F,
2BC1,
2C0E,
2C56,
2C97,
2CD1,
2D02,
2D2B,
2D4A,
2D5E,
2D67,
2D63,
2D52,
2D33,
2D04,
2CC5,
2C75,
2C14,
2BA1,
2B1C,
2A84,
29D9,
291A,
2847,
2760,
2666,
2557,
2433,
22FC,
21B2,
2054,
1EE4,
1D62,
1BCE,
1A2B,
1877,
16B6,
14E7,
130C,
1127,
0F38,
0D42,
0B46,
0945,
0741,
053D,
0339,
0137,
FF39,
FD42,
FB53,
F96E,
F794,
F5C8,
F40C,
F261,
F0C8,
EF45,
EDD7,
EC81,
EB43,
EA20,
E919,
E82D,
E75F,
E6AF,
E61E,
E5AB,
E559,
E526,
E513,
E520,
E54C,
E597,
E600,
E687,
E72B,
E7EB,
E8C5,
E9BA,
EAC7,
EBEB,
ED22,
EE6C,
EFC6,
F12F,
F2A4,
F423,
F5AA,
F736,
F8C6,
FA56,
FBE5,
FD70,
FEF5,
0071,
01E2,
0345,
0499,
05DB,
070A,
0823,
0924,
0A0B,
0AD8,
0B89,
0C1B,
0C8E,
0CE2,
0D14,
0D25,
0D15,
0CE1,
0C8C,
0C13,
0B79,
0ABC,
09DE,
08DF,
07C1,
0684,
052A,
03B3,
0223,
007A,
FEBA,
FCE6,
FAFF,
F908,
F703,
F4F3,
F2D9,
F0BA,
EE97,
EC72,
EA4F,
E831,
E61A,
E40C,
E20B,
E019,
DE39,
DC6C,
DAB7,
D91A,
D799,
D634,
D4EE,
D3C8,
D2C4,
D1E4,
D129,
D093,
D025,
CFDE,
CFC0,
CFCA,
CFFD,
D058,
D0DD,
D189,
D25D,
D358,
D478,
D5BE,
D726,
D8B1,
DA5B,
DC24,
DE0A,
E009,
E222,
E450,
E691,
E8E4,
EB46,
EDB3,
F02A,
F2A7,
F528,
F7AB,
FA2B,
FCA8,
FF1E,
018A,
03EB,
063E,
0880,
0AB0,
0CCC,
0ED0,
10BD,
128F,
1446,
15E0,
175C,
18B9,
19F6,
1B12,
1C0D,
1CE6,
1D9D,
1E32,
1EA5,
1EF7,
1F28,
1F38,
1F29,
1EFA,
1EAE,
1E45,
1DC0,
1D22,
1C6C,
1B9F,
1ABC,
19C7,
18C0,
17AA,
1686,
1556,
141D,
12DC,
1195,
104B,
0EFE,
0DB2,
0C67,
0B20,
09DF,
08A4,
0772,
064A,
052D,
041C,
0319,
0224,
013F,
006A,
FFA6,
FEF3,
FE52,
FDC3,
FD45,
FCD9,
FC7F,
FC36,
FBFF,
FBD7,
FBC0,
FBB8,
FBBE,
FBD1,
FBF1,
FC1D,
FC52,
FC91,
FCD8,
FD25,
FD78,
FDCF,
FE28,
FE83,
FEDE,
FF39,
FF90,
FFE5,
0034,
007E,
00C1,
00FD,
012F,
0158,
0177,
018C,
0195,
0192,
0184,
016A,
0143,
0110,
00D2,
0088,
0032,
FFD2,
FF67,
FEF3,
FE77,
FDF2,
FD67,
FCD5,
FC3F,
FBA6,
FB0A,
FA6D,
F9D1,
F937,
F8A0,
F80D,
F780,
F6FB,
F67E,
F60C,
F5A7,
F54E,
F504,
F4C9,
F49F,
F487,
F481,
F48E,
F4AF,
F4E6,
F531,
F592,
F608,
F695,
F737,
F7EF,
F8BD,
F9A0,
FA98,
FBA3,
FCC2,
FDF3,
FF35,
0088,
01E9,
0358,
04D4,
065A,
07E9,
097F,
0B1C,
0CBC,
0E5F,
1002,
11A3,
1341,
14DB,
166D,
17F6,
1975,
1AE7,
1C4B,
1D9F,
1EE1,
2010,
212A,
222E,
231A,
23EE,
24A8,
2548,
25CB,
2632,
267D,
26A9,
26B8,
26A9,
267C,
2631,
25C7,
2541,
249D,
23DD,
2301,
2208,
20F5,
1FCA,
1E86,
1D2C,
1BBD,
1A3A,
18A5,
1700,
154C,
138C,
11C0,
0FEA,
0E0D,
0C2B,
0A44,
085C,
0674,
048D,
02AA,
00CB,
FEF4,
FD26,
FB61,
F9A9,
F7FD,
F65F,
F4D2,
F355,
F1E9,
F091,
EF4C,
EE1C,
ED00,
EBFA,
EB0A,
EA2F,
E96B,
E8BC,
E824,
E7A1,
E734,
E6DC,
E699,
E66A,
E64E,
E645,
E64E,
E667,
E692,
E6CB,
E712,
E767,
E7C8,
E834,
E8A9,
E928,
E9AE,
EA3B,
EACD,
EB64,
EBFF,
EC9C,
ED3B,
EDDB,
EE7C,
EF1C,
EFBB,
F057,
F0F1,
F188,
F21C,
F2AC,
F338,
F3C0,
F443,
F4C2,
F53D,
F5B3,
F625,
F694,
F6FF,
F767,
F7CD,
F830,
F892,
F8F2,
F952,
F9B3,
FA13,
FA76,
FADA,
FB42,
FBAC,
FC1B,
FC8F,
FD09,
FD89,
FE0F,
FE9D,
FF31,
FFCE,
0072,
011F,
01D4,
0293,
035A,
0429,
0502,
05E3,
06CD,
07BE,
08B8,
09B8,
0ABF,
0BCD,
0CDF,
0DF7,
0F12,
1030,
1150,
1271,
1392,
14B2,
15D0,
16EB,
1802,
1913,
1A1D,
1B20,
1C19,
1D09,
1DED,
1EC5,
1F90,
204D,
20FB,
2198,
2226,
22A1,
230B,
2363,
23A8,
23D9,
23F7,
2401,
23F8,
23DC,
23AC,
2368,
2312,
22AA,
2230,
21A5,
2109,
205E,
1FA5,
1EDE,
1E0A,
1D2B,
1C41,
1B4D,
1A53,
1952,
184C,
1742,
1636,
152A,
141E,
1313,
120C,
110A,
100D,
0F17,
0E2A,
0D46,
0C6B,
0B9C,
0AD9,
0A23,
097A,
08DF,
0852,
07D4,
0765,
0705,
06B4,
0672,
063F,
0619,
0602,
05F7,
05FA,
0608,
0621,
0644,
066F,
06A1,
06D9,
0715,
0755,
0795,
07D6,
0815,
0850,
0886,
08B6,
08DC,
08F9,
0909,
090C,
0900,
08E3,
08B4,
0871,
0819,
07AB,
0726,
0688,
05D1,
0501,
0416,
030F,
01ED,
00B0,
FF58,
FDE4,
FC55,
FAAB,
F8E7,
F70B,
F515,
F309,
F0E7,
EEB1,
EC68,
EA0E,
E7A5,
E52E,
E2AD,
E023,
DD93,
DAFF,
D86A,
D5D7,
D347,
D0BE,
CE3F,
CBCC,
C968,
C716,
C4D9,
C2B3,
C0A7,
BEB9,
BCEA,
BB3C,
B9B3,
B851,
B717,
B607,
B524,
B470,
B3EB,
B397,
B375,
B386,
B3CC,
B446,
B4F5,
B5D9,
B6F2,
B83F,
B9C1,
BB77,
BD5F,
BF78,
C1C1,
C439,
C6DD,
C9AC,
CCA4,
CFC2,
D303,
D666,
D9E7,
DD84,
E138,
E501,
E8DC,
ECC5,
F0BA,
F4B6,
F8B7,
FCB8,
00B6,
04AE,
089C,
0C7D,
104E,
140A,
17AF,
1B3A,
1EA7,
21F4,
251E,
2822,
2AFE,
2DB0,
3034,
328A,
34AF,
36A2,
3862,
39ED,
3B42,
3C61,
3D49,
3DFA,
3E74,
3EB5,
3EBF,
3E93,
3E32,
3D9B,
3CD1,
3BD5,
3AA8,
394B,
37C1,
360C,
342D,
3227,
2FFC,
2DAF,
2B42,
28B8,
2613,
2356,
2084,
1DA0,
1AAD,
17AE,
14A4,
1194,
0E81,
0B6C,
0858,
0549,
0241,
FF43,
FC50,
F96C,
F698,
F3D7,
F12B,
EE95,
EC17,
E9B3,
E76B,
E53F,
E331,
E142,
DF73,
DDC4,
DC37,
DACC,
D982,
D85B,
D756,
D673,
D5B2,
D512,
D494,
D435,
D3F7,
D3D8,
D3D7,
D3F2,
D42A,
D47C,
D4E9,
D56D,
D609,
D6BA,
D780,
D858,
D942,
DA3B,
DB43,
DC58,
DD79,
DEA4,
DFD8,
E113,
E254,
E39B,
E4E5,
E632,
E780,
E8CF,
EA1D,
EB6A,
ECB5,
EDFD,
EF41,
F082,
F1BD,
F2F3,
F424,
F54E,
F672,
F790,
F8A7,
F9B8,
FAC1,
FBC4,
FCC1,
FDB6,
FEA5,
FF8E,
0070,
014B,
0221,
02F0,
03BA,
047E,
053C,
05F5,
06A9,
0757,
0801,
08A5,
0945,
09DF,
0A74,
0B04,
0B8F,
0C14,
0C94,
0D0E,
0D81,
0DEF,
0E55,
0EB4,
0F0C,
0F5C,
0FA3,
0FE2,
1018,
1045,
1067,
107E,
108B,
108B,
1080,
1068,
1042,
1010,
0FCF,
0F80,
0F22,
0EB6,
0E3B,
0DB0,
0D17,
0C6E,
0BB5,
0AEE,
0A18,
0933,
0841,
0740,
0632,
0518,
03F1,
02BF,
0183,
003E,
FEEF,
FD9A,
FC3D,
FADC,
F977,
F80E,
F6A5,
F53B,
F3D2,
F26C,
F109,
EFAC,
EE55,
ED05,
EBBF,
EA83,
E952,
E82E,
E717,
E60F,
E517,
E42F,
E359,
E295,
E1E3,
E145,
E0BB,
E045,
DFE4,
DF96,
DF5E,
DF3A,
DF2B,
DF30,
DF4A,
DF76,
DFB6,
E008,
E06C,
E0E1,
E166,
E1FA,
E29C,
E34B,
E406,
E4CD,
E59D,
E676,
E756,
E83D,
E929,
EA1A,
EB0D,
EC02,
ECF9,
EDEF,
EEE3,
EFD6,
F0C7,
F1B3,
F29B,
F37F,
F45D,
F535,
F606,
F6D1,
F796,
F854,
F90A,
F9BA,
FA62,
FB04,
FBA0,
FC36,
FCC5,
FD50,
FDD5,
FE56,
FED3,
FF4D,
FFC4,
0039,
00AC,
011E,
0190,
0202,
0275,
02E9,
035E,
03D6,
0450,
04CD,
054D,
05D0,
0656,
06E0,
076D,
07FD,
0891,
0927,
09BF,
0A5A,
0AF6,
0B93,
0C30,
0CCE,
0D6B,
0E06,
0EA0,
0F37,
0FCA,
1059,
10E4,
1168,
11E6,
125C,
12CA,
1330,
138C,
13DE,
1425,
1461,
1491,
14B5,
14CC,
14D6,
14D4,
14C4,
14A7,
147C,
1444,
13FF,
13AD,
134F,
12E5,
126F,
11EE,
1163,
10CE,
1031,
0F8C,
0EE0,
0E2E,
0D77,
0CBC,
0BFE,
0B3E,
0A7D,
09BD,
08FE,
0842,
0789,
06D5,
0626,
057D,
04DC,
0443,
03B2,
032B,
02AF,
023D,
01D5,
0178,
0128,
00E4,
00AD,
0082,
0063,
0051,
004B,
0051,
0063,
007F,
00A6,
00D8,
0113,
0156,
01A2,
01F5,
024F,
02AF,
0313,
037C,
03E9,
0458,
04C8,
053A,
05AC,
061D,
068D,
06FB,
0767,
07CF,
0833,
0892,
08ED,
0942,
0992,
09DC,
0A1F,
0A5C,
0A92,
0AC2,
0AEA,
0B0B,
0B26,
0B39,
0B46,
0B4B,
0B4A,
0B42,
0B33,
0B1E,
0B03,
0AE1,
0AB9,
0A8C,
0A58,
0A1E,
09DF,
099A,
094F,
08FE,
08A7,
084B,
07E8,
077F,
070F,
0699,
061C,
0598,
050D,
047A,
03E0,
033E,
0294,
01E1,
0126,
0063,
FF96,
FEC0,
FDE2,
FCF9,
FC08,
FB0D,
FA09,
F8FB,
F7E4,
F6C4,
F59C,
F46B,
F331,
F1F0,
F0A8,
EF59,
EE04,
ECAA,
EB4C,
E9EA,
E886,
E71F,
E5B7,
E450,
E2E9,
E185,
E024,
DEC7,
DD71,
DC21,
DAD9,
D99B,
D867,
D73F,
D624,
D516,
D419,
D32B,
D24E,
D184,
D0CD,
D02A,
CF9C,
CF22,
CEBF,
CE72,
CE3C,
CE1D,
CE16,
CE25,
CE4D,
CE8C,
CEE1,
CF4E,
CFD0,
D068,
D115,
D1D6,
D2A9,
D38F,
D486,
D58C,
D6A1,
D7C4,
D8F1,
DA2A,
DB6B,
DCB3,
DE01,
DF53,
E0A7,
E1FC,
E351,
E4A3,
E5F1,
E739,
E87A,
E9B3,
EAE2,
EC06,
ED1D,
EE26,
EF20,
F009,
F0E2,
F1A9,
F25E,
F300,
F38F,
F40A,
F472,
F4C5,
F505,
F530,
F549,
F54E,
F540,
F521,
F4F0,
F4AF,
F45F,
F400,
F394,
F31B,
F298,
F20B,
F176,
F0DA,
F03A,
EF95,
EEEF,
EE48,
EDA1,
ECFE,
EC60,
EBC7,
EB35,
EAAC,
EA2E,
E9BB,
E955,
E8FE,
E8B6,
E87F,
E85A,
E848,
E84A,
E860,
E88C,
E8CE,
E927,
E997,
EA1F,
EABE,
EB74,
EC43,
ED29,
EE26,
EF3B,
F066,
F1A7,
F2FE,
F469,
F5E8,
F77A,
F91E,
FAD2,
FC96,
FE67,
0046,
0231,
0426,
0623,
0828,
0A32,
0C41,
0E53,
1065,
1277,
1487,
1693,
1899,
1A99,
1C91,
1E7E,
2061,
2236,
23FE,
25B5,
275D,
28F2,
2A73,
2BE1,
2D39,
2E7B,
2FA6,
30B9,
31B4,
3293,
3359,
3404,
3494,
3509,
3562,
35A0,
35C3,
35C9,
35B5,
3584,
3539,
34D3,
3453,
33B9,
3306,
323A,
3156,
305B,
2F49,
2E22,
2CE6,
2B97,
2A35,
28C1,
273D,
25A9,
2407,
2259,
209E,
1ED9,
1D0B,
1B33,
1955,
1772,
158B,
13A0,
11B5,
0FCA,
0DDF,
0BF8,
0A14,
0836,
065E,
048E,
02C7,
010A,
FF58,
FDB3,
FC1C,
FA94,
F91B,
F7B4,
F65E,
F51C,
F3ED,
F2D3,
F1CE,
F0E0,
F008,
EF49,
EEA1,
EE13,
ED9E,
ED41,
ECFF,
ECD7,
ECC9,
ECD7,
ED00,
ED44,
EDA3,
EE1D,
EEB2,
EF62,
F02D,
F111,
F210,
F327,
F457,
F59F,
F6FF,
F874,
FA00,
FB9F,
FD53,
FF18,
00EF,
02D6,
04CC,
06CE,
08DD,
0AF5,
0D17,
0F3F,
116C,
139E,
15D0,
1803,
1A34,
1C61,
1E89,
20A9,
22BF,
24C9,
26C7,
28B5,
2A91,
2C5A,
2E0F,
2FAC,
3131,
329B,
33E9,
3519,
362A,
371B,
37E9,
3895,
391C,
397D,
39B8,
39CC,
39B8,
397C,
3917,
3889,
37D2,
36F2,
35EA,
34B9,
3360,
31E0,
3039,
2E6D,
2C7C,
2A68,
2832,
25DC,
2367,
20D6,
1E29,
1B64,
1888,
1598,
1296,
0F84,
0C65,
093C,
060B,
02D5,
FF9E,
FC66,
F933,
F605,
F2E1,
EFC9,
ECBF,
E9C7,
E6E3,
E416,
E163,
DECB,
DC52,
D9F8,
D7C2,
D5B0,
D3C4,
D201,
D067,
CEF9,
CDB6,
CCA2,
CBBC,
CB05,
CA7E,
CA26,
C9FF,
CA08,
CA41,
CAAA,
CB42,
CC07,
CCFA,
CE19,
CF62,
D0D4,
D26E,
D42E,
D611,
D816,
DA3A,
DC7D,
DEDB,
E151,
E3DC,
E679,
E926,
EBE0,
EEA4,
F16F,
F43F,
F710,
F9DF,
FCAA,
FF6E,
0229,
04D6,
0775,
0A03,
0C7C,
0EE0,
112C,
135D,
1572,
176A,
1943,
1AFB,
1C91,
1E05,
1F55,
2081,
2188,
226B,
2329,
23C2,
2437,
2487,
24B4,
24BE,
24A7,
246F,
2418,
23A3,
2312,
2266,
21A2,
20C7,
1FD8,
1ED6,
1DC4,
1CA4,
1B78,
1A43,
1906,
17C5,
1682,
153F,
13FE,
12C2,
118D,
1061,
0F40,
0E2D,
0D28,
0C34,
0B52,
0A85,
09CC,
092A,
08A0,
082E,
07D6,
0798,
0774,
076B,
077D,
07AA,
07F2,
0854,
08D0,
0965,
0A13,
0AD8,
0BB3,
0CA4,
0DA9,
0EC0,
0FE7,
111E,
1263,
13B3,
150C,
166E,
17D5,
1940,
1AAD,
1C19,
1D84,
1EEB,
204C,
21A4,
22F2,
2435,
256A,
2690,
27A5,
28A8,
2997,
2A72,
2B37,
2BE5,
2C7B,
2CFA,
2D5F,
2DAB,
2DDE,
2DF7,
2DF6,
2DDD,
2DAA,
2D5F,
2CFD,
2C83,
2BF3,
2B4F,
2A97,
29CC,
28F0,
2804,
2709,
2602,
24F0,
23D5,
22B4,
218D,
2063,
1F38,
1E0E,
1CE6,
1BC2,
1AA5,
1990,
1884,
1784,
1691,
15AC,
14D8,
1414,
1363,
12C6,
123D,
11C9,
116B,
1124,
10F4,
10DB,
10D9,
10EF,
111B,
115F,
11B8,
1227,
12AB,
1344,
13EF,
14AC,
1579,
1656,
1741,
1838,
1939,
1A42,
1B52,
1C68,
1D7F,
1E98,
1FB0,
20C4,
21D3,
22DB,
23DA,
24CD,
25B3,
268A,
2750,
2803,
28A2,
292B,
299D,
29F6,
2A35,
2A59,
2A61,
2A4E,
2A1E,
29D0,
2964,
28D9,
2830,
2769,
2683,
2580,
245F,
2323,
21CA,
2058,
1ECB,
1D27,
1B6C,
199D,
17B9,
15C4,
13C0,
11AD,
0F8F,
0D66,
0B36,
0901,
06C8,
048E,
0256,
0020,
FDF1,
FBC9,
F9AA,
F797,
F592,
F39D,
F1B9,
EFEA,
EE2F,
EC8B,
EB00,
E98F,
E838,
E6FD,
E5DF,
E4DF,
E3FE,
E33B,
E297,
E213,
E1AE,
E168,
E141,
E139,
E14F,
E182,
E1D2,
E23C,
E2C1,
E35F,
E415,
E4E1,
E5C1,
E6B4,
E7B9,
E8CA,
E9E9,
EB13,
EC47,
ED82,
EEC3,
F008,
F14E,
F294,
F3D7,
F516,
F64E,
F77E,
F8A4,
F9BE,
FACA,
FBC8,
FCB5,
FD90,
FE58,
FF0C,
FFAB,
0033,
00A5,
00FF,
0142,
016C,
017F,
0178,
015A,
0124,
00D6,
0072,
FFF8,
FF69,
FEC5,
FE0D,
FD43,
FC67,
FB7C,
FA83,
F97C,
F86B,
F74F,
F62C,
F503,
F3D6,
F2A6,
F175,
F046,
EF1A,
EDF3,
ECD3,
EBBB,
EAAD,
E9AB,
E8B7,
E7D2,
E6FD,
E63A,
E58B,
E4F0,
E46A,
E3FB,
E3A5,
E367,
E342,
E335,
E343,
E369,
E3AA,
E404,
E478,
E505,
E5AB,
E669,
E73F,
E82B,
E92E,
EA45,
EB70,
ECAE,
EDFD,
EF5B,
F0C9,
F243,
F3C8,
F557,
F6EE,
F88C,
FA2D,
FBD2,
FD77,
FF1B,
00BD,
025B,
03F1,
0580,
0706,
0881,
09EF,
0B4E,
0C9F,
0DDF,
0F0C,
1026,
112C,
121D,
12F7,
13BA,
1466,
14F9,
1574,
15D5,
161E,
164D,
1663,
165F,
1643,
160E,
15C1,
155D,
14E2,
1451,
13AB,
12F1,
1224,
1145,
1054,
0F53,
0E44,
0D28,
0C01,
0AD1,
0999,
085A,
0716,
05CE,
0485,
033C,
01F5,
00B0,
FF70,
FE36,
FD04,
FBDB,
FABC,
F9A8,
F8A2,
F7A9,
F6BF,
F5E5,
F51D,
F465,
F3C1,
F32F,
F2B0,
F246,
F1EF,
F1AD,
F17D,
F161,
F159,
F165,
F185,
F1B7,
F1FD,
F254,
F2BC,
F334,
F3BC,
F452,
F4F6,
F5A6,
F660,
F725,
F7F2,
F8C6,
F9A0,
FA7E,
FB60,
FC42,
FD24,
FE05,
FEE3,
FFBD,
0090,
015D,
0220,
02DA,
0388,
042A,
04BE,
0543,
05B9,
061D,
0670,
06B1,
06DE,
06F7,
06FC,
06EC,
06C6,
068B,
063A,
05D3,
0557,
04C4,
041C,
035E,
028C,
01A6,
00AB,
FF9E,
FE7F,
FD4E,
FC0D,
FABD,
F95F,
F7F4,
F67D,
F4FD,
F373,
F1E3,
F04C,
EEB1,
ED14,
EB76,
E9D9,
E83E,
E6A7,
E517,
E38D,
E20D,
E098,
DF2F,
DDD4,
DC89,
DB4F,
DA27,
D913,
D814,
D72C,
D65C,
D5A4,
D505,
D482,
D41A,
D3CD,
D39E,
D38C,
D397,
D3C1,
D408,
D46E,
D4F2,
D592,
D650,
D72B,
D824,
D938,
DA68,
DBB3,
DD17,
DE94,
E029,
E1D4,
E394,
E567,
E74D,
E943,
EB48,
ED5A,
EF78,
F19F,
F3CF,
F604,
F83E,
FA79,
FCB6,
FEF0,
0128,
035A,
0584,
07A6,
09BD,
0BC8,
0DC4,
0FB1,
118C,
1354,
1508,
16A6,
182D,
199C,
1AF2,
1C2E,
1D4E,
1E53,
1F3B,
2006,
20B4,
2145,
21B7,
220B,
2241,
225A,
2254,
2232,
21F3,
2197,
2120,
208F,
1FE3,
1F1E,
1E42,
1D4F,
1C46,
1B28,
19F8,
18B6,
1764,
1603,
1495,
131B,
1196,
1008,
0E72,
0CD7,
0B37,
0994,
07EF,
064B,
04A8,
0308,
016B,
FFD4,
FE44,
FCBB,
FB3B,
F9C5,
F85A,
F6FA,
F5A6,
F460,
F327,
F1FD,
F0E1,
EFD5,
EED7,
EDE9,
ED0B,
EC3F,
EB82,
EAD4,
EA37,
E9A8,
E928,
E8B6,
E853,
E7FC,
E7B3,
E775,
E743,
E71C,
E6FF,
E6EB,
E6E0,
E6DD,
E6E0,
E6EA,
E6FA,
E70E,
E726,
E742,
E760,
E781,
E7A3,
E7C6,
E7EA,
E80E,
E832,
E855,
E878,
E89C,
E8BE,
E8E0,
E901,
E922,
E942,
E962,
E983,
E9A4,
E9C7,
E9EB,
EA12,
EA3D,
EA6B,
EA9E,
EAD6,
EB15,
EB5B,
EBAA,
EC01,
EC62,
ECCF,
ED47,
EDCC,
EE5E,
EEFF,
EFAF,
F06F,
F140,
F223,
F317,
F41D,
F537,
F665,
F7A6,
F8FA,
FA62,
FBDE,
FD6E,
FF11,
00C6,
028E,
0468,
0653,
084F,
0A59,
0C72,
0E98,
10CA,
1306,
154B,
1798,
19EA,
1C40,
1E99,
20F2,
2349,
259D,
27EC,
2A32,
2C6F,
2EA1,
30C4,
32D8,
34DA,
36C9,
38A2,
3A62,
3C0A,
3D95,
3F04,
4053,
4182,
428F,
4378,
443D,
44DC,
4554,
45A4,
45CD,
45CC,
45A2,
454F,
44D2,
442B,
435C,
4263,
4143,
3FFA,
3E8C,
3CF7,
3B3F,
3963,
3766,
354A,
330F,
30B9,
2E48,
2BC0,
2922,
2670,
23AE,
20DD,
1E00,
1B19,
182C,
153B,
1248,
0F56,
0C68,
0980,
06A2,
03CE,
0109,
FE54,
FBB1,
F923,
F6AC,
F44F,
F20B,
EFE5,
EDDC,
EBF3,
EA2B,
E885,
E702,
E5A3,
E468,
E353,
E263,
E199,
E0F4,
E075,
E01B,
DFE5,
DFD3,
DFE4,
E017,
E06A,
E0DE,
E16F,
E21D,
E2E7,
E3CA,
E4C4,
E5D4,
E6F8,
E82D,
E973,
EAC5,
EC24,
ED8B,
EEFA,
F06E,
F1E5,
F35D,
F4D3,
F647,
F7B6,
F91E,
FA7D,
FBD2,
FD1B,
FE57,
FF85,
00A3,
01B0,
02AC,
0395,
046B,
052E,
05DC,
0677,
06FD,
076F,
07CD,
0817,
084E,
0872,
0884,
0885,
0875,
0856,
0829,
07EF,
07A8,
0757,
06FD,
069A,
0631,
05C3,
0551,
04DD,
0468,
03F3,
0380,
0310,
02A4,
023D,
01DC,
0183,
0133,
00EC,
00AF,
007C,
0055,
003A,
002A,
0027,
0030,
0046,
0067,
0095,
00CD,
0111,
015E,
01B5,
0215,
027C,
02E9,
035C,
03D3,
044D,
04C8,
0542,
05BB,
0631,
06A2,
070D,
0771,
07CB,
081A,
085D,
0892,
08B8,
08CE,
08D1,
08C2,
089E,
0865,
0816,
07B1,
0733,
069E,
05F0,
052A,
044A,
0352,
0241,
0118,
FFD7,
FE7E,
FD0F,
FB8B,
F9F2,
F846,
F685,
F4B4,
F2D4,
F0E7,
EEEE,
ECEC,
EAE2,
E8D3,
E6C1,
E4AE,
E29C,
E08E,
DE86,
DC86,
DA90,
D8A8,
D6CE,
D506,
D352,
D1B3,
D02C,
CEBF,
CD6D,
CC38,
CB22,
CA2D,
C958,
C8A6,
C818,
C7AE,
C76A,
C74B,
C752,
C77F,
C7D2,
C84A,
C8E7,
C9A8,
CA8D,
CB95,
CCBE,
CE06,
CF6D,
D0F0,
D28F,
D446,
D614,
D7F6,
D9EA,
DBEE,
DE00,
E01B,
E23F,
E468,
E693,
E8BE,
EAE6,
ED09,
EF22,
F131,
F333,
F524,
F702,
F8CC,
FA81,
FC1D,
FD9D,
FF01,
0046,
016B,
026E,
034F,
040C,
04A4,
0518,
0566,
058E,
0591,
056E,
0526,
04BA,
042A,
0377,
02A3,
01AF,
009B,
FF6B,
FE20,
FCBB,
FB3F,
F9AE,
F80B,
F657,
F496,
F2C9,
F0F3,
EF19,
ED3C,
EB5D,
E981,
E7AA,
E5D9,
E413,
E258,
E0AC,
DF11,
DD8A,
DC17,
DABB,
D978,
D850,
D744,
D655,
D585,
D4D4,
D444,
D3D5,
D387,
D35B,
D350,
D367,
D39F,
D3F8,
D471,
D509,
D5BF,
D693,
D781,
D889,
D9A9,
DAE0,
DC2C,
DD8C,
DEFB,
E07A,
E206,
E39B,
E539,
E6DC,
E882,
EA2A,
EBD0,
ED72,
EF0F,
F0A3,
F22D,
F3AB,
F51B,
F67B,
F7CA,
F905,
FA2B,
FB3C,
FC35,
FD17,
FDDF,
FE8E,
FF24,
FF9F,
0000,
0045,
0071,
0083,
007C,
005D,
0027,
FFDB,
FF7B,
FF07,
FE81,
FDEA,
FD46,
FC94,
FBD8,
FB12,
FA46,
F975,
F8A2,
F7CE,
F6FB,
F62D,
F564,
F4A4,
F3ED,
F343,
F2A7,
F21A,
F19F,
F138,
F0E5,
F0A8,
F083,
F077,
F084,
F0AC,
F0EE,
F14C,
F1C5,
F259,
F30A,
F3D5,
F4BC,
F5BC,
F6D7,
F80A,
F954,
FAB4,
FC2A,
FDB2,
FF4D,
00F7,
02AE,
0472,
063F,
0814,
09EE,
0BCA,
0DA7,
0F83,
1159,
1329,
14F0,
16AC,
1859,
19F8,
1B83,
1CFB,
1E5C,
1FA5,
20D4,
21E7,
22DE,
23B5,
246D,
2505,
257B,
25CE,
2600,
260E,
25FA,
25C2,
2569,
24ED,
2451,
2394,
22B8,
21BE,
20A7,
1F76,
1E2C,
1CCB,
1B55,
19CD,
1833,
168C,
14DA,
1320,
115F,
0F9C,
0DD8,
0C16,
0A59,
08A3,
06F8,
055B,
03CD,
0251,
00EA,
FF9B,
FE64,
FD49,
FC4C,
FB6E,
FAB1,
FA16,
F99F,
F94D,
F921,
F91B,
F93D,
F985,
F9F5,
FA8D,
FB4B,
FC30,
FD3A,
FE69,
FFBC,
0130,
02C5,
047A,
064B,
0837,
0A3B,
0C56,
0E85,
10C5,
1313,
156D,
17CF,
1A37,
1CA2,
1F0D,
2174,
23D4,
262B,
2875,
2AAF,
2CD7,
2EE9,
30E3,
32C2,
3484,
3625,
37A4,
38FE,
3A32,
3B3D,
3C1F,
3CD4,
3D5B,
3DB5,
3DDE,
3DD9,
3DA3,
3D3C,
3CA5,
3BDD,
3AE5,
39BD,
3867,
36E3,
3533,
3357,
3151,
2F23,
2CCF,
2A56,
27BC,
2501,
222A,
1F37,
1C2C,
190B,
15D8,
1294,
0F43,
0BE8,
0885,
051E,
01B5,
FE4C,
FAE9,
F78D,
F439,
F0F1,
EDB8,
EA8F,
E779,
E479,
E190,
DEC0,
DC0C,
D975,
D6FC,
D4A3,
D26C,
D056,
CE64,
CC96,
CAEC,
C968,
C809,
C6CF,
C5BA,
C4CB,
C400,
C35A,
C2D8,
C279,
C23C,
C220,
C224,
C248,
C289,
C2E6,
C35E,
C3EF,
C499,
C558,
C62C,
C713,
C80B,
C913,
CA29,
CB4A,
CC77,
CDAC,
CEE9,
D02C,
D174,
D2BE,
D40A,
D557,
D6A2,
D7EC,
D932,
DA75,
DBB3,
DCEB,
DE1C,
DF47,
E06A,
E185,
E298,
E3A1,
E4A3,
E59B,
E68A,
E770,
E84D,
E921,
E9ED,
EAB0,
EB6C,
EC20,
ECCC,
ED72,
EE12,
EEAB,
EF40,
EFCF,
F05B,
F0E2,
F167,
F1E9,
F268,
F2E6,
F362,
F3DE,
F459,
F4D4,
F54E,
F5CA,
F646,
F6C3,
F740,
F7BF,
F840,
F8C2,
F945,
F9C9,
FA4D,
FAD2,
FB58,
FBDE,
FC64,
FCE9,
FD6E,
FDF1,
FE74,
FEF4,
FF73,
FFEF,
0068,
00DD,
014F,
01BD,
0226,
028B,
02EA,
0343,
0396,
03E3,
042A,
046A,
04A2,
04D4,
04FE,
0520,
053B,
054F,
055B,
0560,
055D,
0552,
0540,
0527,
0507,
04E0,
04B2,
047F,
0445,
0405,
03C1,
0377,
0328,
02D6,
027F,
0225,
01C9,
0169,
0107,
00A4,
003E,
FFD8,
FF71,
FF0A,
FEA2,
FE3A,
FDD3,
FD6C,
FD08,
FCA5,
FC44,
FBE3,
FB84,
FB26,
FAC9,
FA6D,
FA12,
F9B8,
F95F,
F907,
F8AF,
F856,
F7FE,
F7A5,
F74C,
F6F1,
F695,
F636,
F5D6,
F573,
F50D,
F4A5,
F438,
F3C8,
F353,
F2DA,
F25C,
F1DA,
F152,
F0C6,
F034,
EF9D,
EF01,
EE5F,
EDB9,
ED0E,
EC5F,
EBAB,
EAF4,
EA39,
E97B,
E8BA,
E7F8,
E735,
E671,
E5AD,
E4EA,
E429,
E36B,
E2B1,
E1FB,
E14B,
E0A2,
E001,
DF68,
DEDA,
DE56,
DDDF,
DD75,
DD19,
DCCD,
DC91,
DC66,
DC4E,
DC49,
DC58,
DC7C,
DCB6,
DD06,
DD6E,
DDEC,
DE83,
DF32,
DFF9,
E0D9,
E1D1,
E2E2,
E40C,
E54D,
E6A7,
E818,
E99F,
EB3D,
ECF0,
EEB7,
F092,
F27F,
F47D,
F68B,
F8A9,
FAD3,
FD09,
FF49,
0192,
03E3,
0638,
0892,
0AED,
0D48,
0FA2,
11F9,
144A,
1694,
18D5,
1B0C,
1D36,
1F53,
2160,
235C,
2546,
271B,
28DC,
2A85,
2C17,
2D90,
2EEF,
3033,
315B,
3267,
3356,
3428,
34DC,
3573,
35EB,
3645,
3681,
369C,
3699,
367A,
363F,
35E7,
3575,
34E8,
3443,
3385,
32B0,
31C6,
30C7,
2FB4,
2E90,
2D5B,
2C17,
2AC6,
2968,
2800,
268F,
2517,
2398,
2216,
2090,
1F09,
1D82,
1BFD,
1A7A,
18FC,
1783,
1611,
14A7,
1344,
11EC,
109E,
0F5C,
0E26,
0CFD,
0BE2,
0AD5,
09D7,
08E7,
0807,
0737,
0676,
05C4,
0522,
048F,
040C,
0397,
0331,
02D9,
028F,
0252,
0222,
01FE,
01E5,
01D7,
01D3,
01D8,
01E6,
01FC,
0219,
023D,
0268,
0298,
02CD,
0304,
033F,
037C,
03BA,
03F8,
0438,
0477,
04B5,
04F2,
052E,
0568,
05A0,
05D6,
0609,
063A,
0668,
0693,
06BB,
06E0,
0703,
0722,
073F,
075A,
0772,
0788,
079C,
07AF,
07C0,
07CF,
07DD,
07EB,
07F8,
0804,
080F,
081A,
0825,
0831,
083C,
0847,
0853,
085F,
086B,
0877,
0883,
088F,
089B,
08A7,
08B2,
08BC,
08C4,
08CB,
08D0,
08D2,
08D1,
08CD,
08C4,
08B8,
08A6,
088E,
0870,
084B,
081D,
07E7,
07A8,
0760,
070E,
06B1,
064A,
05D7,
0558,
04CD,
0435,
0391,
02E0,
0221,
0155,
007B,
FF95,
FEA0,
FD9F,
FC91,
FB76,
FA4F,
F91C,
F7DE,
F695,
F542,
F3E6,
F281,
F114,
EFA1,
EE28,
ECAA,
EB29,
E9A6,
E821,
E69C,
E519,
E397,
E21A,
E0A1,
DF2E,
DDC3,
DC60,
DB07,
D9B9,
D878,
D744,
D61E,
D509,
D404,
D310,
D22F,
D162,
D0A8,
D004,
CF74,
CEFB,
CE98,
CE4B,
CE16,
CDF7,
CDF0,
CDFF,
CE25,
CE63,
CEB8,
CF22,
CFA2,
D036,
D0DF,
D19A,
D268,
D346,
D435,
D533,
D63F,
D758,
D87B,
D9A9,
DADF,
DC1C,
DD5F,
DEA6,
DFF0,
E13A,
E285,
E3CE,
E513,
E654,
E78E,
E8C2,
E9EC,
EB0C,
EC22,
ED2B,
EE26,
EF13,
EFF1,
F0BE,
F17B,
F226,
F2BF,
F346,
F3BB,
F41C,
F46B,
F4A7,
F4D0,
F4E7,
F4EC,
F4DF,
F4C1,
F493,
F455,
F409,
F3AE,
F348,
F2D5,
F258,
F1D2,
F144,
F0B0,
F016,
EF79,
EEDA,
EE3A,
ED9B,
ECFE,
EC67,
EBD6,
EB4B,
EAC9,
EA50,
E9E3,
E982,
E92F,
E8EB,
E8B7,
E894,
E884,
E887,
E89F,
E8CB,
E90C,
E964,
E9D2,
EA57,
EAF4,
EBA7,
EC72,
ED54,
EE4E,
EF5E,
F084,
F1C0,
F312,
F478,
F5F2,
F77F,
F91E,
FACD,
FC8C,
FE5A,
0035,
021C,
040D,
0608,
080A,
0A12,
0C1F,
0E2F,
1041,
1252,
1461,
166D,
1874,
1A75,
1C6D,
1E5C,
2040,
2218,
23E1,
259B,
2745,
28DD,
2A61,
2BD2,
2D2D,
2E72,
2FA0,
30B6,
31B4,
3296,
335F,
340E,
34A2,
351A,
3578,
35BA,
35E0,
35EA,
35D9,
35AC,
3564,
3501,
3483,
33EB,
3339,
326E,
318B,
3090,
2F7E,
2E55,
2D18,
2BC6,
2A61,
28EA,
2761,
25C9,
2422,
226D,
20AC,
1EE0,
1D0B,
1B2D,
1948,
175D,
156E,
137D,
118B,
0F98,
0DA7,
0BB9,
09D0,
07EC,
060F,
043A,
026F,
00AF,
FEFC,
FD56,
FBBE,
FA36,
F8BF,
F75A,
F608,
F4CA,
F3A1,
F28E,
F190,
F0AA,
EFDC,
EF27,
EE8A,
EE07,
ED9E,
ED4D,
ED17,
ECFC,
ECFC,
ED16,
ED4B,
ED9B,
EE06,
EE8B,
EF2B,
EFE4,
F0B7,
F1A3,
F2A7,
F3C3,
F4F7,
F641,
F7A0,
F915,
FA9D,
FC38,
FDE5,
FFA2,
016F,
034B,
0533,
0728,
0926,
0B2E,
0D3D,
0F53,
116C,
1389,
15A6,
17C4,
19DF,
1BF7,
1E0A,
2015,
2218,
2411,
25FD,
27DC,
29AA,
2B68,
2D12,
2EA8,
3028,
318F,
32DE,
3411,
3527,
3620,
36F9,
37B2,
384A,
38BE,
390E,
393A,
3940,
391F,
38D8,
3869,
37D2,
3711,
3628,
3517,
33DE,
327D,
30F5,
2F46,
2D70,
2B76,
2959,
2718,
24B6,
2235,
1F95,
1CDA,
1A04,
1716,
1413,
10FC,
0DD4,
0A9E,
075D,
0413,
00C3,
FD71,
FA1F,
F6D0,
F387,
F048,
ED15,
E9F3,
E6E3,
E3E9,
E108,
DE43,
DB9C,
D917,
D6B5,
D47A,
D267,
D080,
CEC5,
CD39,
CBDD,
CAB4,
C9BD,
C8FA,
C86C,
C813,
C7F0,
C802,
C84A,
C8C6,
C977,
CA5A,
CB70,
CCB5,
CE2A,
CFCB,
D196,
D38A,
D5A3,
D7DF,
DA3A,
DCB3,
DF46,
E1EE,
E4A8,
E771,
EA45,
ED20,
EFFF,
F2DD,
F5B7,
F889,
FB4F,
FE06,
00AB,
0339,
05AF,
0807,
0A40,
0C58,
0E4A,
1015,
11B7,
132E,
1478,
1594,
1681,
173E,
17CB,
1827,
1852,
184D,
1818,
17B3,
1721,
1662,
1578,
1465,
132C,
11CF,
104F,
0EB1,
0CF7,
0B24,
093B,
073F,
0535,
031F,
0102,
FEE0,
FCBD,
FA9D,
F883,
F673,
F470,
F27D,
F09D,
EED4,
ED24,
EB90,
EA1A,
E8C4,
E791,
E681,
E597,
E4D6,
E43D,
E3CC,
E383,
E364,
E36E,
E3A0,
E3FA,
E47B,
E522,
E5ED,
E6DA,
E7E8,
E915,
EA5E,
EBC1,
ED3A,
EEC9,
F068,
F216,
F3D0,
F591,
F758,
F920,
FAE7,
FCAA,
FE64,
0014,
01B6,
0348,
04C5,
062D,
077E,
08B5,
09CE,
0AC9,
0BA4,
0C5C,
0CF2,
0D64,
0DB1,
0DD9,
0DDC,
0DB9,
0D71,
0D05,
0C74,
0BC1,
0AED,
09F9,
08E6,
07B7,
066E,
050D,
0397,
020D,
0073,
FECC,
FD1B,
FB62,
F9A4,
F7E5,
F629,
F471,
F2C1,
F11C,
EF86,
EE00,
EC8F,
EB34,
E9F3,
E8CD,
E7C5,
E6DC,
E615,
E572,
E4F3,
E49A,
E469,
E45F,
E47D,
E4C4,
E533,
E5CB,
E68B,
E772,
E880,
E9B3,
EB0B,
EC84,
EE1F,
EFD9,
F1AF,
F3A1,
F5AA,
F7CA,
F9FD,
FC41,
FE93,
00EF,
0354,
05BE,
0829,
0A94,
0CFB,
0F5B,
11B1,
13FA,
1634,
185C,
1A6F,
1C6B,
1E4E,
2016,
21C0,
234B,
24B6,
25FE,
2723,
2824,
2900,
29B7,
2A48,
2AB2,
2AF7,
2B16,
2B11,
2AE7,
2A9B,
2A2E,
299F,
28F2,
2826,
273F,
263E,
2526,
23F8,
22B7,
2165,
2005,
1E9A,
1D26,
1BAB,
1A2D,
18AE,
1731,
15B8,
1445,
12DD,
1180,
1031,
0EF2,
0DC6,
0CAF,
0BAD,
0AC4,
09F4,
093E,
08A5,
0828,
07CA,
078A,
0768,
0766,
0782,
07BC,
0815,
088A,
091C,
09C9,
0A90,
0B6F,
0C66,
0D71,
0E90,
0FC0,
10FE,
124A,
13A0,
14FE,
1661,
17C7,
192D,
1A91,
1BF0,
1D47,
1E94,
1FD4,
2105,
2225,
2331,
2427,
2503,
25C5,
266D,
26F7,
2763,
27AF,
27DB,
27E5,
27CE,
2794,
2737,
26B9,
2618,
2555,
2471,
236D,
2249,
2109,
1FAB,
1E34,
1CA3,
1AFC,
1941,
1773,
1596,
13AB,
11B7,
0FBB,
0DBA,
0BB7,
09B5,
07B8,
05C2,
03D6,
01F6,
0027,
FE69,
FCC1,
FB30,
F9B9,
F85F,
F723,
F607,
F50E,
F439,
F389,
F300,
F29E,
F265,
F254,
F26D,
F2AF,
F31A,
F3AE,
F469,
F54B,
F654,
F781,
F8D0,
FA41,
FBD1,
FD7E,
FF45,
0124,
031A,
0522,
0739,
095D,
0B89,
0DBC,
0FF1,
1225,
1456,
167E,
189D,
1AAD,
1CAC,
1E96,
206A,
2223,
23BF,
253B,
2696,
27CC,
28DB,
29C1,
2A7E,
2B0E,
2B72,
2BA7,
2BAE,
2B85,
2B2C,
2AA3,
29EA,
2902,
27EB,
26A6,
2535,
2398,
21D1,
1FE3,
1DCE,
1B96,
193C,
16C2,
142D,
117D,
0EB7,
0BDD,
08F2,
05F9,
02F5,
FFEA,
FCDA,
F9CA,
F6BC,
F3B2,
F0B2,
EDBC,
EAD5,
E7FE,
E53B,
E28F,
DFFB,
DD82,
DB26,
D8E9,
D6CF,
D4D7,
D303,
D154,
CFCA,
CE66,
CD28,
CC12,
CB22,
CA59,
C9B6,
C938,
C8E0,
C8AB,
C898,
C8A7,
C8D5,
C920,
C988,
CA0A,
CAA4,
CB53,
CC16,
CCE9,
CDCC,
CEBA,
CFB2,
D0B1,
D1B5,
D2BB,
D3C0,
D4C3,
D5C0,
D6B6,
D7A3,
D884,
D958,
DA1D,
DAD0,
DB72,
DC00,
DC79,
DCDC,
DD29,
DD5F,
DD7C,
DD82,
DD70,
DD46,
DD04,
DCAB,
DC3B,
DBB5,
DB1B,
DA6D,
D9AC,
D8DA,
D7F8,
D709,
D60D,
D506,
D3F7,
D2E1,
D1C6,
D0A9,
CF8C,
CE6F,
CD56,
CC42,
CB35,
CA31,
C938,
C84C,
C76E,
C69F,
C5E2,
C538,
C4A1,
C41F,
C3B2,
C35C,
C31D,
C2F5,
C2E5,
C2ED,
C30C,
C343,
C391,
C3F5,
C46F,
C4FE,
C5A1,
C656,
C71D,
C7F4,
C8D9,
C9CC,
CACB,
CBD3,
CCE2,
CDF8,
CF11,
D02C,
D148,
D261,
D377,
D486,
D58F,
D68D,
D781,
D868,
D941,
DA0A,
DAC1,
DB67,
DBF9,
DC77,
DCE0,
DD33,
DD6F,
DD96,
DDA5,
DD9E,
DD81,
DD4E,
DD05,
DCA7,
DC35,
DBAC,
DB12,
DA66,
D9AC,
D8E4,
D811,
D733,
D64D,
D561,
D471,
D37F,
D28E,
D19E,
D0B4,
CFD1,
CEF7,
CE28,
CD67,
CCB5,
CC16,
CB8A,
CB13,
CAB5,
CA6F,
CA44,
CA35,
CA43,
CA6F,
CABB,
CB26,
CBB2,
CC60,
CD2D,
CE1B,
CF2B,
D05B,
D1AA,
D319,
D4A7,
D651,
D817,
D9F8,
DBF1,
DE01,
E026,
E25D,
E4A6,
E6FD,
E95F,
EBCC,
EE3F,
F0B6,
F32F,
F5A7,
F81B,
FA89,
FCEE,
FF47,
0192,
03CC,
05F4,
0805,
09FF,
0BE0,
0DA4,
0F4B,
10D3,
123A,
1380,
14A3,
15A3,
167E,
1735,
17C6,
1833,
187A,
189C,
189B,
1875,
182E,
17C4,
173B,
1693,
15CD,
14ED,
13F3,
12E1,
11BB,
1081,
0F37,
0DE0,
0C7C,
0B10,
099D,
0826,
06AE,
0537,
03C4,
0257,
00F4,
FF9B,
FE4F,
FD13,
FBE8,
FAD0,
F9CD,
F8E1,
F80C,
F751,
F6AF,
F628,
F5BC,
F56C,
F537,
F51E,
F521,
F53F,
F577,
F5C9,
F634,
F6B5,
F74D,
F7F9,
F8B7,
F986,
FA63,
FB4D,
FC42,
FD3E,
FE40,
FF44,
0049,
014C,
024A,
0341,
042E,
050E,
05DF,
069F,
074B,
07E2,
0860,
08C5,
090E,
0939,
0946,
0932,
08FE,
08A7,
082D,
0790,
06D0,
05EC,
04E4,
03BA,
026D,
00FF,
FF71,
FDC4,
FBF9,
FA11,
F80F,
F5F5,
F3C7,
F185,
EF33,
ECD4,
EA6B,
E7FA,
E585,
E30F,
E09A,
DE2B,
DBC4,
D96A,
D71E,
D4E4,
D2C0,
D0B4,
CEC3,
CCF1,
CB40,
C9B2,
C84A,
C70A,
C5F5,
C50B,
C450,
C3C3,
C367,
C33B,
C342,
C37C,
C3E8,
C486,
C556,
C657,
C788,
C8E8,
CA75,
CC2E,
CE11,
D01C,
D24C,
D49F,
D711,
D9A1,
DC4A,
DF0A,
E1DD,
E4BF,
E7AE,
EAA5,
EDA0,
F09C,
F395,
F688,
F96F,
FC49,
FF11,
01C3,
045C,
06DA,
0938,
0B75,
0D8E,
0F7F,
1146,
12E1,
144E,
158B,
1696,
1770,
1816,
1889,
18C8,
18D2,
18AA,
184E,
17C0,
1702,
1614,
14F9,
13B2,
1242,
10AB,
0EF0,
0D14,
0B19,
0905,
06D8,
0499,
0249,
FFEE,
FD8B,
FB23,
F8BD,
F65B,
F401,
F1B3,
EF75,
ED4B,
EB38,
E941,
E768,
E5B2,
E421,
E2B9,
E17C,
E06C,
DF8E,
DEE1,
DE69,
DE27,
DE1C,
DE49,
DEAF,
DF4E,
E027,
E13A,
E285,
E408,
E5C2,
E7B2,
E9D6,
EC2C,
EEB2,
F166,
F446,
F74F,
FA7C,
FDCB,
0137,
04BE,
085C,
0C0C,
0FCB,
1394,
1763,
1B35,
1F05,
22CF,
268F,
2A40,
2DDF,
3167,
34D6,
3826,
3B55,
3E5F,
4141,
43F8,
4681,
48DA,
4B00,
4CF0,
4EAA,
502C,
5174,
5281,
5353,
53E9,
5443,
5460,
5441,
53E8,
5354,
5286,
5181,
5046,
4ED7,
4D36,
4B66,
4968,
4740,
44F1,
427D,
3FE8,
3D35,
3A67,
3783,
348B,
3183,
2E6F,
2B52,
2830,
250C,
21EA,
1ECD,
1BB9,
18B0,
15B7,
12CF,
0FFB,
0D3E,
0A9B,
0813,
05AA,
0360,
0138,
FF32,
FD51,
FB95,
F9FF,
F890,
F748,
F627,
F52E,
F45B,
F3AE,
F328,
F2C6,
F287,
F26B,
F271,
F295,
F2D7,
F335,
F3AD,
F43C,
F4E1,
F599,
F662,
F739,
F81C,
F908,
F9FC,
FAF4,
FBEF,
FCEB,
FDE4,
FED9,
FFC8,
00AE,
018B,
025B,
031E,
03D2,
0475,
0507,
0587,
05F2,
064A,
068D,
06BB,
06D4,
06D7,
06C6,
06A0,
0665,
0617,
05B7,
0544,
04C1,
042E,
038D,
02E0,
0227,
0165,
009B,
FFCB,
FEF7,
FE21,
FD4A,
FC76,
FBA4,
FAD9,
FA15,
F95A,
F8AA,
F806,
F772,
F6ED,
F67A,
F61A,
F5CE,
F597,
F576,
F56D,
F57C,
F5A3,
F5E3,
F63D,
F6AF,
F73B,
F7E1,
F89F,
F975,
FA63,
FB68,
FC83,
FDB3,
FEF6,
004C,
01B1,
0326,
04A8,
0636,
07CD,
096C,
0B10,
0CB7,
0E60,
1009,
11AE,
134E,
14E7,
1676,
17FA,
1970,
1AD7,
1C2C,
1D6D,
1E9A,
1FAF,
20AC,
218F,
2257,
2302,
2390,
2400,
2451,
2482,
2492,
2482,
2451,
23FF,
238C,
22F9,
2246,
2173,
2082,
1F73,
1E47,
1D00,
1B9F,
1A24,
1892,
16EA,
152F,
1361,
1182,
0F95,
0D9C,
0B98,
098C,
0779,
0563,
034A,
0131,
FF1A,
FD07,
FAFB,
F8F6,
F6FB,
F50C,
F32A,
F156,
EF93,
EDE2,
EC44,
EABB,
E947,
E7EB,
E6A5,
E579,
E465,
E36B,
E28A,
E1C4,
E119,
E087,
E010,
DFB3,
DF6E,
DF43,
DF30,
DF35,
DF50,
DF81,
DFC6,
E01F,
E08A,
E106,
E18F,
E226,
E2C9,
E377,
E42F,
E4EF,
E5B5,
E680,
E74E,
E81E,
E8EE,
E9BD,
EA8A,
EB53,
EC16,
ECD4,
ED89,
EE36,
EEDA,
EF73,
F001,
F082,
F0F7,
F15F,
F1B9,
F206,
F244,
F274,
F297,
F2AB,
F2B1,
F2AA,
F296,
F275,
F248,
F210,
F1CD,
F181,
F12C,
F0D0,
F06D,
F004,
EF97,
EF26,
EEB4,
EE41,
EDCF,
ED5E,
ECF1,
EC88,
EC24,
EBC8,
EB74,
EB29,
EAE8,
EAB4,
EA8C,
EA71,
EA66,
EA6A,
EA7E,
EAA4,
EADB,
EB25,
EB83,
EBF4,
EC79,
ED12,
EDC0,
EE81,
EF56,
F040,
F13D,
F24E,
F372,
F4A8,
F5F1,
F74B,
F8B6,
FA30,
FBBA,
FD52,
FEF7,
00A8,
0264,
0429,
05F8,
07CD,
09A9,
0B89,
0D6D,
0F53,
113A,
1321,
1505,
16E6,
18C0,
1A95,
1C62,
1E27,
1FE3,
2194,
2339,
24D2,
265C,
27D8,
2944,
2AA0,
2BEA,
2D21,
2E46,
2F58,
3055,
313D,
3211,
32D0,
3379,
340C,
3489,
34F1,
3543,
357F,
35A6,
35B8,
35B5,
359E,
3572,
3533,
34E0,
347B,
3404,
337C,
32E4,
323C,
3186,
30C3,
2FF2,
2F16,
2E2F,
2D3E,
2C44,
2B41,
2A38,
2928,
2813,
26FA,
25DE,
24BE,
239E,
227C,
215B,
203A,
1F1B,
1DFE,
1CE4,
1BCE,
1ABC,
19AF,
18A8,
17A6,
16AC,
15B9,
14CD,
13E8,
130A,
1235,
1167,
10A0,
0FE2,
0F2C,
0E7D,
0DD6,
0D37,
0C9E,
0C0D,
0B82,
0AFE,
0A7F,
0A07,
0993,
0924,
08B9,
0852,
07EF,
078E,
072F,
06D1,
0675,
0619,
05BE,
0561,
0504,
04A5,
0444,
03E1,
037A,
0310,
02A3,
0231,
01BA,
013E,
00BE,
0037,
FFAC,
FF1A,
FE83,
FDE6,
FD42,
FC99,
FBEB,
FB36,
FA7C,
F9BD,
F8F9,
F831,
F764,
F694,
F5C0,
F4EA,
F412,
F338,
F25D,
F182,
F0A8,
EFCF,
EEF7,
EE23,
ED52,
EC86,
EBBF,
EAFF,
EA47,
E997,
E8F0,
E854,
E7C3,
E73E,
E6C6,
E65C,
E601,
E5B6,
E57B,
E552,
E53B,
E537,
E547,
E56A,
E5A3,
E5F1,
E654,
E6CE,
E75E,
E805,
E8C3,
E998,
EA84,
EB86,
ECA0,
EDD1,
EF19,
F077,
F1EB,
F375,
F513,
F6C7,
F88D,
FA67,
FC52,
FE4F,
005C,
0278,
04A2,
06D8,
091A,
0B66,
0DBB,
1018,
127B,
14E2,
174D,
19B9,
1C26,
1E92,
20FA,
235F,
25BD,
2814,
2A62,
2CA6,
2EDE,
3109,
3325,
3531,
372C,
3914,
3AE8,
3CA7,
3E50,
3FE2,
415B,
42BB,
4401,
452D,
463D,
4730,
4807,
48C1,
495D,
49DB,
4A3B,
4A7D,
4AA0,
4AA5,
4A8C,
4A55,
49FF,
498C,
48FC,
484F,
4786,
46A2,
45A3,
448A,
4358,
420D,
40AA,
3F30,
3DA0,
3BFC,
3A44,
387A,
369E,
34B2,
32B7,
30AE,
2E98,
2C78,
2A4D,
281A,
25DF,
239F,
2159,
1F10,
1CC5,
1A79,
182D,
15E2,
139A,
1156,
0F18,
0CDF,
0AAE,
0886,
0667,
0453,
024B,
004F,
FE60,
FC80,
FAAF,
F8EE,
F73D,
F59E,
F411,
F297,
F131,
EFDE,
EEA0,
ED77,
EC64,
EB66,
EA7F,
E9AF,
E8F5,
E853,
E7C7,
E754,
E6F8,
E6B3,
E687,
E672,
E674,
E68E,
E6C0,
E709,
E76A,
E7E1,
E86E,
E911,
E9C8,
EA95,
EB76,
EC6A,
ED71,
EE8A,
EFB4,
F0EE,
F239,
F391,
F4F8,
F66B,
F7EA,
F973,
FB05,
FC9F,
FE40,
FFE7,
0192,
0340,
04EF,
069F,
084D,
09F8,
0B9F,
0D41,
0EDC,
106F,
11F8,
1376,
14E7,
164A,
179D,
18E0,
1A0F,
1B2C,
1C33,
1D24,
1DFE,
1EBF,
1F66,
1FF3,
2064,
20B9,
20F1,
210B,
2107,
20E4,
20A2,
2040,
1FBF,
1F1E,
1E5E,
1D7E,
1C80,
1B63,
1A28,
18CF,
175B,
15C8,
141C,
1256,
1078,
0E83,
0C7A,
0A5D,
082F,
05F0,
03A4,
014B,
FEE9,
FC7E,
FA0E,
F79A,
F525,
F2B1,
F041,
EDD6,
EB73,
E91A,
E6CE,
E491,
E266,
E04D,
DE4B,
DC60,
DA8F,
D8D9,
D741,
D5C9,
D472,
D33B,
D229,
D13C,
D075,
CFD6,
CF5F,
CF10,
CEEB,
CEF0,
CF1E,
CF77,
CFF9,
D0A4,
D179,
D275,
D399,
D4E3,
D652,
D7E5,
D99A,
DB6F,
DD64,
DF75,
E1A1,
E3E6,
E641,
E8B0,
EB30,
EDBF,
F05B,
F300,
F5AD,
F85D,
FB0F,
FDC0,
006C,
0312,
05AE,
083E,
0AC0,
0D30,
0F8D,
11D3,
1401,
1615,
180D,
19E6,
1B9F,
1D37,
1EAB,
1FFC,
2127,
222C,
2309,
23C0,
244E,
24B5,
24F3,
2509,
24F8,
24C0,
2462,
23DF,
2337,
226C,
217E,
2071,
1F45,
1DFD,
1C99,
1B1D,
198A,
17E3,
1629,
1460,
128A,
10A9,
0EBF,
0CD0,
0ADD,
08E9,
06F7,
050A,
0322,
0144,
FF70,
FDAA,
FBF2,
FA4C,
F8BA,
F73C,
F5D4,
F484,
F34D,
F231,
F130,
F04C,
EF85,
EEDB,
EE4E,
EDDF,
ED8F,
ED5B,
ED45,
ED4C,
ED6F,
EDAE,
EE07,
EE79,
EF04,
EFA6,
F05D,
F127,
F205,
F2F2,
F3EF,
F4F8,
F60D,
F72A,
F84F,
F979,
FAA5,
FBD3,
FD00,
FE2B,
FF50,
006F,
0186,
0292,
0392,
0485,
0569,
063E,
0702,
07B3,
0852,
08DD,
0953,
09B4,
0A00,
0A36,
0A55,
0A5F,
0A53,
0A32,
09FC,
09B1,
0952,
08E0,
085C,
07C7,
0722,
066E,
05AC,
04DE,
0406,
0324,
023B,
014B,
0057,
FF5E,
FE63,
FD69,
FC70,
FB7B,
FA8B,
F9A1,
F8BE,
F7E4,
F714,
F650,
F597,
F4EB,
F44C,
F3BC,
F33B,
F2C8,
F265,
F212,
F1CE,
F199,
F174,
F15D,
F155,
F15A,
F16C,
F18A,
F1B3,
F1E5,
F221,
F264,
F2AD,
F2FA,
F34B,
F39D,
F3F0,
F442,
F491,
F4DB,
F520,
F55E,
F592,
F5BC,
F5DB,
F5EC,
F5EF,
F5E3,
F5C6,
F598,
F557,
F503,
F49C,
F420,
F390,
F2EA,
F230,
F162,
F07E,
EF87,
EE7C,
ED5E,
EC2E,
EAEE,
E99D,
E83D,
E6D0,
E557,
E3D4,
E248,
E0B6,
DF1E,
DD84,
DBEA,
DA51,
D8BB,
D72C,
D5A5,
D428,
D2B8,
D156,
D006,
CEC9,
CDA2,
CC92,
CB9C,
CAC0,
CA02,
C963,
C8E3,
C886,
C84B,
C834,
C841,
C875,
C8CE,
C94E,
C9F5,
CAC2,
CBB7,
CCD1,
CE11,
CF76,
D0FF,
D2AB,
D479,
D666,
D872,
DA9B,
DCDE,
DF39,
E1AB,
E431,
E6C9,
E96F,
EC21,
EEDD,
F1A0,
F467,
F72F,
F9F5,
FCB6,
FF71,
0221,
04C4,
0757,
09D8,
0C45,
0E9A,
10D5,
12F5,
14F7,
16D9,
189B,
1A39,
1BB4,
1D09,
1E39,
1F41,
2022,
20DB,
216B,
21D4,
2215,
222F,
2222,
21EF,
2197,
211B,
207E,
1FBF,
1EE2,
1DE8,
1CD3,
1BA4,
1A60,
1907,
179C,
1622,
149B,
130B,
1174,
0FD9,
0E3C,
0C9F,
0B06,
0972,
07E7,
0666,
04F3,
038F,
023D,
00FE,
FFD4,
FEC2,
FDC9,
FCEA,
FC27,
FB80,
FAF6,
FA8B,
FA3F,
FA11,
FA03,
FA13,
FA43,
FA91,
FAFD,
FB85,
FC2A,
FCE9,
FDC2,
FEB3,
FFBB,
00D8,
0207,
0348,
0497,
05F3,
0759,
08C8,
0A3D,
0BB5,
0D2F,
0EA7,
101C,
118C,
12F4,
1451,
15A3,
16E6,
1819,
193A,
1A47,
1B3F,
1C21,
1CEA,
1D9A,
1E30,
1EAB,
1F0A,
1F4C,
1F72,
1F7C,
1F68,
1F36,
1EE7,
1E7C,
1DF7,
1D56,
1C9D,
1BCB,
1AE3,
19E5,
18D2,
17AE,
1678,
1533,
13E2,
1285,
111F,
0FB1,
0E3E,
0CC9,
0B52,
09DC,
0869,
06FB,
0593,
0434,
02E0,
0198,
005E,
FF33,
FE18,
FD10,
FC1A,
FB39,
FA6C,
F9B6,
F915,
F88B,
F818,
F7BC,
F777,
F749,
F731,
F72F,
F743,
F76C,
F7A8,
F7F8,
F859,
F8CA,
F94B,
F9DA,
FA75,
FB1B,
FBCA,
FC80,
FD3D,
FDFD,
FEC0,
FF84,
0046,
0106,
01C2,
0278,
0326,
03CA,
0464,
04F2,
0573,
05E6,
064A,
069E,
06E2,
0715,
0737,
0747,
0745,
0731,
070B,
06D4,
068B,
0633,
05CA,
0553,
04CE,
043C,
039E,
02F6,
0245,
018D,
00CF,
000C,
FF47,
FE81,
FDBC,
FCFA,
FC3C,
FB84,
FAD4,
FA2E,
F993,
F904,
F884,
F814,
F7B6,
F769,
F730,
F70C,
F6FE,
F705,
F724,
F759,
F7A7,
F80C,
F889,
F91D,
F9C9,
FA8B,
FB63,
FC51,
FD53,
FE68,
FF8F,
00C6,
020D,
0360,
04BF,
0628,
0799,
090F,
0A89,
0C04,
0D7F,
0EF6,
1068,
11D3,
1334,
1488,
15CF,
1706,
182A,
193A,
1A35,
1B17,
1BE0,
1C8E,
1D20,
1D95,
1DEB,
1E22,
1E39,
1E2F,
1E04,
1DB7,
1D4A,
1CBB,
1C0C,
1B3D,
1A4F,
1942,
1818,
16D1,
156F,
13F4,
1262,
10BA,
0EFE,
0D31,
0B55,
096C,
0779,
057D,
037C,
0179,
FF75,
FD73,
FB76,
F981,
F796,
F5B7,
F3E7,
F229,
F07E,
EEE9,
ED6C,
EC08,
EABF,
E994,
E886,
E799,
E6CC,
E621,
E597,
E534,
E4F3,
E4D5,
E4DB,
E503,
E54D,
E5B8,
E644,
E6EF,
E7B8,
E89D,
E99E,
EAB7,
EBE8,
ED2E,
EE87,
EFF1,
F169,
F2EC,
F479,
F60C,
F7A4,
F93D,
FAD4,
FC67,
FDF4,
FF78,
00F0,
025A,
03B4,
04FB,
062D,
074A,
084E,
0938,
0A06,
0AB7,
0B4A,
0BBE,
0C12,
0C46,
0C59,
0C4A,
0C1B,
0BCB,
0B5B,
0ACC,
0A1D,
0952,
086A,
0767,
064B,
0518,
03CF,
0273,
0107,
FF8C,
FE04,
FC74,
FADC,
F940,
F7A3,
F608,
F471,
F2E1,
F15C,
EFE3,
EE79,
ED22,
EBDE,
EAB2,
E99F,
E8A6,
E7CB,
E70F,
E673,
E5FA,
E5A3,
E571,
E564,
E57D,
E5BC,
E622,
E6AE,
E760,
E838,
E935,
EA56,
EB9A,
ED00,
EE87,
F02C,
F1ED,
F3CA,
F5BE,
F7CA,
F9EA,
FC1C,
FE5D,
00A9,
02FF,
055B,
07BA,
0A1A,
0C77,
0ECF,
111F,
1364,
159A,
17C1,
19D4,
1BD2,
1DB7,
1F83,
2133,
22C5,
2438,
2589,
26B8,
27C4,
28AB,
296D,
2A0A,
2A81,
2AD2,
2AFE,
2B05,
2AE7,
2AA6,
2A42,
29BD,
2919,
2856,
2777,
267D,
256B,
2442,
2306,
21B8,
205C,
1EF2,
1D7F,
1C05,
1A86,
1906,
1786,
160A,
1494,
1327,
11C5,
1070,
0F2C,
0DF9,
0CDB,
0BD2,
0AE1,
0A0A,
094D,
08AC,
0828,
07C1,
0779,
074F,
0745,
0759,
078C,
07DD,
084C,
08D8,
097F,
0A41,
0B1D,
0C10,
0D18,
0E35,
0F64,
10A3,
11F0,
1347,
14A8,
160E,
1778,
18E4,
1A4D,
1BB2,
1D11,
1E65,
1FAE,
20E8,
2211,
2327,
2427,
250F,
25DE,
2692,
2728,
27A0,
27F7,
282E,
2842,
2834,
2803,
27AF,
2736,
269B,
25DD,
24FC,
23FA,
22D7,
2196,
2036,
1EBB,
1D26,
1B79,
19B6,
17DF,
15F8,
1403,
1202,
0FF8,
0DE9,
0BD7,
09C6,
07B8,
05B0,
03B2,
01C1,
FFDF,
FE10,
FC56,
FAB4,
F92D,
F7C4,
F67A,
F552,
F44D,
F36F,
F2B7,
F227,
F1C2,
F186,
F176,
F191,
F1D7,
F249,
F2E5,
F3AC,
F49C,
F5B4,
F6F3,
F856,
F9DC,
FB83,
FD49,
FF2A,
0124,
0334,
0558,
078A,
09CA,
0C12,
0E60,
10B0,
12FE,
1546,
1786,
19B9,
1BDC,
1DEB,
1FE3,
21C1,
2382,
2523,
26A0,
27F7,
2927,
2A2B,
2B04,
2BAF,
2C2A,
2C74,
2C8D,
2C74,
2C28,
2BAA,
2AF9,
2A16,
2902,
27BF,
264D,
24AE,
22E3,
20EF,
1ED4,
1C95,
1A33,
17B2,
1515,
125E,
0F92,
0CB2,
09C4,
06C9,
03C5,
00BC,
FDB1,
FAA7,
F7A2,
F4A5,
F1B4,
EED0,
EBFD,
E93E,
E695,
E405,
E18F,
DF36,
DCFC,
DAE2,
D8E9,
D714,
D562,
D3D5,
D26B,
D127,
D006,
CF0A,
CE32,
CD7D,
CCEA,
CC78,
CC26,
CBF2,
CBDB,
CBE0,
CBFD,
CC32,
CC7D,
CCDB,
CD4A,
CDC8,
CE53,
CEE9,
CF88,
D02D,
D0D7,
D183,
D22F,
D2DB,
D383,
D426,
D4C3,
D559,
D5E5,
D668,
D6DF,
D74B,
D7AA,
D7FC,
D840,
D876,
D89E,
D8B8,
D8C4,
D8C2,
D8B2,
D896,
D86D,
D838,
D7F8,
D7AE,
D75A,
D6FD,
D698,
D62D,
D5BC,
D545,
D4CB,
D44D,
D3CD,
D34B,
D2C9,
D247,
D1C6,
D149,
D0CD,
D054,
CFDE,
CF6C,
CEFE,
CE93,
CE2D,
CDCC,
CD6F,
CD16,
CCC2,
CC72,
CC26,
CBDE,
CB9A,
CB59,
CB1C,
CAE2,
CAAB,
CA77,
CA46,
CA16,
C9EA,
C9BF,
C997,
C970,
C94D,
C92B,
C90D,
C8F1,
C8D9,
C8C5,
C8B5,
C8AA,
C8A5,
C8A5,
C8AC,
C8BB,
C8D2,
C8F2,
C91C,
C951,
C991,
C9DF,
CA3A,
CAA3,
CB1C,
CBA4,
CC3D,
CCE8,
CDA4,
CE73,
CF55,
D04A,
D152,
D26D,
D39C,
D4DD,
D632,
D799,
D911,
DA9B,
DC35,
DDDC,
DF90,
E152,
E31F,
E4F6,
E6D5,
E8BA,
EAA4,
EC91,
EE7F,
F06B,
F254,
F438,
F614,
F7E7,
F9AE,
FB67,
FD10,
FEA7,
002B,
0199,
02F1,
042F,
0553,
065C,
0749,
0818,
08C8,
095A,
09CD,
0A20,
0A53,
0A67,
0A5B,
0A31,
09E9,
0985,
0905,
086C,
07B9,
06F0,
0611,
0520,
041D,
030C,
01EF,
00C7,
FF97,
FE63,
FD2C,
FBF5,
FAC1,
F992,
F86B,
F74D,
F63C,
F53A,
F449,
F36A,
F2A1,
F1EE,
F153,
F0D2,
F06C,
F020,
EFF1,
EFE0,
EFEC,
F017,
F060,
F0C7,
F14C,
F1EE,
F2AC,
F386,
F479,
F586,
F6A9,
F7E3,
F92F,
FA8E,
FBFC,
FD77,
FEFE,
008D,
0222,
03BC,
0556,
06F0,
0885,
0A14,
0B9B,
0D16,
0E84,
0FE2,
112E,
1266,
1389,
1493,
1584,
165B,
1714,
17B0,
182E,
188B,
18C8,
18E5,
18E0,
18B9,
1871,
1807,
177C,
16D1,
1606,
151B,
1412,
12ED,
11AB,
104F,
0ED9,
0D4D,
0BAA,
09F4,
082C,
0653,
046C,
0279,
007C,
FE77,
FC6D,
FA5F,
F84F,
F63F,
F431,
F228,
F025,
EE2A,
EC39,
EA54,
E87C,
E6B3,
E4FB,
E354,
E1C0,
E041,
DED7,
DD84,
DC48,
DB24,
DA19,
D927,
D84F,
D791,
D6EE,
D665,
D5F6,
D5A2,
D568,
D548,
D541,
D552,
D57C,
D5BD,
D616,
D685,
D709,
D7A2,
D84F,
D90E,
D9DF,
DABF,
DBAF,
DCAD,
DDB7,
DECD,
DFEC,
E114,
E243,
E378,
E4B1,
E5ED,
E72B,
E869,
E9A6,
EAE1,
EC18,
ED4A,
EE76,
EF9A,
F0B5,
F1C7,
F2CD,
F3C9,
F4B8,
F599,
F66A,
F72C,
F7DD,
F87D,
F90B,
F987,
F9EF,
FA44,
FA85,
FAB1,
FACA,
FACE,
FABD,
FA98,
FA5F,
FA11,
F9B0,
F93B,
F8B3,
F819,
F76D,
F6AF,
F5E1,
F503,
F416,
F31B,
F214,
F100,
EFE2,
EEBC,
ED8D,
EC57,
EB1B,
E9DB,
E897,
E751,
E60A,
E4C4,
E37F,
E23F,
E103,
DFCD,
DE9E,
DD79,
DC5D,
DB4D,
DA49,
D953,
D86C,
D795,
D6CF,
D61B,
D57A,
D4ED,
D473,
D40F,
D3C1,
D389,
D368,
D35D,
D36A,
D391,
D3CE,
D423,
D490,
D514,
D5AF,
D660,
D728,
D806,
D8F9,
DA00,
DB1C,
DC4A,
DD8B,
DEDE,
E040,
E1B3,
E333,
E4C1,
E65B,
E800,
E9AF,
EB67,
ED25,
EEEA,
F0B4,
F281,
F451,
F621,
F7F2,
F9C1,
FB8D,
FD57,
FF1B,
00DA,
0291,
043F,
05E4,
077F,
090E,
0A92,
0C08,
0D71,
0ECC,
1017,
1154,
1280,
139C,
14A8,
15A3,
168D,
1766,
182D,
18E4,
1989,
1A1D,
1AA1,
1B14,
1B76,
1BC9,
1C0C,
1C40,
1C66,
1C7D,
1C87,
1C84,
1C74,
1C59,
1C33,
1C02,
1BC8,
1B85,
1B3B,
1AE9,
1A91,
1A34,
19D1,
196B,
1902,
1896,
1829,
17BB,
174D,
16DF,
1672,
1608,
159F,
1539,
14D7,
1478,
141D,
13C7,
1375,
1328,
12E1,
129E,
1260,
1228,
11F4,
11C5,
119C,
1177,
1156,
1139,
1120,
110A,
10F7,
10E6,
10D6,
10C8,
10BA,
10AC,
109D,
108C,
1079,
1063,
1049,
102A,
1006,
0FDD,
0FAC,
0F74,
0F34,
0EEC,
0E9A,
0E3E,
0DD8,
0D66,
0CEA,
0C61,
0BCC,
0B2A,
0A7C,
09C1,
08FA,
0825,
0744,
0656,
055C,
0456,
0344,
0227,
00FF,
FFCE,
FE93,
FD4F,
FC03,
FAB1,
F959,
F7FB,
F69A,
F536,
F3D0,
F269,
F103,
EF9F,
EE3E,
ECE1,
EB8A,
EA3A,
E8F0,
E7AF,
E679,
E54F,
E431,
E322,
E223,
E134,
E056,
DF8B,
DED4,
DE30,
DDA2,
DD2A,
DCC8,
DC7D,
DC4A,
DC2E,
DC2B,
DC3F,
DC6D,
DCB2,
DD10,
DD86,
DE13,
DEB8,
DF73,
E045,
E12C,
E227,
E336,
E458,
E58D,
E6D2,
E827,
E989,
EAF8,
EC73,
EDF7,
EF83,
F115,
F2AC,
F447,
F5E3,
F77F,
F919,
FAAF,
FC41,
FDCB,
FF4C,
00C4,
022F,
038E,
04DD,
061C,
074A,
0865,
096C,
0A5E,
0B3A,
0BFE,
0CAB,
0D40,
0DBB,
0E1F,
0E69,
0E98,
0EAE,
0EA8,
0E89,
0E4F,
0DFC,
0D90,
0D0B,
0C6E,
0BB9,
0AEF,
0A0F,
091B,
0813,
06FA,
05D1,
0498,
0352,
01FF,
00A2,
FF3C,
FDCE,
FC5B,
FAE3,
F96A,
F7EF,
F675,
F4FD,
F38A,
F21C,
F0B6,
EF59,
EE05,
ECBD,
EB81,
EA53,
E933,
E823,
E724,
E637,
E55B,
E492,
E3DD,
E33B,
E2AE,
E234,
E1CF,
E17E,
E141,
E119,
E103,
E101,
E112,
E135,
E169,
E1AE,
E203,
E266,
E2D8,
E357,
E3E2,
E477,
E519,
E5C4,
E676,
E72E,
E7EC,
E8AE,
E973,
EA3A,
EB01,
EBC8,
EC8E,
ED51,
EE11,
EECD,
EF83,
F034,
F0DF,
F182,
F21E,
F2B3,
F33E,
F3C2,
F43D,
F4AF,
F518,
F579,
F5D1,
F621,
F66A,
F6AB,
F6E5,
F719,
F74A,
F775,
F79C,
F7C1,
F7E2,
F803,
F823,
F843,
F865,
F889,
F8B1,
F8DE,
F910,
F949,
F989,
F9D2,
FA24,
FA80,
FAE7,
FB5A,
FBD9,
FC65,
FCFE,
FDA5,
FE59,
FF1D,
FFEE,
00CE,
01BC,
02B8,
03C1,
04D8,
05FC,
072D,
0869,
09AF,
0AFF,
0C58,
0DB8,
0F1F,
108B,
11FB,
136E,
14E1,
1654,
17C5,
1932,
1A9A,
1BFC,
1D55,
1EA4,
1FE8,
211F,
2247,
235F,
2466,
255B,
263B,
2706,
27BB,
2859,
28DE,
294B,
299E,
29D6,
29F4,
29F8,
29E0,
29AE,
2962,
28FB,
287A,
27E0,
272D,
2663,
2582,
248C,
2381,
2263,
2134,
1FF6,
1EA9,
1D50,
1BED,
1A81,
1910,
179A,
1622,
14AA,
1335,
11C4,
105A,
0EFA,
0DA4,
0C5C,
0B23,
09FB,
08E7,
07E8,
0700,
0631,
057C,
04E3,
0467,
0409,
03CA,
03AB,
03AD,
03D0,
0414,
0479,
0500,
05A8,
0670,
0759,
0860,
0986,
0AC9,
0C28,
0DA0,
0F31,
10D9,
1295,
1464,
1643,
182F,
1A27,
1C28,
1E2F,
203A,
2245,
244E,
2652,
284E,
2A40,
2C24,
2DF8,
2FB8,
3163,
32F5,
346C,
35C6,
36FF,
3817,
390B,
39D9,
3A7F,
3AFC,
3B4E,
3B74,
3B6D,
3B39,
3AD6,
3A45,
3985,
3896,
3778,
362D,
34B5,
3310,
3140,
2F47,
2D25,
2ADC,
286F,
25DF,
2330,
2062,
1D79,
1A78,
1761,
1438,
10FF,
0DBA,
0A6B,
0717,
03BF,
0069,
FD16,
F9CB,
F689,
F356,
F033,
ED24,
EA2C,
E74D,
E48B,
E1E8,
DF65,
DD07,
DACE,
D8BC,
D6D6,
D51A,
D38A,
D228,
D0F3,
CFED,
CF16,
CE6E,
CDF4,
CDAA,
CD8E,
CD9F,
CDDD,
CE46,
CED9,
CF94,
D076,
D17D,
D2A5,
D3EE,
D555,
D6D7,
D871,
DA21,
DBE3,
DDB6,
DF95,
E17D,
E36D,
E55F,
E753,
E943,
EB2E,
ED11,
EEE9,
F0B2,
F269,
F40E,
F59C,
F711,
F86B,
F9A9,
FAC8,
FBC6,
FCA3,
FD5C,
FDF1,
FE60,
FEAA,
FECD,
FEC9,
FE9E,
FE4D,
FDD6,
FD39,
FC77,
FB91,
FA88,
F95E,
F815,
F6AD,
F529,
F38B,
F1D6,
F00B,
EE2D,
EC3E,
EA41,
E839,
E628,
E412,
E1F8,
DFDD,
DDC5,
DBB3,
D9A8,
D7A8,
D5B5,
D3D3,
D202,
D046,
CEA1,
CD15,
CBA4,
CA50,
C91A,
C804,
C710,
C63E,
C58F,
C505,
C49F,
C45F,
C444,
C44F,
C47F,
C4D5,
C550,
C5EE,
C6AF,
C791,
C894,
C9B6,
CAF6,
CC51,
CDC7,
CF55,
D0F9,
D2B1,
D47A,
D654,
D83B,
DA2D,
DC27,
DE28,
E02D,
E233,
E438,
E63A,
E837,
EA2D,
EC18,
EDF8,
EFCA,
F18C,
F33D,
F4DB,
F665,
F7D9,
F936,
FA7A,
FBA6,
FCB8,
FDB0,
FE8C,
FF4E,
FFF5,
0080,
00F0,
0146,
0182,
01A4,
01AD,
019F,
017A,
013F,
00EF,
008D,
0019,
FF95,
FF02,
FE63,
FDB8,
FD04,
FC48,
FB87,
FAC1,
F9F9,
F930,
F868,
F7A3,
F6E2,
F627,
F574,
F4CA,
F429,
F394,
F30C,
F292,
F225,
F1C9,
F17C,
F13F,
F114,
F0FA,
F0F1,
F0FA,
F114,
F140,
F17C,
F1C9,
F225,
F291,
F30B,
F392,
F426,
F4C6,
F570,
F623,
F6DE,
F7A0,
F866,
F931,
F9FD,
FACB,
FB99,
FC65,
FD2E,
FDF3,
FEB2,
FF6A,
0019,
00BF,
015B,
01EA,
026E,
02E3,
034A,
03A2,
03EB,
0424,
044C,
0463,
046A,
0460,
0446,
041B,
03DF,
0395,
033B,
02D3,
025D,
01DA,
014B,
00B2,
000F,
FF64,
FEB1,
FDF9,
FD3C,
FC7C,
FBBA,
FAF8,
FA37,
F979,
F8BE,
F809,
F75B,
F6B5,
F618,
F585,
F4FE,
F484,
F418,
F3BB,
F36D,
F32F,
F302,
F2E6,
F2DC,
F2E4,
F2FE,
F32B,
F369,
F3B9,
F41B,
F48D,
F50F,
F5A2,
F643,
F6F2,
F7AF,
F878,
F94B,
FA28,
FB0D,
FBF9,
FCE9,
FDDE,
FED4,
FFCB,
00C1,
01B4,
02A2,
0389,
0469,
053F,
060A,
06C8,
0778,
0818,
08A6,
0922,
098B,
09DF,
0A1D,
0A44,
0A53,
0A48,
0A25,
09E8,
0992,
0922,
0899,
07F6,
073B,
0666,
0579,
0475,
035A,
0228,
00E2,
FF89,
FE1D,
FC9F,
FB13,
F978,
F7D0,
F61E,
F463,
F2A1,
F0DA,
EF0F,
ED43,
EB78,
E9AF,
E7EB,
E62D,
E477,
E2CC,
E12D,
DF9D,
DE1C,
DCAC,
DB4F,
DA05,
D8D2,
D7B5,
D6B0,
D5C3,
D4F1,
D43A,
D39D,
D31D,
D2B8,
D271,
D245,
D237,
D245,
D26E,
D2B4,
D314,
D38F,
D424,
D4D1,
D595,
D670,
D761,
D864,
D97B,
DAA2,
DBD8,
DD1D,
DE6D,
DFC7,
E12A,
E293,
E401,
E572,
E6E5,
E857,
E9C7,
EB33,
EC9A,
EDF9,
EF51,
F09E,
F1E1,
F316,
F43F,
F558,
F662,
F75C,
F845,
F91B,
F9E0,
FA92,
FB31,
FBBC,
FC35,
FC9B,
FCEE,
FD2F,
FD5E,
FD7A,
FD84,
FD7E,
FD69,
FD45,
FD14,
FCD7,
FC8E,
FC3C,
FBE0,
FB7E,
FB15,
FAA7,
FA36,
F9C4,
F950,
F8DE,
F86E,
F801,
F799,
F737,
F6DC,
F68A,
F641,
F602,
F5CF,
F5A8,
F58E,
F581,
F583,
F593,
F5B1,
F5DF,
F61B,
F667,
F6C1,
F72A,
F7A1,
F826,
F8B9,
F958,
FA04,
FABC,
FB7E,
FC49,
FD1E,
FDFA,
FEDD,
FFC6,
00B2,
01A2,
0294,
0386,
0477,
0566,
0652,
0739,
081A,
08F4,
09C5,
0A8C,
0B49,
0BF9,
0C9C,
0D31,
0DB7,
0E2D,
0E92,
0EE6,
0F28,
0F57,
0F74,
0F7D,
0F73,
0F55,
0F24,
0EDF,
0E87,
0E1C,
0D9E,
0D0F,
0C6D,
0BBA,
0AF8,
0A26,
0945,
0857,
075C,
0655,
0545,
042B,
0309,
01E0,
00B2,
FF80,
FE4B,
FD15,
FBDE,
FAA9,
F975,
F845,
F71A,
F5F5,
F4D7,
F3C1,
F2B3,
F1B0,
F0B8,
EFCC,
EEEC,
EE19,
ED54,
EC9D,
EBF5,
EB5D,
EAD3,
EA59,
E9EF,
E994,
E949,
E90D,
E8E1,
E8C3,
E8B4,
E8B4,
E8C1,
E8DA,
E901,
E933,
E96F,
E9B6,
EA07,
EA60,
EAC2,
EB2B,
EB9A,
EC0E,
EC87,
ED05,
ED85,
EE08,
EE8C,
EF11,
EF97,
F01C,
F0A1,
F123,
F1A4,
F223,
F29E,
F317,
F38C,
F3FD,
F46B,
F4D5,
F53B,
F59E,
F5FC,
F657,
F6AF,
F702,
F753,
F7A1,
F7EC,
F836,
F87F,
F8C7,
F90E,
F956,
F99F,
F9E9,
FA36,
FA84,
FAD6,
FB2C,
FB86,
FBE5,
FC49,
FCB2,
FD22,
FD99,
FE16,
FE9B,
FF27,
FFBB,
0056,
00FA,
01A5,
0259,
0314,
03D6,
04A0,
0573,
064D,
072C,
0812,
08FC,
09EB,
0ADD,
0BD3,
0CCA,
0DC3,
0EBC,
0FB4,
10AA,
119E,
128E,
1378,
145D,
153B,
1611,
16DD,
179F,
1856,
1900,
199D,
1A2B,
1AAB,
1B1A,
1B79,
1BC6,
1C01,
1C29,
1C3F,
1C42,
1C31,
1C0C,
1BD4,
1B87,
1B26,
1AB2,
1A2A,
198F,
18E1,
1821,
1750,
166E,
157C,
147C,
136D,
1252,
112C,
0FFB,
0EC2,
0D82,
0C3B,
0AF0,
09A2,
0854,
0705,
05B9,
0471,
032E,
01F3,
00C0,
FF98,
FE7D,
FD70,
FC72,
FB85,
FAAA,
F9E3,
F931,
F896,
F812,
F7A6,
F754,
F71D,
F700,
F700,
F71D,
F756,
F7AD,
F821,
F8B3,
F963,
FA30,
FB1B,
FC22,
FD46,
FE86,
FFE1,
0156,
02E5,
048C,
064A,
081E,
0A06,
0C03,
0E12,
1031,
125E,
1498,
16DD,
192C,
1B82,
1DDD,
203D,
229E,
2500,
275F,
29BB,
2C12,
2E62,
30A9,
32E5,
3515,
3738,
394B,
3B4D,
3D3D,
3F19,
40E1,
4293,
442E,
45B2,
471C,
486D,
49A4,
4AC0,
4BC1,
4CA7,
4D70,
4E1E,
4EB0,
4F25,
4F7F,
4FBC,
4FDF,
4FE6,
4FD3,
4FA6,
4F5F,
4EFF,
4E88,
4DF9,
4D54,
4C99,
4BCA,
4AE7,
49F2,
48EB,
47D4,
46AD,
4578,
4436,
42E7,
418E,
402A,
3EBD,
3D49,
3BCD,
3A4A,
38C2,
3736,
35A6,
3413,
327F,
30E9,
2F54,
2DBE,
2C2A,
2A97,
2906,
2779,
25EE,
2466,
22E3,
2164,
1FE9,
1E74,
1D03,
1B98,
1A32,
18D1,
1777,
1622,
14D3,
138A,
1247,
110A,
0FD4,
0EA3,
0D79,
0C54,
0B35,
0A1D,
090B,
0800,
06FB,
05FD,
0507,
0417,
032F,
024F,
0176,
00A5,
FFDD,
FF1E,
FE67,
FDBA,
FD17,
FC7E,
FBF0,
FB6D,
FAF5,
FA89,
FA29,
F9D7,
F991,
F959,
F92F,
F914,
F908,
F90B,
F91E,
F941,
F974,
F9B8,
FA0D,
FA72,
FAE9,
FB70,
FC09,
FCB3,
FD6E,
FE39,
FF15,
0001,
00FD,
0208,
0322,
044A,
0580,
06C2,
0810,
096A,
0ACD,
0C38,
0DAC,
0F26,
10A6,
122A,
13B0,
1537,
16BF,
1844,
19C6,
1B45,
1CBD,
1E2C,
1F93,
20ED,
223B,
237B,
24AA,
25C7,
26D1,
27C7,
28A6,
296D,
2A1C,
2AB0,
2B29,
2B85,
2BC3,
2BE3,
2BE3,
2BC2,
2B81,
2B1E,
2A99,
29F2,
2928,
283B,
272C,
25FB,
24A7,
2331,
219A,
1FE3,
1E0B,
1C15,
1A01,
17D0,
1584,
131D,
109E,
0E08,
0B5D,
089E,
05CE,
02EE,
0000,
FD07,
FA04,
F6FB,
F3EC,
F0DB,
EDC9,
EAB9,
E7AE,
E4A9,
E1AD,
DEBC,
DBD9,
D906,
D644,
D397,
D0FF,
CE80,
CC1B,
C9D0,
C7A3,
C596,
C3A9,
C1DE,
C036,
BEB3,
BD55,
BC1E,
BB0E,
BA26,
B967,
B8D0,
B862,
B81D,
B800,
B80D,
B841,
B89E,
B921,
B9CA,
BA99,
BB8C,
BCA2,
BDDA,
BF32,
C0A9,
C23D,
C3EC,
C5B5,
C796,
C98C,
CB94,
CDAE,
CFD7,
D20E,
D450,
D69A,
D8EB,
DB40,
DD98,
DFEF,
E244,
E494,
E6DD,
E91E,
EB55,
ED7E,
EF99,
F1A4,
F39C,
F581,
F751,
F90A,
FAAB,
FC33,
FDA1,
FEF4,
002B,
0145,
0243,
0322,
03E5,
0489,
050E,
0575,
05BF,
05EC,
05FC,
05EF,
05C8,
0585,
052A,
04B6,
042A,
0389,
02D4,
020B,
0131,
0047,
FF4E,
FE49,
FD3A,
FC21,
FB02,
F9DD,
F8B4,
F78B,
F661,
F53A,
F417,
F2FA,
F1E5,
F0D9,
EFD9,
EEE5,
EDFE,
ED28,
EC63,
EBB0,
EB12,
EA88,
EA15,
E9B8,
E974,
E948,
E936,
E93D,
E95F,
E99B,
E9F3,
EA65,
EAF2,
EB9A,
EC5C,
ED38,
EE2E,
EF3D,
F065,
F1A3,
F2F9,
F464,
F5E4,
F777,
F91D,
FAD3,
FC99,
FE6D,
004D,
0237,
042C,
0629,
082C,
0A35,
0C41,
0E4E,
105C,
1268,
1470,
1674,
1871,
1A65,
1C50,
1E30,
2003,
21C7,
237C,
2521,
26B3,
2832,
299C,
2AF2,
2C31,
2D59,
2E6A,
2F62,
3041,
3107,
31B4,
3246,
32BC,
3317,
3359,
3380,
338E,
3383,
335E,
3320,
32CB,
325E,
31DA,
313F,
3090,
2FCC,
2EF5,
2E0B,
2D0F,
2C03,
2AE8,
29BE,
2887,
2744,
25F7,
249F,
233F,
21D8,
206B,
1EF9,
1D83,
1C0B,
1A91,
1917,
179D,
1625,
14AF,
133D,
11D0,
1068,
0F06,
0DAB,
0C58,
0B0D,
09CB,
0893,
0764,
063F,
0525,
0417,
0313,
021B,
012E,
004D,
FF77,
FEAD,
FDEF,
FD3C,
FC95,
FBF9,
FB67,
FAE1,
FA65,
F9F3,
F98B,
F92C,
F8D8,
F88D,
F84A,
F80F,
F7DC,
F7B0,
F78B,
F76C,
F754,
F740,
F732,
F729,
F725,
F724,
F728,
F72F,
F739,
F746,
F756,
F768,
F77D,
F794,
F7AE,
F7C9,
F7E6,
F805,
F826,
F849,
F86E,
F895,
F8BE,
F8E9,
F916,
F945,
F977,
F9AC,
F9E3,
FA1E,
FA5C,
FA9D,
FAE1,
FB2A,
FB76,
FBC6,
FC1A,
FC72,
FCCF,
FD30,
FD96,
FE00,
FE6E,
FEE2,
FF5A,
FFD6,
0057,
00DC,
0166,
01F4,
0286,
031C,
03B5,
0451,
04F1,
0594,
0638,
06DF,
0788,
0833,
08DE,
098A,
0A37,
0AE3,
0B8F,
0C39,
0CE3,
0D8A,
0E2E,
0ED0,
0F6E,
1008,
109E,
112F,
11BA,
1240,
12C1,
133A,
13AE,
141A,
147F,
14DC,
1532,
1580,
15C6,
1604,
163B,
1669,
1692,
16B3,
16CD,
16DF,
16E9,
16ED,
16EA,
16E0,
16D0,
16BA,
169E,
167E,
165A,
1631,
1605,
15D7,
15A6,
1573,
153F,
150A,
14D6,
14A2,
146F,
143E,
140F,
13E3,
13BA,
1395,
1374,
1357,
1340,
132E,
1323,
131E,
131F,
1327,
1334,
1348,
1363,
1383,
13AB,
13D8,
140B,
1445,
1484,
14C8,
1511,
155E,
15B0,
1605,
165D,
16B8,
1714,
1772,
17D0,
182E,
188B,
18E6,
193F,
1994,
19E5,
1A32,
1A78,
1AB9,
1AF1,
1B21,
1B48,
1B66,
1B7A,
1B82,
1B80,
1B71,
1B56,
1B2E,
1AF8,
1AB5,
1A63,
1A04,
1995,
1919,
188D,
17F3,
174B,
1694,
15D0,
14FD,
141E,
1331,
1239,
1134,
1025,
0F0C,
0DEA,
0CBF,
0B8C,
0A53,
0915,
07D2,
068C,
0543,
03FA,
02B1,
0169,
0025,
FEE4,
FDA9,
FC74,
FB47,
FA23,
F909,
F7FB,
F6FA,
F606,
F522,
F44D,
F389,
F2D6,
F236,
F1AA,
F131,
F0CD,
F07D,
F043,
F01F,
F011,
F019,
F037,
F06C,
F0B5,
F115,
F189,
F212,
F2B0,
F361,
F425,
F4FB,
F5E2,
F6D9,
F7DF,
F8F2,
FA13,
FB3E,
FC74,
FDB2,
FEF7,
0041,
0190,
02E1,
0433,
0584,
06D3,
081E,
0964,
0AA2,
0BD8,
0D03,
0E23,
0F36,
103A,
112E,
1210,
12DF,
139C,
1443,
14D5,
1551,
15B5,
1601,
1634,
164F,
164F,
1635,
1602,
15B3,
154A,
14C7,
142A,
1373,
12A3,
11B9,
10B8,
0F9F,
0E6F,
0D29,
0BCF,
0A61,
08E1,
0750,
05AF,
0400,
0243,
007C,
FEAB,
FCD2,
FAF2,
F90E,
F727,
F53F,
F358,
F173,
EF91,
EDB6,
EBE1,
EA16,
E855,
E6A1,
E4FA,
E362,
E1DA,
E065,
DF02,
DDB3,
DC79,
DB56,
DA49,
D955,
D878,
D7B5,
D70B,
D67B,
D605,
D5AA,
D569,
D541,
D534,
D540,
D566,
D5A5,
D5FB,
D66A,
D6EF,
D78A,
D839,
D8FD,
D9D4,
DABC,
DBB5,
DCBC,
DDD2,
DEF4,
E020,
E156,
E294,
E3D8,
E521,
E66E,
E7BC,
E90A,
EA57,
EBA1,
ECE6,
EE26,
EF5E,
F08E,
F1B3,
F2CD,
F3DB,
F4DB,
F5CD,
F6AE,
F77E,
F83D,
F8E9,
F982,
FA06,
FA76,
FAD1,
FB17,
FB46,
FB60,
FB64,
FB53,
FB2B,
FAED,
FA9A,
FA32,
F9B6,
F925,
F881,
F7CB,
F702,
F629,
F53F,
F446,
F33F,
F22C,
F10C,
EFE2,
EEAE,
ED72,
EC2F,
EAE7,
E99B,
E84C,
E6FC,
E5AD,
E45F,
E315,
E1CF,
E08F,
DF56,
DE26,
DD00,
DBE5,
DAD6,
D9D6,
D8E4,
D802,
D730,
D671,
D5C4,
D52B,
D4A6,
D436,
D3DC,
D398,
D36A,
D353,
D353,
D36A,
D398,
D3DE,
D43A,
D4AE,
D539,
D5DA,
D692,
D760,
D843,
D93B,
DA46,
DB65,
DC97,
DDDA,
DF2D,
E091,
E203,
E383,
E50F,
E6A6,
E848,
E9F3,
EBA6,
ED60,
EF1F,
F0E2,
F2A9,
F471,
F63A,
F802,
F9C9,
FB8D,
FD4B,
FF04,
00B7,
0263,
0407,
05A2,
0733,
08BA,
0A35,
0BA4,
0D06,
0E5B,
0FA2,
10DB,
1205,
1320,
142C,
1528,
1614,
16F0,
17BC,
1878,
1924,
19C0,
1A4D,
1AC9,
1B36,
1B95,
1BE4,
1C25,
1C58,
1C7D,
1C94,
1C9F,
1C9D,
1C90,
1C78,
1C55,
1C29,
1BF4,
1BB6,
1B70,
1B23,
1ACF,
1A76,
1A17,
19B4,
194C,
18E2,
1874,
1805,
1794,
1722,
16B0,
163F,
15CE,
155F,
14F1,
1486,
141D,
13B8,
1356,
12F8,
129E,
1249,
11F9,
11AE,
1167,
1126,
10E9,
10B2,
107F,
1052,
1029,
1004,
0FE4,
0FC7,
0FAD,
0F97,
0F82,
0F70,
0F5F,
0F4F,
0F3F,
0F2E,
0F1B,
0F07,
0EEF,
0ED4,
0EB4,
0E8F,
0E63,
0E31,
0DF6,
0DB3,
0D66,
0D10,
0CAF,
0C43,
0BCA,
0B43,
0AB0,
0A0E,
095E,
08A0,
07D2,
06F5,
0609,
050D,
0403,
02EA,
01C2,
008C,
FF49,
FDF8,
FC9C,
FB34,
F9C3,
F848,
F6C5,
F53B,
F3AC,
F219,
F084,
EEEE,
ED59,
EBC7,
EA3A,
E8B3,
E734,
E5BF,
E456,
E2FB,
E1AF,
E075,
DF4E,
DE3C,
DD40,
DC5C,
DB91,
DAE1,
DA4D,
D9D6,
D97D,
D942,
D927,
D92C,
D951,
D996,
D9FB,
DA81,
DB26,
DBEA,
DCCC,
DDCC,
DEE8,
E020,
E170,
E2D9,
E458,
E5EC,
E793,
E949,
EB0E,
ECDE,
EEB7,
F097,
F27B,
F461,
F646,
F827,
FA02,
FBD4,
FD9B,
FF54,
00FE,
0295,
0418,
0584,
06D8,
0813,
0931,
0A34,
0B18,
0BDD,
0C82,
0D08,
0D6D,
0DB1,
0DD4,
0DD8,
0DBB,
0D82,
0D2B,
0CB7,
0C28,
0B7E,
0ABC,
09E4,
08F6,
07F7,
06E7,
05C9,
049F,
036C,
0233,
00F5,
FFB6,
FE78,
FD3D,
FC08,
FADC,
F9BA,
F8A5,
F79F,
F6AA,
F5C7,
F4FA,
F442,
F3A1,
F319,
F2AA,
F256,
F21C,
F1FE,
F1FA,
F212,
F245,
F292,
F2FA,
F37A,
F413,
F4C2,
F588,
F662,
F74E,
F84C,
F959,
FA73,
FB99,
FCC8,
FDFE,
FF3A,
007A,
01BA,
02FA,
0437,
0570,
06A2,
07CB,
08EB,
09FF,
0B07,
0C00,
0CEA,
0DC4,
0E8D,
0F43,
0FE8,
1079,
10F8,
1164,
11BE,
1206,
123C,
1261,
1275,
127B,
1273,
125E,
123D,
1212,
11DF,
11A4,
1164,
1120,
10DB,
1094,
104F,
100D,
0FCF,
0F97,
0F67,
0F3F,
0F22,
0F10,
0F0B,
0F14,
0F2C,
0F53,
0F8A,
0FD1,
1028,
108F,
1107,
118F,
1226,
12CD,
1382,
1445,
1514,
15F0,
16D5,
17C4,
18BA,
19B7,
1AB7,
1BBB,
1CBF,
1DC3,
1EC4,
1FC0,
20B5,
21A3,
2286,
235D,
2426,
24E0,
2588,
261E,
269F,
270A,
275E,
2799,
27BC,
27C5,
27B3,
2786,
273D,
26D8,
2657,
25BA,
2501,
242D,
233E,
2235,
2112,
1FD7,
1E85,
1D1C,
1B9F,
1A0E,
186B,
16B8,
14F7,
1329,
1150,
0F6D,
0D84,
0B95,
09A3,
07B0,
05BD,
03CD,
01E1,
FFFB,
FE1D,
FC49,
FA80,
F8C4,
F716,
F577,
F3E9,
F26D,
F103,
EFAD,
EE6C,
ED3F,
EC28,
EB26,
EA3B,
E966,
E8A7,
E7FE,
E76B,
E6ED,
E684,
E630,
E5EF,
E5C2,
E5A7,
E59D,
E5A3,
E5B9,
E5DC,
E60D,
E649,
E691,
E6E2,
E73C,
E79D,
E804,
E871,
E8E1,
E954,
E9C9,
EA3E,
EAB3,
EB27,
EB98,
EC06,
EC71,
ECD7,
ED38,
ED93,
EDE9,
EE37,
EE7F,
EEC0,
EEF9,
EF2B,
EF55,
EF78,
EF94,
EFA9,
EFB6,
EFBC,
EFBB,
EFB4,
EFA8,
EF96,
EF80,
EF65,
EF47,
EF27,
EF03,
EEDE,
EEB8,
EE91,
EE69,
EE43,
EE1D,
EDF8,
EDD6,
EDB5,
ED98,
ED7E,
ED67,
ED53,
ED44,
ED39,
ED31,
ED2E,
ED2F,
ED35,
ED3E,
ED4B,
ED5C,
ED72,
ED8A,
EDA6,
EDC3,
EDE3,
EE03,
EE24,
EE44,
EE65,
EE83,
EEA0,
EEBA,
EED0,
EEE3,
EEF0,
EEF9,
EEFA,
EEF6,
EEE9,
EED5,
EEB8,
EE91,
EE62,
EE28,
EDE4,
ED96,
ED3C,
ECD8,
EC69,
EBEF,
EB6A,
EADB,
EA41,
E99C,
E8EE,
E838,
E779,
E6B2,
E5E5,
E512,
E43A,
E35F,
E281,
E1A2,
E0C4,
DFE6,
DF0C,
DE37,
DD67,
DC9F,
DBE0,
DB2B,
DA83,
D9E9,
D95D,
D8E3,
D87B,
D826,
D7E6,
D7BD,
D7AB,
D7B2,
D7D3,
D80E,
D863,
D8D4,
D962,
DA0D,
DAD6,
DBBB,
DCBF,
DDDF,
DF1D,
E077,
E1ED,
E37E,
E52A,
E6EE,
E8CB,
EABE,
ECC6,
EEE2,
F110,
F34D,
F599,
F7F0,
FA51,
FCB9,
FF27,
0197,
0407,
0676,
08E0,
0B43,
0D9C,
0FEA,
122A,
1459,
1676,
187D,
1A6D,
1C44,
1DFF,
1F9E,
211E,
227E,
23BC,
24D8,
25D0,
26A3,
2751,
27DA,
283C,
2879,
288F,
2880,
284B,
27F2,
2775,
26D6,
2615,
2534,
2434,
2318,
21E0,
2090,
1F29,
1DAD,
1C1C,
1A7C,
18CD,
1715,
1553,
138C,
11C3,
0FF9,
0E31,
0C6F,
0AB4,
0903,
075F,
05CA,
0447,
02D7,
017C,
0039,
FF0F,
FE00,
FD0E,
FC38,
FB81,
FAEA,
FA73,
FA1C,
F9E6,
F9D1,
F9DC,
FA08,
FA53,
FABD,
FB44,
FBE8,
FCA7,
FD81,
FE72,
FF79,
0095,
01C3,
0300,
044B,
05A1,
06FF,
0863,
09CA,
0B32,
0C96,
0DF6,
0F4E,
109B,
11DB,
130B,
1429,
1533,
1626,
16FF,
17BE,
1860,
18E4,
1948,
198A,
19AB,
19A8,
1981,
1935,
18C5,
1831,
1779,
169E,
15A0,
1480,
1340,
11E1,
1064,
0ECC,
0D1A,
0B51,
0972,
0782,
0581,
0374,
015C,
FF3D,
FD1B,
FAF8,
F8D7,
F6BC,
F4AA,
F2A4,
F0AE,
EECA,
ECFC,
EB46,
E9AC,
E830,
E6D5,
E59E,
E48C,
E3A2,
E2E2,
E24D,
E1E4,
E1AA,
E19E,
E1C1,
E214,
E297,
E34A,
E42C,
E53D,
E67B,
E7E6,
E97B,
EB3A,
ED20,
EF2B,
F158,
F3A5,
F60E,
F892,
FB2B,
FDD8,
0095,
035D,
062D,
0902,
0BD7,
0EA9,
1174,
1434,
16E4,
1982,
1C08,
1E74,
20C2,
22EF,
24F7,
26D8,
288E,
2A18,
2B72,
2C9A,
2D90,
2E50,
2EDA,
2F2D,
2F48,
2F2A,
2ED4,
2E46,
2D80,
2C83,
2B50,
29E9,
284F,
2685,
248C,
2267,
201A,
1DA5,
1B0E,
1857,
1585,
129A,
0F9C,
0C8E,
0974,
0652,
032E,
000A,
FCED,
F9D9,
F6D4,
F3E1,
F105,
EE44,
EBA2,
E923,
E6C9,
E499,
E297,
E0C3,
DF23,
DDB7,
DC83,
DB88,
DAC7,
DA42,
D9FB,
D9F0,
DA24,
DA97,
DB47,
DC33,
DD5C,
DEBF,
E05A,
E22D,
E434,
E66C,
E8D4,
EB68,
EE25,
F106,
F40A,
F72A,
FA65,
FDB4,
0114,
0481,
07F5,
0B6D,
0EE4,
1255,
15BC,
1914,
1C5A,
1F87,
229A,
258C,
285C,
2B04,
2D82,
2FD3,
31F3,
33E0,
3597,
3717,
385D,
3968,
3A37,
3ACA,
3B1F,
3B36,
3B10,
3AAD,
3A0E,
3935,
3822,
36D8,
3558,
33A6,
31C3,
2FB3,
2D79,
2B19,
2895,
25F1,
2333,
205D,
1D74,
1A7C,
177A,
1472,
1168,
0E62,
0B63,
086F,
058B,
02BB,
0002,
FD66,
FAE9,
F88F,
F65B,
F451,
F273,
F0C5,
EF47,
EDFD,
ECE8,
EC0A,
EB64,
EAF6,
EAC2,
EAC7,
EB06,
EB7D,
EC2D,
ED15,
EE32,
EF84,
F108,
F2BD,
F4A0,
F6AE,
F8E5,
FB42,
FDC2,
0061,
031B,
05ED,
08D3,
0BC9,
0ECA,
11D4,
14E2,
17F0,
1AF9,
1DFB,
20F1,
23D7,
26AA,
2966,
2C08,
2E8C,
30F0,
3331,
354B,
373E,
3906,
3AA1,
3C0F,
3D4E,
3E5C,
3F38,
3FE4,
405D,
40A4,
40B9,
409D,
4051,
3FD5,
3F2C,
3E57,
3D57,
3C2E,
3ADF,
396C,
37D8,
3625,
3456,
326D,
306F,
2E5D,
2C3C,
2A0D,
27D6,
2597,
2356,
2114,
1ED5,
1C9C,
1A6C,
1847,
1630,
142A,
1237,
1059,
0E92,
0CE3,
0B4F,
09D7,
087B,
073D,
061E,
051E,
043E,
037C,
02DA,
0257,
01F2,
01AA,
017F,
016F,
0179,
019C,
01D5,
0222,
0283,
02F4,
0373,
03FF,
0495,
0532,
05D4,
0679,
071E,
07C1,
085F,
08F7,
0985,
0A07,
0A7C,
0AE1,
0B35,
0B75,
0BA2,
0BB9,
0BB8,
0BA0,
0B6F,
0B24,
0AC0,
0A41,
09A8,
08F6,
0829,
0744,
0647,
0532,
0408,
02C9,
0176,
0013,
FEA0,
FD20,
FB94,
FA00,
F865,
F6C6,
F525,
F385,
F1E9,
F053,
EEC8,
ED49,
EBD8,
EA77,
E92A,
E7F3,
E6D4,
E5CE,
E4E5,
E41B,
E370,
E2E6,
E280,
E23D,
E220,
E228,
E258,
E2AE,
E32B,
E3CF,
E49A,
E58B,
E6A2,
E7DC,
E93B,
EABA,
EC5B,
EE19,
EFF4,
F1E9,
F3F5,
F618,
F84C,
FA91,
FCE3,
FF3F,
01A2,
0409,
0671,
08D7,
0B37,
0D8E,
0FDA,
1217,
1442,
1659,
1858,
1A3C,
1C04,
1DAD,
1F34,
2098,
21D7,
22EE,
23DD,
24A2,
253C,
25AA,
25ED,
2603,
25EC,
25A9,
2539,
249F,
23D8,
22E9,
21D1,
2093,
1F30,
1DAA,
1C04,
1A3F,
185F,
1666,
1456,
1232,
0FFF,
0DBD,
0B72,
091F,
06C8,
0471,
021C,
FFCD,
FD87,
FB4D,
F921,
F708,
F504,
F317,
F144,
EF8E,
EDF6,
EC80,
EB2C,
E9FC,
E8F5,
E815,
E75E,
E6CF,
E66B,
E630,
E61F,
E639,
E67C,
E6E7,
E77C,
E837,
E918,
EA1E,
EB46,
EC8F,
EDF7,
EF7C,
F11A,
F2D1,
F49C,
F67A,
F867,
FA60,
FC63,
FE6C,
0079,
0285,
048F,
0692,
088D,
0A7B,
0C59,
0E25,
0FDD,
117E,
1305,
1470,
15BC,
16E9,
17F3,
18D9,
1999,
1A33,
1AA5,
1AEF,
1B0F,
1B04,
1AD0,
1A72,
19E9,
1937,
185C,
1759,
162F,
14DE,
1369,
11D1,
1018,
0E40,
0C4A,
0A39,
080F,
05CF,
037A,
0113,
FE9F,
FC1E,
F994,
F703,
F46F,
F1D9,
EF46,
ECB6,
EA2E,
E7B0,
E53D,
E2DA,
E087,
DE47,
DC1D,
DA09,
D80F,
D62F,
D46C,
D2C6,
D13F,
CFD8,
CE92,
CD6E,
CC6B,
CB8C,
CACF,
CA35,
C9BE,
C96A,
C938,
C928,
C939,
C96B,
C9BC,
CA2C,
CAB9,
CB62,
CC27,
CD05,
CDFC,
CF0A,
D02C,
D163,
D2AC,
D406,
D56E,
D6E4,
D866,
D9F2,
DB87,
DD24,
DEC6,
E06C,
E216,
E3C1,
E56C,
E717,
E8C0,
EA67,
EC09,
EDA7,
EF3C,
F0CB,
F254,
F3D5,
F54E,
F6BF,
F828,
F988,
FADE,
FC2C,
FD70,
FEAA,
FFDB,
0103,
0221,
0336,
0442,
0545,
063F,
0730,
0818,
08F8,
09D0,
0A9F,
0B66,
0C25,
0CDB,
0D8A,
0E30,
0ECE,
0F64,
0FF2,
1076,
10F2,
1165,
11CE,
122D,
1283,
12CD,
130D,
1341,
1369,
1385,
1393,
1394,
1386,
1369,
133D,
1301,
12B4,
1256,
11E7,
1166,
10D2,
102B,
0F71,
0EA3,
0DC2,
0CCE,
0BC5,
0AAA,
097A,
0838,
06E2,
057A,
0401,
0276,
00DB,
FF31,
FD78,
FBB1,
F9DF,
F801,
F619,
F42A,
F234,
F038,
EE3A,
EC3A,
EA3A,
E83D,
E644,
E451,
E266,
E085,
DEB1,
DCEA,
DB34,
D991,
D801,
D688,
D526,
D3DE,
D2B2,
D1A3,
D0B2,
CFE2,
CF34,
CEA7,
CE3E,
CDFA,
CDDA,
CDDF,
CE0B,
CE5D,
CED4,
CF72,
D035,
D11E,
D22A,
D35B,
D4AE,
D623,
D7B7,
D96B,
DB3B,
DD26,
DF2A,
E144,
E374,
E5B6,
E807,
EA66,
ECCF,
EF41,
F1B7,
F42F,
F6A7,
F91C,
FB8A,
FDEF,
0048,
0292,
04CB,
06F0,
08FE,
0AF3,
0CCC,
0E88,
1024,
119F,
12F6,
1428,
1533,
1617,
16D2,
1764,
17CB,
1807,
1818,
17FF,
17BA,
174B,
16B2,
15F0,
1505,
13F4,
12BD,
1162,
0FE4,
0E44,
0C85,
0AA9,
08B4,
06A7,
0485,
0250,
000D,
FDBC,
FB61,
F900,
F69A,
F434,
F1CF,
EF6E,
ED15,
EAC7,
E885,
E654,
E434,
E22A,
E036,
DE5C,
DC9D,
DAFC,
D97A,
D819,
D6D9,
D5BE,
D4C6,
D3F4,
D348,
D2C3,
D263,
D22B,
D219,
D22E,
D268,
D2C8,
D34C,
D3F3,
D4BC,
D5A6,
D6AF,
D7D6,
D919,
DA75,
DBEA,
DD74,
DF11,
E0C0,
E27E,
E449,
E61E,
E7FB,
E9DD,
EBC2,
EDA8,
EF8C,
F16D,
F347,
F518,
F6DF,
F89A,
FA47,
FBE3,
FD6E,
FEE6,
004A,
0198,
02CF,
03EE,
04F5,
05E3,
06B8,
0773,
0815,
089D,
090B,
0961,
099E,
09C4,
09D2,
09CB,
09AF,
0980,
093E,
08EC,
088A,
081B,
07A0,
071B,
068E,
05FA,
0561,
04C6,
042A,
038F,
02F8,
0265,
01D8,
0153,
00D8,
0069,
0005,
FFB0,
FF6A,
FF35,
FF11,
FEFF,
FEFF,
FF14,
FF3C,
FF79,
FFCA,
0030,
00AA,
0139,
01DB,
0290,
0358,
0432,
051C,
0616,
071F,
0836,
0958,
0A85,
0BBC,
0CFA,
0E3E,
0F86,
10D0,
121A,
1363,
14A9,
15EA,
1725,
1857,
1980,
1A9C,
1BAC,
1CAD,
1D9D,
1E7D,
1F49,
2002,
20A5,
2133,
21AA,
220A,
2251,
2281,
2297,
2294,
2278,
2243,
21F5,
218F,
2110,
207B,
1FCE,
1F0B,
1E32,
1D45,
1C45,
1B32,
1A0F,
18DC,
179A,
164C,
14F2,
138E,
1222,
10AF,
0F37,
0DBC,
0C3E,
0AC0,
0943,
07C8,
0651,
04E0,
0375,
0213,
00B9,
FF6A,
FE26,
FCEF,
FBC5,
FAA9,
F99B,
F89D,
F7AF,
F6D0,
F603,
F546,
F499,
F3FD,
F372,
F2F7,
F28B,
F230,
F1E3,
F1A4,
F174,
F150,
F138,
F12C,
F12A,
F131,
F141,
F158,
F175,
F198,
F1BF,
F1E9,
F215,
F242,
F26F,
F29C,
F2C7,
F2EF,
F314,
F333,
F34E,
F363,
F372,
F37B,
F37C,
F377,
F369,
F354,
F338,
F314,
F2E8,
F2B6,
F27C,
F23C,
F1F6,
F1AB,
F15A,
F106,
F0AF,
F055,
EFF9,
EF9D,
EF42,
EEE7,
EE90,
EE3C,
EDED,
EDA4,
ED62,
ED28,
ECF7,
ECD3,
ECBA,
ECAE,
ECAF,
ECBE,
ECDD,
ED0B,
ED4A,
ED9B,
EDFE,
EE73,
EEFB,
EF97,
F046,
F109,
F1E0,
F2CB,
F3CA,
F4DD,
F602,
F73B,
F886,
F9E3,
FB51,
FCCF,
FE5E,
FFFA,
01A5,
035C,
051F,
06EC,
08C3,
0AA3,
0C89,
0E75,
1065,
1257,
144A,
163D,
182F,
1A1D,
1C06,
1DEA,
1FC6,
2199,
2363,
2521,
26D2,
2876,
2A0B,
2B90,
2D05,
2E67,
2FB7,
30F4,
321D,
3331,
342F,
3518,
35EB,
36A7,
374D,
37DC,
3854,
38B5,
3900,
3934,
3951,
3958,
3949,
3925,
38EB,
389D,
383A,
37C4,
373A,
369F,
35F1,
3532,
3462,
3383,
3294,
3197,
308C,
2F74,
2E4F,
2D1F,
2BE4,
2A9F,
2950,
27F9,
2699,
2531,
23C3,
224E,
20D3,
1F55,
1DD2,
1C4B,
1AC0,
1931,
17A0,
160D,
1478,
12E1,
1149,
0FB0,
0E18,
0C7F,
0AE7,
094F,
07BA,
0625,
0493,
0304,
0178,
FFEF,
FE69,
FCE8,
FB6C,
F9F5,
F884,
F719,
F5B5,
F459,
F304,
F1B8,
F074,
EF3B,
EE0B,
ECE7,
EBCD,
EAC1,
E9C0,
E8CE,
E7E9,
E713,
E64C,
E595,
E4EF,
E45A,
E3D6,
E365,
E306,
E2BB,
E283,
E25F,
E24F,
E254,
E26E,
E29D,
E2E0,
E339,
E3A7,
E42A,
E4C1,
E56D,
E62D,
E701,
E7E8,
E8E2,
E9ED,
EB09,
EC36,
ED72,
EEBD,
F016,
F17A,
F2EA,
F464,
F5E7,
F771,
F901,
FA95,
FC2C,
FDC5,
FF5D,
00F4,
0288,
0416,
059F,
071F,
0896,
0A01,
0B61,
0CB2,
0DF3,
0F24,
1043,
114F,
1246,
1328,
13F3,
14A6,
1542,
15C5,
162F,
1680,
16B6,
16D2,
16D4,
16BC,
1689,
163D,
15D8,
1559,
14C3,
1416,
1351,
1278,
118A,
1089,
0F76,
0E53,
0D21,
0BE1,
0A96,
0941,
07E3,
067F,
0517,
03AC,
023F,
00D4,
FF6A,
FE04,
FCA6,
FB4F,
FA03,
F8C3,
F790,
F66D,
F55A,
F45A,
F36D,
F295,
F1D4,
F129,
F096,
F01B,
EFBA,
EF73,
EF47,
EF34,
EF3D,
EF60,
EF9D,
EFF5,
F066,
F0F0,
F192,
F24C,
F31C,
F402,
F4FC,
F608,
F725,
F851,
F98B,
FAD2,
FC23,
FD7C,
FEDC,
0041,
01A8,
0310,
0477,
05DB,
0739,
088F,
09DC,
0B1E,
0C52,
0D78,
0E8C,
0F8E,
107C,
1154,
1215,
12BE,
134D,
13C1,
141A,
1456,
1475,
1477,
145A,
141F,
13C8,
1351,
12BD,
120B,
113B,
104F,
0F46,
0E23,
0CE4,
0B8D,
0A1E,
0898,
06FD,
054E,
038D,
01BC,
FFDC,
FDEF,
FBF8,
F9F7,
F7EF,
F5E2,
F3D1,
F1BF,
EFAF,
EDA0,
EB97,
E993,
E799,
E5A8,
E3C3,
E1EC,
E026,
DE70,
DCCC,
DB3B,
D9C0,
D859,
D70A,
D5D2,
D4B2,
D3AC,
D2BF,
D1EB,
D132,
D093,
D00E,
CFA3,
CF52,
CF1B,
CEFC,
CEF6,
CF08,
CF31,
CF71,
CFC5,
D02D,
D0A9,
D136,
D1D4,
D281,
D33C,
D404,
D4D6,
D5B2,
D695,
D77F,
D86F,
D962,
DA58,
DB4F,
DC45,
DD39,
DE2A,
DF17,
DFFF,
E0E0,
E1BA,
E28A,
E352,
E40F,
E4C2,
E569,
E603,
E692,
E713,
E788,
E7EF,
E849,
E896,
E8D6,
E909,
E930,
E94A,
E959,
E95D,
E954,
E942,
E926,
E903,
E8D8,
E8A7,
E871,
E837,
E7F9,
E7B9,
E777,
E736,
E6F5,
E6B6,
E67A,
E642,
E60F,
E5E2,
E5BC,
E59D,
E587,
E57A,
E577,
E57F,
E592,
E5B2,
E5DD,
E616,
E65B,
E6AE,
E70F,
E77D,
E7F8,
E87F,
E915,
E9B8,
EA68,
EB26,
EBF0,
ECC6,
EDA8,
EE94,
EF8C,
F08D,
F197,
F2A9,
F3C3,
F4E3,
F609,
F734,
F862,
F994,
FAC7,
FBFB,
FD2F,
FE62,
FF93,
00C1,
01EB,
030F,
042E,
0546,
0656,
075E,
085C,
0951,
0A3A,
0B18,
0BEA,
0CAE,
0D66,
0E10,
0EAC,
0F39,
0FB8,
1027,
1088,
10D9,
111B,
114E,
1172,
1187,
118C,
1184,
116D,
1148,
1116,
10D7,
108C,
1034,
0FD2,
0F65,
0EEE,
0E6D,
0DE4,
0D54,
0CBE,
0C22,
0B81,
0ADC,
0A33,
0988,
08DA,
082D,
077F,
06D2,
0627,
057F,
04DB,
043B,
03A0,
030C,
027F,
01F9,
017C,
0108,
009E,
003F,
FFEB,
FFA2,
FF66,
FF37,
FF15,
FF01,
FEFB,
FF03,
FF1A,
FF3F,
FF74,
FFB8,
000B,
006D,
00DF,
0160,
01EF,
028D,
033A,
03F5,
04BD,
0593,
0675,
0763,
085D,
0962,
0A71,
0B89,
0CAA,
0DD2,
0F01,
1036,
116F,
12AD,
13ED,
152F,
1671,
17B3,
18F3,
1A30,
1B69,
1C9C,
1DCA,
1EF0,
200D,
2120,
2228,
2323,
2410,
24EF,
25BE,
267C,
2728,
27C0,
2845,
28B5,
290F,
2953,
297F,
2993,
298F,
2972,
293B,
28E9,
287E,
27F8,
2758,
269C,
25C7,
24D6,
23CC,
22A7,
2169,
2012,
1EA4,
1D1D,
1B80,
19CD,
1805,
1629,
143A,
123A,
1029,
0E09,
0BDC,
09A3,
075F,
0512,
02BF,
0066,
FE09,
FBAA,
F94B,
F6EE,
F494,
F23F,
EFF2,
EDAE,
EB74,
E947,
E729,
E51A,
E31D,
E133,
DF5E,
DD9F,
DBF9,
DA6B,
D8F8,
D7A0,
D665,
D547,
D447,
D366,
D2A5,
D203,
D182,
D121,
D0E1,
D0C2,
D0C2,
D0E3,
D124,
D184,
D202,
D29F,
D358,
D42D,
D51D,
D627,
D74A,
D884,
D9D3,
DB37,
DCAD,
DE35,
DFCB,
E170,
E321,
E4DC,
E69F,
E869,
EA37,
EC09,
EDDB,
EFAD,
F17D,
F349,
F510,
F6CF,
F886,
FA33,
FBD5,
FD6B,
FEF3,
006C,
01D6,
032F,
0478,
05AE,
06D2,
07E4,
08E2,
09CE,
0AA6,
0B6B,
0C1D,
0CBD,
0D49,
0DC4,
0E2E,
0E87,
0ED0,
0F0A,
0F35,
0F53,
0F64,
0F6A,
0F67,
0F5A,
0F45,
0F2B,
0F0B,
0EE7,
0EC1,
0E9A,
0E73,
0E4D,
0E2A,
0E0A,
0DEF,
0DDB,
0DCD,
0DC8,
0DCB,
0DD8,
0DF0,
0E12,
0E40,
0E7A,
0EC1,
0F14,
0F74,
0FE2,
105B,
10E2,
1174,
1213,
12BC,
1371,
142F,
14F7,
15C7,
169E,
177C,
185F,
1947,
1A31,
1B1D,
1C09,
1CF5,
1DDE,
1EC3,
1FA3,
207D,
214F,
2217,
22D5,
2386,
242B,
24C0,
2546,
25BB,
261E,
266E,
26A9,
26D0,
26E1,
26DC,
26BF,
268C,
2641,
25DE,
2563,
24D1,
2426,
2364,
228B,
219B,
2095,
1F79,
1E49,
1D05,
1BAF,
1A46,
18CD,
1745,
15AE,
140B,
125D,
10A5,
0EE5,
0D1E,
0B51,
0982,
07B0,
05DF,
040E,
0241,
0078,
FEB6,
FCFA,
FB47,
F99F,
F802,
F671,
F4EF,
F37B,
F217,
F0C4,
EF83,
EE54,
ED37,
EC2E,
EB39,
EA57,
E98A,
E8D1,
E82C,
E79B,
E71E,
E6B5,
E65E,
E61B,
E5E9,
E5C8,
E5B9,
E5B9,
E5C7,
E5E4,
E60D,
E643,
E683,
E6CE,
E722,
E77D,
E7DF,
E847,
E8B3,
E923,
E995,
EA08,
EA7C,
EAEF,
EB61,
EBD1,
EC3D,
ECA6,
ED0A,
ED6A,
EDC3,
EE17,
EE64,
EEAA,
EEE9,
EF21,
EF51,
EF7A,
EF9C,
EFB6,
EFC8,
EFD4,
EFD8,
EFD7,
EFCF,
EFC2,
EFAF,
EF98,
EF7D,
EF5E,
EF3D,
EF19,
EEF3,
EECD,
EEA5,
EE7E,
EE57,
EE31,
EE0D,
EDEA,
EDCB,
EDAE,
ED94,
ED7E,
ED6B,
ED5D,
ED52,
ED4C,
ED4A,
ED4C,
ED52,
ED5C,
ED69,
ED79,
ED8C,
EDA3,
EDBB,
EDD5,
EDF0,
EE0C,
EE28,
EE44,
EE5E,
EE76,
EE8B,
EE9D,
EEAB,
EEB4,
EEB7,
EEB4,
EEAA,
EE99,
EE80,
EE5D,
EE32,
EDFD,
EDBE,
ED75,
ED21,
ECC2,
EC58,
EBE4,
EB65,
EADB,
EA45,
E9A6,
E8FD,
E84B,
E790,
E6CE,
E605,
E537,
E463,
E38C,
E2B2,
E1D6,
E0FA,
E020,
DF47,
DE73,
DDA4,
DCDC,
DC1D,
DB68,
DABE,
DA21,
D993,
D915,
D8A8,
D84F,
D80A,
D7DA,
D7C2,
D7C2,
D7DA,
D80E,
D85D,
D8C8,
D94F,
D9F3,
DAB5,
DB94,
DC90,
DDAA,
DEE1,
E035,
E1A5,
E331,
E4D7,
E698,
E871,
EA61,
EC68,
EE83,
F0B1,
F2F0,
F53D,
F798,
F9FD,
FC6B,
FEDF,
0157,
03D0,
0648,
08BC,
0B2A,
0D90,
0FEA,
1238,
1476,
16A1,
18B7,
1AB6,
1C9B,
1E65,
2011,
219E,
230A,
2454,
2579,
267A,
2754,
2808,
2895,
28FA,
2937,
294B,
2939,
28FF,
289E,
2818,
276D,
269F,
25AE,
249E,
236F,
2224,
20BE,
1F40,
1DAD,
1C05,
1A4C,
1886,
16B6,
14DD,
12FE,
111E,
0F3F,
0D63,
0B8D,
09C1,
0801,
0650,
04B1,
0325,
01AF,
0052,
FF0F,
FDE9,
FCE0,
FBF6,
FB2D,
FA86,
FA01,
F99E,
F95F,
F944,
F94B,
F975,
F9C2,
FA2F,
FABD,
FB69,
FC31,
FD16,
FE14,
FF2A,
0056,
0194,
02E3,
0440,
05A7,
0717,
088C,
0A04,
0B7B,
0CEE,
0E5B,
0FBF,
1116,
125E,
1394,
14B6,
15C1,
16B3,
1789,
1843,
18DD,
1957,
19AF,
19E4,
19F4,
19E1,
19A8,
1949,
18C4,
181B,
174E,
165D,
154B,
1418,
12C5,
1155,
0FCA,
0E25,
0C69,
0A99,
08B7,
06C5,
04C8,
02C1,
00B4,
FEA4,
FC95,
FA88,
F882,
F685,
F495,
F2B5,
F0E7,
EF2F,
ED8F,
EC09,
EAA1,
E958,
E830,
E72B,
E64B,
E592,
E500,
E497,
E457,
E441,
E455,
E494,
E4FD,
E58F,
E64B,
E72E,
E839,
E969,
EABD,
EC33,
EDCA,
EF7F,
F14F,
F33A,
F53B,
F751,
F979,
FBAF,
FDF2,
003D,
028F,
04E3,
0738,
098A,
0BD7,
0E1C,
1056,
1282,
149D,
16A6,
1899,
1A75,
1C38,
1DDF,
1F69,
20D5,
2220,
234B,
2453,
2539,
25FB,
2699,
2713,
2769,
279B,
27AA,
2795,
275E,
2705,
268C,
25F3,
253C,
2468,
2379,
2271,
2150,
201A,
1ED0,
1D74,
1C07,
1A8D,
1907,
1777,
15DF,
1442,
12A1,
10FF,
0F5D,
0DBE,
0C24,
0A91,
0906,
0785,
0611,
04A9,
0351,
020A,
00D4,
FFB1,
FEA2,
FDA8,
FCC5,
FBF7,
FB42,
FAA3,
FA1D,
F9B0,
F95B,
F91E,
F8FA,
F8EF,
F8FB,
F91E,
F958,
F9A8,
FA0D,
FA86,
FB12,
FBB1,
FC60,
FD1F,
FDEC,
FEC7,
FFAD,
009C,
0194,
0293,
0397,
049E,
05A7,
06AF,
07B6,
08BA,
09B8,
0AAF,
0B9D,
0C81,
0D59,
0E23,
0EDF,
0F8A,
1023,
10AA,
111C,
1178,
11BE,
11EC,
1202,
11FF,
11E2,
11AB,
115A,
10EE,
1068,
0FC7,
0F0B,
0E36,
0D47,
0C40,
0B21,
09EA,
089E,
073D,
05C9,
0443,
02AD,
0107,
FF56,
FD99,
FBD3,
FA06,
F835,
F660,
F48E,
F2BE,
F0F2,
EF2C,
ED6F,
EBBD,
EA18,
E882,
E6FE,
E58E,
E434,
E2F1,
E1C7,
E0B9,
DFC7,
DEF4,
DE40,
DDAE,
DD3D,
DCEF,
DCC4,
DCBE,
DCDC,
DD1F,
DD86,
DE12,
DEC2,
DF95,
E08C,
E1A5,
E2DF,
E438,
E5AF,
E743,
E8F3,
EABB,
EC9C,
EE92,
F09B,
F2B6,
F4DF,
F715,
F956,
FB9D,
FDEB,
003A,
028B,
04D8,
0722,
0964,
0B9C,
0DCA,
0FE9,
11F8,
13F5,
15DF,
17B3,
196F,
1B13,
1C9D,
1E0C,
1F5F,
2095,
21AC,
22A4,
237C,
2436,
24D1,
254D,
25AB,
25EB,
260E,
2615,
2600,
25D1,
2589,
2529,
24B3,
2428,
238A,
22DA,
221B,
214D,
2074,
1F90,
1EA5,
1DB3,
1CBC,
1BC3,
1AC9,
19D1,
18DB,
17EA,
16FF,
161C,
1542,
1474,
13B2,
12FD,
1256,
11BD,
1135,
10BD,
1055,
0FFF,
0FBA,
0F86,
0F64,
0F53,
0F53,
0F63,
0F83,
0FB3,
0FF1,
103D,
1095,
10F9,
1168,
11DF,
125F,
12E5,
1371,
1400,
1493,
1526,
15B9,
164A,
16D8,
1762,
17E7,
1864,
18DA,
1946,
19A7,
19FD,
1A46,
1A82,
1AAF,
1ACD,
1ADC,
1ADB,
1AC9,
1AA7,
1A73,
1A2E,
19D9,
1972,
18FB,
1873,
17DB,
1734,
167E,
15BA,
14E9,
140B,
1322,
122E,
1131,
102B,
0F1F,
0E0D,
0CF6,
0BDC,
0ABF,
09A1,
0883,
0766,
064C,
0536,
0424,
0318,
0213,
0116,
0021,
FF36,
FE56,
FD81,
FCB7,
FBFA,
FB4A,
FAA6,
FA10,
F988,
F90E,
F8A1,
F842,
F7F0,
F7AC,
F775,
F74B,
F72C,
F71A,
F711,
F713,
F71F,
F733,
F750,
F774,
F79F,
F7D0,
F806,
F840,
F87D,
F8BD,
F8FE,
F941,
F983,
F9C4,
FA04,
FA42,
FA7D,
FAB5,
FAE8,
FB18,
FB43,
FB69,
FB8A,
FBA5,
FBBB,
FBCB,
FBD5,
FBDA,
FBD9,
FBD3,
FBC7,
FBB6,
FBA0,
FB87,
FB6A,
FB4A,
FB28,
FB04,
FADF,
FAB9,
FA93,
FA6E,
FA49,
FA27,
FA06,
F9E9,
F9CF,
F9B9,
F9A7,
F99A,
F992,
F98F,
F993,
F99C,
F9AB,
F9C0,
F9DB,
F9FD,
FA24,
FA51,
FA83,
FABA,
FAF6,
FB36,
FB79,
FBC0,
FC08,
FC51,
FC9B,
FCE5,
FD2D,
FD73,
FDB6,
FDF5,
FE2E,
FE62,
FE8E,
FEB2,
FECC,
FEDD,
FEE2,
FEDB,
FEC7,
FEA6,
FE76,
FE37,
FDE8,
FD89,
FD1A,
FC99,
FC07,
FB65,
FAB0,
F9EB,
F914,
F82D,
F736,
F630,
F51B,
F3F7,
F2C7,
F18B,
F045,
EEF4,
ED9C,
EC3E,
EADA,
E973,
E80B,
E6A3,
E53D,
E3DB,
E280,
E12D,
DFE4,
DEA7,
DD79,
DC5B,
DB4F,
DA58,
D977,
D8AF,
D800,
D76E,
D6F9,
D6A3,
D66E,
D65B,
D66B,
D69F,
D6F8,
D777,
D81C,
D8E8,
D9DB,
DAF5,
DC35,
DD9C,
DF2A,
E0DC,
E2B3,
E4AE,
E6CB,
E908,
EB65,
EDDF,
F074,
F323,
F5E9,
F8C4,
FBB1,
FEAE,
01B8,
04CC,
07E7,
0B06,
0E26,
1145,
145D,
176E,
1A73,
1D6A,
204F,
2320,
25D9,
2877,
2AF9,
2D5B,
2F9A,
31B5,
33A8,
3573,
3712,
3885,
39C9,
3ADD,
3BC0,
3C71,
3CEF,
3D39,
3D50,
3D32,
3CE0,
3C5B,
3BA2,
3AB7,
3999,
384C,
36CE,
3523,
334B,
3148,
2F1C,
2CCB,
2A55,
27BE,
2508,
2235,
1F49,
1C46,
192F,
1606,
12D0,
0F8E,
0C45,
08F6,
05A5,
0254,
FF08,
FBC1,
F884,
F553,
F231,
EF20,
EC22,
E93A,
E66A,
E3B3,
E119,
DE9C,
DC3E,
DA00,
D7E4,
D5EB,
D416,
D265,
D0D9,
CF73,
CE33,
CD18,
CC23,
CB53,
CAA8,
CA22,
C9C0,
C981,
C964,
C967,
C98B,
C9CD,
CA2D,
CAA9,
CB3F,
CBEE,
CCB4,
CD90,
CE7F,
CF82,
D094,
D1B6,
D2E5,
D420,
D565,
D6B3,
D806,
D95F,
DABC,
DC1C,
DD7D,
DEDF,
E040,
E19F,
E2FB,
E454,
E5A9,
E6F9,
E843,
E988,
EAC6,
EBFE,
ED2F,
EE59,
EF7C,
F099,
F1AF,
F2BE,
F3C7,
F4CA,
F5C8,
F6C1,
F7B5,
F8A4,
F990,
FA79,
FB60,
FC44,
FD28,
FE0A,
FEED,
FFCF,
00B2,
0196,
027B,
0361,
044A,
0534,
0621,
070F,
0800,
08F3,
09E9,
0ADF,
0BD8,
0CD2,
0DCC,
0EC7,
0FC2,
10BC,
11B4,
12AB,
139F,
148F,
157B,
1662,
1743,
181D,
18F0,
19BA,
1A79,
1B2E,
1BD7,
1C75,
1D05,
1D88,
1DFD,
1E63,
1EBA,
1F01,
1F38,
1F5E,
1F73,
1F77,
1F69,
1F4B,
1F1B,
1EDA,
1E88,
1E26,
1DB3,
1D31,
1C9F,
1BFF,
1B52,
1A97,
19D0,
18FD,
1820,
173A,
164C,
1556,
1459,
1357,
1251,
1148,
103D,
0F32,
0E28,
0D1F,
0C19,
0B18,
0A1B,
0924,
0834,
074B,
066B,
0595,
04C8,
0406,
034E,
02A2,
0202,
016D,
00E4,
0068,
FFF7,
FF92,
FF39,
FEEB,
FEA8,
FE70,
FE41,
FE1C,
FE02,
FDEF,
FDE4,
FDE0,
FDE0,
FDE6,
FDEF,
FDFB,
FE08,
FE17,
FE24,
FE31,
FE3C,
FE43,
FE47,
FE45,
FE3E,
FE31,
FE1D,
FE01,
FDDD,
FDB1,
FD7C,
FD3E,
FCF7,
FCA7,
FC4E,
FBEB,
FB81,
FB0D,
FA92,
FA10,
F987,
F8F8,
F864,
F7CC,
F731,
F695,
F5F8,
F55B,
F4C1,
F42A,
F398,
F30C,
F288,
F20E,
F19E,
F13A,
F0E4,
F09C,
F066,
F041,
F02F,
F030,
F048,
F075,
F0BA,
F116,
F18B,
F218,
F2BF,
F380,
F45B,
F54F,
F65E,
F785,
F8C5,
FA1D,
FB8C,
FD10,
FEAA,
0056,
0215,
03E4,
05C2,
07AD,
09A3,
0BA1,
0DA6,
0FB0,
11BB,
13C6,
15CE,
17D1,
19CC,
1BBD,
1DA0,
1F74,
2137,
22E4,
247C,
25FA,
275C,
28A2,
29C8,
2ACD,
2BAF,
2C6C,
2D03,
2D74,
2DBC,
2DDC,
2DD2,
2D9F,
2D41,
2CBA,
2C09,
2B2E,
2A2B,
2901,
27B0,
2639,
249F,
22E3,
2107,
1F0D,
1CF7,
1AC9,
1883,
162A,
13C1,
1149,
0EC6,
0C3B,
09AC,
071C,
048D,
0204,
FF81,
FD09,
FAA1,
F84A,
F608,
F3DF,
F1D0,
EFDE,
EE0C,
EC5D,
EAD1,
E96C,
E82F,
E71C,
E633,
E575,
E4E5,
E481,
E44B,
E442,
E466,
E4B7,
E533,
E5DB,
E6AC,
E7A5,
E8C4,
EA08,
EB6D,
ECF3,
EE96,
F053,
F229,
F413,
F60F,
F819,
FA2D,
FC48,
FE66,
0084,
029F,
04B2,
06BA,
08B5,
0A9D,
0C70,
0E2C,
0FCC,
114E,
12AF,
13ED,
1505,
15F6,
16BC,
1758,
17C6,
1807,
1819,
17FC,
17B0,
1734,
1689,
15AF,
14A8,
1375,
1217,
1090,
0EE1,
0D0E,
0B18,
0903,
06D1,
0487,
0226,
FFB3,
FD32,
FAA7,
F815,
F581,
F2EE,
F062,
EDE0,
EB6D,
E90C,
E6C2,
E493,
E283,
E096,
DECF,
DD32,
DBC2,
DA83,
D977,
D8A1,
D803,
D79F,
D777,
D78C,
D7E0,
D873,
D946,
DA58,
DBAA,
DD3B,
DF09,
E115,
E35B,
E5DA,
E88F,
EB78,
EE93,
F1DA,
F54C,
F8E4,
FC9F,
0077,
0469,
086F,
0C86,
10A7,
14CF,
18F7,
1D1B,
2135,
2541,
2939,
2D17,
30D8,
3476,
37EC,
3B36,
3E50,
4134,
43E0,
464F,
487E,
4A69,
4C0F,
4D6C,
4E7F,
4F45,
4FBD,
4FE6,
4FC0,
4F4A,
4E84,
4D6F,
4C0B,
4A5B,
485F,
461A,
438E,
40BD,
3DAC,
3A5E,
36D5,
3317,
2F27,
2B0B,
26C6,
225D,
1DD7,
1937,
1485,
0FC4,
0AFB,
0630,
0167,
FCA6,
F7F4,
F354,
EECD,
EA64,
E61E,
E1FF,
DE0C,
DA4A,
D6BD,
D368,
D04F,
CD75,
CADE,
C88B,
C67F,
C4BC,
C343,
C215,
C134,
C09E,
C055,
C058,
C0A6,
C13E,
C21F,
C346,
C4B1,
C65E,
C849,
CA70,
CCD0,
CF63,
D227,
D517,
D830,
DB6B,
DEC6,
E23B,
E5C5,
E95F,
ED05,
F0B2,
F460,
F80B,
FBAE,
FF44,
02CA,
0639,
098F,
0CC8,
0FDE,
12D0,
1598,
1836,
1AA5,
1CE3,
1EEF,
20C6,
2266,
23CF,
24FF,
25F6,
26B4,
2739,
2785,
2799,
2776,
271D,
2691,
25D3,
24E6,
23CB,
2286,
211A,
1F8A,
1DD8,
1C09,
1A20,
1822,
1611,
13F1,
11C7,
0F97,
0D64,
0B32,
0906,
06E2,
04CC,
02C6,
00D3,
FEF8,
FD36,
FB91,
FA0C,
F8AA,
F76B,
F653,
F562,
F49C,
F3FF,
F38F,
F34A,
F331,
F346,
F386,
F3F1,
F488,
F548,
F630,
F73F,
F873,
F9CA,
FB40,
FCD5,
FE85,
004D,
022A,
041A,
0618,
081F,
0A2F,
0C43,
0E58,
106B,
1278,
147C,
1674,
185C,
1A31,
1BF0,
1D96,
1F21,
208E,
21DA,
2303,
2407,
24E5,
259B,
2627,
268A,
26C1,
26CD,
26AD,
2661,
25EA,
2548,
247C,
2387,
226B,
2128,
1FC1,
1E38,
1C8F,
1AC8,
18E6,
16EC,
14DC,
12BA,
1088,
0E4A,
0C04,
09B7,
0769,
051C,
02D3,
0092,
FE5D,
FC35,
FA1F,
F81E,
F634,
F464,
F2B2,
F11E,
EFAC,
EE5D,
ED34,
EC32,
EB59,
EAAA,
EA25,
E9CC,
E99E,
E9A1,
E9CF,
EA2A,
EAB0,
EB60,
EC3B,
ED3D,
EE67,
EFB6,
F128,
F2BB,
F46C,
F63B,
F822,
FA21,
FC34,
FE58,
008A,
02C6,
050A,
0752,
099C,
0BE2,
0E24,
105C,
1289,
14A7,
16B2,
18A9,
1A87,
1C4B,
1DF3,
1F7C,
20E3,
2228,
2347,
243F,
2510,
25B7,
2634,
2686,
26AC,
26A7,
2676,
2619,
2591,
24DE,
2401,
22FC,
21CF,
207C,
1F04,
1D6A,
1BAF,
19D5,
17DF,
15CF,
13A8,
116B,
0F1C,
0CBE,
0A53,
07DD,
0561,
02E1,
0060,
FDE0,
FB63,
F8EE,
F681,
F421,
F1CF,
EF8E,
ED5F,
EB46,
E943,
E75A,
E58B,
E3D8,
E242,
E0CB,
DF73,
DE3C,
DD26,
DC31,
DB5E,
DAAD,
DA1D,
D9AF,
D962,
D935,
D928,
D939,
D969,
D9B4,
DA1B,
DA9A,
DB32,
DBE0,
DCA3,
DD79,
DE61,
DF58,
E05D,
E16D,
E287,
E3A8,
E4CF,
E5FA,
E727,
E854,
E97F,
EAA6,
EBC8,
ECE3,
EDF6,
EEFF,
EFFD,
F0EF,
F1D3,
F2A9,
F370,
F428,
F4CF,
F565,
F5E9,
F65D,
F6BE,
F70D,
F74A,
F776,
F791,
F79C,
F797,
F783,
F761,
F731,
F6F4,
F6AC,
F659,
F5FC,
F597,
F52A,
F4B6,
F43E,
F3C0,
F340,
F2BE,
F23A,
F1B7,
F135,
F0B5,
F037,
EFBE,
EF49,
EED9,
EE70,
EE0D,
EDB2,
ED5E,
ED12,
ECCF,
EC95,
EC62,
EC39,
EC18,
EC00,
EBF0,
EBE9,
EBE9,
EBF2,
EC02,
EC19,
EC37,
EC5C,
EC86,
ECB6,
ECEB,
ED24,
ED61,
EDA2,
EDE5,
EE2B,
EE72,
EEBB,
EF05,
EF50,
EF9B,
EFE5,
F030,
F07A,
F0C3,
F10B,
F153,
F199,
F1DF,
F224,
F269,
F2AE,
F2F2,
F337,
F37D,
F3C5,
F40E,
F459,
F4A7,
F4F9,
F54F,
F5A9,
F60A,
F670,
F6DD,
F752,
F7CF,
F855,
F8E5,
F97F,
FA23,
FAD4,
FB90,
FC59,
FD2E,
FE11,
FF01,
FFFE,
0109,
0222,
0348,
047C,
05BE,
070C,
0866,
09CD,
0B3E,
0CBA,
0E40,
0FCE,
1164,
1300,
14A1,
1646,
17EC,
1994,
1B3A,
1CDE,
1E7E,
2017,
21A8,
2330,
24AB,
2619,
2777,
28C3,
29FC,
2B1F,
2C2B,
2D1D,
2DF3,
2EAC,
2F47,
2FC2,
301B,
3051,
3063,
304F,
3014,
2FB1,
2F27,
2E73,
2D95,
2C8D,
2B5C,
29FF,
2879,
26C9,
24EF,
22ED,
20C3,
1E71,
1BF9,
195D,
169D,
13BC,
10BB,
0D9B,
0A5F,
0709,
039B,
0017,
FC81,
F8DA,
F525,
F165,
ED9D,
E9CF,
E5FE,
E22E,
DE60,
DA98,
D6D8,
D324,
CF7E,
CBE9,
C868,
C4FD,
C1AB,
BE74,
BB5B,
B861,
B58A,
B2D6,
B049,
ADE3,
ABA6,
A994,
A7AF,
A5F6,
A46C,
A310,
A1E5,
A0E9,
A01E,
9F84,
9F19,
9EE0,
9ED6,
9EFC,
9F51,
9FD4,
A085,
A161,
A269,
A39A,
A4F3,
A672,
A817,
A9DE,
ABC7,
ADCF,
AFF4,
B234,
B48C,
B6FC,
B980,
BC16,
BEBC,
C16F,
C42D,
C6F4,
C9C2,
CC94,
CF68,
D23A,
D50A,
D7D6,
DA9B,
DD58,
E00A,
E2B0,
E548,
E7D1,
EA49,
ECAE,
EEFF,
F13C,
F362,
F571,
F767,
F945,
FB0A,
FCB4,
FE44,
FFB9,
0113,
0252,
0376,
0480,
056E,
0642,
06FD,
079E,
0827,
0897,
08F1,
0936,
0965,
0981,
0989,
0980,
0966,
093C,
0904,
08BF,
086E,
0813,
07AF,
0743,
06D1,
0659,
05DE,
0561,
04E2,
0464,
03E7,
036C,
02F5,
0283,
0218,
01B3,
0156,
0102,
00B8,
0078,
0044,
001C,
0000,
FFF3,
FFF4,
0003,
0020,
004C,
0087,
00D0,
0129,
0191,
0208,
028D,
0321,
03C3,
0474,
0531,
05FC,
06D3,
07B5,
08A3,
099C,
0A9D,
0BA8,
0CBA,
0DD4,
0EF3,
1017,
113F,
126A,
1396,
14C3,
15EF,
171A,
1841,
1964,
1A81,
1B98,
1CA7,
1DAD,
1EA8,
1F98,
207C,
2153,
221A,
22D2,
237A,
2410,
2493,
2504,
2560,
25A8,
25DB,
25F8,
25FF,
25EF,
25C9,
258B,
2536,
24CA,
2447,
23AC,
22FB,
2233,
2155,
2062,
1F59,
1E3C,
1D0B,
1BC8,
1A73,
190D,
1798,
1614,
1484,
12E8,
1141,
0F93,
0DDC,
0C21,
0A62,
08A0,
06DE,
051D,
0360,
01A7,
FFF4,
FE4A,
FCAA,
FB16,
F990,
F818,
F6B1,
F55D,
F41C,
F2F0,
F1DB,
F0DD,
EFF9,
EF2F,
EE80,
EDED,
ED76,
ED1C,
ECDF,
ECC0,
ECBF,
ECDC,
ED18,
ED70,
EDE7,
EE7A,
EF2A,
EFF5,
F0DB,
F1DB,
F2F3,
F423,
F568,
F6C2,
F82F,
F9AC,
FB39,
FCD4,
FE7A,
0029,
01E0,
039C,
055B,
071B,
08DA,
0A96,
0C4C,
0DFA,
0F9E,
1136,
12BF,
1438,
159F,
16F1,
182D,
1951,
1A5C,
1B4C,
1C20,
1CD7,
1D6E,
1DE7,
1E3F,
1E76,
1E8C,
1E81,
1E53,
1E04,
1D94,
1D02,
1C50,
1B7F,
1A8E,
1980,
1855,
170F,
15AD,
1434,
12A4,
1101,
0F4B,
0D86,
0BB3,
09D4,
07EC,
05FE,
040C,
0219,
0027,
FE38,
FC50,
FA70,
F89D,
F6D7,
F521,
F37E,
F1F0,
F07A,
EF1C,
EDDA,
ECB6,
EBB0,
EACA,
EA06,
E966,
E8E9,
E892,
E860,
E855,
E870,
E8B2,
E91B,
E9AA,
EA5F,
EB39,
EC37,
ED59,
EE9D,
F002,
F186,
F327,
F4E4,
F6B9,
F8A6,
FAA8,
FCBB,
FEDF,
010F,
034A,
058C,
07D2,
0A1A,
0C61,
0EA3,
10DE,
130F,
1533,
1746,
1947,
1B32,
1D08,
1EC2,
205F,
21DC,
2338,
2470,
2583,
266E,
2731,
27CA,
2838,
287A,
2890,
2879,
2835,
27C4,
2726,
265C,
2565,
2444,
22F9,
2185,
1FEA,
1E29,
1C44,
1A3C,
1815,
15D0,
136F,
10F5,
0E65,
0BC0,
090C,
064A,
037C,
00A6,
FDC9,
FAEA,
F80A,
F52D,
F256,
EF88,
ECC4,
EA0F,
E769,
E4D7,
E25A,
DFF5,
DDA9,
DB79,
D967,
D774,
D5A2,
D3F1,
D265,
D0FC,
CFB9,
CE9C,
CDA5,
CCD4,
CC2B,
CBA8,
CB4C,
CB17,
CB07,
CB1D,
CB57,
CBB4,
CC33,
CCD3,
CD93,
CE70,
CF6A,
D07F,
D1AD,
D2F2,
D44C,
D5B9,
D738,
D8C7,
DA63,
DC0A,
DDBB,
DF74,
E132,
E2F4,
E4B8,
E67D,
E840,
EA01,
EBBD,
ED73,
EF22,
F0C9,
F266,
F3F9,
F580,
F6FB,
F869,
F9CA,
FB1E,
FC64,
FD9B,
FEC5,
FFE1,
00EF,
01F0,
02E4,
03CB,
04A6,
0576,
063B,
06F6,
07A7,
0851,
08F2,
098D,
0A21,
0AB1,
0B3D,
0BC5,
0C4B,
0CCF,
0D52,
0DD5,
0E58,
0EDC,
0F62,
0FE8,
1070,
10FC,
118A,
121A,
12AE,
1345,
13DE,
147A,
1517,
15B6,
1657,
16F7,
1798,
1837,
18D4,
196F,
1A05,
1A97,
1B23,
1BA7,
1C23,
1C96,
1CFF,
1D5B,
1DAA,
1DEC,
1E1E,
1E3F,
1E4F,
1E4D,
1E37,
1E0C,
1DCB,
1D74,
1D08,
1C84,
1BE9,
1B36,
1A6B,
1989,
188F,
177D,
1654,
1515,
13BF,
1254,
10D4,
0F40,
0D9A,
0BE2,
0A1A,
0844,
0661,
0472,
0279,
0079,
FE73,
FC68,
FA5C,
F84F,
F645,
F43E,
F23E,
F046,
EE59,
EC78,
EAA5,
E8E2,
E732,
E596,
E410,
E2A1,
E14C,
E011,
DEF2,
DDF0,
DD0D,
DC49,
DBA4,
DB21,
DABE,
DA7D,
DA5E,
DA60,
DA83,
DAC8,
DB2D,
DBB3,
DC57,
DD1A,
DDFA,
DEF6,
E00C,
E13B,
E281,
E3DD,
E54D,
E6CE,
E85F,
E9FE,
EBA8,
ED5C,
EF16,
F0D6,
F297,
F459,
F61A,
F7D5,
F98B,
FB38,
FCDA,
FE70,
FFF8,
016F,
02D5,
0427,
0564,
068C,
079C,
0893,
0972,
0A37,
0AE1,
0B71,
0BE6,
0C40,
0C7F,
0CA4,
0CAE,
0C9F,
0C77,
0C38,
0BE2,
0B77,
0AF8,
0A65,
09C2,
090F,
084E,
0781,
06AA,
05CB,
04E5,
03FA,
030E,
0220,
0134,
004C,
FF69,
FE8D,
FDBA,
FCF1,
FC35,
FB87,
FAE8,
FA5A,
F9DD,
F974,
F91E,
F8DE,
F8B3,
F89E,
F89E,
F8B6,
F8E3,
F927,
F981,
F9F0,
FA74,
FB0C,
FBB7,
FC74,
FD42,
FE20,
FF0C,
0005,
0109,
0216,
032A,
0444,
0561,
0680,
079F,
08BB,
09D2,
0AE2,
0BEA,
0CE7,
0DD7,
0EB9,
0F8A,
1048,
10F1,
1186,
1203,
1268,
12B3,
12E4,
12F9,
12F1,
12CD,
128A,
122A,
11AD,
1111,
1058,
0F81,
0E8E,
0D7F,
0C55,
0B11,
09B5,
0842,
06B9,
051C,
036E,
01AF,
FFE2,
FE0A,
FC28,
FA3F,
F851,
F660,
F471,
F285,
F09E,
EEC0,
ECEB,
EB23,
E96B,
E7C4,
E631,
E4B4,
E34F,
E205,
E0D6,
DFC5,
DED3,
DE02,
DD53,
DCC7,
DC5F,
DC1C,
DBFE,
DC05,
DC33,
DC86,
DCFF,
DD9D,
DE61,
DF48,
E052,
E17E,
E2CC,
E438,
E5C4,
E76B,
E92D,
EB07,
ECF7,
EEFB,
F111,
F337,
F56A,
F7A8,
F9EE,
FC3A,
FE89,
00DA,
0329,
0575,
07BA,
09F7,
0C2A,
0E4F,
1066,
126B,
145E,
163D,
1805,
19B6,
1B4E,
1CCC,
1E2F,
1F76,
20A0,
21AC,
229A,
2369,
241B,
24AE,
2523,
257A,
25B4,
25D2,
25D5,
25BD,
258B,
2541,
24E0,
246A,
23DF,
2342,
2295,
21D8,
210E,
2038,
1F58,
1E71,
1D84,
1C92,
1B9F,
1AAA,
19B7,
18C7,
17DB,
16F5,
1617,
1542,
1478,
13BA,
1308,
1264,
11CF,
1149,
10D3,
106E,
1019,
0FD5,
0FA2,
0F81,
0F70,
0F70,
0F80,
0FA0,
0FCE,
100B,
1056,
10AC,
110F,
117B,
11F1,
126F,
12F3,
137C,
140A,
149A,
152B,
15BC,
164C,
16D8,
175F,
17E1,
185C,
18CE,
1937,
1996,
19E9,
1A30,
1A6A,
1A96,
1AB2,
1AC0,
1ABD,
1AAB,
1A88,
1A54,
1A0F,
19B9,
1953,
18DC,
1856,
17BF,
171A,
1666,
15A4,
14D5,
13FA,
1314,
1223,
1129,
1027,
0F1F,
0E0F,
0CFB,
0BE3,
0AC9,
09AD,
0892,
0777,
065F,
054B,
043B,
0331,
022D,
0132,
003E,
FF54,
FE75,
FDA0,
FCD6,
FC19,
FB68,
FAC3,
FA2C,
F9A3,
F926,
F8B7,
F856,
F801,
F7BA,
F780,
F752,
F730,
F71A,
F70F,
F70F,
F718,
F72B,
F745,
F767,
F790,
F7BF,
F7F2,
F82A,
F866,
F8A3,
F8E3,
F924,
F965,
F9A5,
F9E5,
FA22,
FA5D,
FA96,
FACA,
FAFB,
FB28,
FB4F,
FB72,
FB90,
FBA9,
FBBC,
FBCA,
FBD2,
FBD5,
FBD3,
FBCB,
FBBF,
FBAE,
FB99,
FB81,
FB65,
FB47,
FB27,
FB05,
FAE2,
FABF,
FA9C,
FA7A,
FA58,
FA39,
FA1C,
FA02,
F9EC,
F9D9,
F9CA,
F9C0,
F9BB,
F9BC,
F9C2,
F9CD,
F9DE,
F9F5,
FA12,
FA34,
FA5C,
FA88,
FABA,
FAF1,
FB2B,
FB69,
FBAA,
FBED,
FC32,
FC77,
FCBD,
FD01,
FD44,
FD84,
FDC0,
FDF7,
FE29,
FE54,
FE77,
FE92,
FEA3,
FEA9,
FEA4,
FE93,
FE74,
FE48,
FE0C,
FDC2,
FD68,
FCFD,
FC82,
FBF6,
FB59,
FAAA,
F9EB,
F91B,
F83A,
F749,
F648,
F539,
F41B,
F2F0,
F1B9,
F077,
EF2B,
EDD6,
EC7A,
EB19,
E9B4,
E84D,
E6E6,
E580,
E41E,
E2C1,
E16C,
E021,
DEE1,
DDAF,
DC8C,
DB7C,
DA80,
D999,
D8CA,
D816,
D77C,
D700,
D6A3,
D665,
D648,
D64F,
D679,
D6C9,
D73E,
D7DA,
D89D,
D987,
DA99,
DBD2,
DD33,
DEBA,
E068,
E23B,
E433,
E64E,
E88B,
EAE8,
ED64,
EFFD,
F2B1,
F57D,
F85F,
FB54,
FE5B,
0170,
0490,
07B8,
0AE6,
0E16,
1145,
146F,
1791,
1AA9,
1DB3,
20AB,
238E,
265A,
290B,
2B9F,
2E12,
3061,
328B,
348C,
3662,
380B,
3986,
3AD0,
3BE7,
3CCB,
3D7A,
3DF3,
3E35,
3E41,
3E15,
3DB2,
3D18,
3C47,
3B41,
3A06,
3897,
36F5,
3523,
3322,
30F3,
2E9B,
2C1A,
2974,
26AC,
23C4,
20C0,
1DA2,
1A6F,
1729,
13D3,
1073,
0D0B,
099E,
0631,
02C7,
FF64,
FC0B,
F8C0,
F587,
F262,
EF56,
EC65,
E992,
E6E1,
E453,
E1EC,
DFAF,
DD9C,
DBB7,
DA00,
D879,
D724,
D603,
D515,
D45B,
D3D7,
D388,
D36E,
D389,
D3D8,
D45B,
D510,
D5F6,
D70C,
D850,
D9C1,
DB5B,
DD1D,
DF05,
E110,
E33B,
E583,
E7E6,
EA61,
ECEF,
EF8F,
F23D,
F4F5,
F7B5,
FA79,
FD3E,
0000,
02BC,
056F,
0817,
0AAF,
0D37,
0FA9,
1205,
1448,
166F,
1878,
1A62,
1C2A,
1DCF,
1F4F,
20AA,
21DE,
22EA,
23CF,
248B,
251F,
258A,
25CD,
25E9,
25DE,
25AC,
2556,
24DD,
2441,
2384,
22A9,
21B1,
209E,
1F72,
1E31,
1CDB,
1B73,
19FD,
187A,
16EC,
1558,
13BE,
1222,
1087,
0EEE,
0D5A,
0BCE,
0A4C,
08D6,
076E,
0617,
04D1,
03A0,
0284,
017E,
0091,
FFBD,
FF04,
FE65,
FDE3,
FD7C,
FD31,
FD03,
FCF2,
FCFC,
FD21,
FD61,
FDBB,
FE2E,
FEBA,
FF5C,
0014,
00E0,
01BE,
02AD,
03AB,
04B7,
05CD,
06ED,
0814,
0940,
0A6F,
0B9F,
0CCE,
0DFA,
0F20,
103E,
1154,
125E,
135B,
1449,
1526,
15F1,
16A9,
174B,
17D8,
184D,
18A9,
18ED,
1917,
1926,
191A,
18F4,
18B2,
1855,
17DE,
174C,
16A0,
15DB,
14FD,
1408,
12FC,
11DB,
10A6,
0F5E,
0E06,
0C9E,
0B28,
09A6,
081B,
0687,
04ED,
034E,
01AE,
000D,
FE6F,
FCD4,
FB3F,
F9B3,
F831,
F6BB,
F554,
F3FC,
F2B5,
F182,
F064,
EF5C,
EE6C,
ED96,
ECD9,
EC39,
EBB4,
EB4D,
EB05,
EADA,
EAD0,
EAE4,
EB18,
EB6D,
EBE1,
EC74,
ED27,
EDF8,
EEE8,
EFF6,
F120,
F266,
F3C7,
F542,
F6D5,
F87F,
FA3C,
FC0E,
FDF2,
FFE7,
01EC,
03FD,
061B,
0842,
0A71,
0CA7,
0EE1,
111D,
135A,
1596,
17CF,
1A03,
1C30,
1E55,
2070,
227F,
2480,
2673,
2855,
2A25,
2BE2,
2D8B,
2F1D,
3099,
31FC,
3347,
3478,
358E,
3689,
3767,
3829,
38CE,
3956,
39C0,
3A0C,
3A3A,
3A4A,
3A3D,
3A12,
39CA,
3965,
38E5,
3848,
3791,
36BF,
35D4,
34D0,
33B5,
3284,
313C,
2FE1,
2E72,
2CF2,
2B61,
29C0,
2812,
2658,
2492,
22C3,
20EB,
1F0D,
1D2A,
1B43,
195B,
1772,
158A,
13A5,
11C4,
0FE8,
0E14,
0C48,
0A86,
08D0,
0726,
058A,
03FD,
0280,
0114,
FFBB,
FE76,
FD44,
FC28,
FB22,
FA32,
F95A,
F899,
F7F0,
F760,
F6E9,
F68A,
F644,
F618,
F602,
F604,
F61F,
F652,
F69D,
F6FE,
F775,
F802,
F8A4,
F958,
FA20,
FAF9,
FBE1,
FCD9,
FDDF,
FEF0,
000D,
0132,
025F,
0392,
04CA,
0604,
0740,
087B,
09B3,
0AE8,
0C17,
0D3F,
0E5D,
0F72,
107A,
1174,
1261,
133E,
1408,
14BF,
1562,
15EF,
1666,
16C5,
170D,
173B,
174F,
174A,
172A,
16EF,
169A,
162A,
15A0,
14FB,
143C,
1364,
1273,
116B,
104B,
0F16,
0DCB,
0C6D,
0AFD,
097D,
07ED,
064F,
04A6,
02F3,
0139,
FF79,
FDB5,
FBEF,
FA2A,
F866,
F6A7,
F4EF,
F340,
F19B,
F003,
EE7A,
ED03,
EB9E,
EA4E,
E915,
E7F4,
E6EE,
E603,
E535,
E485,
E3F6,
E386,
E339,
E30D,
E305,
E320,
E35F,
E3C1,
E448,
E4F2,
E5BF,
E6B0,
E7C3,
E8F7,
EA4B,
EBBF,
ED50,
EEFD,
F0C5,
F2A5,
F49C,
F6A7,
F8C5,
FAF2,
FD2D,
FF73,
01C2,
0416,
066D,
08C5,
0B1A,
0D69,
0FB1,
11ED,
141C,
163A,
1846,
1A3B,
1C19,
1DDC,
1F82,
210A,
2270,
23B4,
24D4,
25CD,
269E,
2747,
27C6,
281B,
2844,
2842,
2813,
27B9,
2733,
2682,
25A7,
24A2,
2374,
221F,
20A4,
1F05,
1D44,
1B63,
1964,
1749,
1515,
12CA,
106D,
0DFE,
0B82,
08FC,
066E,
03DC,
0149,
FEB6,
FC29,
F9A6,
F72E,
F4C7,
F272,
F033,
EE0D,
EC03,
EA18,
E84F,
E6AA,
E52B,
E3D5,
E2AA,
E1AC,
E0DC,
E03C,
DFCE,
DF91,
DF88,
DFB2,
E010,
E0A3,
E169,
E263,
E390,
E4EE,
E67E,
E83E,
EA2B,
EC46,
EE8A,
F0F6,
F388,
F63E,
F914,
FC08,
FF17,
023E,
0579,
08C5,
0C1F,
0F83,
12EE,
165D,
19CB,
1D35,
2097,
23EF,
2738,
2A70,
2D92,
309C,
338B,
365B,
390B,
3B96,
3DFB,
4038,
4249,
442F,
45E5,
476C,
48C2,
49E6,
4AD7,
4B94,
4C1D,
4C71,
4C92,
4C7F,
4C39,
4BC1,
4B17,
4A3E,
4935,
4800,
469F,
4516,
4365,
4190,
3F99,
3D82,
3B4E,
3900,
369B,
3423,
3199,
2F01,
2C5E,
29B4,
2704,
2454,
21A5,
1EFA,
1C55,
19BB,
172F,
14B2,
1247,
0FF1,
0DB3,
0B8D,
0982,
0795,
05C5,
0415,
0286,
0119,
FFCF,
FEA8,
FDA5,
FCC6,
FC0B,
FB74,
FB00,
FAAF,
FA81,
FA73,
FA86,
FAB8,
FB08,
FB73,
FBF9,
FC98,
FD4E,
FE19,
FEF6,
FFE4,
00E1,
01EB,
02FE,
041A,
053B,
0660,
0785,
08A9,
09CA,
0AE6,
0BF9,
0D03,
0E02,
0EF3,
0FD5,
10A6,
1165,
1210,
12A7,
1327,
1391,
13E3,
141D,
143E,
1446,
1435,
140A,
13C6,
1369,
12F4,
1268,
11C4,
110A,
103B,
0F57,
0E5F,
0D55,
0C3A,
0B10,
09D7,
0892,
0741,
05E7,
0485,
031D,
01B0,
0040,
FECF,
FD5E,
FBEE,
FA82,
F91A,
F7B9,
F65E,
F50D,
F3C5,
F287,
F156,
F031,
EF19,
EE10,
ED15,
EC29,
EB4C,
EA7F,
E9C1,
E913,
E874,
E7E4,
E763,
E6F0,
E68B,
E633,
E5E7,
E5A7,
E571,
E544,
E520,
E503,
E4EC,
E4DB,
E4CD,
E4C2,
E4B8,
E4AF,
E4A4,
E498,
E488,
E474,
E45A,
E43A,
E412,
E3E3,
E3AA,
E368,
E31B,
E2C3,
E260,
E1F2,
E178,
E0F3,
E061,
DFC5,
DF1D,
DE6B,
DDAE,
DCE7,
DC18,
DB41,
DA62,
D97E,
D895,
D7A7,
D6B8,
D5C7,
D4D7,
D3E9,
D2FE,
D218,
D139,
D062,
CF96,
CED4,
CE20,
CD7B,
CCE6,
CC64,
CBF6,
CB9C,
CB59,
CB2E,
CB1B,
CB23,
CB45,
CB84,
CBDF,
CC58,
CCF0,
CDA6,
CE7B,
CF6F,
D083,
D1B6,
D308,
D478,
D607,
D7B3,
D97C,
DB60,
DD60,
DF79,
E1AA,
E3F3,
E650,
E8C1,
EB45,
EDD8,
F07A,
F327,
F5DE,
F89D,
FB63,
FE2C,
00F7,
03C1,
0688,
094B,
0C05,
0EB7,
115C,
13F4,
167B,
18F1,
1B53,
1D9F,
1FD4,
21EF,
23F0,
25D5,
279C,
2945,
2ACE,
2C36,
2D7D,
2EA1,
2FA3,
3082,
313E,
31D7,
324C,
329E,
32CE,
32DC,
32C8,
3293,
323D,
31C9,
3137,
3087,
2FBC,
2ED7,
2DD8,
2CC3,
2B97,
2A57,
2905,
27A2,
2630,
24B1,
2326,
2191,
1FF5,
1E52,
1CAB,
1B02,
1957,
17AD,
1606,
1462,
12C4,
112C,
0F9C,
0E18,
0C9E,
0B30,
09CE,
087A,
0734,
05FD,
04D5,
03BD,
02B5,
01BE,
00D8,
0002,
FF3D,
FE88,
FDE4,
FD50,
FCCB,
FC56,
FBEF,
FB97,
FB4C,
FB0D,
FADA,
FAB2,
FA94,
FA80,
FA73,
FA6E,
FA6F,
FA76,
FA81,
FA8E,
FA9D,
FAAF,
FAC1,
FAD2,
FAE3,
FAF2,
FAFE,
FB06,
FB0A,
FB08,
FB02,
FAF4,
FAE0,
FAC5,
FAA2,
FA77,
FA43,
FA07,
F9C2,
F974,
F91D,
F8BD,
F855,
F7E4,
F76A,
F6E8,
F65E,
F5CC,
F533,
F493,
F3ED,
F340,
F28E,
F1D7,
F11C,
F05E,
EF9C,
EED8,
EE13,
ED4C,
EC85,
EBBE,
EAF7,
EA32,
E96E,
E8AD,
E7EE,
E733,
E67B,
E5C8,
E519,
E46F,
E3CA,
E32B,
E292,
E1FE,
E171,
E0EA,
E069,
DFEF,
DF7C,
DF0F,
DEA9,
DE49,
DDEF,
DD9D,
DD50,
DD0A,
DCCA,
DC90,
DC5C,
DC2D,
DC04,
DBE1,
DBC3,
DBAA,
DB96,
DB87,
DB7D,
DB78,
DB77,
DB7A,
DB82,
DB8E,
DB9F,
DBB4,
DBCD,
DBEA,
DC0C,
DC32,
DC5D,
DC8C,
DCC0,
DCF9,
DD37,
DD79,
DDC0,
DE0C,
DE5E,
DEB6,
DF14,
DF78,
DFE3,
E054,
E0CC,
E14B,
E1D0,
E25D,
E2F1,
E38D,
E430,
E4DB,
E58D,
E647,
E708,
E7D1,
E8A1,
E979,
EA57,
EB3D,
EC29,
ED1B,
EE14,
EF12,
F016,
F11E,
F22C,
F33E,
F453,
F56C,
F687,
F7A3,
F8C1,
F9DF,
FAFC,
FC18,
FD33,
FE4B,
FF5F,
0070,
017B,
0281,
0381,
047A,
056A,
0652,
0731,
0806,
08D1,
0990,
0A43,
0AEB,
0B85,
0C13,
0C92,
0D04,
0D68,
0DBD,
0E04,
0E3E,
0E69,
0E85,
0E92,
0E91,
0E81,
0E63,
0E37,
0DFE,
0DB8,
0D65,
0D05,
0C9B,
0C25,
0BA5,
0B1C,
0A8A,
09F0,
094F,
08A7,
07FA,
0748,
0693,
05DA,
0520,
0465,
03A9,
02EE,
0235,
017D,
00C9,
0019,
FF6E,
FEC9,
FE29,
FD8F,
FCFD,
FC71,
FBEE,
FB72,
FB00,
FA96,
FA35,
F9DD,
F98E,
F948,
F90C,
F8D9,
F8AE,
F88C,
F873,
F861,
F857,
F853,
F856,
F85F,
F86D,
F87F,
F895,
F8AE,
F8C9,
F8E5,
F902,
F91E,
F939,
F951,
F967,
F978,
F985,
F98B,
F98B,
F984,
F974,
F95C,
F93A,
F90D,
F8D6,
F893,
F845,
F7EA,
F782,
F70E,
F68C,
F5FD,
F561,
F4B7,
F400,
F33B,
F26A,
F18C,
F0A1,
EFAB,
EEA9,
ED9D,
EC86,
EB67,
EA3D,
E90C,
E7D5,
E697,
E555,
E40F,
E2C7,
E17D,
E032,
DEE8,
DD9F,
DC5A,
DB18,
D9DC,
D8A6,
D777,
D651,
D535,
D423,
D31D,
D224,
D138,
D05B,
CF8D,
CED0,
CE23,
CD87,
CCFE,
CC88,
CC24,
CBD4,
CB98,
CB70,
CB5D,
CB5E,
CB73,
CB9D,
CBDA,
CC2C,
CC91,
CD0A,
CD95,
CE33,
CEE2,
CFA3,
D073,
D153,
D242,
D33F,
D448,
D55E,
D67E,
D7A9,
D8DC,
DA17,
DB59,
DCA1,
DDED,
DF3D,
E08F,
E1E3,
E337,
E48A,
E5DC,
E72B,
E877,
E9BE,
EB00,
EC3C,
ED72,
EE9F,
EFC5,
F0E1,
F1F4,
F2FE,
F3FE,
F4F3,
F5DD,
F6BC,
F790,
F859,
F917,
F9CA,
FA72,
FB0F,
FBA2,
FC2A,
FCA8,
FD1D,
FD89,
FDEC,
FE46,
FE9A,
FEE6,
FF2B,
FF6B,
FFA6,
FFDB,
000D,
003C,
0068,
0092,
00BA,
00E2,
010A,
0133,
015C,
0187,
01B5,
01E4,
0218,
024E,
0288,
02C7,
030A,
0351,
039D,
03EE,
0444,
049F,
04FF,
0563,
05CC,
063A,
06AB,
0720,
0798,
0813,
0891,
0911,
0992,
0A14,
0A96,
0B17,
0B97,
0C14,
0C8F,
0D07,
0D7A,
0DE7,
0E50,
0EB1,
0F0B,
0F5E,
0FA7,
0FE7,
101D,
1047,
1067,
107A,
1081,
107A,
1067,
1045,
1014,
0FD5,
0F87,
0F2A,
0EBD,
0E42,
0DB7,
0D1D,
0C74,
0BBC,
0AF5,
0A1F,
093B,
0849,
0749,
063D,
0525,
0402,
02D4,
019C,
005B,
FF12,
FDC2,
FC6C,
FB11,
F9B1,
F84F,
F6EB,
F586,
F421,
F2BE,
F15E,
F002,
EEAB,
ED5B,
EC12,
EAD1,
E99A,
E86E,
E74F,
E63C,
E537,
E440,
E35A,
E284,
E1C0,
E10D,
E06E,
DFE2,
DF6A,
DF07,
DEB8,
DE7F,
DE5C,
DE4E,
DE57,
DE76,
DEAA,
DEF5,
DF56,
DFCC,
E058,
E0F9,
E1AE,
E277,
E354,
E444,
E546,
E659,
E77D,
E8B2,
E9F5,
EB47,
ECA5,
EE0F,
EF84,
F103,
F28B,
F419,
F5AE,
F748,
F8E5,
FA85,
FC26,
FDC7,
FF67,
0104,
029D,
0432,
05C0,
0747,
08C6,
0A3B,
0BA5,
0D04,
0E57,
0F9C,
10D3,
11FA,
1312,
1419,
1510,
15F4,
16C6,
1786,
1832,
18CB,
1951,
19C2,
1A20,
1A69,
1A9F,
1AC0,
1ACE,
1AC8,
1AAF,
1A82,
1A43,
19F2,
198F,
191B,
1896,
1801,
175C,
16A9,
15E7,
1519,
143E,
1357,
1265,
1169,
1064,
0F57,
0E42,
0D26,
0C04,
0ADD,
09B2,
0884,
0753,
0620,
04ED,
03B9,
0287,
0155,
0026,
FEF9,
FDCF,
FCAA,
FB89,
FA6D,
F957,
F846,
F73D,
F639,
F53D,
F449,
F35C,
F277,
F19A,
F0C6,
EFF9,
EF36,
EE7A,
EDC8,
ED1D,
EC7C,
EBE3,
EB52,
EAC9,
EA49,
E9D0,
E95F,
E8F5,
E893,
E838,
E7E4,
E797,
E750,
E710,
E6D6,
E6A2,
E673,
E64B,
E628,
E60A,
E5F1,
E5DE,
E5CF,
E5C5,
E5C0,
E5C0,
E5C4,
E5CD,
E5DA,
E5EC,
E603,
E61E,
E63E,
E663,
E68C,
E6BA,
E6ED,
E724,
E761,
E7A2,
E7E9,
E835,
E887,
E8DF,
E93C,
E99F,
EA08,
EA78,
EAEE,
EB6B,
EBEE,
EC78,
ED09,
EDA0,
EE3F,
EEE4,
EF90,
F042,
F0FC,
F1BC,
F282,
F34F,
F421,
F4F9,
F5D7,
F6BA,
F7A2,
F88E,
F97E,
FA71,
FB68,
FC60,
FD5B,
FE57,
FF54,
0051,
014D,
0249,
0342,
043A,
052E,
061F,
070B,
07F3,
08D5,
09B0,
0A84,
0B51,
0C16,
0CD2,
0D84,
0E2D,
0ECB,
0F5F,
0FE7,
1064,
10D5,
1139,
1191,
11DD,
121B,
124C,
1271,
1288,
1292,
1290,
1281,
1265,
123D,
1209,
11C9,
117F,
1129,
10CA,
1061,
0FF0,
0F76,
0EF5,
0E6C,
0DDE,
0D4B,
0CB3,
0C18,
0B7A,
0ADA,
0A39,
0997,
08F7,
0858,
07BD,
0724,
068F,
05FF,
0575,
04F1,
0474,
03FF,
0391,
032C,
02D0,
027D,
0234,
01F5,
01C0,
0196,
0176,
0160,
0154,
0153,
015B,
016D,
0188,
01AD,
01D9,
020D,
0249,
028B,
02D3,
0320,
0371,
03C6,
041D,
0477,
04D0,
052A,
0583,
05D9,
062C,
067B,
06C5,
0709,
0745,
0779,
07A5,
07C6,
07DD,
07E8,
07E7,
07D9,
07BE,
0794,
075C,
0714,
06BD,
0657,
05E0,
055A,
04C4,
041E,
0368,
02A2,
01CE,
00EB,
FFFA,
FEFB,
FDEF,
FCD7,
FBB3,
FA85,
F94E,
F80E,
F6C7,
F579,
F427,
F2D1,
F179,
F020,
EEC8,
ED71,
EC1E,
EACF,
E987,
E846,
E70F,
E5E2,
E4C0,
E3AC,
E2A7,
E1B1,
E0CC,
DFF9,
DF39,
DE8E,
DDF7,
DD77,
DD0E,
DCBC,
DC82,
DC61,
DC57,
DC67,
DC90,
DCD1,
DD2C,
DDA0,
DE2C,
DED0,
DF8C,
E05E,
E148,
E246,
E35A,
E481,
E5BB,
E706,
E862,
E9CC,
EB45,
ECC9,
EE58,
EFF1,
F191,
F338,
F4E3,
F692,
F842,
F9F0,
FB9C,
FD44,
FEE8,
0086,
021C,
03A9,
052C,
06A3,
080D,
0969,
0AB6,
0BF3,
0D20,
0E3A,
0F43,
1038,
111A,
11E9,
12A3,
134A,
13DC,
145A,
14C4,
151A,
155D,
158C,
15AA,
15B5,
15AF,
1599,
1573,
153D,
14F9,
14A9,
144C,
13E6,
1376,
12FE,
127F,
11FB,
1172,
10E6,
1059,
0FCB,
0F3D,
0EB2,
0E29,
0DA5,
0D26,
0CAD,
0C3B,
0BD1,
0B71,
0B19,
0ACD,
0A8B,
0A55,
0A2B,
0A0D,
09FC,
09F8,
0A01,
0A17,
0A3C,
0A6E,
0AAC,
0AF7,
0B4D,
0BAF,
0C1C,
0C93,
0D13,
0D9C,
0E2C,
0EC4,
0F62,
1005,
10AC,
1156,
1202,
12AF,
135C,
1407,
14B1,
1557,
15F9,
1695,
172B,
17BA,
1840,
18BE,
1931,
199A,
19F8,
1A49,
1A8F,
1AC7,
1AF2,
1B0F,
1B1D,
1B1E,
1B0F,
1AF2,
1AC7,
1A8C,
1A44,
19EE,
1989,
1918,
1899,
180F,
1778,
16D6,
162A,
1574,
14B5,
13EE,
131F,
124A,
116F,
1090,
0FAC,
0EC6,
0DDD,
0CF2,
0C07,
0B1D,
0A32,
094A,
0863,
0780,
06A0,
05C5,
04EE,
041C,
0350,
028A,
01CA,
0111,
005E,
FFB2,
FF0D,
FE6E,
FDD6,
FD45,
FCBA,
FC35,
FBB6,
FB3C,
FAC8,
FA58,
F9EC,
F984,
F920,
F8BE,
F85E,
F800,
F7A3,
F746,
F6E9,
F68B,
F62C,
F5CC,
F56A,
F505,
F49D,
F432,
F3C4,
F352,
F2DB,
F261,
F1E2,
F15F,
F0D7,
F04B,
EFBC,
EF28,
EE91,
EDF6,
ED59,
ECB9,
EC18,
EB75,
EAD2,
EA2E,
E98C,
E8EB,
E84D,
E7B2,
E71B,
E689,
E5FC,
E576,
E4F7,
E482,
E416,
E3B4,
E35E,
E314,
E2D7,
E2A8,
E287,
E276,
E274,
E282,
E2A2,
E2D2,
E314,
E367,
E3CC,
E443,
E4CC,
E566,
E611,
E6CE,
E79A,
E877,
E963,
EA5D,
EB65,
EC7A,
ED9A,
EEC5,
EFF9,
F136,
F279,
F3C2,
F50F,
F65E,
F7AF,
F8FF,
FA4C,
FB96,
FCDB,
FE19,
FF4F,
007B,
019B,
02AF,
03B4,
04AA,
058F,
0662,
0721,
07CD,
0863,
08E4,
094E,
09A1,
09DD,
0A01,
0A0D,
0A01,
09DE,
09A3,
0951,
08E9,
086B,
07D8,
0731,
0678,
05AD,
04D1,
03E8,
02F1,
01EF,
00E4,
FFD1,
FEB9,
FD9D,
FC80,
FB64,
FA4A,
F936,
F82A,
F728,
F631,
F549,
F471,
F3AC,
F2FB,
F261,
F1DF,
F177,
F12C,
F0FE,
F0EE,
F0FF,
F130,
F183,
F1FA,
F294,
F351,
F433,
F53A,
F665,
F7B3,
F925,
FABA,
FC71,
FE48,
0040,
0255,
0486,
06D3,
0938,
0BB3,
0E42,
10E3,
1394,
1650,
1916,
1BE3,
1EB3,
2184,
2452,
271A,
29D9,
2C8B,
2F2D,
31BC,
3435,
3694,
38D8,
3AFB,
3CFD,
3ED9,
408E,
4219,
4377,
44A7,
45A6,
4672,
470B,
476E,
479A,
478F,
474C,
46D0,
461B,
452E,
4408,
42AA,
4114,
3F49,
3D49,
3B15,
38B0,
361C,
3359,
306C,
2D56,
2A1B,
26BD,
2340,
1FA6,
1BF4,
182D,
1454,
106E,
0C7D,
0886,
048D,
0096,
FCA4,
F8BC,
F4E1,
F117,
ED61,
E9C4,
E643,
E2E2,
DFA3,
DC89,
D999,
D6D4,
D43D,
D1D6,
CFA2,
CDA2,
CBD9,
CA47,
C8EF,
C7CF,
C6EB,
C641,
C5D3,
C5A0,
C5A8,
C5EB,
C667,
C71C,
C809,
C92B,
CA82,
CC0B,
CDC4,
CFAB,
D1BE,
D3F8,
D659,
D8DD,
DB80,
DE3F,
E118,
E407,
E708,
EA17,
ED33,
F056,
F37D,
F6A5,
F9CB,
FCEA,
0000,
0309,
0601,
08E8,
0BB8,
0E70,
110D,
138D,
15ED,
182B,
1A45,
1C3A,
1E09,
1FAE,
212B,
227E,
23A6,
24A2,
2574,
261A,
2695,
26E5,
270B,
2709,
26DE,
268C,
2615,
257B,
24BE,
23E1,
22E6,
21CF,
209E,
1F56,
1DFA,
1C8B,
1B0C,
1981,
17EB,
164D,
14AA,
1304,
115E,
0FBB,
0E1D,
0C86,
0AF9,
0978,
0805,
06A2,
0551,
0414,
02EC,
01DB,
00E3,
0003,
FF3E,
FE93,
FE04,
FD92,
FD3B,
FD01,
FCE3,
FCE2,
FCFC,
FD30,
FD7F,
FDE7,
FE67,
FEFE,
FFAC,
006D,
0142,
0228,
031D,
0420,
0530,
0649,
076A,
0891,
09BC,
0AE8,
0C15,
0D3F,
0E65,
0F85,
109D,
11AA,
12AC,
13A0,
1484,
1558,
1619,
16C7,
175F,
17E2,
184D,
18A0,
18DB,
18FC,
1904,
18F1,
18C3,
187B,
1819,
179D,
1706,
1657,
158F,
14B0,
13B9,
12AD,
118C,
1059,
0F13,
0DBD,
0C58,
0AE6,
0969,
07E2,
0654,
04BF,
0327,
018D,
FFF3,
FE5B,
FCC7,
FB39,
F9B3,
F838,
F6C9,
F567,
F415,
F2D5,
F1A7,
F08D,
EF8A,
EE9E,
EDCA,
ED10,
EC71,
EBEE,
EB88,
EB40,
EB15,
EB09,
EB1C,
EB4F,
EBA0,
EC11,
ECA1,
ED51,
EE1E,
EF0A,
F013,
F138,
F27A,
F3D6,
F54B,
F6D9,
F87F,
FA37,
FC04,
FDE4,
FFD4,
01D4,
03E2,
05FC,
0821,
0A4D,
0C81,
0EB9,
10F4,
1330,
156C,
17A5,
19D9,
1C07,
1E2D,
2049,
225A,
245E,
2653,
2838,
2A0B,
2BCB,
2D76,
2F0C,
308B,
31F2,
3340,
3474,
358E,
368B,
376D,
3832,
38D9,
3963,
39CF,
3A1D,
3A4E,
3A60,
3A54,
3A2A,
39E4,
3980,
3900,
3864,
37AC,
36DB,
35EF,
34EB,
33CF,
329C,
3153,
2FF6,
2E86,
2D03,
2B70,
29CD,
281D,
2660,
2497,
22C5,
20EB,
1F0A,
1D23,
1B39,
194D,
1761,
1576,
138E,
11AB,
0FCD,
0DF7,
0C2A,
0A66,
08AF,
0704,
0568,
03DA,
025E,
00F3,
FF9B,
FE56,
FD26,
FC0C,
FB08,
FA1A,
F944,
F886,
F7E0,
F753,
F6DF,
F683,
F641,
F618,
F605,
F60C,
F62B,
F661,
F6AF,
F714,
F78F,
F81F,
F8C3,
F97B,
FA44,
FB1F,
FC0A,
FD03,
FE0A,
FF1C,
0038,
015E,
028A,
03BC,
04F2,
062B,
0764,
089C,
09D2,
0B03,
0C2E,
0D52,
0E6C,
0F7C,
107F,
1174,
125B,
1332,
13F6,
14A7,
1544,
15CB,
163B,
1695,
16D6,
16FF,
170E,
1704,
16E0,
16A2,
164A,
15D8,
154C,
14A7,
13E9,
1312,
1223,
111E,
1002,
0ED1,
0D8D,
0C35,
0ACD,
0954,
07CE,
063A,
049B,
02F3,
0143,
FF8E,
FDD4,
FC19,
FA5E,
F8A5,
F6F1,
F542,
F39C,
F200,
F070,
EEEE,
ED7D,
EC1D,
EAD1,
E99B,
E87B,
E775,
E689,
E5B8,
E505,
E470,
E3FA,
E3A4,
E36F,
E35C,
E36B,
E39C,
E3F1,
E468,
E502,
E5BF,
E69E,
E79E,
E8C0,
EA02,
EB63,
ECE2,
EE7D,
F034,
F204,
F3EC,
F5EA,
F7FC,
FA1F,
FC51,
FE90,
00DA,
032C,
0583,
07DC,
0A36,
0C8C,
0EDD,
1125,
1362,
1591,
17AF,
19BA,
1BAE,
1D8A,
1F4A,
20ED,
2270,
23D1,
250E,
2624,
2713,
27DA,
2875,
28E5,
2929,
2940,
2928,
28E3,
2870,
27CF,
2701,
2606,
24DF,
238D,
2212,
2070,
1EA7,
1CBA,
1AAC,
187E,
1634,
13D0,
1155,
0EC6,
0C27,
097A,
06C4,
0408,
0149,
FE89,
FBCE,
F91B,
F675,
F3DF,
F15C,
EEF1,
ECA1,
EA70,
E860,
E675,
E4B2,
E319,
E1AE,
E072,
DF69,
DE93,
DDF3,
DD8A,
DD59,
DD61,
DDA3,
DE1F,
DED4,
DFC4,
E0EC,
E24D,
E3E4,
E5B1,
E7B2,
E9E4,
EC46,
EED4,
F18C,
F46B,
F76E,
FA92,
FDD1,
012A,
0498,
0817,
0BA2,
0F37,
12D0,
1669,
19FE,
1D8C,
210D,
247E,
27DA,
2B1E,
2E47,
3150,
3436,
36F6,
398D,
3BF8,
3E35,
4041,
421B,
43C1,
4531,
466A,
476C,
4837,
48C9,
4922,
4944,
492F,
48E3,
4862,
47AD,
46C6,
45AF,
4469,
42F9,
415F,
3F9F,
3DBB,
3BB7,
3996,
375A,
3508,
32A2,
302D,
2DAA,
2B1F,
288D,
25F9,
2366,
20D6,
1E4D,
1BCE,
195C,
16F8,
14A7,
1267,
103E,
0E2E,
0C37,
0A5B,
089B,
06FA,
0577,
0413,
02CE,
01AA,
00A5,
FFBF,
FEF9,
FE52,
FDC8,
FD5B,
FD0B,
FCD5,
FCB8,
FCB4,
FCC6,
FCEC,
FD27,
FD72,
FDCD,
FE37,
FEAC,
FF2C,
FFB5,
0045,
00DA,
0171,
020A,
02A4,
033D,
03D4,
0468,
04F8,
0582,
0606,
0683,
06F9,
0767,
07CC,
0828,
087B,
08C6,
0907,
0940,
0970,
0997,
09B7,
09D0,
09E1,
09ED,
09F2,
09F3,
09F0,
09E9,
09DF,
09D3,
09C6,
09B9,
09AB,
099F,
0994,
098B,
0984,
0981,
0982,
0987,
0990,
099E,
09B1,
09C9,
09E6,
0A09,
0A31,
0A5E,
0A90,
0AC6,
0B01,
0B40,
0B83,
0BC8,
0C10,
0C5B,
0CA6,
0CF3,
0D40,
0D8C,
0DD8,
0E21,
0E68,
0EAC,
0EEC,
0F28,
0F5E,
0F8F,
0FBA,
0FDD,
0FFA,
100E,
1019,
101C,
1015,
1005,
0FEB,
0FC6,
0F97,
0F5C,
0F17,
0EC7,
0E6C,
0E06,
0D94,
0D18,
0C91,
0BFF,
0B62,
0ABC,
0A0B,
0951,
088D,
07C1,
06EC,
060F,
0529,
043C,
0349,
0250,
0151,
004E,
FF47,
FE3C,
FD2F,
FC1F,
FB0F,
F9FE,
F8ED,
F7DE,
F6D1,
F5C6,
F4BF,
F3BD,
F2C0,
F1CA,
F0DB,
EFF4,
EF16,
EE42,
ED79,
ECBC,
EC0B,
EB68,
EAD4,
EA4F,
E9DA,
E976,
E924,
E8E4,
E8B8,
E89F,
E89B,
E8AD,
E8D4,
E911,
E966,
E9D1,
EA54,
EAEF,
EBA2,
EC6D,
ED50,
EE4B,
EF5E,
F088,
F1CA,
F323,
F493,
F618,
F7B2,
F961,
FB23,
FCF8,
FEDD,
00D3,
02D8,
04EA,
0709,
0932,
0B64,
0D9D,
0FDD,
1220,
1466,
16AC,
18F0,
1B31,
1D6C,
1FA0,
21CB,
23EA,
25FC,
27FF,
29F1,
2BD1,
2D9B,
2F50,
30EC,
326F,
33D7,
3523,
3652,
3762,
3852,
3921,
39D0,
3A5C,
3AC6,
3B0C,
3B30,
3B31,
3B0E,
3AC8,
3A60,
39D6,
3929,
385C,
376F,
3663,
3538,
33F1,
328E,
3111,
2F7B,
2DCF,
2C0C,
2A36,
284F,
2657,
2450,
223E,
2021,
1DFB,
1BCF,
199F,
176B,
1537,
1303,
10D3,
0EA7,
0C81,
0A63,
084F,
0647,
044B,
025D,
007E,
FEAF,
FCF0,
FB44,
F9AA,
F823,
F6B1,
F553,
F40A,
F2D6,
F1B7,
F0AD,
EFB8,
EED9,
EE0F,
ED59,
ECB7,
EC29,
EBAE,
EB45,
EAEF,
EAA9,
EA74,
EA4E,
EA37,
EA2E,
EA32,
EA42,
EA5D,
EA83,
EAB3,
EAEC,
EB2C,
EB74,
EBC2,
EC16,
EC6E,
ECCB,
ED2A,
ED8D,
EDF2,
EE59,
EEC1,
EF2A,
EF93,
EFFD,
F067,
F0D1,
F13A,
F1A4,
F20E,
F277,
F2E1,
F34B,
F3B6,
F422,
F48F,
F4FE,
F56E,
F5E2,
F659,
F6D4,
F754,
F7D9,
F862,
F8F2,
F987,
FA23,
FAC5,
FB6F,
FC20,
FCD8,
FD99,
FE61,
FF31,
000A,
00EA,
01D2,
02C1,
03B8,
04B6,
05BA,
06C4,
07D4,
08E8,
0A00,
0B1C,
0C39,
0D58,
0E78,
0F97,
10B4,
11CE,
12E4,
13F5,
1500,
1603,
16FD,
17EC,
18D1,
19A8,
1A71,
1B2C,
1BD6,
1C6E,
1CF4,
1D67,
1DC5,
1E0E,
1E40,
1E5C,
1E61,
1E4E,
1E23,
1DE0,
1D84,
1D10,
1C83,
1BDE,
1B21,
1A4D,
1962,
1861,
174B,
1621,
14E3,
1393,
1233,
10C4,
0F48,
0DBF,
0C2D,
0A92,
08F1,
074B,
05A3,
03FA,
0253,
00B0,
FF13,
FD7E,
FBF3,
FA74,
F904,
F7A4,
F656,
F51D,
F3F9,
F2EE,
F1FC,
F126,
F06C,
EFCF,
EF53,
EEF6,
EEBA,
EEA0,
EEA9,
EED5,
EF23,
EF96,
F02C,
F0E4,
F1C0,
F2BE,
F3DD,
F51D,
F67C,
F7FA,
F994,
FB49,
FD18,
FEFE,
00FA,
030A,
052A,
075A,
0996,
0BDC,
0E29,
107C,
12D0,
1523,
1773,
19BC,
1BFD,
1E32,
2058,
226E,
246E,
2658,
2829,
29DF,
2B77,
2CF1,
2E48,
2F7D,
308D,
3176,
3237,
32D0,
333E,
3382,
339A,
3386,
3347,
32DB,
3243,
3180,
3091,
2F79,
2E37,
2CCD,
2B3C,
2985,
27AB,
25AF,
2393,
2158,
1F03,
1C93,
1A0E,
1774,
14C9,
120E,
0F47,
0C76,
099F,
06C3,
03E7,
010C,
FE36,
FB67,
F8A2,
F5EA,
F341,
F0AA,
EE27,
EBBB,
E967,
E72E,
E511,
E313,
E134,
DF77,
DDDD,
DC66,
DB14,
D9E7,
D8E0,
D800,
D746,
D6B3,
D647,
D601,
D5E1,
D5E6,
D610,
D65C,
D6CA,
D759,
D807,
D8D3,
D9BB,
DABD,
DBD7,
DD07,
DE4B,
DFA1,
E107,
E279,
E3F7,
E57E,
E70B,
E89C,
EA2E,
EBC0,
ED4E,
EED7,
F059,
F1D1,
F33D,
F49B,
F5E9,
F726,
F84D,
F960,
FA5C,
FB41,
FC0C,
FCBE,
FD54,
FDCE,
FE2B,
FE6B,
FE8D,
FE91,
FE76,
FE3D,
FDE5,
FD6E,
FCDA,
FC28,
FB59,
FA6D,
F966,
F844,
F708,
F5B3,
F446,
F2C3,
F12B,
EF7F,
EDC0,
EBF0,
EA10,
E823,
E629,
E424,
E216,
E000,
DDE4,
DBC3,
D99F,
D77A,
D554,
D32F,
D10D,
CEF0,
CCD8,
CAC6,
C8BD,
C6BC,
C4C6,
C2DB,
C0FC,
BF2B,
BD68,
BBB3,
BA0E,
B87A,
B6F7,
B585,
B425,
B2D7,
B19D,
B076,
AF62,
AE62,
AD77,
ACA0,
ABDE,
AB2F,
AA95,
AA10,
A99E,
A941,
A8F9,
A8C4,
A8A3,
A896,
A89D,
A8B8,
A8E6,
A928,
A97C,
A9E3,
AA5D,
AAEA,
AB89,
AC39,
ACFC,
ADD0,
AEB6,
AFAC,
B0B3,
B1CB,
B2F3,
B42A,
B571,
B6C8,
B82D,
B9A0,
BB22,
BCB0,
BE4C,
BFF4,
C1A7,
C366,
C52F,
C702,
C8DF,
CAC3,
CCB0,
CEA3,
D09C,
D29A,
D49D,
D6A2,
D8AA,
DAB3,
DCBC,
DEC5,
E0CB,
E2CF,
E4CE,
E6C8,
E8BC,
EAA8,
EC8B,
EE65,
F033,
F1F6,
F3AB,
F551,
F6E8,
F870,
F9E6,
FB4A,
FC9C,
FDDB,
FF05,
001B,
011C,
0207,
02DC,
039B,
0444,
04D6,
0551,
05B6,
0605,
063E,
0661,
0670,
0669,
0650,
0623,
05E4,
0594,
0534,
04C5,
0448,
03BF,
032B,
028C,
01E5,
0137,
0084,
FFCE,
FF16,
FE5E,
FDA7,
FCF4,
FC45,
FB9D,
FAFD,
FA67,
F9DC,
F95D,
F8ED,
F88C,
F83C,
F7FE,
F7D3,
F7BC,
F7BA,
F7CE,
F7F8,
F839,
F892,
F902,
F98A,
FA29,
FAE1,
FBB0,
FC96,
FD94,
FEA9,
FFD3,
0110,
0261,
03C4,
0537,
06B9,
0848,
09E3,
0B89,
0D36,
0EE9,
10A0,
125A,
1413,
15CA,
177C,
1928,
1ACB,
1C62,
1DEC,
1F67,
20D0,
2226,
2366,
248E,
259C,
268F,
2766,
281E,
28B6,
292D,
2983,
29B5,
29C3,
29AD,
2972,
2912,
288C,
27E1,
2710,
261B,
2501,
23C3,
2262,
20E0,
1F3D,
1D7B,
1B9B,
199F,
1789,
155A,
1315,
10BD,
0E52,
0BD8,
0951,
06C0,
0426,
0188,
FEE6,
FC45,
F9A7,
F70C,
F47A,
F1F3,
EF78,
ED0E,
EAB5,
E871,
E643,
E42E,
E234,
E057,
DE97,
DCF8,
DB7A,
DA1F,
D8E7,
D7D4,
D6E6,
D61E,
D57D,
D502,
D4AD,
D47F,
D477,
D495,
D4D7,
D53D,
D5C6,
D671,
D73D,
D827,
D92E,
DA52,
DB90,
DCE5,
DE4F,
DFCE,
E15D,
E2FB,
E4A6,
E65B,
E818,
E9DB,
EBA1,
ED67,
EF2D,
F0EE,
F2AA,
F45D,
F606,
F7A3,
F932,
FAB1,
FC1E,
FD78,
FEBD,
FFED,
0105,
0205,
02EB,
03B8,
046A,
0501,
057D,
05DD,
0621,
064A,
0657,
064A,
0623,
05E3,
058B,
051B,
0495,
03FA,
034B,
028A,
01B7,
00D6,
FFE7,
FEEC,
FDE7,
FCD9,
FBC4,
FAAA,
F98D,
F86E,
F750,
F633,
F51A,
F406,
F2F8,
F1F3,
F0F7,
F006,
EF20,
EE49,
ED7F,
ECC4,
EC18,
EB7D,
EAF3,
EA7A,
EA13,
E9BD,
E97A,
E948,
E928,
E919,
E91C,
E92F,
E953,
E985,
E9C7,
EA16,
EA72,
EADA,
EB4D,
EBCA,
EC50,
ECDE,
ED72,
EE0B,
EEA9,
EF4A,
EFED,
F090,
F133,
F1D8,
F27B,
F319,
F3B4,
F449,
F4D9,
F561,
F5E3,
F65D,
F6CF,
F739,
F79A,
F7F2,
F842,
F88A,
F8C9,
F901,
F930,
F959,
F97B,
F998,
F9AF,
F9C3,
F9D3,
F9E0,
F9EC,
F9F8,
FA04,
FA13,
FA24,
FA39,
FA53,
FA76,
FA9F,
FAD1,
FB0C,
FB52,
FBA2,
FBFE,
FC67,
FCDE,
FD63,
FDF6,
FE99,
FF4B,
000C,
00DE,
01BF,
02B0,
03B0,
04BF,
05DD,
0709,
0843,
0988,
0AD9,
0C34,
0D98,
0F04,
1077,
11EE,
1368,
14E3,
165E,
17D7,
194C,
1ABA,
1C20,
1D7D,
1ECD,
200F,
2141,
2260,
236C,
2462,
2540,
2605,
26AE,
273A,
27A8,
27F7,
2824,
282F,
2816,
27DA,
2778,
26F1,
2644,
2571,
2477,
2357,
2211,
20A6,
1F16,
1D61,
1B89,
198E,
1773,
1537,
12DE,
1069,
0DD9,
0B30,
0871,
059E,
02B9,
FFC5,
FCC4,
F9B8,
F6A5,
F38D,
F072,
ED58,
EA41,
E730,
E428,
E12B,
DE3C,
DB5D,
D892,
D5DC,
D33E,
D0BB,
CE54,
CC0C,
C9E4,
C7DE,
C5FC,
C43F,
C2A9,
C13B,
BFF6,
BEDA,
BDE8,
BD21,
BC85,
BC14,
BBCE,
BBB2,
BBC1,
BBF9,
BC59,
BCE2,
BD91,
BE66,
BF5F,
C07A,
C1B6,
C312,
C48A,
C61E,
C7CB,
C98E,
CB67,
CD52,
CF4E,
D157,
D36C,
D58B,
D7B0,
D9D8,
DC02,
DE2C,
E055,
E279,
E497,
E6AE,
E8BA,
EABB,
ECAE,
EE93,
F067,
F22B,
F3DB,
F578,
F701,
F875,
F9D3,
FB1B,
FC4D,
FD68,
FE6D,
FF5C,
0035,
00F8,
01A6,
0240,
02C7,
033B,
039D,
03EF,
0432,
0466,
048E,
04AB,
04BD,
04C7,
04CA,
04C8,
04C2,
04B9,
04B0,
04A7,
04A1,
049D,
049F,
04A7,
04B7,
04CF,
04F1,
051D,
0555,
059A,
05EC,
064B,
06B9,
0735,
07C0,
085B,
0904,
09BC,
0A83,
0B58,
0C3B,
0D2E,
0E2D,
0F38,
104E,
116F,
1298,
13CA,
1502,
1640,
1782,
18C8,
1A0E,
1B55,
1C9A,
1DDD,
1F1B,
2053,
2184,
22AD,
23CB,
24DE,
25E3,
26DB,
27C2,
289A,
295F,
2A11,
2AB0,
2B3A,
2BAE,
2C0C,
2C53,
2C83,
2C9C,
2C9D,
2C85,
2C55,
2C0C,
2BAB,
2B32,
2AA2,
29F9,
293A,
2864,
2778,
2678,
2563,
243B,
2300,
21B4,
2058,
1EED,
1D74,
1BEF,
1A5E,
18C3,
1720,
1575,
13C4,
120F,
1056,
0E9B,
0CE1,
0B26,
096F,
07BA,
060A,
0460,
02BD,
0122,
FF8F,
FE07,
FC8A,
FB19,
F9B5,
F85E,
F716,
F5DC,
F4B2,
F398,
F28E,
F195,
F0AC,
EFD6,
EF10,
EE5C,
EDBA,
ED29,
ECA9,
EC3B,
EBDF,
EB93,
EB58,
EB2D,
EB12,
EB07,
EB0A,
EB1D,
EB3D,
EB6B,
EBA7,
EBEF,
EC43,
ECA4,
ED0F,
ED85,
EE06,
EE90,
EF23,
EFBF,
F064,
F10F,
F1C3,
F27D,
F33D,
F404,
F4D0,
F5A1,
F676,
F750,
F82F,
F910,
F9F5,
FADD,
FBC8,
FCB4,
FDA3,
FE93,
FF85,
0077,
016A,
025D,
0350,
0443,
0534,
0625,
0714,
0801,
08EC,
09D4,
0AB8,
0B9A,
0C77,
0D4F,
0E23,
0EF1,
0FB9,
107A,
1135,
11E8,
1293,
1336,
13CF,
145F,
14E5,
1560,
15D1,
1635,
168E,
16DA,
1719,
174A,
176E,
1784,
178D,
1786,
1772,
174E,
171C,
16DB,
168C,
162D,
15C0,
1545,
14BB,
1424,
137F,
12CD,
120F,
1144,
106E,
0F8D,
0EA3,
0DAF,
0CB3,
0BAF,
0AA5,
0995,
0881,
0769,
064F,
0534,
0417,
02FC,
01E3,
00CE,
FFBE,
FEB4,
FDB1,
FCB6,
FBC5,
FADF,
FA05,
F938,
F879,
F7C9,
F728,
F699,
F61B,
F5B0,
F557,
F513,
F4E2,
F4C7,
F4C0,
F4CE,
F4F2,
F52C,
F57B,
F5DF,
F659,
F6E7,
F78B,
F842,
F90E,
F9EC,
FADD,
FBDF,
FCF1,
FE12,
FF41,
007E,
01C6,
0319,
0475,
05DA,
0745,
08B6,
0A2A,
0BA1,
0D19,
0E90,
1005,
1177,
12E4,
144A,
15A9,
16FE,
1849,
1988,
1AB9,
1BDD,
1CF0,
1DF3,
1EE4,
1FC3,
208E,
2145,
21E7,
2272,
22E7,
2345,
238C,
23BA,
23D1,
23D0,
23B6,
2385,
233C,
22DB,
2263,
21D4,
212F,
2075,
1FA5,
1EC1,
1DC9,
1CBF,
1BA2,
1A75,
1939,
17ED,
1694,
152E,
13BD,
1242,
10BD,
0F31,
0D9E,
0C06,
0A6A,
08CA,
0728,
0586,
03E3,
0241,
00A2,
FF06,
FD6D,
FBD9,
FA4B,
F8C4,
F743,
F5CB,
F45B,
F2F3,
F195,
F042,
EEF8,
EDB9,
EC85,
EB5C,
EA3F,
E92D,
E827,
E72C,
E63D,
E55A,
E483,
E3B7,
E2F6,
E240,
E195,
E0F6,
E062,
DFD8,
DF5A,
DEE6,
DE7C,
DE1D,
DDC8,
DD7D,
DD3D,
DD06,
DCD9,
DCB5,
DC9C,
DC8C,
DC86,
DC89,
DC97,
DCAE,
DCD0,
DCFB,
DD31,
DD71,
DDBB,
DE10,
DE70,
DEDB,
DF52,
DFD3,
E05F,
E0F6,
E199,
E249,
E304,
E3CC,
E4A0,
E581,
E66F,
E768,
E86F,
E981,
EAA0,
EBCB,
ED01,
EE43,
EF91,
F0E9,
F24C,
F3B8,
F52E,
F6AD,
F834,
F9C2,
FB57,
FCF3,
FE93,
0038,
01E0,
038A,
0536,
06E2,
088F,
0A3A,
0BE2,
0D87,
0F26,
10C0,
1252,
13DC,
155C,
16D1,
183B,
1998,
1AE7,
1C27,
1D56,
1E75,
1F82,
207D,
2164,
2237,
22F5,
239E,
2431,
24AD,
2513,
2562,
259A,
25BB,
25C5,
25B8,
2594,
255A,
2509,
24A2,
2427,
2397,
22F3,
223C,
2173,
2099,
1FAF,
1EB6,
1DAF,
1C9C,
1B7D,
1A55,
1924,
17EC,
16AE,
156C,
1428,
12E1,
119B,
1056,
0F15,
0DD7,
0C9F,
0B6D,
0A44,
0924,
080F,
0704,
0607,
0517,
0434,
0360,
029B,
01E7,
0143,
00B1,
002F,
FFC0,
FF62,
FF16,
FEDB,
FEB2,
FE9A,
FE93,
FE9C,
FEB5,
FEDE,
FF15,
FF5A,
FFAD,
000B,
0075,
00EA,
0168,
01EE,
027C,
0310,
03A9,
0446,
04E6,
0589,
062C,
06CF,
0771,
0812,
08AF,
0948,
09DD,
0A6C,
0AF5,
0B77,
0BF1,
0C63,
0CCC,
0D2C,
0D83,
0DD1,
0E14,
0E4D,
0E7D,
0EA3,
0EBE,
0ED1,
0EDA,
0EDA,
0ED2,
0EC1,
0EA9,
0E8B,
0E66,
0E3B,
0E0C,
0DD8,
0DA2,
0D68,
0D2D,
0CF2,
0CB6,
0C7B,
0C41,
0C0A,
0BD6,
0BA6,
0B7A,
0B53,
0B32,
0B18,
0B03,
0AF7,
0AF1,
0AF3,
0AFD,
0B0F,
0B29,
0B4C,
0B76,
0BA7,
0BE0,
0C20,
0C67,
0CB4,
0D06,
0D5D,
0DB7,
0E16,
0E76,
0ED8,
0F39,
0F9B,
0FFA,
1057,
10B1,
1106,
1155,
119D,
11DE,
1215,
1243,
1266,
127D,
1287,
1284,
1272,
1252,
1222,
11E2,
1192,
1130,
10BD,
1039,
0FA4,
0EFD,
0E46,
0D7D,
0CA3,
0BBA,
0AC1,
09B9,
08A2,
077E,
064E,
0513,
03CE,
0281,
012D,
FFD3,
FE75,
FD14,
FBB3,
FA52,
F8F4,
F79A,
F646,
F4FA,
F3B7,
F27F,
F154,
F037,
EF2B,
EE30,
ED49,
EC77,
EBBA,
EB15,
EA88,
EA16,
E9BD,
E981,
E960,
E95C,
E976,
E9AC,
EA01,
EA73,
EB03,
EBB0,
EC7A,
ED61,
EE63,
EF80,
F0B7,
F206,
F36C,
F4E8,
F679,
F81B,
F9CE,
FB90,
FD5E,
FF37,
0118,
02FF,
04E9,
06D5,
08C0,
0AA7,
0C88,
0E61,
102E,
11EF,
139F,
153E,
16C8,
183D,
1998,
1AD9,
1BFD,
1D03,
1DE9,
1EAE,
1F4F,
1FCD,
2026,
2058,
2064,
2049,
2006,
1F9C,
1F0A,
1E51,
1D71,
1C6B,
1B3F,
19EF,
187B,
16E6,
1530,
135B,
1168,
0F5B,
0D35,
0AF8,
08A7,
0644,
03D2,
0154,
FECB,
FC3B,
F9A7,
F711,
F47C,
F1EC,
EF64,
ECE5,
EA73,
E812,
E5C2,
E389,
E167,
DF5F,
DD75,
DBAA,
DA00,
D879,
D718,
D5DE,
D4CC,
D3E5,
D328,
D298,
D235,
D1FF,
D1F8,
D21F,
D274,
D2F7,
D3A8,
D487,
D591,
D6C8,
D829,
D9B3,
DB65,
DD3D,
DF39,
E157,
E396,
E5F3,
E86B,
EAFC,
EDA4,
F060,
F32D,
F608,
F8EF,
FBDF,
FED4,
01CC,
04C4,
07B8,
0AA7,
0D8D,
1068,
1334,
15EF,
1896,
1B27,
1DA0,
1FFD,
223E,
2460,
2661,
283F,
29FA,
2B8E,
2CFC,
2E42,
2F5F,
3052,
311B,
31B9,
322C,
3273,
328F,
3280,
3247,
31E3,
3156,
30A0,
2FC3,
2EBF,
2D96,
2C49,
2ADA,
294A,
279C,
25D0,
23E9,
21E9,
1FD2,
1DA6,
1B67,
1917,
16BA,
1450,
11DD,
0F62,
0CE3,
0A61,
07DE,
055D,
02E0,
006A,
FDFB,
FB97,
F940,
F6F6,
F4BD,
F295,
F081,
EE81,
EC98,
EAC7,
E90F,
E770,
E5ED,
E486,
E33B,
E20E,
E0FF,
E00F,
DF3D,
DE88,
DDF3,
DD7C,
DD24,
DCEB,
DCD1,
DCD4,
DCF6,
DD34,
DD8F,
DE06,
DE98,
DF44,
E009,
E0E7,
E1DC,
E2E7,
E408,
E53C,
E684,
E7DD,
E946,
EABF,
EC45,
EDD8,
EF77,
F120,
F2D1,
F48A,
F649,
F80D,
F9D5,
FB9E,
FD69,
FF34,
00FE,
02C6,
048B,
064B,
0806,
09BA,
0B68,
0D0D,
0EA8,
103A,
11C2,
133D,
14AD,
160F,
1764,
18AB,
19E3,
1B0C,
1C26,
1D2F,
1E29,
1F11,
1FE9,
20AF,
2165,
2209,
229B,
231C,
238B,
23E9,
2435,
2471,
249B,
24B4,
24BD,
24B5,
249E,
2476,
243F,
23FA,
23A5,
2343,
22D3,
2256,
21CD,
2138,
2097,
1FEC,
1F37,
1E78,
1DB1,
1CE1,
1C0B,
1B2D,
1A4A,
1962,
1875,
1785,
1692,
159D,
14A7,
13AF,
12B8,
11C2,
10CE,
0FDC,
0EED,
0E01,
0D1A,
0C37,
0B5A,
0A83,
09B3,
08EA,
0828,
076F,
06BE,
0615,
0576,
04E0,
0454,
03D1,
0359,
02EB,
0287,
022E,
01DE,
019A,
015F,
012F,
0109,
00EC,
00DA,
00D1,
00D1,
00D9,
00EB,
0104,
0125,
014E,
017D,
01B3,
01F0,
0232,
0279,
02C5,
0315,
0369,
03C1,
041C,
0479,
04D8,
0539,
059B,
05FE,
0662,
06C5,
0728,
078A,
07EC,
084C,
08AA,
0906,
0961,
09B9,
0A0D,
0A5F,
0AAE,
0AF9,
0B42,
0B88,
0BCA,
0C0A,
0C46,
0C7F,
0CB4,
0CE7,
0D16,
0D42,
0D6C,
0D92,
0DB6,
0DD6,
0DF5,
0E10,
0E29,
0E40,
0E54,
0E67,
0E76,
0E84,
0E90,
0E9A,
0EA1,
0EA7,
0EAB,
0EAC,
0EAC,
0EA9,
0EA4,
0E9C,
0E92,
0E86,
0E76,
0E63,
0E4D,
0E33,
0E15,
0DF3,
0DCC,
0DA0,
0D70,
0D3A,
0CFE,
0CBD,
0C74,
0C26,
0BD0,
0B73,
0B0E,
0AA1,
0A2D,
09B0,
092B,
089D,
0807,
0767,
06C0,
060F,
0556,
0494,
03CA,
02F7,
021C,
013A,
0050,
FF60,
FE69,
FD6D,
FC6B,
FB66,
FA5D,
F951,
F844,
F736,
F628,
F51C,
F412,
F30B,
F209,
F10C,
F017,
EF2A,
EE46,
ED6C,
EC9F,
EBDE,
EB2C,
EA89,
E9F7,
E976,
E906,
E8AA,
E863,
E831,
E816,
E812,
E827,
E853,
E89A,
E8F9,
E973,
EA07,
EAB6,
EB7F,
EC63,
ED61,
EE79,
EFAB,
F0F7,
F25B,
F3D7,
F56A,
F714,
F8D2,
FAA6,
FC8C,
FE84,
008C,
02A3,
04C7,
06F7,
0932,
0B73,
0DBA,
1007,
1256,
14A6,
16F5,
1942,
1B89,
1DCA,
2002,
222F,
244F,
2661,
2863,
2A53,
2C2F,
2DF5,
2FA5,
313C,
32B9,
341A,
355F,
3687,
3790,
3879,
3942,
39E9,
3A6F,
3AD3,
3B15,
3B34,
3B31,
3B0B,
3AC2,
3A58,
39CB,
391E,
3850,
3763,
3657,
352E,
33E8,
3286,
310B,
2F78,
2DCD,
2C0E,
2A3A,
2855,
265F,
245B,
224A,
202F,
1E0B,
1BDF,
19AF,
177B,
1546,
1312,
10E0,
0EB1,
0C89,
0A67,
084F,
0641,
043E,
0249,
0062,
FE8B,
FCC5,
FB10,
F96E,
F7E0,
F666,
F500,
F3B0,
F276,
F152,
F043,
EF4B,
EE69,
ED9D,
ECE7,
EC46,
EBBA,
EB42,
EADF,
EA8F,
EA51,
EA25,
EA09,
E9FE,
EA02,
EA14,
EA33,
EA5D,
EA90,
EACC,
EB11,
EB5E,
EBB2,
EC0C,
EC6B,
ECCE,
ED34,
ED9D,
EE08,
EE74,
EEE0,
EF4C,
EFB9,
F024,
F08E,
F0F7,
F15E,
F1C4,
F229,
F28B,
F2ED,
F34E,
F3AD,
F40C,
F46C,
F4CB,
F52C,
F58E,
F5F2,
F659,
F6C0,
F72C,
F79C,
F812,
F88D,
F90F,
F997,
FA28,
FAC0,
FB62,
FC0C,
FCC0,
FD7D,
FE45,
FF17,
FFF2,
00D8,
01C8,
02C2,
03C5,
04D1,
05E6,
0702,
0826,
0950,
0A7F,
0BB3,
0CEA,
0E23,
0F5D,
1096,
11CE,
1302,
1432,
155C,
167E,
1796,
18A4,
19A5,
1A98,
1B7B,
1C4D,
1D0D,
1DB8,
1E4F,
1ECF,
1F37,
1F86,
1FBC,
1FD8,
1FD9,
1FBE,
1F87,
1F34,
1EC4,
1E38,
1D91,
1CCD,
1BEF,
1AF6,
19E4,
18BA,
1778,
1621,
14B6,
1338,
11AA,
100D,
0E63,
0CAE,
0AF0,
092D,
0765,
059C,
03D3,
020E,
004E,
FE97,
FCEA,
FB4B,
F9BB,
F83C,
F6D2,
F57E,
F441,
F31F,
F219,
F130,
F066,
EFBD,
EF35,
EED0,
EE8E,
EE6F,
EE76,
EEA0,
EEF0,
EF64,
EFFC,
F0B8,
F197,
F298,
F3BA,
F4FB,
F65A,
F7D5,
F96B,
FB1A,
FCDF,
FEB8,
00A3,
029E,
04A6,
06B9,
08D4,
0AF4,
0D16,
0F39,
1159,
1374,
1588,
1791,
198D,
1B7A,
1D56,
1F1F,
20D2,
226E,
23F0,
2558,
26A4,
27D3,
28E3,
29D4,
2AA6,
2B56,
2BE7,
2C56,
2CA4,
2CD2,
2CE0,
2CCF,
2C9E,
2C50,
2BE5,
2B5F,
2ABF,
2A06,
2937,
2852,
275A,
2651,
2538,
2413,
22E2,
21A8,
2068,
1F23,
1DDB,
1C93,
1B4E,
1A0D,
18D2,
179E,
1674,
1555,
1443,
1340,
124B,
1168,
1097,
0FD9,
0F2F,
0E99,
0E18,
0DAD,
0D57,
0D17,
0CEC,
0CD6,
0CD5,
0CE9,
0D10,
0D4A,
0D95,
0DF2,
0E5E,
0ED8,
0F60,
0FF3,
1090,
1135,
11E1,
1293,
1348,
13FF,
14B6,
156D,
1620,
16D0,
1779,
181C,
18B5,
1945,
19CA,
1A42,
1AAE,
1B0B,
1B5A,
1B99,
1BC9,
1BE8,
1BF7,
1BF5,
1BE3,
1BC1,
1B8F,
1B4E,
1AFE,
1AA0,
1A35,
19BE,
193C,
18B0,
181B,
177F,
16DE,
1639,
1592,
14EA,
1444,
13A1,
1302,
126A,
11D9,
1153,
10D9,
106B,
100D,
0FBF,
0F82,
0F59,
0F45,
0F46,
0F5D,
0F8D,
0FD5,
1036,
10B1,
1147,
11F7,
12C2,
13A7,
14A8,
15C2,
16F6,
1844,
19AB,
1B2A,
1CBF,
1E6A,
2029,
21FB,
23DF,
25D2,
27D3,
29E0,
2BF7,
2E17,
303C,
3266,
3491,
36BC,
38E5,
3B09,
3D26,
3F3A,
4142,
433D,
4528,
4702,
48C8,
4A79,
4C12,
4D92,
4EF7,
5040,
516C,
5278,
5363,
542E,
54D6,
555C,
55BE,
55FD,
5617,
560D,
55DF,
558C,
5516,
547C,
53C0,
52E1,
51E1,
50C0,
4F80,
4E22,
4CA7,
4B11,
4960,
4797,
45B6,
43C0,
41B6,
3F9A,
3D6D,
3B31,
38E9,
3695,
3438,
31D4,
2F69,
2CFB,
2A89,
2816,
25A3,
2331,
20C3,
1E59,
1BF4,
1996,
173F,
14F1,
12AC,
1071,
0E42,
0C1D,
0A05,
07F9,
05FA,
0409,
0224,
004D,
FE83,
FCC6,
FB17,
F975,
F7E0,
F658,
F4DD,
F36D,
F20A,
F0B2,
EF65,
EE23,
ECEC,
EBC0,
EA9D,
E984,
E874,
E76D,
E670,
E57A,
E48E,
E3A9,
E2CD,
E1F9,
E12D,
E069,
DFAE,
DEFB,
DE50,
DDAE,
DD15,
DC86,
DC00,
DB83,
DB11,
DAAA,
DA4E,
D9FD,
D9B9,
D980,
D955,
D936,
D924,
D921,
D92C,
D946,
D970,
D9A8,
D9F1,
DA49,
DAB1,
DB29,
DBB1,
DC49,
DCF1,
DDA8,
DE6F,
DF44,
E028,
E11A,
E21A,
E325,
E43D,
E560,
E68D,
E7C3,
E902,
EA47,
EB93,
ECE3,
EE37,
EF8D,
F0E4,
F23B,
F390,
F4E1,
F62F,
F776,
F8B6,
F9ED,
FB1B,
FC3D,
FD52,
FE5A,
FF53,
003C,
0115,
01DB,
0290,
0330,
03BD,
0435,
0499,
04E7,
051F,
0542,
0550,
0548,
052A,
04F8,
04B2,
0458,
03EA,
036B,
02DA,
0237,
0185,
00C5,
FFF9,
FF21,
FE40,
FD56,
FC65,
FB70,
FA77,
F97C,
F881,
F788,
F692,
F5A1,
F4B7,
F3D5,
F2FD,
F230,
F171,
F0C0,
F01E,
EF8E,
EF10,
EEA4,
EE4D,
EE0B,
EDDE,
EDC8,
EDC8,
EDDF,
EE0D,
EE52,
EEAE,
EF21,
EFAA,
F049,
F0FD,
F1C4,
F29E,
F38A,
F486,
F591,
F6AA,
F7CE,
F8FC,
FA31,
FB6D,
FCAD,
FDEF,
FF30,
006F,
01AA,
02DE,
0409,
0528,
063B,
073E,
0830,
090E,
09D7,
0A89,
0B22,
0BA1,
0C04,
0C4A,
0C72,
0C7B,
0C64,
0C2D,
0BD5,
0B5B,
0AC0,
0A04,
0927,
0829,
070C,
05D0,
0476,
0300,
016F,
FFC4,
FE01,
FC29,
FA3D,
F840,
F633,
F41B,
F1F8,
EFCE,
ED9F,
EB6F,
E940,
E716,
E4F2,
E2D8,
E0CA,
DECB,
DCDF,
DB09,
D94A,
D7A7,
D620,
D4BA,
D375,
D254,
D159,
D085,
CFDB,
CF5C,
CF08,
CEE0,
CEE7,
CF1B,
CF7D,
D00D,
D0CC,
D1B8,
D2D1,
D416,
D587,
D720,
D8E2,
DACA,
DCD7,
DF06,
E154,
E3C0,
E646,
E8E4,
EB97,
EE5B,
F12F,
F40E,
F6F5,
F9E2,
FCCF,
FFBB,
02A2,
0580,
0852,
0B15,
0DC6,
1061,
12E3,
154A,
1793,
19BB,
1BC0,
1D9F,
1F57,
20E5,
2249,
237F,
2489,
2563,
260F,
268A,
26D5,
26F0,
26D7,
268F,
2619,
2574,
24A4,
23A8,
2282,
2135,
1FC3,
1E2D,
1C76,
1AA0,
18AF,
16A4,
1484,
1250,
100C,
0DBB,
0B60,
08FF,
069A,
0435,
01D3,
FF78,
FD25,
FADF,
F8A8,
F683,
F472,
F279,
F099,
EED5,
ED2D,
EBA5,
EA3F,
E8FB,
E7DC,
E6E2,
E60F,
E562,
E4DD,
E47E,
E448,
E438,
E44F,
E48B,
E4ED,
E572,
E61A,
E6E3,
E7CB,
E8D0,
E9F1,
EB2B,
EC7D,
EDE3,
EF5B,
F0E3,
F279,
F419,
F5C1,
F76E,
F91E,
FACD,
FC7B,
FE24,
FFC5,
015C,
02E6,
0462,
05CE,
0727,
086C,
099B,
0AB2,
0BB1,
0C97,
0D62,
0E12,
0EA5,
0F1D,
0F79,
0FB8,
0FDB,
0FE3,
0FD1,
0FA4,
0F5E,
0F00,
0E8C,
0E03,
0D66,
0CB7,
0BF8,
0B2C,
0A53,
0971,
0887,
0798,
06A4,
05B0,
04BC,
03CC,
02E1,
01FD,
0123,
0055,
FF93,
FEE1,
FE40,
FDB2,
FD37,
FCD1,
FC82,
FC4A,
FC29,
FC22,
FC33,
FC5D,
FCA0,
FCFD,
FD72,
FDFF,
FEA3,
FF5E,
002E,
0112,
0209,
0311,
0428,
054D,
067D,
07B6,
08F6,
0A3A,
0B81,
0CC8,
0E0D,
0F4C,
1083,
11B1,
12D2,
13E4,
14E4,
15D1,
16A8,
1767,
180C,
1895,
1900,
194B,
1976,
197F,
1965,
1927,
18C4,
183C,
178F,
16BC,
15C4,
14A7,
1365,
1200,
1079,
0ED0,
0D08,
0B21,
091E,
0701,
04CB,
027F,
0020,
FDB0,
FB31,
F8A8,
F616,
F37E,
F0E5,
EE4C,
EBB7,
E929,
E6A6,
E42F,
E1CA,
DF77,
DD3B,
DB18,
D911,
D729,
D562,
D3BE,
D240,
D0EA,
CFBE,
CEBD,
CDE9,
CD42,
CCC9,
CC80,
CC66,
CC7C,
CCC3,
CD39,
CDDF,
CEB3,
CFB5,
D0E4,
D23E,
D3C2,
D56E,
D740,
D935,
DB4C,
DD83,
DFD5,
E242,
E4C5,
E75C,
EA04,
ECBA,
EF7A,
F241,
F50C,
F7D9,
FAA2,
FD66,
0021,
02D1,
0572,
0801,
0A7D,
0CE2,
0F2D,
115E,
1370,
1563,
1735,
18E5,
1A70,
1BD5,
1D15,
1E2E,
1F1F,
1FE9,
208B,
2106,
215B,
2189,
2191,
2175,
2136,
20D6,
2055,
1FB7,
1EFC,
1E27,
1D3A,
1C38,
1B22,
19FC,
18C7,
1787,
163F,
14F0,
139E,
124C,
10FC,
0FB1,
0E6D,
0D34,
0C06,
0AE8,
09DB,
08E1,
07FC,
072E,
0679,
05DE,
055F,
04FC,
04B7,
0490,
0488,
049F,
04D6,
052C,
05A1,
0635,
06E9,
07B9,
08A6,
09AE,
0ACF,
0C08,
0D58,
0EBC,
1032,
11B9,
134F,
14F0,
169B,
184E,
1A05,
1BBF,
1D78,
1F2F,
20E0,
228A,
242A,
25BD,
2741,
28B5,
2A15,
2B5F,
2C93,
2DAD,
2EAD,
2F91,
3057,
30FE,
3185,
31EC,
3231,
3255,
3257,
3236,
31F3,
318E,
3108,
3060,
2F98,
2EB1,
2DAB,
2C88,
2B49,
29F0,
287E,
26F5,
2557,
23A6,
21E4,
2012,
1E34,
1C4B,
1A59,
1862,
1667,
146A,
126E,
1075,
0E82,
0C96,
0AB3,
08DC,
0712,
0557,
03AE,
0218,
0096,
FF2A,
FDD6,
FC9A,
FB77,
FA6F,
F982,
F8B1,
F7FB,
F763,
F6E7,
F688,
F645,
F61F,
F614,
F624,
F64F,
F693,
F6F0,
F764,
F7EF,
F88F,
F942,
FA07,
FADD,
FBC2,
FCB3,
FDAF,
FEB5,
FFC3,
00D7,
01EF,
030B,
0427,
0543,
065D,
0773,
0884,
098E,
0A90,
0B89,
0C77,
0D5A,
0E2F,
0EF7,
0FB0,
105B,
10F5,
117F,
11F9,
1262,
12B9,
1300,
1335,
1359,
136D,
1370,
1364,
1349,
1320,
12E8,
12A4,
1252,
11F5,
118E,
111C,
10A1,
101F,
0F95,
0F05,
0E70,
0DD6,
0D39,
0C9A,
0BF9,
0B58,
0AB6,
0A16,
0976,
08DA,
083F,
07A9,
0715,
0686,
05FC,
0576,
04F5,
047A,
0403,
0392,
0326,
02C0,
025E,
0201,
01A8,
0153,
0102,
00B3,
0068,
001E,
FFD5,
FF8E,
FF47,
FF00,
FEB8,
FE6E,
FE23,
FDD5,
FD84,
FD30,
FCD8,
FC7B,
FC19,
FBB2,
FB46,
FAD4,
FA5C,
F9DE,
F95A,
F8D0,
F840,
F7AA,
F70C,
F669,
F5C1,
F514,
F462,
F3AD,
F2F5,
F23B,
F17F,
F0C2,
F004,
EF48,
EE8D,
EDD5,
ED20,
EC70,
EBC5,
EB21,
EA84,
E9F0,
E965,
E8E4,
E870,
E807,
E7AC,
E75F,
E720,
E6F2,
E6D4,
E6C7,
E6CB,
E6E1,
E70C,
E749,
E799,
E7FC,
E872,
E8FC,
E998,
EA47,
EB09,
EBDE,
ECC3,
EDBB,
EEC2,
EFDA,
F100,
F235,
F377,
F4C5,
F61E,
F781,
F8EC,
FA60,
FBD9,
FD57,
FED8,
005C,
01E0,
0363,
04E4,
0661,
07D9,
094B,
0AB5,
0C16,
0D6D,
0EB7,
0FF5,
1124,
1244,
1353,
1450,
153C,
1613,
16D7,
1786,
181F,
18A3,
1910,
1967,
19A6,
19CF,
19E0,
19D9,
19BC,
1988,
193D,
18DB,
1864,
17D7,
1735,
167F,
15B5,
14D9,
13EA,
12E9,
11D7,
10B7,
0F88,
0E4B,
0D03,
0BAF,
0A51,
08E9,
077A,
0604,
0488,
0307,
0182,
FFFB,
FE72,
FCE8,
FB5F,
F9D7,
F851,
F6CE,
F550,
F3D6,
F262,
F0F5,
EF8F,
EE31,
ECDB,
EB8F,
EA4D,
E915,
E7E8,
E6C7,
E5B1,
E4A8,
E3AC,
E2BE,
E1DE,
E10C,
E049,
DF95,
DEF1,
DE5D,
DDD9,
DD66,
DD03,
DCB2,
DC73,
DC46,
DC2B,
DC23,
DC2D,
DC4B,
DC7D,
DCC2,
DD1B,
DD89,
DE0B,
DEA2,
DF4F,
E010,
E0E8,
E1D4,
E2D7,
E3EF,
E51E,
E663,
E7BE,
E92F,
EAB5,
EC52,
EE03,
EFC9,
F1A4,
F393,
F596,
F7AB,
F9D2,
FC0B,
FE54,
00AC,
0313,
0587,
0806,
0A91,
0D25,
0FC0,
1262,
1509,
17B3,
1A5E,
1D08,
1FB1,
2254,
24F2,
2787,
2A14,
2C95,
2F08,
316B,
33BB,
35F6,
381B,
3A27,
3C17,
3DEB,
3FA0,
4134,
42A6,
43F2,
4519,
4617,
46EC,
4796,
4814,
4865,
4887,
487A,
483E,
47D0,
4732,
4662,
4561,
442F,
42CB,
4138,
3F74,
3D81,
3B61,
3913,
369A,
33F8,
312C,
2E3B,
2B25,
27EE,
2496,
2122,
1D93,
19EC,
1631,
1263,
0E87,
0AA0,
06B0,
02BB,
FEC5,
FAD0,
F6E1,
F2FA,
EF20,
EB54,
E79C,
E3F9,
E070,
DD03,
D9B6,
D68A,
D384,
D0A6,
CDF1,
CB69,
C910,
C6E8,
C4F2,
C331,
C1A6,
C051,
BF35,
BE52,
BDA7,
BD37,
BD00,
BD03,
BD40,
BDB5,
BE62,
BF46,
C05F,
C1AD,
C32E,
C4DF,
C6BF,
C8CB,
CB02,
CD60,
CFE3,
D289,
D54D,
D82E,
DB28,
DE38,
E15B,
E48C,
E7CA,
EB11,
EE5D,
F1AB,
F4F8,
F840,
FB81,
FEB7,
01DF,
04F5,
07F9,
0AE5,
0DB9,
1071,
130B,
1585,
17DD,
1A11,
1C20,
1E08,
1FC7,
215D,
22C9,
240A,
2520,
260A,
26C8,
275B,
27C2,
27FE,
2811,
27F9,
27B9,
2752,
26C4,
2612,
253C,
2445,
232E,
21F9,
20A8,
1F3D,
1DBB,
1C22,
1A77,
18BA,
16EE,
1516,
1333,
1148,
0F57,
0D63,
0B6D,
0978,
0786,
0599,
03B2,
01D3,
FFFF,
FE37,
FC7C,
FAD0,
F936,
F7AD,
F636,
F4D3,
F385,
F24B,
F128,
F01A,
EF23,
EE43,
ED7A,
ECC8,
EC2E,
EBAA,
EB3D,
EAE6,
EAA5,
EA7A,
EA63,
EA62,
EA73,
EA98,
EACF,
EB17,
EB70,
EBD8,
EC4F,
ECD4,
ED67,
EE05,
EEAE,
EF62,
F01F,
F0E5,
F1B3,
F287,
F362,
F443,
F528,
F611,
F6FE,
F7ED,
F8DF,
F9D3,
FAC8,
FBBD,
FCB4,
FDAA,
FEA0,
FF95,
0089,
017D,
026F,
035F,
044D,
053A,
0624,
070C,
07F1,
08D4,
09B4,
0A90,
0B69,
0C3E,
0D0F,
0DDD,
0EA5,
0F69,
1027,
10E0,
1192,
123E,
12E2,
137E,
1411,
149B,
151A,
158F,
15F8,
1654,
16A3,
16E4,
1715,
1737,
1747,
1745,
1731,
1709,
16CC,
1679,
1611,
1591,
14F9,
1449,
1380,
129C,
11A0,
1088,
0F55,
0E08,
0C9E,
0B19,
0979,
07BE,
05E7,
03F6,
01EB,
FFC6,
FD89,
FB34,
F8C8,
F647,
F3B1,
F109,
EE4F,
EB85,
E8AD,
E5C8,
E2D9,
DFE2,
DCE4,
D9E2,
D6DE,
D3DA,
D0D9,
CDDC,
CAE7,
C7FC,
C51D,
C24D,
BF8D,
BCE1,
BA4B,
B7CC,
B567,
B31F,
B0F5,
AEEB,
AD04,
AB41,
A9A4,
A82E,
A6E1,
A5BE,
A4C7,
A3FC,
A35D,
A2ED,
A2AB,
A297,
A2B2,
A2FC,
A374,
A41A,
A4EE,
A5EF,
A71B,
A872,
A9F3,
AB9B,
AD6A,
AF5D,
B174,
B3AC,
B603,
B876,
BB05,
BDAB,
C067,
C336,
C616,
C903,
CBFC,
CEFD,
D203,
D50D,
D817,
DB1F,
DE21,
E11C,
E40E,
E6F2,
E9C8,
EC8D,
EF3F,
F1DC,
F462,
F6CF,
F922,
FB59,
FD74,
FF70,
014B,
0307,
04A3,
061E,
0777,
08B0,
09C7,
0ABD,
0B93,
0C48,
0CDE,
0D55,
0DAF,
0DEB,
0E0C,
0E13,
0E01,
0DD8,
0D98,
0D44,
0CDE,
0C67,
0BE1,
0B4E,
0AAF,
0A07,
0958,
08A2,
07E9,
072E,
0671,
05B7,
0501,
044F,
03A3,
02FE,
0262,
01CF,
0147,
00CA,
0059,
FFF5,
FF9F,
FF57,
FF1D,
FEF2,
FED5,
FEC7,
FEC7,
FED5,
FEF1,
FF1A,
FF4F,
FF8F,
FFDB,
0030,
008E,
00F4,
0160,
01D1,
0247,
02C0,
033A,
03B4,
042D,
04A4,
0517,
0585,
05EC,
064B,
06A1,
06ED,
072D,
0761,
0788,
07A0,
07AA,
07A5,
078F,
0769,
0732,
06EA,
0691,
0627,
05AC,
0520,
0484,
03D8,
031C,
0252,
017A,
0094,
FFA3,
FEA6,
FD9F,
FC8F,
FB75,
FA56,
F931,
F808,
F6DD,
F5B1,
F485,
F35B,
F234,
F112,
EFF5,
EEE0,
EDD3,
ECCF,
EBD7,
EAEA,
EA0A,
E937,
E873,
E7BF,
E71A,
E686,
E602,
E590,
E52F,
E4E0,
E4A3,
E476,
E45B,
E451,
E458,
E46F,
E495,
E4CB,
E50F,
E55F,
E5BC,
E624,
E696,
E711,
E793,
E81C,
E8AA,
E93B,
E9CF,
EA65,
EAFA,
EB8E,
EC1F,
ECAD,
ED35,
EDB7,
EE31,
EEA3,
EF0C,
EF6A,
EFBC,
F003,
F03E,
F06B,
F08A,
F09C,
F0A0,
F095,
F07D,
F056,
F022,
EFE0,
EF91,
EF35,
EECD,
EE5A,
EDDC,
ED55,
ECC5,
EC2E,
EB90,
EAED,
EA47,
E99E,
E8F4,
E84A,
E7A3,
E6FE,
E65E,
E5C4,
E531,
E4A8,
E428,
E3B5,
E34E,
E2F5,
E2AC,
E272,
E24B,
E235,
E231,
E241,
E265,
E29D,
E2EB,
E34E,
E3C7,
E455,
E4F9,
E5B2,
E67F,
E761,
E857,
E960,
EA7B,
EBA7,
ECE3,
EE2F,
EF88,
F0EE,
F25F,
F3D9,
F55C,
F6E5,
F873,
FA04,
FB96,
FD28,
FEB8,
0044,
01CA,
0349,
04BE,
0628,
0786,
08D5,
0A16,
0B46,
0C64,
0D6F,
0E66,
0F48,
1013,
10C7,
1164,
11E9,
1255,
12A8,
12E2,
1303,
130B,
12FA,
12D1,
1290,
1238,
11C9,
1145,
10AB,
0FFE,
0F3E,
0E6D,
0D8C,
0C9C,
0B9F,
0A98,
0987,
086D,
074C,
0626,
04FC,
03CF,
02A3,
0177,
004E,
FF2A,
FE0C,
FCF4,
FBE6,
FAE2,
F9E9,
F8FC,
F81D,
F74C,
F68B,
F5DA,
F539,
F4AA,
F42C,
F3C1,
F367,
F320,
F2EB,
F2C7,
F2B5,
F2B4,
F2C3,
F2E5,
F315,
F352,
F39D,
F3F4,
F456,
F4C1,
F535,
F5B1,
F632,
F6B7,
F740,
F7CA,
F855,
F8DF,
F967,
F9EA,
FA69,
FAE2,
FB53,
FBBB,
FC1A,
FC6D,
FCB5,
FCF0,
FD1D,
FD3D,
FD4D,
FD4E,
FD40,
FD21,
FCF3,
FCB3,
FC63,
FC03,
FB93,
FB14,
FA86,
F9E9,
F93F,
F888,
F7C6,
F6F9,
F621,
F542,
F45B,
F36E,
F27C,
F188,
F091,
EF9A,
EEA5,
EDB2,
ECC4,
EBDB,
EAFA,
EA21,
E953,
E891,
E7DC,
E736,
E69F,
E619,
E5A6,
E544,
E4F7,
E4BE,
E49C,
E48F,
E499,
E4BB,
E4F4,
E545,
E5AE,
E62E,
E6C6,
E775,
E83B,
E917,
EA09,
EB10,
EC2B,
ED59,
EE98,
EFE8,
F148,
F2B5,
F430,
F5B5,
F743,
F8DA,
FA77,
FC18,
FDBC,
FF60,
0104,
02A3,
043D,
05D1,
075D,
08DF,
0A55,
0BBF,
0D1A,
0E65,
0F9F,
10C6,
11D9,
12D7,
13BF,
1491,
154A,
15EB,
1672,
16E0,
1733,
176D,
178C,
1790,
1779,
1748,
16FE,
1699,
161B,
1585,
14D6,
1410,
1335,
1242,
113B,
1020,
0EF3,
0DB5,
0C68,
0B0D,
09A4,
0830,
06B2,
052C,
039E,
020B,
0074,
FEDA,
FD3F,
FBA5,
FA0D,
F877,
F6E7,
F55C,
F3D9,
F25F,
F0EE,
EF88,
EE2F,
ECE2,
EBA4,
EA74,
E955,
E846,
E748,
E65E,
E586,
E4C1,
E410,
E372,
E2E9,
E274,
E213,
E1C7,
E190,
E16E,
E160,
E166,
E181,
E1B0,
E1F3,
E249,
E2B3,
E32F,
E3BE,
E45E,
E510,
E5D3,
E6A7,
E78A,
E87D,
E97F,
EA8E,
EBAC,
ECD6,
EE0D,
EF4F,
F09E,
F1F7,
F35A,
F4C6,
F63B,
F7B7,
F93B,
FAC4,
FC54,
FDE8,
FF80,
011C,
02BB,
045B,
05FD,
07A0,
0942,
0AE3,
0C83,
0E20,
0FBA,
1150,
12E2,
146D,
15F3,
1771,
18E8,
1A56,
1BBA,
1D14,
1E63,
1FA7,
20DF,
220A,
2327,
2436,
2535,
2624,
2702,
27CE,
2889,
2931,
29C7,
2A48,
2AB6,
2B10,
2B55,
2B84,
2B9F,
2BA4,
2B94,
2B6F,
2B33,
2AE3,
2A7D,
2A02,
2972,
28CE,
2816,
274A,
266C,
257B,
2479,
2366,
2243,
2111,
1FD1,
1E85,
1D2D,
1BCA,
1A5E,
18E9,
176F,
15EE,
146A,
12E4,
115C,
0FD5,
0E4F,
0CCD,
0B50,
09D9,
086A,
0704,
05A9,
045A,
0318,
01E5,
00C2,
FFB0,
FEB0,
FDC3,
FCEA,
FC26,
FB79,
FAE1,
FA61,
F9F9,
F9A8,
F970,
F951,
F94A,
F95B,
F985,
F9C7,
FA20,
FA90,
FB17,
FBB4,
FC65,
FD2B,
FE03,
FEEE,
FFE8,
00F3,
020B,
032F,
045F,
0598,
06D9,
0820,
096C,
0ABB,
0C0B,
0D5A,
0EA8,
0FF1,
1135,
1273,
13A7,
14D2,
15F1,
1703,
1807,
18FB,
19DF,
1AB1,
1B71,
1C1E,
1CB7,
1D3B,
1DAB,
1E06,
1E4B,
1E7B,
1E95,
1E9B,
1E8C,
1E68,
1E32,
1DE8,
1D8C,
1D1F,
1CA2,
1C17,
1B7E,
1AD9,
1A29,
1970,
18B0,
17EB,
1722,
1657,
158B,
14C0,
13F9,
1337,
127B,
11C8,
111F,
1083,
0FF4,
0F74,
0F05,
0EA9,
0E60,
0E2C,
0E0E,
0E08,
0E1A,
0E44,
0E89,
0EE7,
0F61,
0FF5,
10A5,
1170,
1256,
1357,
1472,
15A8,
16F6,
185F,
19DF,
1B76,
1D21,
1EE1,
20B3,
2296,
2489,
2689,
2895,
2AAA,
2CC8,
2EEC,
3114,
333D,
3567,
378E,
39B1,
3BCD,
3DE0,
3FE9,
41E5,
43D3,
45AF,
477A,
492F,
4ACF,
4C57,
4DC6,
4F1A,
5051,
516C,
5266,
5342,
53FC,
5496,
550D,
5563,
5595,
55A5,
5592,
555C,
5504,
5489,
53EC,
532E,
524F,
5150,
5032,
4EF6,
4D9D,
4C28,
4A99,
48F0,
4730,
4559,
436D,
416F,
3F5E,
3D3D,
3B0D,
38D1,
3689,
3438,
31DF,
2F7F,
2D1A,
2AB2,
2848,
25DD,
2373,
210C,
1EA7,
1C48,
19EE,
179A,
154F,
130B,
10D1,
0EA1,
0C7C,
0A61,
0853,
0650,
0459,
026F,
0092,
FEC2,
FCFE,
FB48,
F99E,
F801,
F671,
F4ED,
F375,
F20A,
F0AB,
EF58,
EE0F,
ECD2,
EB9F,
EA77,
E958,
E844,
E739,
E637,
E53F,
E450,
E369,
E28C,
E1B7,
E0EB,
E028,
DF6E,
DEBC,
DE14,
DD75,
DCE0,
DC54,
DBD3,
DB5B,
DAEF,
DA8D,
DA36,
D9EB,
D9AD,
D97A,
D955,
D93D,
D932,
D935,
D946,
D966,
D994,
D9D2,
DA1E,
DA7A,
DAE5,
DB5F,
DBE9,
DC82,
DD2B,
DDE2,
DEA8,
DF7D,
E05F,
E14F,
E24C,
E354,
E469,
E588,
E6B1,
E7E3,
E91D,
EA5E,
EBA5,
ECF1,
EE40,
EF91,
F0E4,
F236,
F386,
F4D4,
F61D,
F761,
F89E,
F9D3,
FAFF,
FC20,
FD34,
FE3C,
FF35,
001F,
00F8,
01C0,
0275,
0318,
03A6,
0420,
0486,
04D6,
0511,
0536,
0546,
0540,
0524,
04F4,
04AF,
0456,
03E9,
036A,
02DA,
0239,
0189,
00CA,
FFFF,
FF28,
FE48,
FD5E,
FC6F,
FB79,
FA80,
F986,
F88B,
F791,
F69B,
F5AA,
F4BF,
F3DD,
F304,
F237,
F177,
F0C5,
F023,
EF92,
EF13,
EEA8,
EE50,
EE0D,
EDE0,
EDC9,
EDC9,
EDDF,
EE0D,
EE50,
EEAB,
EF1C,
EFA3,
F040,
F0F1,
F1B6,
F28D,
F376,
F470,
F579,
F68E,
F7B0,
F8DC,
FA10,
FB4A,
FC88,
FDC9,
FF0A,
0049,
0183,
02B8,
03E4,
0506,
061A,
0720,
0816,
08F8,
09C6,
0A7D,
0B1C,
0BA1,
0C0B,
0C58,
0C87,
0C98,
0C89,
0C59,
0C09,
0B97,
0B04,
0A4F,
0978,
0881,
076A,
0633,
04DD,
036A,
01DB,
0031,
FE6F,
FC96,
FAA8,
F8A7,
F696,
F477,
F24C,
F01A,
EDE1,
EBA6,
E96B,
E733,
E501,
E2D8,
E0BC,
DEAE,
DCB3,
DACE,
D900,
D74D,
D5B8,
D443,
D2F1,
D1C3,
D0BC,
CFDE,
CF2B,
CEA3,
CE49,
CE1D,
CE21,
CE54,
CEB8,
CF4C,
D00F,
D103,
D226,
D377,
D4F5,
D69F,
D872,
DA6E,
DC90,
DED5,
E13B,
E3C0,
E661,
E919,
EBE8,
EEC8,
F1B7,
F4B1,
F7B2,
FAB8,
FDBD,
00C0,
03BB,
06AB,
098D,
0C5D,
0F17,
11B9,
143F,
16A7,
18EC,
1B0E,
1D08,
1EDA,
2080,
21F9,
2344,
245F,
2549,
2602,
2689,
26DD,
26FF,
26F0,
26AE,
263C,
259B,
24CD,
23D2,
22AE,
2162,
1FEF,
1E5A,
1CA4,
1AD0,
18E1,
16DA,
14BE,
1290,
1054,
0E0D,
0BBD,
0969,
0713,
04BF,
0271,
002A,
FDEE,
FBC0,
F9A3,
F798,
F5A4,
F3C7,
F205,
F05E,
EED5,
ED69,
EC1D,
EAF3,
E9EB,
E907,
E846,
E7A8,
E72F,
E6D9,
E6A6,
E696,
E6A8,
E6DA,
E72D,
E79E,
E82C,
E8D6,
E999,
EA75,
EB68,
EC6F,
ED88,
EEB3,
EFEB,
F131,
F281,
F3D9,
F538,
F69B,
F801,
F968,
FACD,
FC30,
FD8E,
FEE6,
0037,
017F,
02BC,
03EF,
0515,
062D,
0738,
0833,
091F,
09FC,
0AC7,
0B82,
0C2C,
0CC4,
0D4B,
0DC1,
0E25,
0E78,
0EB9,
0EEA,
0F0A,
0F19,
0F17,
0F06,
0EE4,
0EB3,
0E72,
0E23,
0DC4,
0D5A,
0CE1,
0C5A,
0BC6,
0B23,
0A73,
09B7,
08ED,
0816,
0732,
0642,
0546,
043D,
0329,
020A,
00DF,
FFA9,
FE68,
FD1E,
FBCA,
FA6C,
F906,
F799,
F624,
F4A8,
F327,
F1A2,
F019,
EE8D,
ED00,
EB73,
E9E7,
E85F,
E6DB,
E55C,
E3E5,
E276,
E112,
DFB9,
DE6F,
DD33,
DC09,
DAF2,
D9EE,
D901,
D82C,
D76F,
D6CD,
D647,
D5DF,
D594,
D569,
D55F,
D575,
D5AE,
D608,
D686,
D725,
D7E8,
D8CD,
D9D4,
DAFD,
DC46,
DDB0,
DF38,
E0DD,
E29E,
E47A,
E66D,
E877,
EA95,
ECC6,
EF05,
F152,
F3A8,
F607,
F86A,
FACF,
FD33,
FF94,
01ED,
043D,
0681,
08B5,
0AD7,
0CE4,
0EDA,
10B6,
1276,
1418,
1599,
16F8,
1833,
1949,
1A38,
1B00,
1BA0,
1C16,
1C63,
1C86,
1C80,
1C4F,
1BF6,
1B75,
1ACC,
19FD,
190A,
17F3,
16BA,
1562,
13ED,
125C,
10B2,
0EF2,
0D1D,
0B38,
0943,
0743,
053A,
032B,
0118,
FF05,
FCF4,
FAE8,
F8E3,
F6E8,
F4FA,
F31B,
F14C,
EF91,
EDEB,
EC5C,
EAE5,
E988,
E847,
E722,
E61A,
E531,
E465,
E3B9,
E32C,
E2BD,
E26D,
E23B,
E226,
E22E,
E252,
E291,
E2E9,
E358,
E3DF,
E47A,
E528,
E5E8,
E6B7,
E793,
E87B,
E96C,
EA64,
EB61,
EC64,
ED68,
EE6A,
EF6A,
F065,
F159,
F244,
F325,
F3FA,
F4C2,
F57B,
F623,
F6BB,
F740,
F7B1,
F80F,
F858,
F88C,
F8AA,
F8B3,
F8A6,
F884,
F84C,
F7FF,
F79F,
F72A,
F6A3,
F609,
F55F,
F4A6,
F3DD,
F308,
F229,
F140,
F04E,
EF56,
EE59,
ED58,
EC55,
EB53,
EA52,
E956,
E85F,
E76F,
E689,
E5AD,
E4DE,
E41E,
E36D,
E2CD,
E240,
E1C8,
E164,
E117,
E0E2,
E0C4,
E0C0,
E0D6,
E107,
E152,
E1B9,
E23B,
E2D9,
E392,
E464,
E551,
E659,
E77A,
E8B5,
EA08,
EB72,
ECF2,
EE87,
F031,
F1EC,
F3B8,
F594,
F77D,
F972,
FB71,
FD79,
FF87,
0199,
03AD,
05C2,
07D5,
09E5,
0BEF,
0DF1,
0FEA,
11D6,
13B6,
1586,
1744,
18F0,
1A87,
1C08,
1D71,
1EC0,
1FF5,
210E,
220A,
22E7,
23A5,
2444,
24C1,
251D,
2558,
2570,
2566,
253A,
24EB,
247B,
23E9,
2335,
2261,
216C,
2059,
1F27,
1DD8,
1C6C,
1AE6,
1946,
178E,
15BF,
13DB,
11E3,
0FDA,
0DC1,
0B9A,
0967,
0729,
04E3,
0295,
0044,
FDEF,
FB99,
F945,
F6F3,
F4A7,
F260,
F023,
EDF0,
EBC8,
E9AE,
E7A3,
E5A9,
E3C1,
E1ED,
E02D,
DE83,
DCF0,
DB75,
DA13,
D8CA,
D79C,
D688,
D590,
D4B4,
D3F4,
D34F,
D2C7,
D25B,
D20B,
D1D6,
D1BD,
D1BF,
D1DC,
D212,
D261,
D2C9,
D348,
D3DD,
D488,
D547,
D619,
D6FE,
D7F3,
D8F7,
DA09,
DB28,
DC53,
DD87,
DEC3,
E007,
E151,
E29E,
E3EF,
E540,
E692,
E7E3,
E931,
EA7B,
EBC1,
ED00,
EE38,
EF67,
F08C,
F1A7,
F2B7,
F3BA,
F4B1,
F59A,
F674,
F741,
F7FD,
F8AB,
F949,
F9D7,
FA55,
FAC3,
FB21,
FB6F,
FBAE,
FBDE,
FBFF,
FC11,
FC16,
FC0D,
FBF8,
FBD7,
FBAA,
FB74,
FB33,
FAEB,
FA9A,
FA43,
F9E6,
F984,
F91F,
F8B6,
F84C,
F7E1,
F777,
F70E,
F6A8,
F646,
F5E7,
F58F,
F53C,
F4F1,
F4AE,
F474,
F444,
F41D,
F402,
F3F2,
F3ED,
F3F5,
F409,
F42A,
F457,
F491,
F4D8,
F52B,
F58B,
F5F6,
F66D,
F6EF,
F77C,
F813,
F8B3,
F95B,
FA0C,
FAC2,
FB7F,
FC40,
FD04,
FDCA,
FE92,
FF59,
001E,
00E1,
019F,
0258,
030A,
03B3,
0453,
04E8,
0570,
05EC,
0658,
06B4,
0700,
0739,
0760,
0772,
0770,
0759,
072B,
06E7,
068C,
0619,
058F,
04ED,
0434,
0363,
027B,
017C,
0066,
FF3B,
FDFB,
FCA7,
FB40,
F9C7,
F83D,
F6A4,
F4FC,
F348,
F189,
EFC0,
EDF0,
EC1A,
EA40,
E864,
E688,
E4AE,
E2D8,
E108,
DF3F,
DD80,
DBCD,
DA28,
D892,
D70E,
D59E,
D443,
D2FF,
D1D5,
D0C5,
CFD0,
CEF9,
CE41,
CDA9,
CD31,
CCDC,
CCA9,
CC99,
CCAC,
CCE4,
CD40,
CDC0,
CE65,
CF2D,
D018,
D127,
D257,
D3A9,
D51B,
D6AB,
D85A,
DA24,
DC09,
DE07,
E01B,
E245,
E482,
E6CF,
E92B,
EB93,
EE05,
F07E,
F2FC,
F57D,
F7FE,
FA7D,
FCF7,
FF69,
01D1,
042D,
067B,
08B8,
0AE1,
0CF6,
0EF3,
10D7,
12A0,
144C,
15DA,
1748,
1895,
19C0,
1AC8,
1BAC,
1C6B,
1D04,
1D79,
1DC7,
1DF0,
1DF3,
1DD2,
1D8B,
1D21,
1C94,
1BE5,
1B15,
1A26,
1919,
17EF,
16AB,
154E,
13DB,
1252,
10B7,
0F0B,
0D51,
0B8A,
09BB,
07E3,
0607,
0428,
0249,
006C,
FE94,
FCC2,
FAF8,
F938,
F785,
F5E1,
F44D,
F2CC,
F15F,
F007,
EEC6,
ED9D,
EC8E,
EB98,
EABE,
E9FF,
E95C,
E8D5,
E86B,
E81D,
E7EC,
E7D7,
E7DD,
E7FF,
E83A,
E890,
E8FD,
E983,
EA1E,
EACE,
EB92,
EC68,
ED4E,
EE42,
EF44,
F052,
F169,
F288,
F3AD,
F4D7,
F602,
F72F,
F85A,
F982,
FAA5,
FBC2,
FCD8,
FDE4,
FEE5,
FFDA,
00C2,
019C,
0267,
0321,
03CA,
0462,
04E8,
055C,
05BC,
060B,
0646,
066F,
0686,
068C,
0680,
0663,
0637,
05FE,
05B7,
0564,
0504,
049B,
0428,
03AE,
032D,
02A8,
021F,
0195,
010A,
0081,
FFFB,
FF79,
FEFD,
FE88,
FE1B,
FDB9,
FD62,
FD17,
FCDA,
FCAC,
FC8C,
FC7D,
FC7E,
FC91,
FCB6,
FCEC,
FD35,
FD90,
FDFD,
FE7D,
FF0F,
FFB1,
0064,
0126,
01F7,
02D6,
03C2,
04B9,
05BA,
06C3,
07D5,
08EC,
0A07,
0B24,
0C42,
0D60,
0E7B,
0F91,
10A1,
11A9,
12A7,
139A,
1480,
1557,
161E,
16D3,
1776,
1804,
187C,
18DE,
1928,
1959,
1971,
1970,
1954,
191E,
18CE,
1863,
17DE,
173F,
1687,
15B6,
14CE,
13CF,
12BA,
1191,
1054,
0F06,
0DA9,
0C3D,
0AC4,
0942,
07B6,
0625,
048F,
02F8,
0160,
FFCB,
FE3B,
FCB2,
FB32,
F9BD,
F856,
F6FD,
F5B6,
F482,
F364,
F25D,
F16F,
F09C,
EFE5,
EF4B,
EED0,
EE75,
EE3A,
EE20,
EE29,
EE53,
EEA1,
EF10,
EFA2,
F056,
F12C,
F223,
F33A,
F470,
F5C3,
F734,
F8C0,
FA65,
FC22,
FDF4,
FFDB,
01D4,
03DC,
05F1,
0810,
0A39,
0C67,
0E99,
10CB,
12FD,
152A,
1751,
196F,
1B81,
1D86,
1F7A,
215D,
232A,
24E2,
2681,
2806,
296F,
2ABB,
2BE8,
2CF6,
2DE3,
2EAE,
2F57,
2FDE,
3041,
3081,
309F,
3099,
3071,
3027,
2FBD,
2F33,
2E8A,
2DC3,
2CE0,
2BE2,
2ACB,
299D,
2859,
2703,
259B,
2424,
22A0,
2113,
1F7D,
1DE2,
1C44,
1AA5,
1908,
176F,
15DD,
1454,
12D6,
1165,
1004,
0EB4,
0D77,
0C4F,
0B3E,
0A45,
0965,
08A0,
07F8,
076B,
06FC,
06AB,
0677,
0662,
066B,
0693,
06D8,
073B,
07BA,
0855,
090C,
09DC,
0AC5,
0BC4,
0CDA,
0E03,
0F3F,
108B,
11E6,
134C,
14BD,
1636,
17B5,
1937,
1ABB,
1C3D,
1DBC,
1F36,
20A7,
220E,
2368,
24B4,
25EE,
2717,
282B,
2929,
2A0F,
2ADB,
2B8D,
2C23,
2C9B,
2CF5,
2D30,
2D4B,
2D45,
2D1F,
2CD7,
2C6E,
2BE3,
2B38,
2A6C,
2980,
2874,
274A,
2602,
249D,
231D,
2183,
1FD0,
1E07,
1C28,
1A35,
1831,
161E,
13FD,
11CF,
0F98,
0D59,
0B14,
08CB,
0680,
0436,
01ED,
FFAA,
FD6C,
FB36,
F90A,
F6EA,
F4D7,
F2D2,
F0DE,
EEFC,
ED2C,
EB71,
E9CA,
E83A,
E6C0,
E55E,
E414,
E2E3,
E1CB,
E0CB,
DFE5,
DF18,
DE64,
DDCA,
DD47,
DCDC,
DC89,
DC4C,
DC25,
DC14,
DC16,
DC2C,
DC54,
DC8E,
DCD7,
DD30,
DD96,
DE0A,
DE88,
DF12,
DFA4,
E03E,
E0DF,
E186,
E232,
E2E1,
E393,
E446,
E4FA,
E5AE,
E661,
E713,
E7C2,
E86E,
E916,
E9BA,
EA5A,
EAF6,
EB8D,
EC1F,
ECAD,
ED36,
EDBA,
EE3A,
EEB6,
EF2E,
EFA2,
F014,
F083,
F0F1,
F15D,
F1C8,
F233,
F29F,
F30D,
F37C,
F3EF,
F465,
F4DF,
F55E,
F5E3,
F66F,
F702,
F79D,
F840,
F8EC,
F9A1,
FA61,
FB2B,
FC00,
FCE0,
FDCC,
FEC3,
FFC5,
00D4,
01EE,
0314,
0446,
0582,
06CA,
081D,
0979,
0ADF,
0C4F,
0DC7,
0F46,
10CD,
125A,
13ED,
1584,
171F,
18BC,
1A5B,
1BFB,
1D9A,
1F38,
20D3,
226B,
23FD,
2589,
270F,
288C,
2A00,
2B6B,
2CCA,
2E1D,
2F63,
309B,
31C5,
32DE,
33E7,
34DF,
35C5,
3699,
3759,
3806,
389F,
3924,
3993,
39EE,
3A34,
3A64,
3A7F,
3A85,
3A75,
3A51,
3A17,
39C9,
3966,
38F0,
3866,
37C9,
371A,
3659,
3586,
34A3,
33AF,
32AD,
319C,
307E,
2F53,
2E1C,
2CDA,
2B8D,
2A38,
28DA,
2775,
2609,
2498,
2322,
21A9,
202C,
1EAE,
1D2F,
1BB0,
1A31,
18B5,
173B,
15C4,
1451,
12E4,
117B,
1019,
0EBF,
0D6B,
0C21,
0ADF,
09A8,
087A,
0758,
0640,
0535,
0436,
0344,
0260,
0189,
00C0,
0005,
FF59,
FEBB,
FE2D,
FDAE,
FD3F,
FCE0,
FC90,
FC50,
FC1F,
FBFF,
FBEF,
FBEE,
FBFD,
FC1B,
FC49,
FC86,
FCD1,
FD2B,
FD94,
FE0A,
FE8E,
FF1F,
FFBD,
0067,
011D,
01DE,
02A9,
037E,
045B,
0541,
062D,
0721,
0819,
0917,
0A18,
0B1B,
0C21,
0D27,
0E2C,
0F31,
1032,
1131,
122A,
131E,
140C,
14F1,
15CE,
16A1,
1769,
1825,
18D5,
1976,
1A09,
1A8D,
1B00,
1B63,
1BB3,
1BF1,
1C1D,
1C34,
1C38,
1C27,
1C02,
1BC7,
1B78,
1B13,
1A99,
1A0A,
1965,
18AC,
17DE,
16FD,
1607,
14FF,
13E4,
12B7,
117A,
102C,
0ECF,
0D65,
0BEC,
0A67,
08D8,
073F,
059F,
03F8,
024C,
009C,
FEEA,
FD37,
FB85,
F9D6,
F82A,
F684,
F4E4,
F34D,
F1C0,
F03E,
EEC9,
ED62,
EC0B,
EAC4,
E98F,
E86E,
E760,
E668,
E586,
E4BB,
E408,
E36D,
E2EB,
E283,
E234,
E1FF,
E1E4,
E1E4,
E1FF,
E233,
E282,
E2EB,
E36D,
E407,
E4BA,
E584,
E664,
E75A,
E865,
E983,
EAB3,
EBF5,
ED46,
EEA5,
F012,
F18A,
F30C,
F496,
F628,
F7BF,
F959,
FAF6,
FC94,
FE31,
FFCB,
0161,
02F3,
047E,
0600,
0779,
08E6,
0A48,
0B9C,
0CE2,
0E18,
0F3E,
1053,
1156,
1246,
1324,
13ED,
14A3,
1545,
15D2,
164B,
16B0,
1700,
173C,
1764,
1779,
177B,
176A,
1748,
1714,
16D0,
167C,
1619,
15A9,
152D,
14A5,
1412,
1375,
12CE,
1220,
116B,
10B1,
0FF1,
0F2D,
0E67,
0D9F,
0CD6,
0C0D,
0B45,
0A7F,
09BC,
08FC,
0840,
0789,
06D7,
062B,
0586,
04E8,
0451,
03C1,
0339,
02BA,
0242,
01D3,
016C,
010D,
00B8,
006B,
0026,
FFE8,
FFB2,
FF83,
FF5B,
FF3A,
FF1E,
FF08,
FEF8,
FEEC,
FEE4,
FEE0,
FEE0,
FEE3,
FEE8,
FEEF,
FEF8,
FF02,
FF0E,
FF1A,
FF26,
FF32,
FF3E,
FF4A,
FF55,
FF5F,
FF68,
FF71,
FF78,
FF7E,
FF83,
FF88,
FF8B,
FF8F,
FF92,
FF95,
FF98,
FF9B,
FF9F,
FFA4,
FFAA,
FFB2,
FFBB,
FFC7,
FFD5,
FFE6,
FFFA,
0011,
002C,
004B,
006E,
0095,
00C0,
00F0,
0125,
015F,
019D,
01E0,
0228,
0275,
02C6,
031B,
0374,
03D1,
0431,
0495,
04FC,
0565,
05D1,
063D,
06AB,
0719,
0786,
07F3,
085D,
08C5,
092A,
098B,
09E7,
0A3D,
0A8D,
0AD7,
0B18,
0B51,
0B81,
0BA6,
0BC2,
0BD2,
0BD7,
0BD0,
0BBC,
0B9B,
0B6D,
0B32,
0AE8,
0A91,
0A2C,
09B9,
0939,
08AB,
080F,
0767,
06B3,
05F2,
0527,
0450,
036F,
0285,
0192,
0098,
FF98,
FE91,
FD86,
FC78,
FB68,
FA56,
F944,
F834,
F727,
F61D,
F518,
F41A,
F323,
F235,
F150,
F077,
EFAC,
EEED,
EE3D,
ED9C,
ED0C,
EC8C,
EC1E,
EBC2,
EB79,
EB44,
EB22,
EB14,
EB1A,
EB35,
EB64,
EBA7,
EBFE,
EC68,
ECE6,
ED76,
EE18,
EECC,
EF90,
F064,
F147,
F237,
F334,
F43D,
F550,
F66C,
F790,
F8BB,
F9EA,
FB1D,
FC52,
FD88,
FEBE,
FFF3,
0124,
0250,
0377,
0497,
05AE,
06BD,
07C0,
08B8,
09A4,
0A82,
0B52,
0C13,
0CC4,
0D65,
0DF6,
0E76,
0EE5,
0F42,
0F8F,
0FCA,
0FF4,
100D,
1016,
100F,
0FF8,
0FD3,
0F9E,
0F5D,
0F0E,
0EB5,
0E50,
0DE3,
0D6C,
0CEF,
0C6B,
0BE2,
0B56,
0AC6,
0A35,
09A4,
0914,
0885,
07FA,
0772,
06F0,
0674,
05FF,
0591,
052C,
04D1,
047F,
0437,
03FA,
03C8,
03A1,
0386,
0376,
0371,
037A,
038D,
03AB,
03D3,
0405,
043F,
0482,
04CB,
051B,
0570,
05CA,
0626,
0685,
06E4,
0743,
07A0,
07F9,
084F,
089E,
08E7,
0927,
095E,
0989,
09A9,
09BB,
09BE,
09B2,
0996,
0968,
0928,
08D5,
086E,
07F2,
0762,
06BC,
0602,
0532,
044D,
0353,
0244,
0121,
FFEA,
FE9F,
FD43,
FBD4,
FA56,
F8C7,
F72B,
F582,
F3CD,
F20E,
F046,
EE78,
ECA4,
EACD,
E8F4,
E71B,
E543,
E370,
E1A2,
DFDB,
DE1D,
DC69,
DAC3,
D927,
D79B,
D620,
D4B8,
D364,
D226,
D0FE,
CFED,
CEF6,
CE18,
CD54,
CCAB,
CC1D,
CBAC,
CB56,
CB1C,
CAFF,
CAFD,
CB17,
CB4C,
CB9B,
CC04,
CC86,
CD20,
CDD1,
CE98,
CF73,
D061,
D160,
D270,
D38E,
D4B9,
D5ED,
D72B,
D870,
D9BA,
DB09,
DC59,
DDAA,
DEFA,
E046,
E18E,
E2CF,
E408,
E538,
E65D,
E776,
E881,
E97F,
EA6D,
EB4A,
EC17,
ECD1,
ED7A,
EE10,
EE93,
EF03,
EF60,
EFAA,
EFE2,
F007,
F01A,
F01C,
F00D,
EFEE,
EFC0,
EF84,
EF3B,
EEE7,
EE88,
EE20,
EDB0,
ED39,
ECBE,
EC3F,
EBBE,
EB3C,
EABB,
EA3C,
E9C0,
E94A,
E8D9,
E870,
E810,
E7B9,
E76D,
E72D,
E6F9,
E6D2,
E6BA,
E6B0,
E6B5,
E6C8,
E6EC,
E71E,
E760,
E7B2,
E812,
E881,
E8FE,
E987,
EA1D,
EABF,
EB6B,
EC20,
ECDE,
EDA2,
EE6C,
EF3B,
F00B,
F0DE,
F1AF,
F27F,
F34B,
F413,
F4D3,
F58C,
F63A,
F6DD,
F774,
F7FD,
F876,
F8DF,
F936,
F97A,
F9AA,
F9C6,
F9CC,
F9BC,
F996,
F959,
F906,
F89B,
F81A,
F783,
F6D6,
F614,
F53D,
F453,
F356,
F247,
F128,
EFFB,
EEC0,
ED79,
EC29,
EAD1,
E973,
E810,
E6AC,
E548,
E3E6,
E288,
E131,
DFE3,
DEA0,
DD6A,
DC43,
DB2E,
DA2C,
D940,
D86C,
D7B0,
D70E,
D689,
D621,
D5D7,
D5AC,
D5A2,
D5BA,
D5F2,
D64D,
D6CA,
D76A,
D82B,
D90E,
DA13,
DB37,
DC7B,
DDDE,
DF5D,
E0F8,
E2AD,
E47A,
E65D,
E854,
EA5D,
EC76,
EE9B,
F0CC,
F304,
F542,
F783,
F9C5,
FC03,
FE3C,
006C,
0290,
04A7,
06AC,
089E,
0A7A,
0C3E,
0DE7,
0F72,
10DE,
122A,
1352,
1455,
1533,
15E9,
1677,
16DC,
1717,
1727,
170D,
16C8,
1659,
15C0,
14FE,
1413,
1301,
11C9,
106C,
0EEB,
0D49,
0B88,
09AA,
07B2,
05A2,
037C,
0144,
FEFD,
FCA9,
FA4C,
F7E8,
F581,
F31A,
F0B6,
EE59,
EC06,
E9BF,
E789,
E565,
E358,
E164,
DF8C,
DDD2,
DC39,
DAC3,
D974,
D84C,
D74D,
D67A,
D5D4,
D55B,
D512,
D4FA,
D512,
D55B,
D5D5,
D681,
D75E,
D86B,
D9A8,
DB15,
DCAF,
DE76,
E068,
E283,
E4C6,
E72F,
E9BB,
EC68,
EF34,
F21B,
F51D,
F834,
FB60,
FE9C,
01E6,
053B,
0898,
0BFA,
0F5E,
12C2,
1621,
1979,
1CC9,
200C,
2340,
2664,
2973,
2C6D,
2F4E,
3216,
34C2,
3750,
39BF,
3C0E,
3E3C,
4046,
422E,
43F1,
4590,
470B,
4860,
4991,
4A9D,
4B85,
4C4A,
4CEB,
4D6B,
4DC9,
4E07,
4E26,
4E28,
4E0D,
4DD8,
4D89,
4D24,
4CAA,
4C1A,
4B79,
4AC6,
4A04,
4935,
4859,
4774,
4686,
4591,
4496,
4398,
4297,
4194,
4091,
3F8F,
3E8F,
3D92,
3C98,
3BA2,
3AB2,
39C6,
38E0,
3800,
3725,
3651,
3582,
34B8,
33F4,
3335,
327A,
31C5,
3113,
3063,
2FB5,
2F08,
2E5B,
2DAD,
2CFD,
2C4B,
2B95,
2ADA,
2A1A,
2954,
2887,
27B2,
26D4,
25EE,
24FD,
2403,
22FE,
21ED,
20D2,
1FAB,
1E78,
1D3A,
1BF1,
1A9C,
193D,
17D3,
1660,
14E4,
135F,
11D3,
1040,
0EA8,
0D0B,
0B6B,
09C9,
0827,
0686,
04E7,
034C,
01B6,
0027,
FEA1,
FD25,
FBB5,
FA51,
F8FD,
F7B8,
F685,
F565,
F459,
F362,
F282,
F1B9,
F109,
F072,
EFF4,
EF91,
EF49,
EF1C,
EF0A,
EF13,
EF38,
EF77,
EFD0,
F043,
F0CF,
F172,
F22D,
F2FD,
F3E2,
F4D9,
F5E2,
F6FB,
F823,
F956,
FA94,
FBDA,
FD26,
FE76,
FFC8,
011A,
026A,
03B4,
04F8,
0632,
0762,
0883,
0996,
0A96,
0B83,
0C5B,
0D1C,
0DC4,
0E54,
0EC8,
0F20,
0F59,
0F74,
0F70,
0F4B,
0F06,
0EA1,
0E1A,
0D73,
0CAB,
0BC3,
0ABC,
0997,
0854,
06F4,
057A,
03E6,
023A,
0078,
FEA2,
FCBA,
FAC2,
F8BC,
F6AB,
F492,
F272,
F04E,
EE29,
EC06,
E9E7,
E7D1,
E5C4,
E3C3,
E1D1,
DFF1,
DE24,
DC6D,
DACF,
D94B,
D7E4,
D69C,
D574,
D46E,
D38C,
D2CE,
D237,
D1C6,
D17E,
D15D,
D165,
D196,
D1F1,
D273,
D31E,
D3F1,
D4EB,
D60A,
D74E,
D8B6,
DA3F,
DBE8,
DDB0,
DF94,
E192,
E3A8,
E5D4,
E812,
EA61,
ECBD,
EF25,
F194,
F409,
F681,
F8F8,
FB6C,
FDDA,
003F,
0299,
04E5,
0720,
0948,
0B5B,
0D56,
0F37,
10FB,
12A3,
142A,
1591,
16D5,
17F5,
18F1,
19C7,
1A77,
1B00,
1B62,
1B9D,
1BB2,
1BA0,
1B67,
1B0A,
1A88,
19E2,
191A,
1831,
1728,
1601,
14BE,
1361,
11EB,
105F,
0EBF,
0D0D,
0B4B,
097C,
07A2,
05BF,
03D7,
01EA,
FFFD,
FE10,
FC27,
FA44,
F869,
F697,
F4D2,
F31B,
F175,
EFE0,
EE5F,
ECF2,
EB9B,
EA5C,
E934,
E826,
E732,
E659,
E59A,
E4F7,
E46F,
E403,
E3B2,
E37C,
E361,
E35F,
E376,
E3A6,
E3ED,
E449,
E4BB,
E540,
E5D6,
E67E,
E734,
E7F6,
E8C5,
E99D,
EA7C,
EB61,
EC4B,
ED37,
EE24,
EF0F,
EFF7,
F0DA,
F1B6,
F28A,
F354,
F413,
F4C5,
F569,
F5FE,
F682,
F6F5,
F756,
F7A4,
F7DE,
F804,
F816,
F814,
F7FD,
F7D2,
F792,
F73F,
F6D8,
F65F,
F5D4,
F538,
F48B,
F3D1,
F308,
F233,
F153,
F06A,
EF7A,
EE83,
ED89,
EC8D,
EB90,
EA94,
E99B,
E8A7,
E7BA,
E6D5,
E5FA,
E52B,
E469,
E3B7,
E315,
E285,
E209,
E1A2,
E150,
E116,
E0F3,
E0EA,
E0FA,
E125,
E16A,
E1CB,
E247,
E2DF,
E392,
E45F,
E547,
E64A,
E767,
E89E,
E9ED,
EB54,
ECD2,
EE65,
F00C,
F1C7,
F392,
F56D,
F757,
F94C,
FB4C,
FD55,
FF64,
0178,
038F,
05A6,
07BB,
09CD,
0BDA,
0DDF,
0FDA,
11CA,
13AC,
157E,
1740,
18EE,
1A87,
1C09,
1D72,
1EC3,
1FF8,
2112,
220E,
22EB,
23A9,
2448,
24C5,
2521,
255B,
2573,
2569,
253C,
24EE,
247D,
23EA,
2336,
2261,
216C,
2058,
1F26,
1DD7,
1C6B,
1AE5,
1945,
178D,
15BE,
13DA,
11E3,
0FDA,
0DC1,
0B9B,
0968,
072A,
04E4,
0297,
0045,
FDF1,
FB9C,
F948,
F6F6,
F4AA,
F264,
F026,
EDF3,
EBCC,
E9B2,
E7A7,
E5AD,
E3C5,
E1F1,
E031,
DE86,
DCF3,
DB78,
DA15,
D8CC,
D79E,
D68A,
D591,
D4B5,
D3F4,
D34D,
D2C2,
D253,
D200,
D1C9,
D1AD,
D1AC,
D1C5,
D1F8,
D245,
D2AA,
D326,
D3BA,
D462,
D520,
D5F1,
D6D4,
D7C8,
D8CC,
D9DF,
DAFF,
DC2A,
DD60,
DE9F,
DFE6,
E133,
E284,
E3D9,
E530,
E687,
E7DD,
E931,
EA81,
EBCD,
ED13,
EE51,
EF87,
F0B3,
F1D4,
F2EA,
F3F3,
F4F0,
F5DE,
F6BD,
F78D,
F84E,
F8FE,
F99E,
FA2E,
FAAC,
FB1A,
FB77,
FBC3,
FBFF,
FC2A,
FC46,
FC52,
FC50,
FC40,
FC22,
FBF7,
FBC0,
FB7F,
FB33,
FAE0,
FA85,
FA23,
F9BB,
F94E,
F8DE,
F86B,
F7F7,
F783,
F711,
F6A0,
F633,
F5CA,
F567,
F50A,
F4B6,
F469,
F426,
F3EE,
F3C0,
F39E,
F388,
F37F,
F383,
F394,
F3B3,
F3DF,
F41A,
F462,
F4B8,
F51B,
F58B,
F606,
F68D,
F720,
F7BD,
F863,
F913,
F9CA,
FA89,
FB4C,
FC15,
FCE0,
FDAE,
FE7C,
FF4A,
0016,
00DE,
01A2,
025F,
0315,
03C2,
0464,
04FC,
0586,
0602,
066F,
06CC,
0718,
0751,
0777,
078A,
0787,
0770,
0745,
0703,
06AB,
063D,
05B8,
051C,
046A,
03A2,
02C3,
01CF,
00C6,
FFA9,
FE78,
FD34,
FBDF,
FA78,
F902,
F77D,
F5EA,
F44C,
F2A2,
F0F0,
EF35,
ED74,
EBAE,
E9E5,
E81A,
E64E,
E484,
E2BE,
E0FB,
DF3F,
DD8D,
DBE3,
DA45,
D8B3,
D72E,
D5B9,
D454,
D300,
D1C0,
D094,
CF7D,
CE7C,
CD92,
CCC0,
CC07,
CB67,
CAE1,
CA76,
CA26,
C9F1,
C9D8,
C9DA,
C9F8,
CA33,
CA89,
CAFA,
CB87,
CC2F,
CCF1,
CDCD,
CEC3,
CFD1,
D0F7,
D234,
D387,
D4EF,
D66A,
D7F9,
D999,
DB49,
DD08,
DED5,
E0AD,
E291,
E47D,
E671,
E86B,
EA69,
EC6A,
EE6C,
F06D,
F26D,
F468,
F65E,
F84C,
FA32,
FC0D,
FDDC,
FF9E,
0150,
02F2,
0482,
0600,
0768,
08BD,
09FC,
0B22,
0C30,
0D25,
0DFF,
0EBF,
0F63,
0FEB,
1058,
10A8,
10DD,
10F5,
10F2,
10D3,
109A,
1046,
0FD9,
0F53,
0EB6,
0E03,
0D3A,
0C5F,
0B71,
0A73,
0966,
084D,
0728,
05FB,
04C8,
0390,
0255,
011B,
FFE4,
FEB1,
FD85,
FC63,
FB4C,
FA43,
F94B,
F864,
F792,
F6D6,
F633,
F5AA,
F53C,
F4EC,
F4BB,
F4AA,
F4BA,
F4EC,
F542,
F5BB,
F659,
F71A,
F801,
F90B,
FA3A,
FB8C,
FD01,
FE97,
004E,
0225,
041A,
062A,
0855,
0A98,
0CF1,
0F5F,
11DD,
146B,
1704,
19A7,
1C50,
1EFD,
21AB,
2455,
26FA,
2996,
2C27,
2EA8,
3118,
3373,
35B6,
37DE,
39EA,
3BD5,
3D9E,
3F43,
40C1,
4217,
4342,
4441,
4513,
45B7,
462B,
4671,
4686,
466B,
461E,
45A1,
44F3,
4415,
4308,
41CD,
4065,
3ED3,
3D16,
3B33,
3929,
36FD,
34B0,
3244,
2FBD,
2D1C,
2A66,
279D,
24C4,
21DF,
1EEF,
1BF9,
1900,
1607,
1310,
1020,
0D39,
0A5F,
0793,
04DA,
0235,
FFA8,
FD33,
FADB,
F8A1,
F686,
F48D,
F2B8,
F106,
EF7B,
EE17,
ECDA,
EBC5,
EAD9,
EA16,
E97C,
E90A,
E8C1,
E89F,
E8A3,
E8CE,
E91D,
E98F,
EA23,
EAD8,
EBAA,
EC99,
EDA2,
EEC3,
EFFA,
F145,
F29F,
F407,
F57C,
F6F9,
F87E,
FA07,
FB91,
FD1A,
FEA0,
0020,
0197,
0304,
0464,
05B4,
06F4,
0820,
0936,
0A36,
0B1D,
0BEB,
0C9C,
0D32,
0DA9,
0E02,
0E3C,
0E57,
0E51,
0E2A,
0DE3,
0D7C,
0CF4,
0C4D,
0B87,
0AA3,
09A1,
0882,
0747,
05F2,
0484,
02FE,
0163,
FFB2,
FDF0,
FC1C,
FA3A,
F84A,
F650,
F44D,
F243,
F035,
EE24,
EC12,
EA03,
E7F7,
E5F1,
E3F3,
E1FF,
E017,
DE3D,
DC73,
DABA,
D915,
D784,
D609,
D4A8,
D35F,
D230,
D11D,
D027,
CF4D,
CE92,
CDF5,
CD76,
CD18,
CCD8,
CCB8,
CCB7,
CCD6,
CD14,
CD70,
CDE9,
CE80,
CF34,
D002,
D0EC,
D1EE,
D308,
D439,
D580,
D6DA,
D846,
D9C3,
DB4F,
DCE9,
DE8D,
E03B,
E1F2,
E3AE,
E56E,
E72F,
E8F1,
EAB2,
EC6E,
EE26,
EFD6,
F17D,
F319,
F4AA,
F62C,
F79F,
F901,
FA51,
FB8E,
FCB5,
FDC7,
FEC2,
FFA5,
0070,
0121,
01B9,
0235,
0297,
02DE,
0309,
0319,
030D,
02E6,
02A4,
0248,
01D2,
0141,
0098,
FFD6,
FEFC,
FE0B,
FD04,
FBE9,
FABA,
F979,
F827,
F6C5,
F555,
F3D8,
F24F,
F0BD,
EF23,
ED83,
EBDD,
EA35,
E88A,
E6E0,
E538,
E393,
E1F3,
E059,
DEC8,
DD40,
DBC3,
DA53,
D8F1,
D79E,
D65C,
D52C,
D40E,
D304,
D210,
D131,
D069,
CFB8,
CF1F,
CE9F,
CE37,
CDE9,
CDB5,
CD9A,
CD99,
CDB1,
CDE3,
CE2E,
CE92,
CF0F,
CFA3,
D04E,
D110,
D1E8,
D2D4,
D3D4,
D4E7,
D60B,
D73F,
D882,
D9D3,
DB2F,
DC96,
DE06,
DF7E,
E0FC,
E27E,
E404,
E58A,
E711,
E895,
EA16,
EB92,
ED07,
EE73,
EFD6,
F12E,
F278,
F3B5,
F4E2,
F5FF,
F709,
F801,
F8E5,
F9B3,
FA6C,
FB0E,
FB99,
FC0B,
FC66,
FCA8,
FCD1,
FCE1,
FCD6,
FCB2,
FC76,
FC21,
FBB4,
FB30,
FA95,
F9E4,
F91F,
F846,
F75B,
F65E,
F552,
F437,
F30F,
F1DC,
F09F,
EF5B,
EE11,
ECC3,
EB72,
EA21,
E8D3,
E788,
E642,
E505,
E3D1,
E2A9,
E18F,
E084,
DF8B,
DEA5,
DDD1,
DD14,
DC6F,
DBE4,
DB74,
DB21,
DAEC,
DAD6,
DADF,
DB0A,
DB55,
DBC3,
DC53,
DD06,
DDDC,
DED4,
DFEF,
E12C,
E28B,
E40B,
E5AB,
E76B,
E948,
EB43,
ED5A,
EF8B,
F1D4,
F434,
F6AA,
F932,
FBCB,
FE73,
0128,
03E8,
06AF,
097C,
0C4C,
0F1C,
11EB,
14B4,
1776,
1A2E,
1CD9,
1F76,
2201,
2477,
26D8,
291F,
2B4B,
2D5A,
2F4A,
3118,
32C4,
344A,
35A9,
36E1,
37EF,
38D3,
398C,
3A18,
3A77,
3AA9,
3AAD,
3A83,
3A2C,
39A8,
38F6,
3818,
370E,
35D8,
3479,
32F0,
3140,
2F6B,
2D71,
2B54,
2917,
26BC,
2445,
21B3,
1F0B,
1C4D,
197D,
169D,
13B0,
10B9,
0DBA,
0AB6,
07B0,
04AB,
01A9,
FEAE,
FBBB,
F8D5,
F5FC,
F334,
F080,
EDE1,
EB5A,
E8ED,
E69C,
E469,
E255,
E064,
DE94,
DCEA,
DB64,
DA05,
D8CD,
D7BD,
D6D5,
D616,
D580,
D514,
D4D0,
D4B4,
D4C1,
D4F6,
D551,
D5D2,
D677,
D741,
D82D,
D939,
DA65,
DBAF,
DD14,
DE94,
E02E,
E1DD,
E3A1,
E577,
E75C,
E950,
EB4F,
ED57,
EF66,
F17A,
F391,
F5A9,
F7BF,
F9D2,
FBDF,
FDE5,
FFE1,
01D3,
03B7,
058E,
0754,
0909,
0AAB,
0C39,
0DB2,
0F15,
1062,
1196,
12B3,
13B6,
14A1,
1572,
162A,
16C9,
174D,
17B9,
180B,
1844,
1865,
186F,
1861,
183D,
1804,
17B6,
1755,
16E1,
165C,
15C7,
1523,
1471,
13B3,
12EA,
1217,
113B,
1059,
0F70,
0E84,
0D93,
0CA1,
0BAF,
0ABC,
09CC,
08DE,
07F4,
070E,
062E,
0555,
0483,
03BA,
02FA,
0244,
0199,
00F8,
0064,
FFDB,
FF5E,
FEEE,
FE8B,
FE35,
FDED,
FDB1,
FD83,
FD62,
FD4E,
FD48,
FD4E,
FD60,
FD80,
FDAB,
FDE2,
FE25,
FE73,
FECC,
FF30,
FF9E,
0015,
0096,
0121,
01B3,
024E,
02F1,
039B,
044C,
0504,
05C2,
0687,
0751,
0822,
08F8,
09D3,
0AB3,
0B99,
0C83,
0D72,
0E66,
0F5F,
105C,
115D,
1263,
136D,
147C,
158F,
16A7,
17C2,
18E2,
1A06,
1B2E,
1C5A,
1D8B,
1EBF,
1FF8,
2133,
2272,
23B3,
24F7,
263E,
2786,
28D0,
2A1B,
2B67,
2CB3,
2DFF,
2F4A,
3093,
31DA,
331F,
3460,
359D,
36D5,
3807,
3932,
3A56,
3B72,
3C84,
3D8C,
3E89,
3F79,
405D,
4132,
41F9,
42AF,
4355,
43E9,
446B,
44D9,
4532,
4577,
45A6,
45BE,
45BF,
45A9,
457A,
4532,
44D1,
4457,
43C3,
4315,
424C,
416A,
406E,
3F58,
3E28,
3CDE,
3B7B,
3A00,
386D,
36C2,
3501,
332A,
313D,
2F3D,
2D29,
2B04,
28CD,
2687,
2432,
21D0,
1F62,
1CEA,
1A69,
17E0,
1552,
12BF,
1029,
0D92,
0AFC,
0867,
05D7,
034B,
00C6,
FE49,
FBD6,
F96F,
F713,
F4C6,
F289,
F05B,
EE40,
EC38,
EA43,
E864,
E69A,
E4E7,
E34B,
E1C8,
E05D,
DF0B,
DDD2,
DCB4,
DBAF,
DAC4,
D9F3,
D93D,
D8A0,
D81C,
D7B2,
D761,
D728,
D706,
D6FC,
D708,
D729,
D75F,
D7A8,
D805,
D873,
D8F2,
D980,
DA1D,
DAC7,
DB7D,
DC3E,
DD09,
DDDC,
DEB6,
DF97,
E07A,
E160,
E24A,
E335,
E420,
E50B,
E5F4,
E6DA,
E7BE,
E89C,
E976,
EA49,
EB16,
EBDB,
EC99,
ED4E,
EDFA,
EE9C,
EF35,
EFC4,
F048,
F0C3,
F132,
F198,
F1F2,
F243,
F289,
F2C5,
F2F8,
F321,
F340,
F357,
F365,
F36B,
F369,
F360,
F351,
F33D,
F322,
F304,
F2E1,
F2BC,
F293,
F269,
F23E,
F211,
F1E5,
F1B9,
F18F,
F167,
F140,
F11D,
F0FE,
F0E2,
F0CB,
F0B8,
F0AB,
F0A4,
F0A3,
F0A8,
F0B3,
F0C6,
F0DF,
F100,
F129,
F159,
F191,
F1D0,
F216,
F264,
F2B9,
F314,
F377,
F3E1,
F451,
F4C8,
F544,
F5C7,
F64F,
F6DD,
F76F,
F807,
F8A3,
F943,
F9E6,
FA8E,
FB38,
FBE5,
FC94,
FD46,
FDFA,
FEAF,
FF65,
001B,
00D3,
018A,
0241,
02F7,
03AD,
0462,
0516,
05C8,
0679,
0729,
07D6,
0881,
092A,
09D0,
0A73,
0B14,
0BB1,
0C4C,
0CE3,
0D76,
0E06,
0E92,
0F1A,
0F9F,
101F,
109A,
1112,
1184,
11F2,
125C,
12C0,
131F,
1379,
13CE,
141C,
1464,
14A6,
14E3,
1519,
1549,
1572,
1594,
15B0,
15C5,
15D3,
15D9,
15D8,
15CF,
15BF,
15A7,
1587,
155F,
152F,
14F7,
14B6,
146E,
141D,
13C4,
1363,
12FA,
1288,
120F,
118E,
1105,
1075,
0FDE,
0F41,
0E9C,
0DF1,
0D41,
0C8B,
0BCF,
0B0F,
0A4B,
0983,
08B8,
07EA,
071A,
0649,
0577,
04A4,
03D2,
0301,
0232,
0166,
009C,
FFD7,
FF16,
FE5A,
FDA4,
FCF5,
FC4D,
FBAE,
FB17,
FA89,
FA05,
F98C,
F91E,
F8B9,
F861,
F815,
F7D6,
F7A5,
F780,
F76A,
F762,
F768,
F77C,
F79F,
F7D0,
F80F,
F85D,
F8B8,
F922,
F999,
FA1D,
FAAE,
FB4B,
FBF4,
FCA8,
FD67,
FE30,
FF02,
FFDC,
00BF,
01A8,
0297,
038A,
0483,
057E,
0679,
0775,
0871,
096D,
0A67,
0B5F,
0C52,
0D41,
0E2A,
0F0C,
0FE7,
10B9,
1181,
123F,
12F2,
1399,
1434,
14C1,
1540,
15B1,
1613,
1666,
16A9,
16DD,
1700,
1713,
1716,
1708,
16EB,
16BE,
1681,
1636,
15DA,
1570,
14F9,
1475,
13E5,
134A,
12A4,
11F5,
113E,
107F,
0FBA,
0EF0,
0E22,
0D51,
0C7E,
0BAB,
0AD9,
0A09,
093C,
0874,
07B2,
06F8,
0645,
059C,
04FE,
046C,
03E7,
036F,
0307,
02AE,
0266,
0230,
020B,
01F9,
01FB,
020F,
0238,
0275,
02C7,
032D,
03A7,
0436,
04DA,
0591,
065D,
073B,
082C,
092F,
0A43,
0B68,
0C9B,
0DDE,
0F2D,
1089,
11F0,
1360,
14D9,
1658,
17DD,
1966,
1AF1,
1C7C,
1E07,
1F8F,
2113,
2292,
2409,
2576,
26D9,
2830,
2978,
2AB2,
2BDA,
2CF0,
2DF3,
2EE1,
2FB9,
307A,
3123,
31B2,
3228,
3284,
32C4,
32E9,
32F2,
32DE,
32AE,
3261,
31F8,
3173,
30D1,
3014,
2F3C,
2E4A,
2D3E,
2C1A,
2ADE,
298C,
2825,
26A9,
251B,
237B,
21CC,
200E,
1E43,
1C6E,
1A8F,
18A9,
16BD,
14CE,
12DD,
10EC,
0EFD,
0D12,
0B2C,
094E,
077A,
05B1,
03F4,
0247,
00A9,
FF1D,
FDA4,
FC40,
FAF2,
F9BB,
F89C,
F796,
F6AC,
F5DC,
F528,
F490,
F414,
F3B5,
F373,
F34D,
F345,
F358,
F388,
F3D3,
F439,
F4BA,
F554,
F606,
F6CF,
F7AE,
F8A3,
F9AA,
FAC4,
FBEE,
FD27,
FE6D,
FFBF,
011A,
027D,
03E6,
0554,
06C3,
0833,
09A2,
0B0D,
0C74,
0DD3,
0F2A,
1076,
11B7,
12E9,
140D,
1520,
1621,
170F,
17E8,
18AC,
195A,
19F0,
1A6F,
1AD5,
1B22,
1B56,
1B70,
1B71,
1B58,
1B27,
1ADC,
1A78,
19FD,
196A,
18C1,
1803,
172F,
1649,
1550,
1446,
132C,
1204,
10D0,
0F91,
0E4A,
0CFB,
0BA6,
0A4E,
08F4,
079A,
0641,
04EC,
039D,
0255,
0115,
FFE0,
FEB8,
FD9D,
FC92,
FB98,
FAAF,
F9DB,
F91B,
F870,
F7DC,
F760,
F6FC,
F6B1,
F680,
F668,
F66A,
F687,
F6BE,
F70F,
F77A,
F7FE,
F89B,
F94F,
FA1C,
FAFE,
FBF6,
FD02,
FE21,
FF52,
0092,
01E2,
033E,
04A6,
0617,
0790,
0910,
0A93,
0C19,
0D9F,
0F24,
10A6,
1222,
1397,
1504,
1665,
17BB,
1902,
1A3A,
1B61,
1C76,
1D77,
1E64,
1F3A,
1FF8,
209F,
212D,
21A2,
21FC,
223C,
2262,
226D,
225D,
2233,
21EE,
2190,
2118,
2088,
1FE0,
1F21,
1E4D,
1D64,
1C67,
1B58,
1A39,
190B,
17CF,
1688,
1537,
13DD,
127D,
1118,
0FB1,
0E49,
0CE2,
0B7E,
0A1F,
08C7,
0777,
0631,
04F8,
03CC,
02AF,
01A3,
00A9,
FFC2,
FEF0,
FE34,
FD8E,
FD00,
FC8B,
FC2E,
FBEB,
FBC2,
FBB4,
FBBF,
FBE5,
FC26,
FC80,
FCF4,
FD81,
FE27,
FEE4,
FFB9,
00A3,
01A3,
02B6,
03DC,
0514,
065A,
07AF,
0911,
0A7D,
0BF3,
0D70,
0EF3,
1079,
1202,
138B,
1513,
1697,
1815,
198D,
1AFD,
1C61,
1DBA,
1F06,
2042,
216E,
2287,
238E,
2481,
255E,
2625,
26D5,
276C,
27EA,
284F,
289B,
28CD,
28E4,
28E2,
28C6,
2890,
2840,
27D7,
2755,
26BB,
260A,
2542,
2464,
2372,
226C,
2153,
2028,
1EED,
1DA3,
1C4A,
1AE6,
1976,
17FC,
167A,
14F0,
1361,
11CD,
1036,
0E9D,
0D02,
0B68,
09CF,
083A,
06A8,
051C,
0396,
0217,
009F,
FF31,
FDCB,
FC70,
FB1E,
F9D8,
F89D,
F76D,
F64A,
F532,
F426,
F326,
F231,
F149,
F06C,
EF9B,
EED4,
EE18,
ED67,
ECBF,
EC21,
EB8B,
EAFE,
EA79,
E9FB,
E984,
E913,
E8A9,
E843,
E7E3,
E786,
E72D,
E6D8,
E686,
E635,
E5E7,
E59B,
E550,
E507,
E4BE,
E477,
E430,
E3EA,
E3A5,
E362,
E31F,
E2DD,
E29D,
E260,
E224,
E1EB,
E1B5,
E182,
E154,
E12B,
E106,
E0E9,
E0D3,
E0C4,
E0BD,
E0BE,
E0C8,
E0DB,
E0F9,
E121,
E155,
E194,
E1DF,
E237,
E29B,
E30D,
E38C,
E418,
E4B2,
E559,
E60E,
E6D1,
E7A0,
E87C,
E965,
EA5A,
EB5A,
EC66,
ED7B,
EE9A,
EFC1,
F0F1,
F227,
F363,
F4A4,
F5E9,
F730,
F878,
F9C0,
FB07,
FC4A,
FD89,
FEC3,
FFF6,
0120,
0240,
0355,
045E,
0559,
0645,
0721,
07EB,
08A3,
0947,
09D7,
0A52,
0AB7,
0B05,
0B3C,
0B5C,
0B63,
0B52,
0B28,
0AE7,
0A8D,
0A1A,
0990,
08EF,
0838,
076A,
0688,
0591,
0487,
036B,
023F,
0102,
FFB8,
FE61,
FCFF,
FB94,
FA21,
F8A8,
F72A,
F5AA,
F42A,
F2AA,
F12D,
EFB5,
EE44,
ECDA,
EB7B,
EA28,
E8E2,
E7AB,
E684,
E570,
E46E,
E382,
E2AC,
E1EC,
E143,
E0B4,
E03D,
DFDF,
DF9C,
DF73,
DF65,
DF70,
DF96,
DFD6,
E030,
E0A2,
E12D,
E1CF,
E288,
E355,
E437,
E52C,
E632,
E748,
E86C,
E99C,
EAD7,
EC1B,
ED67,
EEB7,
F00A,
F15E,
F2B1,
F400,
F549,
F68C,
F7C6,
F8F5,
FA18,
FB2C,
FC30,
FD23,
FE02,
FECD,
FF82,
0020,
00A6,
0113,
0166,
019F,
01BD,
01C0,
01A8,
0174,
0125,
00BC,
0037,
FF99,
FEE2,
FE13,
FD2D,
FC31,
FB21,
F9FE,
F8C9,
F783,
F630,
F4D1,
F368,
F1F7,
F080,
EF06,
ED8B,
EC10,
EA99,
E927,
E7BD,
E65D,
E509,
E3C4,
E290,
E16E,
E061,
DF6B,
DE8D,
DDCA,
DD22,
DC98,
DC2D,
DBE1,
DBB7,
DBAE,
DBC9,
DC06,
DC68,
DCED,
DD97,
DE66,
DF5A,
E071,
E1AB,
E307,
E485,
E623,
E7E1,
E9BC,
EBB3,
EDC4,
EFEF,
F230,
F486,
F6EE,
F967,
FBEE,
FE81,
011D,
03BF,
0666,
090E,
0BB5,
0E59,
10F6,
138B,
1615,
1890,
1AFB,
1D54,
1F98,
21C5,
23D7,
25CD,
27A7,
2962,
2AFC,
2C75,
2DCA,
2EFA,
3004,
30E8,
31A5,
3239,
32A5,
32E8,
3302,
32F3,
32BB,
325B,
31D3,
3124,
304E,
2F53,
2E33,
2CEF,
2B8A,
2A04,
285F,
269D,
24BF,
22C6,
20B6,
1E8F,
1C53,
1A05,
17A7,
153B,
12C2,
103F,
0DB4,
0B23,
088E,
05F7,
0360,
00CA,
FE37,
FBAA,
F924,
F6A6,
F432,
F1CA,
EF6E,
ED20,
EAE1,
E8B2,
E694,
E488,
E28E,
E0A8,
DED6,
DD17,
DB6D,
D9D8,
D858,
D6EC,
D596,
D455,
D328,
D20F,
D10B,
D019,
CF3B,
CE6F,
CDB6,
CD0E,
CC76,
CBEF,
CB78,
CB0F,
CAB5,
CA68,
CA28,
C9F4,
C9CC,
C9AF,
C99B,
C992,
C991,
C999,
C9A9,
C9C0,
C9DE,
CA02,
CA2D,
CA5D,
CA93,
CACE,
CB0D,
CB50,
CB97,
CBE3,
CC32,
CC86,
CCDD,
CD39,
CD99,
CDFC,
CE64,
CED0,
CF41,
CFB6,
D02F,
D0AE,
D131,
D1B9,
D246,
D2D8,
D370,
D40D,
D4AE,
D556,
D602,
D6B3,
D76A,
D825,
D8E6,
D9AA,
DA73,
DB40,
DC11,
DCE5,
DDBB,
DE95,
DF70,
E04C,
E12A,
E207,
E2E5,
E3C2,
E49D,
E577,
E64D,
E721,
E7F1,
E8BC,
E982,
EA42,
EAFC,
EBAF,
EC5B,
ED00,
ED9B,
EE2F,
EEB9,
EF3A,
EFB1,
F01F,
F083,
F0DD,
F12D,
F173,
F1B0,
F1E4,
F20E,
F22F,
F248,
F25A,
F264,
F267,
F264,
F25C,
F250,
F240,
F22D,
F218,
F203,
F1EE,
F1DA,
F1C8,
F1BA,
F1B0,
F1AC,
F1AE,
F1B8,
F1CA,
F1E7,
F20D,
F240,
F27F,
F2CB,
F325,
F38D,
F405,
F48D,
F525,
F5CE,
F687,
F752,
F82D,
F918,
FA15,
FB22,
FC3E,
FD6A,
FEA5,
FFEE,
0144,
02A6,
0414,
058B,
070B,
0893,
0A20,
0BB2,
0D46,
0EDC,
1071,
1203,
1392,
151A,
169A,
1810,
197A,
1AD7,
1C24,
1D61,
1E8B,
1FA0,
209E,
2184,
2250,
2300,
2394,
2409,
245F,
2494,
24A8,
2499,
2468,
2414,
239B,
22FF,
223F,
215A,
2053,
1F28,
1DDB,
1C6C,
1ADC,
192D,
175F,
1574,
136F,
114F,
0F18,
0CCC,
0A6B,
07FB,
057B,
02EF,
0059,
FDBC,
FB1A,
F875,
F5D2,
F331,
F096,
EE04,
EB7E,
E906,
E69E,
E449,
E20B,
DFE4,
DDD8,
DBE9,
DA18,
D868,
D6DA,
D571,
D42D,
D310,
D21B,
D150,
D0AE,
D036,
CFE9,
CFC7,
CFD1,
D006,
D065,
D0EE,
D19F,
D279,
D379,
D49F,
D5E9,
D755,
D8E1,
DA8B,
DC52,
DE33,
E02B,
E238,
E458,
E688,
E8C5,
EB0C,
ED5B,
EFAE,
F204,
F458,
F6A9,
F8F3,
FB34,
FD69,
FF90,
01A5,
03A7,
0594,
0768,
0923,
0AC3,
0C45,
0DA8,
0EEB,
100D,
110C,
11E8,
12A1,
1335,
13A4,
13F0,
1417,
141A,
13F9,
13B6,
1352,
12CD,
122A,
1169,
108C,
0F95,
0E86,
0D62,
0C2A,
0AE1,
0989,
0826,
06B9,
0545,
03CE,
0255,
00DF,
FF6D,
FE03,
FCA3,
FB50,
FA0C,
F8DB,
F7BE,
F6B9,
F5CD,
F4FC,
F449,
F3B4,
F341,
F2F1,
F2C4,
F2BB,
F2D9,
F31D,
F389,
F41B,
F4D6,
F5B7,
F6C0,
F7EF,
F944,
FABE,
FC5C,
FE1C,
FFFC,
01FC,
041A,
0653,
08A6,
0B0F,
0D8C,
101A,
12B8,
1561,
1813,
1ACB,
1D86,
2041,
22F9,
25AB,
2854,
2AF1,
2D7E,
2FF9,
325F,
34AE,
36E2,
38F9,
3AF0,
3CC6,
3E78,
4004,
4168,
42A2,
43B2,
4495,
454B,
45D2,
462B,
4657,
4653,
461F,
45BB,
4528,
4467,
4377,
425A,
4112,
3F9F,
3E03,
3C40,
3A58,
384C,
361F,
33D4,
316C,
2EEB,
2C53,
29A6,
26E9,
241C,
2145,
1E64,
1B7E,
1896,
15AE,
12C9,
0FEB,
0D16,
0A4D,
0793,
04EB,
0257,
FFD9,
FD74,
FB2A,
F8FC,
F6ED,
F4FE,
F331,
F187,
F001,
EEA1,
ED67,
EC53,
EB67,
EAA3,
EA05,
E990,
E941,
E918,
E916,
E938,
E97E,
E9E7,
EA71,
EB1A,
EBE2,
ECC5,
EDC3,
EED9,
F005,
F145,
F294,
F3F2,
F55D,
F6D1,
F84D,
F9CD,
FB50,
FCD3,
FE53,
FFCE,
0142,
02AB,
0409,
0558,
0697,
07C4,
08DC,
09DE,
0AC8,
0B99,
0C50,
0CEA,
0D67,
0DC7,
0E07,
0E29,
0E2A,
0E0B,
0DCC,
0D6C,
0CED,
0C4D,
0B8F,
0AB1,
09B6,
089D,
0769,
061A,
04B1,
0330,
0198,
FFEC,
FE2C,
FC5B,
FA7A,
F88C,
F692,
F48E,
F284,
F074,
EE61,
EC4D,
EA3A,
E82B,
E621,
E41F,
E226,
E039,
DE5A,
DC8A,
DACC,
D920,
D78A,
D609,
D4A0,
D34F,
D219,
D0FF,
D001,
CF20,
CE5E,
CDBB,
CD37,
CCD3,
CC8E,
CC6A,
CC67,
CC83,
CCBE,
CD19,
CD93,
CE2A,
CEDF,
CFB0,
D09C,
D1A2,
D2C1,
D3F7,
D544,
D6A5,
D819,
D99E,
DB33,
DCD5,
DE83,
E03B,
E1FA,
E3BE,
E587,
E751,
E91C,
EAE5,
ECAA,
EE69,
F021,
F1CF,
F372,
F509,
F690,
F807,
F96D,
FABF,
FBFD,
FD25,
FE36,
FF2F,
000F,
00D5,
0181,
0212,
0287,
02E0,
031C,
033D,
0341,
0328,
02F4,
02A4,
023A,
01B5,
0115,
005D,
FF8C,
FEA3,
FDA5,
FC90,
FB68,
FA2E,
F8E1,
F786,
F61B,
F4A4,
F322,
F196,
F002,
EE68,
ECC9,
EB27,
E984,
E7E2,
E641,
E4A4,
E30C,
E17B,
DFF2,
DE73,
DCFF,
DB97,
DA3D,
D8F1,
D7B6,
D68B,
D572,
D46C,
D37A,
D29C,
D1D4,
D121,
D084,
CFFE,
CF8E,
CF36,
CEF5,
CECB,
CEB8,
CEBC,
CED7,
CF09,
CF51,
CFAF,
D022,
D0AA,
D146,
D1F6,
D2B9,
D38E,
D474,
D56A,
D670,
D784,
D8A5,
D9D3,
DB0B,
DC4D,
DD99,
DEEB,
E045,
E1A4,
E307,
E46C,
E5D4,
E73C,
E8A3,
EA07,
EB69,
ECC5,
EE1C,
EF6B,
F0B2,
F1EF,
F321,
F447,
F560,
F66A,
F765,
F84F,
F928,
F9EE,
FAA1,
FB40,
FBC9,
FC3D,
FC9B,
FCE1,
FD10,
FD27,
FD25,
FD0C,
FCDA,
FC8F,
FC2C,
FBB2,
FB1F,
FA76,
F9B5,
F8DF,
F7F4,
F6F5,
F5E3,
F4BF,
F38B,
F247,
F0F7,
EF9A,
EE34,
ECC6,
EB52,
E9DA,
E861,
E6E8,
E572,
E402,
E299,
E13A,
DFE8,
DEA5,
DD72,
DC53,
DB4B,
DA5D,
D989,
D8D4,
D83F,
D7CB,
D77C,
D753,
D751,
D778,
D7CA,
D848,
D8F2,
D9C9,
DACF,
DC03,
DD65,
DEF6,
E0B4,
E2A0,
E4B9,
E6FE,
E96C,
EC04,
EEC2,
F1A5,
F4AB,
F7D1,
FB15,
FE73,
01E9,
0573,
090E,
0CB7,
1069,
1422,
17DD,
1B97,
1F4C,
22F7,
2694,
2A21,
2D98,
30F7,
3438,
3759,
3A56,
3D2B,
3FD6,
4253,
44A0,
46B9,
489D,
4A49,
4BBB,
4CF2,
4DEC,
4EA9,
4F27,
4F67,
4F67,
4F29,
4EAD,
4DF4,
4CFE,
4BCD,
4A63,
48C2,
46EB,
44E2,
42A9,
4044,
3DB4,
3AFF,
3827,
3530,
321E,
2EF5,
2BB9,
286E,
2519,
21BD,
1E5F,
1B04,
17AF,
1464,
1128,
0DFE,
0AEA,
07EF,
0512,
0256,
FFBD,
FD4A,
FB00,
F8E2,
F6F1,
F530,
F39F,
F241,
F116,
F01F,
EF5C,
EECE,
EE75,
EE50,
EE5E,
EE9F,
EF12,
EFB4,
F085,
F183,
F2AB,
F3FB,
F571,
F70B,
F8C6,
FA9E,
FC91,
FE9C,
00BC,
02EE,
052E,
0779,
09CD,
0C26,
0E82,
10DE,
1335,
1585,
17CC,
1A06,
1C30,
1E49,
204F,
223E,
2415,
25D2,
2775,
28FA,
2A61,
2BA9,
2CD0,
2DD7,
2EBD,
2F80,
3022,
30A2,
3100,
313D,
3159,
3154,
3130,
30ED,
308D,
3010,
2F79,
2EC7,
2DFE,
2D1E,
2C29,
2B20,
2A05,
28D9,
279F,
2658,
2505,
23AA,
2246,
20DD,
1F6F,
1DFF,
1C8D,
1B1C,
19AD,
1842,
16DB,
157B,
1422,
12D2,
118B,
104F,
0F1E,
0DFA,
0CE3,
0BDA,
0ADF,
09F3,
0916,
0849,
078A,
06DA,
063B,
05AC,
052D,
04BE,
045F,
0410,
03D0,
03A0,
037E,
036B,
0367,
0370,
0386,
03A9,
03D9,
0414,
045A,
04AC,
0507,
056C,
05D9,
064F,
06CD,
0752,
07DD,
086E,
0904,
099F,
0A3F,
0AE1,
0B88,
0C30,
0CDB,
0D86,
0E32,
0EDE,
0F8A,
1035,
10DE,
1185,
122A,
12CC,
136B,
1406,
149D,
152F,
15BD,
1646,
16C8,
1745,
17BC,
182C,
1896,
18F8,
1953,
19A7,
19F2,
1A36,
1A72,
1AA5,
1AD0,
1AF3,
1B10,
1B24,
1B30,
1B32,
1B2C,
1B1E,
1B06,
1AE6,
1ABD,
1A8B,
1A51,
1A0F,
19C4,
1971,
1917,
18B5,
184C,
17DB,
1764,
16E7,
1663,
15DA,
154C,
14B9,
1421,
1385,
12E6,
1244,
11A0,
10F9,
1051,
0FA8,
0F00,
0E58,
0DB1,
0D0B,
0C67,
0BC5,
0B27,
0A8C,
09F5,
0963,
08D6,
084F,
07CD,
0752,
06DE,
0672,
060D,
05B0,
055C,
0510,
04CD,
0493,
0462,
043A,
041B,
0406,
03FB,
03F8,
03FF,
040E,
0426,
0447,
0472,
04A5,
04DF,
0520,
0568,
05B5,
0608,
065F,
06BB,
0719,
077B,
07DE,
0842,
08A6,
090A,
096D,
09CE,
0A2B,
0A85,
0ADB,
0B2B,
0B75,
0BB8,
0BF4,
0C27,
0C51,
0C72,
0C89,
0C95,
0C96,
0C8C,
0C76,
0C53,
0C25,
0BEA,
0BA2,
0B4E,
0AEC,
0A7E,
0A04,
097D,
08EB,
084D,
07A4,
06F0,
0632,
056A,
049A,
03C2,
02E2,
01FC,
0111,
0021,
FF2D,
FE36,
FD3D,
FC44,
FB4A,
FA52,
F95C,
F868,
F779,
F68F,
F5AA,
F4C8,
F3EE,
F31C,
F253,
F194,
F0DF,
F035,
EF97,
EF04,
EE7D,
EE03,
ED95,
ED33,
ECDF,
EC97,
EC5B,
EC2B,
EC07,
EBEE,
EBE1,
EBDE,
EBE4,
EBF4,
EC0B,
EC2B,
EC51,
EC7D,
ECAE,
ECE2,
ED1A,
ED53,
ED8E,
EDC7,
EE00,
EE36,
EE69,
EE98,
EEC2,
EEE6,
EF03,
EF19,
EF27,
EF2B,
EF26,
EF18,
EEFF,
EEDB,
EEAC,
EE72,
EE2D,
EDDD,
ED83,
ED1E,
ECAE,
EC35,
EBB3,
EB29,
EA97,
E9FE,
E960,
E8BD,
E817,
E76F,
E6C6,
E61D,
E576,
E4D3,
E435,
E39D,
E30F,
E28A,
E211,
E1A6,
E14A,
E0FF,
E0C7,
E0A2,
E094,
E09C,
E0BD,
E0F8,
E14E,
E1C0,
E24F,
E2FD,
E3C9,
E4B5,
E5C1,
E6EE,
E83B,
E9A9,
EB38,
ECE7,
EEB6,
F0A4,
F2B0,
F4D8,
F71D,
F97D,
FBF6,
FE88,
0130,
03EC,
06BB,
099A,
0C87,
0F7F,
1280,
1588,
1893,
1B9E,
1EA8,
21AC,
24A8,
2799,
2A7B,
2D4D,
300A,
32B0,
353C,
37AB,
39FB,
3C28,
3E30,
4011,
41C8,
4353,
44AF,
45DC,
46D6,
479D,
4830,
488D,
48B4,
48A3,
485A,
47DA,
4721,
4630,
4508,
43A9,
4214,
4049,
3E4B,
3C1B,
39BB,
372C,
3470,
318A,
2E7D,
2B4B,
27F6,
2482,
20F2,
1D48,
1989,
15B7,
11D6,
0DEA,
09F5,
05FB,
01FF,
FE05,
FA12,
F628,
F24B,
EE7E,
EAC4,
E721,
E398,
E02B,
DCDD,
D9B2,
D6AA,
D3CA,
D112,
CE84,
CC23,
C9F0,
C7EB,
C617,
C473,
C301,
C1C0,
C0B2,
BFD5,
BF2A,
BEAF,
BE65,
BE49,
BE5C,
BE9B,
BF04,
BF96,
C050,
C12E,
C230,
C352,
C492,
C5EE,
C762,
C8EC,
CA89,
CC37,
CDF1,
CFB6,
D182,
D353,
D524,
D6F5,
D8C1,
DA85,
DC41,
DDEF,
DF8F,
E11E,
E29A,
E400,
E54E,
E684,
E79F,
E89F,
E981,
EA45,
EAEB,
EB72,
EBD9,
EC21,
EC48,
EC4F,
EC37,
EC01,
EBAC,
EB3A,
EAAC,
EA03,
E941,
E868,
E778,
E674,
E55F,
E439,
E306,
E1C7,
E07F,
DF31,
DDDE,
DC8A,
DB36,
D9E6,
D89B,
D759,
D622,
D4F8,
D3DE,
D2D6,
D1E1,
D103,
D03D,
CF92,
CF02,
CE90,
CE3C,
CE09,
CDF8,
CE08,
CE3D,
CE95,
CF12,
CFB3,
D07A,
D165,
D275,
D3A9,
D501,
D67D,
D81A,
D9D8,
DBB6,
DDB3,
DFCC,
E201,
E44F,
E6B5,
E931,
EBC0,
EE61,
F111,
F3CC,
F691,
F95E,
FC31,
FF07,
01DE,
04B4,
0785,
0A4F,
0D11,
0FC8,
1272,
150C,
1794,
1A09,
1C69,
1EB1,
20E1,
22F6,
24F0,
26CD,
288B,
2A2B,
2BAA,
2D09,
2E47,
2F64,
305E,
3137,
31ED,
3282,
32F6,
3349,
337D,
3391,
3386,
335D,
3318,
32B7,
323C,
31A9,
30FD,
303C,
2F67,
2E7F,
2D86,
2C7D,
2B67,
2A45,
2919,
27E5,
26AB,
256B,
2429,
22E5,
21A1,
205F,
1F21,
1DE8,
1CB5,
1B8A,
1A67,
194F,
1842,
1743,
1651,
156D,
1498,
13D2,
131C,
1276,
11E2,
115E,
10EB,
1089,
1039,
0FF9,
0FCA,
0FAC,
0F9D,
0F9E,
0FAE,
0FCC,
0FF8,
1030,
1075,
10C5,
111F,
1183,
11EF,
1262,
12DC,
135B,
13DF,
1466,
14F0,
157C,
1608,
1694,
171E,
17A5,
1829,
18A8,
1923,
1997,
1A05,
1A6C,
1ACA,
1B20,
1B6E,
1BB2,
1BEC,
1C1C,
1C42,
1C5E,
1C6F,
1C76,
1C72,
1C63,
1C4B,
1C28,
1BFC,
1BC6,
1B87,
1B40,
1AF0,
1A99,
1A3C,
19D9,
1970,
1903,
1892,
181D,
17A5,
172B,
16B0,
1635,
15BB,
1541,
14CA,
1455,
13E4,
1378,
1310,
12AF,
1254,
1200,
11B4,
1170,
1136,
1105,
10DE,
10C1,
10B0,
10A9,
10AD,
10BE,
10DA,
1102,
1135,
1173,
11BD,
1213,
1275,
12E1,
135A,
13DC,
146A,
1501,
15A1,
164A,
16FB,
17B3,
1872,
1937,
1A00,
1ACE,
1B9E,
1C71,
1D44,
1E18,
1EEB,
1FBB,
2089,
2152,
2216,
22D3,
2389,
2435,
24D8,
2570,
25FC,
267A,
26E9,
274A,
279A,
27D9,
2806,
2820,
2826,
2818,
27F4,
27BB,
276B,
2705,
2687,
25F1,
2543,
247D,
239F,
22A8,
2199,
2071,
1F31,
1DDA,
1C6A,
1AE4,
1948,
1796,
15CF,
13F3,
1204,
1003,
0DF1,
0BD0,
09A0,
0762,
0517,
02C2,
0064,
FDFE,
FB92,
F922,
F6B0,
F43D,
F1CB,
EF5D,
ECF3,
EA91,
E838,
E5EB,
E3AA,
E178,
DF57,
DD4A,
DB51,
D96E,
D7A4,
D5F4,
D460,
D2E9,
D192,
D05A,
CF45,
CE52,
CD83,
CCD9,
CC56,
CBF9,
CBC3,
CBB6,
CBD0,
CC13,
CC7E,
CD11,
CDCD,
CEB1,
CFBC,
D0ED,
D245,
D3C2,
D562,
D726,
D90B,
DB10,
DD33,
DF73,
E1CD,
E441,
E6CB,
E969,
EC1B,
EEDC,
F1AB,
F485,
F768,
FA51,
FD3D,
002C,
031A,
0603,
08E5,
0BBD,
0E89,
1146,
13F3,
168B,
190E,
1B78,
1DC8,
1FFB,
2210,
2404,
25D7,
2785,
290F,
2A72,
2BAD,
2CC0,
2DA9,
2E68,
2EFD,
2F66,
2FA4,
2FB6,
2F9E,
2F5B,
2EED,
2E56,
2D95,
2CAD,
2B9F,
2A6B,
2912,
2797,
25FC,
2441,
2269,
2076,
1E6B,
1C48,
1A12,
17C9,
1571,
130C,
109C,
0E24,
0BA6,
0926,
06A5,
0427,
01AD,
FF3A,
FCD0,
FA72,
F822,
F5E2,
F3B4,
F19B,
EF97,
EDAA,
EBD7,
EA1E,
E881,
E701,
E59F,
E45C,
E33A,
E237,
E155,
E094,
DFF4,
DF74,
DF15,
DED6,
DEB6,
DEB5,
DED2,
DF0C,
DF61,
DFD0,
E058,
E0F8,
E1AE,
E277,
E353,
E440,
E53B,
E644,
E756,
E872,
E995,
EABC,
EBE6,
ED11,
EE3B,
EF62,
F085,
F1A0,
F2B3,
F3BC,
F4B9,
F5A9,
F68A,
F75B,
F81A,
F8C7,
F960,
F9E5,
FA55,
FAAF,
FAF3,
FB20,
FB36,
FB36,
FB1F,
FAF0,
FAAC,
FA51,
F9E1,
F95D,
F8C4,
F818,
F75A,
F68B,
F5AD,
F4BF,
F3C5,
F2BF,
F1AF,
F096,
EF76,
EE50,
ED26,
EBFA,
EACD,
E9A1,
E878,
E752,
E633,
E51A,
E40A,
E304,
E20A,
E11D,
E03D,
DF6D,
DEAC,
DDFD,
DD61,
DCD7,
DC60,
DBFE,
DBB1,
DB79,
DB56,
DB49,
DB52,
DB70,
DBA3,
DBEC,
DC4B,
DCBE,
DD45,
DDE0,
DE8E,
DF4F,
E021,
E104,
E1F6,
E2F7,
E406,
E522,
E649,
E77B,
E8B6,
E9FA,
EB44,
EC94,
EDE9,
EF41,
F09D,
F1F9,
F356,
F4B2,
F60C,
F764,
F8B9,
FA09,
FB54,
FC99,
FDD7,
FF0E,
003E,
0166,
0286,
039E,
04AC,
05B2,
06AF,
07A3,
088E,
0970,
0A49,
0B19,
0BE2,
0CA2,
0D5A,
0E0B,
0EB5,
0F59,
0FF6,
108D,
1120,
11AD,
1236,
12BC,
133E,
13BC,
1439,
14B3,
152B,
15A0,
1614,
1687,
16F9,
176B,
17DC,
184D,
18BE,
192E,
199F,
1A0E,
1A7D,
1AEC,
1B59,
1BC4,
1C2E,
1C96,
1CFB,
1D5C,
1DBA,
1E14,
1E69,
1EB9,
1F03,
1F46,
1F82,
1FB6,
1FE1,
2004,
201C,
202B,
202E,
2027,
2013,
1FF3,
1FC7,
1F8D,
1F46,
1EF1,
1E8E,
1E1D,
1D9D,
1D0F,
1C73,
1BC9,
1B11,
1A4A,
1977,
1896,
17A8,
16AF,
15A9,
1499,
137E,
125A,
112E,
0FF9,
0EBE,
0D7D,
0C37,
0AEE,
09A2,
0855,
0708,
05BD,
0475,
0330,
01F0,
00B5,
FF81,
FE55,
FD33,
FC1A,
FB0D,
FA0B,
F917,
F831,
F75B,
F693,
F5DC,
F537,
F4A2,
F420,
F3B0,
F353,
F309,
F2D1,
F2AD,
F29B,
F29C,
F2B0,
F2D5,
F30C,
F354,
F3AC,
F413,
F489,
F50C,
F59B,
F637,
F6DD,
F78C,
F844,
F903,
F9C8,
FA91,
FB5D,
FC2B,
FCFA,
FDC7,
FE92,
FF5A,
001D,
00D9,
018E,
023B,
02DD,
0374,
03FF,
047D,
04ED,
054E,
059F,
05E0,
060F,
062D,
0638,
0631,
0616,
05E9,
05A8,
0555,
04EE,
0475,
03E9,
034B,
029B,
01D9,
0107,
0025,
FF33,
FE33,
FD25,
FC0B,
FAE4,
F9B3,
F878,
F734,
F5E9,
F497,
F340,
F1E5,
F088,
EF28,
EDC9,
EC6B,
EB0E,
E9B6,
E861,
E713,
E5CE,
E491,
E35D,
E233,
E114,
E001,
DEFB,
DE01,
DD16,
DC39,
DB6C,
DAAE,
DA00,
D962,
D8D4,
D858,
D7EC,
D791,
D747,
D70D,
D6E4,
D6CB,
D6C2,
D6C8,
D6DE,
D702,
D734,
D774,
D7C0,
D819,
D87D,
D8EB,
D965,
D9E7,
DA72,
DB04,
DB9D,
DC3C,
DCE1,
DD89,
DE36,
DEE5,
DF96,
E049,
E0FC,
E1B0,
E262,
E314,
E3C4,
E471,
E51C,
E5C4,
E668,
E708,
E7A4,
E83B,
E8CE,
E95C,
E9E5,
EA69,
EAE8,
EB61,
EBD6,
EC46,
ECB0,
ED16,
ED78,
EDD5,
EE2E,
EE83,
EED5,
EF23,
EF6F,
EFB8,
F000,
F045,
F08A,
F0CD,
F110,
F153,
F196,
F1DA,
F21F,
F265,
F2AD,
F2F8,
F345,
F394,
F3E7,
F43D,
F497,
F4F5,
F557,
F5BD,
F627,
F696,
F70A,
F783,
F801,
F884,
F90B,
F997,
FA27,
FABD,
FB57,
FBF5,
FC98,
FD3F,
FDE9,
FE98,
FF4B,
0001,
00BA,
0176,
0235,
02F7,
03BA,
047F,
0546,
060E,
06D7,
07A0,
086A,
0933,
09FB,
0AC2,
0B88,
0C4B,
0D0D,
0DCB,
0E86,
0F3E,
0FF1,
109F,
1148,
11EB,
1288,
131E,
13AC,
1433,
14B1,
1526,
1591,
15F3,
164A,
1696,
16D7,
170B,
1734,
174F,
175D,
175D,
174F,
1732,
1706,
16CB,
1681,
1627,
15BD,
1543,
14B9,
141E,
1374,
12B9,
11EE,
1113,
1027,
0F2C,
0E22,
0D08,
0BDF,
0AA8,
0964,
0812,
06B3,
0548,
03D2,
0252,
00C8,
FF36,
FD9C,
FBFB,
FA56,
F8AC,
F6FF,
F551,
F3A2,
F1F4,
F049,
EEA1,
ECFF,
EB64,
E9D0,
E845,
E6C6,
E554,
E3F1,
E29D,
E15C,
E02C,
DF12,
DE0D,
DD1F,
DC4A,
DB8E,
DAED,
DA68,
DA00,
D9B5,
D98A,
D97D,
D990,
D9C4,
DA18,
DA8D,
DB23,
DBDB,
DCB3,
DDAC,
DEC5,
DFFE,
E156,
E2CC,
E460,
E60F,
E7D9,
E9BC,
EBB7,
EDC9,
EFEF,
F227,
F471,
F6C8,
F92C,
FB9A,
FE10,
008A,
0307,
0584,
07FF,
0A74,
0CE1,
0F44,
1199,
13DE,
1610,
182D,
1A32,
1C1C,
1DEA,
1F98,
2124,
228D,
23D0,
24EB,
25DC,
26A3,
273D,
27A9,
27E5,
27F2,
27CE,
2778,
26F0,
2637,
254B,
242D,
22DE,
215E,
1FAF,
1DD0,
1BC4,
198C,
1729,
149E,
11EC,
0F16,
0C1E,
0906,
05D1,
0283,
FF1D,
FBA3,
F818,
F480,
F0DD,
ED33,
E986,
E5D9,
E22F,
DE8C,
DAF4,
D769,
D3EF,
D089,
CD3B,
CA07,
C6F1,
C3FB,
C129,
BE7C,
BBF8,
B99E,
B772,
B574,
B3A6,
B20B,
B0A3,
AF6F,
AE71,
ADA9,
AD18,
ACBD,
AC9A,
ACAD,
ACF7,
AD77,
AE2B,
AF13,
B02E,
B17C,
B2FA,
B4A6,
B67D,
B87E,
BAA7,
BCF4,
BF64,
C1F4,
C4A1,
C768,
CA46,
CD39,
D03C,
D34F,
D66C,
D991,
DCBC,
DFE8,
E314,
E63C,
E95D,
EC75,
EF80,
F27D,
F569,
F842,
FB05,
FDB0,
0042,
02B9,
0512,
074F,
096B,
0B67,
0D42,
0EFB,
1091,
1204,
1354,
1481,
158C,
1674,
173A,
17E0,
1865,
18CC,
1914,
193F,
1950,
1946,
1924,
18EC,
189F,
183F,
17CD,
174C,
16BE,
1624,
1581,
14D5,
1424,
136E,
12B6,
11FE,
1147,
1093,
0FE2,
0F37,
0E91,
0DF4,
0D5E,
0CD2,
0C50,
0BD9,
0B6D,
0B0C,
0AB7,
0A6E,
0A31,
09FF,
09D8,
09BC,
09AA,
09A2,
09A3,
09AB,
09BA,
09D0,
09EA,
0A07,
0A27,
0A48,
0A69,
0A88,
0AA3,
0ABB,
0ACC,
0AD7,
0AD9,
0AD1,
0ABF,
0AA0,
0A75,
0A3B,
09F3,
099A,
0932,
08B8,
082C,
078F,
06E0,
061F,
054B,
0466,
036E,
0266,
014D,
0023,
FEEB,
FDA4,
FC50,
FAF0,
F985,
F811,
F695,
F512,
F38A,
F1FD,
F06E,
EEDF,
ED52,
EBC9,
EA46,
E8CB,
E759,
E5F3,
E49A,
E351,
E218,
E0F2,
DFE0,
DEE3,
DDFE,
DD32,
DC7F,
DBE7,
DB6B,
DB0C,
DACA,
DAA7,
DAA2,
DABB,
DAF4,
DB4C,
DBC2,
DC57,
DD0A,
DDDA,
DEC7,
DFCF,
E0F2,
E22E,
E382,
E4ED,
E66D,
E801,
E9A6,
EB5B,
ED1E,
EEED,
F0C5,
F2A5,
F48B,
F674,
F85F,
FA48,
FC2E,
FE0F,
FFE8,
01B8,
037C,
0533,
06DA,
0871,
09F5,
0B64,
0CBE,
0E01,
0F2C,
103E,
1135,
1213,
12D4,
137A,
1404,
1471,
14C2,
14F7,
1510,
150E,
14F2,
14BB,
146C,
1405,
1387,
12F3,
124C,
1192,
10C7,
0FEC,
0F03,
0E0F,
0D10,
0C08,
0AFA,
09E7,
08D1,
07B9,
06A3,
058E,
047D,
0371,
026D,
0170,
007C,
FF94,
FEB7,
FDE7,
FD25,
FC72,
FBCE,
FB39,
FAB5,
FA42,
F9DE,
F98C,
F949,
F917,
F8F4,
F8E1,
F8DB,
F8E3,
F8F8,
F918,
F943,
F977,
F9B2,
F9F4,
FA3B,
FA85,
FAD1,
FB1E,
FB69,
FBB2,
FBF6,
FC32,
FC67,
FC93,
FCB4,
FCCA,
FCD2,
FCCB,
FCB5,
FC8E,
FC55,
FC0A,
FBAC,
FB39,
FAB3,
FA18,
F968,
F8A3,
F7CA,
F6DD,
F5DC,
F4C8,
F3A2,
F26A,
F122,
EFCB,
EE67,
ECF6,
EB7A,
E9F5,
E869,
E6D8,
E544,
E3AE,
E21A,
E088,
DEFC,
DD77,
DBFC,
DA8C,
D92B,
D7D9,
D69A,
D570,
D45B,
D360,
D27E,
D1B7,
D10E,
D084,
D01A,
CFD1,
CFAA,
CFA6,
CFC5,
D009,
D070,
D0FC,
D1AC,
D27F,
D376,
D490,
D5CA,
D726,
D8A0,
DA39,
DBEF,
DDBE,
DFA5,
E1A1,
E3B2,
E5D3,
E804,
EA40,
EC86,
EED2,
F123,
F375,
F5C5,
F810,
FA54,
FC8D,
FEBA,
00D7,
02E1,
04D6,
06B4,
0878,
0A1F,
0BA9,
0D12,
0E58,
0F7C,
107A,
1152,
1202,
128A,
12E9,
131F,
132B,
130E,
12C7,
1259,
11C2,
1105,
1022,
0F1B,
0DF1,
0CA7,
0B3E,
09B8,
0819,
0661,
0495,
02B7,
00CA,
FED1,
FCCF,
FAC7,
F8BD,
F6B4,
F4AF,
F2B2,
F0C0,
EEDC,
ED0A,
EB4D,
E9A8,
E81E,
E6B1,
E564,
E43B,
E338,
E25D,
E1AC,
E128,
E0D1,
E0A9,
E0B2,
E0EC,
E158,
E1F7,
E2CA,
E3CF,
E506,
E670,
E80B,
E9D7,
EBD1,
EDF9,
F04D,
F2CA,
F56F,
F839,
FB25,
FE31,
0159,
049B,
07F4,
0B5E,
0ED9,
125E,
15EB,
197C,
1D0E,
209D,
2424,
27A1,
2B0F,
2E6A,
31B0,
34DD,
37EC,
3ADC,
3DA8,
404E,
42CC,
451D,
4741,
4934,
4AF5,
4C82,
4DDA,
4EFA,
4FE3,
5094,
510B,
5149,
514D,
5118,
50AB,
5005,
4F29,
4E18,
4CD3,
4B5B,
49B3,
47DC,
45DA,
43AE,
415B,
3EE4,
3C4D,
3997,
36C7,
33E0,
30E5,
2DD9,
2AC1,
279F,
2478,
214E,
1E25,
1B02,
17E7,
14D7,
11D6,
0EE7,
0C0E,
094C,
06A5,
041C,
01B3,
FF6C,
FD4A,
FB4F,
F97C,
F7D3,
F655,
F502,
F3DD,
F2E5,
F21B,
F17F,
F111,
F0D1,
F0BE,
F0D9,
F120,
F191,
F22D,
F2F1,
F3DC,
F4ED,
F621,
F776,
F8EB,
FA7D,
FC2A,
FDEF,
FFCA,
01B8,
03B7,
05C4,
07DD,
09FE,
0C26,
0E51,
107C,
12A7,
14CD,
16EC,
1902,
1B0C,
1D09,
1EF6,
20D1,
2298,
2449,
25E4,
2765,
28CD,
2A19,
2B49,
2C5B,
2D50,
2E26,
2EDD,
2F74,
2FEC,
3044,
307D,
3097,
3092,
306F,
302F,
2FD2,
2F5A,
2EC7,
2E1B,
2D57,
2C7C,
2B8C,
2A87,
2971,
284A,
2713,
25CF,
247F,
2325,
21C3,
205A,
1EEC,
1D7A,
1C06,
1A93,
1921,
17B1,
1646,
14E1,
1383,
122D,
10E1,
0F9F,
0E69,
0D40,
0C24,
0B16,
0A17,
0928,
0849,
0778,
06B9,
060A,
056C,
04DF,
0463,
03F9,
03A0,
0358,
0321,
02FA,
02E3,
02DB,
02E3,
02FA,
031F,
0351,
0391,
03DD,
0434,
0497,
0504,
057A,
05FA,
0682,
0711,
07A7,
0843,
08E4,
098A,
0A34,
0AE1,
0B92,
0C44,
0CF7,
0DAA,
0E5E,
0F11,
0FC3,
1073,
1121,
11CC,
1274,
1318,
13B8,
1454,
14EB,
157C,
1608,
168E,
170E,
1787,
17FA,
1865,
18CA,
1927,
197C,
19CA,
1A10,
1A4E,
1A83,
1AB1,
1AD6,
1AF3,
1B09,
1B16,
1B1B,
1B18,
1B0C,
1AF7,
1ADA,
1AB5,
1A88,
1A52,
1A15,
19CF,
1983,
192E,
18D3,
1871,
1807,
1798,
1723,
16A7,
1627,
15A1,
1516,
1487,
13F5,
135E,
12C5,
1229,
118B,
10EB,
104A,
0FA8,
0F05,
0E63,
0DC1,
0D20,
0C81,
0BE5,
0B4B,
0AB4,
0A22,
0993,
0909,
0885,
0806,
078D,
071A,
06AF,
064A,
05ED,
0597,
054A,
0505,
04C8,
0494,
0468,
0445,
042B,
041A,
0412,
0413,
041C,
042D,
0447,
046A,
0495,
04C7,
0500,
053F,
0585,
05D0,
0620,
0675,
06CD,
0728,
0786,
07E6,
0847,
08A8,
0909,
0969,
09C7,
0A22,
0A79,
0ACC,
0B1A,
0B63,
0BA5,
0BDF,
0C11,
0C3B,
0C5C,
0C72,
0C7F,
0C80,
0C76,
0C5F,
0C3D,
0C0E,
0BD2,
0B8A,
0B34,
0AD2,
0A63,
09E7,
095E,
08C9,
0827,
077A,
06C2,
05FF,
0532,
045B,
037C,
0295,
01A6,
00B1,
FFB7,
FEB9,
FDB7,
FCB2,
FBAD,
FAA7,
F9A1,
F89E,
F79E,
F6A1,
F5AA,
F4B6,
F3CA,
F2E6,
F20B,
F13A,
F074,
EFB9,
EF0B,
EE69,
EDD5,
ED4E,
ECD5,
EC6A,
EC0E,
EBC0,
EB81,
EB50,
EB2C,
EB17,
EB0E,
EB12,
EB22,
EB3D,
EB62,
EB91,
EBC9,
EC08,
EC4D,
EC98,
ECE8,
ED3A,
ED8E,
EDE4,
EE39,
EE8D,
EEDD,
EF29,
EF6F,
EFAF,
EFE6,
F015,
F039,
F053,
F060,
F061,
F055,
F03B,
F013,
EFDD,
EF98,
EF44,
EEE2,
EE72,
EDF4,
ED68,
ECD0,
EC2C,
EB7D,
EAC4,
EA03,
E93B,
E86D,
E79B,
E6C6,
E5F2,
E51E,
E44E,
E383,
E2C0,
E206,
E158,
E0B8,
E027,
DFA8,
DF3E,
DEE9,
DEAD,
DE8A,
DE84,
DE9A,
DED0,
DF26,
DF9E,
E038,
E0F7,
E1DA,
E2E2,
E410,
E563,
E6DC,
E87B,
EA3F,
EC27,
EE33,
F061,
F2B0,
F51E,
F7A9,
FA51,
FD12,
FFEB,
02DA,
05DB,
08EB,
0C08,
0F30,
125D,
158F,
18C0,
1BEE,
1F15,
2232,
2542,
2841,
2B2B,
2DFE,
30B6,
3351,
35CB,
3821,
3A50,
3C57,
3E33,
3FE1,
415F,
42AD,
43C8,
44AF,
4562,
45DE,
4625,
4635,
460F,
45B3,
4521,
445A,
4360,
4233,
40D6,
3F49,
3D8F,
3BAB,
399D,
376A,
3513,
329C,
3008,
2D59,
2A93,
27BA,
24D0,
21D9,
1EDA,
1BD4,
18CC,
15C4,
12C2,
0FC7,
0CD7,
09F5,
0725,
0469,
01C4,
FF39,
FCCA,
FA79,
F849,
F63B,
F451,
F28D,
F0F0,
EF7B,
EE2E,
ED0C,
EC12,
EB43,
EA9E,
EA23,
E9D1,
E9A8,
E9A6,
E9CB,
EA16,
EA85,
EB16,
EBC9,
EC9A,
ED89,
EE92,
EFB5,
F0EE,
F23C,
F39B,
F50B,
F687,
F80E,
F99E,
FB33,
FCCB,
FE64,
FFFB,
018F,
031B,
04A0,
0619,
0785,
08E3,
0A30,
0B6B,
0C91,
0DA2,
0E9C,
0F7E,
1046,
10F4,
1188,
11FF,
125B,
129A,
12BC,
12C1,
12A9,
1275,
1225,
11BA,
1133,
1093,
0FD9,
0F06,
0E1D,
0D1D,
0C08,
0AE1,
09A7,
085D,
0704,
059E,
042D,
02B2,
0130,
FFA7,
FE1B,
FC8C,
FAFE,
F970,
F7E7,
F662,
F4E5,
F371,
F207,
F0AA,
EF5B,
EE1B,
ECED,
EBD0,
EAC8,
E9D5,
E8F8,
E832,
E785,
E6F0,
E676,
E615,
E5CF,
E5A4,
E595,
E5A0,
E5C7,
E609,
E666,
E6DC,
E76D,
E816,
E8D7,
E9AF,
EA9D,
EBA0,
ECB6,
EDDE,
EF17,
F05E,
F1B2,
F312,
F47B,
F5EB,
F761,
F8DA,
FA54,
FBCF,
FD47,
FEBA,
0026,
0189,
02E1,
042C,
0567,
0692,
07AA,
08AD,
099A,
0A6F,
0B2A,
0BCA,
0C4F,
0CB6,
0CFF,
0D29,
0D33,
0D1C,
0CE5,
0C8D,
0C14,
0B7B,
0AC0,
09E5,
08EB,
07D2,
069A,
0546,
03D6,
024E,
00AC,
FEF3,
FD24,
FB42,
F94E,
F74B,
F53A,
F31D,
F0F8,
EECB,
EC9A,
EA67,
E834,
E603,
E3D8,
E1B4,
DF99,
DD8A,
DB89,
D998,
D7B9,
D5EE,
D439,
D29C,
D117,
CFAE,
CE61,
CD31,
CC1F,
CB2D,
CA5B,
C9A8,
C917,
C8A7,
C858,
C82B,
C820,
C835,
C86C,
C8C2,
C939,
C9CE,
CA80,
CB50,
CC3B,
CD40,
CE5E,
CF93,
D0DF,
D23E,
D3B1,
D534,
D6C6,
D866,
DA11,
DBC6,
DD83,
DF46,
E10D,
E2D7,
E4A1,
E66B,
E831,
E9F3,
EBAE,
ED62,
EF0D,
F0AD,
F242,
F3CB,
F546,
F6B2,
F80F,
F95B,
FA97,
FBC1,
FCD9,
FDDF,
FED2,
FFB3,
0081,
013C,
01E5,
027B,
02FF,
0371,
03D2,
0422,
0461,
0491,
04B2,
04C4,
04C9,
04C1,
04AC,
048C,
0461,
042C,
03EE,
03A9,
035C,
0309,
02B0,
0253,
01F1,
018D,
0126,
00BE,
0055,
FFEB,
FF81,
FF18,
FEB0,
FE4A,
FDE6,
FD85,
FD26,
FCCA,
FC71,
FC1B,
FBC9,
FB7A,
FB2E,
FAE6,
FAA1,
FA5F,
FA20,
F9E0,
F9A4,
F969,
F930,
F8FA,
F8C4,
F890,
F85C,
F829,
F7F6,
F7C2,
F78D,
F757,
F720,
F6E7,
F6AB,
F66D,
F62C,
F5E7,
F59F,
F553,
F504,
F4B0,
F457,
F3FA,
F399,
F333,
F2C8,
F258,
F1E4,
F16B,
F0EE,
F06E,
EFEA,
EF62,
EED6,
EE47,
EDB6,
ED21,
EC8A,
EBF1,
EB56,
EABA,
EA1D,
E97F,
E8E2,
E844,
E7A7,
E70C,
E671,
E5D9,
E544,
E4B1,
E422,
E396,
E30E,
E28B,
E20D,
E195,
E122,
E0B5,
E04E,
DFEF,
DF96,
DF45,
DEFC,
DEBA,
DE81,
DE50,
DE27,
DE07,
DDF0,
DDE3,
DDDE,
DDE3,
DDF0,
DE08,
DE29,
DE53,
DE87,
DEC4,
DF0A,
DF5A,
DFB3,
E014,
E07F,
E0F2,
E16E,
E1F1,
E27D,
E310,
E3AA,
E44B,
E4F3,
E5A0,
E653,
E709,
E7C4,
E882,
E944,
EA09,
EAD0,
EB98,
EC61,
ED2B,
EDF4,
EEBC,
EF82,
F045,
F105,
F1C1,
F278,
F329,
F3D4,
F477,
F513,
F5A6,
F62F,
F6AE,
F723,
F78B,
F7E8,
F837,
F879,
F8AD,
F8D2,
F8E8,
F8EE,
F8E6,
F8CE,
F8A6,
F86C,
F822,
F7C6,
F759,
F6DB,
F64C,
F5AC,
F4FB,
F439,
F367,
F286,
F196,
F097,
EF8B,
EE71,
ED4B,
EC1A,
EADF,
E99A,
E84E,
E6FB,
E5A2,
E445,
E2E5,
E183,
E022,
DEC3,
DD67,
DC0F,
DABE,
D975,
D835,
D702,
D5DB,
D4C3,
D3BB,
D2C6,
D1E5,
D118,
D063,
CFC6,
CF43,
CEDB,
CE90,
CE62,
CE53,
CE64,
CE96,
CEE9,
CF5E,
CFF7,
D0B2,
D191,
D294,
D3BB,
D505,
D673,
D804,
D9B7,
DB8D,
DD83,
DF99,
E1CE,
E422,
E691,
E91B,
EBBF,
EE7A,
F14B,
F42F,
F725,
FA2B,
FD3D,
005B,
0381,
06AD,
09DC,
0D0D,
103C,
1367,
168B,
19A7,
1CB6,
1FB7,
22A8,
2586,
284F,
2B01,
2D98,
3015,
3274,
34B4,
36D4,
38D3,
3AB0,
3C67,
3DF9,
3F64,
40A9,
41C5,
42BA,
4386,
442A,
44A7,
44FC,
452B,
4534,
4518,
44D8,
4476,
43F2,
4350,
4290,
41B4,
40BF,
3FB2,
3E90,
3D5A,
3C15,
3AC1,
3961,
37F8,
3689,
3515,
33A0,
322C,
30BC,
2F51,
2DEE,
2C96,
2B4B,
2A0F,
28E3,
27CA,
26C6,
25D8,
2501,
2443,
239F,
2315,
22A7,
2255,
2220,
2207,
220A,
2229,
2264,
22B9,
2329,
23B1,
2452,
2508,
25D3,
26B0,
279F,
289C,
29A6,
2AB8,
2BD1,
2CF0,
2E10,
2F31,
304E,
3165,
3273,
3375,
3469,
354B,
3619,
36D1,
376F,
37F1,
3855,
3899,
38BA,
38B6,
388C,
383B,
37BF,
371A,
3648,
354A,
3420,
32C8,
3144,
2F92,
2DB3,
2BA9,
2974,
2715,
248E,
21E0,
1F0D,
1C18,
1902,
15CF,
1281,
0F1B,
0BA0,
0813,
0479,
00D4,
FD28,
F979,
F5CB,
F222,
EE81,
EAED,
E769,
E3FA,
E0A3,
DD68,
DA4C,
D755,
D484,
D1DE,
CF65,
CD1C,
CB07,
C928,
C781,
C616,
C4E7,
C3F6,
C345,
C2D4,
C2A4,
C2B6,
C30A,
C39F,
C476,
C58E,
C6E5,
C87A,
CA4C,
CC58,
CE9D,
D119,
D3C7,
D6A6,
D9B1,
DCE7,
E042,
E3C0,
E75C,
EB12,
EEDE,
F2BB,
F6A5,
FA97,
FE8E,
0283,
0674,
0A5B,
0E34,
11FA,
15A9,
193C,
1CAF,
1FFE,
2326,
2622,
28F0,
2B8C,
2DF3,
3023,
3218,
33D2,
354E,
368B,
3786,
3840,
38B8,
38EE,
38E1,
3892,
3801,
3730,
361F,
34D2,
3348,
3185,
2F8A,
2D5B,
2AFB,
286D,
25B3,
22D2,
1FCD,
1CA9,
1969,
1611,
12A5,
0F2B,
0BA7,
081C,
048F,
0105,
FD83,
FA0C,
F6A4,
F351,
F015,
ECF5,
E9F5,
E718,
E461,
E1D4,
DF74,
DD43,
DB43,
D978,
D7E2,
D683,
D55D,
D471,
D3C0,
D349,
D30D,
D30C,
D346,
D3B9,
D465,
D548,
D660,
D7AC,
D92A,
DAD8,
DCB2,
DEB6,
E0E0,
E32F,
E59E,
E82B,
EAD0,
ED8C,
F059,
F334,
F61A,
F906,
FBF4,
FEE1,
01C8,
04A7,
0778,
0A38,
0CE5,
0F7A,
11F4,
1451,
168E,
18A7,
1A9A,
1C64,
1E04,
1F77,
20BC,
21D1,
22B6,
2369,
23EA,
2438,
2454,
243D,
23F4,
237A,
22CF,
21F5,
20ED,
1FB9,
1E5A,
1CD2,
1B25,
1953,
1760,
154E,
1321,
10DA,
0E7E,
0C0F,
0990,
0706,
0472,
01D9,
FF3D,
FCA2,
FA0B,
F77C,
F4F7,
F27F,
F018,
EDC4,
EB87,
E962,
E759,
E56E,
E3A2,
E1F8,
E073,
DF12,
DDD9,
DCC7,
DBDF,
DB21,
DA8E,
DA26,
D9EA,
D9D9,
D9F3,
DA39,
DAA9,
DB43,
DC05,
DCED,
DDFB,
DF2F,
E087,
E200,
E39A,
E552,
E726,
E915,
EB1B,
ED37,
EF67,
F1A8,
F3F8,
F654,
F8BA,
FB28,
FD9B,
0011,
0287,
04FC,
076D,
09D7,
0C3A,
0E93,
10E0,
131F,
154F,
176E,
197B,
1B74,
1D59,
1F26,
20DC,
227B,
2402,
2570,
26C5,
2801,
2923,
2A2B,
2B1A,
2BF0,
2CAC,
2D50,
2DDB,
2E4F,
2EAB,
2EF0,
2F1F,
2F3A,
2F40,
2F32,
2F12,
2EE0,
2E9E,
2E4B,
2DEA,
2D7C,
2D00,
2C78,
2BE6,
2B49,
2AA3,
29F3,
293B,
287D,
27B8,
26EE,
2620,
254D,
2476,
239D,
22C1,
21E2,
2102,
2020,
1F3C,
1E57,
1D70,
1C88,
1BA0,
1AB6,
19CB,
18DE,
17F1,
1702,
1611,
151F,
142B,
1336,
123E,
1143,
1047,
0F48,
0E46,
0D40,
0C38,
0B2E,
0A20,
0910,
07FE,
06E9,
05D1,
04B8,
039C,
027F,
0160,
0040,
FF1F,
FDFE,
FCDE,
FBBD,
FA9E,
F981,
F866,
F74E,
F63A,
F52A,
F41F,
F31A,
F21B,
F124,
F034,
EF4E,
EE71,
ED9E,
ECD6,
EC1D,
EB70,
EAD0,
EA3E,
E9BA,
E945,
E8E0,
E88A,
E844,
E810,
E7EC,
E7DA,
E7D9,
E7E9,
E80C,
E840,
E886,
E8DD,
E946,
E9C0,
EA4A,
EAE5,
EB90,
EC4A,
ED13,
EDEA,
EECF,
EFC0,
F0BD,
F1C5,
F2D7,
F3F3,
F516,
F640,
F770,
F8A6,
F9DF,
FB1B,
FC59,
FD97,
FED4,
0010,
014A,
027F,
03AF,
04DA,
05FD,
0719,
082B,
0934,
0A32,
0B25,
0C0C,
0CE6,
0DB2,
0E70,
0F20,
0FC0,
1051,
10D2,
1143,
11A4,
11F4,
1234,
1263,
1282,
1290,
128E,
127C,
125B,
122A,
11EA,
119C,
113F,
10D5,
105D,
0FD9,
0F49,
0EAD,
0E06,
0D55,
0C9A,
0BD6,
0B0B,
0A37,
095D,
087D,
0797,
06AC,
05BE,
04CD,
03D9,
02E4,
01ED,
00F6,
0000,
FF0E,
FE1D,
FD2F,
FC43,
FB5C,
FA79,
F99A,
F8C2,
F7EF,
F722,
F65D,
F59F,
F4E9,
F43C,
F398,
F2FC,
F26B,
F1E4,
F167,
F0F4,
F08D,
F031,
EFE1,
EF9C,
EF64,
EF38,
EF18,
EF05,
EEFE,
EF04,
EF18,
EF38,
EF65,
EF9F,
EFE6,
F03A,
F09C,
F10A,
F185,
F20C,
F2A0,
F340,
F3EC,
F4A4,
F567,
F635,
F70E,
F7F2,
F8DF,
F9D6,
FAD5,
FBDE,
FCEE,
FE05,
FF24,
0048,
0173,
02A2,
03D5,
050C,
0645,
0781,
08BE,
09FB,
0B37,
0C72,
0DAB,
0EE1,
1014,
1143,
126C,
138F,
14AC,
15C1,
16CF,
17D3,
18CD,
19BD,
1AA3,
1B7C,
1C4A,
1D0B,
1DBE,
1E65,
1EFD,
1F87,
2002,
206E,
20CB,
2119,
2158,
2188,
21A9,
21BA,
21BD,
21B1,
2197,
216F,
2139,
20F7,
20A7,
204C,
1FE6,
1F75,
1EFA,
1E76,
1DEA,
1D56,
1CBC,
1C1D,
1B7A,
1AD3,
1A29,
197F,
18D3,
1829,
177F,
16D9,
1636,
1597,
14FE,
146B,
13DF,
135B,
12DF,
126D,
1204,
11A6,
1151,
1108,
10CB,
1099,
1073,
1059,
104B,
1048,
1052,
1066,
1086,
10B0,
10E4,
1121,
1167,
11B5,
120A,
1265,
12C5,
1329,
1390,
13F9,
1463,
14CC,
1533,
1598,
15F8,
1652,
16A6,
16F2,
1734,
176C,
1796,
17B4,
17C3,
17C4,
17B4,
1794,
1763,
171F,
16C8,
165D,
15DE,
154B,
14A3,
13E6,
1314,
122D,
1131,
1021,
0EFD,
0DC5,
0C7A,
0B1C,
09AE,
082E,
06A0,
0502,
0358,
01A2,
FFE2,
FE18,
FC48,
FA71,
F897,
F6BA,
F4DD,
F301,
F128,
EF53,
ED85,
EBC0,
EA04,
E855,
E6B2,
E51F,
E39C,
E22C,
E0CF,
DF88,
DE56,
DD3C,
DC3B,
DB53,
DA86,
D9D4,
D93E,
D8C4,
D867,
D826,
D803,
D7FD,
D813,
D846,
D896,
D901,
D989,
DA2A,
DAE6,
DBB9,
DCA3,
DDA3,
DEB7,
DFDE,
E116,
E25D,
E3B3,
E514,
E680,
E7F3,
E96D,
EAEC,
EC6D,
EDEE,
EF6D,
F0E9,
F25F,
F3CD,
F533,
F68C,
F7D9,
F917,
FA45,
FB60,
FC68,
FD5B,
FE38,
FEFE,
FFAA,
003D,
00B6,
0113,
0156,
017C,
0186,
0175,
0147,
00FD,
0097,
0016,
FF7A,
FEC4,
FDF5,
FD0D,
FC0E,
FAF9,
F9CF,
F891,
F741,
F5E1,
F471,
F2F4,
F16A,
EFD7,
EE3B,
EC98,
EAF1,
E947,
E79B,
E5F0,
E446,
E2A1,
E101,
DF69,
DDD9,
DC55,
DADC,
D971,
D814,
D6C8,
D58D,
D464,
D34E,
D24D,
D160,
D089,
CFC8,
CF1E,
CE8A,
CE0E,
CDA8,
CD5A,
CD24,
CD04,
CCFB,
CD09,
CD2D,
CD67,
CDB5,
CE18,
CE8F,
CF18,
CFB4,
D061,
D11F,
D1EC,
D2C8,
D3B1,
D4A6,
D5A8,
D6B3,
D7C8,
D8E6,
DA0C,
DB38,
DC69,
DDA0,
DEDA,
E018,
E158,
E29A,
E3DD,
E520,
E663,
E7A6,
E8E7,
EA27,
EB64,
ECA0,
EDD9,
EF0F,
F043,
F173,
F2A0,
F3CB,
F4F3,
F618,
F73A,
F858,
F974,
FA8D,
FBA3,
FCB7,
FDC8,
FED6,
FFE3,
00ED,
01F5,
02FB,
03FF,
0501,
0601,
06FF,
07FB,
08F5,
09EC,
0AE1,
0BD3,
0CC1,
0DAD,
0E94,
0F77,
1056,
1130,
1204,
12D2,
1399,
1459,
1512,
15C2,
1669,
1706,
179A,
1822,
18A0,
1911,
1976,
19CD,
1A17,
1A53,
1A81,
1A9F,
1AAF,
1AAF,
1A9F,
1A7F,
1A4F,
1A10,
19C0,
1961,
18F2,
1874,
17E7,
174C,
16A2,
15EC,
1529,
145A,
137E,
1298,
11A9,
10B3,
0FB5,
0EB2,
0DAB,
0CA1,
0B95,
0A89,
097D,
0875,
0770,
0671,
0579,
0488,
03A2,
02C6,
01F6,
0134,
0081,
FFDD,
FF4A,
FEC9,
FE5B,
FE01,
FDBB,
FD89,
FD6D,
FD67,
FD77,
FD9C,
FDD9,
FE2B,
FE93,
FF11,
FFA3,
0049,
0103,
01CE,
02AA,
0397,
0491,
0599,
06AB,
07C8,
08EC,
0A16,
0B45,
0C75,
0DA5,
0ED3,
0FFD,
1120,
123A,
1349,
144B,
153E,
1620,
16EE,
17A7,
1849,
18D1,
193F,
1990,
19C3,
19D6,
19CA,
199C,
194C,
18D8,
1842,
1787,
16A9,
15A7,
1481,
1337,
11CB,
103D,
0E8E,
0CC0,
0AD3,
08C9,
06A4,
0466,
0211,
FFA7,
FD2A,
FA9D,
F803,
F55E,
F2B1,
EFFF,
ED4B,
EA98,
E7E8,
E53E,
E29D,
E009,
DD85,
DB14,
D8B9,
D678,
D452,
D24A,
D064,
CEA2,
CD05,
CB91,
CA48,
C92A,
C83A,
C77A,
C6EA,
C68C,
C660,
C668,
C6A3,
C711,
C7B4,
C889,
C992,
CACC,
CC38,
CDD3,
CF9C,
D192,
D3B2,
D5FC,
D86D,
DB01,
DDB6,
E08A,
E379,
E681,
E99E,
ECCD,
F00B,
F355,
F6A7,
F9FD,
FD54,
00AA,
03FA,
0740,
0A7A,
0DA5,
10BD,
13BF,
16A8,
1976,
1C25,
1EB3,
211E,
2364,
2583,
2778,
2943,
2AE1,
2C52,
2D96,
2EAB,
2F90,
3046,
30CC,
3122,
314A,
3143,
310E,
30AD,
3021,
2F6B,
2E8C,
2D87,
2C5D,
2B11,
29A4,
281A,
2673,
24B4,
22DE,
20F5,
1EFA,
1CF1,
1ADC,
18BE,
169B,
1473,
124B,
1025,
0E03,
0BE7,
09D6,
07CF,
05D6,
03EC,
0213,
004D,
FE9B,
FCFF,
FB79,
FA0B,
F8B6,
F77A,
F658,
F550,
F463,
F38F,
F2D6,
F236,
F1AF,
F140,
F0E9,
F0A8,
F07D,
F066,
F062,
F06F,
F08D,
F0B8,
F0F0,
F134,
F180,
F1D4,
F22F,
F28E,
F2EF,
F351,
F3B2,
F40F,
F469,
F4BD,
F50B,
F550,
F58C,
F5BE,
F5E5,
F600,
F60F,
F612,
F607,
F5EF,
F5CB,
F599,
F55B,
F510,
F4BB,
F45A,
F3F0,
F37D,
F302,
F281,
F1FB,
F171,
F0E5,
F058,
EFCD,
EF45,
EEC1,
EE44,
EDCF,
ED64,
ED04,
ECB1,
EC6E,
EC3B,
EC1A,
EC0C,
EC13,
EC31,
EC65,
ECB2,
ED18,
ED97,
EE31,
EEE5,
EFB5,
F09F,
F1A4,
F2C3,
F3FD,
F54F,
F6BA,
F83D,
F9D5,
FB82,
FD43,
FF15,
00F6,
02E5,
04DF,
06E2,
08ED,
0AFB,
0D0B,
0F1B,
1126,
132B,
1527,
1716,
18F7,
1AC6,
1C81,
1E24,
1FAE,
211B,
226A,
2397,
24A1,
2585,
2643,
26D7,
2740,
277E,
278E,
2770,
2724,
26A8,
25FD,
2523,
2418,
22DE,
2176,
1FE1,
1E20,
1C35,
1A21,
17E7,
1588,
1307,
1066,
0DA8,
0AD0,
07E2,
04E0,
01CE,
FEAF,
FB87,
F85A,
F52C,
F200,
EEDA,
EBBF,
E8B1,
E5B6,
E2D1,
E005,
DD56,
DAC8,
D85E,
D61C,
D405,
D21D,
D065,
CEE0,
CD91,
CC7A,
CB9C,
CAFA,
CA95,
CA6E,
CA85,
CADC,
CB73,
CC4A,
CD60,
CEB5,
D048,
D218,
D423,
D669,
D8E6,
DB9A,
DE80,
E197,
E4DC,
E84C,
EBE3,
EF9E,
F37A,
F772,
FB83,
FFA8,
03DE,
0821,
0C6B,
10BA,
1509,
1954,
1D96,
21CC,
25F2,
2A03,
2DFB,
31D7,
3594,
392D,
3CA0,
3FEA,
4307,
45F5,
48B1,
4B3A,
4D8D,
4FA8,
518A,
5333,
549F,
55D0,
56C5,
577D,
57F8,
5837,
583B,
5803,
5792,
56E9,
5609,
54F3,
53AB,
5230,
5087,
4EB1,
4CB1,
4A89,
483D,
45CF,
4343,
409B,
3DDA,
3B05,
381D,
3527,
3225,
2F1A,
2C0A,
28F8,
25E6,
22D8,
1FD0,
1CD2,
19DF,
16FA,
1426,
1165,
0EB8,
0C23,
09A5,
0744,
04FF,
02D6,
00CA,
FEDD,
FD0F,
FB61,
F9D2,
F863,
F714,
F5E5,
F4D5,
F3E5,
F313,
F25E,
F1C6,
F14B,
F0EA,
F0A3,
F074,
F05D,
F05B,
F06E,
F094,
F0CC,
F113,
F169,
F1CC,
F23B,
F2B4,
F335,
F3BE,
F44D,
F4E0,
F576,
F610,
F6AA,
F745,
F7DF,
F878,
F90F,
F9A3,
FA33,
FABF,
FB47,
FBCA,
FC48,
FCC1,
FD34,
FDA2,
FE0C,
FE70,
FECF,
FF29,
FF7F,
FFD2,
0021,
006C,
00B6,
00FD,
0142,
0186,
01CA,
020E,
0251,
0295,
02DB,
0322,
036B,
03B7,
0405,
0457,
04AB,
0502,
055D,
05BA,
061B,
067F,
06E5,
074E,
07B9,
0825,
0892,
0900,
096E,
09DC,
0A48,
0AB2,
0B19,
0B7C,
0BDB,
0C35,
0C88,
0CD4,
0D19,
0D55,
0D88,
0DB0,
0DCE,
0DE0,
0DE5,
0DDD,
0DC7,
0DA3,
0D70,
0D2F,
0CDE,
0C7E,
0C0E,
0B8E,
0AFF,
0A61,
09B4,
08F8,
082F,
0757,
0673,
0583,
0487,
0382,
0273,
015C,
003E,
FF1B,
FDF3,
FCC8,
FB9C,
FA70,
F946,
F81F,
F6FC,
F5E0,
F4CB,
F3BF,
F2BD,
F1C8,
F0E0,
F006,
EF3D,
EE85,
EDDF,
ED4D,
ECCF,
EC67,
EC15,
EBD9,
EBB5,
EBA9,
EBB5,
EBD9,
EC15,
EC69,
ECD6,
ED5A,
EDF5,
EEA6,
EF6D,
F049,
F139,
F23C,
F351,
F476,
F5A9,
F6EA,
F837,
F98D,
FAEB,
FC50,
FDB8,
FF23,
008F,
01F8,
035F,
04BF,
0618,
0767,
08AB,
09E2,
0B0A,
0C20,
0D25,
0E15,
0EF0,
0FB4,
1060,
10F2,
116B,
11C9,
120A,
1230,
1239,
1225,
11F4,
11A6,
113C,
10B6,
1014,
0F57,
0E80,
0D90,
0C88,
0B69,
0A35,
08ED,
0793,
0629,
04B0,
032A,
019A,
0001,
FE61,
FCBD,
FB17,
F971,
F7CC,
F62D,
F493,
F303,
F17D,
F004,
EE9A,
ED41,
EBFA,
EAC8,
E9AD,
E8AA,
E7C0,
E6EF,
E63A,
E5A1,
E524,
E4C6,
E485,
E463,
E460,
E47B,
E4B5,
E50D,
E582,
E614,
E6C3,
E78D,
E871,
E96D,
EA81,
EBAA,
ECE8,
EE38,
EF98,
F107,
F282,
F407,
F594,
F727,
F8BD,
FA54,
FBEB,
FD7E,
FF0B,
0090,
020A,
0377,
04D5,
0622,
075C,
0880,
098E,
0A82,
0B5D,
0C1B,
0CBC,
0D3E,
0DA1,
0DE4,
0E05,
0E05,
0DE3,
0D9E,
0D37,
0CAD,
0C02,
0B35,
0A47,
093A,
080D,
06C2,
055A,
03D6,
0238,
0082,
FEB5,
FCD4,
FAE2,
F8DE,
F6CD,
F4B0,
F28A,
F05C,
EE29,
EBF3,
E9BD,
E789,
E559,
E330,
E10F,
DEFA,
DCF2,
DAF9,
D911,
D73C,
D57C,
D3D3,
D242,
D0CA,
CF6E,
CE2E,
CD0B,
CC06,
CB21,
CA5B,
C9B3,
C92C,
C8C6,
C881,
C85C,
C858,
C875,
C8B1,
C90D,
C987,
CA1F,
CAD4,
CBA5,
CC90,
CD95,
CEB1,
CFE5,
D12D,
D289,
D3F8,
D576,
D703,
D89E,
DA43,
DBF2,
DDA9,
DF65,
E126,
E2E9,
E4AD,
E670,
E831,
E9EE,
EBA6,
ED56,
EEFF,
F09D,
F230,
F3B8,
F532,
F69E,
F7FB,
F948,
FA85,
FBB0,
FCCA,
FDD2,
FEC8,
FFAA,
007B,
0138,
01E3,
027B,
0300,
0374,
03D6,
0427,
0467,
0497,
04B7,
04C9,
04CD,
04C3,
04AC,
048A,
045D,
0425,
03E5,
039C,
034D,
02F6,
029A,
023A,
01D6,
016E,
0105,
009A,
002E,
FFC2,
FF56,
FEEC,
FE84,
FE1D,
FDB9,
FD58,
FCFA,
FCA0,
FC4A,
FBF7,
FBA8,
FB5D,
FB16,
FAD3,
FA94,
FA58,
FA20,
F9EB,
F9B9,
F98A,
F95C,
F931,
F907,
F8DD,
F8B4,
F88A,
F860,
F835,
F808,
F7D9,
F7A8,
F773,
F73B,
F6FE,
F6BE,
F678,
F62E,
F5DE,
F589,
F52E,
F4CD,
F465,
F3F8,
F385,
F30C,
F28D,
F208,
F17E,
F0EE,
F05A,
EFC2,
EF25,
EE84,
EDE1,
ED3A,
EC91,
EBE6,
EB3A,
EA8E,
E9E2,
E936,
E88B,
E7E2,
E73C,
E699,
E5F9,
E55E,
E4C8,
E437,
E3AB,
E326,
E2A8,
E231,
E1C1,
E159,
E0F9,
E0A1,
E051,
E00A,
DFCC,
DF96,
DF69,
DF44,
DF28,
DF14,
DF08,
DF04,
DF08,
DF13,
DF26,
DF40,
DF60,
DF87,
DFB4,
DFE7,
E01F,
E05C,
E09F,
E0E6,
E132,
E182,
E1D6,
E22E,
E289,
E2E8,
E34A,
E3B0,
E418,
E484,
E4F3,
E565,
E5DB,
E653,
E6CE,
E74C,
E7CE,
E852,
E8DB,
E966,
E9F5,
EA87,
EB1D,
EBB6,
EC52,
ECF1,
ED93,
EE37,
EEDE,
EF87,
F030,
F0DB,
F187,
F232,
F2DC,
F384,
F42A,
F4CD,
F56B,
F605,
F697,
F723,
F7A5,
F81E,
F88C,
F8EE,
F943,
F989,
F9C0,
F9E5,
F9F8,
F9F8,
F9E4,
F9BA,
F97B,
F924,
F8B6,
F830,
F791,
F6D9,
F609,
F51F,
F41D,
F303,
F1D0,
F087,
EF27,
EDB2,
EC2A,
EA8F,
E8E3,
E729,
E561,
E390,
E1B6,
DFD6,
DDF3,
DC0F,
DA2F,
D855,
D683,
D4BD,
D305,
D160,
CFCF,
CE56,
CCF9,
CBBA,
CA9C,
C9A3,
C8CF,
C825,
C7A7,
C756,
C735,
C745,
C788,
C7FE,
C8AA,
C98B,
CAA2,
CBEF,
CD72,
CF29,
D115,
D333,
D582,
D801,
DAAD,
DD83,
E081,
E3A4,
E6E8,
EA4B,
EDC7,
F15A,
F4FF,
F8B2,
FC6E,
002F,
03F1,
07AF,
0B63,
0F0B,
12A0,
161F,
1983,
1CC9,
1FEB,
22E7,
25B8,
285C,
2ACE,
2D0D,
2F16,
30E6,
327B,
33D5,
34F2,
35D1,
3671,
36D4,
36F8,
36E0,
368B,
35FB,
3532,
3432,
32FD,
3197,
3002,
2E41,
2C58,
2A4B,
281E,
25D5,
2374,
20FF,
1E7B,
1BEC,
1956,
16BE,
1429,
119A,
0F15,
0C9F,
0A3C,
07EE,
05B9,
03A1,
01A8,
FFD0,
FE1D,
FC8F,
FB2A,
F9EF,
F8DC,
F7F4,
F737,
F6A4,
F63B,
F5FB,
F5E2,
F5F1,
F624,
F67A,
F6F1,
F785,
F835,
F8FE,
F9DC,
FACB,
FBCA,
FCD4,
FDE6,
FEFC,
0013,
0127,
0234,
0338,
042F,
0516,
05EA,
06A8,
074D,
07D7,
0843,
088F,
08BB,
08C5,
08AA,
086C,
0808,
0780,
06D2,
0600,
050A,
03F0,
02B4,
0158,
FFDE,
FE46,
FC94,
FAC9,
F8E9,
F6F6,
F4F3,
F2E3,
F0C9,
EEA9,
EC84,
EA60,
E83F,
E624,
E413,
E20F,
E01A,
DE38,
DC6B,
DAB7,
D91D,
D7A0,
D643,
D508,
D3EF,
D2FC,
D22F,
D189,
D10C,
D0B7,
D08B,
D089,
D0B0,
D100,
D178,
D217,
D2DD,
D3C9,
D4D8,
D609,
D75A,
D8CA,
DA57,
DBFD,
DDBC,
DF8F,
E176,
E36D,
E572,
E782,
E99B,
EBB9,
EDDB,
EFFD,
F21E,
F43A,
F650,
F85D,
FA5E,
FC53,
FE39,
000D,
01D0,
037E,
0518,
069A,
0806,
0959,
0A93,
0BB3,
0CBA,
0DA6,
0E78,
0F30,
0FCF,
1053,
10BF,
1113,
114E,
1173,
1183,
117D,
1163,
1137,
10F9,
10AC,
104F,
0FE6,
0F71,
0EF2,
0E6B,
0DDC,
0D48,
0CAF,
0C14,
0B77,
0ADA,
0A3F,
09A6,
0911,
0881,
07F7,
0774,
06F8,
0685,
061C,
05BC,
0566,
051B,
04DB,
04A6,
047C,
045E,
044B,
0443,
0446,
0454,
046A,
048A,
04B3,
04E3,
051A,
0557,
0599,
05DF,
0628,
0673,
06BF,
070B,
0755,
079D,
07E0,
081F,
0858,
088A,
08B3,
08D2,
08E7,
08F1,
08EE,
08DD,
08BF,
0891,
0854,
0806,
07A8,
073A,
06BB,
062A,
0588,
04D4,
040F,
0339,
0252,
015B,
0054,
FF3F,
FE1B,
FCEB,
FBAE,
FA67,
F917,
F7BE,
F65E,
F4FA,
F392,
F229,
F0BF,
EF58,
EDF4,
EC96,
EB3F,
E9F2,
E8B0,
E77C,
E657,
E543,
E443,
E357,
E283,
E1C6,
E123,
E09B,
E02F,
DFE1,
DFB2,
DFA3,
DFB4,
DFE7,
E03B,
E0B2,
E14B,
E206,
E2E4,
E3E4,
E505,
E647,
E7A9,
E92A,
EAC8,
EC83,
EE58,
F046,
F24B,
F466,
F693,
F8D0,
FB1C,
FD73,
FFD4,
023C,
04A8,
0714,
097F,
0BE4,
0E41,
1093,
12D7,
150A,
172A,
1934,
1B25,
1CFB,
1EB2,
204A,
21BF,
2310,
243A,
253D,
2617,
26C5,
2749,
279F,
27C8,
27C4,
2792,
2732,
26A4,
25E9,
2502,
23F0,
22B3,
214D,
1FC0,
1E0E,
1C39,
1A42,
182E,
15FD,
13B3,
1153,
0EDF,
0C5A,
09C9,
072E,
048C,
01E6,
FF41,
FCA0,
FA05,
F775,
F4F2,
F280,
F023,
EDDC,
EBB0,
E9A1,
E7B2,
E5E6,
E43E,
E2BE,
E167,
E03B,
DF3C,
DE6B,
DDCA,
DD59,
DD19,
DD0A,
DD2E,
DD83,
DE0A,
DEC2,
DFAB,
E0C3,
E209,
E37C,
E51A,
E6E2,
E8D1,
EAE4,
ED1B,
EF71,
F1E4,
F472,
F717,
F9D0,
FC9A,
FF72,
0254,
053C,
0828,
0B15,
0DFD,
10E0,
13B8,
1681,
193A,
1BE0,
1E6F,
20E5,
233E,
2579,
2793,
298A,
2B5C,
2D08,
2E8A,
2FE4,
3112,
3215,
32EC,
3396,
3413,
3464,
3488,
3481,
344E,
33F2,
336D,
32C1,
31F0,
30FB,
2FE4,
2EAD,
2D5A,
2BEC,
2A67,
28CC,
2720,
2563,
239B,
21C9,
1FF0,
1E15,
1C39,
1A61,
188F,
16C5,
1508,
135A,
11BE,
1036,
0EC4,
0D6C,
0C30,
0B10,
0A10,
0931,
0874,
07DB,
0766,
0717,
06EE,
06EB,
070F,
0759,
07C9,
085E,
0919,
09F7,
0AF7,
0C18,
0D59,
0EB7,
1030,
11C3,
136D,
152B,
16FB,
18DB,
1AC7,
1CBC,
1EB8,
20B8,
22B8,
24B6,
26AE,
289D,
2A81,
2C56,
2E19,
2FC8,
3160,
32DE,
343F,
3581,
36A3,
37A1,
387B,
392D,
39B7,
3A16,
3A4A,
3A52,
3A2E,
39DD,
395E,
38B2,
37D9,
36D3,
35A0,
3443,
32BB,
310A,
2F32,
2D33,
2B11,
28CD,
2668,
23E6,
2149,
1E93,
1BC8,
18E9,
15FB,
12FF,
0FFA,
0CED,
09DC,
06CB,
03BC,
00B2,
FDB1,
FABA,
F7D2,
F4FB,
F238,
EF8C,
ECF9,
EA82,
E828,
E5EF,
E3D7,
E1E4,
E015,
DE6E,
DCEE,
DB98,
DA6B,
D96A,
D893,
D7E7,
D767,
D712,
D6E7,
D6E7,
D710,
D762,
D7DA,
D879,
D93D,
DA23,
DB2B,
DC51,
DD95,
DEF4,
E06C,
E1FA,
E39C,
E550,
E713,
E8E2,
EABB,
EC9A,
EE7F,
F065,
F24B,
F42D,
F609,
F7DD,
F9A7,
FB63,
FD11,
FEAD,
0036,
01AA,
0307,
044B,
0576,
0685,
0778,
084E,
0906,
099F,
0A18,
0A72,
0AAB,
0AC6,
0AC0,
0A9B,
0A56,
09F3,
0972,
08D5,
081B,
0746,
0657,
0551,
0433,
0301,
01BA,
0062,
FEF9,
FD82,
FBFF,
FA71,
F8DA,
F73C,
F59A,
F3F5,
F24F,
F0AA,
EF07,
ED69,
EBD2,
EA43,
E8BD,
E743,
E5D6,
E476,
E326,
E1E7,
E0B9,
DF9F,
DE98,
DDA7,
DCCA,
DC04,
DB55,
DABD,
DA3C,
D9D2,
D981,
D947,
D924,
D919,
D926,
D949,
D982,
D9D1,
DA35,
DAAE,
DB3B,
DBDA,
DC8C,
DD4F,
DE23,
DF05,
DFF6,
E0F5,
E200,
E315,
E435,
E55F,
E690,
E7C9,
E908,
EA4D,
EB95,
ECE1,
EE2F,
EF7E,
F0CD,
F21D,
F36B,
F4B7,
F601,
F747,
F889,
F9C7,
FB00,
FC34,
FD61,
FE89,
FFAA,
00C4,
01D7,
02E2,
03E6,
04E3,
05D9,
06C6,
07AC,
088C,
0964,
0A34,
0AFD,
0BBF,
0C7A,
0D2E,
0DDB,
0E82,
0F23,
0FBD,
1052,
10E1,
116A,
11EE,
126D,
12E7,
135D,
13CD,
143A,
14A2,
1505,
1565,
15C1,
1618,
166C,
16BB,
1707,
174F,
1792,
17D2,
180E,
1843,
1875,
18A2,
18CB,
18EF,
190F,
192A,
1940,
1952,
195E,
1966,
1969,
1967,
1960,
1954,
1943,
192D,
1912,
18F3,
18CF,
18A6,
1879,
1848,
1813,
17DA,
179E,
175F,
171D,
16D8,
1691,
1649,
15FF,
15B4,
1569,
151D,
14D3,
1489,
1441,
13FB,
13B7,
1375,
1337,
12FD,
12C6,
1294,
1267,
123F,
121C,
1200,
11E9,
11D8,
11CF,
11CC,
11D0,
11DB,
11ED,
1206,
1227,
1250,
127F,
12B6,
12F4,
1339,
1384,
13D7,
1430,
148F,
14F5,
155F,
15CF,
1643,
16BC,
1738,
17B8,
183A,
18BF,
1946,
19CD,
1A55,
1ADD,
1B65,
1BEB,
1C6F,
1CF1,
1D70,
1DEA,
1E61,
1ED3,
1F3F,
1FA4,
2004,
205C,
20AC,
20F4,
2133,
2169,
2192,
21B2,
21C7,
21D2,
21D2,
21C6,
21B0,
218D,
215F,
2125,
20DF,
208D,
2030,
1FC6,
1F51,
1ED0,
1E43,
1DAC,
1D09,
1C5C,
1BA4,
1AE3,
1A18,
1944,
1867,
1782,
1695,
15A2,
14A8,
13A8,
12A3,
1199,
108C,
0F7D,
0E6B,
0D57,
0C42,
0B2D,
0A18,
0905,
07F3,
06E5,
05D9,
04D2,
03CF,
02D2,
01DB,
00EA,
0001,
FF20,
FE48,
FD79,
FCB4,
FBF8,
FB48,
FAA3,
FA0A,
F97C,
F8FC,
F888,
F821,
F7C7,
F77B,
F73D,
F70F,
F6EF,
F6DD,
F6D9,
F6E4,
F6FD,
F724,
F758,
F79B,
F7EB,
F849,
F8B4,
F92B,
F9B0,
FA40,
FADB,
FB82,
FC34,
FCF0,
FDB5,
FE82,
FF59,
0036,
011B,
0205,
02F4,
03E8,
04E0,
05DA,
06D6,
07D2,
08CF,
09CA,
0AC3,
0BBA,
0CAC,
0D9A,
0E81,
0F62,
103B,
110B,
11D1,
128C,
133C,
13E0,
1475,
14FD,
1576,
15DF,
1637,
167E,
16B4,
16D7,
16E7,
16E5,
16CE,
16A4,
1666,
1614,
15AD,
1532,
14A3,
1400,
134A,
1281,
11A6,
10B8,
0FB9,
0EA8,
0D87,
0C57,
0B17,
09CB,
0871,
070C,
059D,
0425,
02A5,
0120,
FF95,
FE07,
FC77,
FAE7,
F958,
F7CD,
F645,
F4C4,
F34B,
F1DC,
F077,
EF20,
EDD6,
EC9C,
EB74,
EA5E,
E95D,
E873,
E79F,
E6E4,
E641,
E5B9,
E54B,
E4F9,
E4C4,
E4AC,
E4B1,
E4D4,
E516,
E576,
E5F4,
E690,
E74A,
E822,
E917,
EA28,
EB55,
EC9C,
EDFD,
EF77,
F107,
F2AE,
F469,
F636,
F814,
FA01,
FBFC,
FE02,
0011,
0227,
0443,
0661,
0880,
0A9C,
0CB5,
0EC7,
10D0,
12CD,
14BD,
169D,
186B,
1A25,
1BC8,
1D52,
1EC2,
2015,
214B,
2260,
2354,
2425,
24D2,
2559,
25BA,
25F4,
2606,
25F0,
25B1,
2548,
24B7,
23FE,
231C,
2211,
20DF,
1F87,
1E0A,
1C69,
1AA5,
18C0,
16BC,
149B,
125E,
1008,
0D9A,
0B18,
0884,
05E0,
032F,
0073,
FDB0,
FAE8,
F81F,
F556,
F291,
EFD3,
ED1F,
EA77,
E7DF,
E559,
E2E7,
E08D,
DE4D,
DC29,
DA24,
D83E,
D67A,
D4DB,
D363,
D213,
D0ED,
CFF1,
CF21,
CE7F,
CE09,
CDC2,
CDA9,
CDBE,
CE02,
CE74,
CF14,
CFE1,
D0DA,
D1FD,
D34B,
D4C1,
D65E,
D820,
DA05,
DC0B,
DE30,
E071,
E2CD,
E53F,
E7C7,
EA61,
ED0A,
EFBE,
F27D,
F541,
F809,
FAD1,
FD97,
0057,
030F,
05BB,
0859,
0AE6,
0D5F,
0FC2,
120C,
143A,
164B,
183C,
1A0C,
1BB7,
1D3E,
1E9E,
1FD6,
20E5,
21C9,
2283,
2311,
2373,
23AA,
23B4,
2392,
2345,
22CC,
2229,
215D,
2068,
1F4D,
1E0C,
1CA8,
1B21,
197B,
17B6,
15D5,
13DA,
11C8,
0FA1,
0D67,
0B1D,
08C5,
0662,
03F7,
0187,
FF13,
FC9F,
FA2D,
F7C0,
F55A,
F2FE,
F0AD,
EE6C,
EC3A,
EA1C,
E812,
E61F,
E444,
E281,
E0DA,
DF4F,
DDE2,
DC94,
DB66,
DA58,
D96C,
D8A1,
D7F8,
D770,
D70B,
D6C7,
D6A4,
D6A1,
D6BF,
D6FC,
D757,
D7CF,
D863,
D912,
D9DA,
DAB9,
DBAE,
DCB8,
DDD5,
DF02,
E03E,
E187,
E2DB,
E438,
E59C,
E706,
E872,
E9E0,
EB4D,
ECB7,
EE1D,
EF7C,
F0D3,
F221,
F364,
F499,
F5C1,
F6D9,
F7E1,
F8D7,
F9BA,
FA89,
FB45,
FBEB,
FC7C,
FCF6,
FD5B,
FDA9,
FDE1,
FE03,
FE0E,
FE03,
FDE3,
FDAE,
FD65,
FD08,
FC98,
FC16,
FB83,
FAE0,
FA2D,
F96E,
F8A1,
F7C9,
F6E7,
F5FC,
F50A,
F411,
F314,
F213,
F110,
F00C,
EF09,
EE07,
ED08,
EC0C,
EB16,
EA26,
E93D,
E85C,
E784,
E6B6,
E5F2,
E539,
E48B,
E3E9,
E354,
E2CC,
E250,
E1DF,
E17B,
E124,
E0D9,
E09B,
E06A,
E044,
E029,
E01A,
E015,
E01A,
E028,
E03F,
E05D,
E082,
E0AD,
E0DE,
E113,
E14B,
E187,
E1C4,
E202,
E240,
E27E,
E2BA,
E2F4,
E32A,
E35D,
E38C,
E3B5,
E3D9,
E3F7,
E40E,
E41E,
E426,
E427,
E420,
E412,
E3FB,
E3DD,
E3B8,
E38C,
E358,
E31E,
E2DE,
E299,
E24F,
E200,
E1AE,
E15A,
E103,
E0AC,
E055,
DFFF,
DFAB,
DF5A,
DF0D,
DEC5,
DE84,
DE4A,
DE18,
DDF0,
DDD3,
DDC1,
DDBC,
DDC4,
DDDB,
DE01,
DE37,
DE7F,
DED8,
DF43,
DFC2,
E054,
E0F9,
E1B3,
E282,
E365,
E45D,
E569,
E68A,
E7BF,
E909,
EA65,
EBD6,
ED58,
EEED,
F092,
F248,
F40D,
F5E0,
F7C0,
F9AC,
FBA3,
FDA3,
FFAB,
01BB,
03CF,
05E7,
0801,
0A1B,
0C34,
0E4A,
105B,
1266,
1469,
1662,
1850,
1A31,
1C03,
1DC4,
1F73,
210F,
2296,
2407,
2560,
26A0,
27C7,
28D2,
29C1,
2A93,
2B48,
2BDE,
2C55,
2CAD,
2CE5,
2CFD,
2CF6,
2CD0,
2C8B,
2C26,
2BA2,
2B00,
2A40,
2963,
2869,
2755,
2626,
24DE,
237F,
220A,
2080,
1EE3,
1D35,
1B77,
19AB,
17D3,
15F1,
1406,
1216,
1021,
0E2A,
0C33,
0A3E,
084D,
0661,
047E,
02A4,
00D6,
FF15,
FD64,
FBC3,
FA36,
F8BC,
F758,
F60B,
F4D7,
F3BC,
F2BD,
F1D9,
F111,
F067,
EFDC,
EF6F,
EF21,
EEF2,
EEE3,
EEF3,
EF23,
EF72,
EFE0,
F06D,
F117,
F1DE,
F2C2,
F3C1,
F4DA,
F60C,
F756,
F8B6,
FA2B,
FBB4,
FD4E,
FEF9,
00B2,
0278,
0449,
0622,
0803,
09E9,
0BD2,
0DBD,
0FA6,
118C,
136E,
1549,
171C,
18E3,
1A9F,
1C4C,
1DEA,
1F76,
20EF,
2254,
23A3,
24DB,
25FA,
2700,
27EC,
28BD,
2972,
2A0B,
2A86,
2AE4,
2B26,
2B49,
2B4F,
2B37,
2B03,
2AB1,
2A43,
29BA,
2915,
2857,
277F,
2690,
258A,
246F,
2340,
21FE,
20AB,
1F49,
1DD9,
1C5C,
1AD6,
1947,
17B1,
1617,
1479,
12DA,
113C,
0FA1,
0E09,
0C78,
0AEE,
096E,
07F9,
0690,
0535,
03EA,
02AF,
0187,
0072,
FF72,
FE87,
FDB3,
FCF6,
FC51,
FBC4,
FB51,
FAF7,
FAB7,
FA91,
FA85,
FA93,
FABB,
FAFD,
FB58,
FBCD,
FC59,
FCFE,
FDB9,
FE8B,
FF72,
006E,
017D,
029E,
03D1,
0514,
0667,
07C6,
0933,
0AAA,
0C2A,
0DB3,
0F42,
10D7,
1270,
140B,
15A8,
1744,
18E0,
1A78,
1C0D,
1D9D,
1F26,
20A8,
2222,
2393,
24F9,
2654,
27A4,
28E7,
2A1C,
2B44,
2C5E,
2D69,
2E65,
2F52,
302F,
30FE,
31BD,
326D,
330C,
339C,
341C,
348D,
34EF,
3542,
3586,
35BD,
35E5,
3600,
360E,
3610,
3605,
35EF,
35CE,
35A1,
356B,
352B,
34E1,
348F,
3433,
33D0,
3364,
32F0,
3275,
31F3,
316A,
30DA,
3042,
2FA5,
2F01,
2E57,
2DA5,
2CEC,
2C2C,
2B64,
2A95,
29BE,
28DF,
27F7,
2707,
260D,
250A,
23FE,
22E8,
21C7,
209B,
1F65,
1E23,
1CD6,
1B7D,
1A17,
18A6,
1729,
159F,
1408,
1265,
10B6,
0EFB,
0D34,
0B61,
0984,
079D,
05AB,
03AF,
01AA,
FF9C,
FD87,
FB6A,
F947,
F720,
F4F4,
F2C5,
F095,
EE64,
EC34,
EA07,
E7DD,
E5B8,
E39A,
E184,
DF78,
DD77,
DB83,
D99D,
D7C7,
D603,
D452,
D2B5,
D12F,
CFBF,
CE69,
CD2D,
CC0D,
CB0A,
CA25,
C95E,
C8B7,
C831,
C7CB,
C787,
C766,
C766,
C78A,
C7D0,
C839,
C8C4,
C971,
CA41,
CB31,
CC42,
CD72,
CEC0,
D02D,
D1B5,
D358,
D514,
D6E8,
D8D2,
DAD1,
DCE1,
DF02,
E131,
E36C,
E5B1,
E7FD,
EA4F,
ECA4,
EEFA,
F14E,
F39F,
F5EA,
F82C,
FA64,
FC8E,
FEAA,
00B5,
02AC,
048E,
0659,
080B,
09A3,
0B1F,
0C7D,
0DBC,
0EDB,
0FDA,
10B6,
1171,
1208,
127C,
12CC,
12F9,
1302,
12E8,
12AB,
124C,
11CC,
112B,
106C,
0F8E,
0E93,
0D7D,
0C4E,
0B07,
09AA,
0839,
06B7,
0524,
0384,
01D9,
0026,
FE6C,
FCAD,
FAEE,
F92F,
F773,
F5BD,
F40F,
F26B,
F0D5,
EF4D,
EDD6,
EC72,
EB23,
E9EB,
E8CC,
E7C7,
E6DD,
E611,
E564,
E4D5,
E467,
E41A,
E3EF,
E3E5,
E3FE,
E439,
E497,
E516,
E5B7,
E679,
E75B,
E85C,
E97C,
EAB9,
EC12,
ED85,
EF10,
F0B3,
F26A,
F435,
F611,
F7FC,
F9F4,
FBF6,
FE01,
0012,
0226,
043C,
0651,
0860,
0A6A,
0C6C,
0E64,
104F,
122B,
13F6,
15AF,
1753,
18E0,
1A54,
1BAF,
1CEE,
1E11,
1F15,
1FFA,
20BF,
2163,
21E6,
2246,
2284,
22A0,
2299,
226F,
2224,
21B6,
2128,
2078,
1FAA,
1EBD,
1DB2,
1C8B,
1B4A,
19EF,
187D,
16F5,
1559,
13A9,
11EA,
101B,
0E40,
0C59,
0A6A,
0874,
0679,
047C,
027E,
0080,
FE86,
FC92,
FAA4,
F8BE,
F6E3,
F515,
F353,
F1A1,
F000,
EE70,
ECF4,
EB8B,
EA38,
E8FA,
E7D3,
E6C4,
E5CD,
E4EE,
E428,
E37B,
E2E6,
E26B,
E208,
E1BD,
E18A,
E16F,
E16A,
E17C,
E1A3,
E1DE,
E22E,
E290,
E303,
E387,
E41B,
E4BC,
E56B,
E625,
E6E9,
E7B7,
E88C,
E968,
EA49,
EB2D,
EC14,
ECFD,
EDE5,
EECC,
EFAF,
F08F,
F16A,
F23F,
F30E,
F3D5,
F495,
F54B,
F5F7,
F699,
F72F,
F7BA,
F839,
F8AB,
F910,
F969,
F9B3,
F9F1,
FA20,
FA42,
FA57,
FA5E,
FA58,
FA44,
FA24,
F9F7,
F9BE,
F979,
F929,
F8CD,
F868,
F7F8,
F77D,
F6FA,
F66F,
F5DB,
F541,
F4A1,
F3FA,
F34E,
F29E,
F1EA,
F132,
F077,
EFB9,
EEFA,
EE39,
ED78,
ECB5,
EBF3,
EB32,
EA71,
E9B1,
E8F4,
E838,
E77E,
E6C7,
E613,
E562,
E4B4,
E40A,
E364,
E2C2,
E224,
E18B,
E0F6,
E065,
DFDA,
DF54,
DED3,
DE58,
DDE3,
DD73,
DD09,
DCA6,
DC48,
DBF1,
DBA1,
DB57,
DB14,
DAD8,
DAA3,
DA75,
DA4F,
DA31,
DA1A,
DA0C,
DA05,
DA07,
DA11,
DA23,
DA3E,
DA62,
DA8F,
DAC4,
DB03,
DB4C,
DB9F,
DBFB,
DC5F,
DCCD,
DD43,
DDC2,
DE4A,
DED9,
DF71,
E011,
E0B9,
E168,
E21E,
E2DB,
E39E,
E467,
E535,
E608,
E6E0,
E7BC,
E89B,
E97D,
EA61,
EB46,
EC2C,
ED13,
EDF9,
EEDE,
EFC1,
F0A2,
F17F,
F25A,
F32F,
F400,
F4CB,
F58F,
F64D,
F703,
F7B0,
F856,
F8F2,
F985,
FA0E,
FA8E,
FB03,
FB6E,
FBCE,
FC24,
FC6F,
FCB0,
FCE6,
FD11,
FD33,
FD4B,
FD59,
FD5E,
FD5A,
FD4E,
FD3B,
FD20,
FCFF,
FCD7,
FCAB,
FC78,
FC42,
FC08,
FBCD,
FB90,
FB52,
FB14,
FAD7,
FA9D,
FA64,
FA2F,
F9FE,
F9D2,
F9AC,
F98B,
F972,
F960,
F955,
F953,
F95A,
F96A,
F983,
F9A6,
F9D3,
FA09,
FA49,
FA93,
FAE7,
FB44,
FBA9,
FC18,
FC8F,
FD0F,
FD97,
FE24,
FEB8,
FF50,
FFED,
008C,
012E,
01D1,
0274,
0316,
03B6,
0453,
04EB,
057E,
060A,
068E,
0709,
077A,
07DF,
0838,
0884,
08C1,
08EF,
090C,
0919,
0913,
08FB,
08D0,
0891,
083E,
07D7,
075A,
06C9,
0623,
0568,
0499,
03B5,
02BE,
01B4,
0098,
FF6A,
FE2B,
FCDC,
FB7E,
FA13,
F89B,
F718,
F58C,
F3F8,
F25D,
F0BD,
EF1A,
ED75,
EBD1,
EA2F,
E890,
E6F7,
E565,
E3DD,
E25F,
E0EE,
DF8B,
DE38,
DCF5,
DBC5,
DAA9,
D9A3,
D8B5,
D7DE,
D721,
D67F,
D5F8,
D58C,
D53E,
D50C,
D4F9,
D502,
D52A,
D56F,
D5D2,
D653,
D6F0,
D7A9,
D87E,
D96E,
DA77,
DB99,
DCD3,
DE23,
DF88,
E100,
E28A,
E424,
E5CD,
E782,
E943,
EB0D,
ECDE,
EEB4,
F08E,
F269,
F444,
F61C,
F7F1,
F9BF,
FB86,
FD44,
FEF7,
009D,
0236,
03BF,
0537,
069E,
07F3,
0933,
0A5F,
0B76,
0C76,
0D61,
0E34,
0EF1,
0F96,
1025,
109C,
10FD,
1148,
117D,
119C,
11A6,
119C,
117F,
1150,
1111,
10C2,
1064,
0FF9,
0F83,
0F02,
0E78,
0DE7,
0D4F,
0CB3,
0C13,
0B71,
0ACF,
0A2E,
0990,
08F4,
085E,
07CD,
0743,
06C1,
0647,
05D7,
0572,
0517,
04C7,
0483,
044B,
041F,
03FF,
03EB,
03E3,
03E6,
03F4,
040C,
042E,
0459,
048C,
04C6,
0507,
054C,
0595,
05E2,
062F,
067D,
06C9,
0714,
075A,
079B,
07D5,
0808,
0831,
0850,
0863,
086A,
0862,
084C,
0826,
07F0,
07A8,
0750,
06E6,
0668,
05D8,
0535,
047F,
03B6,
02DB,
01ED,
00EE,
FFDF,
FEBF,
FD91,
FC55,
FB0D,
F9B9,
F85C,
F6F7,
F58B,
F41B,
F2A8,
F135,
EFC2,
EE53,
ECE9,
EB86,
EA2D,
E8DF,
E79E,
E66E,
E54E,
E443,
E34D,
E26E,
E1A8,
E0FC,
E06D,
DFFB,
DFA7,
DF73,
DF60,
DF6E,
DF9F,
DFF2,
E069,
E103,
E1C0,
E29F,
E3A2,
E4C7,
E60C,
E772,
E8F8,
EA9B,
EC5A,
EE35,
F028,
F232,
F451,
F683,
F8C5,
FB15,
FD70,
FFD4,
023D,
04A9,
0715,
097E,
0BE2,
0E3D,
108D,
12CF,
1500,
171D,
1924,
1B11,
1CE4,
1E98,
202D,
219F,
22EE,
2417,
2518,
25F0,
269E,
2722,
2779,
27A3,
27A1,
2772,
2715,
268C,
25D6,
24F5,
23E9,
22B3,
2155,
1FD0,
1E26,
1C59,
1A6B,
185E,
1635,
13F3,
1199,
0F2C,
0CAE,
0A22,
078C,
04EE,
024C,
FFA9,
FD08,
FA6E,
F7DD,
F558,
F2E3,
F082,
EE36,
EC04,
E9EE,
E7F6,
E620,
E46F,
E2E3,
E181,
E048,
DF3C,
DE5D,
DDAC,
DD2C,
DCDD,
DCC0,
DCD4,
DD1B,
DD94,
DE3F,
DF1C,
E028,
E164,
E2CF,
E466,
E628,
E812,
EA24,
EC5A,
EEB1,
F128,
F3BC,
F668,
F92B,
FC01,
FEE6,
01D7,
04D1,
07D0,
0AD0,
0DCF,
10C8,
13B8,
169B,
196F,
1C2F,
1ED9,
216A,
23DE,
2632,
2865,
2A73,
2C5B,
2E1A,
2FAF,
3118,
3253,
3360,
343E,
34EC,
356A,
35B8,
35D6,
35C4,
3584,
3517,
347E,
33B9,
32CD,
31B9,
3081,
2F26,
2DAD,
2C17,
2A67,
28A3,
26CB,
24E4,
22F0,
20F3,
1EF1,
1CEE,
1AEB,
18EF,
16FA,
1512,
133A,
1174,
0FC5,
0E2E,
0CB2,
0B55,
0A18,
08FE,
0809,
073A,
0693,
0615,
05C1,
0598,
0599,
05C6,
061D,
069F,
074A,
081E,
0919,
0A38,
0B7C,
0CE1,
0E65,
1007,
11C2,
1394,
157B,
1773,
1978,
1B88,
1D9F,
1FBA,
21D5,
23EC,
25FD,
2803,
29FB,
2BE2,
2DB5,
2F71,
3112,
3296,
33FB,
353D,
365C,
3753,
3823,
38C9,
3945,
3994,
39B7,
39AB,
3971,
390A,
3876,
37B5,
36C9,
35B2,
3472,
330A,
317C,
2FCA,
2DF5,
2C01,
29F0,
27C4,
2580,
2327,
20BB,
1E40,
1BB8,
1927,
168F,
13F4,
1158,
0EBF,
0C2B,
099F,
071D,
04A8,
0243,
FFF0,
FDB1,
FB86,
F972,
F778,
F599,
F3D5,
F22F,
F0A7,
EF3D,
EDF3,
ECC9,
EBBF,
EAD4,
EA0A,
E95F,
E8D3,
E866,
E818,
E7E6,
E7D1,
E7D7,
E7F8,
E831,
E883,
E8EC,
E96A,
E9FC,
EAA2,
EB58,
EC20,
ECF6,
EDDA,
EECB,
EFC6,
F0CB,
F1D9,
F2F0,
F40D,
F531,
F65A,
F788,
F8BA,
F9EF,
FB27,
FC61,
FD9C,
FED9,
0017,
0155,
0293,
03D1,
050F,
064C,
0789,
08C4,
09FF,
0B38,
0C6F,
0DA4,
0ED7,
1007,
1134,
125F,
1385,
14A7,
15C6,
16DF,
17F2,
18FF,
1A05,
1B03,
1BF9,
1CE5,
1DC8,
1EA0,
1F6D,
202E,
20E2,
2188,
2220,
22A8,
2322,
238B,
23E3,
242A,
2460,
2483,
2494,
2493,
2480,
245A,
2421,
23D7,
237B,
230E,
2291,
2203,
2168,
20BE,
2007,
1F44,
1E77,
1DA0,
1CC1,
1BDC,
1AF2,
1A04,
1915,
1825,
1738,
164D,
1568,
1489,
13B3,
12E8,
1228,
1175,
10D1,
103D,
0FBB,
0F4B,
0EEE,
0EA7,
0E75,
0E58,
0E52,
0E63,
0E8B,
0ECA,
0F21,
0F8E,
1012,
10AB,
1159,
121A,
12ED,
13D2,
14C5,
15C7,
16D5,
17EC,
190C,
1A32,
1B5C,
1C86,
1DB1,
1ED7,
1FF9,
2112,
2220,
2322,
2415,
24F6,
25C4,
267B,
271B,
27A2,
280C,
285A,
2889,
2897,
2887,
2855,
2800,
2788,
26EB,
262A,
2545,
243B,
230E,
21BD,
204A,
1EB5,
1D00,
1B2C,
193A,
172D,
1505,
12C5,
1070,
0E07,
0B8C,
0902,
066D,
03CD,
0127,
FE7C,
FBD0,
F925,
F67E,
F3DE,
F147,
EEBD,
EC42,
E9D8,
E783,
E544,
E31E,
E113,
DF25,
DD55,
DBA7,
DA1A,
D8B1,
D76D,
D64F,
D558,
D489,
D3E3,
D365,
D310,
D2E5,
D2E3,
D30A,
D359,
D3D0,
D46F,
D533,
D61E,
D72C,
D85E,
D9B1,
DB25,
DCB7,
DE65,
E02E,
E210,
E40A,
E619,
E83C,
EA70,
ECB4,
EF06,
F163,
F3CA,
F638,
F8AC,
FB23,
FD9C,
0014,
028A,
04FC,
0769,
09CE,
0C2B,
0E7D,
10C3,
12FD,
1528,
1744,
1950,
1B4B,
1D34,
1F0A,
20CC,
227B,
2416,
259C,
270D,
2868,
29B0,
2AE2,
2C00,
2D09,
2DFF,
2EE1,
2FAF,
306B,
3115,
31AE,
3235,
32AD,
3315,
336F,
33BB,
33FA,
342D,
3455,
3473,
3486,
3491,
3495,
3491,
3486,
3476,
3461,
3448,
342B,
340B,
33E9,
33C4,
339E,
3378,
3351,
332A,
3303,
32DC,
32B5,
328F,
326A,
3245,
3220,
31FC,
31D8,
31B3,
318F,
316A,
3144,
311C,
30F3,
30C8,
309B,
306B,
3038,
3002,
2FC7,
2F88,
2F44,
2EFC,
2EAD,
2E59,
2E01,
2DA2,
2D3C,
2CD0,
2C5D,
2BE2,
2B61,
2AD8,
2A48,
29B0,
2912,
286C,
27BF,
270B,
2651,
2591,
24CA,
23FD,
232B,
2255,
2179,
209A,
1FB6,
1ED0,
1DE7,
1CFC,
1C0F,
1B21,
1A33,
1945,
1857,
176A,
1680,
1598,
14B3,
13D1,
12F2,
1217,
1140,
106E,
0FA0,
0ED7,
0E14,
0D55,
0C9C,
0BE8,
0B3A,
0A91,
09EE,
094F,
08B6,
0821,
0791,
0705,
067D,
05F9,
0577,
04F8,
047B,
0400,
0386,
030C,
0293,
0218,
019E,
0122,
00A4,
0023,
FF9F,
FF17,
FE8A,
FDF9,
FD61,
FCC4,
FC20,
FB75,
FAC2,
FA08,
F946,
F87B,
F7A7,
F6CB,
F5E6,
F4F7,
F400,
F2FF,
F1F6,
F0E4,
EFC9,
EEA6,
ED7B,
EC48,
EB0E,
E9CD,
E886,
E73A,
E5E7,
E491,
E336,
E1D9,
E07A,
DF19,
DDB8,
DC57,
DAF6,
D998,
D83C,
D6E4,
D590,
D442,
D2F9,
D1B7,
D07C,
CF49,
CE20,
CD00,
CBEA,
CADE,
C9DF,
C8EB,
C803,
C728,
C65A,
C599,
C4E6,
C440,
C3A9,
C31F,
C2A3,
C234,
C1D3,
C180,
C13A,
C101,
C0D6,
C0B7,
C0A4,
C09E,
C0A2,
C0B2,
C0CC,
C0F0,
C11D,
C152,
C190,
C1D6,
C222,
C274,
C2CC,
C329,
C38B,
C3F0,
C459,
C4C4,
C531,
C5A0,
C611,
C682,
C6F3,
C765,
C7D5,
C845,
C8B5,
C923,
C991,
C9FE,
CA6B,
CAD6,
CB41,
CBAB,
CC15,
CC7F,
CCE9,
CD54,
CDBF,
CE2C,
CE9B,
CF0C,
CF7F,
CFF6,
D071,
D0F1,
D175,
D1FF,
D290,
D327,
D3C6,
D46D,
D51D,
D5D5,
D698,
D765,
D83D,
D920,
DA0F,
DB0A,
DC11,
DD24,
DE44,
DF71,
E0AA,
E1F0,
E343,
E4A3,
E60E,
E786,
E909,
EA98,
EC31,
EDD4,
EF80,
F135,
F2F2,
F4B5,
F67F,
F84D,
FA1F,
FBF4,
FDCA,
FFA1,
0176,
0349,
0518,
06E2,
08A6,
0A62,
0C14,
0DBC,
0F57,
10E4,
1262,
13CF,
152B,
1673,
17A7,
18C5,
19CD,
1ABD,
1B93,
1C50,
1CF3,
1D7A,
1DE4,
1E33,
1E64,
1E77,
1E6D,
1E44,
1DFE,
1D99,
1D16,
1C76,
1BB8,
1ADE,
19E7,
18D4,
17A5,
165D,
14FC,
1382,
11F2,
104C,
0E93,
0CC6,
0AE8,
08FA,
06FE,
04F5,
02E2,
00C5,
FEA1,
FC77,
FA49,
F819,
F5E8,
F3BA,
F18E,
EF68,
ED48,
EB31,
E924,
E723,
E52F,
E34A,
E175,
DFB2,
DE02,
DC66,
DADE,
D96D,
D813,
D6D1,
D5A8,
D499,
D3A3,
D2C8,
D207,
D161,
D0D6,
D065,
D00F,
CFD3,
CFB0,
CFA6,
CFB5,
CFDC,
D019,
D06C,
D0D3,
D14F,
D1DD,
D27C,
D32A,
D3E7,
D4B1,
D587,
D666,
D74E,
D83C,
D930,
DA25,
DB1D,
DC15,
DD0B,
DDFF,
DEEE,
DFD8,
E0BA,
E193,
E262,
E326,
E3DD,
E485,
E51F,
E5A9,
E622,
E689,
E6DD,
E71F,
E74D,
E766,
E76C,
E75C,
E738,
E700,
E6B2,
E651,
E5DC,
E553,
E4B7,
E409,
E349,
E277,
E196,
E0A6,
DFA9,
DE9F,
DD8A,
DC6B,
DB44,
DA16,
D8E2,
D7AB,
D671,
D536,
D3FC,
D2C4,
D191,
D062,
CF3C,
CE1D,
CD09,
CC01,
CB07,
CA1B,
C93F,
C875,
C7BD,
C719,
C68B,
C612,
C5B1,
C568,
C537,
C51F,
C522,
C53F,
C577,
C5CA,
C639,
C6C2,
C768,
C828,
C903,
C9F9,
CB08,
CC32,
CD74,
CECE,
D03F,
D1C7,
D364,
D515,
D6D9,
D8AE,
DA94,
DC89,
DE8C,
E09A,
E2B3,
E4D5,
E6FF,
E92E,
EB61,
ED97,
EFCD,
F204,
F437,
F667,
F891,
FAB3,
FCCD,
FEDD,
00E0,
02D7,
04C0,
0698,
0860,
0A16,
0BB9,
0D49,
0EC3,
1028,
1176,
12AE,
13CE,
14D6,
15C6,
169E,
175D,
1803,
1891,
1906,
1963,
19A8,
19D5,
19EA,
19E9,
19D3,
19A7,
1966,
1911,
18A9,
182F,
17A3,
1706,
165B,
15A1,
14DA,
1407,
132A,
1243,
1154,
105E,
0F63,
0E62,
0D5F,
0C59,
0B53,
0A4C,
0947,
0845,
0746,
064C,
0557,
0469,
0382,
02A4,
01CE,
0102,
0043,
FF8E,
FEE5,
FE48,
FDB7,
FD33,
FCBB,
FC51,
FBF4,
FBA4,
FB62,
FB2C,
FB04,
FAE9,
FADB,
FADA,
FAE5,
FAFB,
FB1D,
FB4B,
FB83,
FBC5,
FC10,
FC65,
FCC2,
FD27,
FD92,
FE04,
FE7C,
FEF9,
FF7B,
0000,
0088,
0113,
01A0,
022D,
02BB,
0347,
03D3,
045D,
04E5,
0569,
05EA,
0667,
06E0,
0754,
07C2,
082B,
088D,
08EA,
093F,
098E,
09D5,
0A15,
0A4E,
0A7F,
0AA8,
0AC9,
0AE2,
0AF4,
0AFE,
0AFF,
0AF9,
0AEB,
0AD5,
0AB6,
0A90,
0A63,
0A2F,
09F3,
09B1,
0969,
091A,
08C5,
086A,
080A,
07A5,
073A,
06CB,
0657,
05DF,
0563,
04E3,
0460,
03D9,
0350,
02C4,
0236,
01A6,
0114,
0080,
FFEC,
FF56,
FEBF,
FE28,
FD90,
FCF8,
FC61,
FBCA,
FB34,
FA9F,
FA0B,
F979,
F8E9,
F85A,
F7CE,
F744,
F6BC,
F638,
F5B6,
F538,
F4BD,
F446,
F3D3,
F365,
F2FB,
F295,
F235,
F1DA,
F185,
F135,
F0EB,
F0A7,
F06A,
F034,
F005,
EFDD,
EFBC,
EFA6,
EF97,
EF91,
EF92,
EF9D,
EFAF,
EFCB,
EFF0,
F01D,
F054,
F093,
F0DC,
F12E,
F189,
F1EE,
F25B,
F2D1,
F350,
F3D7,
F467,
F4FF,
F59E,
F645,
F6F3,
F7A8,
F863,
F923,
F9EA,
FAB4,
FB83,
FC56,
FD2C,
FE04,
FEDD,
FFB8,
0092,
016C,
0245,
031C,
03F0,
04C0,
058D,
0654,
0716,
07D2,
0886,
0933,
09D8,
0A73,
0B06,
0B8E,
0C0B,
0C7E,
0CE5,
0D40,
0D8F,
0DD1,
0E06,
0E2F,
0E4A,
0E57,
0E58,
0E4B,
0E30,
0E08,
0DD3,
0D91,
0D42,
0CE7,
0C81,
0C0E,
0B91,
0B0A,
0A79,
09E0,
093E,
0895,
07E5,
0730,
0676,
05B9,
04F8,
0436,
0373,
02B0,
01EF,
0130,
0075,
FFBD,
FF0C,
FE61,
FDBD,
FD22,
FC90,
FC09,
FB8D,
FB1E,
FABD,
FA69,
FA22,
F9EB,
F9C2,
F9AA,
F9A1,
F9A8,
F9C1,
F9EA,
FA24,
FA6F,
FACA,
FB37,
FBB4,
FC41,
FCDD,
FD89,
FE44,
FF0D,
FFE3,
00C6,
01B5,
02AE,
03B2,
04BD,
05D1,
06EB,
080A,
092D,
0A53,
0B7B,
0CA3,
0DC9,
0EED,
100C,
1126,
1239,
1344,
1445,
153B,
1625,
1702,
17D0,
188E,
193B,
19D6,
1A5F,
1AD4,
1B34,
1B7F,
1BB5,
1BD4,
1BDC,
1BCD,
1BA7,
1B69,
1B14,
1AA7,
1A23,
1988,
18D6,
180E,
1730,
163D,
1536,
141C,
12F0,
11B3,
1065,
0F09,
0DA0,
0C2A,
0AAA,
0921,
0790,
05F8,
045D,
02BE,
011F,
FF80,
FDE3,
FC4A,
FAB6,
F92A,
F7A7,
F62F,
F4C3,
F364,
F215,
F0D7,
EFAB,
EE92,
ED8E,
ECA1,
EBC9,
EB0A,
EA65,
E9D9,
E967,
E911,
E8D7,
E8BA,
E8B9,
E8D5,
E90E,
E964,
E9D6,
EA66,
EB11,
EBD9,
ECBC,
EDB9,
EED0,
EFFF,
F147,
F2A5,
F419,
F5A1,
F73C,
F8E8,
FAA4,
FC6E,
FE45,
0027,
0212,
0404,
05FA,
07F4,
09EF,
0BEA,
0DE3,
0FD7,
11C5,
13AB,
1588,
1758,
191B,
1ACF,
1C72,
1E02,
1F7D,
20E3,
2232,
2367,
2483,
2584,
2669,
2730,
27DA,
2864,
28CF,
291A,
2944,
294C,
2934,
28FB,
28A0,
2824,
2787,
26C9,
25EC,
24EF,
23D3,
2299,
2142,
1FCF,
1E40,
1C97,
1AD6,
18FD,
170E,
150B,
12F4,
10CD,
0E95,
0C50,
09FF,
07A3,
053F,
02D4,
0064,
FDF2,
FB7E,
F90C,
F69D,
F432,
F1CF,
EF74,
ED24,
EAE0,
E8AA,
E684,
E470,
E26F,
E083,
DEAD,
DCEF,
DB4B,
D9C1,
D853,
D701,
D5CE,
D4BA,
D3C6,
D2F3,
D241,
D1B1,
D143,
D0F8,
D0D1,
D0CD,
D0EC,
D12F,
D195,
D21E,
D2C9,
D397,
D486,
D597,
D6C8,
D818,
D986,
DB12,
DCBA,
DE7D,
E05A,
E24F,
E45B,
E67D,
E8B2,
EAF9,
ED51,
EFB8,
F22B,
F4AA,
F732,
F9C2,
FC57,
FEF0,
018B,
0425,
06BE,
0952,
0BE1,
0E68,
10E5,
1358,
15BD,
1813,
1A59,
1C8D,
1EAD,
20B8,
22AD,
248A,
264E,
27F8,
2987,
2AFA,
2C4F,
2D87,
2EA0,
2F9A,
3074,
312F,
31C9,
3243,
329C,
32D5,
32EE,
32E7,
32C1,
327B,
3217,
3195,
30F7,
303C,
2F66,
2E76,
2D6D,
2C4C,
2B14,
29C8,
2867,
26F5,
2571,
23DC,
223A,
208B,
1ED2,
1D10,
1B47,
1978,
17A5,
15D0,
13FB,
1226,
1054,
0E87,
0CBF,
0AFE,
0946,
0798,
05F6,
0460,
02D8,
015F,
FFF5,
FE9D,
FD56,
FC21,
FB00,
F9F2,
F8F8,
F813,
F742,
F686,
F5E0,
F54F,
F4D4,
F46D,
F41A,
F3DC,
F3B1,
F399,
F392,
F39E,
F3BA,
F3E5,
F420,
F468,
F4BD,
F51D,
F588,
F5FC,
F678,
F6FB,
F783,
F810,
F8A1,
F933,
F9C6,
FA59,
FAEA,
FB79,
FC04,
FC8A,
FD0C,
FD86,
FDFA,
FE68,
FECE,
FF2A,
FF7E,
FFC7,
0007,
003D,
0068,
0089,
00A0,
00AC,
00AF,
00A8,
0098,
0080,
005F,
0038,
0009,
FFD5,
FF9C,
FF5F,
FF1F,
FEDD,
FE9A,
FE57,
FE16,
FDD7,
FD9C,
FD65,
FD35,
FD0C,
FCEA,
FCD2,
FCC3,
FCC0,
FCC9,
FCE0,
FD04,
FD37,
FD7A,
FDCD,
FE31,
FEA5,
FF2B,
FFC3,
006C,
0127,
01F3,
02D0,
03BE,
04BD,
05CC,
06E9,
0815,
094F,
0A95,
0BE6,
0D42,
0EA6,
1011,
1183,
12F9,
1472,
15ED,
1767,
18DF,
1A54,
1BC2,
1D29,
1E86,
1FD8,
211D,
2253,
2378,
248C,
258B,
2675,
2748,
2803,
28A4,
292B,
2995,
29E3,
2A13,
2A24,
2A16,
29E9,
299B,
292E,
28A0,
27F3,
2726,
2639,
252E,
2405,
22BF,
215C,
1FDF,
1E48,
1C99,
1AD3,
18F9,
170C,
150D,
1300,
10E6,
0EC1,
0C93,
0A60,
0828,
05F0,
03B8,
0184,
FF56,
FD30,
FB15,
F907,
F708,
F51C,
F343,
F180,
EFD5,
EE44,
ECCF,
EB76,
EA3D,
E924,
E82C,
E755,
E6A1,
E612,
E5A7,
E561,
E541,
E545,
E56F,
E5BD,
E62F,
E6C4,
E77B,
E854,
E94D,
EA64,
EB98,
ECE8,
EE50,
EFD0,
F166,
F30E,
F4C7,
F68F,
F862,
FA3E,
FC22,
FE09,
FFF2,
01DA,
03BF,
059D,
0772,
093D,
0AFA,
0CA7,
0E42,
0FC9,
1139,
1291,
13CF,
14F2,
15F8,
16DF,
17A7,
1850,
18D7,
193D,
1981,
19A4,
19A5,
1984,
1942,
18E1,
185F,
17BF,
1702,
162A,
1536,
142B,
1308,
11D1,
1087,
0F2D,
0DC4,
0C51,
0AD3,
094F,
07C7,
063D,
04B5,
0330,
01B1,
003C,
FED2,
FD76,
FC2B,
FAF3,
F9D0,
F8C5,
F7D3,
F6FC,
F642,
F5A7,
F52B,
F4D1,
F499,
F484,
F492,
F4C5,
F51C,
F596,
F635,
F6F7,
F7DC,
F8E3,
FA0A,
FB50,
FCB3,
FE33,
FFCD,
017F,
0348,
0524,
0710,
090C,
0B12,
0D21,
0F36,
114D,
1364,
1576,
1782,
1983,
1B76,
1D59,
1F27,
20DF,
227D,
23FD,
255E,
269C,
27B6,
28A8,
2970,
2A0C,
2A7C,
2ABC,
2ACB,
2AA6,
2A4F,
29C5,
2906,
2814,
26ED,
2592,
2404,
2244,
2052,
1E30,
1BE0,
1962,
16BA,
13E9,
10F2,
0DD6,
0A9B,
0741,
03CC,
0040,
FCA0,
F8EF,
F531,
F16A,
ED9D,
E9CF,
E603,
E23C,
DE7F,
DAD0,
D732,
D3A8,
D037,
CCE2,
C9AC,
C698,
C3AA,
C0E4,
BE49,
BBDC,
B99E,
B793,
B5BB,
B419,
B2AE,
B17C,
B082,
AFC2,
AF3B,
AEEF,
AEDE,
AF05,
AF66,
AFFF,
B0CF,
B1D4,
B30E,
B47A,
B616,
B7E0,
B9D5,
BBF3,
BE38,
C0A1,
C32A,
C5D0,
C891,
CB68,
CE52,
D14C,
D452,
D761,
DA76,
DD8D,
E0A2,
E3B2,
E6BA,
E9B8,
ECA6,
EF84,
F24D,
F500,
F79A,
FA18,
FC78,
FEB8,
00D7,
02D3,
04AA,
065B,
07E7,
094A,
0A87,
0B9B,
0C87,
0D4B,
0DE9,
0E5F,
0EAF,
0EDA,
0EE1,
0EC5,
0E89,
0E2C,
0DB3,
0D1D,
0C6E,
0BA8,
0ACC,
09DD,
08DE,
07D1,
06B9,
0597,
046F,
0343,
0215,
00E8,
FFBF,
FE9B,
FD7F,
FC6C,
FB66,
FA6D,
F985,
F8AD,
F7E8,
F738,
F69D,
F618,
F5AB,
F556,
F519,
F4F6,
F4EB,
F4FA,
F522,
F562,
F5BA,
F62A,
F6B1,
F74D,
F7FD,
F8C1,
F997,
FA7D,
FB72,
FC74,
FD82,
FE99,
FFB8,
00DC,
0205,
032F,
0459,
0581,
06A5,
07C2,
08D8,
09E3,
0AE3,
0BD5,
0CB9,
0D8D,
0E4F,
0EFF,
0F9C,
1023,
1095,
10F1,
1137,
1165,
117C,
117C,
1164,
1135,
10EF,
1093,
1022,
0F9C,
0F02,
0E55,
0D97,
0CC8,
0BEB,
0B01,
0A0B,
090B,
0802,
06F4,
05E0,
04CA,
03B2,
029C,
0188,
0079,
FF70,
FE70,
FD7A,
FC90,
FBB4,
FAE7,
FA2A,
F97F,
F8E7,
F864,
F7F6,
F79E,
F75E,
F735,
F724,
F72B,
F74B,
F784,
F7D5,
F83E,
F8BF,
F957,
FA06,
FACA,
FBA2,
FC8F,
FD8D,
FE9C,
FFBA,
00E6,
021F,
0362,
04AE,
0601,
0759,
08B5,
0A12,
0B6E,
0CC8,
0E1E,
0F6E,
10B6,
11F4,
1327,
144D,
1564,
166C,
1762,
1846,
1915,
19D1,
1A76,
1B06,
1B7E,
1BDF,
1C28,
1C5A,
1C74,
1C76,
1C5E,
1C30,
1BEB,
1B91,
1B21,
1A9E,
1A08,
1960,
18A7,
17E0,
170C,
162B,
1541,
144F,
1356,
1258,
1157,
1056,
0F56,
0E58,
0D60,
0C6E,
0B84,
0AA5,
09D2,
090C,
0855,
07AF,
071B,
069A,
062D,
05D5,
0594,
056A,
0558,
055D,
057A,
05B0,
05FD,
0663,
06E1,
0775,
0820,
08E1,
09B6,
0AA0,
0B9B,
0CA8,
0DC4,
0EEF,
1026,
1167,
12B2,
1403,
1559,
16B1,
180B,
1963,
1AB8,
1C07,
1D4F,
1E8C,
1FBE,
20E2,
21F6,
22F8,
23E7,
24C2,
2585,
2631,
26C2,
273A,
2795,
27D3,
27F3,
27F5,
27D8,
279B,
273F,
26C3,
2627,
256C,
2492,
2399,
2283,
2150,
2001,
1E97,
1D15,
1B7A,
19C9,
1803,
162B,
1441,
1249,
1043,
0E32,
0C19,
09F8,
07D3,
05AC,
0384,
015E,
FF3D,
FD21,
FB0F,
F906,
F70A,
F51D,
F340,
F175,
EFBE,
EE1B,
EC8F,
EB1B,
E9C0,
E87F,
E759,
E64E,
E55F,
E48C,
E3D5,
E33C,
E2BF,
E25E,
E219,
E1EF,
E1E0,
E1EC,
E20F,
E24B,
E29D,
E304,
E37F,
E40C,
E4A9,
E557,
E611,
E6D8,
E7A8,
E881,
E961,
EA46,
EB2D,
EC17,
ECFF,
EDE6,
EECA,
EFA8,
F080,
F14F,
F216,
F2D2,
F382,
F426,
F4BC,
F544,
F5BD,
F626,
F680,
F6C8,
F6FF,
F726,
F73D,
F744,
F73B,
F723,
F6FD,
F6C9,
F689,
F63C,
F5E5,
F585,
F51C,
F4AC,
F437,
F3BD,
F341,
F2C4,
F248,
F1CD,
F156,
F0E5,
F07A,
F018,
EFBF,
EF72,
EF32,
EF00,
EEDD,
EECB,
EECB,
EEDC,
EF02,
EF3C,
EF8A,
EFEF,
F069,
F0FA,
F1A1,
F25E,
F332,
F41D,
F51D,
F632,
F75C,
F899,
F9EA,
FB4D,
FCC0,
FE43,
FFD5,
0173,
031C,
04CF,
068A,
084B,
0A11,
0BD9,
0DA2,
0F6A,
112E,
12EE,
14A7,
1657,
17FD,
1996,
1B22,
1C9E,
1E08,
1F60,
20A4,
21D3,
22EB,
23EC,
24D4,
25A2,
2657,
26F1,
2770,
27D5,
281D,
284B,
285D,
2855,
2833,
27F7,
27A2,
2735,
26B2,
2618,
256A,
24A9,
23D7,
22F4,
2203,
2107,
1FFF,
1EEE,
1DD7,
1CBA,
1B9A,
1A79,
1959,
183C,
1723,
1610,
1506,
1406,
1311,
122A,
1152,
108A,
0FD4,
0F31,
0EA1,
0E27,
0DC2,
0D73,
0D3C,
0D1C,
0D13,
0D22,
0D49,
0D87,
0DDD,
0E49,
0ECA,
0F63,
1011,
10D1,
11A3,
1287,
1379,
1479,
1585,
169B,
17B9,
18DE,
1A07,
1B33,
1C5F,
1D89,
1EAF,
1FCF,
20E6,
21F4,
22F5,
23E7,
24C9,
2598,
2654,
26F9,
2787,
27FB,
2854,
2892,
28B2,
28B4,
2897,
285B,
27FF,
2781,
26E3,
2623,
2542,
2440,
231D,
21DA,
2077,
1EF5,
1D56,
1B9A,
19C3,
17D2,
15C9,
13A9,
1174,
0F2C,
0CD3,
0A6B,
07F7,
0578,
02F1,
0065,
FDD5,
FB44,
F8B6,
F62B,
F3A7,
F12C,
EEBD,
EC5C,
EA0C,
E7CF,
E5A6,
E394,
E19C,
DFBE,
DDFD,
DC5A,
DAD8,
D976,
D838,
D71D,
D627,
D557,
D4AD,
D42B,
D3CF,
D39C,
D390,
D3AB,
D3EE,
D458,
D4E9,
D59F,
D67A,
D779,
D89B,
D9DE,
DB42,
DCC5,
DE65,
E022,
E1F8,
E3E7,
E5EC,
E807,
EA34,
EC71,
EEBE,
F117,
F37A,
F5E7,
F859,
FAD1,
FD4A,
FFC5,
023E,
04B3,
0724,
098E,
0BEF,
0E47,
1093,
12D2,
1503,
1725,
1936,
1B36,
1D24,
1EFF,
20C6,
2278,
2416,
259F,
2712,
2870,
29B9,
2AED,
2C0B,
2D15,
2E0A,
2EEB,
2FB9,
3073,
311C,
31B2,
3238,
32AE,
3314,
336B,
33B6,
33F3,
3424,
344B,
3467,
347A,
3485,
3488,
3484,
347B,
346C,
3459,
3442,
3428,
340B,
33ED,
33CC,
33AB,
3388,
3365,
3342,
331E,
32FB,
32D7,
32B4,
3291,
326D,
324A,
3227,
3204,
31E0,
31BB,
3195,
316E,
3145,
311B,
30EE,
30BE,
308B,
3055,
301B,
2FDC,
2F99,
2F51,
2F04,
2EB2,
2E59,
2DFB,
2D96,
2D2B,
2CB9,
2C41,
2BC1,
2B3A,
2AAC,
2A18,
297C,
28DA,
2830,
2781,
26CB,
260F,
254D,
2486,
23BA,
22E9,
2213,
213A,
205E,
1F7E,
1E9C,
1DB8,
1CD2,
1BEB,
1B04,
1A1C,
1935,
184F,
176A,
1687,
15A7,
14C9,
13EE,
1316,
1242,
1172,
10A5,
0FDD,
0F19,
0E5A,
0DA0,
0CEA,
0C39,
0B8D,
0AE5,
0A42,
09A3,
0908,
0871,
07DE,
074E,
06C2,
0638,
05B0,
052A,
04A6,
0423,
03A1,
031F,
029C,
0218,
0194,
010D,
0085,
FFF9,
FF6B,
FED9,
FE43,
FDA8,
FD08,
FC62,
FBB7,
FB06,
FA4E,
F98F,
F8C9,
F7FC,
F728,
F64C,
F568,
F47D,
F389,
F28E,
F18B,
F081,
EF6F,
EE56,
ED36,
EC10,
EAE3,
E9B0,
E877,
E73A,
E5F6,
E4AE,
E363,
E215,
E0C5,
DF72,
DE1F,
DCCB,
DB78,
DA25,
D8D4,
D785,
D63A,
D4F1,
D3AE,
D26F,
D136,
D004,
CED8,
CDB5,
CC99,
CB86,
CA7D,
C97E,
C889,
C79F,
C6C1,
C5EE,
C528,
C46D,
C3C0,
C31F,
C28B,
C204,
C18B,
C11F,
C0C1,
C070,
C02C,
BFF6,
BFCE,
BFB2,
BFA4,
BFA2,
BFAC,
BFC2,
BFE5,
C012,
C04A,
C08D,
C0DA,
C131,
C190,
C1F8,
C268,
C2E0,
C35E,
C3E3,
C46E,
C4FD,
C592,
C62A,
C6C6,
C765,
C808,
C8AC,
C952,
C9FA,
CAA1,
CB49,
CBF0,
CC96,
CD3A,
CDDD,
CE7D,
CF1A,
CFB3,
D049,
D0DB,
D169,
D1F2,
D276,
D2F5,
D36F,
D3E3,
D451,
D4BA,
D51D,
D57A,
D5D1,
D622,
D66E,
D6B3,
D6F4,
D72F,
D765,
D798,
D7C7,
D7F2,
D819,
D83D,
D85D,
D87A,
D895,
D8AF,
D8C7,
D8DE,
D8F4,
D90B,
D922,
D93B,
D955,
D971,
D990,
D9B3,
D9D9,
DA04,
DA34,
DA6A,
DAA5,
DAE8,
DB31,
DB82,
DBDA,
DC3B,
DCA5,
DD18,
DD95,
DE1C,
DEAC,
DF47,
DFEC,
E09C,
E156,
E21B,
E2EA,
E3C5,
E4AA,
E599,
E693,
E797,
E8A5,
E9BD,
EADE,
EC08,
ED3B,
EE75,
EFB7,
F100,
F24E,
F3A3,
F4FC,
F659,
F7BA,
F91D,
FA82,
FBE8,
FD4D,
FEB2,
0015,
0173,
02CE,
0425,
0575,
06C0,
0803,
093D,
0A6F,
0B97,
0CB3,
0DC5,
0ECA,
0FC2,
10AC,
1188,
1256,
1313,
13C2,
1460,
14ED,
156A,
15D6,
1632,
167C,
16B5,
16DE,
16F6,
16FD,
16F5,
16DD,
16B5,
167F,
163B,
15E9,
158A,
1520,
14AB,
142B,
13A3,
1311,
1279,
11D9,
1134,
108A,
0FDC,
0F2C,
0E79,
0DC5,
0D11,
0C5D,
0BAC,
0AFC,
0A4F,
09A6,
0901,
0861,
07C7,
0732,
06A4,
061C,
059B,
0521,
04AF,
0444,
03E0,
0383,
032D,
02DE,
0296,
0255,
0219,
01E3,
01B2,
0186,
015D,
0138,
0114,
00F3,
00D2,
00B2,
0091,
006F,
004A,
0022,
FFF7,
FFC7,
FF92,
FF56,
FF15,
FECC,
FE7B,
FE22,
FDC0,
FD56,
FCE2,
FC64,
FBDC,
FB4B,
FAAF,
FA0A,
F95C,
F8A5,
F7E5,
F71D,
F64E,
F577,
F49A,
F3B8,
F2D1,
F1E7,
F0FA,
F00C,
EF1D,
EE30,
ED44,
EC5C,
EB78,
EA9B,
E9C5,
E8F8,
E835,
E77D,
E6D3,
E636,
E5A9,
E52D,
E4C3,
E46B,
E428,
E3FA,
E3E2,
E3E1,
E3F8,
E426,
E46E,
E4CE,
E548,
E5DB,
E687,
E74D,
E82D,
E925,
EA35,
EB5D,
EC9C,
EDF0,
EF5A,
F0D7,
F267,
F408,
F5B8,
F776,
F940,
FB14,
FCF0,
FED3,
00BA,
02A3,
048B,
0671,
0854,
0A2F,
0C00,
0DC6,
0F7D,
1124,
12B7,
1436,
159D,
16EB,
181D,
1932,
1A27,
1AFB,
1BAB,
1C38,
1C9E,
1CDD,
1CF4,
1CE1,
1CA4,
1C3C,
1BA9,
1AE9,
19FE,
18E7,
17A4,
1636,
149D,
12DA,
10ED,
0ED9,
0C9E,
0A3E,
07BA,
0514,
024D,
FF67,
FC66,
F94A,
F617,
F2D0,
EF75,
EC0C,
E895,
E515,
E18E,
DE03,
DA77,
D6ED,
D369,
CFED,
CC7C,
C919,
C5C8,
C28B,
BF65,
BC59,
B96A,
B699,
B3EA,
B15F,
AEF9,
ACBC,
AAAA,
A8C4,
A70B,
A581,
A426,
A2FD,
A205,
A140,
A0AF,
A050,
A026,
A02F,
A06C,
A0DC,
A17E,
A252,
A358,
A48D,
A5F1,
A782,
A93E,
AB25,
AD34,
AF69,
B1C2,
B43D,
B6D8,
B991,
BC64,
BF50,
C252,
C567,
C88D,
CBC0,
CEFF,
D247,
D594,
D8E5,
DC36,
DF85,
E2D1,
E615,
E950,
EC80,
EFA3,
F2B6,
F5B7,
F8A4,
FB7D,
FE3E,
00E7,
0376,
05EA,
0842,
0A7C,
0C98,
0E95,
1073,
1230,
13CD,
1549,
16A4,
17DE,
18F7,
19F1,
1ACA,
1B83,
1C1C,
1C97,
1CF4,
1D33,
1D56,
1D5D,
1D49,
1D1C,
1CD6,
1C78,
1C05,
1B7C,
1ADF,
1A30,
196E,
189D,
17BC,
16CE,
15D3,
14CC,
13BB,
12A0,
117D,
1053,
0F23,
0DEE,
0CB4,
0B77,
0A38,
08F6,
07B4,
0671,
052F,
03EE,
02AE,
0171,
0036,
FEFF,
FDCB,
FC9A,
FB6F,
FA47,
F925,
F808,
F6F0,
F5DE,
F4D2,
F3CC,
F2CC,
F1D2,
F0E0,
EFF3,
EF0E,
EE30,
ED59,
EC8A,
EBC2,
EB02,
EA49,
E999,
E8F1,
E84F,
E7B5,
E724,
E69C,
E61E,
E5A9,
E53D,
E4DC,
E485,
E439,
E3F8,
E3C1,
E397,
E377,
E364,
E35D,
E362,
E373,
E391,
E3BC,
E3F4,
E439,
E48A,
E4E9,
E554,
E5CC,
E651,
E6E2,
E77F,
E829,
E8DE,
E99E,
EA68,
EB3C,
EC1B,
ED02,
EDF1,
EEE9,
EFE7,
F0EB,
F1F5,
F303,
F415,
F529,
F63F,
F755,
F86B,
F980,
FA92,
FBA0,
FCA9,
FDAD,
FEAA,
FF9F,
008B,
016D,
0244,
030F,
03CE,
047F,
0521,
05B5,
0639,
06AC,
0710,
0762,
07A3,
07D2,
07EE,
07F9,
07F0,
07D6,
07A9,
076A,
0719,
06B7,
0644,
05C1,
052F,
048D,
03DD,
0320,
0257,
0183,
00A4,
FFBD,
FECE,
FDD8,
FCDE,
FBDF,
FADE,
F9DC,
F8DA,
F7DA,
F6DE,
F5E5,
F4F4,
F40A,
F329,
F251,
F184,
F0C4,
F011,
EF6D,
EED7,
EE52,
EDDF,
ED7D,
ED2E,
ECF2,
ECC9,
ECB5,
ECB5,
ECC9,
ECF2,
ED2F,
ED80,
EDE6,
EE5F,
EEEC,
EF8B,
F03C,
F0FE,
F1D1,
F2B3,
F3A4,
F4A2,
F5AD,
F6C2,
F7E2,
F90A,
FA3A,
FB6F,
FCA9,
FDE6,
FF24,
0063,
01A0,
02DB,
0412,
0544,
066F,
0792,
08AC,
09BB,
0AC0,
0BB8,
0CA3,
0D7F,
0E4D,
0F0C,
0FBA,
1058,
10E6,
1162,
11CD,
1226,
126F,
12A6,
12CD,
12E1,
12E6,
12DC,
12C3,
129C,
1268,
1228,
11DD,
1188,
112B,
10C6,
105A,
0FEA,
0F76,
0F00,
0E88,
0E11,
0D9C,
0D2A,
0CBC,
0C53,
0BF2,
0B98,
0B48,
0B02,
0AC7,
0A99,
0A77,
0A63,
0A5E,
0A67,
0A80,
0AA9,
0AE2,
0B2B,
0B84,
0BEC,
0C63,
0CE9,
0D7E,
0E21,
0ED1,
0F8E,
1056,
1129,
1205,
12EA,
13D6,
14C8,
15BE,
16B7,
17B2,
18AE,
19A7,
1A9E,
1B90,
1C7C,
1D60,
1E3B,
1F0A,
1FCE,
2083,
2129,
21BF,
2245,
22B8,
2317,
2360,
2393,
23AF,
23B4,
23A0,
2374,
232E,
22D0,
2258,
21C7,
211E,
205D,
1F83,
1E93,
1D8D,
1C72,
1B42,
1A00,
18AD,
1749,
15D8,
145A,
12D1,
1140,
0FA8,
0E0B,
0C6C,
0ACC,
092F,
0795,
0601,
0477,
02F7,
0184,
0021,
FED0,
FD91,
FC69,
FB58,
FA61,
F984,
F8C5,
F824,
F7A3,
F742,
F704,
F6E9,
F6F1,
F71F,
F771,
F7E8,
F885,
F948,
FA2F,
FB3B,
FC6B,
FDBF,
FF35,
00CC,
0283,
0459,
064C,
085A,
0A81,
0CC0,
0F14,
117B,
13F2,
1677,
1907,
1BA1,
1E40,
20E2,
2385,
2626,
28C1,
2B54,
2DDD,
3057,
32C1,
3518,
3759,
3982,
3B90,
3D81,
3F52,
4101,
428D,
43F3,
4533,
4649,
4735,
47F6,
488D,
48F6,
4932,
493F,
491D,
48CD,
484E,
47A1,
46C5,
45BD,
4487,
4327,
419C,
3FE8,
3E0D,
3C0C,
39E7,
37A0,
3539,
32B5,
3014,
2D5B,
2A8B,
27A7,
24B1,
21AC,
1E9B,
1B81,
1860,
153A,
1213,
0EEE,
0BCD,
08B2,
05A1,
029B,
FFA2,
FCBA,
F9E3,
F721,
F475,
F1E1,
EF67,
ED08,
EAC5,
E8A1,
E69B,
E4B5,
E2F0,
E14D,
DFCB,
DE6C,
DD2F,
DC14,
DB1C,
DA46,
D991,
D8FE,
D88A,
D837,
D801,
D7E9,
D7EE,
D80E,
D847,
D898,
D900,
D97E,
DA0E,
DAB1,
DB64,
DC25,
DCF3,
DDCC,
DEAE,
DF98,
E087,
E17A,
E270,
E367,
E45D,
E551,
E642,
E72E,
E814,
E8F3,
E9CA,
EA99,
EB5E,
EC18,
ECC8,
ED6D,
EE05,
EE93,
EF14,
EF89,
EFF4,
F053,
F0A6,
F0F0,
F12F,
F164,
F191,
F1B7,
F1D5,
F1ED,
F200,
F210,
F21D,
F228,
F233,
F23F,
F24D,
F25F,
F276,
F292,
F2B6,
F2E3,
F319,
F359,
F3A6,
F400,
F467,
F4DD,
F563,
F5F8,
F69F,
F757,
F821,
F8FD,
F9EC,
FAED,
FC00,
FD26,
FE5E,
FFA9,
0104,
0271,
03EE,
057B,
0717,
08C1,
0A77,
0C39,
0E06,
0FDB,
11B9,
139D,
1585,
1771,
195E,
1B4C,
1D37,
1F20,
2102,
22DE,
24B1,
2679,
2835,
29E3,
2B81,
2D0D,
2E87,
2FEB,
313A,
3270,
338E,
3492,
3579,
3645,
36F2,
3781,
37F0,
383F,
386D,
387A,
3865,
382D,
37D4,
3759,
36BB,
35FC,
351C,
341A,
32F8,
31B7,
3057,
2ED9,
2D3E,
2B88,
29B8,
27CF,
25CE,
23B8,
218D,
1F50,
1D03,
1AA6,
183D,
15C9,
134B,
10C7,
0E3D,
0BB1,
0923,
0696,
040D,
0188,
FF0A,
FC95,
FA2B,
F7CD,
F57E,
F33E,
F111,
EEF6,
ECF0,
EB00,
E928,
E767,
E5C1,
E435,
E2C4,
E170,
E037,
DF1B,
DE1D,
DD3E,
DC7C,
DBD9,
DB54,
DAEC,
DAA3,
DA77,
DA67,
DA73,
DA9B,
DADD,
DB39,
DBAC,
DC38,
DCD9,
DD8E,
DE58,
DF33,
E01E,
E118,
E220,
E333,
E450,
E575,
E6A2,
E7D2,
E907,
EA3C,
EB72,
ECA6,
EDD6,
EF02,
F027,
F144,
F257,
F35F,
F45B,
F54A,
F62A,
F6F9,
F7B8,
F865,
F8FF,
F986,
F9F9,
FA56,
FA9F,
FAD2,
FAEF,
FAF6,
FAE8,
FAC3,
FA89,
FA39,
F9D3,
F95A,
F8CC,
F82A,
F776,
F6B1,
F5DA,
F4F3,
F3FE,
F2FB,
F1EC,
F0D1,
EFAD,
EE80,
ED4C,
EC13,
EAD5,
E995,
E854,
E713,
E5D4,
E498,
E362,
E231,
E109,
DFEA,
DED5,
DDCC,
DCD0,
DBE3,
DB05,
DA38,
D97C,
D8D3,
D83D,
D7BB,
D74D,
D6F5,
D6B3,
D685,
D66E,
D66E,
D684,
D6B1,
D6F5,
D74F,
D7BF,
D844,
D8DE,
D98C,
DA4E,
DB22,
DC08,
DCFE,
DE04,
DF18,
E039,
E166,
E29D,
E3DD,
E525,
E674,
E7C6,
E91C,
EA74,
EBCC,
ED23,
EE77,
EFC7,
F111,
F255,
F390,
F4C2,
F5E9,
F705,
F813,
F914,
FA05,
FAE7,
FBB8,
FC77,
FD25,
FDC1,
FE4A,
FEBF,
FF21,
FF70,
FFAC,
FFD4,
FFE9,
FFEC,
FFDC,
FFBA,
FF87,
FF43,
FEF0,
FE8E,
FE1E,
FDA1,
FD18,
FC85,
FBE8,
FB43,
FA98,
F9E6,
F930,
F878,
F7BD,
F703,
F64A,
F593,
F4E1,
F434,
F38E,
F2F1,
F25C,
F1D3,
F155,
F0E4,
F081,
F02D,
EFE8,
EFB5,
EF92,
EF82,
EF83,
EF98,
EFBF,
EFFA,
F048,
F0A9,
F11D,
F1A4,
F23D,
F2E8,
F3A5,
F472,
F54E,
F63A,
F734,
F83A,
F94C,
FA69,
FB8E,
FCBB,
FDEF,
FF28,
0064,
01A2,
02E0,
041D,
0557,
068D,
07BD,
08E6,
0A05,
0B1A,
0C23,
0D1F,
0E0C,
0EE9,
0FB6,
106F,
1116,
11A9,
1226,
128E,
12E0,
131B,
133E,
134A,
133E,
131B,
12E0,
128D,
1224,
11A4,
110E,
1062,
0FA3,
0ECF,
0DE9,
0CF2,
0BEA,
0AD3,
09AF,
087F,
0744,
0600,
04B4,
0363,
020E,
00B7,
FF5F,
FE08,
FCB4,
FB65,
FA1C,
F8DB,
F7A2,
F675,
F554,
F441,
F33F,
F24D,
F16D,
F0A0,
EFE7,
EF44,
EEB6,
EE3F,
EDDF,
ED96,
ED66,
ED4D,
ED4B,
ED62,
ED90,
EDD6,
EE32,
EEA5,
EF2D,
EFC9,
F079,
F13C,
F210,
F2F4,
F3E7,
F4E8,
F5F5,
F70C,
F82A,
F950,
FA7C,
FBAC,
FCDD,
FE0F,
FF40,
006E,
0198,
02BA,
03D5,
04E7,
05ED,
06E6,
07D2,
08AE,
0979,
0A33,
0ADA,
0B6D,
0BEB,
0C55,
0CA8,
0CE5,
0D0B,
0D1A,
0D12,
0CF3,
0CBE,
0C71,
0C0E,
0B96,
0B08,
0A66,
09AF,
08E7,
080C,
0721,
0628,
0520,
040C,
02ED,
01C4,
0094,
FF5E,
FE23,
FCE5,
FBA6,
FA68,
F92C,
F7F4,
F6C1,
F595,
F472,
F358,
F24B,
F14A,
F057,
EF73,
EE9F,
EDDC,
ED2C,
EC8E,
EC03,
EB8C,
EB2A,
EADB,
EAA2,
EA7C,
EA6B,
EA6E,
EA84,
EAAE,
EAEA,
EB38,
EB97,
EC06,
EC83,
ED0F,
EDA7,
EE4A,
EEF7,
EFAC,
F068,
F12A,
F1EF,
F2B6,
F37E,
F445,
F509,
F5C9,
F683,
F736,
F7E0,
F87F,
F913,
F999,
FA10,
FA79,
FAD0,
FB16,
FB4A,
FB6B,
FB78,
FB71,
FB56,
FB25,
FAE0,
FA87,
FA19,
F996,
F900,
F857,
F79B,
F6CD,
F5EF,
F501,
F404,
F2FB,
F1E5,
F0C6,
EF9D,
EE6D,
ED38,
EBFF,
EAC4,
E989,
E84F,
E719,
E5E8,
E4BE,
E39D,
E286,
E17C,
E080,
DF95,
DEBA,
DDF3,
DD40,
DCA4,
DC1E,
DBB1,
DB5E,
DB25,
DB07,
DB05,
DB1F,
DB57,
DBAB,
DC1D,
DCAC,
DD59,
DE22,
DF07,
E008,
E125,
E25B,
E3AB,
E512,
E691,
E826,
E9CF,
EB8A,
ED56,
EF32,
F11A,
F30E,
F50B,
F70F,
F919,
FB26,
FD34,
FF42,
014D,
0353,
0551,
0748,
0933,
0B12,
0CE2,
0EA2,
1051,
11ED,
1374,
14E5,
163F,
1781,
18AA,
19B9,
1AAD,
1B87,
1C45,
1CEA,
1D72,
1DDF,
1E31,
1E67,
1E83,
1E85,
1E6E,
1E3E,
1DF6,
1D97,
1D24,
1C9C,
1C01,
1B54,
1A98,
19CD,
18F5,
1812,
1725,
1631,
1536,
1436,
1334,
1230,
112D,
102C,
0F2F,
0E37,
0D45,
0C5B,
0B7B,
0AA5,
09DB,
091E,
086E,
07CD,
073B,
06B8,
0646,
05E4,
0593,
0552,
0523,
0505,
04F7,
04F9,
050B,
052D,
055D,
059A,
05E5,
063C,
069E,
070A,
077E,
07FB,
087D,
0905,
0991,
0A1F,
0AAE,
0B3D,
0BCA,
0C53,
0CD7,
0D56,
0DCF,
0E3F,
0EA7,
0F04,
0F57,
0F9D,
0FD7,
1004,
1022,
1033,
1034,
1026,
1009,
0FDD,
0FA1,
0F56,
0EFC,
0E94,
0E1D,
0D9A,
0D09,
0C6D,
0BC6,
0B15,
0A5B,
099A,
08D2,
0805,
0734,
0661,
058C,
04B8,
03E6,
0317,
024E,
018A,
00CF,
001D,
FF77,
FEDC,
FE4F,
FDD1,
FD63,
FD06,
FCBB,
FC84,
FC60,
FC52,
FC58,
FC75,
FCA8,
FCF1,
FD52,
FDC9,
FE57,
FEFB,
FFB6,
0086,
016B,
0264,
0371,
0491,
05C2,
0704,
0854,
09B3,
0B1D,
0C92,
0E0F,
0F95,
111F,
12AE,
143F,
15D0,
175F,
18EB,
1A71,
1BF1,
1D67,
1ED3,
2033,
2184,
22C6,
23F7,
2515,
261F,
2714,
27F3,
28BB,
296A,
2A00,
2A7C,
2ADE,
2B25,
2B51,
2B61,
2B57,
2B32,
2AF2,
2A98,
2A25,
2999,
28F4,
2839,
2768,
2682,
2589,
247E,
2363,
2239,
2101,
1FBE,
1E72,
1D1E,
1BC5,
1A67,
1908,
17A9,
164C,
14F3,
13A0,
1255,
1114,
0FDE,
0EB6,
0D9D,
0C95,
0B9F,
0ABC,
09EE,
0937,
0896,
080E,
079F,
074A,
070F,
06EF,
06EB,
0701,
0733,
0780,
07E8,
086A,
0907,
09BD,
0A8B,
0B70,
0C6C,
0D7D,
0EA1,
0FD8,
1120,
1277,
13DB,
154A,
16C4,
1845,
19CC,
1B56,
1CE3,
1E6E,
1FF7,
217C,
22F9,
246E,
25D8,
2735,
2884,
29C1,
2AEC,
2C03,
2D03,
2DED,
2EBD,
2F73,
300D,
308A,
30EA,
312B,
314C,
314E,
312E,
30EE,
308C,
300A,
2F66,
2EA1,
2DBB,
2CB5,
2B8F,
2A4B,
28E8,
2767,
25CB,
2413,
2242,
2057,
1E56,
1C3F,
1A15,
17D8,
158A,
132D,
10C4,
0E4F,
0BD1,
094C,
06C1,
0433,
01A3,
FF13,
FC85,
F9FC,
F777,
F4FB,
F287,
F01E,
EDC2,
EB73,
E934,
E705,
E4E9,
E2E1,
E0ED,
DF0E,
DD45,
DB93,
D9FA,
D878,
D710,
D5C1,
D48D,
D372,
D272,
D18D,
D0C2,
D012,
CF7C,
CF01,
CEA0,
CE58,
CE2A,
CE14,
CE17,
CE32,
CE63,
CEAC,
CF0A,
CF7D,
D004,
D09F,
D14D,
D20D,
D2DE,
D3C0,
D4B1,
D5B1,
D6C0,
D7DB,
D902,
DA35,
DB73,
DCBB,
DE0B,
DF64,
E0C5,
E22C,
E39A,
E50D,
E685,
E802,
E982,
EB05,
EC8A,
EE12,
EF9B,
F126,
F2B0,
F43B,
F5C6,
F750,
F8D9,
FA60,
FBE6,
FD69,
FEEA,
0067,
01E2,
0359,
04CC,
063B,
07A6,
090B,
0A6C,
0BC7,
0D1C,
0E6A,
0FB3,
10F4,
122E,
1360,
1489,
15AB,
16C3,
17D2,
18D7,
19D2,
1AC3,
1BA8,
1C82,
1D4F,
1E11,
1EC5,
1F6D,
2007,
2093,
2110,
217E,
21DD,
222D,
226E,
229E,
22BF,
22D0,
22D0,
22C0,
22A0,
226F,
222F,
21DE,
217D,
210C,
208C,
1FFC,
1F5D,
1EB0,
1DF5,
1D2C,
1C56,
1B74,
1A86,
198D,
1889,
177C,
1666,
1548,
1423,
12F8,
11C8,
1093,
0F5C,
0E22,
0CE7,
0BAC,
0A72,
093A,
0806,
06D6,
05AB,
0486,
0369,
0254,
0148,
0046,
FF50,
FE66,
FD88,
FCB8,
FBF6,
FB43,
FAA0,
FA0D,
F98A,
F919,
F8B9,
F86A,
F82E,
F804,
F7EC,
F7E6,
F7F2,
F811,
F841,
F883,
F8D7,
F93B,
F9B0,
FA35,
FAC9,
FB6D,
FC1E,
FCDD,
FDA8,
FE7F,
FF61,
004D,
0143,
0240,
0344,
044F,
055E,
0672,
0789,
08A1,
09BA,
0AD3,
0BEB,
0D00,
0E13,
0F21,
1029,
112C,
1227,
131A,
1404,
14E5,
15BC,
1688,
1749,
17FD,
18A5,
193F,
19CC,
1A4B,
1ABC,
1B1E,
1B71,
1BB6,
1BEB,
1C11,
1C28,
1C31,
1C2A,
1C15,
1BF1,
1BBF,
1B80,
1B33,
1ADA,
1A74,
1A02,
1985,
18FD,
186B,
17D1,
172D,
1681,
15CE,
1515,
1456,
1393,
12CC,
1202,
1135,
1068,
0F9A,
0ECC,
0DFE,
0D33,
0C6B,
0BA5,
0AE3,
0A26,
096F,
08BD,
0811,
076D,
06D0,
063A,
05AD,
0529,
04AE,
043B,
03D2,
0373,
031D,
02D2,
028E,
0255,
0225,
01FE,
01E1,
01CD,
01C2,
01BF,
01C5,
01D2,
01E7,
0203,
0225,
024C,
0279,
02AB,
02E1,
031A,
0356,
0394,
03D3,
0413,
0453,
0492,
04D0,
050C,
0545,
057B,
05AC,
05D9,
0600,
0621,
063C,
0651,
065E,
0663,
0660,
0653,
063E,
061E,
05F4,
05BF,
0580,
0536,
04E0,
047E,
0411,
0399,
0314,
0284,
01E9,
0142,
008F,
FFD2,
FF0A,
FE38,
FD5B,
FC75,
FB86,
FA8F,
F98F,
F889,
F77B,
F668,
F553,
F439,
F31C,
F1FD,
F0DC,
EFBB,
EE9A,
ED7A,
EC5C,
EB42,
EA2C,
E91B,
E811,
E70D,
E613,
E521,
E439,
E35D,
E28C,
E1C9,
E113,
E06C,
DFD4,
DF4C,
DED5,
DE70,
DE1C,
DDDA,
DDAC,
DD91,
DD89,
DD95,
DDB6,
DDEA,
DE33,
DE90,
DF00,
DF85,
E01C,
E0C7,
E185,
E255,
E337,
E42A,
E52E,
E642,
E765,
E897,
E9D6,
EB22,
EC79,
EDDB,
EF46,
F0BA,
F236,
F3B7,
F53E,
F6C9,
F856,
F9E4,
FB73,
FD01,
FE8D,
0015,
0198,
0316,
048C,
05FB,
0760,
08BC,
0A0C,
0B50,
0C87,
0DB1,
0ECB,
0FD7,
10D3,
11BE,
1298,
1361,
1418,
14BE,
1551,
15D1,
1640,
169C,
16E5,
171D,
1743,
1758,
175B,
174E,
1731,
1704,
16C9,
167F,
1628,
15C5,
1556,
14DC,
1458,
13CC,
1337,
129C,
11FA,
1153,
10A8,
0FFA,
0F49,
0E97,
0DE5,
0D32,
0C81,
0BD2,
0B26,
0A7D,
09D7,
0937,
089B,
0805,
0776,
06EC,
0669,
05ED,
0578,
050A,
04A4,
0444,
03EB,
039A,
034F,
030A,
02CC,
0293,
025F,
0230,
0205,
01DD,
01B8,
0195,
0174,
0153,
0133,
0111,
00EE,
00C9,
00A1,
0075,
0044,
000F,
FFD3,
FF92,
FF49,
FEF9,
FEA1,
FE40,
FDD7,
FD65,
FCE9,
FC64,
FBD6,
FB3E,
FA9D,
F9F3,
F940,
F884,
F7C0,
F6F4,
F621,
F548,
F469,
F385,
F29D,
F1B2,
F0C5,
EFD7,
EEE9,
EDFD,
ED13,
EC2D,
EB4C,
EA72,
E99F,
E8D6,
E817,
E763,
E6BD,
E625,
E59C,
E524,
E4BE,
E46B,
E42C,
E402,
E3ED,
E3F0,
E409,
E43B,
E485,
E4E8,
E564,
E5F9,
E6A7,
E76E,
E84E,
E947,
EA57,
EB7F,
ECBD,
EE11,
EF7A,
F0F6,
F284,
F423,
F5D1,
F78C,
F954,
FB25,
FCFF,
FEDF,
00C3,
02A9,
048E,
0671,
0850,
0A28,
0BF7,
0DBA,
0F6F,
1114,
12A7,
1425,
158B,
16D9,
180B,
1920,
1A15,
1AEA,
1B9C,
1C29,
1C91,
1CD1,
1CE9,
1CD8,
1C9C,
1C36,
1BA4,
1AE6,
19FC,
18E6,
17A4,
1636,
149D,
12DA,
10EE,
0ED9,
0C9D,
0A3B,
07B6,
050E,
0246,
FF5F,
FC5C,
F940,
F60C,
F2C3,
EF68,
EBFD,
E886,
E505,
E17E,
DDF2,
DA66,
D6DD,
D358,
CFDD,
CC6C,
C90B,
C5BA,
C27E,
BF5A,
BC4F,
B961,
B692,
B3E4,
B15B,
AEF7,
ACBC,
AAAC,
A8C8,
A711,
A58A,
A432,
A30C,
A217,
A156,
A0C7,
A06C,
A045,
A052,
A091,
A104,
A1A9,
A27F,
A386,
A4BC,
A621,
A7B2,
A96E,
AB53,
AD60,
AF93,
B1E9,
B461,
B6F7,
B9AB,
BC78,
BF5E,
C259,
C567,
C885,
CBB0,
CEE7,
D226,
D56B,
D8B4,
DBFD,
DF45,
E289,
E5C7,
E8FC,
EC27,
EF44,
F253,
F551,
F83C,
FB14,
FDD5,
007F,
0310,
0587,
07E2,
0A22,
0C44,
0E49,
102F,
11F5,
139C,
1523,
168A,
17D1,
18F7,
19FE,
1AE5,
1BAC,
1C54,
1CDD,
1D47,
1D94,
1DC3,
1DD6,
1DCE,
1DAB,
1D6E,
1D19,
1CAC,
1C28,
1B8F,
1AE1,
1A20,
194D,
1869,
1775,
1673,
1563,
1447,
1320,
11EF,
10B5,
0F74,
0E2C,
0CDE,
0B8D,
0A38,
08E2,
078A,
0633,
04DB,
0386,
0232,
00E1,
FF94,
FE4B,
FD07,
FBC8,
FA8F,
F95D,
F832,
F70E,
F5F2,
F4DE,
F3D3,
F2D0,
F1D5,
F0E4,
EFFC,
EF1D,
EE48,
ED7C,
ECBA,
EC01,
EB51,
EAAB,
EA0F,
E97B,
E8F1,
E870,
E7F9,
E78A,
E725,
E6C8,
E674,
E629,
E5E7,
E5AE,
E57C,
E554,
E534,
E51C,
E50C,
E505,
E506,
E510,
E521,
E53B,
E55E,
E589,
E5BC,
E5F8,
E63C,
E689,
E6DF,
E73E,
E7A5,
E816,
E890,
E912,
E99E,
EA32,
EAD0,
EB77,
EC27,
ECE0,
EDA1,
EE6B,
EF3D,
F017,
F0F9,
F1E1,
F2D1,
F3C7,
F4C3,
F5C5,
F6CA,
F7D4,
F8E0,
F9EF,
FAFF,
FC10,
FD20,
FE2E,
FF3A,
0042,
0145,
0242,
0337,
0424,
0508,
05E0,
06AC,
076A,
081A,
08BA,
0948,
09C5,
0A2E,
0A84,
0AC4,
0AEE,
0B02,
0AFF,
0AE3,
0AB0,
0A63,
09FE,
0980,
08E8,
0838,
076F,
068E,
0596,
0486,
0360,
0225,
00D5,
FF73,
FDFF,
FC7A,
FAE7,
F946,
F79B,
F5E5,
F428,
F264,
F09D,
EED3,
ED0B,
EB44,
E982,
E7C7,
E614,
E46D,
E2D2,
E147,
DFCC,
DE64,
DD11,
DBD3,
DAAD,
D9A0,
D8AD,
D7D6,
D71B,
D67D,
D5FC,
D599,
D555,
D52F,
D527,
D53D,
D571,
D5C1,
D62C,
D6B3,
D752,
D80A,
D8D9,
D9BC,
DAB2,
DBBA,
DCD1,
DDF5,
DF24,
E05C,
E19A,
E2DC,
E41F,
E562,
E6A2,
E7DC,
E90E,
EA37,
EB53,
EC61,
ED60,
EE4C,
EF25,
EFE9,
F096,
F12C,
F1AA,
F20E,
F258,
F288,
F29D,
F298,
F278,
F23E,
F1EB,
F180,
F0FD,
F063,
EFB5,
EEF3,
EE1F,
ED3B,
EC49,
EB4C,
EA44,
E935,
E822,
E70B,
E5F5,
E4E0,
E3D1,
E2C9,
E1CB,
E0D9,
DFF6,
DF24,
DE65,
DDBB,
DD29,
DCAF,
DC51,
DC0E,
DBE9,
DBE3,
DBFF,
DC3B,
DC98,
DD16,
DDB5,
DE75,
DF57,
E059,
E17A,
E2BA,
E418,
E592,
E727,
E8D5,
EA9B,
EC75,
EE63,
F062,
F26F,
F487,
F6A9,
F8D2,
FAFF,
FD2C,
FF58,
017F,
039F,
05B5,
07BD,
09B6,
0B9D,
0D6F,
0F2B,
10CE,
1255,
13BD,
1506,
162D,
1731,
1811,
18CA,
195D,
19C9,
1A0C,
1A27,
1A18,
19E2,
1982,
18FB,
184C,
1777,
167C,
155C,
141A,
12B5,
1131,
0F8F,
0DD1,
0BF9,
0A09,
0803,
05EA,
03C1,
0189,
FF45,
FCF8,
FAA4,
F84D,
F5F4,
F39D,
F149,
EEFB,
ECB5,
EA7A,
E84D,
E62E,
E421,
E226,
E041,
DE72,
DCBB,
DB1E,
D99B,
D835,
D6EB,
D5BF,
D4B2,
D3C3,
D2F4,
D244,
D1B4,
D143,
D0F2,
D0BF,
D0AB,
D0B5,
D0DC,
D11F,
D17D,
D1F5,
D287,
D330,
D3F0,
D4C5,
D5AE,
D6A9,
D7B4,
D8CE,
D9F6,
DB2A,
DC67,
DDAD,
DEF9,
E04B,
E19F,
E2F6,
E44D,
E5A3,
E6F6,
E845,
E98F,
EAD2,
EC0D,
ED3F,
EE67,
EF84,
F095,
F19A,
F291,
F37A,
F455,
F521,
F5DE,
F68C,
F72A,
F7B9,
F839,
F8AA,
F90C,
F960,
F9A7,
F9E0,
FA0C,
FA2D,
FA43,
FA4E,
FA50,
FA4A,
FA3C,
FA28,
FA0F,
F9F2,
F9D1,
F9AF,
F98B,
F968,
F947,
F928,
F90C,
F8F5,
F8E5,
F8DB,
F8D9,
F8DF,
F8EF,
F909,
F92E,
F95F,
F99B,
F9E5,
FA3C,
FAA0,
FB12,
FB93,
FC22,
FCBF,
FD6B,
FE25,
FEED,
FFC4,
00A8,
0199,
0297,
03A2,
04B8,
05D9,
0704,
0839,
0976,
0ABC,
0C08,
0D59,
0EB0,
100B,
1168,
12C7,
1426,
1585,
16E1,
183B,
1991,
1AE2,
1C2C,
1D6F,
1EA9,
1FDA,
2100,
221B,
2329,
2429,
251B,
25FE,
26D2,
2794,
2845,
28E5,
2972,
29EC,
2A53,
2AA6,
2AE5,
2B10,
2B27,
2B2A,
2B18,
2AF2,
2AB7,
2A69,
2A06,
2990,
2907,
286B,
27BC,
26FC,
262A,
2547,
2455,
2353,
2242,
2123,
1FF7,
1EBF,
1D7C,
1C2E,
1AD6,
1976,
180D,
169F,
152A,
13B0,
1233,
10B2,
0F30,
0DAD,
0C2A,
0AA8,
0929,
07AD,
0635,
04C1,
0353,
01EB,
008B,
FF33,
FDE4,
FC9E,
FB63,
FA33,
F90F,
F7F7,
F6ED,
F5F0,
F501,
F421,
F34F,
F28E,
F1DC,
F13A,
F0A9,
F028,
EFB8,
EF58,
EF0A,
EECC,
EE9F,
EE83,
EE77,
EE7C,
EE8F,
EEB1,
EEE3,
EF24,
EF73,
EFD0,
F03A,
F0B1,
F135,
F1C4,
F25F,
F303,
F3B1,
F468,
F527,
F5ED,
F6BA,
F78C,
F862,
F93D,
FA1A,
FAF9,
FBDA,
FCBA,
FD99,
FE77,
FF52,
0029,
00FC,
01CA,
0291,
0350,
0407,
04B5,
0559,
05F2,
0680,
0701,
0777,
07DF,
0839,
0885,
08C3,
08F1,
0910,
0920,
0920,
0911,
08F1,
08C2,
0882,
0833,
07D5,
0767,
06EB,
0660,
05C7,
0520,
046C,
03AC,
02E0,
020A,
0129,
003E,
FF4C,
FE52,
FD52,
FC4C,
FB42,
FA34,
F923,
F811,
F6FF,
F5ED,
F4DD,
F3D0,
F2C7,
F1C3,
F0C5,
EFCE,
EEDF,
EDF9,
ED1E,
EC4E,
EB89,
EAD2,
EA28,
E98D,
E900,
E884,
E818,
E7BD,
E773,
E73C,
E717,
E704,
E704,
E716,
E73C,
E775,
E7C1,
E820,
E892,
E916,
E9AD,
EA55,
EB0F,
EBD9,
ECB4,
ED9F,
EE98,
EFA0,
F0B5,
F1D7,
F305,
F43D,
F57F,
F6CA,
F81D,
F976,
FAD5,
FC38,
FD9F,
FF08,
0071,
01DB,
0343,
04A9,
060C,
0769,
08C0,
0A10,
0B58,
0C97,
0DCB,
0EF5,
1012,
1123,
1226,
131B,
1400,
14D7,
159C,
1652,
16F6,
1788,
1809,
1877,
18D3,
191D,
1954,
1978,
198B,
198B,
1978,
1954,
191E,
18D7,
1880,
1818,
17A0,
171A,
1685,
15E2,
1531,
1474,
13AC,
12D8,
11FA,
1114,
1024,
0F2E,
0E31,
0D2E,
0C26,
0B1B,
0A0E,
08FE,
07ED,
06DD,
05CD,
04C0,
03B5,
02AD,
01AA,
00AD,
FFB5,
FEC4,
FDDA,
FCF9,
FC20,
FB51,
FA8B,
F9CF,
F91E,
F879,
F7DE,
F750,
F6CE,
F657,
F5EE,
F590,
F540,
F4FC,
F4C4,
F499,
F47A,
F467,
F460,
F464,
F474,
F48F,
F4B4,
F4E3,
F51B,
F55D,
F5A7,
F5F8,
F651,
F6B1,
F717,
F782,
F7F1,
F865,
F8DB,
F955,
F9D0,
FA4D,
FACA,
FB47,
FBC2,
FC3D,
FCB4,
FD29,
FD9B,
FE08,
FE71,
FED4,
FF31,
FF89,
FFDA,
0023,
0066,
00A1,
00D4,
0100,
0123,
013E,
0151,
015C,
0160,
015B,
014F,
013C,
0123,
0103,
00DC,
00B1,
0081,
004D,
0017,
FFDE,
FFA3,
FF68,
FF2D,
FEF3,
FEBB,
FE87,
FE56,
FE2B,
FE06,
FDE8,
FDD2,
FDC6,
FDC4,
FDCD,
FDE3,
FE06,
FE38,
FE79,
FECA,
FF2D,
FFA1,
0028,
00C2,
0170,
0232,
0309,
03F5,
04F6,
060D,
0739,
087C,
09D4,
0B42,
0CC5,
0E5C,
1009,
11C8,
139B,
1580,
1776,
197C,
1B92,
1DB4,
1FE4,
221E,
2461,
26AC,
28FD,
2B52,
2DAA,
3001,
3258,
34AA,
36F7,
393C,
3B76,
3DA5,
3FC5,
41D6,
43D4,
45BE,
4790,
494A,
4AE8,
4C6A,
4DCC,
4F0E,
502D,
5127,
51FD,
52AA,
5330,
538C,
53BD,
53C2,
539B,
5347,
52C5,
5216,
5139,
502E,
4EF6,
4D91,
4BFF,
4A41,
4859,
4647,
440C,
41AB,
3F24,
3C7A,
39AE,
36C3,
33BA,
3097,
2D5C,
2A0B,
26A7,
2334,
1FB3,
1C28,
1897,
1501,
116C,
0DD8,
0A4B,
06C6,
034E,
FFE5,
FC8F,
F94F,
F627,
F31B,
F02D,
ED61,
EAB8,
E836,
E5DC,
E3AE,
E1AC,
DFD9,
DE36,
DCC5,
DB87,
DA7D,
D9A9,
D90A,
D8A1,
D86E,
D872,
D8AC,
D91B,
D9BF,
DA98,
DBA3,
DCDF,
DE4C,
DFE7,
E1AE,
E3A0,
E5B9,
E7F8,
EA59,
ECDB,
EF7A,
F233,
F503,
F7E7,
FADB,
FDDD,
00E9,
03FC,
0711,
0A27,
0D3A,
1046,
1348,
163D,
1921,
1BF1,
1EAA,
214B,
23CF,
2634,
2879,
2A9A,
2C97,
2E6C,
3018,
319B,
32F2,
341D,
351B,
35EB,
368D,
3701,
3747,
375F,
374A,
3708,
369C,
3604,
3544,
345C,
334F,
321E,
30CA,
2F58,
2DC7,
2C1C,
2A58,
287F,
2692,
2495,
228B,
2076,
1E59,
1C37,
1A13,
17F0,
15D0,
13B6,
11A6,
0FA0,
0DA8,
0BC1,
09EB,
082B,
0680,
04EE,
0376,
0218,
00D8,
FFB5,
FEB0,
FDCA,
FD05,
FC5F,
FBD9,
FB74,
FB2E,
FB08,
FB00,
FB17,
FB4A,
FB98,
FC01,
FC83,
FD1C,
FDCA,
FE8B,
FF5D,
003F,
012D,
0226,
0328,
042F,
0539,
0645,
074F,
0856,
0956,
0A4E,
0B3B,
0C1B,
0CEB,
0DAB,
0E58,
0EF0,
0F71,
0FDB,
102C,
1062,
107D,
107C,
105D,
1022,
0FC8,
0F51,
0EBB,
0E09,
0D39,
0C4D,
0B46,
0A24,
08E8,
0795,
062B,
04AD,
031B,
0178,
FFC7,
FE08,
FC3F,
FA6D,
F895,
F6BA,
F4DE,
F303,
F12C,
EF5C,
ED95,
EBD9,
EA2B,
E88D,
E701,
E58A,
E429,
E2E2,
E1B4,
E0A3,
DFAF,
DEDA,
DE26,
DD93,
DD22,
DCD4,
DCA9,
DCA2,
DCBF,
DD00,
DD64,
DDEB,
DE94,
DF5E,
E049,
E153,
E27B,
E3BF,
E51E,
E695,
E823,
E9C5,
EB7A,
ED3E,
EF10,
F0EC,
F2D1,
F4BC,
F6AA,
F898,
FA85,
FC6C,
FE4C,
0023,
01EC,
03A7,
0550,
06E6,
0866,
09CF,
0B1D,
0C51,
0D67,
0E5F,
0F37,
0FEE,
1084,
10F7,
1147,
1174,
117D,
1163,
1126,
10C6,
1045,
0FA1,
0EDD,
0DFA,
0CFA,
0BDD,
0AA6,
0957,
07F1,
0677,
04EA,
034D,
01A4,
FFEF,
FE31,
FC6E,
FAA7,
F8E0,
F71B,
F55A,
F3A0,
F1F1,
F04D,
EEB8,
ED34,
EBC3,
EA68,
E923,
E7F8,
E6E8,
E5F5,
E51F,
E468,
E3D1,
E35B,
E307,
E2D6,
E2C8,
E2DD,
E315,
E36F,
E3EC,
E48A,
E54A,
E629,
E726,
E841,
E978,
EAC9,
EC32,
EDB2,
EF46,
F0EC,
F2A2,
F466,
F635,
F80D,
F9EC,
FBCE,
FDB1,
FF94,
0173,
034C,
051C,
06E2,
089A,
0A43,
0BDB,
0D60,
0ED1,
102A,
116B,
1292,
139E,
148E,
1560,
1615,
16AA,
1720,
1776,
17AD,
17C3,
17BA,
1792,
174B,
16E6,
1663,
15C4,
150B,
1437,
134B,
1249,
1131,
1006,
0EC9,
0D7D,
0C23,
0ABE,
0950,
07DA,
065F,
04E1,
0362,
01E5,
006A,
FEF5,
FD87,
FC22,
FAC8,
F97C,
F83D,
F70F,
F5F2,
F4E9,
F3F3,
F312,
F248,
F194,
F0F7,
F072,
F006,
EFB1,
EF75,
EF51,
EF45,
EF50,
EF72,
EFAA,
EFF7,
F057,
F0CB,
F150,
F1E5,
F289,
F33B,
F3F8,
F4BF,
F58F,
F665,
F740,
F81E,
F8FC,
F9DA,
FAB6,
FB8D,
FC5E,
FD27,
FDE6,
FE9B,
FF42,
FFDC,
0067,
00E1,
0149,
019F,
01E1,
020F,
0228,
022C,
021B,
01F3,
01B5,
0161,
00F8,
0079,
FFE7,
FF40,
FE86,
FDBA,
FCDD,
FBEF,
FAF3,
F9E8,
F8D2,
F7B0,
F685,
F553,
F41A,
F2DC,
F19C,
F05A,
EF19,
EDDA,
EC9F,
EB6A,
EA3C,
E917,
E7FD,
E6EE,
E5ED,
E4FB,
E418,
E347,
E288,
E1DC,
E144,
E0C1,
E054,
DFFC,
DFBC,
DF92,
DF7F,
DF83,
DF9E,
DFD0,
E019,
E077,
E0EB,
E174,
E211,
E2C1,
E384,
E457,
E53B,
E62E,
E72E,
E83A,
E952,
EA73,
EB9C,
ECCB,
EE00,
EF38,
F072,
F1AD,
F2E5,
F41C,
F54E,
F67C,
F7A3,
F8C3,
F9DA,
FAE7,
FBEA,
FCE1,
FDCB,
FEA8,
FF77,
0038,
00EA,
018D,
0221,
02A5,
031A,
0380,
03D7,
0420,
045A,
0487,
04A7,
04BB,
04C4,
04C2,
04B6,
04A2,
0486,
0465,
043F,
0415,
03E8,
03BA,
038B,
035E,
0332,
030A,
02E6,
02C8,
02B1,
02A1,
029A,
029C,
02A9,
02C1,
02E4,
0314,
0351,
039B,
03F3,
0458,
04CA,
054A,
05D8,
0673,
071A,
07CE,
088E,
0958,
0A2D,
0B0B,
0BF1,
0CDF,
0DD2,
0ECB,
0FC7,
10C5,
11C4,
12C3,
13BF,
14B8,
15AC,
169A,
1780,
185C,
192E,
19F3,
1AAA,
1B52,
1BEA,
1C70,
1CE3,
1D42,
1D8C,
1DC0,
1DDE,
1DE3,
1DD0,
1DA4,
1D5F,
1D00,
1C87,
1BF4,
1B46,
1A7F,
199E,
18A3,
178F,
1663,
1520,
13C5,
1254,
10CE,
0F34,
0D86,
0BC8,
09F8,
081A,
062E,
0436,
0234,
0029,
FE17,
FBFF,
F9E3,
F7C6,
F5A8,
F38B,
F172,
EF5D,
ED4F,
EB4A,
E94E,
E75E,
E57B,
E3A7,
E1E4,
E031,
DE92,
DD06,
DB90,
DA2F,
D8E6,
D7B4,
D69B,
D59C,
D4B7,
D3EC,
D33D,
D2A8,
D230,
D1D3,
D191,
D16B,
D160,
D171,
D19C,
D1E2,
D241,
D2B9,
D34A,
D3F2,
D4B1,
D586,
D670,
D76D,
D87E,
D99E,
DACF,
DC0F,
DD5D,
DEB7,
E01D,
E18D,
E306,
E486,
E60C,
E797,
E926,
EAB7,
EC4A,
EDDC,
EF6C,
F0FA,
F285,
F40B,
F58B,
F704,
F875,
F9DE,
FB3D,
FC92,
FDDC,
FF19,
004A,
016E,
0285,
038D,
0486,
0571,
064D,
0719,
07D5,
0881,
091D,
09A8,
0A23,
0A8E,
0AE8,
0B31,
0B6B,
0B94,
0BAD,
0BB7,
0BB1,
0B9C,
0B78,
0B45,
0B05,
0AB6,
0A5B,
09F2,
097E,
08FD,
0872,
07DC,
073C,
0693,
05E1,
0528,
0468,
03A1,
02D6,
0205,
0130,
0059,
FF7F,
FEA3,
FDC7,
FCEC,
FC12,
FB3A,
FA65,
F994,
F8C8,
F802,
F743,
F68C,
F5DD,
F538,
F49D,
F40D,
F38A,
F313,
F2AA,
F24F,
F203,
F1C7,
F19A,
F17F,
F174,
F17B,
F194,
F1BE,
F1FA,
F249,
F2AB,
F31E,
F3A5,
F43D,
F4E8,
F5A5,
F673,
F752,
F841,
F940,
FA4E,
FB6A,
FC94,
FDCA,
FF0B,
0057,
01AD,
030A,
046E,
05D7,
0745,
08B6,
0A27,
0B99,
0D09,
0E76,
0FDE,
1140,
129A,
13ED,
1535,
1671,
17A0,
18BF,
19CE,
1ACC,
1BB7,
1C8D,
1D4F,
1DFB,
1E8F,
1F0C,
1F70,
1FBA,
1FEB,
2002,
1FFF,
1FE0,
1FA7,
1F54,
1EE6,
1E5D,
1DBB,
1D00,
1C2C,
1B41,
1A3F,
1927,
17FA,
16BA,
1568,
1405,
1293,
1113,
0F88,
0DF2,
0C54,
0AB0,
0908,
075C,
05B1,
0407,
0260,
00BF,
FF26,
FD96,
FC11,
FA9A,
F932,
F7DA,
F695,
F564,
F449,
F344,
F258,
F185,
F0CD,
F02F,
EFAE,
EF49,
EF02,
EED7,
EECB,
EEDA,
EF07,
EF51,
EFB7,
F039,
F0D6,
F18D,
F25D,
F344,
F441,
F553,
F678,
F7AE,
F8F4,
FA47,
FBA5,
FD0D,
FE7C,
FFEF,
0165,
02DC,
0450,
05C0,
0729,
0889,
09DE,
0B25,
0C5D,
0D83,
0E96,
0F93,
1079,
1146,
11F8,
128E,
1308,
1364,
13A1,
13BE,
13BC,
1399,
1356,
12F2,
126E,
11CB,
1108,
1027,
0F29,
0E0F,
0CDA,
0B8B,
0A25,
08A9,
071A,
0578,
03C8,
020A,
0041,
FE71,
FC9A,
FAC1,
F8E8,
F712,
F540,
F376,
F1B7,
F006,
EE64,
ECD6,
EB5C,
E9FB,
E8B3,
E788,
E67B,
E58D,
E4C2,
E41A,
E396,
E339,
E302,
E2F3,
E30C,
E34D,
E3B8,
E44A,
E505,
E5E8,
E6F1,
E820,
E975,
EAEC,
EC85,
EE3E,
F014,
F207,
F412,
F637,
F86F,
FAB8,
FD11,
FF74,
01E0,
0451,
06C4,
0936,
0BA3,
0E08,
1062,
12AE,
14E8,
170D,
191B,
1B0E,
1CE4,
1E9A,
202C,
219A,
22E1,
23FF,
24F1,
25B7,
264F,
26B8,
26F1,
26F9,
26D1,
2677,
25EB,
2530,
2444,
2329,
21DF,
2069,
1EC6,
1CFB,
1B08,
18EF,
16B4,
1459,
11E0,
0F4D,
0CA3,
09E5,
0717,
043C,
0157,
FE6D,
FB81,
F897,
F5B2,
F2D6,
F007,
ED49,
EA9E,
E80B,
E593,
E338,
E0FF,
DEE9,
DCFB,
DB35,
D99C,
D830,
D6F3,
D5E8,
D50F,
D46A,
D3F9,
D3BD,
D3B7,
D3E6,
D44B,
D4E4,
D5B0,
D6B0,
D7E2,
D943,
DAD3,
DC8F,
DE75,
E083,
E2B5,
E50A,
E77D,
EA0D,
ECB5,
EF72,
F241,
F51F,
F806,
FAF5,
FDE6,
00D8,
03C6,
06AC,
0987,
0C52,
0F0B,
11AE,
1438,
16A6,
18F5,
1B22,
1D2B,
1F0E,
20C7,
2256,
23B9,
24EE,
25F4,
26CA,
276F,
27E4,
2827,
2839,
281A,
27CC,
274E,
26A1,
25C8,
24C4,
2396,
2241,
20C6,
1F29,
1D6B,
1B90,
199A,
178C,
1568,
1333,
10EF,
0EA0,
0C48,
09EC,
078E,
0532,
02DB,
008C,
FE49,
FC14,
F9F0,
F7E0,
F5E7,
F407,
F243,
F09D,
EF17,
EDB3,
EC72,
EB56,
EA60,
E991,
E8EA,
E86B,
E815,
E7E8,
E7E4,
E809,
E855,
E8C9,
E963,
EA22,
EB05,
EC0A,
ED2F,
EE73,
EFD3,
F14E,
F2E1,
F48A,
F646,
F813,
F9EF,
FBD6,
FDC5,
FFBB,
01B5,
03B0,
05A9,
079E,
098C,
0B71,
0D4A,
0F16,
10D2,
127C,
1413,
1593,
16FC,
184D,
1985,
1AA2,
1BA3,
1C89,
1D51,
1DFD,
1E8C,
1EFD,
1F52,
1F8A,
1FA6,
1FA7,
1F8D,
1F5A,
1F0F,
1EAC,
1E34,
1DA8,
1D09,
1C5A,
1B9B,
1ACF,
19F7,
1916,
182D,
173E,
164C,
1557,
1463,
1370,
1281,
1197,
10B3,
0FD8,
0F06,
0E3E,
0D83,
0CD5,
0C35,
0BA4,
0B22,
0AB0,
0A4E,
09FD,
09BC,
098C,
096C,
095B,
095A,
0968,
0983,
09AB,
09E0,
0A1E,
0A67,
0AB7,
0B0E,
0B6A,
0BCA,
0C2C,
0C8E,
0CF0,
0D4F,
0DAA,
0DFF,
0E4C,
0E90,
0EC8,
0EF5,
0F13,
0F22,
0F21,
0F0F,
0EE9,
0EB0,
0E63,
0E01,
0D89,
0CFC,
0C58,
0B9F,
0ACF,
09EA,
08EF,
07DF,
06BC,
0585,
043D,
02E3,
017A,
0002,
FE7E,
FCEF,
FB58,
F9B9,
F815,
F66E,
F4C6,
F31F,
F17A,
EFDC,
EE45,
ECB7,
EB36,
E9C3,
E860,
E710,
E5D4,
E4AE,
E3A0,
E2AB,
E1D2,
E116,
E078,
DFF9,
DF9A,
DF5C,
DF40,
DF45,
DF6E,
DFB9,
E026,
E0B5,
E167,
E239,
E32C,
E43F,
E570,
E6BD,
E826,
E9A8,
EB42,
ECF1,
EEB4,
F089,
F26C,
F45C,
F657,
F858,
FA5F,
FC67,
FE6F,
0074,
0272,
0468,
0652,
082E,
09F9,
0BB1,
0D53,
0EDD,
104D,
11A0,
12D5,
13EB,
14DE,
15AE,
1658,
16DC,
173A,
1771,
1780,
1767,
1726,
16BC,
162B,
1573,
1493,
138E,
1265,
1118,
0FA9,
0E19,
0C6B,
0AA1,
08BC,
06BE,
04AB,
0284,
004C,
FE05,
FBB3,
F958,
F6F6,
F491,
F22C,
EFC8,
ED69,
EB12,
E8C5,
E685,
E453,
E234,
E028,
DE32,
DC55,
DA92,
D8EB,
D761,
D5F7,
D4AD,
D384,
D27E,
D19B,
D0DC,
D041,
CFCA,
CF77,
CF48,
CF3C,
CF53,
CF8D,
CFE7,
D061,
D0FA,
D1B0,
D281,
D36C,
D46E,
D587,
D6B3,
D7F0,
D93C,
DA96,
DBF9,
DD65,
DED6,
E04A,
E1C0,
E333,
E4A3,
E60C,
E76C,
E8C2,
EA0B,
EB46,
EC6F,
ED87,
EE8A,
EF78,
F050,
F110,
F1B7,
F244,
F2B8,
F311,
F34F,
F372,
F37A,
F368,
F33C,
F2F6,
F298,
F221,
F195,
F0F3,
F03D,
EF75,
EE9D,
EDB5,
ECC1,
EBC2,
EABA,
E9AC,
E899,
E783,
E66D,
E559,
E44A,
E340,
E240,
E14A,
E062,
DF88,
DEBF,
DE09,
DD67,
DCDB,
DC67,
DC0C,
DBCB,
DBA6,
DB9D,
DBB1,
DBE3,
DC34,
DCA3,
DD30,
DDDC,
DEA6,
DF8E,
E094,
E1B5,
E2F2,
E44A,
E5BB,
E743,
E8E2,
EA96,
EC5C,
EE33,
F019,
F20C,
F409,
F60F,
F81B,
FA2A,
FC3A,
FE49,
0055,
025A,
0456,
0647,
082B,
09FF,
0BC1,
0D6F,
0F06,
1085,
11E9,
1331,
145C,
1568,
1653,
171D,
17C4,
1847,
18A6,
18DF,
18F4,
18E3,
18AC,
1850,
17CF,
1728,
165E,
1571,
1462,
1331,
11E0,
1071,
0EE6,
0D3F,
0B7F,
09A7,
07BA,
05BA,
03A9,
0189,
FF5C,
FD25,
FAE7,
F8A4,
F65D,
F416,
F1D1,
EF91,
ED57,
EB25,
E8FF,
E6E6,
E4DC,
E2E3,
E0FD,
DF2C,
DD71,
DBCE,
DA45,
D8D6,
D782,
D64B,
D531,
D436,
D359,
D29B,
D1FC,
D17D,
D11D,
D0DC,
D0B9,
D0B5,
D0CE,
D104,
D156,
D1C3,
D24A,
D2EA,
D3A1,
D46F,
D551,
D647,
D74E,
D865,
D98B,
DABE,
DBFC,
DD43,
DE92,
DFE7,
E141,
E29C,
E3F9,
E555,
E6B0,
E806,
E957,
EAA2,
EBE5,
ED20,
EE50,
EF75,
F08E,
F19A,
F299,
F389,
F46B,
F53D,
F600,
F6B3,
F757,
F7EA,
F86E,
F8E2,
F947,
F99E,
F9E5,
FA1F,
FA4C,
FA6C,
FA81,
FA8B,
FA8B,
FA82,
FA72,
FA5A,
FA3D,
FA1B,
F9F6,
F9CF,
F9A6,
F97E,
F957,
F933,
F912,
F8F5,
F8DF,
F8D0,
F8C9,
F8CA,
F8D5,
F8EA,
F90B,
F937,
F970,
F9B6,
FA0A,
FA6C,
FADC,
FB5B,
FBE9,
FC85,
FD31,
FDEC,
FEB5,
FF8D,
0073,
0167,
0269,
0377,
0491,
05B6,
06E7,
0821,
0964,
0AAF,
0C01,
0D59,
0EB7,
1019,
117D,
12E3,
144A,
15B0,
1713,
1874,
19D0,
1B27,
1C77,
1DBF,
1EFD,
2032,
215B,
2278,
2387,
2488,
2579,
265B,
272C,
27EB,
2897,
2931,
29B7,
2A2A,
2A88,
2AD2,
2B07,
2B28,
2B33,
2B2A,
2B0C,
2ADA,
2A94,
2A39,
29CB,
2949,
28B4,
280C,
2753,
2688,
25AD,
24C3,
23C9,
22C1,
21AB,
2089,
1F5B,
1E23,
1CE0,
1B95,
1A42,
18E8,
1787,
1622,
14B8,
134B,
11DB,
106A,
0EF9,
0D87,
0C17,
0AA8,
093E,
07D7,
0674,
0516,
03BD,
026A,
011E,
FFD9,
FE9D,
FD68,
FC3D,
FB1B,
FA03,
F8F6,
F7F3,
F6FB,
F60F,
F530,
F45C,
F395,
F2DB,
F22F,
F190,
F0FE,
F07B,
F006,
EF9F,
EF47,
EEFE,
EEC4,
EE98,
EE7C,
EE6F,
EE72,
EE84,
EEA4,
EED4,
EF12,
EF5F,
EFBA,
F023,
F09A,
F11E,
F1AF,
F24D,
F2F6,
F3AB,
F46B,
F534,
F607,
F6E3,
F7C6,
F8B0,
F9A0,
FA94,
FB8D,
FC88,
FD84,
FE82,
FF7E,
0079,
0170,
0263,
0350,
0438,
0517,
05ED,
06B9,
0778,
082A,
08CE,
0963,
09E7,
0A5A,
0ABB,
0B08,
0B43,
0B68,
0B79,
0B75,
0B5B,
0B2B,
0AE5,
0A89,
0A17,
0990,
08F4,
0843,
077E,
06A7,
05BC,
04C1,
03B5,
029B,
0173,
003E,
FEFF,
FDB6,
FC66,
FB10,
F9B7,
F85B,
F700,
F5A6,
F44F,
F2FE,
F1B4,
F074,
EF3E,
EE15,
ECFA,
EBEF,
EAF5,
EA0E,
E93C,
E87E,
E7D7,
E747,
E6CF,
E670,
E62A,
E5FD,
E5EA,
E5F0,
E610,
E649,
E69A,
E704,
E785,
E81D,
E8CA,
E98B,
EA5F,
EB45,
EC3A,
ED3E,
EE4E,
EF69,
F08D,
F1B8,
F2E9,
F41D,
F552,
F687,
F7B9,
F8E8,
FA11,
FB32,
FC4A,
FD58,
FE59,
FF4E,
0034,
010B,
01D1,
0287,
032B,
03BD,
043C,
04A9,
0506,
0550,
0588,
05AE,
05C4,
05CA,
05C0,
05A8,
0583,
0552,
0516,
04D1,
0484,
0431,
03D8,
037C,
031E,
02BF,
0262,
0206,
01AF,
015C,
010F,
00CA,
008C,
0058,
002E,
000E,
FFFA,
FFF0,
FFF2,
0000,
0018,
003B,
0069,
00A1,
00E3,
012D,
0180,
01D9,
0237,
029B,
0301,
0369,
03D1,
0438,
049C,
04FB,
0555,
05A7,
05EF,
062D,
065F,
0683,
0698,
069D,
0690,
0671,
063F,
05F9,
059D,
052D,
04A7,
040B,
0359,
0291,
01B4,
00C1,
FFBB,
FEA1,
FD74,
FC36,
FAE7,
F98A,
F820,
F6A9,
F529,
F3A0,
F212,
F07F,
EEE9,
ED53,
EBBF,
EA2F,
E8A5,
E723,
E5AB,
E43F,
E2E0,
E191,
E054,
DF29,
DE13,
DD13,
DC2A,
DB59,
DAA0,
DA00,
D97C,
D912,
D8C3,
D890,
D878,
D87B,
D899,
D8D1,
D923,
D98D,
DA0F,
DAA8,
DB56,
DC18,
DCED,
DDD2,
DEC8,
DFCA,
E0D9,
E1F2,
E314,
E43B,
E568,
E697,
E7C7,
E8F6,
EA22,
EB4A,
EC6C,
ED87,
EE96,
EF9A,
F092,
F17D,
F25B,
F329,
F3E7,
F495,
F531,
F5BC,
F634,
F69A,
F6EE,
F730,
F75F,
F77C,
F787,
F781,
F76B,
F744,
F70E,
F6C9,
F677,
F618,
F5AD,
F537,
F4B7,
F42F,
F39F,
F308,
F26C,
F1CC,
F128,
F083,
EFDC,
EF35,
EE8F,
EDEA,
ED48,
ECAA,
EC10,
EB7A,
EAEA,
EA60,
E9DD,
E961,
E8EC,
E87F,
E81A,
E7BE,
E76A,
E71E,
E6DC,
E6A2,
E671,
E649,
E629,
E612,
E603,
E5FD,
E5FF,
E609,
E61A,
E633,
E655,
E67F,
E6AF,
E6E6,
E724,
E768,
E7B2,
E803,
E85A,
E8B6,
E919,
E981,
E9EE,
EA61,
EADA,
EB57,
EBDA,
EC62,
ECF0,
ED82,
EE19,
EEB5,
EF57,
EFFC,
F0A7,
F155,
F209,
F2C0,
F37B,
F43A,
F4FD,
F5C2,
F68B,
F756,
F823,
F8F2,
F9C2,
FA92,
FB63,
FC34,
FD04,
FDD2,
FE9E,
FF67,
002D,
00EE,
01AA,
0261,
0311,
03B9,
045A,
04F2,
0580,
0604,
067C,
06EA,
074A,
079E,
07E3,
081B,
0844,
085D,
0867,
0861,
084A,
0822,
07EA,
07A0,
0747,
06DC,
0661,
05D5,
053A,
0490,
03D6,
030E,
0238,
0156,
0067,
FF6D,
FE69,
FD5C,
FC46,
FB2A,
FA09,
F8E3,
F7BA,
F690,
F565,
F43C,
F316,
F1F4,
F0D8,
EFC3,
EEB7,
EDB6,
ECC1,
EBD9,
EAFF,
EA36,
E97E,
E8D9,
E848,
E7CB,
E766,
E717,
E6E1,
E6C4,
E6C1,
E6D9,
E70B,
E75A,
E7C4,
E84A,
E8ED,
E9AC,
EA88,
EB7F,
EC92,
EDC1,
EF0A,
F06C,
F1E8,
F37C,
F527,
F6E8,
F8BD,
FAA6,
FCA1,
FEAD,
00C7,
02ED,
051F,
075B,
099D,
0BE5,
0E31,
107D,
12C9,
1512,
1756,
1994,
1BC8,
1DF1,
200D,
221A,
2416,
25FF,
27D4,
2993,
2B3A,
2CC7,
2E3A,
2F90,
30CA,
31E5,
32E1,
33BD,
3478,
3512,
358B,
35E3,
3618,
362C,
361E,
35F0,
35A0,
3531,
34A2,
33F6,
332C,
3246,
3146,
302D,
2EFC,
2DB6,
2C5B,
2AEE,
2972,
27E7,
264F,
24AE,
2305,
2157,
1FA5,
1DF2,
1C41,
1A92,
18EA,
1749,
15B2,
1427,
12AA,
113D,
0FE2,
0E9A,
0D68,
0C4C,
0B48,
0A5D,
098D,
08D8,
083F,
07C4,
0765,
0725,
0703,
06FE,
0718,
0750,
07A5,
0817,
08A5,
094E,
0A12,
0AEE,
0BE3,
0CED,
0E0D,
0F40,
1085,
11D9,
133B,
14A8,
1621,
17A2,
1928,
1AB1,
1C3B,
1DC4,
1F4A,
20CA,
2242,
23B0,
2512,
2666,
27AA,
28DC,
29FA,
2B02,
2BF3,
2CCC,
2D8A,
2E2D,
2EB4,
2F1C,
2F67,
2F92,
2F9D,
2F88,
2F53,
2EFC,
2E85,
2DEE,
2D36,
2C5E,
2B67,
2A52,
291F,
27CF,
2664,
24DE,
233E,
2187,
1FB9,
1DD7,
1BE2,
19DB,
17C5,
15A1,
1371,
1138,
0EF7,
0CB0,
0A65,
0818,
05CC,
0381,
013B,
FEFA,
FCC2,
FA92,
F86E,
F657,
F44F,
F256,
F06E,
EE9A,
ECDB,
EB30,
E99C,
E81F,
E6BA,
E56C,
E438,
E31D,
E21B,
E133,
E065,
DFB1,
DF16,
DE95,
DE2D,
DDDD,
DDA6,
DD86,
DD7E,
DD8B,
DDAD,
DDE4,
DE2F,
DE8C,
DEFA,
DF79,
E007,
E0A3,
E14D,
E202,
E2C3,
E38D,
E461,
E53C,
E61D,
E705,
E7F0,
E8E0,
E9D2,
EAC7,
EBBC,
ECB2,
EDA8,
EE9E,
EF92,
F085,
F176,
F264,
F350,
F43A,
F520,
F604,
F6E5,
F7C3,
F89E,
F977,
FA4E,
FB22,
FBF5,
FCC5,
FD95,
FE64,
FF32,
0000,
00CD,
019B,
026A,
0339,
040A,
04DD,
05B1,
0688,
0760,
083C,
0919,
09FA,
0ADD,
0BC3,
0CAB,
0D95,
0E81,
0F70,
105F,
1150,
1242,
1333,
1425,
1515,
1603,
16EF,
17D8,
18BC,
199C,
1A76,
1B4A,
1C16,
1CD9,
1D94,
1E44,
1EE9,
1F81,
200C,
208A,
20F8,
2157,
21A5,
21E2,
220C,
2224,
2228,
2219,
21F5,
21BC,
216E,
210B,
2092,
2003,
1F5F,
1EA6,
1DD7,
1CF3,
1BFA,
1AEE,
19CD,
189A,
1755,
15FF,
1498,
1322,
119E,
100C,
0E6F,
0CC7,
0B16,
095C,
079C,
05D7,
040F,
0244,
0079,
FEAF,
FCE8,
FB24,
F966,
F7AF,
F601,
F45D,
F2C4,
F137,
EFB8,
EE49,
ECE9,
EB9B,
EA5F,
E936,
E821,
E720,
E634,
E55D,
E49C,
E3F0,
E35A,
E2DB,
E271,
E21D,
E1DF,
E1B6,
E1A2,
E1A2,
E1B6,
E1DD,
E215,
E25F,
E2B9,
E322,
E399,
E41C,
E4AC,
E545,
E5E8,
E693,
E744,
E7FA,
E8B3,
E970,
EA2D,
EAEA,
EBA5,
EC5E,
ED13,
EDC2,
EE6C,
EF0B,
EFA3,
F032,
F0B6,
F130,
F19E,
F201,
F257,
F2A0,
F2DD,
F30B,
F32D,
F341,
F347,
F341,
F32D,
F30D,
F2E0,
F2A8,
F265,
F217,
F1C0,
F160,
F0F9,
F08A,
F015,
EF9B,
EF1E,
EE9D,
EE1B,
ED98,
ED16,
EC96,
EC19,
EBA0,
EB2D,
EABF,
EA58,
E9F9,
E9A4,
E957,
E916,
E8DF,
E8B4,
E895,
E883,
E87E,
E886,
E89B,
E8BD,
E8ED,
E92A,
E974,
E9CB,
EA2E,
EA9C,
EB15,
EB99,
EC26,
ECBC,
ED5A,
EDFE,
EEA8,
EF57,
F009,
F0BE,
F175,
F22B,
F2DF,
F391,
F43F,
F4E7,
F589,
F623,
F6B4,
F73A,
F7B4,
F822,
F883,
F8D4,
F916,
F947,
F968,
F976,
F972,
F95B,
F930,
F8F3,
F8A1,
F83C,
F7C4,
F738,
F699,
F5E7,
F524,
F44F,
F369,
F274,
F170,
F05E,
EF41,
EE18,
ECE6,
EBAC,
EA6A,
E924,
E7DA,
E68E,
E542,
E3F7,
E2AF,
E16D,
E030,
DEFD,
DDD3,
DCB5,
DBA4,
DAA3,
D9B2,
D8D4,
D808,
D752,
D6B2,
D62A,
D5BA,
D564,
D528,
D507,
D503,
D51C,
D552,
D5A4,
D614,
D6A2,
D74D,
D815,
D8FA,
D9FC,
DB19,
DC51,
DDA4,
DF0F,
E093,
E22E,
E3DF,
E5A4,
E77B,
E964,
EB5D,
ED63,
EF76,
F193,
F3B8,
F5E4,
F814,
FA47,
FC7A,
FEAC,
00DA,
0303,
0524,
073C,
0949,
0B48,
0D39,
0F18,
10E6,
12A0,
1444,
15D2,
1748,
18A5,
19E7,
1B0F,
1C1B,
1D0B,
1DDD,
1E92,
1F29,
1FA2,
1FFD,
203A,
2059,
205A,
203E,
2006,
1FB1,
1F41,
1EB7,
1E14,
1D58,
1C84,
1B9B,
1A9E,
198C,
1869,
1736,
15F3,
14A3,
1347,
11E1,
1073,
0EFE,
0D83,
0C05,
0A84,
0904,
0785,
0608,
0490,
031E,
01B3,
0051,
FEFA,
FDAD,
FC6D,
FB3C,
FA19,
F906,
F803,
F713,
F635,
F56B,
F4B4,
F412,
F385,
F30E,
F2AC,
F261,
F22B,
F20C,
F203,
F210,
F233,
F26B,
F2B9,
F31C,
F394,
F420,
F4C0,
F572,
F637,
F70E,
F7F6,
F8EE,
F9F5,
FB0C,
FC30,
FD61,
FE9E,
FFE6,
0139,
0295,
03FA,
0566,
06D9,
0851,
09CE,
0B4F,
0CD3,
0E59,
0FE0,
1168,
12EF,
1474,
15F7,
1777,
18F2,
1A69,
1BDA,
1D44,
1EA7,
2002,
2155,
229D,
23DB,
250F,
2636,
2752,
2860,
2960,
2A53,
2B36,
2C0B,
2CCF,
2D82,
2E25,
2EB6,
2F36,
2FA3,
2FFE,
3045,
3079,
3098,
30A3,
309A,
307C,
3049,
3001,
2FA4,
2F31,
2EA9,
2E0B,
2D58,
2C90,
2BB3,
2AC0,
29B9,
289D,
276D,
2629,
24D2,
2368,
21EB,
205C,
1EBB,
1D0A,
1B49,
1979,
179A,
15AC,
13B1,
11AA,
0F99,
0D7D,
0B58,
092B,
06F8,
04BF,
0282,
0042,
FE01,
FBBE,
F97D,
F73E,
F502,
F2CA,
F099,
EE6F,
EC4E,
EA36,
E82A,
E62A,
E438,
E254,
E07F,
DEBC,
DD0A,
DB6B,
D9E0,
D868,
D706,
D5BA,
D484,
D365,
D25D,
D16C,
D093,
CFD2,
CF29,
CE98,
CE1F,
CDBD,
CD73,
CD40,
CD24,
CD1E,
CD2D,
CD51,
CD89,
CDD5,
CE33,
CEA2,
CF22,
CFB1,
D04F,
D0F9,
D1B0,
D272,
D33D,
D411,
D4EC,
D5CD,
D6B3,
D79E,
D88B,
D979,
DA67,
DB54,
DC3F,
DD28,
DE0C,
DEEB,
DFC4,
E096,
E162,
E225,
E2E0,
E392,
E43B,
E4DA,
E56F,
E5FA,
E67B,
E6F2,
E75F,
E7C3,
E81D,
E86E,
E8B7,
E8F7,
E930,
E962,
E98E,
E9B5,
E9D7,
E9F5,
EA10,
EA29,
EA41,
EA59,
EA72,
EA8D,
EAAB,
EACD,
EAF3,
EB20,
EB53,
EB8E,
EBD2,
EC1F,
EC77,
ECD9,
ED46,
EDC0,
EE46,
EEDA,
EF7A,
F029,
F0E5,
F1AF,
F286,
F36C,
F45E,
F55E,
F66B,
F784,
F8A9,
F9DB,
FB16,
FC5B,
FDA9,
FEFE,
0059,
01B9,
031D,
0484,
05EC,
0754,
08BB,
0A1F,
0B7E,
0CD8,
0E2A,
0F74,
10B4,
11E7,
130E,
1427,
152F,
1627,
170C,
17DD,
189A,
1941,
19D2,
1A4B,
1AAC,
1AF4,
1B23,
1B37,
1B30,
1B0F,
1AD4,
1A7E,
1A0D,
1982,
18DD,
181F,
1747,
1658,
1551,
1434,
1302,
11BB,
1062,
0EF6,
0D7A,
0BF0,
0A58,
08B4,
0706,
0550,
0393,
01D1,
000B,
FE44,
FC7D,
FAB8,
F8F7,
F73B,
F585,
F3D6,
F231,
F097,
EF0A,
ED8B,
EC1C,
EABD,
E971,
E837,
E711,
E5FF,
E502,
E41C,
E34B,
E291,
E1EE,
E161,
E0EB,
E08C,
E043,
E011,
DFF4,
DFEC,
DFF9,
E019,
E04C,
E091,
E0E8,
E14E,
E1C3,
E245,
E2D5,
E370,
E416,
E4C4,
E57A,
E636,
E6F7,
E7BB,
E881,
E949,
EA10,
EAD6,
EB99,
EC59,
ED14,
EDCA,
EE7A,
EF23,
EFC4,
F05D,
F0EE,
F175,
F1F4,
F269,
F2D4,
F336,
F38F,
F3DF,
F426,
F465,
F49D,
F4CD,
F4F8,
F51E,
F53F,
F55D,
F579,
F593,
F5AD,
F5C8,
F5E6,
F607,
F62D,
F658,
F68B,
F6C6,
F70B,
F75B,
F7B7,
F820,
F897,
F91D,
F9B4,
FA5B,
FB14,
FBDE,
FCBC,
FDAD,
FEB1,
FFC9,
00F4,
0233,
0386,
04EC,
0664,
07EC,
0985,
0B2E,
0CE7,
0EAF,
1084,
1264,
1450,
1644,
1840,
1A41,
1C47,
1E4E,
2055,
225A,
245B,
2656,
2848,
2A30,
2C0C,
2DD8,
2F94,
313D,
32D0,
344D,
35B1,
36F9,
3825,
3933,
3A21,
3AED,
3B97,
3C1B,
3C7A,
3CB2,
3CC4,
3CAF,
3C72,
3C0D,
3B7F,
3ACA,
39ED,
38E8,
37BC,
366B,
34F4,
335A,
319C,
2FBE,
2DC0,
2BA4,
296C,
271A,
24B0,
2231,
1F9F,
1CFC,
1A4B,
178F,
14CA,
11FF,
0F31,
0C63,
0997,
06D2,
0414,
0162,
FEBD,
FC28,
F9A6,
F738,
F4E3,
F2A7,
F088,
EE86,
ECA5,
EAE5,
E949,
E7D2,
E681,
E557,
E455,
E37C,
E2CC,
E246,
E1EA,
E1B8,
E1AF,
E1D0,
E219,
E289,
E320,
E3DC,
E4BD,
E5BF,
E6E3,
E827,
E988,
EB04,
EC98,
EE43,
F001,
F1CF,
F3AD,
F596,
F788,
F980,
FB7C,
FD78,
FF73,
0169,
0357,
053B,
0713,
08DB,
0A92,
0C35,
0DC3,
0F38,
1093,
11D3,
12F5,
13F9,
14DC,
159F,
1640,
16BE,
1719,
1751,
1765,
1756,
1724,
16CF,
1658,
15BF,
1506,
142F,
1339,
1228,
10FD,
0FB9,
0E5F,
0CF1,
0B70,
09E1,
0844,
069D,
04EE,
033A,
0184,
FFCE,
FE1B,
FC6E,
FAC9,
F930,
F7A5,
F62B,
F4C4,
F373,
F23A,
F11A,
F017,
EF33,
EE6E,
EDCC,
ED4D,
ECF3,
ECBF,
ECB1,
ECCC,
ED0F,
ED7B,
EE10,
EECE,
EFB4,
F0C4,
F1FB,
F358,
F4DC,
F685,
F851,
FA3F,
FC4C,
FE78,
00BF,
0321,
0599,
0826,
0AC6,
0D74,
102F,
12F4,
15BE,
188B,
1B59,
1E24,
20EA,
23A6,
2656,
28F7,
2B86,
2E00,
3062,
32A9,
34D2,
36DB,
38C1,
3A82,
3C1C,
3D8D,
3ED3,
3FEB,
40D5,
4190,
4219,
4271,
4295,
4287,
4246,
41D0,
4128,
404C,
3F3D,
3DFC,
3C8B,
3AE9,
3919,
371B,
34F3,
32A0,
3026,
2D87,
2AC5,
27E3,
24E3,
21C8,
1E94,
1B4B,
17F0,
1486,
1110,
0D91,
0A0C,
0684,
02FE,
FF7C,
FC00,
F88F,
F52C,
F1D9,
EE99,
EB70,
E860,
E56B,
E296,
DFE0,
DD50,
DAE5,
D8A2,
D687,
D497,
D2D3,
D13D,
CFD6,
CE9E,
CD97,
CCC1,
CC1D,
CBAA,
CB69,
CB5A,
CB7C,
CBCF,
CC52,
CD05,
CDE6,
CEF4,
D02F,
D194,
D322,
D4D7,
D6B2,
D8B1,
DAD1,
DD11,
DF6E,
E1E6,
E477,
E720,
E9DD,
ECAC,
EF8A,
F274,
F569,
F865,
FB66,
FE6B,
016F,
0472,
0770,
0A67,
0D56,
1039,
1310,
15D8,
188F,
1B33,
1DC3,
203E,
22A0,
24EB,
271B,
2930,
2B29,
2D06,
2EC4,
3064,
31E5,
3347,
3489,
35AB,
36AD,
378E,
3850,
38F2,
3975,
39D8,
3A1D,
3A43,
3A4D,
3A39,
3A09,
39BE,
3959,
38DA,
3843,
3794,
36CF,
35F4,
3505,
3403,
32EE,
31C8,
3093,
2F4E,
2DFC,
2C9D,
2B33,
29BE,
2840,
26B9,
252B,
2395,
21F9,
2059,
1EB5,
1D0F,
1B67,
19BD,
1813,
166A,
14C1,
131A,
1176,
0FD3,
0E34,
0C99,
0B02,
096F,
07E2,
0659,
04D6,
0359,
01E2,
0072,
FF08,
FDA6,
FC4A,
FAF7,
F9AA,
F866,
F729,
F5F5,
F4C9,
F3A5,
F289,
F177,
F06D,
EF6D,
EE76,
ED8A,
ECA7,
EBCF,
EB01,
EA3E,
E985,
E8D9,
E837,
E7A1,
E718,
E69A,
E629,
E5C4,
E56C,
E521,
E4E4,
E4B4,
E491,
E47C,
E475,
E47B,
E490,
E4B2,
E4E3,
E521,
E56D,
E5C7,
E62F,
E6A3,
E725,
E7B4,
E850,
E8F8,
E9AD,
EA6D,
EB38,
EC0E,
ECEF,
EDDA,
EECE,
EFCB,
F0D0,
F1DC,
F2F0,
F40A,
F529,
F64D,
F776,
F8A1,
F9CF,
FAFF,
FC2F,
FD60,
FE90,
FFBF,
00EB,
0214,
033A,
045B,
0577,
068D,
079D,
08A5,
09A6,
0A9E,
0B8D,
0C72,
0D4E,
0E1E,
0EE4,
0F9F,
104E,
10F2,
1189,
1214,
1293,
1306,
136D,
13C7,
1416,
1458,
148F,
14BB,
14DC,
14F2,
14FE,
1501,
14FA,
14EB,
14D4,
14B6,
1491,
1466,
1435,
1400,
13C8,
138B,
134D,
130C,
12CB,
1289,
1248,
1208,
11C9,
118D,
1154,
111E,
10EC,
10BF,
1097,
1073,
1056,
103E,
102D,
1021,
101C,
101E,
1025,
1033,
1047,
1060,
107F,
10A2,
10CA,
10F7,
1126,
1159,
118F,
11C6,
11FD,
1236,
126D,
12A3,
12D6,
1307,
1332,
1359,
137A,
1393,
13A4,
13AD,
13AB,
139F,
1387,
1362,
1330,
12F0,
12A1,
1243,
11D4,
1155,
10C5,
1023,
0F70,
0EAA,
0DD2,
0CE8,
0BEC,
0ADE,
09BE,
088D,
074B,
05F8,
0495,
0322,
01A0,
0011,
FE73,
FCCA,
FB15,
F956,
F78E,
F5BE,
F3E8,
F20C,
F02C,
EE49,
EC66,
EA82,
E8A1,
E6C3,
E4EB,
E318,
E14E,
DF8E,
DDD8,
DC31,
DA98,
D90E,
D796,
D62F,
D4DC,
D39D,
D275,
D163,
D069,
CF88,
CEC0,
CE13,
CD80,
CD09,
CCAD,
CC6E,
CC4B,
CC44,
CC59,
CC8B,
CCD8,
CD41,
CDC4,
CE62,
CF1A,
CFEA,
D0D2,
D1D1,
D2E5,
D40F,
D54B,
D69B,
D7FB,
D96A,
DAE6,
DC6F,
DE02,
DF9D,
E13F,
E2E7,
E492,
E640,
E7ED,
E999,
EB42,
ECE7,
EE85,
F01C,
F1AA,
F32D,
F4A4,
F60F,
F76C,
F8B9,
F9F7,
FB23,
FC3E,
FD47,
FE3D,
FF20,
FFF0,
00AC,
0154,
01E8,
0269,
02D7,
0332,
037C,
03B4,
03DC,
03F3,
03FC,
03F6,
03E4,
03C6,
039E,
036C,
0332,
02F2,
02AD,
0264,
0218,
01CC,
0181,
0138,
00F2,
00B2,
0078,
0046,
001E,
0000,
FFEE,
FFE8,
FFF1,
0009,
0030,
0068,
00B2,
010E,
017C,
01FE,
0293,
033C,
03F8,
04C7,
05AA,
06A0,
07A8,
08C1,
09EC,
0B26,
0C70,
0DC8,
0F2D,
109E,
1218,
139C,
1526,
16B7,
184B,
19E1,
1B77,
1D0C,
1E9D,
2029,
21AE,
232A,
249A,
25FE,
2753,
2896,
29C8,
2AE5,
2BEC,
2CDC,
2DB2,
2E6F,
2F0F,
2F93,
2FF9,
303F,
3066,
306D,
3052,
3016,
2FB9,
2F39,
2E98,
2DD4,
2CF0,
2BEA,
2AC5,
297F,
281C,
269A,
24FC,
2343,
2170,
1F86,
1D86,
1B71,
194A,
1712,
14CA,
1277,
1018,
0DB2,
0B45,
08D4,
0662,
03F1,
0183,
FF1B,
FCBB,
FA64,
F81A,
F5DE,
F3B3,
F19B,
EF97,
EDAA,
EBD5,
EA19,
E87A,
E6F6,
E591,
E44C,
E326,
E222,
E13F,
E07F,
DFE2,
DF67,
DF11,
DEDD,
DECC,
DEDE,
DF12,
DF67,
DFDE,
E073,
E128,
E1FA,
E2E8,
E3F1,
E512,
E64C,
E79B,
E8FD,
EA72,
EBF7,
ED89,
EF27,
F0CF,
F27F,
F433,
F5EB,
F7A3,
F95B,
FB0E,
FCBD,
FE63,
0000,
018F,
0310,
0482,
05E2,
0730,
0869,
098C,
0A98,
0B8C,
0C67,
0D27,
0DCB,
0E54,
0EC1,
0F10,
0F43,
0F58,
0F50,
0F2A,
0EE8,
0E89,
0E0F,
0D79,
0CC9,
0BFF,
0B1C,
0A22,
0911,
07EC,
06B3,
0567,
040B,
029F,
0125,
FF9F,
FE0F,
FC77,
FAD8,
F934,
F78D,
F5E5,
F43D,
F297,
F0F5,
EF59,
EDC3,
EC36,
EAB3,
E93C,
E7D1,
E674,
E527,
E3EA,
E2BE,
E1A5,
E09E,
DFAB,
DECD,
DE04,
DD50,
DCB1,
DC28,
DBB6,
DB59,
DB10,
DADE,
DAC0,
DAB8,
DAC4,
DAE4,
DB17,
DB5C,
DBB4,
DC1C,
DC95,
DD1C,
DDB2,
DE55,
DF04,
DFBE,
E081,
E14E,
E221,
E2FC,
E3DB,
E4BE,
E5A4,
E68C,
E774,
E85C,
E942,
EA26,
EB06,
EBE1,
ECB7,
ED87,
EE4F,
EF0F,
EFC6,
F074,
F117,
F1B1,
F23F,
F2C1,
F339,
F3A4,
F403,
F456,
F49C,
F4D6,
F504,
F526,
F53B,
F545,
F543,
F536,
F51E,
F4FC,
F4CF,
F499,
F45A,
F412,
F3C2,
F36A,
F30B,
F2A6,
F23C,
F1CC,
F159,
F0E2,
F069,
EFEC,
EF6D,
EEED,
EE6B,
EDEA,
ED69,
ECE8,
EC69,
EBEC,
EB71,
EAF9,
EA84,
EA14,
E9A7,
E93F,
E8DD,
E87F,
E828,
E7D7,
E78C,
E748,
E70B,
E6D5,
E6A6,
E67F,
E660,
E649,
E63A,
E633,
E636,
E641,
E654,
E670,
E695,
E6C3,
E6F9,
E737,
E77E,
E7CE,
E826,
E887,
E8F0,
E960,
E9D9,
EA5A,
EAE2,
EB72,
EC09,
ECA7,
ED4C,
EDF7,
EEA8,
EF5F,
F01C,
F0DE,
F1A5,
F271,
F340,
F413,
F4E9,
F5C2,
F69D,
F779,
F856,
F934,
FA12,
FAEF,
FBCB,
FCA5,
FD7C,
FE51,
FF22,
FFEE,
00B5,
0177,
0232,
02E6,
0392,
0436,
04D1,
0561,
05E8,
0663,
06D3,
0737,
078D,
07D7,
0813,
0840,
085F,
086F,
0870,
0861,
0843,
0814,
07D6,
0789,
072B,
06BD,
0640,
05B4,
0519,
046F,
03B6,
02F0,
021D,
013E,
0052,
FF5C,
FE5C,
FD53,
FC41,
FB29,
FA0B,
F8E8,
F7C1,
F699,
F570,
F448,
F321,
F1FF,
F0E1,
EFCA,
EEBB,
EDB6,
ECBD,
EBD1,
EAF3,
EA25,
E968,
E8BE,
E827,
E7A6,
E73C,
E6E8,
E6AD,
E68C,
E685,
E699,
E6C9,
E715,
E77D,
E803,
E8A5,
E965,
EA42,
EB3C,
EC52,
ED84,
EED2,
F03A,
F1BD,
F358,
F50B,
F6D5,
F8B3,
FAA6,
FCAD,
FEC4,
00EA,
031D,
055B,
07A2,
09F0,
0C43,
0E98,
10EF,
1343,
1594,
17DF,
1A22,
1C5A,
1E86,
20A4,
22B1,
24AB,
2692,
2862,
2A1A,
2BB9,
2D3D,
2EA6,
2FF0,
311C,
3229,
3315,
33E0,
348A,
3512,
3579,
35BD,
35E0,
35E1,
35C1,
3580,
351F,
349E,
3400,
3345,
326E,
317D,
3072,
2F51,
2E1A,
2CD0,
2B73,
2A07,
288C,
2706,
2577,
23DF,
2242,
20A2,
1F01,
1D61,
1BC4,
1A2C,
189B,
1713,
1596,
1427,
12C5,
1174,
1034,
0F08,
0DF0,
0CEF,
0C04,
0B31,
0A78,
09D7,
0951,
08E6,
0896,
0861,
0847,
0848,
0864,
089A,
08EB,
0956,
09D9,
0A74,
0B26,
0BEE,
0CCA,
0DBB,
0EBD,
0FD1,
10F4,
1224,
1361,
14A8,
15FB,
1754,
18B3,
1A15,
1B78,
1CDC,
1E3D,
1F9B,
20F3,
2244,
238B,
24C8,
25F8,
2719,
282B,
292C,
2A1A,
2AF4,
2BB8,
2C65,
2CFB,
2D78,
2DDB,
2E24,
2E50,
2E61,
2E55,
2E2C,
2DE5,
2D81,
2CFE,
2C5E,
2BA0,
2AC4,
29CB,
28B4,
2782,
2633,
24C9,
2345,
21A8,
1FF3,
1E26,
1C44,
1A4D,
1843,
1627,
13FB,
11C1,
0F7B,
0D29,
0ACF,
086D,
0606,
039C,
0131,
FEC6,
FC5E,
F9FB,
F79F,
F54C,
F303,
F0C7,
EE9A,
EC7C,
EA71,
E87A,
E699,
E4CF,
E31F,
E189,
E00F,
DEB2,
DD73,
DC55,
DB56,
DA7A,
D9BF,
D927,
D8B3,
D862,
D835,
D82C,
D846,
D884,
D8E5,
D969,
DA0F,
DAD7,
DBBE,
DCC5,
DDEA,
DF2B,
E088,
E1FF,
E38D,
E533,
E6EE,
E8BA,
EA97,
EC83,
EE7A,
F07A,
F282,
F48F,
F69E,
F8AE,
FABB,
FCC3,
FEC4,
00BC,
02A7,
0485,
0652,
080C,
09B2,
0B41,
0CB7,
0E12,
0F51,
1072,
1174,
1255,
1313,
13AF,
1427,
1479,
14A7,
14AD,
148E,
1448,
13DB,
1349,
1290,
11B2,
10B0,
0F8A,
0E42,
0CD8,
0B4E,
09A5,
07DF,
05FD,
0402,
01EF,
FFC7,
FD8B,
FB3E,
F8E2,
F679,
F405,
F18A,
EF09,
EC85,
EA00,
E77D,
E4FE,
E285,
E015,
DDB1,
DB59,
D910,
D6D9,
D4B4,
D2A5,
D0AC,
CECB,
CD04,
CB57,
C9C6,
C852,
C6FC,
C5C4,
C4AA,
C3B0,
C2D5,
C21A,
C17D,
C0FF,
C0A0,
C05F,
C03B,
C033,
C046,
C074,
C0BA,
C118,
C18D,
C216,
C2B2,
C35F,
C41D,
C4E9,
C5C2,
C6A6,
C792,
C885,
C97E,
CA79,
CB77,
CC74,
CD70,
CE69,
CF5D,
D04B,
D132,
D211,
D2E6,
D3B1,
D471,
D525,
D5CC,
D667,
D6F5,
D776,
D7EA,
D851,
D8AB,
D8F9,
D93B,
D972,
D99E,
D9C1,
D9DC,
D9EF,
D9FB,
DA03,
DA07,
DA08,
DA09,
DA0A,
DA0D,
DA14,
DA1F,
DA31,
DA4B,
DA6E,
DA9C,
DAD6,
DB1C,
DB71,
DBD6,
DC4B,
DCD0,
DD68,
DE12,
DECE,
DF9E,
E081,
E178,
E281,
E39E,
E4CC,
E60D,
E75E,
E8C0,
EA2E,
EBAA,
ED33,
EEC7,
F064,
F209,
F3B4,
F563,
F714,
F8C5,
FA74,
FC1E,
FDC2,
FF5D,
00ED,
0270,
03E4,
0545,
0693,
07CC,
08EC,
09F3,
0ADF,
0BAE,
0C5E,
0CEF,
0D5E,
0DAC,
0DD6,
0DDD,
0DC1,
0D80,
0D18,
0C8C,
0BDD,
0B0A,
0A15,
08FE,
07C7,
0671,
04FD,
036F,
01C6,
0007,
FE32,
FC4B,
FA53,
F84F,
F640,
F429,
F20F,
EFF2,
EDD8,
EBC2,
E9B5,
E7B2,
E5BF,
E3DC,
E20F,
E058,
DEBC,
DD3E,
DBDF,
DAA2,
D98B,
D89A,
D7D2,
D734,
D6C3,
D67F,
D66A,
D683,
D6CD,
D747,
D7F1,
D8CC,
D9D6,
DB0F,
DC76,
DE09,
DFC8,
E1B0,
E3C0,
E5F5,
E84E,
EAC6,
ED5D,
F00E,
F2D6,
F5B3,
F8A1,
FB9C,
FEA1,
01AC,
04BA,
07C6,
0ACD,
0DCC,
10BF,
13A2,
1671,
1929,
1BC8,
1E49,
20A9,
22E6,
24FC,
26EA,
28AC,
2A41,
2BA7,
2CDC,
2DDF,
2EAF,
2F4A,
2FB1,
2FE3,
2FDF,
2FA7,
2F3B,
2E9B,
2DC8,
2CC5,
2B93,
2A33,
28A8,
26F3,
2519,
231A,
20FB,
1EBE,
1C66,
19F8,
1776,
14E4,
1246,
0FA0,
0CF5,
0A49,
07A1,
04FF,
0267,
FFDE,
FD67,
FB04,
F8BA,
F68C,
F47D,
F28E,
F0C4,
EF20,
EDA5,
EC55,
EB30,
EA3A,
E972,
E8DA,
E872,
E83B,
E835,
E862,
E8BE,
E94A,
EA04,
EAEA,
EBFD,
ED38,
EE9B,
F023,
F1CE,
F399,
F581,
F783,
F99C,
FBC8,
FE05,
004F,
02A1,
04F9,
0753,
09AC,
0BFF,
0E49,
1087,
12B5,
14D0,
16D4,
18BF,
1A8E,
1C3D,
1DCA,
1F34,
2076,
2190,
2280,
2345,
23DC,
2446,
2482,
248F,
246C,
241B,
239B,
22EC,
2211,
2109,
1FD7,
1E7B,
1CF8,
1B4F,
1983,
1797,
158C,
1365,
1126,
0ED1,
0C6A,
09F3,
0770,
04E4,
0253,
FFBF,
FD2C,
FA9E,
F817,
F59A,
F32B,
F0CD,
EE82,
EC4E,
EA33,
E833,
E652,
E490,
E2F0,
E173,
E01C,
DEEB,
DDE1,
DD00,
DC48,
DBB9,
DB53,
DB18,
DB05,
DB1B,
DB58,
DBBD,
DC48,
DCF7,
DDC9,
DEBC,
DFCF,
E0FF,
E24B,
E3AF,
E52C,
E6BE,
E861,
EA13,
EBD2,
ED9C,
EF6C,
F142,
F31A,
F4F2,
F6C8,
F898,
FA62,
FC23,
FDD9,
FF82,
011C,
02A6,
041E,
0583,
06D4,
0811,
0938,
0A48,
0B43,
0C27,
0CF4,
0DAB,
0E4C,
0ED7,
0F4E,
0FB1,
1004,
1044,
1075,
1097,
10AB,
10B4,
10B3,
10A9,
109A,
1086,
106F,
1058,
1043,
1030,
1022,
101B,
101D,
1029,
1041,
1065,
1098,
10DB,
112F,
1194,
120B,
1295,
1333,
13E4,
14A9,
1581,
166C,
1769,
1879,
199A,
1ACB,
1C0A,
1D56,
1EAE,
2010,
217A,
22E9,
245D,
25D2,
2747,
28B9,
2A25,
2B89,
2CE2,
2E2F,
2F6C,
3096,
31AC,
32AA,
338F,
3458,
3503,
358D,
35F5,
3639,
3657,
364E,
361B,
35BF,
3538,
3485,
33A6,
329B,
3162,
2FFE,
2E6D,
2CB1,
2AC9,
28B9,
2680,
241F,
219A,
1EF2,
1C28,
1940,
163C,
131E,
0FEA,
0CA1,
0949,
05E3,
0274,
FEFE,
FB85,
F80D,
F499,
F12D,
EDCD,
EA7C,
E73D,
E415,
E106,
DE16,
DB45,
D898,
D610,
D3B1,
D17D,
CF77,
CDA1,
CBFC,
CA8B,
C94E,
C847,
C778,
C6E0,
C680,
C658,
C669,
C6B1,
C731,
C7E7,
C8D1,
C9F0,
CB40,
CCC1,
CE6F,
D049,
D24C,
D475,
D6C1,
D92D,
DBB6,
DE58,
E10E,
E3D7,
E6AE,
E98F,
EC78,
EF63,
F24E,
F534,
F811,
FAE3,
FDA5,
0054,
02EC,
056B,
07CC,
0A0E,
0C2D,
0E26,
0FF8,
11A0,
131C,
146A,
158A,
1679,
1736,
17C2,
181B,
1842,
1836,
17F7,
1787,
16E6,
1613,
1512,
13E4,
128B,
1108,
0F5F,
0D90,
0BA0,
0990,
0764,
051E,
02C1,
0051,
FDD1,
FB44,
F8AE,
F612,
F373,
F0D5,
EE3C,
EBAA,
E923,
E6AA,
E443,
E1F0,
DFB4,
DD92,
DB8D,
D9A8,
D7E4,
D645,
D4CB,
D378,
D24F,
D150,
D07E,
CFD8,
CF60,
CF17,
CEFC,
CF10,
CF54,
CFC6,
D066,
D134,
D22F,
D356,
D4A8,
D622,
D7C5,
D98E,
DB7A,
DD89,
DFB9,
E206,
E46F,
E6F1,
E989,
EC36,
EEF5,
F1C2,
F49B,
F77E,
FA68,
FD55,
0043,
0330,
061A,
08FD,
0BD7,
0EA5,
1166,
1417,
16B6,
1941,
1BB5,
1E11,
2054,
227B,
2486,
2672,
283E,
29EB,
2B76,
2CDE,
2E25,
2F47,
3046,
3122,
31D9,
326C,
32DC,
3328,
3352,
3359,
333E,
3305,
32AD,
3236,
31A0,
30EE,
3020,
2F37,
2E34,
2D1A,
2BE9,
2AA2,
2948,
27DB,
265C,
24CF,
2332,
218A,
1FD6,
1E18,
1C51,
1A84,
18B1,
16D9,
14FF,
1323,
1147,
0F6B,
0D92,
0BBC,
09EA,
081E,
0658,
049C,
02E7,
013C,
FF9C,
FE06,
FC7C,
FAFE,
F98E,
F82C,
F6D8,
F593,
F45E,
F338,
F223,
F11F,
F02D,
EF4B,
EE7C,
EDBE,
ED13,
EC7A,
EBF3,
EB7F,
EB1D,
EACE,
EA91,
EA66,
EA4D,
EA46,
EA50,
EA6C,
EA98,
EAD4,
EB20,
EB7A,
EBE4,
EC5C,
ECE2,
ED74,
EE12,
EEBC,
EF70,
F02D,
F0F3,
F1C1,
F295,
F36F,
F44D,
F52F,
F613,
F6F8,
F7DD,
F8C1,
F9A3,
FA82,
FB5C,
FC30,
FCFD,
FDC3,
FE7F,
FF31,
FFD9,
0074,
0102,
0182,
01F3,
0254,
02A6,
02E7,
0316,
0334,
0340,
033A,
0321,
02F6,
02B9,
0269,
0206,
0192,
010C,
0076,
FFCF,
FF19,
FE53,
FD80,
FCA0,
FBB5,
FABE,
F9BF,
F8B7,
F7AA,
F697,
F580,
F468,
F34F,
F238,
F121,
F00F,
EF03,
EE00,
ED07,
EC1A,
EB3A,
EA6A,
E9AA,
E8FC,
E862,
E7DE,
E76F,
E719,
E6DB,
E6B8,
E6AF,
E6C2,
E6F1,
E73D,
E7A7,
E82E,
E8D2,
E995,
EA75,
EB73,
EC8D,
EDC4,
EF16,
F083,
F209,
F3A8,
F55F,
F72C,
F90D,
FB00,
FD04,
FF16,
0136,
0360,
0593,
07CD,
0A0B,
0C4A,
0E8A,
10C7,
12FF,
1530,
1757,
1973,
1B81,
1D7F,
1F6A,
2142,
2304,
24AE,
263E,
27B4,
290D,
2A48,
2B65,
2C62,
2D3E,
2DFA,
2E93,
2F09,
2F5E,
2F91,
2FA2,
2F92,
2F61,
2F10,
2EA1,
2E15,
2D6C,
2CAA,
2BCE,
2ADB,
29D3,
28B9,
278E,
2654,
250E,
23BF,
2269,
210E,
1FB1,
1E54,
1CFB,
1BA8,
1A5C,
191C,
17E8,
16C3,
15B0,
14B0,
13C4,
12EE,
1232,
118F,
1108,
109E,
1051,
1023,
1013,
1022,
1051,
109E,
110A,
1194,
123B,
12FE,
13DC,
14D3,
15E2,
1706,
183F,
1988,
1AE1,
1C46,
1DB4,
1F2A,
20A4,
221E,
2396,
2508,
2672,
27D0,
2921,
2A5F,
2B88,
2C98,
2D8B,
2E60,
2F12,
2FA0,
3006,
3042,
3051,
3033,
2FE3,
2F62,
2EAD,
2DC4,
2CA4,
2B4E,
29C1,
27FC,
2601,
23CE,
2166,
1EC8,
1BF6,
18F2,
15BD,
125A,
0EC9,
0B0F,
072E,
0329,
FF03,
FAC0,
F663,
F1F1,
ED6C,
E8D9,
E43C,
DF99,
DAF5,
D655,
D1BC,
CD2F,
C8B2,
C44A,
BFFC,
BBCB,
B7BC,
B3D2,
B012,
AC80,
A91E,
A5F1,
A2FB,
A03F,
9DC1,
9B83,
9986,
97CC,
9658,
952B,
9444,
93A6,
934F,
9341,
937B,
93FD,
94C6,
95D5,
9728,
98BD,
9A92,
9CA5,
9EF4,
A17B,
A437,
A725,
AA41,
AD88,
B0F6,
B486,
B835,
BBFF,
BFDF,
C3D0,
C7CF,
CBD7,
CFE4,
D3F0,
D7F9,
DBFA,
DFEE,
E3D2,
E7A2,
EB59,
EEF6,
F275,
F5D1,
F909,
FC1A,
FF01,
01BD,
044B,
06A9,
08D7,
0AD4,
0C9E,
0E35,
0F9A,
10CB,
11CA,
1298,
1334,
13A1,
13DF,
13F1,
13D8,
1397,
132F,
12A4,
11F7,
112C,
1046,
0F47,
0E33,
0D0D,
0BD9,
0A9A,
0953,
0807,
06BA,
056E,
0426,
02E7,
01B2,
008A,
FF73,
FE6E,
FD7F,
FCA7,
FBE8,
FB44,
FABC,
FA53,
FA09,
F9DE,
F9D4,
F9EB,
FA24,
FA7D,
FAF8,
FB92,
FC4C,
FD25,
FE1B,
FF2D,
0059,
019E,
02F9,
0468,
05EA,
077B,
091A,
0AC3,
0C74,
0E2B,
0FE4,
119D,
1354,
1504,
16AD,
184A,
19D9,
1B58,
1CC5,
1E1C,
1F5D,
2084,
2191,
2281,
2352,
2405,
2496,
2506,
2554,
2580,
2588,
256E,
2531,
24D1,
2451,
23AF,
22ED,
220D,
2110,
1FF8,
1EC7,
1D7F,
1C22,
1AB3,
1934,
17A7,
1610,
1471,
12CE,
1128,
0F84,
0DE4,
0C4B,
0ABD,
093B,
07CA,
066C,
0523,
03F3,
02DE,
01E5,
010D,
0055,
FFC1,
FF53,
FF0A,
FEEA,
FEF2,
FF25,
FF81,
0008,
00BA,
0197,
029E,
03CF,
0529,
06AA,
0853,
0A20,
0C11,
0E23,
1055,
12A3,
150C,
178D,
1A23,
1CCB,
1F82,
2245,
2510,
27E1,
2AB4,
2D85,
3052,
3316,
35CE,
3878,
3B0F,
3D90,
3FF6,
4241,
446D,
4678,
485F,
4A1E,
4BB5,
4D21,
4E5F,
4F6F,
504F,
50FC,
5178,
51BF,
51D2,
51B1,
515B,
50D0,
5011,
4F1E,
4DF8,
4CA1,
4B18,
4960,
477B,
456A,
432F,
40CC,
3E44,
3B9A,
38CF,
35E7,
32E4,
2FCA,
2C9B,
295C,
260D,
22B4,
1F53,
1BEC,
1884,
151E,
11BB,
0E60,
0B0F,
07CC,
0497,
0176,
FE69,
FB73,
F896,
F5D4,
F330,
F0AA,
EE45,
EC01,
E9E0,
E7E3,
E60B,
E458,
E2CB,
E163,
E022,
DF07,
DE11,
DD40,
DC94,
DC0C,
DBA8,
DB66,
DB45,
DB43,
DB61,
DB9B,
DBF0,
DC60,
DCE8,
DD86,
DE38,
DEFE,
DFD4,
E0B9,
E1AB,
E2A9,
E3B0,
E4BF,
E5D4,
E6EC,
E808,
E924,
EA3F,
EB59,
EC6E,
ED7F,
EE8A,
EF8E,
F08A,
F17E,
F267,
F346,
F419,
F4E1,
F59D,
F64C,
F6EE,
F783,
F80B,
F886,
F8F4,
F956,
F9AA,
F9F2,
FA2E,
FA5F,
FA84,
FA9F,
FAAF,
FAB6,
FAB3,
FAA8,
FA95,
FA7B,
FA5A,
FA32,
FA05,
F9D3,
F99D,
F962,
F927,
F8E9,
F8A8,
F865,
F820,
F7D8,
F790,
F746,
F6FB,
F6AF,
F663,
F616,
F5C9,
F57C,
F52E,
F4E0,
F492,
F444,
F3F5,
F3A6,
F357,
F307,
F2B7,
F267,
F215,
F1C3,
F170,
F11D,
F0C8,
F073,
F01D,
EFC6,
EF6E,
EF15,
EEBC,
EE63,
EE09,
EDAF,
ED56,
ECFE,
ECA6,
EC50,
EBFD,
EBAB,
EB5D,
EB12,
EACB,
EA89,
EA4C,
EA16,
E9E6,
E9BD,
E99D,
E985,
E977,
E973,
E97A,
E98C,
E9AB,
E9D6,
EA0E,
EA55,
EAA9,
EB0C,
EB7F,
EC00,
EC92,
ED33,
EDE4,
EEA6,
EF77,
F059,
F14A,
F24A,
F35A,
F478,
F5A4,
F6DE,
F825,
F978,
FAD6,
FC3F,
FDB1,
FF2B,
00AD,
0234,
03C1,
0551,
06E4,
0878,
0A0C,
0B9F,
0D2E,
0EBA,
1040,
11BF,
1336,
14A4,
1608,
1760,
18AA,
19E7,
1B15,
1C32,
1D3F,
1E3A,
1F22,
1FF7,
20B9,
2166,
21FF,
2283,
22F3,
234D,
2392,
23C3,
23DF,
23E7,
23DC,
23BD,
238C,
2349,
22F5,
2291,
221E,
219D,
210F,
2075,
1FD1,
1F23,
1E6D,
1DB1,
1CEF,
1C29,
1B61,
1A97,
19CD,
1904,
183D,
177A,
16BC,
1603,
1550,
14A5,
1403,
136A,
12DA,
1255,
11DB,
116D,
110A,
10B3,
1068,
1028,
0FF5,
0FCE,
0FB2,
0FA1,
0F9B,
0F9E,
0FAB,
0FC1,
0FDE,
1002,
102C,
105C,
108F,
10C5,
10FD,
1135,
116D,
11A2,
11D5,
1204,
122D,
1250,
126C,
127E,
1287,
1285,
1277,
125D,
1236,
1200,
11BC,
1168,
1105,
1092,
100E,
0F7A,
0ED6,
0E21,
0D59,
0C81,
0B9A,
0AA3,
099E,
088C,
076C,
063F,
0508,
03C6,
027B,
0127,
FFCD,
FE6D,
FD09,
FBA1,
FA38,
F8CF,
F767,
F601,
F4A0,
F343,
F1EE,
F0A1,
EF5C,
EE23,
ECF5,
EBD5,
EAC2,
E9BF,
E8CB,
E7E8,
E716,
E657,
E5AA,
E510,
E48B,
E419,
E3BA,
E370,
E339,
E316,
E306,
E308,
E31C,
E342,
E377,
E3BD,
E410,
E471,
E4DE,
E556,
E5D8,
E662,
E6F3,
E78A,
E824,
E8C1,
E960,
E9FE,
EA9A,
EB33,
EBC8,
EC56,
ECDE,
ED5D,
EDD3,
EE3D,
EE9C,
EEEE,
EF33,
EF69,
EF91,
EFAA,
EFB3,
EFAD,
EF96,
EF70,
EF3B,
EEF6,
EEA3,
EE41,
EDD1,
ED55,
ECCD,
EC3A,
EB9D,
EAF7,
EA4B,
E998,
E8E1,
E826,
E76B,
E6AF,
E5F5,
E53F,
E48E,
E3E3,
E340,
E2A8,
E21B,
E19B,
E12A,
E0C9,
E079,
E03C,
E013,
DFFF,
E001,
E01A,
E04B,
E094,
E0F6,
E172,
E207,
E2B6,
E37E,
E460,
E55B,
E66E,
E799,
E8DC,
EA35,
EBA3,
ED26,
EEBB,
F061,
F218,
F3DC,
F5AE,
F78A,
F96E,
FB5A,
FD4B,
FF3E,
0132,
0325,
0515,
06FF,
08E1,
0ABA,
0C87,
0E46,
0FF6,
1194,
131F,
1495,
15F4,
173C,
186A,
197D,
1A75,
1B50,
1C0D,
1CAB,
1D2B,
1D8B,
1DCC,
1DED,
1DEE,
1DCF,
1D91,
1D33,
1CB8,
1C1F,
1B69,
1A98,
19AD,
18A8,
178C,
165A,
1513,
13B9,
124E,
10D4,
0F4C,
0DB8,
0C1B,
0A76,
08CC,
071D,
056D,
03BC,
020D,
0062,
FEBD,
FD1E,
FB88,
F9FD,
F87D,
F70A,
F5A6,
F451,
F30C,
F1D9,
F0B7,
EFA9,
EEAD,
EDC5,
ECF1,
EC31,
EB85,
EAEC,
EA68,
E9F6,
E997,
E94B,
E910,
E8E6,
E8CB,
E8C0,
E8C3,
E8D2,
E8EE,
E914,
E943,
E97B,
E9B9,
E9FD,
EA46,
EA91,
EADF,
EB2D,
EB7B,
EBC7,
EC10,
EC55,
EC96,
ECD2,
ED08,
ED38,
ED60,
ED82,
ED9B,
EDAC,
EDB5,
EDB6,
EDAF,
EDA0,
ED89,
ED6C,
ED48,
ED1E,
ECEF,
ECBB,
EC84,
EC4A,
EC0F,
EBD3,
EB98,
EB5F,
EB29,
EAF7,
EACA,
EAA5,
EA87,
EA73,
EA69,
EA6B,
EA7A,
EA97,
EAC2,
EAFD,
EB49,
EBA6,
EC15,
EC96,
ED29,
EDD0,
EE89,
EF56,
F035,
F127,
F22C,
F342,
F469,
F5A1,
F6E7,
F83D,
F99F,
FB0D,
FC86,
FE08,
FF92,
0121,
02B4,
044A,
05E0,
0776,
0909,
0A97,
0C1D,
0D9A,
0F0D,
1072,
11C8,
130D,
1440,
155E,
1666,
1757,
182E,
18EB,
198C,
1A10,
1A77,
1ABF,
1AE8,
1AF1,
1ADA,
1AA3,
1A4C,
19D5,
193E,
1889,
17B5,
16C3,
15B5,
148C,
1349,
11EF,
107E,
0EF9,
0D61,
0BB8,
0A00,
083D,
066F,
049A,
02BF,
00E2,
FF05,
FD2A,
FB54,
F986,
F7C1,
F609,
F460,
F2C7,
F143,
EFD4,
EE7C,
ED3E,
EC1C,
EB16,
EA2F,
E969,
E8C3,
E83F,
E7DF,
E7A2,
E789,
E797,
E7C9,
E81F,
E899,
E937,
E9F8,
EADB,
EBDF,
ED03,
EE46,
EFA5,
F11F,
F2B2,
F45D,
F61D,
F7F0,
F9D3,
FBC5,
FDC2,
FFC8,
01D5,
03E6,
05F8,
0809,
0A15,
0C1C,
0E19,
100A,
11ED,
13C0,
1580,
172C,
18C1,
1A3D,
1B9F,
1CE5,
1E0D,
1F17,
2001,
20CB,
2173,
21FA,
225E,
22A1,
22C1,
22C0,
229D,
225A,
21F7,
2176,
20D7,
201C,
1F46,
1E57,
1D51,
1C36,
1B08,
19C9,
187B,
1721,
15BC,
1450,
12DF,
116A,
0FF8,
0E87,
0D1B,
0BB5,
0A59,
0908,
07C5,
0691,
056F,
0460,
0366,
0283,
01B8,
0106,
006E,
FFF2,
FF91,
FF4D,
FF26,
FF1D,
FF30,
FF61,
FFAE,
0017,
009C,
013C,
01F6,
02C8,
03B1,
04B0,
05C3,
06E9,
0820,
0967,
0ABA,
0C18,
0D7F,
0EED,
105F,
11D4,
134A,
14BE,
162F,
1799,
18FC,
1A55,
1BA3,
1CE3,
1E15,
1F35,
2044,
2140,
2227,
22F8,
23B4,
2457,
24E4,
2558,
25B3,
25F6,
2620,
2632,
262B,
260D,
25D6,
2589,
2526,
24AF,
2425,
2388,
22DC,
221F,
2156,
2080,
1FA0,
1EB7,
1DC7,
1CD1,
1BD9,
1ADE,
19E3,
18EA,
17F4,
1704,
1619,
1537,
145E,
138F,
12CD,
1217,
116F,
10D6,
104D,
0FD4,
0F6B,
0F13,
0ECD,
0E99,
0E75,
0E62,
0E5F,
0E6C,
0E88,
0EB2,
0EEA,
0F2D,
0F7B,
0FD3,
1034,
109B,
1107,
1176,
11E7,
1259,
12C8,
1334,
139B,
13FA,
1450,
149B,
14DA,
150A,
152A,
1539,
1534,
151B,
14EC,
14A7,
1448,
13D1,
1340,
1294,
11CD,
10EA,
0FEC,
0ED3,
0D9D,
0C4D,
0AE1,
095C,
07BD,
0605,
0436,
0251,
0057,
FE49,
FC2A,
F9FA,
F7BD,
F572,
F31E,
F0C1,
EE5E,
EBF7,
E98D,
E725,
E4BE,
E25D,
E002,
DDB1,
DB6B,
D933,
D70A,
D4F2,
D2ED,
D0FC,
CF22,
CD60,
CBB6,
CA28,
C8B4,
C75D,
C623,
C507,
C409,
C329,
C269,
C1C7,
C143,
C0DE,
C096,
C06C,
C05E,
C06B,
C093,
C0D4,
C12C,
C19C,
C220,
C2B8,
C362,
C41D,
C4E6,
C5BC,
C69D,
C788,
C87A,
C971,
CA6C,
CB69,
CC67,
CD63,
CE5D,
CF52,
D041,
D129,
D209,
D2DF,
D3AC,
D46D,
D522,
D5CB,
D667,
D6F6,
D777,
D7EC,
D853,
D8AD,
D8FB,
D93D,
D973,
D9A0,
D9C2,
D9DC,
D9ED,
D9F8,
D9FE,
DA01,
DA01,
DA00,
DA00,
DA01,
DA07,
DA11,
DA22,
DA3C,
DA5E,
DA8B,
DAC5,
DB0C,
DB61,
DBC6,
DC3B,
DCC1,
DD59,
DE04,
DEC2,
DF93,
E078,
E16F,
E27A,
E398,
E4C8,
E60A,
E75D,
E8C0,
EA32,
EBB1,
ED3D,
EED3,
F073,
F21A,
F3C6,
F577,
F729,
F8DA,
FA89,
FC34,
FDD7,
FF72,
0101,
0283,
03F6,
0556,
06A3,
07DA,
08F9,
09FF,
0AE9,
0BB6,
0C65,
0CF4,
0D62,
0DAF,
0DD8,
0DDF,
0DC1,
0D80,
0D18,
0C8C,
0BDC,
0B09,
0A14,
08FD,
07C6,
0671,
04FE,
0370,
01C8,
0009,
FE35,
FC4F,
FA58,
F854,
F646,
F430,
F215,
EFF9,
EDDF,
EBC9,
E9BC,
E7B9,
E5C5,
E3E2,
E214,
E05D,
DEC0,
DD40,
DBE0,
DAA2,
D989,
D897,
D7CD,
D72E,
D6BC,
D676,
D65F,
D678,
D6C0,
D739,
D7E2,
D8BB,
D9C4,
DAFC,
DC62,
DDF6,
DFB4,
E19C,
E3AD,
E5E2,
E83B,
EAB5,
ED4C,
EFFE,
F2C8,
F5A7,
F896,
FB93,
FE9A,
01A8,
04B7,
07C6,
0AD0,
0DD0,
10C5,
13A9,
167A,
1934,
1BD3,
1E55,
20B6,
22F3,
2509,
26F7,
28B9,
2A4E,
2BB3,
2CE7,
2DE9,
2EB8,
2F52,
2FB8,
2FE8,
2FE4,
2FAB,
2F3D,
2E9C,
2DC9,
2CC6,
2B93,
2A32,
28A7,
26F3,
2519,
2319,
20FA,
1EBD,
1C66,
19F9,
1778,
14E8,
124C,
0FA8,
0CFF,
0A56,
07AF,
0510,
027B,
FFF4,
FD7E,
FB1E,
F8D6,
F6A9,
F49A,
F2AC,
F0E2,
EF3E,
EDC1,
EC6F,
EB49,
EA4F,
E984,
E8E9,
E87C,
E841,
E835,
E859,
E8AC,
E92F,
E9DF,
EABC,
EBC5,
ECF7,
EE51,
EFD0,
F172,
F335,
F516,
F711,
F924,
FB4C,
FD85,
FFCC,
021E,
0476,
06D2,
092E,
0B85,
0DD6,
101B,
1252,
1477,
1688,
1880,
1A5C,
1C1B,
1DB9,
1F34,
2088,
21B4,
22B7,
238E,
2438,
24B5,
2503,
2521,
250F,
24CE,
245C,
23BB,
22EB,
21ED,
20C2,
1F6C,
1DEC,
1C44,
1A77,
1886,
1674,
1445,
11FA,
0F96,
0D1E,
0A93,
07FA,
0556,
02AB,
FFFB,
FD4B,
FA9E,
F7FA,
F560,
F2D4,
F059,
EDF1,
EBA0,
E96A,
E750,
E556,
E37D,
E1C8,
E039,
DED2,
DD95,
DC81,
DB9A,
DADE,
DA50,
D9EF,
D9BA,
D9B3,
D9D8,
DA28,
DAA3,
DB48,
DC13,
DD05,
DE1B,
DF53,
E0AB,
E220,
E3AF,
E559,
E717,
E8E7,
EAC6,
ECB1,
EEA6,
F0A0,
F29D,
F49A,
F695,
F889,
FA76,
FC57,
FE2B,
FFEF,
01A1,
033F,
04C8,
0639,
0792,
08D2,
09F7,
0B01,
0BF0,
0CC4,
0D7C,
0E19,
0E9C,
0F05,
0F55,
0F8E,
0FB1,
0FC1,
0FBF,
0FAC,
0F8A,
0F5C,
0F24,
0EE5,
0EA0,
0E59,
0E11,
0DCC,
0D8C,
0D53,
0D24,
0D01,
0CEC,
0CE7,
0CF4,
0D16,
0D4C,
0D9A,
0DFF,
0E7D,
0F15,
0FC7,
1093,
1179,
1278,
1391,
14C2,
160B,
1769,
18DE,
1A66,
1BFE,
1DA5,
1F57,
2113,
22D6,
249C,
2663,
2827,
29E6,
2B9B,
2D45,
2EDF,
3066,
31D8,
3330,
346C,
358A,
3685,
375D,
380D,
3895,
38F2,
3922,
3924,
38F6,
3899,
380A,
374B,
365A,
3538,
33E4,
3261,
30AF,
2ED0,
2CC7,
2A95,
283C,
25C0,
2323,
2068,
1D92,
1AA5,
17A6,
1496,
117B,
0E58,
0B31,
080B,
04E9,
01D0,
FEC4,
FBC8,
F8E0,
F610,
F35C,
F0C7,
EE55,
EC07,
E9E1,
E7E6,
E617,
E477,
E306,
E1C6,
E0B8,
DFDD,
DF36,
DEC2,
DE82,
DE74,
DE99,
DEEE,
DF72,
E025,
E103,
E20A,
E339,
E48D,
E602,
E796,
E945,
EB0C,
ECE9,
EED7,
F0D2,
F2D8,
F4E5,
F6F6,
F906,
FB12,
FD17,
FF13,
0101,
02DF,
04A9,
065E,
07FB,
097D,
0AE4,
0C2E,
0D58,
0E62,
0F4B,
1013,
10B8,
113C,
119D,
11DD,
11FB,
11FA,
11D9,
119B,
1141,
10CD,
1040,
0F9C,
0EE5,
0E1C,
0D43,
0C5D,
0B6D,
0A75,
0978,
0879,
077A,
067E,
0585,
0495,
03AE,
02D4,
0209,
014E,
00A6,
0012,
FF93,
FF2C,
FEDC,
FEA5,
FE88,
FE84,
FE9B,
FECD,
FF18,
FF7D,
FFFB,
0092,
0140,
0204,
02DD,
03C9,
04C6,
05D3,
06EE,
0814,
0943,
0A79,
0BB4,
0CF0,
0E2C,
0F65,
1097,
11C2,
12E2,
13F4,
14F7,
15E8,
16C4,
178A,
1837,
18CA,
1941,
1999,
19D2,
19EA,
19E0,
19B3,
1962,
18ED,
1853,
1795,
16B1,
15A8,
147B,
132A,
11B7,
1021,
0E6A,
0C94,
0AA0,
0890,
0664,
0420,
01C6,
FF58,
FCD9,
FA4B,
F7B0,
F50C,
F261,
EFB2,
ED02,
EA53,
E7A9,
E507,
E26F,
DFE5,
DD6A,
DB03,
D8B1,
D677,
D459,
D257,
D075,
CEB4,
CD18,
CBA0,
CA51,
C92A,
C82D,
C75C,
C6B7,
C640,
C5F8,
C5DE,
C5F2,
C635,
C6A7,
C746,
C812,
C90B,
CA2E,
CB7C,
CCF2,
CE8F,
D051,
D235,
D43A,
D65D,
D89C,
DAF4,
DD63,
DFE5,
E277,
E516,
E7C0,
EA70,
ED24,
EFD9,
F28A,
F536,
F7D8,
FA6D,
FCF2,
FF64,
01C3,
0408,
0632,
083D,
0A28,
0BEF,
0D90,
0F09,
1059,
117E,
1276,
1340,
13DB,
1446,
1481,
148C,
1465,
140E,
1387,
12D0,
11EA,
10D7,
0F97,
0E2D,
0C9A,
0AE0,
0901,
0700,
04DF,
02A1,
0048,
FDD9,
FB56,
F8C3,
F623,
F378,
F0C7,
EE13,
EB60,
E8B1,
E609,
E36C,
E0DE,
DE62,
DBFB,
D9AC,
D779,
D565,
D373,
D1A4,
CFFD,
CE7F,
CD2C,
CC07,
CB11,
CA4D,
C9BA,
C95C,
C932,
C93E,
C97F,
C9F7,
CAA5,
CB8A,
CCA4,
CDF3,
CF77,
D12F,
D318,
D532,
D77C,
D9F2,
DC94,
DF60,
E251,
E568,
E89F,
EBF6,
EF69,
F2F6,
F698,
FA4E,
FE14,
01E7,
05C3,
09A6,
0D8D,
1174,
1558,
1936,
1D0B,
20D4,
248E,
2836,
2BCB,
2F48,
32AA,
35F0,
3918,
3C20,
3F07,
41CA,
4468,
46DF,
492E,
4B55,
4D51,
4F23,
50C9,
5244,
5392,
54B4,
55AA,
5674,
5712,
5785,
57CE,
57EC,
57E2,
57B0,
5757,
56D8,
5635,
5570,
5489,
5382,
525E,
511D,
4FC3,
4E51,
4CC7,
4B29,
4977,
47B4,
45E2,
4402,
4216,
4021,
3E23,
3C1F,
3A17,
380C,
35FF,
33F3,
31E9,
2FE3,
2DE1,
2BE6,
29F2,
2807,
2625,
244F,
2284,
20C6,
1F16,
1D75,
1BE2,
1A5F,
18ED,
178B,
163C,
14FE,
13D2,
12B8,
11B1,
10BC,
0FD9,
0F09,
0E4B,
0D9F,
0D04,
0C7C,
0C05,
0B9F,
0B4A,
0B06,
0AD1,
0AAD,
0A97,
0A90,
0A97,
0AAD,
0ACF,
0AFE,
0B39,
0B7F,
0BD1,
0C2D,
0C92,
0D01,
0D78,
0DF7,
0E7D,
0F0A,
0F9C,
1034,
10D0,
1171,
1214,
12BB,
1363,
140C,
14B6,
155F,
1608,
16AF,
1753,
17F5,
1893,
192D,
19C1,
1A50,
1AD8,
1B5A,
1BD3,
1C45,
1CAD,
1D0B,
1D60,
1DA9,
1DE7,
1E1A,
1E40,
1E59,
1E65,
1E63,
1E53,
1E35,
1E09,
1DCD,
1D83,
1D29,
1CC0,
1C48,
1BC0,
1B29,
1A83,
19CE,
190A,
1837,
1756,
1666,
1569,
145F,
1349,
1226,
10F7,
0FBE,
0E7A,
0D2D,
0BD7,
0A79,
0914,
07A9,
0638,
04C3,
034A,
01CF,
0052,
FED4,
FD56,
FBD9,
FA5E,
F8E6,
F772,
F603,
F499,
F336,
F1DA,
F085,
EF39,
EDF7,
ECBE,
EB8F,
EA6B,
E953,
E846,
E745,
E650,
E568,
E48C,
E3BD,
E2FA,
E243,
E199,
E0FB,
E068,
DFE1,
DF67,
DEF7,
DE91,
DE34,
DDE0,
DD94,
DD4F,
DD10,
DCD7,
DCA3,
DC73,
DC46,
DC1C,
DBF3,
DBCB,
DBA3,
DB79,
DB4E,
DB20,
DAEE,
DAB9,
DA7E,
DA3E,
D9F8,
D9AB,
D957,
D8FB,
D897,
D82B,
D7B6,
D739,
D6B3,
D624,
D58D,
D4EE,
D446,
D396,
D2DF,
D221,
D15D,
D093,
CFC4,
CEF1,
CE1B,
CD42,
CC68,
CB8E,
CAB5,
C9DE,
C90A,
C83B,
C772,
C6AF,
C5F5,
C545,
C4A0,
C408,
C37D,
C301,
C296,
C23C,
C1F4,
C1C1,
C1A2,
C199,
C1A6,
C1CC,
C209,
C260,
C2D0,
C35B,
C400,
C4C0,
C59B,
C691,
C7A2,
C8CE,
CA14,
CB75,
CCEF,
CE82,
D02E,
D1F0,
D3C9,
D5B7,
D7BA,
D9CE,
DBF4,
DE2A,
E06E,
E2BE,
E518,
E77C,
E9E6,
EC56,
EEC8,
F13C,
F3AE,
F61D,
F886,
FAE8,
FD40,
FF8C,
01CB,
03FA,
0617,
0820,
0A14,
0BF1,
0DB5,
0F5E,
10EC,
125C,
13AD,
14DE,
15EE,
16DD,
17A8,
1851,
18D5,
1934,
196F,
1984,
1975,
1940,
18E7,
186A,
17C8,
1701,
1618,
150D,
13E1,
1296,
112D,
0FA8,
0E06,
0C4B,
0A78,
088F,
0691,
0480,
025E,
002E,
FDF1,
FBA8,
F957,
F700,
F4A4,
F245,
EFE6,
ED89,
EB30,
E8DC,
E690,
E44E,
E217,
DFED,
DDD3,
DBCA,
D9D2,
D7EC,
D61A,
D45F,
D2BD,
D133,
CFC3,
CE6E,
CD35,
CC18,
CB18,
CA36,
C971,
C8CB,
C842,
C7D7,
C78A,
C75A,
C748,
C753,
C779,
C7BC,
C819,
C890,
C921,
C9CA,
CA89,
CB5F,
CC4A,
CD49,
CE5A,
CF7C,
D0AE,
D1EE,
D33B,
D494,
D5F8,
D764,
D8D9,
DA54,
DBD4,
DD57,
DEDD,
E064,
E1EB,
E370,
E4F3,
E673,
E7EE,
E963,
EAD1,
EC38,
ED96,
EEEC,
F037,
F178,
F2AE,
F3D8,
F4F6,
F607,
F70C,
F803,
F8EE,
F9CB,
FA9A,
FB5B,
FC0F,
FCB5,
FD4E,
FDDA,
FE59,
FECB,
FF32,
FF8C,
FFDB,
001F,
0058,
0087,
00AC,
00C8,
00DC,
00E7,
00EA,
00E7,
00DD,
00CC,
00B7,
009C,
007D,
0059,
0033,
0009,
FFDD,
FFAE,
FF7E,
FF4C,
FF19,
FEE5,
FEB0,
FE7B,
FE46,
FE11,
FDDD,
FDAA,
FD78,
FD47,
FD17,
FCE8,
FCBA,
FC8D,
FC62,
FC37,
FC0E,
FBE6,
FBBF,
FB98,
FB72,
FB4D,
FB29,
FB04,
FAE0,
FABC,
FA98,
FA74,
FA4F,
FA29,
FA03,
F9DD,
F9B5,
F98D,
F964,
F93A,
F90E,
F8E1,
F8B3,
F884,
F853,
F820,
F7ED,
F7B8,
F781,
F749,
F710,
F6D6,
F69B,
F65F,
F622,
F5E5,
F5A7,
F568,
F52A,
F4EC,
F4AE,
F470,
F434,
F3F8,
F3BE,
F385,
F34E,
F319,
F2E6,
F2B6,
F289,
F25E,
F237,
F214,
F1F4,
F1D9,
F1C2,
F1B0,
F1A3,
F19B,
F199,
F19D,
F1A6,
F1B7,
F1CD,
F1EA,
F20F,
F23A,
F26C,
F2A6,
F2E7,
F330,
F381,
F3D9,
F439,
F4A0,
F510,
F586,
F605,
F68A,
F717,
F7AB,
F847,
F8E8,
F990,
FA3E,
FAF2,
FBAB,
FC69,
FD2C,
FDF3,
FEBF,
FF8E,
0060,
0135,
020C,
02E6,
03C0,
049C,
0579,
0655,
0732,
080D,
08E7,
09C0,
0A96,
0B6A,
0C3B,
0D09,
0DD3,
0E99,
0F5A,
1016,
10D0,
1185,
1233,
12DC,
137E,
141B,
14B0,
153F,
15C7,
1648,
16C3,
1737,
17A4,
180A,
186A,
18C4,
1917,
1964,
19AC,
19EE,
1A2B,
1A64,
1A97,
1AC7,
1AF3,
1B1B,
1B41,
1B64,
1B85,
1BA4,
1BC3,
1BE0,
1BFD,
1C19,
1C36,
1C54,
1C73,
1C95,
1CB8,
1CDE,
1D07,
1D33,
1D62,
1D96,
1DCE,
1E0A,
1E4B,
1E91,
1EDB,
1F2B,
1F7F,
1FD8,
2036,
209A,
2101,
216D,
21DE,
2252,
22CA,
2345,
23C3,
2443,
24C5,
2548,
25CB,
264E,
26D0,
2751,
27D0,
284C,
28C4,
2938,
29A8,
2A11,
2A73,
2ACE,
2B21,
2B6A,
2BAA,
2BDF,
2C09,
2C26,
2C37,
2C3A,
2C30,
2C17,
2BEF,
2BB7,
2B70,
2B19,
2AB1,
2A3A,
29B1,
2918,
286E,
27B4,
26EC,
2613,
252B,
2434,
232F,
221B,
20FA,
1FCD,
1E94,
1D50,
1C02,
1AAC,
194D,
17E8,
167E,
150F,
139E,
122B,
10B8,
0F45,
0DD6,
0C6A,
0B03,
09A2,
0849,
06FA,
05B5,
047B,
034F,
0230,
0121,
0021,
FF33,
FE57,
FD8D,
FCD6,
FC34,
FBA6,
FB2D,
FAC9,
FA7A,
FA42,
FA1F,
FA12,
FA1A,
FA38,
FA6B,
FAB2,
FB0C,
FB7A,
FBFA,
FC8B,
FD2D,
FDDE,
FE9D,
FF69,
0040,
0121,
020A,
02FB,
03F1,
04EA,
05E6,
06E2,
07DC,
08D3,
09C5,
0AB1,
0B95,
0C6E,
0D3D,
0DFE,
0EB1,
0F54,
0FE6,
1065,
10D1,
1128,
1169,
1194,
11A8,
11A4,
1188,
1153,
1105,
109E,
101F,
0F87,
0ED7,
0E0F,
0D30,
0C3A,
0B30,
0A11,
08DF,
079B,
0648,
04E5,
0376,
01FB,
0077,
FEEB,
FD5A,
FBC6,
FA30,
F89B,
F709,
F57C,
F3F7,
F27B,
F10B,
EFAA,
EE58,
ED19,
EBEE,
EAD9,
E9DC,
E8FA,
E832,
E788,
E6FC,
E690,
E645,
E61C,
E616,
E633,
E674,
E6D9,
E764,
E812,
E8E5,
E9DC,
EAF6,
EC32,
ED90,
EF0E,
F0AC,
F268,
F43F,
F631,
F83C,
FA5D,
FC93,
FEDA,
0131,
0395,
0604,
087A,
0AF6,
0D73,
0FF1,
126B,
14DE,
1749,
19A8,
1BF8,
1E36,
2061,
2274,
246F,
264E,
280F,
29AF,
2B2D,
2C88,
2DBC,
2EC8,
2FAC,
3066,
30F4,
3156,
318C,
3195,
3171,
311F,
30A1,
2FF6,
2F1F,
2E1E,
2CF2,
2B9E,
2A22,
2881,
26BC,
24D6,
22D0,
20AD,
1E6F,
1C1A,
19AF,
1731,
14A4,
120A,
0F66,
0CBC,
0A0F,
0762,
04B8,
0215,
FF7B,
FCEE,
FA70,
F806,
F5B1,
F376,
F155,
EF52,
ED70,
EBB1,
EA16,
E8A2,
E757,
E636,
E541,
E478,
E3DD,
E370,
E333,
E324,
E345,
E395,
E414,
E4C1,
E59C,
E6A1,
E7D1,
E92A,
EAAB,
EC53,
EE1E,
F00B,
F218,
F441,
F685,
F8E0,
FB50,
FDD2,
0062,
02FE,
05A3,
084C,
0AF8,
0DA2,
1048,
12E7,
157A,
1800,
1A75,
1CD6,
1F20,
2151,
2366,
255D,
2733,
28E6,
2A75,
2BDD,
2D1C,
2E32,
2F1D,
2FDD,
3070,
30D5,
310E,
3119,
30F6,
30A6,
3028,
2F7F,
2EAA,
2DAB,
2C84,
2B34,
29BE,
2825,
2669,
248D,
2293,
207E,
1E4F,
1C0B,
19B2,
1749,
14D1,
124E,
0FC3,
0D33,
0AA0,
080C,
057D,
02F4,
0074,
FE00,
FB9B,
F948,
F708,
F4DF,
F2CF,
F0DA,
EF01,
ED48,
EBB0,
EA3A,
E8E7,
E7BA,
E6B3,
E5D3,
E51B,
E48C,
E425,
E3E7,
E3D3,
E3E7,
E424,
E489,
E516,
E5C9,
E6A1,
E79E,
E8BE,
E9FE,
EB5F,
ECDE,
EE79,
F030,
F1FF,
F3E5,
F5E0,
F7ED,
FA0A,
FC35,
FE6C,
00AB,
02F2,
053D,
078A,
09D6,
0C21,
0E66,
10A4,
12D9,
1503,
1720,
192E,
1B2A,
1D14,
1EEA,
20AA,
2253,
23E3,
255A,
26B7,
27F8,
291D,
2A26,
2B11,
2BDE,
2C8D,
2D1E,
2D91,
2DE6,
2E1D,
2E36,
2E32,
2E12,
2DD5,
2D7D,
2D0B,
2C80,
2BDB,
2B20,
2A4D,
2966,
286A,
275C,
263C,
250C,
23CD,
2280,
2127,
1FC4,
1E57,
1CE2,
1B66,
19E5,
185F,
16D7,
154C,
13C2,
1239,
10B1,
0F2D,
0DAC,
0C31,
0ABC,
094D,
07E6,
0688,
0533,
03E8,
02A6,
0170,
0045,
FF26,
FE13,
FD0D,
FC12,
FB25,
FA45,
F971,
F8AA,
F7F0,
F744,
F6A3,
F610,
F589,
F50E,
F49F,
F43C,
F3E5,
F398,
F356,
F31E,
F2F1,
F2CC,
F2B1,
F29E,
F294,
F291,
F296,
F2A1,
F2B3,
F2CB,
F2E9,
F30B,
F333,
F35F,
F38F,
F3C3,
F3FA,
F435,
F472,
F4B2,
F4F4,
F539,
F57F,
F5C8,
F612,
F660,
F6AF,
F700,
F753,
F7A7,
F7FC,
F852,
F8AA,
F904,
F95F,
F9BB,
FA1A,
FA7A,
FADC,
FB40,
FBA6,
FC0E,
FC79,
FCE7,
FD58,
FDCB,
FE42,
FEBC,
FF3A,
FFBB,
0041,
00CA,
0158,
01EA,
0280,
031B,
03BB,
045E,
0505,
05B1,
0663,
071A,
07D6,
0897,
095E,
0A2A,
0AFC,
0BD2,
0CAE,
0D8F,
0E75,
0F5F,
104E,
1142,
1239,
1335,
1434,
1537,
163C,
1744,
184F,
195B,
1A68,
1B76,
1C84,
1D92,
1E9F,
1FAA,
20B4,
21B9,
22BB,
23B9,
24B2,
25A6,
2693,
2778,
2856,
292B,
29F7,
2AB8,
2B6E,
2C17,
2CB5,
2D44,
2DC5,
2E37,
2E9A,
2EEB,
2F2C,
2F5B,
2F77,
2F80,
2F76,
2F57,
2F25,
2EDD,
2E81,
2E0F,
2D88,
2CEB,
2C39,
2B73,
2A99,
29A9,
28A4,
278B,
265E,
251E,
23CB,
2266,
20EF,
1F68,
1DD2,
1C2D,
1A7B,
18BC,
16F3,
1520,
1344,
1161,
0F79,
0D8D,
0B9E,
09AF,
07C0,
05D3,
03EA,
0206,
002A,
FE56,
FC8C,
FACE,
F91E,
F77C,
F5EA,
F46A,
F2FD,
F1A5,
F062,
EF36,
EE21,
ED25,
EC43,
EB7A,
EACC,
EA3A,
E9C3,
E967,
E928,
E905,
E8FE,
E912,
E941,
E98C,
E9F0,
EA6E,
EB05,
EBB3,
EC78,
ED53,
EE42,
EF44,
F057,
F17B,
F2AD,
F3EC,
F537,
F68C,
F7E8,
F949,
FAAF,
FC16,
FD7E,
FEE3,
0045,
01A1,
02F5,
0440,
0580,
06B4,
07D8,
08ED,
09F0,
0AE1,
0BBD,
0C84,
0D34,
0DCD,
0E4E,
0EB7,
0F05,
0F3A,
0F55,
0F56,
0F3D,
0F0A,
0EBD,
0E58,
0DDB,
0D45,
0C99,
0BD7,
0B00,
0A15,
0919,
080C,
06F0,
05C7,
0492,
0354,
020E,
00C2,
FF72,
FE21,
FCD0,
FB82,
FA38,
F8F4,
F7B9,
F689,
F565,
F44F,
F34A,
F255,
F175,
F0A9,
EFF3,
EF54,
EECE,
EE5F,
EE0B,
EDD2,
EDB4,
EDB1,
EDCA,
EDFF,
EE50,
EEBB,
EF41,
EFE0,
F098,
F168,
F24E,
F34A,
F459,
F579,
F6AA,
F7E8,
F933,
FA87,
FBE3,
FD44,
FEA7,
000B,
016D,
02C9,
041F,
056A,
06AA,
07DA,
08F9,
0A04,
0AF9,
0BD6,
0C98,
0D3F,
0DC7,
0E30,
0E78,
0E9D,
0E9E,
0E7A,
0E31,
0DC1,
0D2A,
0C6D,
0B88,
0A7D,
094B,
07F3,
0677,
04D7,
0314,
0130,
FF2D,
FD0D,
FAD1,
F87C,
F611,
F392,
F101,
EE63,
EBB8,
E906,
E64F,
E395,
E0DE,
DE2B,
DB80,
D8E2,
D652,
D3D5,
D16E,
CF20,
CCEF,
CADD,
C8EE,
C724,
C582,
C40A,
C2C0,
C1A5,
C0BC,
C005,
BF83,
BF37,
BF22,
BF45,
BFA0,
C035,
C102,
C208,
C346,
C4BC,
C669,
C84C,
CA63,
CCAC,
CF25,
D1CC,
D49F,
D79B,
DABC,
DE01,
E165,
E4E5,
E87E,
EC2D,
EFEC,
F3B9,
F790,
FB6C,
FF49,
0324,
06F9,
0AC2,
0E7E,
1226,
15B9,
1931,
1C8B,
1FC5,
22D9,
25C6,
2888,
2B1D,
2D82,
2FB4,
31B1,
3378,
3506,
365B,
3776,
3854,
38F7,
395D,
3987,
3975,
3927,
389E,
37DB,
36DF,
35AD,
3445,
32AA,
30DD,
2EE2,
2CBB,
2A6B,
27F4,
255A,
22A1,
1FCA,
1CDA,
19D5,
16BD,
1397,
1066,
0D2D,
09F0,
06B2,
0378,
0045,
FD1C,
FA00,
F6F5,
F3FD,
F11C,
EE54,
EBA7,
E918,
E6A9,
E45C,
E233,
E02E,
DE4F,
DC98,
DB09,
D9A2,
D864,
D74F,
D662,
D59E,
D502,
D48D,
D43D,
D412,
D40B,
D426,
D460,
D4B9,
D52C,
D5B9,
D65E,
D718,
D7E6,
D8C4,
D9B0,
DAA7,
DBA8,
DCAE,
DDB8,
DEC4,
DFCE,
E0D4,
E1D4,
E2CB,
E3B8,
E499,
E56B,
E62C,
E6DC,
E778,
E7FF,
E870,
E8CB,
E90E,
E939,
E94B,
E944,
E924,
E8EC,
E89B,
E833,
E7B3,
E71D,
E672,
E5B3,
E4E1,
E3FE,
E30C,
E20B,
E0FF,
DFE8,
DECA,
DDA5,
DC7D,
DB53,
DA2A,
D903,
D7E2,
D6C7,
D5B6,
D4B1,
D3B9,
D2D0,
D1FA,
D136,
D088,
CFF0,
CF70,
CF0A,
CEBE,
CE8E,
CE7B,
CE87,
CEB1,
CEFA,
CF61,
CFE7,
D08B,
D14D,
D22D,
D32A,
D444,
D578,
D6C7,
D82E,
D9AD,
DB41,
DCEA,
DEA4,
E070,
E249,
E430,
E620,
E818,
EA17,
EC19,
EE1C,
F01E,
F21E,
F418,
F60A,
F7F3,
F9D1,
FBA0,
FD60,
FF0E,
00AA,
0231,
03A2,
04FC,
063D,
0765,
0873,
0966,
0A3D,
0AF9,
0B98,
0C1B,
0C83,
0CCE,
0CFF,
0D14,
0D10,
0CF3,
0CBD,
0C71,
0C0F,
0B99,
0B11,
0A77,
09CE,
0917,
0854,
0787,
06B2,
05D7,
04F9,
0417,
0336,
0255,
0178,
00A0,
FFCF,
FF06,
FE47,
FD94,
FCEE,
FC55,
FBCC,
FB53,
FAEC,
FA96,
FA53,
FA23,
FA07,
F9FE,
FA09,
FA27,
FA59,
FA9D,
FAF4,
FB5C,
FBD6,
FC5F,
FCF6,
FD9C,
FE4D,
FF0A,
FFD2,
00A1,
0177,
0252,
0330,
0410,
04EF,
05CB,
06A4,
0777,
0842,
0904,
09BC,
0A66,
0B03,
0B90,
0C0D,
0C77,
0CCE,
0D10,
0D3E,
0D55,
0D56,
0D3F,
0D11,
0CCC,
0C6E,
0BF8,
0B6B,
0AC7,
0A0C,
093C,
0855,
075A,
064B,
052A,
03F9,
02B8,
016A,
0010,
FEAB,
FD3D,
FBC9,
FA51,
F8D5,
F759,
F5DE,
F466,
F2F3,
F188,
F026,
EED0,
ED86,
EC4B,
EB21,
EA09,
E905,
E815,
E73D,
E67C,
E5D4,
E545,
E4D1,
E477,
E439,
E415,
E40E,
E422,
E452,
E49C,
E502,
E582,
E61B,
E6CE,
E797,
E878,
E96E,
EA77,
EB93,
ECC1,
EDFD,
EF48,
F09E,
F1FE,
F366,
F4D5,
F648,
F7BE,
F934,
FAA8,
FC19,
FD85,
FEEA,
0047,
0199,
02DF,
0415,
053D,
0655,
075B,
084F,
0930,
09FC,
0AB4,
0B57,
0BE4,
0C5B,
0CBD,
0D08,
0D3E,
0D5F,
0D6B,
0D62,
0D46,
0D18,
0CD9,
0C89,
0C2A,
0BBD,
0B44,
0AC0,
0A32,
099D,
0903,
0863,
07C2,
071F,
067E,
05DE,
0543,
04AD,
0420,
039B,
0321,
02B3,
0252,
0200,
01BE,
018C,
016B,
015C,
0160,
0177,
01A1,
01DF,
022F,
0293,
030A,
0392,
042C,
04D7,
0591,
0659,
072F,
0811,
08FD,
09F1,
0AEC,
0BED,
0CF0,
0DF5,
0EF9,
0FF9,
10F5,
11E9,
12D3,
13B1,
1482,
1542,
15F1,
168B,
1710,
177D,
17D1,
180A,
1826,
1825,
1805,
17C4,
1763,
16E1,
163C,
1575,
148C,
1380,
1252,
1101,
0F90,
0DFE,
0C4C,
0A7D,
0890,
0688,
0467,
022E,
FFDE,
FD7B,
FB07,
F884,
F5F4,
F35A,
F0BA,
EE15,
EB6F,
E8CA,
E62B,
E392,
E104,
DE84,
DC13,
D9B6,
D76F,
D541,
D32F,
D13A,
CF66,
CDB4,
CC27,
CAC1,
C983,
C870,
C788,
C6CD,
C640,
C5E4,
C5B7,
C5BA,
C5EC,
C64E,
C6DF,
C79E,
C88C,
C9A6,
CAEC,
CC5B,
CDF4,
CFB2,
D196,
D39B,
D5C0,
D803,
DA60,
DCD4,
DF5D,
E1F8,
E4A0,
E754,
EA0F,
ECCF,
EF8F,
F24D,
F505,
F7B3,
FA55,
FCE6,
FF64,
01CC,
041B,
064D,
0860,
0A51,
0C1E,
0DC5,
0F43,
1097,
11BE,
12B8,
1383,
141F,
1489,
14C3,
14CB,
14A2,
1448,
13BD,
1303,
1219,
1101,
0FBD,
0E4E,
0CB6,
0AF8,
0914,
070F,
04E9,
02A7,
004B,
FDD9,
FB51,
F8B9,
F615,
F366,
F0B1,
EDFA,
EB43,
E891,
E5E7,
E348,
E0B9,
DE3B,
DBD4,
D985,
D752,
D53E,
D34D,
D17F,
CFD9,
CE5D,
CD0C,
CBE9,
CAF6,
CA34,
C9A5,
C949,
C922,
C931,
C976,
C9F1,
CAA2,
CB8A,
CCA6,
CDF7,
CF7C,
D135,
D31F,
D53A,
D783,
D9FA,
DC9C,
DF67,
E258,
E56D,
E8A4,
EBFA,
EF6C,
F2F7,
F698,
FA4D,
FE12,
01E4,
05BF,
09A2,
0D88,
116E,
1552,
1930,
1D05,
20CF,
248A,
2834,
2BC9,
2F48,
32AD,
35F6,
3922,
3C2E,
3F18,
41DF,
4480,
46FA,
494D,
4B76,
4D75,
4F49,
50F2,
526E,
53BE,
54E1,
55D8,
56A2,
5740,
57B2,
57F9,
5816,
580A,
57D5,
5779,
56F6,
564F,
5585,
5499,
538E,
5263,
511D,
4FBC,
4E41,
4CB0,
4B0A,
4950,
4785,
45AB,
43C4,
41D1,
3FD4,
3DD0,
3BC7,
39B9,
37AA,
359A,
338B,
317F,
2F78,
2D77,
2B7D,
298C,
27A5,
25C8,
23F8,
2235,
207F,
1ED9,
1D42,
1BBB,
1A44,
18DF,
178B,
1647,
1516,
13F6,
12E9,
11ED,
1104,
102D,
0F67,
0EB3,
0E11,
0D7F,
0CFE,
0C8E,
0C2E,
0BDD,
0B9B,
0B68,
0B43,
0B2C,
0B22,
0B25,
0B34,
0B4E,
0B74,
0BA4,
0BDF,
0C23,
0C70,
0CC6,
0D24,
0D8A,
0DF7,
0E69,
0EE2,
0F60,
0FE4,
106C,
10F9,
1189,
121D,
12B3,
134C,
13E7,
1484,
1521,
15BE,
165B,
16F8,
1793,
182D,
18C3,
1957,
19E7,
1A72,
1AF9,
1B79,
1BF3,
1C66,
1CD1,
1D34,
1D8D,
1DDC,
1E20,
1E59,
1E87,
1EA8,
1EBB,
1EC0,
1EB7,
1E9E,
1E76,
1E3D,
1DF3,
1D98,
1D2C,
1CAD,
1C1C,
1B79,
1AC3,
19FB,
1920,
1833,
1734,
1623,
1500,
13CC,
1288,
1134,
0FD1,
0E5F,
0CE0,
0B55,
09BF,
081E,
0674,
04C3,
030E,
0153,
FF95,
FDD6,
FC16,
FA58,
F89C,
F6E4,
F533,
F388,
F1E7,
F050,
EEC5,
ED47,
EBD8,
EA79,
E92B,
E7EF,
E6C7,
E5B3,
E4B5,
E3CD,
E2FB,
E242,
E1A0,
E116,
E0A5,
E04D,
E00D,
DFE6,
DFD7,
DFE1,
E004,
E03D,
E08E,
E0F3,
E16E,
E1FC,
E29D,
E350,
E414,
E4E7,
E5C8,
E6B7,
E7B1,
E8B5,
E9C3,
EAD8,
EBF4,
ED15,
EE39,
EF61,
F08A,
F1B3,
F2DB,
F401,
F525,
F645,
F760,
F876,
F986,
FA90,
FB93,
FC8F,
FD83,
FE6F,
FF53,
0030,
0105,
01D2,
0298,
0358,
0411,
04C5,
0573,
061C,
06C2,
0764,
0803,
08A1,
093D,
09D9,
0A76,
0B13,
0BB3,
0C54,
0CF9,
0DA2,
0E4F,
0F01,
0FB8,
1075,
1137,
1200,
12CF,
13A3,
147E,
1560,
1646,
1732,
1823,
1918,
1A11,
1B0D,
1C0B,
1D0A,
1E0A,
1F09,
2007,
2101,
21F8,
22EA,
23D6,
24BA,
2596,
2668,
272F,
27E9,
2897,
2936,
29C5,
2A44,
2AB2,
2B0D,
2B56,
2B8B,
2BAB,
2BB7,
2BAF,
2B91,
2B5E,
2B15,
2AB6,
2A41,
29B7,
2918,
2865,
279E,
26C4,
25D8,
24DA,
23CC,
22B0,
2185,
204E,
1F0B,
1DBF,
1C6A,
1B0E,
19AD,
1849,
16E2,
157A,
1414,
12AF,
114F,
0FF5,
0EA2,
0D57,
0C16,
0ADE,
09B2,
0895,
0786,
0687,
0599,
04BC,
03F2,
033B,
0297,
0208,
018D,
0126,
00D5,
0098,
0070,
005D,
005F,
0075,
009E,
00DB,
012B,
018C,
0200,
0284,
0318,
03BB,
046D,
052C,
05F8,
06CF,
07B0,
0898,
0988,
0A7F,
0B7E,
0C82,
0D8B,
0E97,
0FA7,
10B8,
11CA,
12DD,
13EF,
14FF,
160D,
1718,
1820,
1923,
1A21,
1B1A,
1C0D,
1CF9,
1DDE,
1EBB,
1F91,
205E,
2122,
21DE,
2290,
2338,
23D7,
246B,
24F5,
2573,
25E6,
264F,
26AC,
26FD,
2743,
277D,
27AB,
27CE,
27E3,
27EC,
27E9,
27D8,
27BB,
2790,
2757,
2711,
26BC,
2659,
25E8,
2568,
24D9,
243A,
238C,
22CF,
2202,
2124,
2037,
1F39,
1E2A,
1D0B,
1BDC,
1A9B,
194A,
17E8,
1676,
14F3,
1360,
11BD,
100A,
0E48,
0C76,
0A96,
08A7,
06AA,
04A1,
028A,
0068,
FE3B,
FC03,
F9C2,
F778,
F527,
F2CF,
F072,
EE11,
EBAC,
E946,
E6E0,
E47A,
E216,
DFB6,
DD5B,
DB07,
D8BA,
D676,
D43E,
D212,
CFF3,
CDE5,
CBE7,
C9FC,
C824,
C661,
C4B5,
C320,
C1A5,
C043,
BEFD,
BDD3,
BCC6,
BBD8,
BB09,
BA59,
B9CA,
B95B,
B90F,
B8E4,
B8DB,
B8F4,
B930,
B98E,
BA0E,
BAB0,
BB74,
BC58,
BD5D,
BE81,
BFC4,
C125,
C2A3,
C43D,
C5F2,
C7C1,
C9A7,
CBA5,
CDB7,
CFDD,
D216,
D45E,
D6B5,
D919,
DB87,
DDFF,
E07D,
E301,
E588,
E810,
EA97,
ED1C,
EF9D,
F217,
F489,
F6F1,
F94D,
FB9B,
FDDB,
0009,
0227,
0430,
0624,
0802,
09C9,
0B77,
0D0B,
0E85,
0FE4,
1127,
124E,
1358,
1445,
1516,
15C9,
165E,
16D7,
1734,
1773,
1798,
17A1,
178F,
1764,
1720,
16C4,
1652,
15CA,
152D,
147D,
13BB,
12E9,
1207,
111A,
1020,
0F1B,
0E0D,
0CF7,
0BDB,
0ABB,
0996,
0870,
074A,
0624,
0501,
03E0,
02C5,
01B0,
00A1,
FF9A,
FE9D,
FDA9,
FCC0,
FBE3,
FB12,
FA4E,
F997,
F8EE,
F853,
F7C6,
F748,
F6D9,
F679,
F628,
F5E5,
F5B1,
F58B,
F573,
F56A,
F56D,
F57E,
F59C,
F5C5,
F5FA,
F63A,
F685,
F6D9,
F736,
F79C,
F80A,
F87E,
F8FA,
F97B,
FA01,
FA8C,
FB1B,
FBAE,
FC43,
FCDB,
FD75,
FE10,
FEAC,
FF49,
FFE6,
0084,
0121,
01BD,
0259,
02F4,
038E,
0428,
04C0,
0558,
05F0,
0686,
071C,
07B1,
0846,
08DB,
096F,
0A04,
0A99,
0B2E,
0BC4,
0C5B,
0CF3,
0D8C,
0E27,
0EC4,
0F62,
1002,
10A4,
1149,
11F0,
1299,
1345,
13F3,
14A3,
1557,
160E,
16C8,
1784,
1842,
1902,
19C4,
1A87,
1B4B,
1C10,
1CD6,
1D9B,
1E60,
1F23,
1FE5,
20A6,
2163,
221E,
22D4,
2387,
2434,
24DD,
257F,
261A,
26AE,
273B,
27BF,
283A,
28AB,
2913,
296F,
29C1,
2A08,
2A42,
2A70,
2A91,
2AA5,
2AAD,
2AA7,
2A93,
2A72,
2A43,
2A06,
29BC,
2964,
28FF,
288C,
280B,
277E,
26E4,
263D,
258B,
24CC,
2403,
232E,
224F,
2166,
2074,
1F79,
1E76,
1D6B,
1C59,
1B40,
1A21,
18FE,
17D4,
16A6,
1575,
1441,
130B,
11D4,
109B,
0F62,
0E29,
0CF0,
0BB9,
0A83,
094F,
081E,
06EF,
05C4,
049C,
0378,
0258,
013C,
0026,
FF15,
FE08,
FD02,
FC01,
FB06,
FA12,
F923,
F83B,
F75A,
F680,
F5AD,
F4E0,
F41A,
F35D,
F2A7,
F1F9,
F153,
F0B5,
F020,
EF94,
EF10,
EE96,
EE25,
EDBE,
ED60,
ED0D,
ECC4,
EC85,
EC52,
EC2A,
EC0D,
EBFB,
EBF6,
EBFD,
EC10,
EC30,
EC5C,
EC96,
ECDD,
ED31,
ED93,
EE02,
EE7F,
EF0A,
EFA2,
F048,
F0FB,
F1BB,
F288,
F361,
F447,
F53A,
F637,
F740,
F853,
F971,
FA98,
FBC7,
FCFF,
FE3D,
FF81,
00CB,
0219,
0369,
04BC,
0610,
0763,
08B4,
0A03,
0B4D,
0C92,
0DCF,
0F04,
1030,
1150,
1266,
136D,
1466,
154D,
1622,
16E4,
1791,
1829,
18A9,
1912,
1962,
1998,
19B3,
19B4,
1998,
1960,
190C,
189B,
180D,
1761,
1699,
15B4,
14B3,
1395,
125D,
110A,
0F9E,
0E19,
0C7C,
0AC9,
0902,
0727,
053A,
033D,
0131,
FF1A,
FCF7,
FACD,
F89B,
F666,
F42F,
F1F8,
EFC3,
ED93,
EB6B,
E94B,
E737,
E531,
E33B,
E158,
DF88,
DDCF,
DC2E,
DAA7,
D93B,
D7ED,
D6BE,
D5AF,
D4C2,
D3F7,
D34F,
D2CB,
D26C,
D233,
D21E,
D22F,
D264,
D2BF,
D33F,
D3E2,
D4A8,
D590,
D699,
D7C1,
D906,
DA67,
DBE3,
DD76,
DF20,
E0DD,
E2AB,
E487,
E670,
E862,
EA5B,
EC57,
EE54,
F050,
F246,
F435,
F61A,
F7F1,
F9B8,
FB6C,
FD0B,
FE92,
FFFF,
0150,
0282,
0394,
0482,
054B,
05EF,
066B,
06BE,
06E7,
06E6,
06BA,
0663,
05DF,
0531,
0457,
0352,
0224,
00CC,
FF4D,
FDA8,
FBDE,
F9F0,
F7E2,
F5B5,
F36C,
F108,
EE8E,
EBFE,
E95D,
E6AE,
E3F3,
E130,
DE69,
DB9F,
D8D7,
D615,
D35A,
D0AC,
CE0C,
CB7F,
C907,
C6A7,
C464,
C23E,
C03A,
BE5A,
BC9F,
BB0E,
B9A7,
B86C,
B760,
B683,
B5D8,
B55E,
B517,
B504,
B525,
B57A,
B602,
B6BE,
B7AC,
B8CD,
BA1E,
BB9E,
BD4B,
BF25,
C12A,
C356,
C5A9,
C81F,
CAB6,
CD6C,
D03C,
D325,
D623,
D932,
DC51,
DF7A,
E2AC,
E5E2,
E91A,
EC4F,
EF7F,
F2A6,
F5C2,
F8CE,
FBC8,
FEAD,
017A,
042C,
06C2,
0938,
0B8C,
0DBD,
0FC9,
11AC,
1366,
14F8,
165E,
179A,
18AA,
198E,
1A46,
1AD2,
1B32,
1B68,
1B73,
1B55,
1B10,
1AA3,
1A12,
195D,
1887,
1792,
1680,
1553,
140E,
12B3,
1145,
0FC6,
0E3A,
0CA3,
0B04,
0960,
07B9,
0613,
0470,
02D3,
013F,
FFB6,
FE3B,
FCD0,
FB78,
FA33,
F905,
F7F0,
F6F4,
F614,
F550,
F4AA,
F422,
F3BB,
F373,
F34B,
F344,
F35E,
F397,
F3F1,
F46A,
F501,
F5B6,
F688,
F774,
F87A,
F998,
FACD,
FC16,
FD72,
FEDE,
0058,
01DF,
036F,
0507,
06A4,
0845,
09E5,
0B85,
0D20,
0EB4,
1041,
11C2,
1337,
149D,
15F2,
1734,
1863,
197B,
1A7D,
1B65,
1C34,
1CE9,
1D81,
1DFE,
1E5D,
1EA0,
1EC5,
1ECD,
1EB7,
1E84,
1E35,
1DCA,
1D42,
1CA0,
1BE5,
1B11,
1A26,
1926,
1811,
16EA,
15B1,
146A,
1316,
11B6,
104D,
0EDC,
0D66,
0BED,
0A72,
08F7,
077F,
060C,
049F,
033A,
01E0,
0090,
FF4E,
FE1B,
FCF8,
FBE7,
FAE8,
F9FD,
F926,
F865,
F7BA,
F726,
F6A9,
F644,
F5F5,
F5BF,
F5A0,
F597,
F5A6,
F5CA,
F603,
F652,
F6B3,
F727,
F7AD,
F843,
F8E7,
F999,
FA57,
FB1F,
FBF0,
FCC8,
FDA6,
FE87,
FF6B,
004F,
0132,
0211,
02EC,
03C1,
048E,
0551,
060A,
06B7,
0757,
07E7,
0868,
08D8,
0935,
0980,
09B7,
09D9,
09E7,
09DF,
09C1,
098E,
0944,
08E4,
086F,
07E3,
0742,
068D,
05C3,
04E5,
03F5,
02F2,
01DE,
00BA,
FF87,
FE46,
FCF8,
FB9F,
FA3B,
F8CF,
F75E,
F5E7,
F46B,
F2EB,
F16B,
EFE9,
EE69,
ECEC,
EB73,
E9FF,
E891,
E72C,
E5CF,
E47E,
E337,
E1FE,
E0D2,
DFB5,
DEA7,
DDA9,
DCBD,
DBE3,
DB1B,
DA66,
D9C4,
D936,
D8BC,
D857,
D806,
D7C9,
D7A1,
D78E,
D78E,
D7A2,
D7CB,
D807,
D856,
D8B9,
D92E,
D9B5,
DA4E,
DAF7,
DBB2,
DC7C,
DD56,
DE3F,
DF36,
E03A,
E14C,
E269,
E393,
E4C7,
E606,
E74E,
E89F,
E9F9,
EB5B,
ECC4,
EE33,
EFA8,
F123,
F2A2,
F426,
F5AD,
F736,
F8C2,
FA4F,
FBDD,
FD6C,
FEFB,
0089,
0216,
03A1,
052A,
06AF,
0832,
09B0,
0B29,
0C9D,
0E0B,
0F73,
10D3,
122B,
137B,
14C1,
15FE,
1730,
1856,
1970,
1A7E,
1B7E,
1C6F,
1D52,
1E25,
1EE7,
1F98,
203A,
20C9,
2144,
21AC,
21FF,
223C,
2264,
2276,
2272,
2256,
2223,
21D9,
2176,
20FC,
206A,
1FC1,
1EFF,
1E26,
1D36,
1C2E,
1B11,
19DD,
1894,
1737,
15C6,
1442,
12AC,
1105,
0F4F,
0D8A,
0BB8,
09DB,
07F4,
0604,
040E,
0212,
0013,
FE13,
FC12,
FA13,
F818,
F623,
F436,
F252,
F07A,
EEAF,
ECF3,
EB48,
E9B0,
E82D,
E6C0,
E56B,
E430,
E310,
E20C,
E126,
E05F,
DFB8,
DF32,
DECF,
DE8E,
DE70,
DE77,
DEA1,
DEF0,
DF63,
DFFB,
E0B7,
E197,
E29B,
E3C1,
E509,
E672,
E7FB,
E9A3,
EB67,
ED48,
EF43,
F156,
F381,
F5BF,
F811,
FA73,
FCE4,
FF61,
01E7,
0476,
0709,
099F,
0C35,
0EC9,
1159,
13E1,
1660,
18D3,
1B38,
1D8C,
1FCD,
21FA,
2410,
260E,
27F0,
29B7,
2B60,
2CEA,
2E54,
2F9B,
30C0,
31C2,
329F,
3358,
33EB,
3458,
34A0,
34C3,
34BF,
3497,
344B,
33DA,
3346,
3290,
31B9,
30C2,
2FAD,
2E7A,
2D2B,
2BC2,
2A41,
28A9,
26FC,
253B,
236A,
218A,
1F9D,
1DA5,
1BA4,
199B,
178E,
157D,
136B,
115A,
0F4A,
0D3F,
0B3A,
093C,
0747,
055D,
037E,
01AB,
FFE7,
FE31,
FC8C,
FAF7,
F973,
F801,
F6A2,
F555,
F41A,
F2F3,
F1DE,
F0DC,
EFEC,
EF0E,
EE42,
ED87,
ECDC,
EC41,
EBB6,
EB39,
EAC9,
EA66,
EA0F,
E9C3,
E980,
E946,
E914,
E8E8,
E8C3,
E8A2,
E884,
E86A,
E851,
E83A,
E823,
E80B,
E7F2,
E7D8,
E7BB,
E79B,
E777,
E751,
E726,
E6F6,
E6C2,
E689,
E64D,
E60C,
E5C8,
E581,
E537,
E4EB,
E49E,
E44F,
E400,
E3B1,
E364,
E319,
E2D2,
E28E,
E250,
E218,
E1E8,
E1BF,
E1A0,
E18C,
E183,
E186,
E197,
E1B7,
E1E5,
E224,
E274,
E2D5,
E349,
E3D1,
E46C,
E51B,
E5DE,
E6B5,
E7A1,
E8A2,
E9B7,
EAE1,
EC1E,
ED70,
EED4,
F04B,
F1D4,
F36E,
F518,
F6D2,
F89A,
FA6E,
FC4F,
FE39,
002D,
0229,
042A,
0631,
083A,
0A44,
0C4F,
0E57,
105C,
125B,
1453,
1644,
182B,
1A06,
1BD3,
1D92,
1F3F,
20DA,
2262,
23D5,
2533,
2679,
27A7,
28BC,
29B6,
2A97,
2B5B,
2C04,
2C91,
2D00,
2D53,
2D89,
2DA1,
2D9D,
2D7B,
2D3D,
2CE3,
2C6E,
2BDD,
2B32,
2A6D,
2990,
289B,
2790,
266F,
2539,
23F0,
2295,
2129,
1FAD,
1E23,
1C8C,
1AEA,
193D,
1787,
15CA,
1407,
123F,
1074,
0EA7,
0CD9,
0B0C,
0941,
0778,
05B4,
03F5,
023C,
008A,
FEE1,
FD40,
FBAA,
FA1E,
F89D,
F729,
F5C1,
F466,
F318,
F1D9,
F0A8,
EF87,
EE74,
ED70,
EC7C,
EB97,
EAC1,
E9FC,
E945,
E89E,
E807,
E77E,
E705,
E69A,
E63F,
E5F2,
E5B3,
E582,
E55F,
E549,
E541,
E546,
E558,
E576,
E5A1,
E5D7,
E61A,
E668,
E6C2,
E727,
E797,
E812,
E898,
E928,
E9C2,
EA66,
EB14,
EBCB,
EC8C,
ED55,
EE28,
EF03,
EFE6,
F0D1,
F1C3,
F2BD,
F3BE,
F4C6,
F5D3,
F6E6,
F7FF,
F91C,
FA3E,
FB63,
FC8B,
FDB6,
FEE3,
0011,
013F,
026D,
039A,
04C7,
05F1,
0718,
083B,
0958,
0A70,
0B80,
0C89,
0D89,
0E7F,
0F6B,
104B,
1120,
11E7,
12A0,
134B,
13E7,
1472,
14ED,
1556,
15AD,
15F3,
1625,
1644,
1650,
1648,
162C,
15FC,
15B9,
1561,
14F7,
1479,
13E6,
1341,
128B,
11C3,
10EC,
1004,
0F0E,
0E0B,
0CFC,
0BE1,
0ABC,
098F,
085B,
0721,
05E3,
04A2,
0361,
0221,
00E2,
FFA8,
FE74,
FD48,
FC24,
FB0C,
FA01,
F904,
F816,
F73B,
F672,
F5BD,
F51F,
F497,
F427,
F3D1,
F395,
F374,
F36F,
F387,
F3BC,
F40F,
F47F,
F50D,
F5B8,
F681,
F766,
F868,
F986,
FABF,
FC12,
FD7E,
FF02,
009B,
024A,
040C,
05DF,
07C2,
09B3,
0BAF,
0DB5,
0FC3,
11D6,
13EC,
1602,
1818,
1A2B,
1C38,
1E3D,
2036,
2223,
2400,
25CC,
2784,
2926,
2AB1,
2C22,
2D77,
2EAF,
2FC9,
30C2,
319A,
3250,
32E1,
334F,
3397,
33BA,
33B6,
338C,
333C,
32C6,
322A,
3169,
3083,
2F78,
2E4B,
2CFC,
2B8C,
29FD,
2850,
2686,
24A2,
22A6,
2092,
1E6B,
1C30,
19E6,
178D,
1529,
12BB,
1047,
0DCE,
0B53,
08D8,
0660,
03ED,
0181,
FF1F,
FCC8,
FA80,
F847,
F61F,
F40C,
F20D,
F025,
EE55,
EC9F,
EB03,
E983,
E81F,
E6DA,
E5B2,
E4A8,
E3BC,
E2EF,
E240,
E1AF,
E13C,
E0E6,
E0AD,
E090,
E08E,
E0A6,
E0D6,
E11E,
E17C,
E1EF,
E276,
E30E,
E3B6,
E46C,
E52F,
E5FD,
E6D3,
E7B1,
E894,
E97B,
EA64,
EB4D,
EC35,
ED19,
EDF8,
EED1,
EFA2,
F06B,
F128,
F1DB,
F281,
F31A,
F3A4,
F420,
F48C,
F4E8,
F533,
F56E,
F598,
F5B2,
F5BB,
F5B3,
F59B,
F574,
F53E,
F4F9,
F4A7,
F448,
F3DD,
F367,
F2E7,
F25F,
F1CF,
F139,
F09E,
EFFE,
EF5C,
EEB7,
EE12,
ED6E,
ECCC,
EC2E,
EB94,
EB01,
EA75,
E9F0,
E974,
E902,
E89B,
E83E,
E7EE,
E7A9,
E771,
E746,
E729,
E718,
E715,
E71E,
E735,
E758,
E788,
E7C3,
E809,
E859,
E8B3,
E917,
E982,
E9F4,
EA6C,
EAE9,
EB6A,
EBED,
EC72,
ECF8,
ED7C,
EE00,
EE80,
EEFC,
EF73,
EFE4,
F04D,
F0AF,
F108,
F157,
F19B,
F1D5,
F203,
F224,
F23A,
F242,
F23E,
F22D,
F20E,
F1E3,
F1AC,
F168,
F118,
F0BE,
F059,
EFEA,
EF73,
EEF5,
EE6F,
EDE4,
ED55,
ECC2,
EC2E,
EB99,
EB04,
EA72,
E9E4,
E95A,
E8D8,
E85D,
E7ED,
E787,
E72D,
E6E2,
E6A5,
E679,
E65E,
E655,
E660,
E67F,
E6B4,
E6FE,
E75F,
E7D6,
E864,
E909,
E9C6,
EA9A,
EB84,
EC84,
ED9B,
EEC6,
F005,
F158,
F2BD,
F433,
F5B9,
F74D,
F8EE,
FA9A,
FC4F,
FE0B,
FFCD,
0192,
0358,
051E,
06E0,
089D,
0A53,
0BFF,
0D9F,
0F31,
10B3,
1222,
137D,
14C1,
15ED,
16FF,
17F4,
18CC,
1985,
1A1B,
1A8F,
1AE0,
1B0D,
1B16,
1AF8,
1AB6,
1A4D,
19BD,
1908,
182C,
172B,
1605,
14BB,
134E,
11BE,
100E,
0E3F,
0C52,
0A49,
0826,
05EB,
039A,
0136,
FEC1,
FC3D,
F9AD,
F714,
F474,
F1D0,
EF2B,
EC87,
E9E8,
E74F,
E4C1,
E23F,
DFCD,
DD6C,
DB20,
D8EB,
D6D0,
D4D0,
D2ED,
D12B,
CF8A,
CE0C,
CCB4,
CB82,
CA77,
C995,
C8DD,
C84F,
C7EC,
C7B4,
C7A8,
C7C7,
C810,
C885,
C923,
C9EB,
CADB,
CBF2,
CD2F,
CE90,
D013,
D1B7,
D37B,
D55B,
D757,
D96B,
DB96,
DDD5,
E025,
E285,
E4F1,
E767,
E9E4,
EC66,
EEEA,
F16E,
F3EE,
F669,
F8DB,
FB43,
FD9F,
FFEA,
0225,
044D,
065F,
0859,
0A3C,
0C03,
0DAF,
0F3E,
10AF,
1201,
1331,
1440,
152E,
15FB,
16A6,
1730,
1799,
17E0,
1808,
180F,
17F8,
17C2,
176F,
1700,
1676,
15D3,
1517,
1446,
1360,
1266,
115C,
1042,
0F1A,
0DE7,
0CAA,
0B65,
0A1B,
08CC,
077C,
062C,
04DD,
0392,
024D,
010F,
FFD9,
FEAE,
FD8F,
FC7D,
FB7A,
FA87,
F9A5,
F8D6,
F819,
F771,
F6DD,
F65F,
F5F7,
F5A6,
F56B,
F547,
F53A,
F544,
F565,
F59C,
F5EA,
F64D,
F6C5,
F753,
F7F4,
F8A8,
F96E,
FA46,
FB2D,
FC24,
FD2B,
FE3F,
FF5F,
0089,
01BC,
02F7,
0439,
0581,
06CC,
081A,
096A,
0AB9,
0C08,
0D54,
0E9D,
0FE1,
111F,
1256,
1385,
14AB,
15C7,
16D9,
17DF,
18D8,
19C5,
1AA3,
1B74,
1C36,
1CE8,
1D8B,
1E1F,
1EA2,
1F17,
1F7C,
1FD1,
2015,
2049,
206D,
2081,
2085,
2079,
205E,
2034,
1FFB,
1FB4,
1F5F,
1EFD,
1E8E,
1E12,
1D8A,
1CF8,
1C5A,
1BB2,
1B01,
1A47,
1985,
18BA,
17E9,
1712,
1635,
1552,
146B,
1381,
1293,
11A4,
10B2,
0FC0,
0ECD,
0DD9,
0CE7,
0BF6,
0B06,
0A19,
0930,
084A,
0768,
068C,
05B4,
04E3,
0419,
0356,
029A,
01E7,
013C,
009B,
0003,
FF76,
FEF3,
FE7C,
FE10,
FDB0,
FD5C,
FD15,
FCDB,
FCAE,
FC8F,
FC7D,
FC7A,
FC84,
FC9D,
FCC4,
FCFA,
FD3E,
FD91,
FDF2,
FE62,
FEE0,
FF6D,
0007,
00AF,
0165,
0227,
02F7,
03D3,
04BB,
05AE,
06AC,
07B5,
08C7,
09E2,
0B06,
0C31,
0D62,
0E9A,
0FD7,
1118,
125D,
13A3,
14EC,
1636,
177F,
18C6,
1A0B,
1B4C,
1C88,
1DBF,
1EEF,
2018,
2138,
224E,
235A,
245B,
254F,
2636,
270F,
27D9,
2894,
293F,
29D9,
2A62,
2AD9,
2B3E,
2B91,
2BD0,
2BFC,
2C15,
2C1B,
2C0D,
2BEB,
2BB7,
2B6E,
2B13,
2AA4,
2A24,
2992,
28EF,
283C,
2778,
26A5,
25C4,
24D5,
23DA,
22D2,
21C0,
20A4,
1F7F,
1E52,
1D1F,
1BE6,
1AA9,
1968,
1825,
16E2,
159F,
145D,
131D,
11E2,
10AB,
0F7A,
0E50,
0D2E,
0C16,
0B07,
0A02,
090A,
081E,
073F,
066E,
05AC,
04F9,
0455,
03C2,
0340,
02CE,
026E,
021F,
01E2,
01B6,
019C,
0194,
019D,
01B8,
01E3,
0220,
026D,
02C9,
0336,
03B1,
043B,
04D3,
0578,
062A,
06E8,
07B0,
0883,
0960,
0A44,
0B31,
0C24,
0D1E,
0E1C,
0F1F,
1026,
112F,
123A,
1346,
1452,
155E,
1669,
1772,
1878,
197A,
1A79,
1B73,
1C68,
1D57,
1E3F,
1F21,
1FFB,
20CC,
2196,
2256,
230D,
23BA,
245D,
24F5,
2581,
2602,
2677,
26E1,
273E,
278E,
27D2,
2809,
2832,
284E,
285C,
285D,
284F,
2832,
2808,
27CE,
2785,
272E,
26C7,
2650,
25CA,
2534,
248E,
23D8,
2312,
223B,
2155,
205D,
1F56,
1E3E,
1D15,
1BDC,
1A92,
1937,
17CC,
1651,
14C7,
132C,
1182,
0FC9,
0E01,
0C2B,
0A46,
0855,
0656,
044B,
0234,
0012,
FDE5,
FBAF,
F971,
F72A,
F4DD,
F28A,
F033,
EDD7,
EB79,
E91A,
E6BA,
E45B,
E1FF,
DFA7,
DD53,
DB07,
D8C1,
D685,
D453,
D22E,
D016,
CE0D,
CC14,
CA2D,
C859,
C699,
C4EF,
C35D,
C1E2,
C081,
BF3B,
BE10,
BD02,
BC12,
BB40,
BA8E,
B9FB,
B98A,
B939,
B90A,
B8FC,
B911,
B948,
B9A1,
BA1D,
BABA,
BB79,
BC58,
BD59,
BE79,
BFB9,
C117,
C293,
C42B,
C5DE,
C7AC,
C991,
CB8E,
CDA1,
CFC7,
D200,
D44A,
D6A2,
D907,
DB77,
DDF0,
E071,
E2F6,
E57F,
E809,
EA92,
ED19,
EF9A,
F216,
F488,
F6F1,
F94D,
FB9C,
FDDB,
0009,
0225,
042C,
061E,
07FA,
09BE,
0B6A,
0CFC,
0E73,
0FD0,
1111,
1236,
133E,
1429,
14F8,
15A9,
163E,
16B6,
1712,
1751,
1776,
1780,
176F,
1745,
1703,
16AA,
163A,
15B5,
151C,
1470,
13B2,
12E4,
1207,
111C,
1025,
0F23,
0E17,
0D04,
0BEA,
0ACC,
09AA,
0886,
0761,
063D,
051A,
03FB,
02E1,
01CC,
00BD,
FFB7,
FEB9,
FDC5,
FCDB,
FBFD,
FB2A,
FA64,
F9AC,
F900,
F863,
F7D4,
F754,
F6E2,
F67F,
F62B,
F5E5,
F5AE,
F586,
F56B,
F55F,
F560,
F56E,
F58A,
F5B1,
F5E5,
F623,
F66C,
F6C0,
F71C,
F782,
F7EF,
F864,
F8E0,
F961,
F9E9,
FA75,
FB05,
FB99,
FC30,
FCCA,
FD66,
FE03,
FEA2,
FF41,
FFE0,
0080,
011F,
01BD,
025B,
02F7,
0393,
042E,
04C7,
0560,
05F8,
068F,
0724,
07BA,
084E,
08E2,
0976,
0A0A,
0A9E,
0B32,
0BC7,
0C5D,
0CF4,
0D8C,
0E26,
0EC1,
0F5E,
0FFE,
10A0,
1144,
11EB,
1294,
1341,
13F0,
14A2,
1557,
160F,
16CA,
1787,
1847,
1909,
19CD,
1A93,
1B5A,
1C21,
1CEA,
1DB2,
1E7A,
1F40,
2005,
20C8,
2188,
2245,
22FE,
23B2,
2460,
2509,
25AB,
2646,
26D9,
2763,
27E4,
285B,
28C7,
2929,
2980,
29CA,
2A08,
2A3A,
2A60,
2A78,
2A83,
2A80,
2A6F,
2A50,
2A23,
29E9,
29A0,
2949,
28E5,
2874,
27F5,
276A,
26D3,
2630,
2582,
24C9,
2406,
233A,
2266,
218A,
20A7,
1FBD,
1ECF,
1DDC,
1CE6,
1BED,
1AF3,
19F8,
18FE,
1803,
170B,
1615,
1524,
1438,
1352,
1272,
119A,
10CA,
1003,
0F46,
0E92,
0DEA,
0D4C,
0CBA,
0C34,
0BBA,
0B4D,
0AED,
0A99,
0A52,
0A18,
09EA,
09C9,
09B4,
09AB,
09AD,
09BA,
09D2,
09F4,
0A1F,
0A53,
0A8E,
0ACF,
0B17,
0B64,
0BB5,
0C0A,
0C62,
0CBC,
0D16,
0D6F,
0DC7,
0E1D,
0E6F,
0EBC,
0F04,
0F45,
0F7F,
0FB0,
0FD8,
0FF6,
1008,
100F,
1008,
0FF5,
0FD4,
0FA4,
0F65,
0F17,
0EBA,
0E4C,
0DCE,
0D40,
0CA3,
0BF6,
0B39,
0A6C,
0990,
08A5,
07AB,
06A4,
058F,
046E,
0342,
020A,
00CA,
FF81,
FE30,
FCD9,
FB7E,
FA1E,
F8BD,
F75B,
F5F9,
F499,
F33D,
F1E6,
F096,
EF4D,
EE0F,
ECDB,
EBB3,
EA9A,
E990,
E897,
E7B1,
E6DF,
E620,
E578,
E4E5,
E46A,
E408,
E3BE,
E38F,
E379,
E37F,
E3A1,
E3DE,
E437,
E4AB,
E53C,
E5E9,
E6B1,
E793,
E891,
E9A8,
EAD9,
EC21,
ED81,
EEF7,
F082,
F220,
F3D0,
F591,
F762,
F93F,
FB29,
FD1B,
FF16,
0117,
031C,
0523,
072B,
0930,
0B32,
0D2E,
0F22,
110D,
12EC,
14BE,
1680,
1831,
19CF,
1B59,
1CCE,
1E2A,
1F6F,
2099,
21A9,
229C,
2373,
242C,
24C6,
2543,
25A0,
25DE,
25FC,
25FB,
25DC,
259E,
2541,
24C8,
2431,
237E,
22B0,
21C8,
20C7,
1FAF,
1E80,
1D3C,
1BE4,
1A7B,
1901,
1778,
15E3,
1442,
1298,
10E6,
0F2E,
0D72,
0BB4,
09F5,
0837,
067C,
04C5,
0314,
016B,
FFCA,
FE34,
FCA9,
FB2C,
F9BD,
F85E,
F70E,
F5CF,
F4A2,
F386,
F27C,
F185,
F0A1,
EFD0,
EF12,
EE66,
EDCD,
ED47,
ECD2,
EC6E,
EC1B,
EBD7,
EBA3,
EB7C,
EB63,
EB56,
EB53,
EB5B,
EB6A,
EB82,
EB9F,
EBC1,
EBE6,
EC0E,
EC36,
EC5E,
EC84,
ECA8,
ECC7,
ECE1,
ECF4,
ED00,
ED04,
ECFD,
ECED,
ECD1,
ECA9,
EC75,
EC34,
EBE6,
EB89,
EB1F,
EAA7,
EA21,
E98C,
E8EA,
E83A,
E77E,
E6B4,
E5DF,
E4FF,
E413,
E31F,
E221,
E11C,
E010,
DEFF,
DDEA,
DCD1,
DBB7,
DA9D,
D984,
D86D,
D75B,
D64E,
D548,
D44B,
D358,
D270,
D195,
D0C7,
D009,
CF5C,
CEC0,
CE37,
CDC2,
CD62,
CD17,
CCE3,
CCC7,
CCC2,
CCD6,
CD02,
CD48,
CDA7,
CE1F,
CEB1,
CF5D,
D022,
D0FF,
D1F3,
D2FF,
D423,
D55D,
D6AD,
D812,
D98B,
DB17,
DCB5,
DE63,
E021,
E1ED,
E3C5,
E5A9,
E796,
E98C,
EB88,
ED8A,
EF8F,
F196,
F39E,
F5A4,
F7A8,
F9A8,
FBA2,
FD96,
FF80,
0161,
0336,
04FF,
06BB,
0867,
0A03,
0B8E,
0D07,
0E6E,
0FC1,
1100,
122A,
1340,
1440,
1529,
15FD,
16BA,
1761,
17F1,
186B,
18CF,
191D,
1955,
1977,
1985,
197F,
1965,
1938,
18F9,
18A8,
1846,
17D5,
1755,
16C6,
162B,
1583,
14D1,
1414,
134E,
1281,
11AC,
10D2,
0FF4,
0F11,
0E2D,
0D47,
0C61,
0B7B,
0A97,
09B5,
08D7,
07FE,
072A,
065B,
0594,
04D5,
041D,
036F,
02CA,
0230,
01A0,
011B,
00A2,
0035,
FFD4,
FF80,
FF38,
FEFD,
FECF,
FEAE,
FE9A,
FE93,
FE99,
FEAB,
FECB,
FEF6,
FF2E,
FF72,
FFC1,
001B,
0080,
00EF,
0168,
01EA,
0274,
0307,
03A1,
0441,
04E8,
0593,
0644,
06F8,
07B0,
086A,
0926,
09E2,
0A9F,
0B5B,
0C15,
0CCE,
0D83,
0E37,
0EE7,
0F91,
1036,
10D3,
1169,
11F7,
127C,
12F6,
1367,
13CC,
1425,
1472,
14B1,
14E3,
1507,
151C,
1522,
1519,
14FF,
14D5,
149B,
144F,
13F3,
1385,
1306,
1275,
11D3,
1120,
105B,
0F85,
0E9E,
0DA7,
0CA0,
0B8A,
0A63,
092E,
07EA,
0698,
053A,
03CE,
0257,
00D4,
FF47,
FDB1,
FC13,
FA6D,
F8C1,
F70F,
F559,
F39F,
F1E3,
F027,
EE6A,
ECAE,
EAF5,
E93F,
E78E,
E5E3,
E43E,
E2A1,
E10E,
DF85,
DE06,
DC94,
DB2E,
D9D7,
D88F,
D757,
D62F,
D519,
D415,
D323,
D244,
D179,
D0C2,
D01F,
CF90,
CF15,
CEB0,
CE5F,
CE22,
CDFA,
CDE5,
CDE5,
CDF8,
CE1E,
CE57,
CEA2,
CEFE,
CF6B,
CFE8,
D074,
D10E,
D1B7,
D26B,
D32C,
D3F8,
D4CE,
D5AC,
D693,
D780,
D874,
D96C,
DA69,
DB69,
DC6B,
DD6E,
DE72,
DF75,
E077,
E177,
E275,
E36F,
E465,
E556,
E643,
E72A,
E80B,
E8E6,
E9BA,
EA88,
EB4F,
EC0F,
ECC8,
ED7A,
EE26,
EECB,
EF68,
F000,
F091,
F11D,
F1A3,
F225,
F2A3,
F31C,
F393,
F406,
F478,
F4E8,
F558,
F5C7,
F636,
F6A6,
F718,
F78C,
F803,
F87D,
F8FB,
F97D,
FA03,
FA8F,
FB1F,
FBB6,
FC52,
FCF4,
FD9D,
FE4B,
FF00,
FFBA,
007D,
0145,
0213,
02E6,
03BE,
0499,
0579,
065B,
073F,
0826,
090D,
09F4,
0ADB,
0BBF,
0CA2,
0D81,
0E5B,
0F31,
1000,
10C8,
1187,
123E,
12EB,
138D,
1423,
14AD,
1529,
1598,
15F7,
1648,
1689,
16BA,
16DC,
16EE,
16EE,
16DE,
16BC,
1688,
1644,
15EF,
1589,
1514,
148E,
13FA,
1358,
12A8,
11EB,
1123,
1050,
0F73,
0E8E,
0DA2,
0CB0,
0BB9,
0ABE,
09C2,
08C5,
07C9,
06CF,
05D8,
04E6,
03FA,
0316,
023B,
0168,
00A0,
FFE4,
FF36,
FE96,
FE05,
FD84,
FD14,
FCB5,
FC68,
FC2D,
FC05,
FBEF,
FBEC,
FBFB,
FC1D,
FC51,
FC96,
FCEC,
FD53,
FDCA,
FE4F,
FEE1,
FF80,
002B,
00DF,
019B,
025F,
0328,
03F4,
04C3,
0591,
065D,
0726,
07E9,
08A5,
0959,
0A01,
0A9D,
0B2B,
0BA8,
0C14,
0C6C,
0CB0,
0CDD,
0CF2,
0CEE,
0CD0,
0C97,
0C42,
0BD0,
0B40,
0A92,
09C6,
08DC,
07D2,
06AA,
0564,
0400,
027F,
00E2,
FF29,
FD55,
FB69,
F964,
F748,
F518,
F2D5,
F080,
EE1C,
EBAC,
E930,
E6AB,
E420,
E191,
DF00,
DC70,
D9E4,
D75D,
D4DE,
D26B,
D004,
CDAD,
CB67,
C936,
C71B,
C519,
C331,
C165,
BFB8,
BE2A,
BCBE,
BB74,
BA4D,
B94C,
B870,
B7BB,
B72C,
B6C4,
B684,
B66B,
B67A,
B6AF,
B70B,
B78C,
B832,
B8FC,
B9E8,
BAF5,
BC21,
BD6C,
BED2,
C052,
C1EB,
C39A,
C55C,
C730,
C913,
CB03,
CCFD,
CF00,
D108,
D313,
D51E,
D728,
D92E,
DB2E,
DD25,
DF10,
E0EF,
E2C0,
E480,
E62E,
E7C8,
E94D,
EABC,
EC13,
ED52,
EE78,
EF84,
F075,
F14C,
F209,
F2AB,
F332,
F3A0,
F3F5,
F431,
F455,
F463,
F45C,
F441,
F414,
F3D6,
F388,
F32E,
F2C8,
F259,
F1E2,
F166,
F0E8,
F068,
EFEA,
EF6F,
EEF9,
EE8A,
EE25,
EDCB,
ED7F,
ED41,
ED15,
ECFB,
ECF5,
ED04,
ED2A,
ED67,
EDBD,
EE2D,
EEB6,
EF5A,
F018,
F0F1,
F1E5,
F2F3,
F41A,
F55B,
F6B4,
F824,
F9AA,
FB45,
FCF2,
FEB2,
0081,
025F,
0447,
0639,
0831,
0A2E,
0C2D,
0E2C,
1027,
121C,
140A,
15EC,
17C0,
1985,
1B36,
1CD3,
1E57,
1FC2,
2110,
2240,
234F,
243B,
2504,
25A6,
2622,
2674,
269E,
269C,
2670,
2617,
2593,
24E3,
2407,
2300,
21CE,
2071,
1EEA,
1D3C,
1B66,
196B,
174C,
150C,
12AB,
102D,
0D94,
0AE3,
081C,
0541,
0256,
FF5E,
FC5C,
F952,
F645,
F336,
F02A,
ED24,
EA26,
E734,
E451,
E181,
DEC5,
DC21,
D998,
D72D,
D4E2,
D2BA,
D0B7,
CEDB,
CD27,
CB9E,
CA41,
C912,
C811,
C740,
C69F,
C62F,
C5F1,
C5E4,
C609,
C65E,
C6E4,
C79B,
C880,
C993,
CAD3,
CC3E,
CDD3,
CF90,
D172,
D378,
D5A0,
D7E8,
DA4C,
DCCA,
DF60,
E20B,
E4C7,
E793,
EA6B,
ED4E,
F037,
F325,
F614,
F902,
FBEC,
FECF,
01A9,
0478,
0739,
09E9,
0C88,
0F11,
1185,
13E0,
1622,
1849,
1A53,
1C3F,
1E0D,
1FBC,
214A,
22B7,
2404,
252F,
2639,
2722,
27EA,
2891,
2918,
297F,
29C9,
29F4,
2A03,
29F6,
29CF,
298F,
2937,
28C8,
2846,
27AF,
2708,
2650,
2589,
24B6,
23D7,
22EF,
21FF,
2108,
200D,
1F0E,
1E0D,
1D0B,
1C0A,
1B0A,
1A0E,
1916,
1823,
1737,
1651,
1573,
149E,
13D1,
130E,
1255,
11A6,
1102,
1068,
0FD9,
0F55,
0EDB,
0E6B,
0E05,
0DA9,
0D57,
0D0D,
0CCC,
0C93,
0C61,
0C36,
0C12,
0BF2,
0BD8,
0BC2,
0BB0,
0BA0,
0B93,
0B87,
0B7C,
0B72,
0B67,
0B5C,
0B4F,
0B3F,
0B2D,
0B18,
0B01,
0AE5,
0AC6,
0AA4,
0A7D,
0A52,
0A22,
09EF,
09B8,
097C,
093C,
08F9,
08B2,
0868,
081A,
07CA,
0778,
0724,
06CD,
0676,
061E,
05C5,
056D,
0515,
04BD,
0467,
0413,
03C1,
0371,
0326,
02DE,
0299,
0258,
021A,
01E1,
01AB,
017A,
014D,
0124,
0101,
00E1,
00C6,
00B0,
009E,
0090,
0086,
0080,
007D,
007E,
0083,
008A,
0093,
009F,
00AD,
00BD,
00CE,
00E0,
00F2,
0105,
0118,
012A,
013D,
014F,
0160,
0170,
017D,
018A,
0194,
019C,
01A2,
01A6,
01A8,
01A7,
01A5,
01A1,
019C,
0195,
018C,
0183,
0178,
016E,
0163,
0159,
014F,
0146,
013F,
013A,
0136,
0136,
0138,
013E,
0148,
0156,
0168,
017F,
019B,
01BC,
01E3,
020F,
0241,
0279,
02B7,
02FA,
0343,
0392,
03E6,
043F,
049C,
04FF,
0565,
05CE,
063B,
06A9,
071A,
078B,
07FC,
086D,
08DD,
094A,
09B4,
0A1A,
0A7B,
0AD6,
0B2A,
0B76,
0BBB,
0BF5,
0C25,
0C49,
0C62,
0C6C,
0C69,
0C57,
0C36,
0C05,
0BC3,
0B70,
0B0C,
0A96,
0A0F,
0975,
08C9,
080B,
073B,
0659,
0567,
0463,
034F,
022C,
00FA,
FFBB,
FE6E,
FD16,
FBB3,
FA47,
F8D3,
F759,
F5D8,
F454,
F2CF,
F149,
EFC5,
EE44,
ECC8,
EB53,
E9E7,
E885,
E730,
E5E8,
E4B0,
E389,
E275,
E175,
E08B,
DFB9,
DEFE,
DE5E,
DDD9,
DD6F,
DD23,
DCF3,
DCE2,
DCF0,
DD1C,
DD68,
DDD3,
DE5D,
DF06,
DFCE,
E0B3,
E1B5,
E2D3,
E40D,
E560,
E6CD,
E852,
E9EC,
EB9C,
ED5E,
EF31,
F113,
F303,
F4FE,
F702,
F90D,
FB1D,
FD2F,
FF41,
0151,
035C,
0561,
075C,
094C,
0B2F,
0D02,
0EC4,
1071,
1209,
138A,
14F1,
163D,
176D,
187E,
1970,
1A43,
1AF4,
1B84,
1BF1,
1C3C,
1C65,
1C6A,
1C4D,
1C0D,
1BAC,
1B29,
1A86,
19C4,
18E4,
17E6,
16CE,
159B,
1451,
12F1,
117C,
0FF6,
0E5F,
0CBB,
0B0C,
0954,
0796,
05D4,
0410,
024E,
008F,
FED7,
FD27,
FB83,
F9EC,
F865,
F6F1,
F590,
F446,
F314,
F1FC,
F100,
F020,
EF5F,
EEBD,
EE3B,
EDDB,
ED9D,
ED82,
ED89,
EDB3,
EE00,
EE6F,
EF01,
EFB4,
F088,
F17B,
F28E,
F3BE,
F50A,
F670,
F7EF,
F985,
FB30,
FCEE,
FEBC,
009A,
0284,
0478,
0673,
0874,
0A78,
0C7C,
0E7D,
107A,
1270,
145D,
163E,
1810,
19D3,
1B83,
1D1E,
1EA3,
2011,
2164,
229C,
23B7,
24B4,
2593,
2651,
26EE,
276A,
27C4,
27FC,
2812,
2804,
27D5,
2785,
2713,
2681,
25D0,
2500,
2413,
2309,
21E5,
20A9,
1F54,
1DEA,
1C6C,
1ADD,
193D,
1790,
15D7,
1414,
124A,
107B,
0EA9,
0CD6,
0B04,
0937,
076E,
05AE,
03F8,
024D,
00B0,
FF22,
FDA7,
FC3E,
FAEA,
F9AB,
F884,
F774,
F67D,
F5A0,
F4DE,
F437,
F3AB,
F33B,
F2E6,
F2AE,
F291,
F290,
F2AA,
F2DD,
F32B,
F391,
F410,
F4A5,
F54F,
F60E,
F6E0,
F7C4,
F8B7,
F9B9,
FAC8,
FBE2,
FD05,
FE30,
FF5F,
0093,
01C8,
02FE,
0433,
0564,
0691,
07B6,
08D4,
09E8,
0AF0,
0BEC,
0CDA,
0DB8,
0E86,
0F42,
0FEB,
1081,
1103,
116F,
11C6,
1207,
1231,
1245,
1241,
1227,
11F6,
11AE,
114F,
10DB,
1051,
0FB1,
0EFD,
0E35,
0D59,
0C6C,
0B6E,
0A5F,
0942,
0816,
06DE,
059B,
044E,
02F8,
019A,
0036,
FECE,
FD62,
FBF5,
FA86,
F919,
F7AE,
F646,
F4E4,
F387,
F233,
F0E7,
EFA5,
EE6E,
ED44,
EC27,
EB19,
EA1A,
E92C,
E84F,
E785,
E6CE,
E62B,
E59D,
E523,
E4C0,
E473,
E43D,
E41F,
E418,
E429,
E452,
E494,
E4EE,
E561,
E5ED,
E691,
E74E,
E824,
E912,
EA17,
EB35,
EC6A,
EDB6,
EF19,
F092,
F220,
F3C4,
F57C,
F748,
F928,
FB19,
FD1C,
FF2F,
0152,
0384,
05C4,
0811,
0A6A,
0CCD,
0F3A,
11AF,
142B,
16AE,
1935,
1BBF,
1E4B,
20D8,
2363,
25ED,
2872,
2AF3,
2D6C,
2FDD,
3244,
34A0,
36EE,
392E,
3B5E,
3D7C,
3F87,
417D,
435D,
4525,
46D4,
4868,
49E1,
4B3B,
4C77,
4D94,
4E8F,
4F68,
501E,
50B0,
511D,
5165,
5187,
5183,
5157,
5105,
508B,
4FE9,
4F21,
4E31,
4D1A,
4BDD,
4A7A,
48F2,
4746,
4576,
4385,
4172,
3F40,
3CEF,
3A83,
37F9,
3557,
329E,
2FCF,
2CEE,
29FC,
26FB,
23EE,
20D7,
1DB9,
1A96,
1770,
144B,
1129,
0E0C,
0AF7,
07ED,
04EF,
0202,
FF26,
FC5F,
F9AE,
F716,
F49A,
F23A,
EFFA,
EDDB,
EBDE,
EA05,
E852,
E6C6,
E562,
E426,
E313,
E22B,
E16D,
E0DA,
E072,
E034,
E022,
E039,
E079,
E0E2,
E172,
E228,
E303,
E401,
E521,
E660,
E7BD,
E936,
EAC8,
EC71,
EE2F,
EFFF,
F1DE,
F3C9,
F5BF,
F7BC,
F9BD,
FBC0,
FDC2,
FFBF,
01B6,
03A3,
0584,
0757,
0917,
0AC4,
0C5B,
0DD9,
0F3D,
1084,
11AE,
12B7,
139F,
1465,
1507,
1584,
15DC,
160E,
1619,
15FF,
15BE,
1557,
14CB,
141A,
1345,
124D,
1133,
0FF9,
0EA1,
0D2B,
0B9B,
09F1,
0831,
065C,
0474,
027E,
007B,
FE6E,
FC59,
FA40,
F826,
F60C,
F3F7,
F1E9,
EFE4,
EDEB,
EC02,
EA2B,
E867,
E6BB,
E528,
E3B0,
E256,
E11B,
E001,
DF0A,
DE38,
DD8B,
DD06,
DCA8,
DC72,
DC66,
DC83,
DCCA,
DD3A,
DDD5,
DE98,
DF84,
E098,
E1D2,
E331,
E4B4,
E65A,
E820,
EA05,
EC07,
EE23,
F058,
F2A3,
F502,
F771,
F9EF,
FC78,
FF0B,
01A3,
043F,
06DB,
0975,
0C0A,
0E97,
111A,
138F,
15F5,
1848,
1A88,
1CB0,
1EBF,
20B4,
228C,
2445,
25DE,
2755,
28AA,
29DB,
2AE7,
2BCD,
2C8E,
2D28,
2D9C,
2DE9,
2E0F,
2E10,
2DEB,
2DA1,
2D33,
2CA3,
2BF0,
2B1E,
2A2C,
291D,
27F3,
26AF,
2552,
23E0,
225A,
20C3,
1F1B,
1D67,
1BA8,
19DF,
180F,
163B,
1466,
1291,
10BE,
0EF0,
0D28,
0B6A,
09B5,
080E,
0674,
04EA,
0372,
020C,
00BB,
FF7E,
FE58,
FD48,
FC50,
FB71,
FAAB,
F9FD,
F969,
F8EF,
F88D,
F845,
F815,
F7FE,
F7FE,
F815,
F843,
F885,
F8DC,
F946,
F9C2,
FA4E,
FAEA,
FB94,
FC4B,
FD0C,
FDD8,
FEAC,
FF87,
0067,
014B,
0232,
031A,
0402,
04E8,
05CB,
06AB,
0785,
0859,
0926,
09EB,
0AA7,
0B59,
0C01,
0C9E,
0D2F,
0DB4,
0E2D,
0E9A,
0EFB,
0F50,
0F98,
0FD5,
1005,
1029,
1042,
1050,
1054,
104E,
103E,
1027,
1008,
0FE2,
0FB5,
0F84,
0F4E,
0F15,
0ED9,
0E9C,
0E5D,
0E1F,
0DE2,
0DA7,
0D6E,
0D38,
0D07,
0CDB,
0CB4,
0C93,
0C78,
0C65,
0C58,
0C52,
0C55,
0C61,
0C75,
0C92,
0CB9,
0CE8,
0D20,
0D60,
0DA9,
0DF9,
0E52,
0EB1,
0F18,
0F84,
0FF6,
106E,
10E9,
1168,
11EA,
126F,
12F4,
137B,
1401,
1486,
150A,
158B,
1609,
1682,
16F8,
1767,
17CE,
182E,
1887,
18D8,
1921,
1961,
1998,
19C5,
19E9,
1A02,
1A11,
1A16,
1A10,
19FF,
19E4,
19BE,
198E,
1954,
1910,
18C2,
186B,
180A,
17A1,
1730,
16B7,
1636,
15AF,
1522,
148F,
13F6,
135A,
12B9,
1216,
1171,
10C9,
101F,
0F74,
0EC9,
0E1E,
0D73,
0CC9,
0C20,
0B7A,
0AD5,
0A33,
0994,
08F8,
085F,
07CA,
0738,
06AB,
0621,
059B,
0519,
049B,
0421,
03AA,
0337,
02C7,
025A,
01F0,
0188,
0123,
00C0,
0060,
0000,
FFA2,
FF44,
FEE7,
FE8A,
FE2D,
FDCF,
FD71,
FD11,
FCAF,
FC4C,
FBE7,
FB80,
FB16,
FAAA,
FA3B,
F9C9,
F955,
F8DE,
F864,
F7E7,
F767,
F6E5,
F661,
F5DA,
F552,
F4C8,
F43C,
F3AF,
F322,
F294,
F208,
F17C,
F0F0,
F067,
EFDF,
EF5A,
EED7,
EE58,
EDDD,
ED66,
ECF4,
EC86,
EC1F,
EBBD,
EB62,
EB0D,
EAC0,
EA79,
EA3B,
EA04,
E9D6,
E9B0,
E993,
E97E,
E972,
E96E,
E974,
E982,
E999,
E9B9,
E9E1,
EA12,
EA4D,
EA91,
EADC,
EB2E,
EB88,
EBE9,
EC50,
ECBE,
ED31,
EDA9,
EE27,
EEA9,
EF2F,
EFBA,
F047,
F0D7,
F16A,
F1FF,
F296,
F32E,
F3C7,
F461,
F4FB,
F595,
F62F,
F6C8,
F760,
F7F8,
F88E,
F923,
F9B7,
FA49,
FAD8,
FB66,
FBF2,
FC7C,
FD05,
FD8C,
FE12,
FE96,
FF19,
FF9B,
001B,
009B,
011A,
0197,
0215,
0291,
030E,
038A,
0406,
0482,
04FE,
057A,
05F6,
0673,
06EF,
076C,
07E8,
0865,
08E1,
095D,
09D9,
0A53,
0ACB,
0B42,
0BB7,
0C2A,
0C9B,
0D09,
0D73,
0DD9,
0E3C,
0E99,
0EF1,
0F43,
0F8E,
0FD2,
100E,
1041,
106C,
108D,
10A3,
10AF,
10AF,
10A4,
108C,
1067,
1034,
0FF4,
0FA5,
0F48,
0EDD,
0E62,
0DD9,
0D40,
0C99,
0BE3,
0B1E,
0A4A,
0968,
0878,
077B,
0671,
055B,
0439,
030C,
01D6,
0096,
FF4F,
FE00,
FCAC,
FB53,
F9F7,
F899,
F73A,
F5DC,
F480,
F327,
F1D3,
F086,
EF40,
EE04,
ECD3,
EBAE,
EA97,
E98F,
E897,
E7B0,
E6DD,
E61E,
E574,
E4E0,
E465,
E401,
E3B7,
E387,
E371,
E377,
E398,
E3D5,
E42E,
E4A3,
E533,
E5E0,
E6A8,
E78C,
E88A,
E9A2,
EAD3,
EC1C,
ED7C,
EEF3,
F07E,
F21D,
F3CE,
F590,
F761,
F93F,
FB29,
FD1B,
FF16,
0117,
031C,
0523,
072A,
092F,
0B31,
0D2D,
0F21,
110B,
12E9,
14BB,
167D,
182D,
19CC,
1B55,
1CC9,
1E26,
1F6A,
2095,
21A4,
2298,
236F,
2428,
24C3,
2540,
259D,
25DC,
25FB,
25FB,
25DC,
259E,
2543,
24CA,
2434,
2382,
22B5,
21CD,
20CD,
1FB5,
1E87,
1D43,
1BEC,
1A83,
190A,
1782,
15ED,
144C,
12A2,
10F0,
0F38,
0D7C,
0BBD,
09FE,
083F,
0683,
04CC,
031A,
016F,
FFCE,
FE37,
FCAB,
FB2C,
F9BB,
F85A,
F708,
F5C7,
F498,
F37A,
F26F,
F177,
F092,
EFC0,
EF01,
EE55,
EDBB,
ED34,
ECBF,
EC5C,
EC09,
EBC6,
EB92,
EB6C,
EB54,
EB47,
EB46,
EB4F,
EB60,
EB78,
EB97,
EBBB,
EBE1,
EC0B,
EC34,
EC5E,
EC85,
ECA9,
ECC9,
ECE4,
ECF8,
ED04,
ED08,
ED02,
ECF1,
ECD5,
ECAE,
EC79,
EC38,
EBE9,
EB8C,
EB22,
EAA9,
EA22,
E98D,
E8EA,
E83A,
E77D,
E6B3,
E5DE,
E4FD,
E412,
E31D,
E220,
E11B,
E00F,
DEFF,
DDEA,
DCD2,
DBB8,
DA9E,
D985,
D86F,
D75D,
D651,
D54B,
D44E,
D35B,
D273,
D197,
D0CA,
D00C,
CF5E,
CEC2,
CE39,
CDC3,
CD63,
CD18,
CCE4,
CCC7,
CCC2,
CCD6,
CD02,
CD48,
CDA7,
CE1F,
CEB1,
CF5D,
D021,
D0FF,
D1F5,
D303,
D428,
D564,
D6B6,
D81C,
D996,
DB23,
DCC2,
DE71,
E02F,
E1FB,
E3D4,
E5B8,
E7A5,
E99A,
EB96,
ED97,
EF9C,
F1A2,
F3A9,
F5AF,
F7B2,
F9B1,
FBAA,
FD9C,
FF86,
0165,
033A,
0501,
06BC,
0867,
0A04,
0B90,
0D0A,
0E72,
0FC6,
1107,
1232,
1349,
144A,
1534,
1609,
16C7,
176E,
17FF,
187A,
18DE,
192C,
1964,
1987,
1995,
198E,
1973,
1946,
1905,
18B4,
1851,
17DE,
175C,
16CC,
162F,
1585,
14D1,
1414,
134E,
1280,
11AC,
10D2,
0FF3,
0F11,
0E2D,
0D47,
0C61,
0B7C,
0A98,
09B7,
08DA,
0801,
072D,
065F,
0599,
04D9,
0422,
0374,
02D0,
0235,
01A6,
0121,
00A7,
003A,
FFD8,
FF83,
FF3A,
FEFE,
FECF,
FEAD,
FE98,
FE90,
FE94,
FEA6,
FEC4,
FEEF,
FF25,
FF68,
FFB6,
000F,
0073,
00E1,
0158,
01D9,
0263,
02F5,
038F,
042F,
04D6,
0582,
0633,
06E8,
07A0,
085C,
0919,
09D7,
0A95,
0B54,
0C10,
0CCB,
0D83,
0E36,
0EE4,
0F8D,
1030,
10CC,
1160,
11EB,
126E,
12E6,
1354,
13B7,
140E,
1458,
1496,
14C6,
14E8,
14FC,
1501,
14F6,
14DD,
14B3,
1479,
142E,
13D3,
1367,
12EB,
125D,
11BF,
110F,
104F,
0F7F,
0E9E,
0DAC,
0CAA,
0B98,
0A77,
0948,
080A,
06BE,
0564,
03FF,
028D,
0110,
FF89,
FDF7,
FC5D,
FABB,
F912,
F763,
F5AF,
F3F6,
F23B,
F07D,
EEBE,
ED00,
EB42,
E987,
E7CF,
E61C,
E46E,
E2C8,
E128,
DF92,
DE06,
DC84,
DB0E,
D9A6,
D84B,
D700,
D5C5,
D49B,
D382,
D27C,
D18A,
D0AB,
CFE1,
CF2C,
CE8C,
CE03,
CD90,
CD34,
CCEF,
CCC0,
CCA9,
CCA9,
CCC1,
CCEF,
CD34,
CD90,
CE02,
CE8B,
CF28,
CFDB,
D0A2,
D17D,
D26B,
D36D,
D481,
D5A5,
D6DA,
D81D,
D970,
DACF,
DC3B,
DDB3,
DF35,
E0C1,
E255,
E3F1,
E593,
E73A,
E8E7,
EA97,
EC49,
EDFE,
EFB3,
F169,
F31D,
F4D1,
F682,
F830,
F9DA,
FB81,
FD23,
FEBF,
0056,
01E7,
0371,
04F8,
0677,
07EF,
0960,
0AC9,
0C2B,
0D84,
0ED5,
101E,
115E,
1296,
13C6,
14ED,
160B,
1721,
182E,
1932,
1A2E,
1B20,
1C09,
1CEA,
1DC0,
1E8E,
1F52,
200B,
20BB,
2161,
21FC,
228B,
2310,
2389,
23F6,
2458,
24AE,
24F6,
2531,
255D,
257B,
258A,
2589,
2579,
2559,
2527,
24E5,
2492,
242D,
23B6,
232C,
2291,
21E3,
2122,
204F,
1F69,
1E71,
1D66,
1C49,
1B1B,
19DA,
1889,
1727,
15B5,
1434,
12A4,
1106,
0F5D,
0DA7,
0BE6,
0A1A,
0845,
0667,
0482,
0296,
00A5,
FEAF,
FCB7,
FABD,
F8C2,
F6C8,
F4CF,
F2DA,
F0E8,
EEFB,
ED13,
EB33,
E95B,
E78C,
E5C6,
E40B,
E25A,
E0B6,
DF1E,
DD94,
DC16,
DAA7,
D946,
D7F3,
D6AF,
D57A,
D453,
D33C,
D233,
D139,
D04E,
CF71,
CEA3,
CDE2,
CD30,
CC8A,
CBF2,
CB66,
CAE6,
CA73,
CA0B,
C9AF,
C95D,
C917,
C8DB,
C8A9,
C882,
C864,
C850,
C847,
C847,
C850,
C864,
C882,
C8AB,
C8DE,
C919,
C960,
C9B2,
CA10,
CA7B,
CAF3,
CB78,
CC0C,
CCAE,
CD60,
CE22,
CEF4,
CFD7,
D0CC,
D1D4,
D2EE,
D41B,
D55D,
D6B2,
D81B,
D999,
DB2C,
DCD4,
DE91,
E062,
E248,
E441,
E64F,
E870,
EAA3,
ECE8,
EF3E,
F1A4,
F418,
F69A,
F928,
FBC1,
FE63,
010D,
03BE,
0672,
0929,
0BE1,
0E97,
114A,
13F8,
169E,
193A,
1BCB,
1E4F,
20C2,
2323,
2571,
27A9,
29CA,
2BD1,
2DBD,
2F8C,
313C,
32CE,
343E,
358C,
36B7,
37BE,
389E,
3959,
39EF,
3A5E,
3AA7,
3ACB,
3AC9,
3AA2,
3A56,
39E7,
3955,
38A1,
37CD,
36D9,
35C9,
349C,
3355,
31F6,
3081,
2EF8,
2D5D,
2BB2,
29F9,
2835,
2668,
2495,
22BD,
20E3,
1F09,
1D32,
1B5F,
1993,
17CF,
1615,
1467,
12C7,
1137,
0FB8,
0E4B,
0CF2,
0BAD,
0A7E,
0964,
0861,
0775,
069F,
05E1,
0539,
04A7,
042B,
03C4,
0371,
0331,
0303,
02E5,
02D6,
02D5,
02E0,
02F5,
0312,
0335,
035C,
0386,
03B0,
03D8,
03FC,
041A,
0430,
043A,
0439,
0429,
0409,
03D6,
0390,
0335,
02C3,
0239,
0196,
00D8,
0000,
FF0D,
FDFD,
FCD1,
FB88,
FA23,
F8A2,
F705,
F54D,
F37B,
F190,
EF8C,
ED72,
EB42,
E8FF,
E6AB,
E446,
E1D5,
DF59,
DCD3,
DA47,
D7B6,
D524,
D292,
D005,
CD7D,
CAFF,
C88C,
C628,
C3D6,
C196,
BF6E,
BD5E,
BB6A,
B993,
B7DB,
B646,
B4D4,
B388,
B262,
B165,
B091,
AFE8,
AF6A,
AF17,
AEF1,
AEF8,
AF2B,
AF8A,
B016,
B0CC,
B1AD,
B2B6,
B3E7,
B53E,
B6BA,
B858,
BA16,
BBF2,
BDEA,
BFFB,
C222,
C45D,
C6A9,
C903,
CB68,
CDD4,
D045,
D2B8,
D529,
D795,
D9FA,
DC55,
DEA2,
E0DF,
E308,
E51C,
E718,
E8FA,
EABF,
EC66,
EDEB,
EF4E,
F08E,
F1AA,
F2A0,
F371,
F41B,
F49F,
F4FC,
F532,
F543,
F52E,
F4F5,
F499,
F41B,
F37D,
F2C0,
F1E7,
F0F4,
EFE8,
EEC7,
ED93,
EC4F,
EAFD,
E9A1,
E83E,
E6D6,
E56D,
E406,
E2A4,
E14B,
DFFC,
DEBD,
DD8F,
DC75,
DB72,
DA89,
D9BD,
D90F,
D882,
D817,
D7D2,
D7B3,
D7BB,
D7EC,
D848,
D8CE,
D97F,
DA5B,
DB63,
DC95,
DDF3,
DF7A,
E12B,
E303,
E501,
E724,
E96A,
EBD1,
EE57,
F0F9,
F3B4,
F687,
F96D,
FC69,
FF72,
0287,
05A4,
08C5,
0BE7,
0F08,
1224,
1536,
183E,
1B36,
1E1D,
20EE,
23A8,
2647,
28C9,
2B2C,
2D6C,
2F89,
3180,
334F,
34F5,
3671,
37C2,
38E6,
39DE,
3AA9,
3B46,
3BB7,
3BFA,
3C12,
3BFE,
3BC3,
3B5E,
3AD2,
3A20,
394A,
3851,
3739,
3603,
34B2,
3348,
31C9,
3037,
2E94,
2CE4,
2B2A,
2968,
27A2,
25DB,
2415,
2254,
209A,
1EEA,
1D47,
1BB3,
1A31,
18C3,
176B,
162C,
1506,
13FC,
130F,
1240,
1193,
1106,
109A,
104F,
1026,
101E,
1038,
1072,
10CD,
1147,
11E0,
1295,
1367,
1452,
1556,
1670,
179F,
18E0,
1A32,
1B91,
1CFC,
1E70,
1FEB,
2169,
22E9,
2468,
25E3,
2758,
28C4,
2A25,
2B7A,
2CBE,
2DF0,
2F0F,
3018,
310B,
31E5,
32A4,
3349,
33D1,
343C,
3489,
34B8,
34C7,
34B7,
3489,
343B,
33CF,
3344,
329D,
31D9,
30FA,
3001,
2EEF,
2DC5,
2C87,
2B34,
29CF,
285A,
26D8,
2549,
23B0,
2210,
2069,
1EBF,
1D14,
1B69,
19C2,
1820,
1685,
14F3,
136C,
11F1,
1085,
0F29,
0DDE,
0CA5,
0B7F,
0A6E,
0972,
088C,
07BB,
0701,
065E,
05D1,
055A,
04F8,
04AC,
0474,
0450,
043E,
043E,
044D,
046C,
0497,
04CE,
050F,
0558,
05A8,
05FC,
0652,
06A9,
06FF,
0752,
07A0,
07E7,
0826,
085A,
0882,
089C,
08A8,
08A3,
088D,
0864,
0828,
07D7,
0771,
06F6,
0665,
05BE,
0501,
042E,
0347,
024A,
013A,
0016,
FEE0,
FD9A,
FC44,
FAE1,
F970,
F7F6,
F672,
F4E8,
F358,
F1C7,
F034,
EEA4,
ED17,
EB91,
EA14,
E8A2,
E73D,
E5E8,
E4A5,
E376,
E25D,
E15B,
E074,
DFA8,
DEFA,
DE6A,
DDFA,
DDAB,
DD7E,
DD74,
DD8D,
DDCA,
DE2A,
DEAE,
DF59,
E027,
E117,
E228,
E35A,
E4AA,
E618,
E7A1,
E945,
EB00,
ECD1,
EEB5,
F0AA,
F2AE,
F4BC,
F6D4,
F8F1,
FB11,
FD31,
FF4D,
0163,
036F,
056E,
075E,
093B,
0B02,
0CB0,
0E43,
0FB8,
110C,
123E,
134A,
142F,
14EA,
157B,
15DF,
1616,
161D,
15F5,
159D,
1514,
145A,
1370,
1255,
110C,
0F93,
0DED,
0C1B,
0A1E,
07F8,
05AB,
033A,
00A7,
FDF4,
FB24,
F83B,
F53A,
F226,
EF01,
EBCF,
E893,
E551,
E20D,
DEC9,
DB8A,
D853,
D527,
D20A,
CEFE,
CC07,
C929,
C665,
C3C0,
C13B,
BED9,
BC9D,
BA88,
B89C,
B6DC,
B549,
B3E3,
B2AD,
B1A6,
B0D0,
B02A,
AFB5,
AF70,
AF5B,
AF75,
AFBE,
B034,
B0D6,
B1A3,
B298,
B3B3,
B4F3,
B656,
B7D8,
B977,
BB31,
BD03,
BEE9,
C0E0,
C2E7,
C4F9,
C714,
C934,
CB56,
CD78,
CF96,
D1AD,
D3BB,
D5BD,
D7B0,
D991,
DB5F,
DD16,
DEB6,
E03B,
E1A5,
E2F2,
E41F,
E52E,
E61B,
E6E7,
E792,
E81A,
E880,
E8C1,
E8E2,
E8E1,
E8BF,
E87F,
E81F,
E7A3,
E70C,
E65A,
E590,
E4B0,
E3BB,
E2B4,
E19D,
E079,
DF49,
DE10,
DCD1,
DB8D,
DA48,
D904,
D7C4,
D689,
D557,
D42F,
D313,
D207,
D10C,
D023,
CF4F,
CE92,
CDEC,
CD60,
CCEF,
CC99,
CC60,
CC44,
CC46,
CC66,
CCA5,
CD02,
CD7E,
CE17,
CECE,
CFA2,
D092,
D19D,
D2C1,
D3FE,
D552,
D6BC,
D83A,
D9CA,
DB6A,
DD19,
DED4,
E09A,
E268,
E43D,
E615,
E7F0,
E9CB,
EBA3,
ED77,
EF44,
F109,
F2C4,
F473,
F615,
F7A8,
F92B,
FA9C,
FBFA,
FD44,
FE79,
FF98,
00A0,
0191,
026A,
032C,
03D5,
0467,
04E1,
0544,
058F,
05C4,
05E4,
05EE,
05E5,
05C9,
059B,
055D,
050F,
04B4,
044D,
03DA,
035D,
02D9,
024E,
01BE,
012C,
0098,
0005,
FF73,
FEE4,
FE59,
FDD4,
FD56,
FCE1,
FC74,
FC12,
FBBA,
FB6F,
FB30,
FAFD,
FAD8,
FAC1,
FAB7,
FABB,
FACD,
FAEC,
FB18,
FB52,
FB97,
FBE7,
FC43,
FCA8,
FD16,
FD8C,
FE08,
FE8A,
FF10,
FF99,
0024,
00B0,
013B,
01C4,
0249,
02CA,
0345,
03B8,
0423,
0484,
04DA,
0524,
0562,
0591,
05B2,
05C4,
05C6,
05B7,
0598,
0567,
0526,
04D2,
046E,
03F9,
0372,
02DC,
0235,
0180,
00BB,
FFEA,
FF0B,
FE21,
FD2C,
FC2F,
FB29,
FA1C,
F90B,
F7F5,
F6DE,
F5C5,
F4AD,
F398,
F287,
F17B,
F076,
EF79,
EE87,
EDA0,
ECC6,
EBF9,
EB3C,
EA90,
E9F5,
E96C,
E8F7,
E896,
E84A,
E813,
E7F2,
E7E9,
E7F6,
E81A,
E854,
E8A3,
E909,
E983,
EA12,
EAB5,
EB6B,
EC33,
ED0C,
EDF5,
EEEC,
EFF1,
F102,
F21D,
F341,
F46D,
F59E,
F6D4,
F80C,
F945,
FA7C,
FBB1,
FCE2,
FE0D,
FF30,
004A,
015A,
025D,
0353,
043A,
0510,
05D6,
068A,
072A,
07B8,
0831,
0895,
08E3,
091D,
0941,
094F,
0947,
092A,
08F9,
08B2,
0858,
07EB,
076B,
06DB,
0639,
0589,
04CB,
03FF,
0329,
0249,
0161,
0071,
FF7D,
FE84,
FD8A,
FC8F,
FB95,
FA9D,
F9AA,
F8BC,
F7D5,
F6F7,
F622,
F559,
F49C,
F3ED,
F34C,
F2BB,
F23B,
F1CB,
F16D,
F122,
F0E9,
F0C4,
F0B1,
F0B2,
F0C5,
F0EC,
F125,
F170,
F1CC,
F23A,
F2B7,
F343,
F3DD,
F485,
F538,
F5F5,
F6BF,
F790,
F867,
F943,
FA22,
FB03,
FBE5,
FCC5,
FDA3,
FE7C,
FF50,
001C,
00E0,
019A,
0249,
02EC,
0382,
0408,
0480,
04E7,
053E,
0582,
05B5,
05D4,
05E1,
05DB,
05C2,
0595,
0556,
0503,
049F,
0428,
03A0,
0308,
0260,
01A8,
00E3,
0011,
FF34,
FE4C,
FD5C,
FC63,
FB65,
FA61,
F95B,
F852,
F74A,
F643,
F53E,
F43F,
F345,
F252,
F169,
F089,
EFB5,
EEEE,
EE35,
ED8B,
ECF1,
EC69,
EBF2,
EB8E,
EB3D,
EB00,
EAD7,
EAC3,
EAC3,
EAD8,
EB01,
EB3F,
EB91,
EBF7,
EC71,
ECFD,
ED9C,
EE4D,
EF0E,
EFE0,
F0C0,
F1AF,
F2AA,
F3B1,
F4C2,
F5DD,
F700,
F829,
F958,
FA8B,
FBC1,
FCF8,
FE2F,
FF65,
0099,
01C9,
02F4,
0419,
0538,
064E,
075C,
0860,
0959,
0A46,
0B28,
0BFD,
0CC6,
0D81,
0E2F,
0ECE,
0F61,
0FE5,
105C,
10C5,
1122,
1172,
11B5,
11ED,
121A,
123C,
1254,
1264,
126C,
126C,
1266,
125A,
124A,
1236,
1220,
1208,
11EF,
11D7,
11BF,
11AA,
1197,
1187,
117C,
1175,
1174,
1179,
1184,
1196,
11AF,
11CF,
11F6,
1224,
125A,
1296,
12D9,
1323,
1373,
13C7,
1421,
147F,
14E0,
1543,
15A8,
160E,
1673,
16D6,
1737,
1794,
17EB,
183C,
1885,
18C5,
18FC,
1927,
1946,
1957,
195A,
194D,
192F,
18FF,
18BD,
1868,
17FE,
177F,
16EB,
1642,
1582,
14AC,
13C0,
12BD,
11A3,
1074,
0F2F,
0DD5,
0C66,
0AE3,
094D,
07A6,
05ED,
0424,
024E,
006A,
FE7B,
FC82,
FA81,
F879,
F66C,
F45D,
F24C,
F03D,
EE30,
EC28,
EA28,
E830,
E643,
E464,
E293,
E0D4,
DF27,
DD90,
DC0F,
DAA6,
D957,
D824,
D70E,
D616,
D53E,
D486,
D3F1,
D37E,
D32E,
D303,
D2FD,
D31B,
D35F,
D3C8,
D455,
D508,
D5DF,
D6D9,
D7F7,
D938,
DA99,
DC1B,
DDBC,
DF7B,
E156,
E34C,
E55B,
E781,
E9BD,
EC0C,
EE6C,
F0DC,
F358,
F5E0,
F870,
FB07,
FDA2,
003E,
02DA,
0573,
0806,
0A92,
0D13,
0F87,
11ED,
1443,
1687,
18B6,
1AD0,
1CD1,
1EBA,
2088,
2239,
23CD,
2543,
2698,
27CE,
28E2,
29D4,
2AA4,
2B52,
2BDD,
2C45,
2C8A,
2CAC,
2CAD,
2C8C,
2C4A,
2BE8,
2B67,
2AC7,
2A0B,
2932,
283F,
2733,
260F,
24D5,
2387,
2226,
20B5,
1F34,
1DA7,
1C0E,
1A6C,
18C3,
1715,
1563,
13B0,
11FE,
104F,
0EA4,
0D00,
0B64,
09D3,
084D,
06D5,
056C,
0414,
02CE,
019B,
007E,
FF76,
FE86,
FDAE,
FCEF,
FC4A,
FBC0,
FB52,
FAFF,
FAC8,
FAAE,
FAB0,
FACE,
FB09,
FB60,
FBD2,
FC60,
FD0A,
FDCD,
FEAA,
FFA0,
00AE,
01D3,
030D,
045D,
05C0,
0735,
08BB,
0A51,
0BF5,
0DA5,
0F61,
1125,
12F2,
14C4,
169B,
1875,
1A50,
1C29,
1E00,
1FD3,
21A0,
2365,
2522,
26D4,
287A,
2A12,
2B9A,
2D13,
2E79,
2FCC,
310B,
3234,
3347,
3442,
3524,
35ED,
369B,
372F,
37A7,
3803,
3843,
3867,
386D,
3857,
3824,
37D4,
3768,
36DF,
363A,
357A,
349E,
33A8,
3299,
3171,
3031,
2EDB,
2D70,
2BF0,
2A5D,
28B9,
2705,
2542,
2372,
2196,
1FB0,
1DC3,
1BCE,
19D5,
17D9,
15DB,
13DE,
11E3,
0FEC,
0DFB,
0C11,
0A31,
085B,
0692,
04D6,
032A,
018F,
0007,
FE92,
FD32,
FBE8,
FAB6,
F99B,
F89A,
F7B2,
F6E5,
F633,
F59C,
F522,
F4C3,
F480,
F45A,
F44F,
F461,
F48D,
F4D5,
F537,
F5B2,
F647,
F6F3,
F7B6,
F88E,
F97B,
FA7B,
FB8C,
FCAE,
FDDE,
FF1B,
0064,
01B6,
0310,
0470,
05D3,
0739,
08A0,
0A04,
0B65,
0CC1,
0E15,
0F60,
10A0,
11D2,
12F7,
140B,
150D,
15FC,
16D6,
1799,
1846,
18D9,
1954,
19B4,
19F8,
1A21,
1A2D,
1A1D,
19F0,
19A5,
193D,
18B9,
1818,
175A,
1680,
158C,
147E,
1358,
1219,
10C4,
0F5A,
0DDD,
0C4D,
0AAE,
08FF,
0745,
057F,
03B1,
01DC,
0003,
FE28,
FC4D,
FA74,
F89F,
F6D1,
F50C,
F352,
F1A6,
F008,
EE7D,
ED05,
EBA3,
EA58,
E926,
E80F,
E715,
E638,
E57B,
E4DF,
E464,
E40C,
E3D7,
E3C6,
E3DB,
E414,
E472,
E4F6,
E59F,
E66D,
E760,
E876,
E9AF,
EB0B,
EC88,
EE26,
EFE1,
F1BA,
F3AF,
F5BE,
F7E5,
FA22,
FC73,
FED7,
014A,
03CB,
0657,
08EC,
0B88,
0E27,
10C8,
1368,
1604,
189A,
1B28,
1DAB,
2021,
2288,
24DD,
271E,
2949,
2B5D,
2D57,
2F36,
30F8,
329B,
341F,
3581,
36C1,
37DE,
38D7,
39AB,
3A5A,
3AE3,
3B46,
3B83,
3B9A,
3B8A,
3B56,
3AFC,
3A7D,
39DA,
3914,
382C,
3724,
35FB,
34B4,
3350,
31D0,
3037,
2E84,
2CBC,
2ADE,
28ED,
26EB,
24DA,
22BB,
2091,
1E5E,
1C23,
19E2,
179E,
1558,
1312,
10CE,
0E8E,
0C54,
0A21,
07F8,
05D9,
03C6,
01C1,
FFCA,
FDE4,
FC10,
FA4F,
F8A2,
F709,
F586,
F41A,
F2C5,
F188,
F063,
EF57,
EE64,
ED8A,
ECCA,
EC23,
EB95,
EB20,
EAC5,
EA82,
EA58,
EA46,
EA4C,
EA69,
EA9D,
EAE7,
EB46,
EBBA,
EC43,
ECDE,
ED8D,
EE4D,
EF1E,
F000,
F0F1,
F1F1,
F2FE,
F418,
F53F,
F670,
F7AC,
F8F2,
FA40,
FB97,
FCF5,
FE59,
FFC2,
0131,
02A3,
0419,
0591,
070C,
0888,
0A04,
0B80,
0CFB,
0E74,
0FEC,
1160,
12D2,
143F,
15A7,
170A,
1867,
19BD,
1B0C,
1C52,
1D91,
1EC6,
1FF2,
2114,
222B,
2337,
2437,
252A,
2611,
26E9,
27B4,
286F,
291B,
29B8,
2A44,
2ABF,
2B29,
2B82,
2BC8,
2BFB,
2C1C,
2C29,
2C23,
2C09,
2BDB,
2B99,
2B43,
2AD8,
2A59,
29C4,
291A,
285C,
278A,
26A5,
25AD,
24A2,
2384,
2256,
2116,
1FC5,
1E65,
1CF6,
1B78,
19ED,
1856,
16B4,
1507,
1352,
1194,
0FCF,
0E04,
0C35,
0A63,
088E,
06BA,
04E5,
0313,
0144,
FF7A,
FDB5,
FBF8,
FA42,
F896,
F6F5,
F560,
F3D8,
F25E,
F0F4,
EF99,
EE50,
ED18,
EBF3,
EAE2,
E9E4,
E8FA,
E826,
E766,
E6BC,
E628,
E5A9,
E540,
E4EC,
E4AE,
E484,
E470,
E470,
E483,
E4AA,
E4E3,
E52D,
E589,
E5F4,
E66F,
E6F8,
E78F,
E832,
E8DF,
E997,
EA57,
EB1E,
EBEC,
ECBE,
ED94,
EE6D,
EF48,
F023,
F0FD,
F1D5,
F2AB,
F37D,
F44A,
F512,
F5D3,
F68E,
F740,
F7EB,
F88D,
F927,
F9B7,
FA3D,
FABA,
FB2D,
FB97,
FBF7,
FC4F,
FC9E,
FCE5,
FD24,
FD5B,
FD8C,
FDB7,
FDDD,
FDFE,
FE1B,
FE35,
FE4D,
FE64,
FE7A,
FE92,
FEAA,
FEC6,
FEE5,
FF08,
FF31,
FF60,
FF96,
FFD4,
001A,
006A,
00C4,
0128,
0197,
0212,
0298,
032B,
03CA,
0475,
052D,
05F2,
06C3,
079F,
0887,
097A,
0A77,
0B7E,
0C8D,
0DA5,
0EC4,
0FE9,
1113,
1241,
1372,
14A4,
15D7,
1708,
1837,
1962,
1A87,
1BA6,
1CBC,
1DC9,
1ECA,
1FBF,
20A6,
217D,
2243,
22F8,
2399,
2426,
249C,
24FB,
2542,
2572,
2588,
2585,
2568,
2531,
24DF,
2472,
23EB,
2349,
228D,
21B7,
20C7,
1FBF,
1E9F,
1D68,
1C1A,
1AB7,
1941,
17B7,
161D,
1473,
12BA,
10F5,
0F25,
0D4C,
0B6B,
0985,
079B,
05AF,
03C0,
01D4,
FFEB,
FE08,
FC2D,
FA5B,
F894,
F6D9,
F52D,
F390,
F205,
F08C,
EF27,
EDD8,
EC9E,
EB7B,
EA70,
E97D,
E8A3,
E7E3,
E73D,
E6B0,
E63E,
E5E5,
E5A7,
E582,
E575,
E582,
E5A6,
E5E1,
E633,
E699,
E714,
E7A2,
E841,
E8F1,
E9B0,
EA7D,
EB56,
EC3A,
ED28,
EE1D,
EF19,
F019,
F11D,
F223,
F329,
F42E,
F531,
F630,
F72A,
F81E,
F90B,
F9F0,
FACB,
FB9D,
FC64,
FD1F,
FDCE,
FE72,
FF08,
FF91,
000E,
007D,
00E1,
0138,
0182,
01C1,
01F4,
021C,
0239,
024D,
0259,
025C,
0259,
024F,
0241,
022F,
021B,
0205,
01EF,
01D9,
01C6,
01B6,
01AB,
01A5,
01A6,
01AE,
01BF,
01DA,
01FF,
0230,
026C,
02B6,
030C,
0371,
03E6,
0469,
04FB,
059D,
064D,
070C,
07D9,
08B5,
099E,
0A95,
0B98,
0CA6,
0DBF,
0EE2,
100E,
1141,
127A,
13B8,
14FA,
163E,
1783,
18C7,
1A09,
1B47,
1C80,
1DB2,
1EDB,
1FFB,
210E,
2215,
230E,
23F6,
24CD,
2591,
2642,
26DE,
2764,
27D3,
282B,
286B,
2891,
289D,
2890,
2868,
2825,
27C7,
274E,
26BA,
260B,
2542,
245F,
2363,
224D,
2120,
1FDB,
1E80,
1D10,
1B8B,
19F2,
1848,
168D,
14C3,
12EB,
1106,
0F16,
0D1E,
0B1C,
0914,
0707,
04F6,
02E2,
00CD,
FEB9,
FCA6,
FA96,
F889,
F683,
F482,
F289,
F098,
EEB1,
ECD4,
EB01,
E93A,
E77F,
E5D1,
E430,
E29C,
E116,
DF9E,
DE34,
DCD8,
DB8A,
DA4A,
D917,
D7F3,
D6DD,
D5D4,
D4D8,
D3E8,
D305,
D22D,
D160,
D09F,
CFE8,
CF3B,
CE99,
CDFF,
CD6F,
CCE7,
CC68,
CBF1,
CB83,
CB1C,
CABD,
CA66,
CA16,
C9CE,
C98F,
C957,
C927,
C900,
C8E2,
C8CD,
C8C1,
C8C0,
C8C9,
C8DE,
C8FC,
C927,
C95E,
C9A3,
C9F6,
CA58,
CACA,
CB4C,
CBE0,
CC85,
CD3C,
CE06,
CEE4,
CFD7,
D0DE,
D1FA,
D32C,
D474,
D5D1,
D746,
D8D0,
DA71,
DC28,
DDF6,
DFD9,
E1D1,
E3DE,
E5FF,
E834,
EA7C,
ECD5,
EF3E,
F1B6,
F43D,
F6D0,
F96F,
FC17,
FEC7,
017E,
0439,
06F8,
09B7,
0C75,
0F30,
11E7,
1496,
173C,
19D7,
1C65,
1EE4,
2152,
23AC,
25F2,
2821,
2A37,
2C33,
2E14,
2FD7,
317B,
3300,
3463,
35A5,
36C3,
37BE,
3892,
3941,
39CC,
3A31,
3A71,
3A8C,
3A83,
3A55,
3A04,
3990,
38FA,
3844,
376F,
367B,
356B,
3440,
32FC,
31A0,
302F,
2EAA,
2D14,
2B6F,
29BC,
27FF,
2639,
246C,
229B,
20C9,
1EF6,
1D25,
1B59,
1993,
17D5,
1621,
1479,
12DE,
1153,
0FD8,
0E6F,
0D18,
0BD6,
0AA8,
0990,
088E,
07A1,
06CC,
060C,
0563,
04D0,
0451,
03E8,
0392,
0350,
031F,
02FE,
02EC,
02E8,
02F0,
0302,
031C,
033C,
0361,
0388,
03B0,
03D6,
03F9,
0415,
0429,
0433,
0431,
0421,
0401,
03CF,
0389,
032F,
02BD,
0234,
0192,
00D6,
0000,
FF0D,
FDFF,
FCD4,
FB8C,
FA28,
F8A7,
F70B,
F554,
F381,
F196,
EF92,
ED77,
EB47,
E902,
E6AC,
E446,
E1D2,
DF53,
DCCB,
DA3B,
D7A8,
D512,
D27E,
CFEE,
CD64,
CAE3,
C86F,
C609,
C3B4,
C174,
BF4A,
BD3A,
BB45,
B96E,
B7B7,
B623,
B4B2,
B367,
B243,
B148,
B077,
AFD1,
AF56,
AF07,
AEE5,
AEF0,
AF27,
AF8A,
B019,
B0D3,
B1B8,
B2C5,
B3FA,
B554,
B6D3,
B874,
BA35,
BC14,
BE0E,
C021,
C24A,
C486,
C6D3,
C92D,
CB91,
CDFD,
D06E,
D2DF,
D54F,
D7BA,
DA1C,
DC74,
DEBE,
E0F7,
E31D,
E52D,
E725,
E903,
EAC4,
EC66,
EDE7,
EF47,
F084,
F19C,
F290,
F35E,
F405,
F487,
F4E2,
F516,
F526,
F510,
F4D6,
F479,
F3FB,
F35D,
F2A1,
F1C8,
F0D6,
EFCC,
EEAC,
ED7A,
EC38,
EAE9,
E98F,
E82E,
E6C9,
E563,
E3FE,
E29F,
E148,
DFFC,
DEBE,
DD91,
DC78,
DB77,
DA8E,
D9C2,
D914,
D887,
D81D,
D7D7,
D7B7,
D7BE,
D7EF,
D849,
D8CE,
D97E,
DA59,
DB60,
DC92,
DDEE,
DF75,
E125,
E2FC,
E4FA,
E71E,
E964,
EBCB,
EE52,
F0F4,
F3B1,
F685,
F96D,
FC68,
FF70,
0284,
059F,
08BF,
0BE1,
0F00,
121A,
152C,
1832,
1B29,
1E0F,
20DF,
2398,
2636,
28B7,
2B19,
2D59,
2F75,
316B,
333A,
34E1,
365D,
37AE,
38D3,
39CD,
3A99,
3B39,
3BAC,
3BF3,
3C0E,
3BFE,
3BC6,
3B65,
3ADD,
3A2F,
395E,
386B,
3758,
3628,
34DE,
337B,
3203,
3078,
2EDD,
2D35,
2B82,
29C7,
2808,
2647,
2486,
22CA,
2113,
1F64,
1DC1,
1C2C,
1AA5,
1930,
17CF,
1683,
154D,
142F,
132B,
1240,
1172,
10C0,
1029,
0FAE,
0F50,
0F0D,
0EE5,
0ED9,
0EE6,
0F0D,
0F4C,
0FA1,
100C,
108C,
111E,
11C0,
1272,
1331,
13FC,
14D0,
15AB,
168D,
1772,
1859,
1940,
1A24,
1B06,
1BE1,
1CB6,
1D82,
1E44,
1EFA,
1FA3,
2040,
20CD,
214B,
21B9,
2216,
2261,
229B,
22C3,
22D8,
22DC,
22CE,
22AD,
227C,
2239,
21E7,
2184,
2112,
2093,
2005,
1F6B,
1EC6,
1E16,
1D5D,
1C9B,
1BD2,
1B02,
1A2D,
1953,
1876,
1797,
16B6,
15D4,
14F1,
140F,
132F,
1252,
1177,
10A0,
0FCC,
0EFD,
0E33,
0D6D,
0CAC,
0BF0,
0B3A,
0A88,
09DC,
0934,
0892,
07F4,
075A,
06C4,
0632,
05A3,
0518,
0490,
040A,
0386,
0304,
0284,
0205,
0187,
010A,
008C,
000F,
FF92,
FF15,
FE98,
FE1C,
FDA0,
FD25,
FCAA,
FC2F,
FBB6,
FB3E,
FAC8,
FA53,
F9E1,
F970,
F903,
F899,
F832,
F7D0,
F771,
F717,
F6C2,
F673,
F628,
F5E4,
F5A5,
F56D,
F53A,
F50E,
F4E9,
F4CA,
F4AF,
F49B,
F48C,
F483,
F47F,
F480,
F486,
F491,
F49F,
F4B1,
F4C6,
F4DE,
F4F8,
F513,
F52F,
F54C,
F569,
F585,
F5A0,
F5BA,
F5D1,
F5E6,
F5F7,
F605,
F60F,
F615,
F616,
F613,
F60B,
F5FD,
F5EB,
F5D3,
F5B7,
F597,
F571,
F546,
F516,
F4E2,
F4AA,
F46E,
F42F,
F3ED,
F3A9,
F364,
F31E,
F2D7,
F292,
F24D,
F20A,
F1C9,
F18C,
F153,
F11E,
F0EE,
F0C4,
F0A1,
F084,
F06F,
F062,
F05C,
F060,
F06C,
F081,
F0A0,
F0CA,
F0FC,
F139,
F17E,
F1CE,
F226,
F287,
F2F0,
F362,
F3DC,
F45D,
F4E5,
F574,
F609,
F6A3,
F743,
F7E7,
F88E,
F939,
F9E7,
FA97,
FB49,
FBFC,
FCB0,
FD64,
FE18,
FECC,
FF7F,
0031,
00E2,
0191,
023E,
02EB,
0397,
0440,
04E7,
058D,
0632,
06D4,
0776,
0817,
08B7,
0956,
09F6,
0A95,
0B35,
0BD6,
0C78,
0D1C,
0DC2,
0E69,
0F13,
0FC0,
106F,
1121,
11D6,
128E,
1349,
1407,
14C8,
158B,
1650,
1718,
17E0,
18AA,
1975,
1A3F,
1B08,
1BCF,
1C93,
1D54,
1E11,
1EC7,
1F78,
2020,
20BF,
2155,
21DF,
225C,
22CC,
232C,
237C,
23BB,
23E7,
23FF,
2402,
23EE,
23C4,
2382,
2326,
22B1,
2221,
2176,
20AF,
1FCD,
1ECE,
1DB0,
1C76,
1B1F,
19AC,
181D,
1672,
14AD,
12CD,
10D3,
0EC1,
0C98,
0A58,
0804,
059C,
0322,
0098,
FDFF,
FB5A,
F8A9,
F5F1,
F331,
F06D,
EDA7,
EAE1,
E81D,
E55E,
E2A6,
DFF6,
DD52,
DABC,
D836,
D5C3,
D364,
D11C,
CEED,
CCD8,
CAE0,
C906,
C74C,
C5B3,
C43D,
C2EB,
C1BE,
C0B8,
BFD8,
BF20,
BE90,
BE29,
BDEB,
BDD5,
BDE8,
BE24,
BE88,
BF14,
BFC7,
C09F,
C19D,
C2BF,
C404,
C56A,
C6F0,
C895,
CA56,
CC32,
CE27,
D034,
D256,
D48B,
D6D2,
D929,
DB8C,
DDFC,
E074,
E2F4,
E578,
E800,
EA8A,
ED12,
EF98,
F21A,
F496,
F70B,
F976,
FBD8,
FE2D,
0076,
02B1,
04DD,
06FA,
0906,
0B01,
0CEB,
0EC3,
1089,
123D,
13DF,
156E,
16EC,
1859,
19B4,
1B00,
1C3C,
1D69,
1E88,
1F9A,
20A0,
219A,
228A,
2371,
2450,
2527,
25F8,
26C4,
278C,
2851,
2914,
29D6,
2A98,
2B5B,
2C1F,
2CE5,
2DAE,
2E7A,
2F4B,
301F,
30F8,
31D6,
32B9,
33A1,
348E,
357F,
3675,
376F,
386B,
396B,
3A6C,
3B6F,
3C72,
3D74,
3E75,
3F72,
406C,
4160,
424E,
4334,
4411,
44E3,
45AA,
4663,
470D,
47A8,
4831,
48A8,
490B,
4958,
4990,
49B0,
49B9,
49A8,
497D,
4937,
48D5,
4858,
47BE,
4708,
4636,
4546,
443A,
4312,
41CE,
406F,
3EF5,
3D61,
3BB4,
39EE,
3812,
3620,
3419,
3200,
2FD5,
2D9A,
2B50,
28FA,
269A,
2430,
21C0,
1F4A,
1CD1,
1A57,
17DD,
1567,
12F4,
1088,
0E24,
0BCA,
097C,
073B,
0509,
02E8,
00D9,
FEDC,
FCF5,
FB22,
F967,
F7C3,
F637,
F4C4,
F36B,
F22B,
F106,
EFFA,
EF09,
EE33,
ED76,
ECD3,
EC49,
EBD7,
EB7E,
EB3C,
EB0F,
EAF9,
EAF6,
EB07,
EB2A,
EB60,
EBA4,
EBF8,
EC58,
ECC4,
ED3A,
EDB9,
EE40,
EECD,
EF5E,
EFF3,
F08B,
F124,
F1BC,
F254,
F2EA,
F37C,
F40A,
F494,
F518,
F596,
F60E,
F67E,
F6E7,
F749,
F7A3,
F7F5,
F83F,
F881,
F8BD,
F8F1,
F91E,
F946,
F968,
F984,
F99D,
F9B1,
F9C2,
F9D1,
F9DF,
F9EB,
F9F7,
FA05,
FA13,
FA24,
FA38,
FA50,
FA6D,
FA8F,
FAB6,
FAE4,
FB18,
FB54,
FB97,
FBE2,
FC35,
FC91,
FCF4,
FD5F,
FDD2,
FE4C,
FECD,
FF56,
FFE4,
0077,
010F,
01AB,
024A,
02EB,
038E,
0430,
04D2,
0571,
060C,
06A3,
0734,
07BD,
083E,
08B4,
091F,
097E,
09CF,
0A11,
0A42,
0A62,
0A70,
0A6B,
0A51,
0A23,
09DF,
0984,
0914,
088C,
07ED,
0736,
0669,
0582,
0485,
0371,
0248,
010A,
FFB7,
FE52,
FCDB,
FB53,
F9BC,
F817,
F666,
F4AB,
F2E6,
F11C,
EF4C,
ED7A,
EBA7,
E9D6,
E808,
E640,
E481,
E2CB,
E122,
DF88,
DDFE,
DC88,
DB26,
D9DB,
D8A8,
D790,
D694,
D5B7,
D4F8,
D45A,
D3DC,
D381,
D349,
D334,
D343,
D376,
D3CD,
D449,
D4E9,
D5AC,
D691,
D799,
D8C2,
DA0B,
DB72,
DCF6,
DE96,
E04F,
E21F,
E405,
E5FF,
E809,
EA22,
EC47,
EE75,
F0AA,
F2E4,
F51F,
F759,
F991,
FBC2,
FDEA,
0007,
0214,
0410,
05F9,
07CC,
0987,
0B27,
0CAC,
0E12,
0F59,
107F,
1182,
1262,
131D,
13B3,
1423,
146D,
1491,
148F,
1466,
1419,
13A6,
1310,
1257,
117D,
1082,
0F69,
0E33,
0CE3,
0B79,
09F8,
0863,
06BD,
0508,
0346,
017B,
FFA9,
FDD3,
FBFB,
FA26,
F855,
F68B,
F4CB,
F318,
F175,
EFE4,
EE67,
ED01,
EBB5,
EA83,
E96F,
E87B,
E7A7,
E6F5,
E666,
E5FD,
E5B8,
E59B,
E5A3,
E5D3,
E62A,
E6A5,
E746,
E80E,
E8FB,
EA0C,
EB41,
EC98,
EE0F,
EFA6,
F159,
F328,
F510,
F70E,
F921,
FB46,
FD7A,
FFBC,
0207,
045A,
06B1,
090A,
0B62,
0DB6,
1004,
1248,
1480,
16A9,
18C2,
1AC6,
1CB5,
1E8B,
2047,
21E5,
2364,
24C4,
2603,
271F,
2818,
28EB,
299A,
2A21,
2A82,
2ABC,
2ACF,
2ABA,
2A7F,
2A1D,
2995,
28E8,
2817,
2723,
260D,
24D6,
2380,
220C,
207D,
1ED4,
1D13,
1B3C,
1951,
1754,
1548,
132E,
1109,
0EDC,
0CA8,
0A70,
0836,
05FC,
03C5,
0191,
FF64,
FD3F,
FB23,
F913,
F711,
F51D,
F33A,
F168,
EFA8,
EDFC,
EC64,
EAE2,
E975,
E81F,
E6E0,
E5B7,
E4A5,
E3AA,
E2C6,
E1F9,
E142,
E0A0,
E014,
DF9C,
DF38,
DEE5,
DEA4,
DE74,
DE53,
DE42,
DE3E,
DE47,
DE5C,
DE7B,
DEA3,
DED4,
DF0C,
DF4B,
DF8F,
DFD7,
E023,
E072,
E0C3,
E115,
E168,
E1BB,
E20E,
E260,
E2B1,
E301,
E350,
E39E,
E3EB,
E436,
E481,
E4CA,
E514,
E55D,
E5A7,
E5F2,
E63E,
E68D,
E6DF,
E734,
E78E,
E7ED,
E852,
E8BD,
E92F,
E9AA,
EA2E,
EABB,
EB52,
EBF5,
ECA2,
ED5C,
EE21,
EEF4,
EFD4,
F0C1,
F1BB,
F2C3,
F3D9,
F4FD,
F62D,
F76B,
F8B5,
FA0C,
FB6E,
FCDC,
FE54,
FFD6,
0161,
02F3,
048B,
0629,
07CB,
0970,
0B17,
0CBD,
0E63,
1005,
11A4,
133C,
14CE,
1656,
17D4,
1946,
1AAB,
1C01,
1D46,
1E7A,
1F9B,
20A7,
219D,
227D,
2345,
23F4,
2489,
2503,
2562,
25A4,
25CA,
25D3,
25BE,
258C,
253D,
24D1,
2448,
23A1,
22DF,
2200,
2107,
1FF3,
1EC6,
1D80,
1C23,
1AB0,
1927,
178B,
15DD,
141E,
1251,
1075,
0E8E,
0C9D,
0AA3,
08A3,
069D,
0495,
028C,
0083,
FE7D,
FC7D,
FA82,
F890,
F6A6,
F4C7,
F2F5,
F131,
EF7C,
EDD8,
EC46,
EAC7,
E95D,
E808,
E6CA,
E5A4,
E495,
E3A0,
E2C5,
E203,
E15C,
E0D0,
E060,
E00B,
DFD1,
DFB3,
DFB0,
DFC8,
DFFC,
E04A,
E0B2,
E135,
E1D1,
E286,
E353,
E437,
E533,
E644,
E76B,
E8A6,
E9F5,
EB57,
ECCA,
EE4E,
EFE2,
F185,
F336,
F4F4,
F6BE,
F893,
FA72,
FC5B,
FE4B,
0043,
0241,
0445,
064C,
0858,
0A65,
0C74,
0E83,
1093,
12A0,
14AC,
16B4,
18B8,
1AB6,
1CAF,
1EA1,
208B,
226C,
2443,
260F,
27CF,
2983,
2B28,
2CBF,
2E46,
2FBD,
3121,
3273,
33B0,
34D9,
35EC,
36E8,
37CD,
3898,
394A,
39E1,
3A5D,
3ABD,
3B00,
3B25,
3B2B,
3B13,
3ADB,
3A83,
3A0B,
3972,
38B9,
37DE,
36E1,
35C4,
3485,
3325,
31A4,
3004,
2E44,
2C65,
2A68,
284E,
2618,
23C8,
215E,
1EDD,
1C45,
1998,
16D9,
1409,
112A,
0E3F,
0B49,
084C,
0548,
0242,
FF3B,
FC36,
F935,
F63D,
F34E,
F06C,
ED99,
EADA,
E82F,
E59C,
E324,
E0CA,
DE8F,
DC76,
DA81,
D8B3,
D70E,
D594,
D446,
D327,
D238,
D17A,
D0EF,
D097,
D073,
D085,
D0CC,
D148,
D1FA,
D2E2,
D3FE,
D54F,
D6D3,
D88A,
DA71,
DC88,
DECE,
E140,
E3DB,
E69E,
E986,
EC91,
EFBA,
F301,
F660,
F9D5,
FD5D,
00F4,
0497,
0841,
0BEF,
0F9D,
1349,
16EC,
1A85,
1E0F,
2187,
24E8,
2830,
2B5B,
2E65,
314C,
340C,
36A3,
390D,
3B49,
3D53,
3F2B,
40CC,
4237,
4369,
4462,
4520,
45A3,
45EC,
45F9,
45CA,
4562,
44BF,
43E4,
42D0,
4187,
400A,
3E5A,
3C7A,
3A6D,
3835,
35D5,
334F,
30A8,
2DE2,
2B01,
2809,
24FD,
21E0,
1EB8,
1B86,
1850,
1519,
11E5,
0EB8,
0B94,
087E,
057A,
028A,
FFB2,
FCF6,
FA57,
F7D9,
F57E,
F349,
F13C,
EF59,
EDA2,
EC17,
EABA,
E98D,
E88F,
E7C2,
E725,
E6B9,
E67C,
E66F,
E690,
E6DF,
E75B,
E800,
E8CF,
E9C5,
EADF,
EC1C,
ED79,
EEF5,
F08B,
F239,
F3FC,
F5D1,
F7B3,
F9A2,
FB98,
FD93,
FF90,
018A,
0381,
056F,
0752,
0927,
0AEC,
0C9D,
0E38,
0FBA,
1122,
126D,
139A,
14A6,
1590,
1657,
16FA,
1778,
17D1,
1803,
180F,
17F5,
17B6,
174F,
16C4,
1615,
1544,
1452,
1340,
1211,
10C6,
0F61,
0DE4,
0C52,
0AAD,
08F7,
0733,
0564,
038D,
01AF,
FFCE,
FDED,
FC0E,
FA34,
F861,
F698,
F4DC,
F32F,
F193,
F00A,
EE97,
ED3B,
EBF8,
EACF,
E9C2,
E8D2,
E800,
E74D,
E6B9,
E645,
E5F2,
E5BE,
E5AB,
E5B7,
E5E2,
E62C,
E693,
E716,
E7B5,
E86D,
E93E,
EA25,
EB20,
EC2F,
ED4E,
EE7C,
EFB6,
F0FB,
F247,
F39A,
F4F0,
F646,
F79C,
F8EE,
FA3B,
FB80,
FCBB,
FDEB,
FF0D,
0020,
0122,
0210,
02EB,
03B1,
0460,
04F8,
0578,
05E0,
062E,
0664,
0680,
0684,
066F,
0641,
05FC,
05A1,
052F,
04A9,
0410,
0364,
02A7,
01DC,
0103,
001E,
FF30,
FE39,
FD3D,
FC3C,
FB39,
FA34,
F930,
F831,
F736,
F643,
F558,
F478,
F3A4,
F2DE,
F226,
F17E,
F0E8,
F063,
EFF2,
EF93,
EF49,
EF13,
EEF1,
EEE4,
EEEA,
EF05,
EF32,
EF72,
EFC4,
F026,
F099,
F119,
F1A6,
F23F,
F2E1,
F38B,
F43C,
F4EF,
F5A5,
F65B,
F710,
F7C2,
F86E,
F912,
F9AC,
FA3B,
FABC,
FB2E,
FB8F,
FBDD,
FC16,
FC3A,
FC47,
FC3B,
FC16,
FBD7,
FB7D,
FB08,
FA77,
F9CB,
F903,
F821,
F724,
F60D,
F4DD,
F396,
F238,
F0C5,
EF40,
EDAA,
EC06,
EA54,
E899,
E6D5,
E50C,
E341,
E176,
DFAE,
DDEC,
DC33,
DA87,
D8E9,
D75E,
D5E9,
D48B,
D349,
D225,
D122,
D041,
CF87,
CEF5,
CE8D,
CE51,
CE43,
CE65,
CEB8,
CF3D,
CFF5,
D0E1,
D200,
D354,
D4DD,
D69A,
D88A,
DAAC,
DCFF,
DF81,
E230,
E50B,
E80F,
EB3A,
EE89,
F1FA,
F588,
F932,
FCF3,
00C7,
04AB,
089C,
0C94,
1091,
148D,
1885,
1C75,
2058,
2429,
27E6,
2B8A,
2F10,
3275,
35B6,
38CE,
3BB9,
3E74,
40FD,
4351,
456C,
474E,
48F3,
4A5A,
4B82,
4C67,
4D0B,
4D6C,
4D89,
4D62,
4CF8,
4C4B,
4B5C,
4A2C,
48BB,
470D,
4523,
42FE,
40A2,
3E12,
3B50,
385F,
3543,
31FF,
2E98,
2B11,
276F,
23B4,
1FE7,
1C0A,
1823,
1436,
1047,
0C5B,
0876,
049D,
00D3,
FD1D,
F97F,
F5FD,
F29A,
EF59,
EC40,
E94F,
E68B,
E3F5,
E191,
DF61,
DD66,
DBA1,
DA16,
D8C3,
D7AB,
D6CE,
D62B,
D5C3,
D595,
D5A1,
D5E6,
D663,
D715,
D7FC,
D915,
DA5E,
DBD5,
DD77,
DF42,
E132,
E345,
E577,
E7C5,
EA2C,
ECA8,
EF36,
F1D1,
F478,
F726,
F9D7,
FC88,
FF36,
01DD,
047A,
070A,
098A,
0BF6,
0E4D,
108C,
12AF,
14B6,
169D,
1864,
1A08;
