DC65
DAFC
D998
D83B
D6E5
D597
D453
D319
D1EB
D0CA
CFB6
CEB0
CDBA
CCD4
CBFF
CB3C
CA8B
C9EE
C964
C8EF
C88F
C845
C810
C7F1
C7E9
C7F8
C81D
C859
C8AD
C917
C997
CA2E
CADC
CBA0
CC7B
CD6A
CE6E
CF86
D0B2
D1F0
D340
D4A1
D613
D793
D922
DABE
DC67
DE1B
DFD8
E19F
E36E
E543
E71E
E8FD
EAE0
ECC4
EEA9
F08E
F270
F451
F62D
F804
F9D6
FBA0
FD62
FF1B
00CB
026F
0408
0593
0712
0882
09E4
0B36
0C78
0DA9
0EC9
0FD8
10D5
11C0
1299
1360
1413
14B4
1543
15BF
1628
167F
16C3
16F6
1717
1727
1726
1715
16F3
16C2
1682
1634
15D7
156D
14F7
1475
13E7
1350
12AF
1204
1152
1099
0FD9
0F13
0E49
0D7A
0CA8
0BD4
0AFD
0A26
094F
0878
07A2
06CE
05FE
0530
0466
03A1
02E2
0228
0174
00C8
0022
FF85
FEEF
FE63
FDDF
FD64
FCF3
FC8C
FC2E
FBDB
FB92
FB53
FB1E
FAF3
FAD3
FABC
FAB0
FAAE
FAB5
FAC5
FADF
FB01
FB2C
FB5F
FB9A
FBDC
FC24
FC73
FCC8
FD22
FD81
FDE4
FE4A
FEB4
FF21
FF8F
FFFE
006E
00DD
014B
01B8
0222
0289
02ED
034C
03A6
03FA
0448
0490
04D0
0507
0537
055D
057A
058C
0595
0592
0584
056B
0547
0516
04D9
0491
043B
03DA
036D
02F3
026D
01DC
013E
0095
FFE1
FF21
FE57
FD83
FCA5
FBBE
FACE
F9D6
F8D6
F7D0
F6C3
F5B0
F499
F37D
F25F
F13D
F01A
EEF6
EDD2
ECAF
EB8D
EA6D
E951
E839
E726
E619
E512
E413
E31C
E22E
E149
E06F
DFA0
DEDC
DE25
DD7B
DCDE
DC4F
DBCF
DB5D
DAFB
DAA8
DA65
DA32
DA0F
D9FD
D9FB
DA09
DA29
DA58
DA98
DAE8
DB47
DBB7
DC35
DCC3
DD5F
DE09
DEC1
DF86
E057
E134
E21B
E30E
E40A
E50E
E61B
E72F
E849
E969
EA8D
EBB4
ECDF
EE0B
EF38
F064
F18F
F2B9
F3DF
F501
F61E
F735
F846
F94E
FA4E
FB45
FC31
FD12
FDE7
FEB0
FF6C
001A
00B9
0149
01CA
023B
029B
02EA
0328
0355
0370
0379
0370
0355
0328
02E9
0298
0235
01C1
013C
00A6
FFFF
FF48
FE82
FDAD
FCC9
FBD8
FADA
F9CF
F8B9
F797
F66C
F53A
F3FF
F2BD
F174
F026
EED4
ED7F
EC27
EACE
E975
E81D
E6C7
E574
E425
E2DC
E198
E05C
DF28
DDFD
DCDC
DBC6
DABC
D9BF
D8D0
D7EF
D71D
D65C
D5AA
D50A
D47C
D400
D397
D342
D301
D2D4
D2BA
D2B4
D2C3
D2E5
D31C
D367
D3C6
D439
D4BF
D559
D605
D6C5
D796
D879
D96D
DA72
DB87
DCAA
DDDD
DF1D
E069
E1C2
E326
E494
E60C
E78C
E913
EAA0
EC33
EDCB
EF65
F102
F2A0
F43E
F5DB
F776
F90E
FAA1
FC30
FDB8
FF39
00B2
0221
0387
04E2
0631
0773
08A9
09D0
0AE8
0BF1
0CEA
0DD2
0EAA
0F6F
1023
10C5
1154
11D0
1238
128E
12D0
12FF
131A
1323
1318
12FA
12CA
1287
1233
11CC
1155
10CC
1033
0F8A
0ED3
0E0C
0D37
0C56
0B67
0A6D
0968
0858
073F
061D
04F3
03C2
028B
014F
000F
FECB
FD84
FC3C
FAF2
F9A9
F861
F71B
F5D7
F496
F35A
F222
F0F0
EFC5
EEA1
ED84
EC70
EB65
EA63
E96C
E880
E79E
E6C8
E5FE
E541
E490
E3EB
E355
E2CB
E24F
E1E1
E180
E12D
E0E8
E0B0
E086
E06A
E05B
E059
E065
E07D
E0A1
E0D2
E10E
E156
E1A9
E206
E26E
E2DF
E359
E3DD
E468
E4FB
E595
E636
E6DD
E789
E83B
E8F0
E9AA
EA67
EB26
EBE8
ECAB
ED70
EE34
EEF9
EFBE
F081
F143
F203
F2C1
F37C
F434
F4E8
F599
F645
F6EC
F78F
F82C
F8C4
F957
F9E3
FA69
FAE9
FB63
FBD7
FC43
FCA9
FD09
FD61
FDB3
FDFE
FE42
FE80
FEB7
FEE8
FF12
FF36
FF54
FF6C
FF7F
FF8C
FF93
FF95
FF91
FF89
FF7C
FF6B
FF55
FF3B
FF1E
FEFD
FED8
FEB1
FE87
FE5B
FE2C
FDFB
FDC8
FD94
FD5E
FD28
FCF0
FCB8
FC7F
FC46
FC0D
FBD3
FB9A
FB61
FB29
FAF2
FABC
FA87
FA53
FA1F
F9EC
F9BB
F98A
F95A
F92C
F8FE
F8D2
F8A7
F87D
F854
F82D
F806
F7E1
F7BD
F799
F777
F756
F735
F716
F6F7
F6DA
F6BC
F6A0
F684
F669
F64F
F635
F61D
F605
F5EE
F5D7
F5C0
F5AA
F595
F57F
F56A
F555
F541
F52D
F518
F505
F4F1
F4DE
F4CB
F4B8
F4A5
F493
F480
F46F
F45D
F44C
F43C
F42B
F41C
F40D
F3FE
F3F1
F3E4
F3D8
F3CD
F3C4
F3BB
F3B4
F3AD
F3A8
F3A4
F3A2
F3A0
F3A1
F3A2
F3A5
F3AA
F3B0
F3B8
F3C2
F3CD
F3DA
F3E8
F3F8
F40A
F41E
F433
F44A
F463
F47D
F499
F4B6
F4D5
F4F5
F517
F53A
F55F
F585
F5AC
F5D3
F5FC
F625
F64F
F679
F6A4
F6CE
F6FA
F725
F750
F77B
F7A6
F7D1
F7FB
F825
F84F
F878
F8A0
F8C8
F8EF
F915
F93A
F95E
F981
F9A3
F9C4
F9E4
FA03
FA20
FA3D
FA59
FA73
FA8C
FAA4
FABA
FACF
FAE2
FAF4
FB05
FB14
FB21
FB2E
FB39
FB42
FB4A
FB51
FB57
FB5C
FB5F
FB61
FB63
FB63
FB62
FB61
FB5F
FB5C
FB58
FB54
FB4F
FB49
FB44
FB3F
FB39
FB34
FB2E
FB29
FB24
FB1F
FB1A
FB15
FB11
FB0D
FB09
FB06
FB03
FB01
FAFF
FAFD
FAFB
FAFA
FAFA
FAF9
FAF9
FAF9
FAFA
FAFA
FAFB
FAFC
FAFD
FAFE
FAFF
FB00
FB01
FB02
FB03
FB04
FB04
FB04
FB04
FB03
FB03
FB01
FB00
FAFE
FAFB
FAF8
FAF5
FAF1
FAED
FAE9
FAE4
FADE
FAD9
FAD3
FACD
FAC6
FAC0
FAB9
FAB2
FAAC
FAA5
FA9F
FA98
FA92
FA8D
FA88
FA84
FA80
FA7D
FA7B
FA7A
FA79
FA7A
FA7B
FA7E
FA82
FA88
FA8F
FA98
FAA3
FAAF
FABE
FACF
FAE1
FAF6
FB0D
FB27
FB43
FB61
FB82
FBA5
FBCB
FBF4
FC1F
FC4D
FC7D
FCAF
FCE5
FD1E
FD59
FD95
FDD4
FE15
FE58
FE9C
FEE2
FF29
FF70
FFB9
0002
004C
0096
00DF
0128
0170
01B7
01FD
0241
0283
02C3
0300
033B
0372
03A5
03D4
03FF
0426
0447
0463
047A
048B
0496
049A
0498
048E
047E
0466
0446
041F
03F0
03B8
0378
0330
02E0
0287
0225
01BB
0148
00CD
0049
FFBD
FF29
FE8D
FDE9
FD3D
FC8A
FBD0
FB0F
FA48
F97A
F8A6
F7CC
F6ED
F609
F521
F435
F346
F255
F161
F06C
EF76
EE80
ED8A
EC95
EBA2
EAB1
E9C3
E8D8
E7F2
E711
E635
E560
E491
E3CB
E30C
E256
E1A9
E107
E06F
DFE2
DF60
DEEB
DE82
DE26
DDD7
DD96
DD63
DD3E
DD27
DD1F
DD26
DD3C
DD61
DD95
DDD8
DE2A
DE8C
DEFC
DF7A
E007
E0A2
E14B
E202
E2C5
E395
E472
E559
E64C
E749
E850
E960
EA79
EB99
ECBF
EDEC
EF1F
F056
F190
F2CE
F40C
F54C
F68B
F7C9
F906
FA3F
FB74
FCA4
FDCF
FEF2
000F
0122
022C
032C
0421
050A
05E7
06B6
0777
0829
08CC
095F
09E2
0A53
0AB3
0B02
0B3E
0B68
0B7F
0B84
0B75
0B54
0B1F
0AD8
0A7E
0A11
0991
0900
085C
07A8
06E2
060D
0527
0432
032F
021E
0100
FFD6
FEA1
FD61
FC18
FAC7
F96E
F80F
F6AA
F541
F3D5
F267
F0F8
EF89
EE1C
ECB1
EB4A
E9E8
E88B
E735
E5E8
E4A3
E369
E23A
E116
E000
DEF8
DDFF
DD16
DC3D
DB75
DAC0
DA1C
D98C
D910
D8A8
D854
D815
D7EB
D7D6
D7D7
D7ED
D819
D85A
D8B1
D91C
D99E
DA34
DADE
DB9C
DC6D
DD51
DE47
DF4E
E066
E18D
E2C3
E408
E559
E6B6
E81E
E990
EB0B
EC8D
EE16
EFA4
F136
F2CB
F462
F5F9
F78F
F923
FAB4
FC40
FDC7
FF46
00BE
022C
0390
04E9
0636
0775
08A5
09C7
0AD8
0BD8
0CC6
0DA2
0E6B
0F20
0FC1
104D
10C4
1126
1172
11A9
11C9
11D4
11C9
11A8
1172
1126
10C6
1051
0FC8
0F2B
0E7C
0DBA
0CE7
0C02
0B0F
0A0D
08FC
07DF
06B5
0580
0442
02FB
01AC
0057
FEFD
FD9F
FC3E
FADC
F97A
F818
F6BA
F55F
F409
F2B9
F171
F031
EEFB
EDD0
ECB1
EB9F
EA9B
E9A6
E8C1
E7EE
E72C
E67C
E5E1
E559
E4E7
E489
E441
E40E
E3F2
E3ED
E3FE
E426
E464
E4B9
E525
E5A7
E63F
E6ED
E7B0
E888
E975
EA75
EB88
ECAD
EDE4
EF2C
F083
F1E9
F35D
F4DD
F669
F7FF
F99F
FB47
FCF6
FEAB
0064
0220
03DF
059E
075C
0919
0AD2
0C87
0E36
0FDF
1180
1317
14A4
1625
179A
1902
1A5B
1BA4
1CDE
1E06
1F1C
201F
210F
21EC
22B4
2366
2404
248C
24FE
255A
259F
25CD
25E5
25E7
25D3
25A8
2569
2513
24A9
242B
2399
22F3
223B
2171
2096
1FAB
1EB1
1DA8
1C91
1B6E
1A40
1907
17C4
167A
1528
13D0
1273
1112
0FAF
0E4A
0CE5
0B80
0A1E
08BF
0764
060D
04BD
0373
0232
00F9
FFCB
FEA7
FD8E
FC82
FB82
FA91
F9AD
F8D9
F813
F75E
F6B8
F623
F59F
F52C
F4CA
F479
F439
F40B
F3ED
F3E1
F3E5
F3F9
F41E
F452
F496
F4E9
F54A
F5B8
F634
F6BB
F74F
F7EC
F894
F945
F9FE
FABF
FB86
FC53
FD24
FDF9
FED1
FFAB
0086
0160
023A
0312
03E7
04B8
0584
064B
070C
07C5
0877
0920
09C0
0A56
0AE1
0B61
0BD5
0C3D
0C98
0CE7
0D27
0D5B
0D80
0D97
0DA0
0D9A
0D86
0D64
0D33
0CF4
0CA7
0C4C
0BE3
0B6D
0AEA
0A5B
09BF
0918
0866
07A9
06E2
0612
053A
0459
0371
0283
0190
0098
FF9C
FE9C
FD9A
FC96
FB91
FA8C
F987
F884
F784
F686
F58C
F497
F3A7
F2BD
F1DA
F0FE
F02A
EF5E
EE9C
EDE3
ED34
EC8F
EBF5
EB67
EAE4
EA6C
EA01
E9A2
E94E
E908
E8CE
E8A1
E880
E86B
E862
E864
E872
E88B
E8AE
E8DC
E915
E956
E9A1
E9F4
EA50
EAB2
EB1C
EB8D
EC02
EC7D
ECFD
ED80
EE06
EE8F
EF19
EFA5
F031
F0BC
F146
F1CF
F255
F2D8
F358
F3D4
F44A
F4BC
F527
F58C
F5E9
F640
F68E
F6D4
F712
F746
F771
F793
F7AB
F7B9
F7BD
F7B7
F7A7
F78C
F768
F73A
F701
F6C0
F674
F620
F5C3
F55D
F4EF
F479
F3FC
F379
F2EF
F260
F1CC
F134
F097
EFF8
EF56
EEB3
EE0E
ED69
ECC4
EC20
EB7E
EADF
EA42
E9AA
E916
E887
E7FF
E77D
E702
E68F
E625
E5C4
E56D
E520
E4DE
E4A7
E47C
E45D
E44A
E444
E44D
E463
E486
E4B8
E4F7
E544
E59F
E609
E680
E706
E799
E83A
E8E9
E9A5
EA6D
EB43
EC25
ED13
EE0C
EF10
F01F
F138
F25A
F385
F4B8
F5F3
F735
F87D
F9CA
FB1C
FC72
FDCC
FF28
0086
01E4
0343
04A1
05FE
0759
08B1
0A05
0B54
0C9F
0DE3
0F21
1057
1186
12AC
13C8
14DB
15E4
16E1
17D3
18BA
1994
1A61
1B22
1BD5
1C7A
1D12
1D9B
1E16
1E83
1EE2
1F30
1F71
1FA3
1FC6
1FDB
1FE2
1FDB
1FC7
1FA4
1F75
1F38
1EEE
1E99
1E37
1DC9
1D51
1CCD
1C3F
1BA7
1B06
1A5C
19AA
18F0
182F
1767
1698
15C5
14EC
140E
132D
1249
1161
1077
0F8C
0E9F
0DB2
0CC5
0BD8
0AED
0A02
091A
0834
0752
0672
0596
04BE
03EA
031B
0251
018C
00CD
0013
FF60
FEB3
FE0C
FD6B
FCD1
FC3E
FBB1
FB2B
FAAC
FA34
F9C3
F958
F8F4
F898
F841
F7F1
F7A8
F764
F727
F6EF
F6BD
F690
F669
F646
F629
F610
F5FB
F5EB
F5DF
F5D6
F5D1
F5D0
F5D1
F5D5
F5DC
F5E5
F5F1
F5FE
F60D
F61E
F631
F644
F659
F66F
F686
F69E
F6B7
F6D0
F6EA
F704
F71E
F738
F752
F76D
F787
F7A0
F7BA
F7D3
F7EC
F805
F81D
F834
F84B
F862
F878
F88E
F8A3
F8B8
F8CD
F8E1
F8F4
F907
F91A
F92D
F93F
F951
F963
F976
F989
F99B
F9AD
F9C0
F9D2
F9E4
F9F6
FA07
FA19
FA2A
FA3C
FA4C
FA5D
FA6D
FA7D
FA8C
FA9B
FAA9
FAB6
FAC2
FACE
FAD8
FAE1
FAE9
FAF0
FAF5
FAF8
FAFA
FAF9
FAF7
FAF4
FAEE
FAE6
FADC
FACF
FABF
FAAC
FA97
FA7E
FA63
FA44
FA22
F9FC
F9D4
F9A8
F978
F945
F90F
F8D5
F897
F857
F813
F7CB
F780
F733
F6E2
F68E
F637
F5DD
F581
F522
F4C1
F45F
F3FA
F394
F32C
F2C3
F258
F1ED
F181
F114
F0A8
F03B
EFCE
EF62
EEF7
EE8D
EE24
EDBD
ED57
ECF4
EC93
EC35
EBD9
EB81
EB2D
EADC
EA8F
EA46
EA02
E9C2
E987
E951
E920
E8F5
E8D0
E8B1
E898
E884
E877
E86F
E86E
E873
E87E
E890
E8A8
E8C5
E8EA
E914
E944
E97B
E9B7
E9F9
EA40
EA8D
EADF
EB37
EB93
EBF3
EC59
ECC2
ED2F
EDA0
EE14
EE8C
EF06
EF82
F001
F082
F104
F187
F20A
F28F
F313
F398
F41C
F4A0
F522
F5A3
F623
F6A1
F71E
F797
F80F
F884
F8F6
F965
F9D1
FA39
FA9E
FAFF
FB5D
FBB7
FC0C
FC5E
FCAC
FCF5
FD3B
FD7B
FDB7
FDF0
FE23
FE53
FE7F
FEA7
FECA
FEEB
FF07
FF20
FF36
FF48
FF58
FF64
FF6E
FF76
FF7B
FF7E
FF7F
FF7F
FF7E
FF7B
FF77
FF72
FF6D
FF68
FF63
FF5E
FF59
FF54
FF50
FF4E
FF4D
FF4D
FF4E
FF52
FF57
FF5D
FF66
FF70
FF7C
FF8B
FF9B
FFAC
FFC0
FFD5
FFEC
0005
001F
0039
0055
0072
0090
00AE
00CC
00EA
0108
0125
0141
015D
0177
018F
01A5
01BB
01CE
01DE
01EC
01F6
01FC
01FF
01FD
01F6
01EB
01DA
01C4
01A7
0185
015D
012D
00F7
00BA
0075
0029
FFD6
FF7A
FF17
FEAC
FE38
FDBD
FD39
FCAE
FC1A
FB7E
FADA
FA2F
F97C
F8C1
F800
F737
F667
F591
F4B5
F3D3
F2EB
F1FF
F10D
F018
EF1F
EE22
ED23
EC21
EB1E
EA1A
E915
E810
E70C
E609
E508
E40A
E30E
E216
E122
E033
DF4A
DE67
DD8A
DCB5
DBE8
DB22
DA66
D9B3
D909
D86A
D7D6
D74D
D6CF
D65D
D5F7
D59E
D551
D512
D4DF
D4BA
D4A2
D498
D49B
D4AC
D4CB
D4F7
D530
D576
D5CA
D62A
D697
D710
D795
D825
D8C1
D967
DA18
DAD3
DB97
DC64
DD39
DE15
DEF8
DFE2
E0D0
E1C4
E2BB
E3B6
E4B3
E5B2
E6B2
E7B3
E8B3
E9B2
EAAF
EBAA
ECA1
ED94
EE82
EF6B
F04E
F129
F1FE
F2CA
F38E
F449
F4FB
F5A2
F640
F6D2
F75A
F7D6
F846
F8AA
F902
F94E
F98D
F9C0
F9E7
FA01
FA0F
FA11
FA07
F9F1
F9D0
F9A3
F96C
F92A
F8DF
F88A
F82D
F7C7
F759
F6E4
F669
F5E8
F563
F4D9
F44B
F3BB
F32A
F297
F204
F172
F0E1
F052
EFC7
EF40
EEBD
EE40
EDC9
ED5A
ECF3
EC94
EC3F
EBF4
EBB4
EB80
EB58
EB3C
EB2E
EB2E
EB3C
EB59
EB84
EBBF
EC0A
EC64
ECCE
ED48
EDD3
EE6D
EF19
EFD5
F0A1
F17C
F266
F35F
F466
F57B
F69E
F7CD
F909
FA50
FBA2
FCFD
FE62
FFCF
0143
02BE
043E
05C3
074B
08D5
0A60
0BEB
0D76
0EFE
1082
1202
137D
14F0
165B
17BD
1916
1A64
1BA5
1CD8
1DFC
1F11
2014
2106
21E5
22B1
2367
2409
2494
2508
2565
25AA
25D7
25EA
25E4
25C4
2589
2535
24C6
243C
2398
22DA
2201
210E
2002
1EDC
1D9C
1C45
1AD5
194E
17B0
15FD
1434
1257
1067
0E65
0C51
0A2E
07FB
05BB
036E
0117
FEB5
FC4B
F9D9
F762
F4E7
F269
EFE9
ED69
EAEB
E870
E5F9
E388
E11E
DEBD
DC66
DA1A
D7DB
D5AA
D388
D177
CF77
CD8B
CBB2
C9EF
C841
C6AB
C52D
C3C7
C27B
C14A
C033
BF38
BE59
BD97
BCF1
BC68
BBFC
BBAE
BB7D
BB6A
BB74
BB9B
BBDF
BC3F
BCBB
BD53
BE06
BED4
BFBB
C0BC
C1D3
C302
C447
C5A1
C710
C892
CA26
CBCB
CD81
CF45
D116
D2F3
D4DB
D6CD
D8C7
DAC8
DCCE
DED8
E0E6
E2F4
E503
E710
E91B
EB22
ED24
EF20
F114
F2FF
F4E1
F6B7
F881
FA3E
FBEC
FD8A
FF19
0096
0202
035C
04A3
05D6
06F5
07FF
08F5
09D6
0AA1
0B56
0BF5
0C7F
0CF3
0D51
0D9A
0DCD
0DEB
0DF4
0DE9
0DCA
0D98
0D52
0CFA
0C91
0C16
0B8C
0AF1
0A48
0992
08CE
07FF
0724
063E
0550
0459
035A
0256
014C
003D
FF2C
FE18
FD03
FBEE
FADA
F9C7
F8B8
F7AC
F6A4
F5A2
F4A6
F3B1
F2C5
F1E1
F106
F035
EF6F
EEB4
EE04
ED61
ECCB
EC42
EBC7
EB58
EAF8
EAA5
EA60
EA29
EA00
E9E5
E9D8
E9D8
E9E6
EA01
EA29
EA5D
EA9E
EAEB
EB43
EBA5
EC12
EC89
ED09
ED91
EE21
EEB8
EF56
EFFA
F0A2
F14F
F1FF
F2B1
F366
F41C
F4D1
F586
F63A
F6EC
F79B
F846
F8ED
F98E
FA2A
FAC0
FB4E
FBD5
FC53
FCC9
FD35
FD97
FDF0
FE3D
FE80
FEB7
FEE2
FF02
FF15
FF1C
FF17
FF05
FEE7
FEBD
FE86
FE43
FDF4
FD99
FD32
FCC0
FC43
FBBB
FB28
FA8C
F9E6
F937
F880
F7C1
F6FB
F62D
F55A
F481
F3A4
F2C3
F1DE
F0F6
F00D
EF22
EE37
ED4C
EC63
EB7B
EA95
E9B3
E8D5
E7FB
E727
E658
E590
E4D1
E419
E36A
E2C4
E227
E194
E10C
E08F
E01E
DFB8
DF5E
DF11
DED0
DE9D
DE76
DE5D
DE52
DE53
DE63
DE80
DEAB
DEE3
DF28
DF7B
DFDB
E048
E0C2
E148
E1DA
E278
E322
E3D6
E494
E55D
E62F
E70B
E7EF
E8DC
E9D1
EACD
EBD0
ECD9
EDE8
EEFC
F015
F131
F251
F374
F499
F5C0
F6E8
F811
F93A
FA63
FB8A
FCB1
FDD5
FEF7
0017
0133
024C
0361
0472
057F
0684
0785
0880
0975
0A65
0B4F
0C33
0D11
0DE9
0EBA
0F85
104A
1109
11C1
1273
131F
13C5
1465
1500
1594
1624
16AE
1733
17B4
1830
18A7
191B
198A
19F6
1A5F
1AC4
1B27
1B88
1BE6
1C41
1C9B
1CF3
1D4A
1D9F
1DF3
1E46
1E99
1EEB
1F3D
1F8E
1FE0
2032
2084
20D7
212A
217D
21D1
2226
227B
22D1
2327
237E
23D5
242C
2484
24DC
2533
258A
25E1
2638
268E
26E3
2736
2787
27D6
2823
286D
28B3
28F7
2937
2973
29AA
29DE
2A0C
2A36
2A5A
2A79
2A92
2AA5
2AB2
2AB8
2AB7
2AAF
2AA1
2A8B
2A6D
2A48
2A1B
29E7
29AA
2966
2919
28C5
2868
2803
2796
2721
26A5
2621
2595
2502
2468
23C8
2320
2272
21BE
2105
2046
1F82
1EB9
1DEC
1D1B
1C47
1B6F
1A95
19B9
18DC
17FD
171E
163E
155F
1481
13A4
12C9
11F1
111B
1049
0F7B
0EB1
0DEC
0D2C
0C72
0BBD
0B10
0A69
09C9
0931
08A1
0818
0798
0721
06B2
064D
05F0
059C
0552
0511
04DA
04AB
0487
046B
0458
044F
044E
0456
0468
0483
04A5
04CF
0501
0539
0578
05BE
0609
065A
06AF
0709
0767
07C9
082D
0894
08FD
0967
09D3
0A3E
0AA9
0B14
0B7D
0BE4
0C49
0CAB
0D09
0D64
0DBA
0E0B
0E56
0E9C
0EDC
0F16
0F48
0F73
0F96
0FB2
0FC5
0FCF
0FD1
0FCA
0FBA
0FA1
0F7F
0F54
0F1F
0EE1
0E9A
0E4B
0DF2
0D91
0D27
0CB5
0C3B
0BB9
0B30
0AA0
0A09
096D
08CA
0822
0776
06C5
0610
0557
049B
03DE
031F
025F
019F
00DF
0020
FF62
FEA7
FDEF
FD3A
FC89
FBDD
FB37
FA96
F9FC
F969
F8DE
F85B
F7E1
F76F
F708
F6AB
F658
F610
F5D4
F5A3
F57D
F564
F558
F558
F564
F57D
F5A3
F5D6
F615
F661
F6BA
F71F
F791
F80F
F899
F92E
F9CF
FA7C
FB33
FBF4
FCC0
FD95
FE73
FF5A
0049
0140
023D
0341
044B
0559
066D
0784
089E
09BB
0AD9
0BFA
0D1B
0E3B
0F5B
1078
1194
12AC
13C1
14D1
15DC
16E2
17E2
18DB
19CC
1AB6
1B98
1C71
1D40
1E07
1EC3
1F74
201B
20B8
2149
21CE
2248
22B7
2319
2370
23BA
23F9
242C
2453
246E
247E
2482
247C
246A
244D
2426
23F5
23BB
2377
232A
22D4
2277
2211
21A5
2132
20B9
203A
1FB6
1F2E
1EA1
1E12
1D7F
1CEA
1C53
1BBB
1B23
1A8A
19F2
195B
18C5
1831
17A0
1711
1687
1600
157D
14FF
1487
1413
13A5
133E
12DC
1281
122C
11DE
1197
1156
111D
10EA
10BE
1099
107B
1063
1051
1046
1041
1042
1048
1054
1064
1079
1093
10AF
10CF
10F2
1118
1140
116A
1195
11C1
11ED
1219
1244
126E
1296
12BC
12DE
12FE
1319
1330
1343
134F
1356
1357
1351
1344
132F
1312
12ED
12BF
1289
1249
1200
11AD
114F
10E7
1075
0FF9
0F74
0EE4
0E4A
0DA6
0CF9
0C41
0B81
0AB7
09E4
0908
0824
0738
0644
0549
0446
033E
022F
011B
0002
FEE5
FDC4
FC9F
FB78
FA4F
F925
F7FA
F6D0
F5A5
F47B
F352
F22B
F109
EFEA
EED0
EDBB
ECAD
EBA5
EAA5
E9AD
E8BD
E7D7
E6FB
E62A
E563
E4A9
E3FA
E358
E2C3
E23B
E1C1
E156
E0F9
E0AB
E06C
E03C
E01B
E00B
E009
E018
E036
E063
E09F
E0EB
E146
E1B1
E22A
E2B3
E34A
E3EF
E4A2
E563
E631
E70B
E7F2
E8E5
E9E4
EAED
EC00
ED1D
EE44
EF72
F0A9
F1E7
F32B
F476
F5C5
F71A
F872
F9CD
FB2A
FC8A
FDEA
FF4A
00A9
0207
0363
04BE
0615
0768
08B7
0A01
0B45
0C84
0DBB
0EEC
1014
1135
124D
135B
1461
155C
164D
1734
180F
18E0
19A5
1A5E
1B0C
1BAE
1C44
1CCD
1D4B
1DBC
1E22
1E7B
1EC8
1F08
1F3E
1F67
1F85
1F98
1F9F
1F9C
1F8E
1F75
1F53
1F27
1EF1
1EB3
1E6B
1E1C
1DC4
1D65
1CFF
1C92
1C1F
1BA5
1B27
1AA3
1A1A
198D
18FD
1869
17D1
1738
169C
15FE
155F
14BE
141D
137B
12DA
1238
1197
10F7
1057
0FB9
0F1D
0E82
0DE9
0D53
0CBF
0C2D
0B9E
0B11
0A88
0A01
097E
08FD
0880
0806
078F
071A
06A9
063B
05D0
0568
0502
049E
043D
03DE
0382
0327
02CF
0278
0224
01D0
017E
012E
00DE
008F
0041
FFF4
FFA7
FF5A
FF0D
FEC1
FE74
FE27
FDD9
FD8B
FD3C
FCEC
FC9B
FC49
FBF7
FBA3
FB4E
FAF8
FAA0
FA46
F9EB
F98F
F931
F8D3
F873
F812
F7B1
F74F
F6EC
F688
F624
F5C0
F55B
F4F7
F493
F42F
F3CB
F368
F306
F2A5
F246
F1E8
F18C
F132
F0DA
F085
F032
EFE3
EF97
EF4E
EF0A
EEC9
EE8C
EE55
EE22
EDF4
EDCC
EDAA
ED8D
ED77
ED67
ED5D
ED5A
ED5E
ED69
ED7C
ED95
EDB6
EDDF
EE0F
EE48
EE88
EED0
EF20
EF78
EFD7
F03F
F0B0
F128
F1A7
F22F
F2BF
F356
F3F5
F49B
F549
F5FE
F6BB
F77E
F848
F919
F9F0
FACD
FBB1
FC9A
FD89
FE7C
FF75
0073
0175
027B
0384
0492
05A2
06B5
07CB
08E3
09FD
0B18
0C35
0D52
0E70
0F8E
10AB
11C9
12E4
13FD
1516
162C
1740
1852
1960
1A6C
1B74
1C79
1D79
1E75
1F6D
2060
214E
2236
2319
23F6
24CD
259E
2669
272D
27EB
28A1
2951
29F9
2A9A
2B33
2BC5
2C4F
2CD2
2D4C
2DBF
2E2A
2E8C
2EE6
2F38
2F82
2FC4
2FFD
302F
3058
3078
3091
30A1
30AA
30AA
30A3
3093
307C
305D
3036
3008
2FD2
2F95
2F50
2F05
2EB3
2E59
2DF9
2D93
2D26
2CB3
2C39
2BBB
2B38
2AAF
2A20
298C
28F3
2854
27B1
270A
265E
25AD
24F9
2441
2385
22C6
2203
213E
2076
1FAB
1EDD
1E0E
1D3D
1C69
1B95
1ABF
19E8
1910
1838
175F
1686
15AE
14D5
13FE
1327
1251
117D
10AA
0FD8
0F09
0E3C
0D71
0CAA
0BE5
0B23
0A65
09AA
08F3
0840
0792
06E8
0643
05A2
0507
0471
03E1
0357
02D2
0254
01DB
0169
00FE
0099
003C
FFE5
FF93
FF49
FF06
FECA
FE96
FE69
FE44
FE26
FE10
FE02
FDFB
FDFC
FE04
FE14
FE2B
FE4A
FE70
FE9E
FED2
FF0E
FF50
FF99
FFE9
003E
009A
00FC
0164
01D1
0243
02BB
0337
03B7
043B
04C2
054D
05DC
066D
0701
0796
082E
08C7
0961
09FB
0A96
0B30
0BCA
0C63
0CFA
0D90
0E23
0EB4
0F41
0FCB
1051
10D3
114F
11C7
123A
12A6
130D
136C
13C5
1417
1461
14A5
14E0
1512
153D
155F
1577
1587
158D
158A
157E
1568
1548
151F
14EB
14AE
1467
1417
13BD
1359
12EB
1275
11F5
116C
10DB
1041
0F9F
0EF4
0E43
0D89
0CC9
0C03
0B36
0A64
098C
08AF
07CF
06EA
0602
0517
0429
033A
0249
0158
0067
FF76
FE86
FD98
FCAC
FBC3
FADD
F9FB
F91E
F846
F774
F6A8
F5E2
F524
F46F
F3C1
F31D
F281
F1F0
F169
F0ED
F07D
F019
EFC1
EF74
EF35
EF02
EEDC
EEC3
EEB7
EEB9
EEC8
EEE5
EF0F
EF47
EF8C
EFDF
F040
F0AD
F128
F1AF
F243
F2E3
F38F
F446
F509
F5D6
F6AE
F790
F87B
F96E
FA6A
FB6E
FC7A
FD8D
FEA6
FFC4
00E7
020D
0336
0461
058E
06BC
07E9
0916
0A41
0B6A
0C8F
0DB0
0ECD
0FE4
10F5
11FE
1300
13FA
14EA
15D0
16AC
177C
1841
18F9
19A5
1A43
1AD3
1B54
1BC7
1C2A
1C7F
1CC3
1CF7
1D1B
1D2F
1D32
1D25
1D07
1CD8
1C98
1C48
1BE8
1B78
1AF7
1A67
19C7
1918
185B
178F
16B6
15CF
14DC
13DC
12D2
11BC
109D
0F74
0E42
0D09
0BC9
0A81
0933
07E2
068D
0535
03DC
0282
0128
FFCF
FE79
FD25
FBD6
FA8B
F946
F807
F6D0
F5A1
F47B
F35F
F24E
F149
F04F
EF63
EE84
EDB3
ECF1
EC3F
EB9C
EB09
EA87
EA17
E9B7
E969
E92D
E903
E8EB
E8E6
E8F4
E914
E946
E98B
E9E2
EA4A
EAC5
EB51
EBED
EC9A
ED57
EE23
EEFE
EFE8
F0DF
F1E2
F2F2
F40D
F533
F662
F79A
F8DA
FA21
FB6E
FCC0
FE16
FF6F
00CA
0226
0383
04DF
0639
0790
08E3
0A32
0B7B
0CBD
0DF8
0F2B
1054
1173
1286
138E
148A
1578
1658
1729
17EC
189E
1940
19D2
1A52
1AC1
1B1E
1B69
1BA1
1BC8
1BDB
1BDC
1BCA
1BA6
1B6F
1B26
1ACB
1A5E
19E0
1950
18B1
1801
1741
1672
1595
14AB
13B3
12AF
119F
1085
0F60
0E33
0CFD
0BC0
0A7C
0934
07E6
0695
0541
03EC
0296
0140
FFEC
FE99
FD4A
FBFF
FABA
F979
F840
F70E
F5E4
F4C3
F3AC
F29F
F19D
F0A7
EFBD
EEE0
EE0F
ED4D
EC98
EBF1
EB59
EACF
EA54
E9E8
E98B
E93D
E8FE
E8CE
E8AC
E899
E894
E89C
E8B3
E8D6
E906
E941
E989
E9DC
EA39
EAA0
EB10
EB88
EC08
EC8F
ED1C
EDAF
EE45
EEE0
EF7C
F01B
F0BB
F15A
F1F9
F296
F330
F3C7
F459
F4E7
F56E
F5EE
F667
F6D7
F73E
F79C
F7EF
F836
F871
F89F
F8C1
F8D6
F8DD
F8D6
F8C1
F89E
F86C
F82C
F7DD
F780
F714
F699
F610
F579
F4D5
F423
F364
F298
F1C0
F0DD
EFEE
EEF6
EDF3
ECE8
EBD5
EABA
E998
E871
E746
E616
E4E3
E3AD
E277
E140
E00B
DED7
DDA6
DC78
DB50
DA2D
D912
D7FE
D6F3
D5F1
D4FA
D40F
D330
D25F
D19B
D0E6
D041
CFAB
CF27
CEB4
CE52
CE03
CDC7
CD9E
CD88
CD87
CD99
CDBF
CDFA
CE4A
CEAD
CF25
CFB1
D050
D102
D1C8
D2A0
D38A
D485
D591
D6AE
D7DA
D914
DA5D
DBB3
DD15
DE83
DFFA
E17C
E305
E496
E62D
E7C9
E96A
EB0D
ECB2
EE57
EFFD
F1A0
F341
F4DD
F675
F806
F991
FB13
FC8D
FDFD
FF61
00BA
0206
0345
0475
0596
06A8
07A9
0899
0978
0A44
0AFF
0BA7
0C3C
0CBD
0D2C
0D86
0DCE
0E02
0E22
0E30
0E2A
0E12
0DE7
0DAB
0D5A
0CF8
0C86
0C04
0B72
0AD2
0A24
0969
08A2
07D0
06F3
060D
051F
0429
032D
022C
0127
001E
FF13
FE08
FCFC
FBF1
FAE9
F9E4
F8E3
F7E7
F6F1
F603
F51C
F43F
F36B
F2A1
F1E2
F12E
F087
EFED
EF61
EEE2
EE72
EE11
EDBF
ED7C
ED49
ED26
ED13
ED10
ED1D
ED39
ED65
EDA1
EDEC
EE45
EEAD
EF23
EFA6
F036
F0D2
F179
F22C
F2E8
F3AE
F47C
F552
F62F
F710
F7F6
F8DF
F9CB
FAB9
FBA7
FC96
FD82
FE6D
FF54
0036
0113
01EA
02BA
0381
043F
04F3
059D
063A
06CC
0750
07C7
0830
0889
08D4
090F
0939
0954
095D
0956
093E
0915
08D9
088C
082F
07C1
0743
06B5
0618
056C
04B1
03E8
0313
0231
0143
004B
FF49
FE3E
FD2B
FC11
FAF1
F9CC
F8A3
F778
F64C
F51F
F3F3
F2CA
F1A3
F082
EF66
EE52
ED46
EC43
EB4A
EA5E
E97E
E8AC
E7E9
E736
E694
E604
E586
E51C
E4C7
E486
E45B
E446
E448
E461
E491
E4D9
E539
E5B1
E641
E6E9
E7A9
E880
E96F
EA76
EB92
ECC5
EE0D
EF6B
F0DC
F260
F3F8
F5A1
F75A
F923
FAFA
FCDD
FECD
00C7
02C9
04D4
06E5
08FA
0B13
0D2E
0F49
1163
137A
158D
179A
19A0
1B9D
1D90
1F77
2150
231B
24D6
267F
2816
2998
2B05
2C5C
2D9B
2EC2
2FCF
30C1
3199
3254
32F3
3374
33D7
341D
3443
344B
3434
33FE
33A9
3336
32A3
31F3
3124
3038
2F2F
2E0A
2CCA
2B6F
29FA
286D
26C8
250C
233B
2156
1F5F
1D56
1B3D
1917
16E5
14A7
125F
100F
0DB9
0B5F
0901
06A2
0444
01E8
FF90
FD3E
FAF3
F8B1
F67A
F44F
F233
F025
EE29
EC40
EA6A
E8A9
E700
E56D
E3F4
E295
E151
E029
DF1E
DE31
DD62
DCB4
DC25
DBB6
DB67
DB39
DB2B
DB3E
DB72
DBC6
DC3A
DCCE
DD82
DE56
DF47
E057
E185
E2CE
E434
E5B4
E74E
E901
EACB
ECAC
EEA2
F0AB
F2C8
F4F5
F732
F97D
FBD5
FE39
00A6
031B
0597
0817
0A9B
0D21
0FA7
122C
14AF
172C
19A5
1C15
1E7E
20DC
232F
2575
27AE
29D7
2BF1
2DF9
2FEF
31D2
33A1
355B
3700
388E
3A06
3B66
3CAE
3DDF
3EF7
3FF6
40DD
41AA
425E
42F9
437C
43E6
4439
4473
4496
44A3
4499
4479
4445
43FB
439F
432F
42AE
421B
4178
40C6
4006
3F38
3E5E
3D79
3C8A
3B91
3A91
3989
387B
3769
3652
3539
341D
3301
31E5
30CA
2FB0
2E9A
2D87
2C78
2B6F
2A6C
296F
287A
278C
26A7
25CB
24F9
2430
2371
22BD
2213
2175
20E1
2059
1FDB
1F69
1F01
1EA5
1E53
1E0C
1DCF
1D9C
1D73
1D52
1D3A
1D29
1D21
1D1F
1D24
1D2F
1D3F
1D54
1D6E
1D8A
1DAA
1DCC
1DEF
1E14
1E38
1E5C
1E80
1EA1
1EC0
1EDD
1EF6
1F0B
1F1B
1F26
1F2C
1F2C
1F25
1F18
1F03
1EE7
1EC4
1E98
1E63
1E25
1DDF
1D90
1D39
1CD9
1C70
1BFE
1B84
1B02
1A77
19E5
194B
18A9
1800
1751
169B
15E0
151F
1459
138F
12C1
11EF
111B
1044
0F6C
0E92
0DB9
0CDF
0C06
0B2E
0A59
0987
08B8
07ED
0726
0664
05A7
04F0
0440
0396
02F3
0259
01C6
013B
00BA
0041
FFD1
FF6B
FF0F
FEBC
FE73
FE34
FDFE
FDD3
FDB1
FD99
FD8A
FD85
FD89
FD96
FDAB
FDC9
FDEE
FE1C
FE50
FE8B
FECC
FF13
FF5F
FFAF
0004
005C
00B6
0113
0172
01D2
0232
0292
02F1
034E
03AA
0403
0459
04AB
04F9
0542
0586
05C4
05FC
062D
0656
0678
0693
06A5
06AE
06AD
06A3
0690
0674
064F
0620
05E8
05A6
055B
0507
04AA
0444
03D5
035E
02DE
0257
01C8
0133
0096
FFF4
FF4B
FE9E
FDEC
FD36
FC7C
FBC0
FB01
FA41
F980
F8BF
F7FE
F73E
F680
F5C5
F50D
F45A
F3AB
F301
F25D
F1C0
F12A
F09C
F017
EF9A
EF26
EEBD
EE5D
EE09
EDBF
ED81
ED4F
ED28
ED0E
ED00
ECFE
ED09
ED21
ED45
ED76
EDB3
EDFD
EE53
EEB5
EF23
EF9F
F026
F0B8
F154
F1FB
F2AB
F364
F426
F4F0
F5C1
F699
F777
F85B
F945
FA32
FB23
FC17
FD0D
FE04
FEFD
FFF5
00ED
01E4
02D9
03CB
04B9
05A4
068A
076A
0845
091A
09E7
0AAC
0B68
0C1D
0CC8
0D6A
0E02
0E91
0F15
0F8F
0FFE
1063
10BD
110C
1151
118A
11B9
11DE
11F8
1208
120F
120C
1200
11EB
11CD
11A8
117B
1148
110E
10CE
1089
1040
0FF2
0F9E
0F47
0EEF
0E95
0E3A
0DDF
0D86
0D2D
0CD7
0C84
0C34
0BE8
0BA1
0B5F
0B23
0AED
0ABF
0A98
0A78
0A61
0A53
0A4E
0A52
0A60
0A77
0A99
0AC5
0AFB
0B3C
0B87
0BDC
0C3B
0CA4
0D17
0D93
0E19
0EA9
0F41
0FE2
108B
113C
11F4
12B2
1376
1440
150E
15DF
16B4
178B
1864
193D
1A17
1AEF
1BC5
1C99
1D69
1E35
1EFC
1FBC
2076
2127
21D0
2270
2305
2390
240F
2481
24E7
253F
2589
25C5
25F1
260E
261B
2617
2603
25DE
25A8
2561
2508
249E
2422
2395
22F7
2248
2189
20B8
1FD8
1EE9
1DEA
1CDD
1BC1
1A99
1964
1822
16D6
157E
141C
12B3
1141
0FC9
0E4B
0CC9
0B44
09BC
0832
06A9
0520
0399
0216
0096
FF1C
FDA9
FC3C
FAD9
F97F
F82F
F6EB
F5B3
F489
F36E
F261
F164
F078
EF9D
EED4
EE1E
ED7A
ECE9
EC6C
EC03
EBAF
EB6F
EB44
EB2E
EB2C
EB40
EB68
EBA5
EBF5
EC5A
ECD2
ED5D
EDFA
EEA9
EF69
F03A
F11A
F208
F305
F40E
F524
F644
F76E
F8A0
F9DA
FB1A
FC60
FDA9
FEF5
0042
018E
02DA
0423
0568
06A8
07E2
0914
0A3D
0B5C
0C6F
0D77
0E70
0F5B
1037
1101
11BB
1261
12F5
1374
13DF
1434
1474
149D
14AF
14A9
148D
1458
140C
13A8
132C
1299
11ED
112B
1051
0F61
0E5B
0D3F
0C0F
0ACB
0974
080A
068F
0503
0368
01BF
0009
FE46
FC7A
FAA3
F8C5
F6E1
F4F7
F309
F119
EF28
ED38
EB4A
E960
E77B
E59D
E3C7
E1FB
E039
DE85
DCDF
DB47
D9C1
D84D
D6EC
D59F
D468
D348
D240
D150
D07A
CFBF
CF1F
CE9B
CE34
CDEA
CDBE
CDB0
CDC1
CDF0
CE3E
CEAA
CF36
CFE0
D0A8
D18F
D294
D3B6
D4F4
D64F
D7C6
D957
DB03
DCC7
DEA3
E095
E29E
E4BA
E6EA
E92C
EB7E
EDE0
F04E
F2C9
F54F
F7DE
FA74
FD10
FFB0
0253
04F7
079B
0A3C
0CD9
0F71
1202
148A
1708
197A
1BDF
1E35
207B
22B0
24D3
26E1
28DB
2ABE
2C8A
2E3E
2FD8
3158
32BD
3406
3532
3642
3733
3807
38BC
3952
39C9
3A22
3A5B
3A75
3A70
3A4C
3A0A
39AA
392C
3891
37DA
3706
3618
350F
33ED
32B2
3162
2FFB
2E7E
2CEE
2B4B
2996
27D1
25FC
241A
222C
2032
1E2F
1C23
1A10
17F8
15DC
13BC
119C
0F7C
0D5D
0B40
0928
0715
0509
0305
010A
FF19
FD34
FB5B
F990
F7D4
F627
F48B
F301
F189
F024
EED2
ED95
EC6D
EB5A
EA5C
E975
E8A4
E7EA
E747
E6BA
E644
E5E5
E59D
E56C
E551
E54D
E55E
E585
E5C0
E611
E675
E6ED
E778
E816
E8C4
E984
EA54
EB33
EC1F
ED19
EE1F
EF32
F04F
F177
F2A7
F3E0
F521
F667
F7B3
F903
FA56
FBAD
FD04
FE5C
FFB5
010B
0260
03B2
0501
064B
078F
08CE
0A06
0B37
0C5F
0D7F
0E96
0FA4
10A7
119F
128C
136D
1442
150C
15C9
1679
171D
17B5
183F
18BD
192E
1991
19E8
1A33
1A70
1AA1
1AC6
1ADF
1AEC
1AED
1AE3
1ACE
1AAF
1A85
1A51
1A14
19CE
197F
1929
18CA
1864
17F8
1786
170F
1692
1610
158B
1501
1474
13E4
1351
12BD
1227
1190
10F8
1060
0FC9
0F32
0E9B
0E07
0D74
0CE2
0C54
0BC7
0B3E
0AB8
0A35
09B6
093B
08C3
0850
07E1
0776
0710
06B0
0654
05FD
05AA
055D
0514
04D0
0491
0457
0422
03F1
03C4
039C
0379
0359
033E
0327
0313
0303
02F7
02EE
02E8
02E5
02E5
02E8
02ED
02F4
02FE
030A
0317
0326
0337
0348
035A
036D
0381
0395
03AA
03C0
03D5
03EB
0401
0416
042B
0440
0454
0467
047A
048B
049C
04AB
04B9
04C5
04D0
04DA
04E2
04E8
04EC
04EE
04EE
04EB
04E7
04E0
04D6
04CA
04BB
04A9
0495
047D
0461
0443
0421
03FB
03D2
03A6
0375
0341
0309
02CD
028D
0249
0200
01B3
0162
010C
00B2
0053
FFEF
FF86
FF19
FEA7
FE2F
FDB3
FD31
FCAB
FC1F
FB8E
FAF9
FA5D
F9BC
F916
F86A
F7B9
F702
F645
F583
F4BC
F3EF
F31D
F246
F16A
F089
EFA3
EEB8
EDC9
ECD6
EBDF
EAE4
E9E5
E8E3
E7DE
E6D6
E5CB
E4BF
E3B0
E2A0
E18F
E07D
DF6A
DE57
DD45
DC34
DB24
DA16
D90A
D800
D6FA
D5F7
D4F9
D3FE
D309
D219
D12E
D04A
CF6D
CE97
CDC8
CD01
CC43
CB8E
CAE2
CA3F
C9A7
C91A
C897
C820
C7B4
C754
C700
C6BA
C67F
C652
C632
C621
C61D
C628
C641
C668
C69E
C6E3
C737
C799
C809
C889
C917
C9B3
CA5D
CB16
CBDD
CCB1
CD92
CE81
CF7C
D083
D197
D2B6
D3E1
D516
D655
D79E
D8F0
DA4B
DBAF
DD1A
DE8C
E004
E182
E305
E48C
E617
E7A5
E936
EAC8
EC5B
EDEE
EF81
F112
F2A2
F42F
F5B9
F73F
F8C0
FA3C
FBB2
FD21
FE89
FFEA
0141
0290
03D5
0510
0640
0764
087D
098A
0A8B
0B7E
0C64
0D3B
0E05
0EC0
0F6C
1009
1097
1116
1185
11E4
1234
1274
12A4
12C4
12D5
12D7
12C8
12AB
127F
1243
11FA
11A1
113B
10C8
1047
0FB9
0F1F
0E79
0DC7
0D0A
0C43
0B72
0A97
09B4
08C9
07D6
06DC
05DC
04D6
03CB
02BB
01A8
0092
FF79
FE5F
FD43
FC27
FB0C
F9F1
F8D7
F7C0
F6AB
F59A
F48D
F385
F281
F184
F08D
EF9C
EEB4
EDD3
ECFA
EC29
EB63
EAA6
E9F3
E94B
E8AE
E81C
E796
E71C
E6AE
E64C
E5F7
E5AF
E573
E545
E523
E50F
E508
E50F
E522
E543
E570
E5AB
E5F2
E646
E6A7
E714
E78D
E812
E8A2
E93E
E9E4
EA95
EB50
EC15
ECE3
EDBB
EE9B
EF84
F074
F16C
F26C
F371
F47D
F58E
F6A4
F7BF
F8DE
FA01
FB26
FC4E
FD78
FEA4
FFD0
00FD
022A
0356
0481
05AB
06D2
07F6
0918
0A36
0B4F
0C63
0D73
0E7D
0F81
107E
1175
1265
134D
142D
1505
15D4
169A
1757
180B
18B4
1954
19EA
1A74
1AF5
1B6A
1BD4
1C33
1C87
1CCF
1D0C
1D3D
1D63
1D7D
1D8B
1D8D
1D84
1D70
1D50
1D25
1CEF
1CAD
1C61
1C09
1BA7
1B3A
1AC2
1A41
19B5
191F
1880
17D8
1727
166D
15AA
14DF
140D
1333
1252
116A
107B
0F86
0E8C
0D8C
0C87
0B7E
0A70
095F
084A
0734
061C
0501
03E5
02C7
01A9
008A
FF6B
FE4D
FD2F
FC13
FAF8
F9DF
F8C9
F7B5
F6A4
F597
F48E
F389
F288
F18C
F095
EFA4
EEB8
EDD3
ECF3
EC1B
EB49
EA7E
E9BB
E8FF
E84B
E7A1
E6FF
E665
E5D4
E54B
E4CB
E454
E3E6
E380
E324
E2D1
E287
E246
E20E
E1DF
E1BA
E19D
E18A
E17F
E17E
E185
E195
E1AD
E1CE
E1F7
E228
E261
E2A2
E2EA
E33A
E391
E3EE
E455
E4C2
E535
E5AD
E62B
E6AF
E737
E7C4
E855
E8EA
E983
EA1F
EABE
EB60
EC04
ECAB
ED53
EDFD
EEA8
EF53
F000
F0AC
F159
F205
F2B0
F35B
F404
F4AC
F551
F5F5
F696
F735
F7D2
F86D
F903
F996
FA26
FAB1
FB37
FBBA
FC37
FCB0
FD24
FD92
FDFC
FE60
FEBE
FF17
FF6A
FFB7
FFFF
0041
007D
00B3
00E4
010E
0133
0152
016B
017E
018C
0195
0198
0196
018F
0182
0171
015B
0140
0122
00FF
00D8
00AE
0080
004F
001B
FFE4
FFAA
FF6E
FF31
FEF1
FEB0
FE6E
FE2B
FDE8
FDA4
FD5F
FD1B
FCD8
FC95
FC53
FC13
FBD4
FB97
FB5C
FB24
FAED
FAB9
FA87
FA5A
FA30
FA09
F9E7
F9C9
F9AF
F99B
F98B
F980
F97A
F97A
F97F
F989
F99A
F9B0
F9CC
F9EE
FA17
FA45
FA79
FAB4
FAF4
FB3B
FB88
FBDB
FC33
FC92
FCF6
FD60
FDD0
FE45
FEBF
FF3E
FFC2
004A
00D6
0167
01FB
0293
032E
03CC
046D
0510
05B5
065C
0704
07AE
0858
0902
09AC
0A55
0AFE
0BA6
0C4C
0CEF
0D91
0E2F
0ECB
0F62
0FF6
1085
1111
1198
1218
1293
1308
1376
13DC
143C
1493
14E2
1529
1567
159C
15C8
15EA
1602
1610
1614
160E
15FD
15E1
15BA
1588
154C
1504
14B0
1452
13E8
1374
12F4
1269
11D3
1132
1087
0FD1
0F11
0E47
0D73
0C95
0BAE
0ABE
09C5
08C4
07BB
06AA
0592
0472
034D
0221
00EF
FFB9
FE7D
FD3E
FBFA
FAB4
F96A
F81F
F6D2
F584
F435
F2E6
F197
F04A
EEFE
EDB3
EC6A
EB25
E9E3
E8A5
E76D
E639
E50B
E3E4
E2C3
E1A9
E097
DF8D
DE8B
DD92
DCA1
DBBB
DADE
DA0B
D942
D884
D7D1
D728
D68B
D5F9
D572
D4F7
D488
D424
D3CB
D37E
D33D
D305
D2D9
D2B8
D2A2
D297
D296
D2A1
D2B5
D2D3
D2FB
D32D
D368
D3AB
D3F7
D44C
D4A8
D50B
D575
D5E7
D65E
D6DB
D75D
D7E4
D870
D900
D993
DA29
DAC2
DB5D
DBF9
DC97
DD36
DDD4
DE73
DF11
DFAE
E04A
E0E3
E17B
E210
E2A2
E331
E3BC
E444
E4C8
E547
E5C3
E639
E6AB
E718
E77F
E7E2
E83F
E898
E8EB
E938
E981
E9C4
EA03
EA3C
EA71
EAA0
EACC
EAF3
EB17
EB37
EB53
EB6C
EB82
EB94
EBA5
EBB2
EBBE
EBC9
EBD2
EBDA
EBE2
EBEA
EBF2
EBFA
EC04
EC0F
EC1C
EC2B
EC3C
EC51
EC68
EC84
ECA3
ECC7
ECEF
ED1C
ED4F
ED87
EDC5
EE09
EE54
EEA5
EEFD
EF5B
EFC1
F02E
F0A2
F11D
F1A0
F22A
F2BB
F353
F3F3
F49A
F548
F5FD
F6B9
F77B
F844
F913
F9E8
FAC2
FBA2
FC86
FD70
FE5D
FF4F
0043
013B
0236
0332
0430
052E
062D
072C
082A
0927
0A23
0B1D
0C14
0D08
0DF8
0EE4
0FCC
10AE
118B
1261
1331
13F9
14BA
1573
1623
16CB
1769
17FD
1887
1906
197B
19E5
1A43
1A96
1ADD
1B17
1B46
1B68
1B7D
1B86
1B81
1B70
1B53
1B28
1AF1
1AAD
1A5C
19FF
1996
1921
189F
1813
177A
16D7
1629
1570
14AE
13E1
130B
122D
1146
1057
0F60
0E63
0D5F
0C55
0B45
0A31
0918
07FC
06DD
05BC
0498
0373
024D
0127
0001
FEDB
FDB7
FC95
FB75
FA59
F93F
F82A
F719
F60D
F506
F406
F30B
F218
F12C
F047
EF6A
EE96
EDCA
ED07
EC4E
EB9E
EAF8
EA5C
E9CB
E944
E8C7
E856
E7F0
E795
E745
E701
E6C8
E69B
E67A
E664
E65A
E65B
E668
E680
E6A4
E6D3
E70D
E753
E7A3
E7FE
E864
E8D4
E94E
E9D2
EA60
EAF8
EB99
EC44
ECF7
EDB3
EE77
EF42
F016
F0F1
F1D3
F2BC
F3AC
F4A2
F59E
F6A0
F7A8
F8B4
F9C6
FADC
FBF6
FD14
FE35
FF5A
0081
01AB
02D8
0406
0535
0666
0798
08CA
09FD
0B2F
0C61
0D92
0EC2
0FF1
111D
1249
1372
1498
15BB
16DB
17F7
190E
1A21
1B2F
1C38
1D3C
1E39
1F30
2021
210B
21ED
22C8
239C
2467
2529
25E2
2693
273A
27D7
286A
28F3
2971
29E5
2A4D
2AAA
2AFC
2B41
2B7D
2BAC
2BCE
2BE4
2BEE
2BEA
2BD9
2BBC
2B91
2B59
2B14
2AC2
2A62
29F6
297C
28F6
2862
27C3
2716
265E
2599
24C9
23ED
2306
2214
2117
2011
1F01
1DE7
1CC4
1B9A
1A67
192D
17EB
16A4
1556
1403
12AC
1150
0FF2
0E90
0D2D
0BC9
0A64
08FF
079B
063A
04DA
037E
0226
00D3
FF86
FE3F
FCFF
FBC7
FA98
F972
F856
F744
F63F
F545
F458
F378
F2A6
F1E3
F12E
F089
EFF4
EF6E
EEF9
EE96
EE43
EE01
EDD2
EDB4
EDA8
EDAE
EDC7
EDF1
EE2E
EE7C
EEDC
EF4E
EFD1
F065
F10B
F1C0
F285
F35A
F43E
F530
F630
F73E
F857
F97D
FAAE
FBEA
FD30
FE7E
FFD4
0131
0294
03FC
0568
06D6
0847
09B9
0B2A
0C9B
0E09
0F75
10DC
123D
1399
14ED
163A
177C
18B5
19E3
1B05
1C19
1D20
1E19
1F02
1FDC
20A4
215B
2201
2294
2314
2381
23DA
241F
244F
246B
2472
2464
2441
2409
23BB
2359
22E3
2257
21B8
2104
203E
1F64
1E77
1D79
1C6A
1B4A
1A1A
18DB
178E
1633
14CB
1359
11DB
1054
0EC4
0D2B
0B8C
09E8
0840
0694
04E6
0338
018A
FFDD
FE33
FC8D
FAEB
F950
F7BB
F62F
F4AB
F332
F1C4
F062
EF0C
EDC5
EC8C
EB63
EA49
E941
E84A
E765
E693
E5D3
E528
E48F
E40B
E39B
E33F
E2F7
E2C4
E2A5
E29B
E2A6
E2C4
E2F7
E33D
E396
E402
E480
E510
E5B1
E662
E723
E7F3
E8D1
E9BC
EAB4
EBB7
ECC5
EDDC
EEFB
F022
F150
F283
F3BA
F4F4
F62F
F76C
F8A8
F9E2
FB19
FC4D
FD7B
FEA4
FFC6
00E0
01F1
02F9
03F6
04E7
05CC
06A4
076E
0829
08D5
0972
09FF
0A7B
0AE6
0B40
0B88
0BBE
0BE3
0BF5
0BF6
0BE4
0BC1
0B8C
0B45
0AED
0A84
0A0A
0980
08E6
083D
0786
06C1
05EF
0511
0428
0334
0236
0130
0022
FF0E
FDF4
FCD6
FBB4
FA8F
F96A
F844
F71F
F5FD
F4DD
F3C2
F2AD
F19E
F097
EF98
EEA3
EDB9
ECDA
EC09
EB45
EA8F
E9E9
E953
E8CD
E859
E7F7
E7A8
E76B
E742
E72C
E72B
E73E
E765
E7A1
E7F1
E856
E8CF
E95C
E9FD
EAB2
EB7B
EC56
ED43
EE42
EF53
F074
F1A5
F2E5
F433
F58F
F6F7
F86B
F9E9
FB71
FD02
FE9B
003A
01DE
0387
0532
06E0
088D
0A3B
0BE6
0D8E
0F32
10D0
1268
13F8
157E
16FB
186C
19D1
1B29
1C72
1DAC
1ED6
1FEF
20F6
21EA
22CB
2398
244F
24F1
257E
25F4
2655
269E
26D1
26ED
26F3
26E1
26B8
2678
2621
25B5
2532
2499
23EB
2328
2251
2166
2069
1F59
1E37
1D05
1BC2
1A71
1912
17A5
162C
14A9
131B
1184
0FE5
0E3F
0C93
0AE2
092E
0777
05BF
0407
024F
009A
FEE8
FD39
FB90
F9EE
F852
F6BF
F534
F3B4
F23F
F0D5
EF78
EE28
ECE6
EBB2
EA8D
E978
E874
E780
E69C
E5CB
E50A
E45C
E3C0
E336
E2BE
E258
E205
E1C3
E193
E175
E168
E16C
E181
E1A6
E1DB
E21F
E272
E2D4
E343
E3C0
E449
E4DE
E57E
E629
E6DD
E79A
E860
E92E
EA02
EADC
EBBC
ECA1
ED89
EE75
EF62
F051
F141
F232
F322
F412
F501
F5EE
F6D8
F7C0
F8A4
F984
FA61
FB38
FC0B
FCD9
FDA1
FE63
FF20
FFD7
0088
0132
01D7
0276
030E
03A1
042D
04B4
0536
05B3
062A
069D
070B
0775
07DB
083E
089F
08FD
0959
09B3
0A0D
0A66
0ABF
0B19
0B73
0BCF
0C2D
0C8D
0CF0
0D56
0DC0
0E2E
0EA0
0F17
0F93
1015
109C
1129
11BD
1256
12F7
139D
144B
14FF
15BB
167E
1748
1818
18EE
19CA
1AAC
1B93
1C80
1D71
1E67
1F60
205D
215D
225F
2363
2469
256E
2673
2778
287B
297B
2A79
2B72
2C67
2D56
2E3F
2F21
2FFB
30CC
3194
3251
3304
33AC
3447
34D5
3555
35C5
3627
3678
36B8
36E7
3703
370D
3705
36E8
36B8
3674
361B
35AD
352B
3493
33E6
3324
324D
3161
3060
2F49
2E1F
2CE0
2B8D
2A27
28AE
2723
2586
23D8
2219
204B
1E6E
1C83
1A8B
1887
1678
145E
123C
1011
0DDF
0BA8
096C
072D
04EB
02A9
0066
FE25
FBE7
F9AC
F776
F547
F31F
F100
EEEB
ECE1
EAE3
E8F3
E711
E53E
E37B
E1C9
E029
DE9D
DD24
DBC0
DA72
D93A
D818
D70E
D61C
D543
D482
D3DB
D34D
D2D8
D27E
D23E
D217
D20B
D218
D23F
D280
D2DA
D34C
D3D7
D47A
D534
D605
D6EC
D7E8
D8F9
DA1C
DB52
DC9A
DDF3
DF5C
E0D3
E258
E3EA
E587
E72F
E8E0
EA99
EC58
EE1E
EFE7
F1B4
F383
F552
F721
F8EE
FAB9
FC7F
FE40
FFFB
01AF
035A
04FB
0692
081E
099D
0B0E
0C72
0DC5
0F09
103C
115F
1270
136F
145B
1534
15FA
16AC
174A
17D4
1849
18AA
18F7
192F
1953
1963
195F
1947
191C
18DE
188E
182B
17B6
1731
169B
15F6
1542
147F
13AF
12D2
11E9
10F6
0FF8
0EF1
0DE3
0CCD
0BB1
0A8F
096A
0841
0716
05EA
04BD
0391
0266
013F
001A
FEFA
FDDF
FCCB
FBBD
FAB7
F9B9
F8C5
F7DB
F6FB
F627
F55E
F4A2
F3F3
F351
F2BC
F237
F1C0
F157
F0FE
F0B3
F077
F04B
F02D
F01F
F020
F02F
F04E
F07B
F0B6
F100
F157
F1BB
F22C
F2A9
F332
F3C6
F465
F50F
F5C1
F67C
F740
F80A
F8DC
F9B3
FA8F
FB6F
FC53
FD39
FE21
FF0A
FFF2
00DA
01C0
02A4
0384
0460
0537
0609
06D4
0797
0853
0906
09B0
0A50
0AE5
0B6F
0BED
0C60
0CC5
0D1D
0D68
0DA5
0DD3
0DF3
0E04
0E06
0DF9
0DDD
0DB1
0D76
0D2B
0CD0
0C66
0BED
0B65
0ACF
0A2A
0976
08B5
07E6
070B
0622
052E
042E
0322
020C
00ED
FFC3
FE92
FD58
FC17
FACF
F982
F830
F6D9
F57E
F421
F2C2
F162
F002
EEA2
ED42
EBE5
EA8A
E934
E7E1
E694
E54E
E40E
E2D5
E1A5
E07E
DF61
DE4D
DD45
DC49
DB59
DA76
D9A0
D8D8
D81E
D773
D6D7
D64B
D5CE
D562
D507
D4BC
D483
D45A
D443
D43E
D44A
D466
D493
D4D3
D523
D586
D5FA
D67F
D715
D7BC
D874
D93C
DA14
DAFB
DBF2
DCF7
DE0B
DF2D
E05C
E198
E2E1
E435
E595
E6FF
E874
E9F1
EB78
ED07
EE9E
F03B
F1DF
F388
F536
F6E7
F89B
FA53
FC0C
FDC7
FF84
0140
02FC
04B6
066F
0825
09D9
0B88
0D33
0ED9
107A
1214
13A7
1533
16B8
1833
19A6
1B0F
1C6F
1DC4
1F0E
204D
2181
22A8
23C3
24D2
25D4
26C9
27B0
288A
2955
2A13
2AC2
2B63
2BF5
2C79
2CEE
2D54
2DAB
2DF4
2E2E
2E5A
2E77
2E85
2E86
2E78
2E5C
2E32
2DFB
2DB6
2D64
2D06
2C9A
2C23
2B9F
2B10
2A75
29CF
291F
2864
27A0
26D1
25FA
2519
2430
233F
2247
2147
2041
1F34
1E22
1D0B
1BEE
1ACE
19A9
1882
1757
162B
14FC
13CD
129C
116B
103A
0F0A
0DDB
0CAE
0B83
0A5A
0934
0811
06F2
05D5
04BD
03AA
029C
0194
0091
FF95
FEA0
FDB2
FCCA
FBEB
FB13
FA43
F97C
F8BD
F807
F75A
F6B6
F61B
F58A
F502
F484
F410
F3A5
F345
F2EE
F2A2
F25F
F227
F1F8
F1D4
F1B9
F1A7
F19E
F1A0
F1AA
F1BE
F1DB
F202
F230
F268
F2A8
F2F0
F340
F398
F3F7
F45D
F4CA
F53E
F5B8
F637
F6BD
F747
F7D7
F86B
F903
F99F
FA3F
FAE2
FB87
FC2F
FCDA
FD86
FE33
FEE2
FF93
0043
00F4
01A4
0253
0302
03AF
045A
0503
05AA
064E
06EF
078E
0828
08BF
0951
09E0
0A6A
0AEF
0B6F
0BEB
0C61
0CD1
0D3D
0DA2
0E02
0E5C
0EAF
0EFD
0F45
0F87
0FC4
0FFB
102C
1057
107C
109B
10B4
10C8
10D6
10DE
10E1
10DE
10D7
10CA
10B8
10A2
1087
1068
1045
101E
0FF3
0FC4
0F93
0F5E
0F26
0EEC
0EAF
0E71
0E30
0DEE
0DAB
0D66
0D21
0CDC
0C96
0C50
0C0A
0BC5
0B80
0B3C
0AFA
0AB8
0A78
0A3A
09FE
09C3
098B
0955
0921
08F0
08C2
0896
086D
0847
0825
0805
07E8
07CE
07B7
07A3
0793
0785
077B
0773
076F
076E
076F
0774
077A
0783
078E
079C
07AB
07BD
07D0
07E5
07FB
0812
082A
0843
085D
0878
0893
08AD
08C8
08E3
08FD
0917
092F
0947
095E
0973
0987
0999
09AA
09B8
09C6
09D1
09DA
09E0
09E4
09E4
09E2
09DD
09D5
09C9
09BB
09AA
0995
097E
0963
0945
0925
0902
08DB
08B3
0887
0859
0829
07F7
07C3
078D
0755
071C
06E2
06A7
066B
062F
05F3
05B7
057B
0540
0505
04CC
0494
045E
0429
03F7
03C8
039B
0372
034C
032A
030B
02F1
02DC
02CC
02C0
02BA
02BA
02BF
02CB
02DC
02F5
0314
0339
0366
039A
03D5
0418
0461
04B1
0509
0569
05D0
0640
06B7
0735
07BB
0848
08DD
0979
0A1C
0AC6
0B76
0C2D
0CEA
0DAC
0E74
0F42
1014
10EB
11C6
12A5
1388
146D
1555
163F
172B
1818
1905
19F3
1ADF
1BCB
1CB6
1D9F
1E85
1F69
204A
2127
2200
22D5
23A3
246D
252F
25EB
26A0
274D
27F2
288E
2920
29A9
2A28
2A9D
2B07
2B65
2BB8
2BFF
2C3A
2C68
2C89
2C9D
2CA4
2C9E
2C89
2C66
2C36
2BF7
2BAA
2B4F
2AE6
2A6F
29EA
2956
28B5
2807
274A
2680
25A9
24C6
23D5
22D8
21CF
20BB
1F9B
1E70
1D3A
1BFB
1AB1
195F
1804
16A1
1535
13C3
124A
10CC
0F47
0DBE
0C30
0A9E
0909
0772
05D9
043E
02A2
0106
FF6B
FDD1
FC38
FAA2
F90F
F77F
F5F3
F46C
F2E9
F16D
EFF7
EE88
ED20
EBBF
EA67
E918
E7D1
E694
E561
E439
E31B
E207
E100
E004
DF13
DE2F
DD56
DC8A
DBCB
DB18
DA72
D9D8
D94B
D8CB
D858
D7F1
D797
D74A
D709
D6D5
D6AD
D691
D680
D67C
D682
D694
D6B1
D6D8
D70A
D746
D78B
D7DA
D832
D892
D8FB
D96B
D9E4
DA63
DAE9
DB76
DC09
DCA1
DD3F
DDE1
DE87
DF32
DFE0
E091
E144
E1FA
E2B2
E36C
E426
E4E1
E59D
E658
E713
E7CE
E887
E93F
E9F5
EAAA
EB5C
EC0C
ECB9
ED63
EE0A
EEAD
EF4C
EFE8
F080
F114
F1A4
F22F
F2B7
F33A
F3B9
F433
F4A9
F51A
F587
F5EF
F653
F6B3
F70E
F765
F7B8
F807
F851
F898
F8DB
F91A
F955
F98D
F9C2
F9F4
FA22
FA4E
FA76
FA9B
FABE
FADE
FAFD
FB19
FB33
FB4C
FB64
FB79
FB8E
FBA2
FBB4
FBC6
FBD7
FBE8
FBF8
FC08
FC18
FC28
FC38
FC48
FC58
FC69
FC7A
FC8C
FC9E
FCB0
FCC4
FCD8
FCED
FD02
FD18
FD30
FD48
FD61
FD7B
FD95
FDB0
FDCD
FDE9
FE07
FE25
FE44
FE63
FE83
FEA3
FEC3
FEE3
FF04
FF25
FF46
FF66
FF87
FFA7
FFC6
FFE6
0005
0023
0041
005E
007A
0095
00AF
00C9
00E2
00FA
0111
0126
013B
014F
0161
0172
0183
0192
01A0
01AC
01B8
01C3
01CD
01D5
01DD
01E4
01EA
01F0
01F4
01F8
01FC
01FF
0202
0204
0206
0209
020B
020D
0210
0212
0215
0219
021D
0221
0227
022E
0236
0240
024B
0257
0265
0275
0287
029B
02B2
02CA
02E5
0302
0322
0345
036A
0392
03BC
03EA
041B
044E
0484
04BE
04FA
0539
057B
05BF
0605
064E
069A
06E8
0739
078C
07E2
083A
0894
08EF
094D
09AC
0A0C
0A6D
0ACF
0B33
0B96
0BFA
0C5E
0CC1
0D25
0D87
0DE9
0E49
0EA8
0F05
0F60
0FB8
100E
1061
10B1
10FD
1145
1189
11C9
1205
123D
126F
129C
12C4
12E6
1303
1319
132A
1333
1336
1332
1328
1316
12FC
12DB
12B3
1283
124B
120C
11C5
1176
111F
10C0
1059
0FEB
0F75
0EF7
0E73
0DE6
0D53
0CB9
0C19
0B72
0AC4
0A11
0958
089A
07D7
0710
0643
0573
04A0
03C9
02EF
0213
0136
0056
FF76
FE95
FDB4
FCD3
FBF3
FB15
FA39
F95E
F887
F7B3
F6E3
F617
F552
F491
F3D6
F321
F274
F1CD
F12D
F096
F007
EF81
EF04
EE91
EE27
EDC8
ED73
ED29
ECEB
ECB7
EC8F
EC73
EC63
EC5F
EC67
EC7B
EC9C
ECC8
ED02
ED47
ED98
EDF6
EE60
EED5
EF57
EFE5
F07E
F121
F1CF
F286
F348
F413
F4E6
F5C2
F6A6
F792
F884
F97D
FA7B
FB7F
FC87
FD94
FEA4
FFB6
00CB
01E1
02F8
040E
0525
063A
074C
085D
0969
0A72
0B76
0C75
0D6D
0E5F
0F49
102A
1104
11D4
1299
1355
1406
14AB
1544
15D1
1651
16C4
172A
1781
17CB
1807
1834
1852
1861
1862
1854
1837
180B
17D0
1787
172F
16C8
1654
15D1
1541
14A4
13F9
1342
127E
11AF
10D5
0FF0
0F02
0E0A
0D09
0C01
0AF1
09DA
08BD
079B
0675
054B
041F
02F0
01C0
0090
FF61
FE32
FD06
FBDD
FAB7
F996
F87B
F766
F657
F551
F453
F35F
F275
F196
F0C1
EFF9
EF3E
EE8F
EDEE
ED5B
ECD6
EC61
EBFA
EBA3
EB5C
EB25
EAFE
EAE7
EAE1
EAEB
EB06
EB31
EB6D
EBB9
EC14
EC80
ECFC
ED86
EE20
EEC8
EF7E
F042
F112
F1F1
F2DB
F3D1
F4D2
F5DD
F6F1
F80E
F932
FA5E
FB91
FCC8
FE05
FF45
0088
01CE
0314
045B
05A2
06E6
0829
0968
0AA4
0BDA
0D0B
0E36
0F59
1073
1186
128E
138C
1480
1567
1642
1710
17D1
1883
1928
19BE
1A45
1ABC
1B24
1B7C
1BC5
1BFC
1C24
1C3B
1C43
1C39
1C20
1BF7
1BBE
1B75
1B1D
1AB6
1A40
19BC
192B
188C
17E0
1727
1663
1594
14BA
13D7
12E9
11F2
10F4
0FEE
0EE2
0DD1
0CBA
0B9F
0A81
0960
083E
071A
05F6
04D3
03B1
0291
0173
0059
FF43
FE32
FD26
FC20
FB21
FA28
F938
F850
F770
F699
F5CC
F509
F450
F3A2
F2FE
F265
F1D7
F154
F0DD
F071
F011
EFBC
EF73
EF35
EF02
EEDA
EEBC
EEA9
EEA0
EEA2
EEAC
EEC0
EEDC
EF01
EF2E
EF62
EF9D
EFDE
F025
F072
F0C3
F119
F173
F1CF
F22F
F290
F2F3
F356
F3BB
F41F
F483
F4E6
F547
F5A6
F603
F65D
F6B4
F708
F757
F7A3
F7EA
F82C
F869
F8A1
F8D3
F900
F928
F94A
F966
F97D
F98E
F999
F9A0
F9A0
F99C
F993
F986
F974
F95D
F944
F926
F906
F8E3
F8BE
F897
F86E
F845
F81C
F7F2
F7CA
F7A2
F77C
F759
F738
F71A
F700
F6EB
F6DA
F6CF
F6C9
F6C9
F6D1
F6DF
F6F5
F712
F738
F766
F79D
F7DC
F825
F878
F8D3
F939
F9A8
FA20
FAA2
FB2E
FBC2
FC61
FD08
FDB8
FE71
FF31
FFFA
00CB
01A2
0280
0365
044F
053E
0631
0728
0823
0920
0A1E
0B1E
0C1E
0D1D
0E1B
0F17
1010
1106
11F5
12E0
13C4
14A0
1575
1642
1704
17BD
186A
190C
19A1
1A29
1AA3
1B0F
1B6B
1BB8
1BF5
1C21
1C3C
1C45
1C3D
1C23
1BF7
1BB8
1B66
1B02
1A8C
1A02
1966
18B8
17F7
1725
1640
154A
1443
132D
1206
10D0
0F8C
0E3A
0CDB
0B6F
09F9
0878
06ED
0559
03BE
021C
0074
FEC8
FD19
FB67
F9B3
F800
F64E
F49D
F2F0
F148
EFA5
EE09
EC75
EAEA
E96A
E7F4
E68B
E530
E3E3
E2A5
E177
E05B
DF50
DE58
DD74
DCA3
DBE8
DB41
DAB1
DA37
D9D4
D988
D953
D936
D931
D943
D96E
D9B0
DA0A
DA7C
DB04
DBA4
DC5B
DD27
DE09
DF00
E00C
E12C
E25E
E3A2
E4F7
E65D
E7D2
E956
EAE7
EC85
EE2E
EFE1
F19E
F362
F52D
F6FE
F8D3
FAAB
FC85
FE60
003B
0214
03EA
05BB
0788
094E
0B0C
0CC2
0E6E
1010
11A5
132E
14A8
1614
176F
18B8
19F1
1B18
1C2C
1D2D
1E1A
1EF4
1FB9
2069
2104
218A
21FB
2255
229B
22CB
22E5
22EA
22DA
22B5
227C
222F
21CE
215A
20D4
203B
1F92
1ED7
1E0D
1D34
1C4D
1B58
1A54
1945
182C
1708
15DC
14A7
136C
122B
10E5
0F9C
0E4F
0D00
0BB1
0A62
0914
07C8
067F
053A
03FA
02BF
018B
005E
FF3A
FE1E
FD0B
FC03
FB06
FA13
F92D
F853
F786
F6C5
F613
F56E
F4D7
F44E
F3D4
F367
F309
F2BA
F279
F246
F221
F20A
F201
F205
F216
F234
F25E
F295
F2D7
F324
F37C
F3DD
F449
F4BD
F53A
F5BE
F649
F6DB
F773
F811
F8B3
F958
FA02
FAAF
FB5D
FC0D
FCBE
FD6F
FE1F
FECF
FF7D
002A
00D3
017A
021E
02BD
0359
03EF
0481
050E
0595
0616
0692
0707
0777
07E0
0842
089E
08F4
0943
098C
09CF
0A0C
0A43
0A75
0AA1
0AC9
0AEB
0B08
0B21
0B36
0B46
0B53
0B5D
0B64
0B68
0B69
0B69
0B67
0B64
0B60
0B5C
0B57
0B52
0B4E
0B4A
0B48
0B46
0B47
0B49
0B4D
0B53
0B5C
0B68
0B76
0B87
0B9C
0BB5
0BD1
0BEF
0C12
0C37
0C5F
0C8A
0CB8
0CE9
0D1C
0D52
0D89
0DC3
0DFE
0E3A
0E78
0EB6
0EF5
0F33
0F71
0FAF
0FEB
1026
105F
1095
10C9
10FA
1127
1150
1175
1196
11B0
11C5
11D4
11DE
11E0
11DD
11D2
11C0
11A6
1185
115C
112C
10F3
10B2
1069
1018
0FBF
0F5D
0EF4
0E83
0E0A
0D8A
0D02
0C73
0BDE
0B43
0AA1
09FA
094E
089D
07E8
072F
0671
05B1
04EF
042C
0367
02A3
01E0
011E
005D
FFA0
FEE6
FE30
FD80
FCD4
FC30
FB92
FAFC
FA6E
F9EA
F96F
F8FF
F89A
F841
F7F3
F7B3
F77F
F75A
F742
F73A
F740
F755
F77A
F7AF
F7F4
F848
F8AD
F922
F9A8
FA3D
FAE3
FB98
FC5E
FD33
FE17
FF0B
000D
011D
023C
0367
049F
05E4
0734
088F
09F4
0B63
0CDA
0E59
0FE0
116D
12FF
1495
162F
17CC
196B
1B0B
1CAB
1E4A
1FE7
2180
2315
24A5
2630
27B3
292E
2AA0
2C09
2D68
2EBB
3001
313B
3268
3386
3495
3595
3685
3764
3832
38EE
3999
3A31
3AB7
3B2A
3B8A
3BD7
3C11
3C38
3C4C
3C4D
3C3B
3C17
3BE0
3B97
3B3C
3ACF
3A52
39C4
3925
3878
37BB
36EF
3616
352F
343C
333D
3233
311F
3001
2EDA
2DAB
2C75
2B38
29F6
28B0
2765
2617
24C6
2375
2222
20CF
1F7D
1E2C
1CDE
1B93
1A4C
1908
17CA
1692
1560
1434
130F
11F2
10DC
0FCF
0ECB
0DCF
0CDC
0BF3
0B13
0A3C
096F
08AB
07F1
0740
0698
05FA
0564
04D7
0453
03D7
0362
02F5
028E
022E
01D4
017F
0130
00E6
009F
005C
001C
FFDF
FFA4
FF6A
FF31
FEF8
FEBF
FE85
FE4A
FE0D
FDCD
FD8B
FD45
FCFC
FCAE
FC5C
FC05
FBA8
FB46
FADD
FA6E
F9F9
F97D
F8F9
F86E
F7DC
F743
F6A2
F5FA
F54B
F494
F3D7
F313
F248
F177
F0A0
EFC3
EEE1
EDFA
ED0F
EC20
EB2D
EA37
E93F
E845
E74A
E64E
E552
E457
E35D
E266
E171
E080
DF92
DEAA
DDC7
DCE9
DC13
DB44
DA7E
D9C1
D90D
D864
D7C6
D734
D6AD
D634
D5C7
D569
D519
D4D7
D4A4
D481
D46E
D46B
D478
D495
D4C3
D502
D552
D5B3
D624
D6A7
D73A
D7DE
D893
D957
DA2B
DB0E
DC01
DD02
DE12
DF30
E05C
E194
E2D9
E42A
E586
E6ED
E85E
E9D8
EB5A
ECE4
EE76
F00D
F1AA
F34C
F4F1
F69A
F845
F9F1
FB9E
FD4B
FEF6
00A0
0248
03EB
058B
0726
08BA
0A48
0BCF
0D4F
0EC6
1034
1198
12F2
1442
1586
16BE
17EB
190B
1A1E
1B23
1C1B
1D06
1DE2
1EAF
1F6E
201F
20C1
2154
21D8
224E
22B4
230C
2355
2390
23BD
23DB
23EC
23EF
23E4
23CD
23A9
2379
233D
22F5
22A1
2243
21DB
2168
20EC
2067
1FD9
1F43
1EA5
1E00
1D54
1CA2
1BEA
1B2C
1A69
19A1
18D6
1807
1734
165E
1586
14AC
13D0
12F3
1215
1136
1057
0F78
0E9A
0DBC
0CDE
0C02
0B27
0A4D
0975
089E
07CA
06F7
0627
055A
048F
03C6
0300
023D
017D
00C0
0006
FF4F
FE9B
FDEA
FD3C
FC91
FBEA
FB45
FAA4
FA06
F96C
F8D4
F83F
F7AE
F720
F696
F60F
F58C
F50C
F48F
F417
F3A1
F330
F2C2
F258
F1F2
F18F
F131
F0D6
F080
F02E
EFE1
EF98
EF53
EF14
EED9
EEA3
EE72
EE46
EE20
EDFF
EDE4
EDCF
EDBE
EDB4
EDB0
EDB3
EDBD
EDCD
EDE5
EE03
EE29
EE56
EE8A
EEC6
EF0A
EF54
EFA7
F001
F063
F0CC
F13C
F1B4
F234
F2BB
F349
F3DE
F47B
F51E
F5C7
F678
F72E
F7EB
F8AE
F976
FA42
FB14
FBEB
FCC6
FDA6
FE89
FF70
005B
0148
0238
032A
041E
0513
060A
0700
07F7
08EE
09E4
0AD9
0BCC
0CBD
0DAC
0E99
0F81
1067
1148
1225
12FD
13D0
149E
1566
1627
16E2
1796
1843
18E9
1988
1A1E
1AAD
1B34
1BB3
1C29
1C97
1CFC
1D59
1DAE
1DFA
1E3D
1E78
1EAB
1ED5
1EF7
1F11
1F23
1F2D
1F2F
1F2B
1F1F
1F0C
1EF3
1ED4
1EAE
1E83
1E52
1E1D
1DE3
1DA5
1D63
1D1D
1CD4
1C88
1C39
1BE8
1B96
1B42
1AEC
1A97
1A40
19EA
1994
193F
18EB
1897
1846
17F6
17A8
175C
1713
16CC
1689
1648
160A
15D0
1598
1565
1535
1509
14E1
14BC
149A
147C
1461
144A
1435
1423
1414
1408
13FE
13F6
13F0
13EC
13E9
13E8
13E8
13E8
13E9
13EB
13EC
13EC
13EC
13EB
13E8
13E4
13DE
13D6
13CB
13BD
13AB
1398
1380
1364
1344
131F
12F6
12C7
1293
125A
121B
11D6
118C
113C
10E5
1089
1027
0FBE
0F50
0EDC
0E62
0DE2
0D5C
0CD1
0C41
0BAB
0B11
0A71
09CD
0925
0879
07CA
0717
0661
05A8
04ED
0431
0372
02B3
01F2
0131
0071
FFB0
FEF0
FE32
FD75
FCB9
FC00
FB4A
FA97
F9E7
F93B
F893
F7F0
F751
F6B7
F623
F594
F50C
F489
F40D
F397
F328
F2C0
F260
F206
F1B4
F169
F126
F0EB
F0B7
F08B
F066
F049
F034
F025
F01E
F01E
F024
F032
F045
F05E
F07E
F0A2
F0CC
F0FB
F12F
F166
F1A2
F1E1
F223
F268
F2AF
F2F8
F343
F38F
F3DC
F429
F476
F4C3
F50F
F55A
F5A4
F5EC
F633
F677
F6B9
F6F8
F734
F76C
F7A1
F7D3
F800
F82A
F84F
F870
F88C
F8A4
F8B8
F8C7
F8D2
F8D8
F8D9
F8D6
F8CF
F8C3
F8B4
F8A0
F889
F86E
F84F
F82E
F809
F7E2
F7B8
F78D
F75F
F730
F700
F6CF
F69E
F66D
F63C
F60B
F5DC
F5AE
F581
F557
F530
F50B
F4E9
F4CB
F4B0
F49A
F487
F47A
F472
F46E
F470
F478
F486
F49A
F4B4
F4D4
F4FB
F528
F55B
F595
F5D5
F61B
F668
F6BB
F714
F773
F7D8
F842
F8B2
F927
F9A0
FA1F
FAA1
FB28
FBB3
FC40
FCD1
FD64
FDFA
FE91
FF2A
FFC3
005D
00F7
0190
022A
02C2
0358
03EC
047D
050C
0596
061D
069F
071C
0794
0806
0872
08D8
0937
098F
09DF
0A28
0A69
0AA2
0AD3
0AFB
0B1A
0B31
0B3F
0B44
0B40
0B33
0B1D
0AFF
0AD7
0AA8
0A6F
0A2F
09E7
0997
093F
08E1
087C
0810
079E
0726
06A9
0627
05A0
0516
0488
03F6
0363
02CD
0235
019C
0103
0069
FFD1
FF39
FEA2
FE0E
FD7C
FCED
FC61
FBDA
FB57
FAD9
FA60
F9ED
F980
F91A
F8BB
F864
F814
F7CC
F78C
F754
F725
F6FF
F6E1
F6CD
F6C1
F6BE
F6C4
F6D4
F6EB
F70C
F735
F767
F7A1
F7E2
F82B
F87C
F8D4
F932
F996
FA01
FA71
FAE6
FB5F
FBDC
FC5D
FCE0
FD67
FDEF
FE79
FF04
FF8F
0019
00A3
012B
01B2
0235
02B5
0332
03AA
041E
048B
04F3
0555
05AF
0602
064D
0690
06C9
06FA
0722
073F
0753
075C
075B
074E
0736
0714
06E6
06AD
0669
061A
05C0
055B
04EC
0471
03ED
035E
02C6
0224
0178
00C4
0008
FF44
FE78
FDA5
FCCB
FBEC
FB08
FA1E
F931
F83F
F74B
F655
F55D
F464
F36B
F272
F17A
F084
EF90
EEA0
EDB3
ECCB
EBE8
EB0B
EA35
E966
E89E
E7DF
E728
E67B
E5D8
E53F
E4B1
E42F
E3B8
E34D
E2EF
E29D
E259
E222
E1F8
E1DC
E1CD
E1CD
E1DA
E1F5
E21F
E257
E29D
E2F1
E352
E3C0
E43C
E4C4
E558
E5F9
E6A5
E75D
E81F
E8EC
E9C2
EAA2
EB8A
EC7B
ED73
EE72
EF77
F082
F192
F2A6
F3BE
F4D9
F5F6
F715
F834
F953
FA72
FB90
FCAB
FDC6
FEDD
FFF0
00FE
0207
030A
0407
04FD
05EB
06D1
07AE
0882
094D
0A0D
0AC3
0B6E
0C0E
0CA2
0D2B
0DA7
0E18
0E7B
0ED3
0F1D
0F5A
0F8B
0FAF
0FC6
0FD0
0FCD
0FBE
0FA2
0F7A
0F46
0F06
0EBA
0E63
0E01
0D94
0D1D
0C9C
0C11
0B7D
0AE1
0A3C
0990
08DC
0822
0761
069B
05CF
04FF
042B
0354
0279
019C
00BE
FFDD
FEFC
FE1B
FD3A
FC59
FB7A
FA9C
F9C0
F8E7
F810
F73D
F66E
F5A3
F4DC
F41A
F35D
F2A6
F1F4
F149
F0A4
F005
EF6D
EEDC
EE52
EDCF
ED53
ECDE
EC71
EC0B
EBAD
EB56
EB06
EABE
EA7D
EA42
EA0F
E9E3
E9BD
E99D
E983
E96F
E960
E957
E953
E954
E95A
E965
E973
E986
E99C
E9B5
E9D1
E9F0
EA12
EA35
EA5B
EA82
EAAA
EAD3
EAFD
EB27
EB52
EB7D
EBA7
EBD1
EBFA
EC22
EC4A
EC6F
EC94
ECB7
ECD7
ECF5
ED11
ED2C
ED44
ED5A
ED6E
ED80
ED8F
ED9D
EDA9
EDB2
EDBA
EDC0
EDC5
EDC7
EDC9
EDC9
EDC8
EDC6
EDC4
EDC1
EDBD
EDBA
EDB7
EDB4
EDB2
EDB0
EDB0
EDB2
EDB5
EDBA
EDC1
EDCB
EDD7
EDE6
EDF9
EE0F
EE28
EE46
EE68
EE8E
EEB8
EEE7
EF1B
EF55
EF93
EFD7
F020
F06F
F0C3
F11D
F17D
F1E3
F24F
F2C0
F337
F3B4
F436
F4BE
F54C
F5DF
F677
F714
F7B6
F85E
F909
F9B9
FA6D
FB25
FBDF
FC9D
FD5D
FE20
FEE4
FFAA
0071
0139
0201
02C9
0390
0456
051A
05DD
069D
075A
0813
08C9
097A
0A26
0ACE
0B6F
0C0A
0C9E
0D2C
0DB2
0E30
0EA5
0F12
0F76
0FD1
1022
1069
10A5
10D7
10FE
1119
112A
112E
1128
1115
10F6
10CC
1095
1052
1003
0FA8
0F41
0ECE
0E4F
0DC5
0D2F
0C8D
0BE1
0B2A
0A69
099D
08C8
07EA
0702
0612
051A
041B
0314
0206
00F2
FFD8
FEB9
FD96
FC6F
FB44
FA17
F8E7
F7B6
F684
F552
F421
F2F1
F1C2
F096
EF6C
EE47
ED26
EC0A
EAF3
E9E3
E8D9
E7D7
E6DD
E5EB
E504
E426
E353
E28A
E1CC
E119
E072
DFD8
DF49
DEC8
DE54
DDED
DD93
DD47
DD0A
DCDA
DCB9
DCA5
DCA1
DCAA
DCC2
DCE8
DD1C
DD5E
DDAE
DE0B
DE77
DEEF
DF74
E006
E0A5
E14F
E205
E2C7
E393
E469
E54A
E634
E727
E822
E926
EA31
EB43
EC5B
ED79
EE9C
EFC4
F0F0
F220
F353
F488
F5BF
F6F7
F831
F96A
FAA4
FBDC
FD13
FE49
FF7C
00AC
01D9
0303
0428
0547
0662
0777
0887
0991
0A95
0B92
0C89
0D79
0E62
0F44
101F
10F2
11BE
1282
133E
13F4
14A1
1547
15E6
167D
170D
1796
1817
1892
1906
1974
19DC
1A3D
1A98
1AEE
1B3F
1B8B
1BD1
1C14
1C52
1C8B
1CC2
1CF4
1D23
1D50
1D79
1DA0
1DC5
1DE8
1E09
1E29
1E47
1E64
1E80
1E9B
1EB5
1ECF
1EE9
1F02
1F1B
1F33
1F4C
1F64
1F7C
1F95
1FAD
1FC4
1FDC
1FF5
200D
2025
203C
2052
2067
207B
208E
209F
20AE
20BB
20C5
20CD
20D1
20D3
20D1
20CC
20C2
20B4
20A1
2089
206D
204A
2022
1FF4
1FBF
1F84
1F42
1EF9
1EA9
1E51
1DF1
1D8B
1D1C
1CA5
1C26
1B9E
1B0F
1A76
19D6
192C
187B
17C1
16FF
1635
1563
148A
13A9
12C0
11D1
10DB
0FDE
0EDC
0DD3
0CC6
0BB4
0A9D
0982
0863
0742
061E
04F8
03D0
02A8
017F
0057
FF2F
FE08
FCE3
FBC1
FAA2
F986
F86E
F75B
F64D
F545
F443
F348
F255
F169
F086
EFAB
EEDA
EE13
ED55
ECA2
EBF9
EB5B
EAC9
EA42
E9C7
E958
E8F4
E89D
E852
E812
E7E0
E7B9
E79E
E78F
E78C
E794
E7A7
E7C6
E7EF
E822
E85F
E8A6
E8F5
E94E
E9AE
EA16
EA85
EAFB
EB77
EBF8
EC7D
ED07
ED94
EE24
EEB6
EF4A
EFDE
F073
F107
F199
F22A
F2B8
F343
F3C9
F44B
F4C8
F540
F5B1
F61C
F680
F6DD
F731
F77D
F7C1
F7FB
F82C
F854
F872
F886
F890
F890
F885
F871
F853
F82A
F7F8
F7BC
F777
F729
F6D1
F672
F60A
F59A
F524
F4A5
F421
F397
F308
F274
F1DD
F143
F0A6
F008
EF69
EECA
EE2C
ED8F
ECF5
EC5D
EBCA
EB3B
EAB2
EA2F
E9B3
E93E
E8D2
E870
E817
E7C9
E787
E750
E725
E708
E6F8
E6F6
E703
E71F
E74A
E785
E7CF
E829
E893
E90D
E997
EA31
EADB
EB95
EC5E
ED37
EE1F
EF16
F01C
F12F
F250
F37D
F4B7
F5FD
F74E
F8A8
FA0D
FB7A
FCEE
FE6A
FFEB
0171
02FC
0489
0618
07A9
0939
0AC8
0C54
0DDD
0F61
10DF
1256
13C6
152C
1689
17DA
1920
1A58
1B82
1C9E
1DAA
1EA5
1F8F
2067
212D
21DF
227D
2306
237B
23DA
2423
2456
2473
247A
246A
2443
2405
23B0
2345
22C4
222C
217F
20BD
1FE6
1EFB
1DFC
1CEB
1BC7
1A91
194B
17F5
168F
151C
139C
1210
1078
0ED7
0D2D
0B7C
09C4
0807
0646
0482
02BD
00F7
FF32
FD6F
FBAF
F9F3
F83D
F68E
F4E6
F348
F1B4
F02C
EEB0
ED41
EBE0
EA8E
E94D
E81C
E6FC
E5EF
E4F4
E40D
E339
E27A
E1CF
E139
E0B9
E04D
DFF7
DFB7
DF8C
DF76
DF76
DF8B
DFB4
DFF2
E044
E0A8
E120
E1AB
E248
E2F5
E3B4
E482
E560
E64B
E744
E84A
E95B
EA76
EB9B
ECC8
EDFD
EF38
F079
F1BE
F306
F450
F59B
F6E6
F830
F979
FABE
FBFF
FD3B
FE71
FFA1
00C8
01E8
02FD
0409
050A
0600
06EA
07C8
0898
095C
0A12
0AB9
0B52
0BDD
0C59
0CC6
0D24
0D73
0DB3
0DE4
0E07
0E1B
0E21
0E19
0E04
0DE2
0DB3
0D78
0D31
0CE0
0C84
0C1F
0BB0
0B3A
0ABD
0A3A
09B1
0923
0890
07FB
0763
06C9
062F
0595
04FB
0463
03CE
033C
02AE
0225
01A1
0124
00AD
003E
FFD7
FF79
FF24
FED8
FE97
FE60
FE34
FE13
FDFE
FDF4
FDF6
FE04
FE20
FE48
FE7B
FEBB
FF06
FF5D
FFBF
002C
00A4
0127
01B3
0248
02E7
038E
043D
04F4
05B1
0674
073C
080A
08DB
09AF
0A86
0B5E
0C38
0D11
0DEA
0EC2
0F98
106A
1139
1203
12C9
138A
1443
14F5
15A0
1642
16DB
176A
17EF
1869
18D9
193C
1994
19E0
1A20
1A53
1A79
1A92
1A9E
1A9D
1A8E
1A73
1A4B
1A16
19D5
1987
192D
18C8
1857
17DB
1755
16C4
162B
1589
14DE
142B
1372
12B2
11EC
1121
1051
0F7F
0EA9
0DD1
0CF8
0C1E
0B44
0A6C
0995
08C0
07EE
0721
0658
0594
04D6
041F
036F
02C7
0226
018F
0101
007D
0003
FF93
FF2F
FED6
FE89
FE47
FE10
FDE6
FDC7
FDB4
FDAD
FDB2
FDC3
FDDF
FE07
FE3A
FE78
FEC1
FF13
FF70
FFD7
0046
00BE
013E
01C6
0254
02EA
0384
0425
04C9
0572
061E
06CC
077C
082D
08DF
0990
0A41
0AEF
0B9C
0C46
0CEC
0D8E
0E2C
0EC4
0F56
0FE2
1066
10E3
1159
11C6
122A
1285
12D7
131F
135D
1391
13BB
13DA
13EE
13F8
13F7
13EC
13D6
13B6
138B
1355
1315
12CB
1278
121C
11B8
114B
10D6
1059
0FD5
0F4B
0EBA
0E24
0D89
0CE9
0C44
0B9D
0AF2
0A44
0994
08E3
0832
077F
06CD
061C
056B
04BD
0410
0366
02BF
021C
017C
00E0
0049
FFB7
FF2A
FEA2
FE20
FDA4
FD2E
FCBE
FC55
FBF2
FB95
FB3F
FAEF
FAA6
FA63
FA26
F9F0
F9BF
F994
F96E
F94E
F933
F91C
F909
F8FB
F8F0
F8E8
F8E3
F8E0
F8DF
F8E0
F8E2
F8E5
F8E8
F8EA
F8EC
F8EC
F8E9
F8E5
F8DE
F8D3
F8C5
F8B2
F89B
F880
F85E
F838
F80B
F7D9
F79F
F760
F719
F6CB
F677
F61B
F5B7
F54C
F4DA
F461
F3E0
F358
F2C8
F232
F196
F0F3
F04A
EF9C
EEE7
EE2D
ED6E
ECAB
EBE3
EB18
EA49
E978
E8A4
E7CE
E6F7
E620
E548
E470
E399
E2C3
E1F0
E11F
E051
DF87
DEC1
DE00
DD44
DC8E
DBDF
DB36
DA95
D9FC
D96B
D8E3
D864
D7EE
D783
D722
D6CC
D680
D640
D60B
D5E1
D5C3
D5B1
D5AB
D5B0
D5C1
D5DE
D607
D63C
D67C
D6C7
D71E
D780
D7EC
D862
D8E3
D96D
DA01
DA9E
DB43
DBF0
DCA5
DD61
DE24
DEEC
DFBA
E08D
E165
E241
E320
E402
E4E6
E5CC
E6B3
E79B
E883
E96A
EA50
EB35
EC18
ECF9
EDD7
EEB1
EF88
F05A
F128
F1F1
F2B4
F373
F42B
F4DD
F589
F62E
F6CD
F765
F7F6
F880
F904
F980
F9F5
FA63
FACA
FB2A
FB83
FBD6
FC22
FC68
FCA7
FCE0
FD14
FD42
FD6A
FD8D
FDAC
FDC6
FDDC
FDED
FDFC
FE07
FE0F
FE14
FE17
FE19
FE18
FE17
FE14
FE11
FE0E
FE0B
FE08
FE07
FE06
FE06
FE08
FE0C
FE12
FE1A
FE25
FE32
FE41
FE54
FE69
FE81
FE9C
FEBB
FEDC
FF01
FF28
FF53
FF80
FFB0
FFE3
0019
0051
008C
00C8
0107
0147
0189
01CC
0210
0255
029A
02E0
0327
036D
03B3
03F8
043D
0481
04C3
0504
0544
0581
05BD
05F6
062D
0662
0693
06C2
06EE
0717
073D
075F
077F
079A
07B3
07C8
07DA
07E9
07F4
07FC
0801
0803
0802
07FF
07F9
07F0
07E5
07D7
07C8
07B7
07A4
0790
077A
0764
074D
0735
071D
0705
06ED
06D5
06BE
06A8
0693
067F
066C
065B
064C
0640
0635
062C
0627
0625
0625
0629
062F
0639
0645
0655
0667
067D
0695
06B0
06CE
06EE
0710
0735
075B
0783
07AD
07D8
0803
082F
085B
0887
08B3
08DE
0908
0930
0956
097A
099B
09B9
09D4
09EB
09FE
0A0C
0A15
0A19
0A18
0A10
0A02
09ED
09D1
09AE
0983
0951
0917
08D5
088A
0837
07DC
0778
070C
0697
0619
0593
0505
046E
03D0
0329
027B
01C6
0109
0046
FF7D
FEAD
FDD8
FCFE
FC1F
FB3C
FA56
F96C
F880
F792
F6A2
F5B2
F4C2
F3D3
F2E5
F1F9
F110
F02A
EF48
EE6A
ED92
ECC1
EBF6
EB32
EA76
E9C4
E91A
E87A
E7E5
E75A
E6DB
E668
E602
E5A9
E55E
E51F
E4EF
E4CC
E4B8
E4B2
E4BA
E4D1
E4F6
E52A
E56C
E5BC
E61A
E686
E6FF
E786
E819
E8B8
E964
EA1A
EADC
EBA8
EC7D
ED5B
EE41
EF2F
F023
F11D
F21C
F320
F428
F532
F63D
F74A
F855
F960
FA68
FB6D
FC6E
FD6A
FE60
FF50
0038
0118
01EE
02BB
037C
0433
04DD
057B
060B
068E
0702
0768
07BE
0805
083C
0863
087A
0880
0876
085B
0830
07F5
07A9
074D
06E1
0666
05DB
0542
049B
03E6
0324
0255
017B
0097
FFA8
FEB0
FDB0
FCA8
FB9A
FA87
F96F
F854
F736
F617
F4F8
F3DA
F2BE
F1A5
F091
EF81
EE78
ED76
EC7D
EB8E
EAA8
E9CE
E900
E83F
E78C
E6E8
E653
E5CE
E559
E4F6
E4A4
E465
E438
E41E
E417
E423
E442
E475
E4BB
E514
E581
E600
E692
E736
E7EC
E8B3
E98A
EA72
EB69
EC6E
ED82
EEA2
EFCF
F106
F247
F391
F4E3
F63C
F79A
F8FD
FA62
FBCA
FD32
FE99
FFFE
0161
02BE
0416
0567
06B0
07EF
0924
0A4D
0B69
0C76
0D75
0E64
0F41
100D
10C5
116A
11FB
1276
12DC
132B
1363
1385
138F
1381
135C
131E
12C9
125C
11D7
113A
1087
0FBD
0EDC
0DE6
0CDB
0BBB
0A87
0941
07E8
067F
0505
037D
01E7
0044
FE95
FCDD
FB1B
F952
F782
F5AD
F3D5
F1FB
F020
EE45
EC6D
EA99
E8C9
E6FF
E53E
E385
E1D6
E033
DE9D
DD15
DB9C
DA34
D8DD
D798
D666
D548
D43F
D34C
D26F
D1A9
D0FA
D063
CFE4
CF7E
CF30
CEFB
CEDF
CEDB
CEF0
CF1D
CF62
CFBE
D032
D0BD
D15E
D214
D2E0
D3BE
D4B1
D5B5
D6CA
D7EF
D924
DA66
DBB5
DD0F
DE74
DFE2
E157
E2D2
E453
E5D7
E75E
E8E5
EA6C
EBF1
ED73
EEF1
F069
F1D8
F340
F49E
F5F2
F739
F874
F9A2
FAC0
FBCF
FCCD
FDBA
FE96
FF5E
0014
00B6
0144
01BD
0222
0273
02AE
02D5
02E6
02E3
02CC
02A0
0261
020E
01A8
0130
00A7
000C
FF61
FEA7
FDDF
FD09
FC26
FB38
FA40
F93E
F835
F724
F60E
F4F3
F3D5
F2B5
F195
F075
EF57
EE3B
ED24
EC13
EB08
EA06
E90C
E81C
E738
E660
E595
E4D8
E42A
E38C
E2FF
E283
E218
E1C1
E17D
E14D
E130
E127
E132
E152
E186
E1CF
E22C
E29D
E323
E3BC
E468
E528
E5FA
E6DD
E7D2
E8D8
E9ED
EB11
EC44
ED83
EECF
F025
F186
F2F0
F461
F5DA
F757
F8D9
FA5F
FBE4
FD6A
FEEF
0072
01F2
036E
04E3
0652
07B8
0916
0A69
0BB1
0CED
0E1B
0F3B
104D
114E
123F
131E
13EC
14A7
154F
15E4
1664
16D1
1729
176D
179C
17B7
17BD
17AE
178C
1753
1707
16A7
1634
15AF
1517
146F
13B6
12ED
1216
1130
103D
0F3D
0E33
0D1E
0BFF
0AD9
09AB
0877
073F
0602
04C3
0383
0242
0102
FFC3
FE88
FD51
FC1F
FAF3
F9CF
F8B2
F7A0
F698
F59A
F4A9
F3C4
F2EC
F221
F166
F0B9
F01C
EF8F
EF12
EEA5
EE4A
EDFF
EDC6
ED9E
ED87
ED81
ED8C
EDA8
EDD4
EE11
EE5D
EEB9
EF23
EF9C
F023
F0B7
F158
F204
F2BB
F37F
F44B
F521
F5FE
F6E1
F7CB
F8BA
F9AC
FAA2
FB9A
FC93
FD8C
FE84
FF7B
006F
0160
024C
0333
0414
04EF
05C1
068C
074E
0806
08B3
0957
09EF
0A7B
0AFC
0B70
0BD8
0C32
0C81
0CC2
0CF7
0D1E
0D39
0D46
0D47
0D3C
0D24
0D01
0CD2
0C98
0C53
0C04
0BAC
0B4A
0AE0
0A6E
09F5
0976
08F1
0867
07D9
0747
06B3
061D
0586
04EF
0458
03C3
0331
02A1
0215
018E
010C
0091
001C
FFAE
FF48
FEEB
FE97
FE4C
FE0C
FDD6
FDAB
FD8B
FD77
FD6E
FD71
FD81
FD9C
FDC4
FDF8
FE38
FE84
FEDC
FF3F
FFAD
0027
00AB
0139
01D0
0271
031A
03CB
0484
0543
0607
06D1
079F
0870
0944
0A1A
0AF1
0BC8
0C9F
0D75
0E48
0F18
0FE5
10AE
1171
122E
12E4
1393
143A
14D8
156C
15F7
1677
16EC
1756
17B4
1806
184B
1883
18AD
18CA
18D9
18DB
18CF
18B6
188F
185B
1819
17CB
1770
1708
1695
1617
158E
14FA
145D
13B7
1309
1253
1196
10D3
100B
0F3F
0E6F
0D9D
0CC9
0BF4
0B20
0A4D
097C
08AE
07E4
071F
0660
05A7
04F6
044F
03B0
031C
0293
0216
01A6
0143
00EF
00A9
0072
004B
0035
002F
003A
0057
0085
00C5
0117
017B
01F1
0279
0313
03BF
047C
054A
0629
0718
0817
0925
0A42
0B6D
0CA5
0DEA
0F3A
1096
11FB
136A
14E0
165E
17E3
196C
1AFA
1C8B
1E1E
1FB1
2145
22D7
2467
25F3
277B
28FD
2A78
2BEB
2D55
2EB5
300A
3152
328E
33BB
34D9
35E8
36E5
37D1
38AB
3972
3A25
3AC4
3B4E
3BC3
3C23
3C6C
3C9F
3CBC
3CC2
3CB1
3C89
3C4A
3BF4
3B87
3B04
3A6A
39BA
38F4
3818
3728
3623
350A
33DD
329E
314D
2FEA
2E77
2CF3
2B60
29C0
2812
2657
2492
22C1
20E8
1F05
1D1B
1B2A
1933
1738
1539
1337
1134
0F2F
0D2A
0B27
0925
0725
052A
0333
0141
FF55
FD6F
FB91
F9BC
F7EF
F62B
F472
F2C3
F11F
EF87
EDFB
EC7B
EB08
E9A1
E848
E6FD
E5BE
E48E
E36C
E258
E151
E059
DF6F
DE93
DDC4
DD04
DC51
DBAC
DB13
DA88
DA0A
D998
D933
D8D9
D88C
D849
D812
D7E5
D7C3
D7AC
D79E
D799
D79D
D7AA
D7BF
D7DC
D801
D82C
D85F
D898
D8D7
D91C
D967
D9B8
DA0D
DA68
DAC7
DB2B
DB93
DC00
DC70
DCE5
DD5D
DDD9
DE59
DEDD
DF64
DFEE
E07C
E10E
E1A3
E23D
E2DA
E37B
E420
E4C9
E575
E626
E6DB
E794
E851
E912
E9D8
EAA2
EB71
EC44
ED1C
EDF8
EED9
EFBE
F0A8
F196
F289
F381
F47C
F57D
F681
F789
F896
F9A6
FABA
FBD1
FCEC
FE0B
FF2C
0050
0177
02A0
03CA
04F6
0623
0751
0880
09AE
0ADC
0C09
0D35
0E60
0F88
10AE
11D1
12F1
140C
1524
1637
1744
184C
194E
1A4A
1B3E
1C2B
1D11
1DEE
1EC3
1F8F
2052
210B
21BB
2260
22FC
238C
2413
248E
24FE
2563
25BD
260C
264F
2687
26B3
26D5
26EB
26F6
26F7
26ED
26D8
26B9
2690
265E
2622
25DD
258F
253A
24DC
2478
240C
239A
2322
22A4
2221
219A
2110
2082
1FF2
1F5F
1ECB
1E36
1DA1
1D0B
1C77
1BE3
1B51
1AC1
1A34
19AA
1924
18A2
1824
17AB
1737
16C9
1660
15FE
15A2
154C
14FE
14B6
1476
143D
140A
13DF
13BB
139F
138A
137C
1376
1376
137D
138B
13A0
13BA
13DA
1400
142B
145C
1490
14C9
1505
1545
1587
15CC
1613
165B
16A4
16ED
1736
177E
17C6
180B
184F
1890
18CC
1904
1938
1968
1992
19B7
19D6
19EF
1A01
1A0C
1A0F
1A0B
19FF
19EB
19CF
19AB
197D
1947
1909
18C1
1871
1818
17B6
174C
16D9
165E
15DB
154F
14BC
1422
1380
12D8
1227
1170
10B4
0FF2
0F2C
0E61
0D92
0CC0
0BEB
0B14
0A3B
0960
0885
07A9
06CD
05F2
0518
0440
036A
0296
01C6
00F9
0030
FF6C
FEAC
FDF2
FD3D
FC8E
FBE6
FB44
FAA9
FA15
F988
F903
F886
F811
F7A5
F740
F6E4
F690
F645
F602
F5C7
F594
F56A
F546
F52B
F517
F50A
F503
F503
F509
F515
F526
F53C
F557
F576
F598
F5BD
F5E5
F60F
F63B
F668
F696
F6C5
F6F4
F722
F74F
F77A
F7A3
F7CA
F7ED
F80D
F829
F841
F854
F862
F86A
F86D
F86B
F862
F852
F83C
F81F
F7FC
F7D1
F79F
F766
F726
F6DF
F691
F63C
F5E0
F57D
F513
F4A4
F42F
F3B5
F335
F2AF
F225
F196
F102
F06B
EFD0
EF33
EE92
EDF0
ED4C
ECA7
EC01
EB5C
EAB7
EA12
E970
E8CF
E831
E797
E6FF
E66C
E5DE
E555
E4D1
E454
E3DD
E36C
E304
E2A2
E24A
E1FA
E1B3
E175
E13F
E113
E0F0
E0D7
E0C7
E0C2
E0C6
E0D4
E0EC
E10D
E139
E16D
E1AC
E1F4
E244
E29E
E300
E36B
E3DD
E457
E4D9
E561
E5F0
E685
E71F
E7BF
E863
E90C
E9B8
EA68
EB1A
EBCE
EC84
ED3B
EDF3
EEAA
EF61
F017
F0CC
F17F
F22F
F2DC
F386
F42D
F4CF
F56C
F605
F698
F726
F7AE
F82F
F8AB
F920
F98E
F9F5
FA56
FAAF
FB02
FB4D
FB92
FBCE
FC03
FC31
FC59
FC7B
FC96
FCAC
FCBC
FCC7
FCCC
FCCD
FCCA
FCC3
FCB8
FCAB
FC9B
FC88
FC74
FC5F
FC49
FC33
FC1D
FC08
FBF5
FBE3
FBD3
FBC7
FBBD
FBB8
FBB7
FBBA
FBC3
FBCF
FBE1
FBF9
FC18
FC3E
FC6C
FCA1
FCDE
FD24
FD72
FDC9
FE28
FE90
FF02
FF7C
FFFF
008B
0121
01BE
0265
0314
03CB
048B
0552
0620
06F6
07D2
08B4
099C
0A8A
0B7C
0C73
0D6B
0E65
0F63
1062
1162
1263
1364
1464
1563
165F
1759
184F
1942
1A2F
1B17
1BF9
1CD5
1DA9
1E74
1F37
1FF1
20A1
2147
21E2
2271
22F5
236C
23D6
2433
2482
24C4
24F7
251A
252E
2534
252A
2512
24E9
24B2
246B
2416
23B0
233C
22B9
2227
2187
20D9
201C
1F52
1E7B
1D97
1CA6
1BAA
1AA2
1990
1873
174C
161C
14E3
13A2
125B
110C
0FB8
0E5E
0D00
0B9E
0A39
08D2
0769
05FF
0495
032C
01C3
005D
FEFA
FD99
FC3D
FAE5
F992
F845
F6FF
F5BF
F486
F356
F22E
F10E
EFF8
EEEB
EDE9
ECF1
EC03
EB20
EA48
E97C
E8BB
E806
E75D
E6BF
E62E
E5A8
E52F
E4C1
E45F
E409
E3BE
E37F
E34B
E322
E304
E2F0
E2E7
E2E8
E2F2
E306
E323
E349
E377
E3AD
E3EB
E42F
E47B
E4CD
E525
E582
E5E5
E64C
E6B7
E726
E799
E80F
E888
E902
E97E
E9FC
EA7B
EAFA
EB7A
EBFA
EC79
ECF8
ED76
EDF2
EE6E
EEE7
EF5F
EFD4
F047
F0B8
F126
F191
F1F9
F25E
F2C0
F31F
F37B
F3D4
F429
F47B
F4CA
F516
F55F
F5A5
F5E8
F628
F665
F69F
F6D7
F70C
F73E
F76E
F79B
F7C6
F7F0
F817
F83C
F860
F883
F8A4
F8C3
F8E2
F900
F91C
F939
F954
F96F
F98A
F9A5
F9C0
F9DA
F9F5
FA10
FA2C
FA4A
FA68
FA88
FAA8
FAC9
FAEA
FB0D
FB31
FB55
FB7B
FBA2
FBCA
FBF3
FC1E
FC49
FC76
FCA5
FCD5
FD06
FD38
FD6C
FDA1
FDD8
FE10
FE4A
FE85
FEC2
FF00
FF40
FF81
FFC5
000A
0052
009D
00E9
0137
0188
01DA
022F
0285
02DE
033A
0398
03F8
045B
04C1
0529
0594
0603
0674
06E9
0761
07DC
085B
08DD
0963
09ED
0A7A
0B0C
0BA1
0C3B
0CD9
0D7B
0E22
0ECD
0F7D
1032
10EB
11A9
126B
1331
13FC
14CC
159F
1677
1753
1833
1917
19FE
1AE9
1BD8
1CCA
1DBE
1EB6
1FAF
20AB
21A9
22A9
23AA
24AC
25AE
26B1
27B3
28B5
29B7
2AB6
2BB5
2CB2
2DAB
2EA2
2F95
3085
316F
3255
3335
3410
34E4
35B1
3676
3734
37E9
3896
3939
39D3
3A62
3AE7
3B60
3BCE
3C31
3C87
3CD1
3D0D
3D3D
3D5F
3D74
3D7A
3D72
3D5C
3D37
3D03
3CC1
3C6F
3C0F
3BA0
3B22
3A96
39FB
3951
3899
37D2
36FE
361C
352C
342F
3326
3210
30EE
2FC0
2E87
2D44
2BF6
2A9F
293F
27D7
2666
24EF
2370
21EC
2063
1ED5
1D43
1BAD
1A15
187B
16E1
1546
13AD
1214
107E
0EEA
0D5B
0BCF
0A48
08C7
074D
05D9
046D
0309
01AE
005D
FF15
FDD8
FCA5
FB7E
FA63
F954
F852
F75D
F675
F59A
F4CE
F40F
F35E
F2BC
F228
F1A3
F12C
F0C4
F06A
F01F
EFE2
EFB3
EF92
EF7E
EF78
EF80
EF93
EFB4
EFE0
F018
F05B
F0A9
F101
F163
F1CD
F240
F2BC
F33E
F3C7
F456
F4EB
F584
F622
F6C3
F768
F80F
F8B7
F960
FA09
FAB1
FB58
FBFE
FCA0
FD40
FDDC
FE73
FF06
FF93
001A
009B
0115
0187
01F2
0254
02AE
02FE
0346
0384
03B7
03E1
0401
0416
0420
0420
0415
03FF
03DF
03B3
037D
033C
02F0
029A
0239
01CE
0159
00DA
0052
FFC0
FF26
FE83
FDD8
FD26
FC6C
FBAB
FAE3
FA16
F943
F86B
F78E
F6AD
F5C9
F4E1
F3F7
F30B
F21D
F12F
F03F
EF50
EE60
ED72
EC84
EB99
EAAF
E9C9
E8E5
E805
E729
E651
E57E
E4B0
E3E8
E325
E268
E1B1
E101
E058
DFB5
DF1A
DE87
DDFA
DD76
DCF9
DC84
DC17
DBB2
DB55
DB00
DAB3
DA6D
DA30
D9F9
D9CB
D9A4
D984
D96B
D95A
D94F
D94B
D94D
D956
D964
D979
D993
D9B2
D9D6
D9FF
DA2C
DA5E
DA93
DACD
DB0A
DB4A
DB8C
DBD2
DC1A
DC64
DCB0
DCFD
DD4C
DD9C
DDED
DE3F
DE91
DEE4
DF37
DF89
DFDC
E02E
E080
E0D1
E121
E171
E1C0
E20E
E25C
E2A8
E2F3
E33E
E387
E3CF
E416
E45D
E4A2
E4E7
E52B
E56E
E5B1
E5F3
E635
E677
E6B8
E6F9
E73B
E77C
E7BE
E800
E843
E886
E8CB
E910
E957
E99F
E9E9
EA34
EA81
EACF
EB20
EB73
EBC8
EC1F
EC78
ECD4
ED32
ED93
EDF7
EE5D
EEC5
EF30
EF9E
F00F
F082
F0F7
F16F
F1EA
F267
F2E6
F367
F3E9
F46E
F4F5
F57D
F608
F694
F721
F7B0
F83F
F8D0
F961
F9F2
FA84
FB15
FBA6
FC37
FCC7
FD55
FDE3
FE6F
FEF9
FF81
0006
0089
010A
0187
0200
0276
02E9
0357
03C1
0425
0484
04DF
0535
0585
05D1
0617
0657
0692
06C8
06F7
0720
0743
0760
0777
0788
0792
0796
0794
078B
077C
0767
074C
072A
0703
06D5
06A2
0669
062B
05E7
059E
0550
04FC
04A4
0447
03E6
0382
031A
02AE
0240
01CF
015C
00E6
006F
FFF6
FF7C
FF02
FE86
FE0B
FD8F
FD14
FC9A
FC20
FBA8
FB32
FABE
FA4C
F9DC
F96F
F906
F89F
F83D
F7DE
F783
F72D
F6DB
F68E
F646
F603
F5C5
F58D
F55B
F52E
F507
F4E7
F4CC
F4B8
F4AA
F4A2
F4A1
F4A6
F4B2
F4C5
F4DE
F4FD
F523
F54F
F581
F5BA
F5F9
F63E
F689
F6D9
F730
F78B
F7EC
F852
F8BD
F92C
F99F
FA17
FA93
FB13
FB96
FC1C
FCA5
FD32
FDC0
FE51
FEE4
FF78
000E
00A6
013E
01D6
0270
0309
03A2
043B
04D3
056B
0601
0696
072A
07BB
084B
08D9
0964
09EC
0A71
0AF4
0B73
0BEF
0C68
0CDD
0D4F
0DBC
0E26
0E8C
0EEE
0F4B
0FA5
0FFA
104A
1097
10DF
1122
1161
119C
11D2
1204
1232
125B
1280
12A1
12BD
12D6
12EA
12FB
1307
1310
1316
1317
1315
1310
1307
12FC
12ED
12DB
12C7
12B0
1296
127A
125C
123B
1219
11F5
11CF
11A8
117F
1155
112A
10FD
10D0
10A2
1073
1043
1013
0FE2
0FB1
0F80
0F4E
0F1C
0EE9
0EB6
0E83
0E4F
0E1B
0DE8
0DB4
0D80
0D4B
0D17
0CE3
0CAF
0C7B
0C47
0C13
0BDF
0BAB
0B77
0B44
0B10
0ADD
0AA9
0A76
0A43
0A10
09DD
09A9
0976
0943
0910
08DC
08A8
0874
083F
080A
07D5
079F
0769
0732
06FB
06C3
068A
0651
0618
05DE
05A4
0569
052E
04F2
04B6
047A
043D
0401
03C3
0386
0349
030B
02CE
0291
0253
0216
01D9
019D
0162
0127
00ED
00B4
007B
0043
000C
FFD6
FFA0
FF6C
FF38
FF06
FED5
FEA5
FE77
FE4A
FE1F
FDF5
FDCD
FDA7
FD82
FD5F
FD3E
FD1F
FD02
FCE7
FCCD
FCB6
FCA2
FC8F
FC7F
FC70
FC66
FC5D
FC57
FC54
FC53
FC54
FC57
FC5D
FC65
FC6F
FC7B
FC8A
FC9B
FCAE
FCC4
FCDB
FCF5
FD10
FD2E
FD4D
FD6F
FD92
FDB7
FDDD
FE06
FE30
FE5B
FE88
FEB7
FEE7
FF18
FF4B
FF7E
FFB3
FFEA
0021
0059
0093
00CD
0108
0144
0181
01BE
01FC
023B
027B
02BB
02FC
033D
037E
03C1
0403
0446
048A
04CD
0511
0556
059B
05E0
0625
066B
06B1
06F7
073D
0784
07CA
0812
0859
08A0
08E8
092F
0977
09BF
0A07
0A4F
0A96
0ADE
0B25
0B6D
0BB4
0BFA
0C41
0C87
0CCC
0D11
0D55
0D98
0DDB
0E1C
0E5D
0E9C
0EDA
0F17
0F53
0F8D
0FC6
0FFD
1033
1067
1099
10C9
10F6
1121
114A
1170
1193
11B4
11D1
11EC
1203
1217
1228
1235
123F
1245
1248
1246
1241
1238
122B
121B
1206
11ED
11D0
11B0
118B
1162
1136
1105
10D1
109A
105E
1020
0FDD
0F98
0F4F
0F04
0EB5
0E64
0E11
0DBC
0D64
0D0B
0CB1
0C55
0BF9
0B9B
0B3E
0AE1
0A84
0A27
09CC
0972
091A
08C3
0870
081E
07D0
0786
073F
06FC
06BE
0684
0650
0621
05F8
05D6
05B9
05A4
0596
058F
0590
0599
05AA
05C4
05E6
0611
0644
0681
06C6
0715
076E
07CF
083A
08AE
092B
09B2
0A42
0ADA
0B7C
0C26
0CD9
0D93
0E56
0F21
0FF3
10CC
11AB
1291
137D
146F
1565
1660
175F
1861
1966
1A6D
1B76
1C80
1D8A
1E94
1F9D
20A4
21A9
22AB
23AA
24A4
2599
2688
2771
2852
292C
29FD
2AC5
2B84
2C38
2CE1
2D7F
2E10
2E95
2F0D
2F77
2FD3
3020
305E
308C
30AB
30BA
30B8
30A5
3082
304D
3008
2FB1
2F48
2ECE
2E43
2DA6
2CF8
2C39
2B6A
2A89
2998
2898
2787
2667
2539
23FB
22B0
2158
1FF3
1E82
1D06
1B7F
19EE
1853
16B1
1506
1355
119E
0FE1
0E21
0C5C
0A96
08CD
0704
053B
0374
01AE
FFEB
FE2C
FC71
FABC
F90D
F766
F5C7
F430
F2A3
F120
EFA8
EE3C
ECDC
EB89
EA44
E90D
E7E5
E6CD
E5C3
E4CA
E3E2
E30A
E244
E18E
E0EB
E058
DFD8
DF69
DF0C
DEC1
DE87
DE5F
DE48
DE42
DE4D
DE68
DE93
DECE
DF18
DF71
DFD7
E04B
E0CB
E158
E1F0
E294
E341
E3F8
E4B8
E580
E64F
E725
E800
E8E0
E9C4
EAAC
EB96
EC81
ED6E
EE5A
EF45
F02F
F117
F1FC
F2DD
F3B9
F490
F561
F62C
F6F0
F7AB
F85F
F90A
F9AB
FA42
FACF
FB51
FBC9
FC35
FC96
FCEC
FD36
FD74
FDA6
FDCD
FDE7
FDF6
FDFA
FDF1
FDDE
FDBF
FD95
FD61
FD23
FCDB
FC89
FC2F
FBCC
FB61
FAEF
FA76
F9F7
F971
F8E7
F858
F7C5
F72F
F696
F5FC
F560
F4C3
F427
F38C
F2F2
F25B
F1C6
F135
F0A8
F020
EF9D
EF20
EEA9
EE39
EDD1
ED71
ED19
ECCA
EC84
EC48
EC15
EBED
EBCF
EBBB
EBB2
EBB5
EBC2
EBDA
EBFD
EC2B
EC64
ECA8
ECF7
ED50
EDB4
EE22
EE99
EF1A
EFA5
F038
F0D3
F177
F221
F2D3
F38B
F449
F50D
F5D5
F6A1
F770
F843
F917
F9EE
FAC5
FB9D
FC74
FD4A
FE1F
FEF1
FFC1
008D
0155
0219
02D7
038F
0442
04ED
0591
062E
06C2
074D
07CF
0847
08B6
091B
0975
09C4
0A09
0A42
0A70
0A93
0AAB
0AB7
0AB7
0AAC
0A96
0A74
0A48
0A10
09CD
0981
0929
08C9
085F
07ED
0771
06ED
0661
05CD
0533
0492
03EB
033F
028D
01D8
011E
0061
FFA1
FEDF
FE1C
FD57
FC92
FBCD
FB09
FA45
F984
F8C5
F808
F74F
F69A
F5E9
F53D
F496
F3F5
F359
F2C5
F237
F1B0
F130
F0B9
F049
EFE2
EF83
EF2D
EEE0
EE9B
EE60
EE2E
EE05
EDE5
EDCE
EDC1
EDBC
EDC1
EDCE
EDE4
EE03
EE2A
EE5A
EE91
EED1
EF18
EF66
EFBB
F017
F07A
F0E1
F14E
F1C1
F23A
F2B7
F339
F3BF
F449
F4D6
F567
F5FB
F691
F72A
F7C4
F860
F8FE
F99C
FA3B
FADB
FB7A
FC19
FCB8
FD57
FDF4
FE91
FF2C
FFC6
005E
00F5
018A
021D
02AE
033D
03C9
0453
04DB
0562
05E6
0668
06E9
0767
07E4
085F
08D8
094F
09C5
0A39
0AAC
0B1E
0B8F
0BFF
0C6D
0CDB
0D48
0DB5
0E21
0E8C
0EF7
0F63
0FCE
1039
10A4
110F
117B
11E7
1254
12C1
132E
139C
140A
1479
14E8
1558
15C8
1638
16A9
171A
178B
17FC
186E
18DF
194F
19C0
1A30
1A9F
1B0D
1B7A
1BE6
1C51
1CBA
1D21
1D86
1DE9
1E49
1EA7
1F02
1F5A
1FAF
2000
204D
2096
20DB
211B
2156
218C
21BD
21E9
220F
222F
2249
225D
226B
2273
2275
2270
2264
2252
2239
221A
21F3
21C6
2193
2159
2118
20D1
2083
202F
1FD4
1F74
1F0E
1EA2
1E31
1DBA
1D3E
1CBC
1C35
1BAA
1B1A
1A85
19ED
1950
18B0
180D
1766
16BC
1610
1561
14AF
13FC
1348
1291
11DA
1121
1068
0FAE
0EF4
0E3A
0D80
0CC6
0C0D
0B56
0A9F
09EA
0936
0884
07D3
0723
0676
05CA
0520
0478
03D2
032E
028C
01EC
014E
00B2
0018
FF80
FEEA
FE56
FDC4
FD33
FCA4
FC17
FB8B
FB00
FA77
F9EF
F968
F8E2
F85D
F7D9
F756
F6D4
F652
F5D1
F54F
F4CE
F44D
F3CB
F34A
F2C8
F247
F1C5
F142
F0C0
F03D
EFBA
EF36
EEB3
EE2F
EDAB
ED27
ECA3
EC20
EB9C
EB19
EA97
EA15
E994
E915
E896
E819
E79E
E725
E6AE
E63A
E5C8
E559
E4ED
E485
E420
E3BF
E363
E30B
E2B7
E269
E220
E1DD
E1A0
E168
E137
E10D
E0E9
E0CD
E0B7
E0A9
E0A3
E0A4
E0AD
E0BE
E0D8
E0F9
E123
E155
E18F
E1D2
E21D
E271
E2CD
E331
E39D
E412
E48E
E511
E59D
E62F
E6C9
E769
E80F
E8BC
E96F
EA27
EAE4
EBA6
EC6C
ED36
EE04
EED5
EFA8
F07D
F154
F22C
F304
F3DD
F4B6
F58D
F664
F739
F80B
F8DB
F9A7
FA70
FB34
FBF4
FCAE
FD63
FE12
FEBA
FF5C
FFF7
008A
0116
0199
0214
0287
02F1
0353
03AB
03FA
0440
047C
04B0
04D9
04FA
0511
051F
0524
0520
0515
0500
04E3
04BE
0492
045D
0422
03E0
0397
0348
02F3
0299
023B
01D8
0171
0106
0099
0029
FFB8
FF45
FED1
FE5C
FDE8
FD75
FD02
FC92
FC23
FBB7
FB4E
FAE9
FA88
FA2B
F9D3
F980
F933
F8EC
F8AB
F870
F83D
F810
F7EA
F7CC
F7B6
F7A7
F79F
F7A0
F7A8
F7B8
F7D0
F7EF
F816
F845
F87A
F8B7
F8FA
F944
F994
F9EA
FA45
FAA6
FB0B
FB75
FBE3
FC54
FCC7
FD3D
FDB5
FE2F
FEAA
FF25
FFA0
001B
0094
010C
0181
01F4
0263
02CE
0335
0397
03F4
044B
049B
04E5
0527
0561
0594
05BE
05DF
05F8
0607
060C
0607
05F9
05E0
05BD
058F
0556
0514
04C6
046F
040D
03A1
032B
02AB
0222
018F
00F3
004E
FFA1
FEEB
FE2E
FD69
FC9E
FBCC
FAF4
FA16
F933
F84C
F761
F673
F581
F48E
F399
F2A2
F1AC
F0B5
EFC0
EECB
EDD8
ECE8
EBFB
EB13
EA2E
E94F
E875
E7A1
E6D4
E60E
E54F
E498
E3EA
E344
E2A7
E214
E18A
E10A
E095
E02A
DFC9
DF73
DF28
DEE8
DEB2
DE88
DE69
DE54
DE4A
DE4B
DE56
DE6B
DE8A
DEB3
DEE5
DF21
DF66
DFB4
E00A
E069
E0CF
E13C
E1B1
E22C
E2AD
E334
E3C0
E451
E4E6
E57F
E61B
E6BA
E75B
E7FF
E8A4
E94A
E9F1
EA97
EB3E
EBE4
EC88
ED2B
EDCC
EE6B
EF06
EF9F
F034
F0C5
F153
F1DC
F261
F2E2
F35E
F3D5
F446
F4B3
F51B
F57D
F5DA
F631
F684
F6D1
F719
F75B
F799
F7D2
F806
F835
F860
F887
F8A9
F8C8
F8E3
F8FA
F90E
F921
F930
F93D
F948
F951
F958
F95E
F962
F966
F968
F96A
F96C
F96D
F96F
F971
F973
F976
F97A
F97F
F985
F98D
F995
F99F
F9AB
F9B8
F9C6
F9D7
F9E8
F9FC
FA11
FA27
FA40
FA5A
FA77
FA94
FAB2
FAD2
FAF2
FB12
FB34
FB55
FB76
FB98
FBB9
FBD9
FBF9
FC18
FC36
FC52
FC6D
FC87
FC9E
FCB3
FCC6
FCD6
FCE3
FCEE
FCF6
FCFA
FCFB
FCF9
FCF3
FCEA
FCDD
FCCC
FCB7
FC9E
FC82
FC61
FC3D
FC15
FBE9
FBB9
FB86
FB4F
FB15
FAD8
FA97
FA54
FA0F
F9C7
F97D
F931
F8E4
F895
F846
F7F6
F7A6
F755
F705
F6B6
F668
F61B
F5D0
F587
F541
F4FD
F4BD
F480
F448
F413
F3E3
F3B7
F391
F370
F355
F33F
F330
F327
F324
F327
F332
F343
F35B
F37A
F39F
F3CC
F3FF
F43A
F47B
F4C2
F510
F565
F5BF
F620
F686
F6F1
F762
F7D8
F852
F8D1
F953
F9D9
FA61
FAEC
FB79
FC07
FC97
FD27
FDB7
FE46
FED5
FF62
FFED
0076
00FC
017E
01FC
0276
02EB
035A
03C4
0427
0483
04D9
0526
056C
05AA
05DF
060C
0630
064A
065C
0663
0661
0656
0641
0621
05F9
05C6
058A
0545
04F7
049F
043F
03D6
0365
02ED
026D
01E6
0159
00C6
002D
FF90
FEEE
FE49
FDA0
FCF5
FC48
FB9A
FAEB
FA3D
F990
F8E4
F83B
F795
F6F3
F655
F5BD
F52A
F49E
F41A
F39D
F329
F2BD
F25C
F205
F1B8
F177
F142
F119
F0FC
F0EC
F0EA
F0F5
F10D
F134
F169
F1AC
F1FD
F25C
F2C9
F345
F3CE
F467
F50D
F5C0
F680
F74D
F825
F90A
F9FA
FAF4
FBF8
FD06
FE1D
FF3B
0061
018D
02C0
03F7
0532
0670
07B1
08F4
0A36
0B79
0CBA
0DF9
0F35
106D
11A0
12CC
13F2
1511
1627
1735
1838
1931
1A1E
1AFE
1BD0
1C95
1D4B
1DF1
1E88
1F0E
1F83
1FE6
2038
2078
20A6
20C1
20C9
20BF
20A1
2071
202D
1FD7
1F6E
1EF3
1E66
1DC7
1D16
1C54
1B82
1AA0
19AE
18AF
17A2
1688
1560
142D
12EF
11A6
1054
0EF9
0D97
0C2E
0ABF
094C
07D4
065A
04DE
0361
01E5
0069
FEF0
FD7A
FC08
FA9B
F934
F7D4
F67C
F52D
F3E6
F2AB
F17A
F055
EF3D
EE32
ED35
EC47
EB67
EA96
E9D6
E925
E885
E7F6
E777
E70A
E6AD
E662
E628
E600
E5E8
E5E2
E5EC
E607
E632
E66C
E6B7
E710
E778
E7ED
E871
E901
E99D
EA45
EAF8
EBB4
EC7B
ED49
EE20
EEFD
EFE0
F0C9
F1B6
F2A7
F39B
F491
F587
F67E
F775
F86A
F95C
FA4C
FB38
FC20
FD02
FDDF
FEB5
FF84
004B
0109
01BF
026B
030D
03A5
0432
04B5
052B
0597
05F6
0649
0690
06CB
06F9
071B
0731
073A
0738
0729
070F
06E9
06B8
067C
0636
05E6
058C
0528
04BC
0447
03CA
0347
02BC
022B
0195
00FA
005A
FFB7
FF10
FE67
FDBC
FD10
FC64
FBB7
FB0B
FA60
F9B7
F910
F86C
F7CB
F72E
F696
F602
F574
F4EB
F469
F3ED
F378
F30A
F2A3
F244
F1ED
F19E
F158
F119
F0E3
F0B6
F090
F074
F05F
F053
F050
F054
F060
F074
F08F
F0B1
F0DA
F10A
F140
F17C
F1BD
F204
F24F
F29F
F2F3
F34A
F3A4
F401
F460
F4C1
F523
F586
F5EA
F64D
F6B0
F712
F773
F7D2
F82F
F889
F8E0
F934
F985
F9D1
FA19
FA5D
FA9C
FAD5
FB09
FB38
FB61
FB84
FBA1
FBB8
FBC9
FBD4
FBD8
FBD6
FBCE
FBC0
FBAB
FB90
FB70
FB49
FB1C
FAEA
FAB2
FA75
FA33
F9EC
F9A0
F950
F8FC
F8A3
F847
F7E8
F785
F720
F6B8
F64E
F5E1
F573
F504
F494
F422
F3B0
F33E
F2CC
F259
F1E8
F177
F107
F098
F02A
EFBE
EF53
EEEB
EE84
EE1F
EDBD
ED5D
ECFF
ECA4
EC4C
EBF5
EBA2
EB51
EB02
EAB7
EA6D
EA27
E9E2
E9A0
E960
E922
E8E7
E8AD
E875
E83E
E80A
E7D6
E7A4
E773
E744
E715
E6E7
E6B9
E68C
E660
E634
E608
E5DD
E5B1
E585
E55A
E52E
E502
E4D5
E4A9
E47C
E44E
E421
E3F2
E3C3
E394
E365
E336
E307
E2D8
E2AA
E27C
E24E
E222
E1F6
E1CC
E1A3
E17B
E156
E132
E110
E0F1
E0D5
E0BB
E0A5
E092
E083
E077
E070
E06E
E070
E077
E083
E094
E0AC
E0C7
E0E9
E112
E140
E176
E1B2
E1F6
E240
E292
E2EB
E34B
E3B3
E422
E499
E518
E59E
E62B
E6C0
E75C
E7FF
E8AA
E95B
EA13
EAD1
EB95
EC60
ED30
EE06
EEE0
EFC0
F0A4
F18C
F277
F366
F458
F54C
F642
F73A
F832
F92B
FA25
FB1E
FC16
FD0D
FE03
FEF6
FFE7
00D5
01BF
02A5
0387
0464
053C
060F
06DB
07A1
0861
0919
09CB
0A74
0B16
0BB0
0C41
0CCA
0D4B
0DC4
0E33
0E99
0EF6
0F49
0F93
0FD4
100C
103A
105F
107C
108F
1099
109A
1093
1084
106D
104E
1028
0FFA
0FC6
0F8B
0F4A
0F03
0EB7
0E66
0E10
0DB6
0D58
0CF7
0C93
0C2D
0BC5
0B5B
0AF1
0A85
0A1A
09AF
0944
08DA
0872
080B
07A7
0745
06E6
068A
0632
05DD
058D
0540
04F9
04B6
0477
043E
040A
03DC
03B3
038F
0371
0358
0345
0337
032F
032B
032D
0333
033F
034F
0364
037E
039C
03BE
03E4
040D
043A
046A
049D
04D3
050B
0545
0581
05BF
05FD
063C
067C
06BD
06FD
073D
077C
07BA
07F7
0833
086D
08A5
08DA
090D
093C
0969
0992
09B7
09D9
09F8
0A12
0A28
0A3A
0A48
0A52
0A57
0A58
0A55
0A4D
0A42
0A32
0A1D
0A05
09E9
09C9
09A5
097E
0954
0926
08F5
08C2
088C
0854
0819
07DD
07A1
0763
0725
06E5
06A5
0665
0625
05E5
05A6
0567
0529
04ED
04B2
0478
0440
040A
03D7
03A5
0377
034A
0321
02FA
02D7
02B7
029A
0280
0269
0256
0246
023A
0231
022C
022C
0230
0238
0243
0251
0262
0277
028F
02A9
02C7
02E7
030A
032F
0356
037F
03AA
03D7
0405
0435
0465
0497
04C9
04FC
0530
0563
0597
05CA
05FD
0630
0662
0694
06C5
06F5
0725
0753
0780
07AC
07D6
07FF
0826
084C
0871
0894
08B6
08D7
08F6
0914
0930
094C
0967
0981
099A
09B2
09CA
09E2
09F9
0A10
0A27
0A3F
0A57
0A6F
0A88
0AA2
0ABD
0AD9
0AF5
0B13
0B32
0B53
0B75
0B99
0BBE
0BE6
0C0F
0C3A
0C67
0C96
0CC8
0CFB
0D30
0D67
0DA1
0DDC
0E19
0E57
0E97
0ED9
0F1C
0F60
0FA5
0FEA
1030
1077
10BD
1103
1148
118D
11D0
1211
1251
128E
12C8
12FF
1333
1362
138E
13B5
13D6
13F3
1409
141A
1424
1427
1423
1418
1405
13EA
13C7
139B
1366
1328
12E1
1291
1238
11D4
1168
10F1
1071
0FE7
0F54
0EB7
0E11
0D61
0CA8
0BE6
0B1B
0A48
096D
088A
079F
06AE
05B6
04B8
03B4
02AC
019F
008E
FF7A
FE64
FD4C
FC32
FB19
F9FF
F8E7
F7D1
F6BD
F5AD
F4A2
F39B
F29A
F1A0
F0AD
EFC3
EEE2
EE0B
ED3E
EC7E
EBC9
EB21
EA86
E9FA
E97D
E90F
E8B1
E864
E828
E7FD
E7E4
E7DD
E7E9
E808
E839
E87E
E8D6
E942
E9C0
EA53
EAF8
EBB0
EC7C
ED5A
EE4A
EF4C
F05F
F184
F2B9
F3FE
F552
F6B4
F825
F9A3
FB2C
FCC1
FE60
0009
01BA
0373
0531
06F5
08BD
0A87
0C53
0E20
0FEC
11B6
137C
153F
16FB
18B0
1A5E
1C02
1D9B
1F28
20A8
221B
237E
24D0
2611
2740
285B
2962
2A53
2B2E
2BF2
2C9F
2D32
2DAD
2E0E
2E55
2E81
2E93
2E88
2E62
2E21
2DC3
2D49
2CB3
2C01
2B34
2A4B
2946
2827
26ED
2599
242C
22A6
2108
1F53
1D87
1BA5
19AF
17A5
1589
135B
111D
0ED0
0C74
0A0C
0799
051B
0295
0007
FD73
FADB
F83F
F5A2
F304
F068
EDCE
EB38
E8A7
E61E
E39C
E124
DEB7
DC56
DA03
D7BE
D589
D366
D155
CF57
CD6D
CB99
C9DC
C835
C6A7
C532
C3D6
C295
C16E
C062
BF73
BE9F
BDE8
BD4D
BCD0
BC6F
BC2C
BC05
BBFC
BC0F
BC3F
BC8B
BCF4
BD77
BE16
BED0
BFA3
C090
C196
C2B4
C3EA
C535
C697
C80D
C996
CB33
CCE1
CEA0
D06E
D24B
D435
D62C
D82E
DA39
DC4E
DE6A
E08D
E2B5
E4E1
E710
E941
EB73
EDA4
EFD4
F201
F42B
F650
F86F
FA88
FC9A
FEA3
00A3
0299
0484
0664
0837
09FE
0BB6
0D61
0EFD
1089
1206
1373
14CF
161B
1755
187F
1996
1A9D
1B91
1C74
1D45
1E04
1EB2
1F4E
1FD9
2052
20BB
2113
215A
2191
21B9
21D0
21D9
21D3
21BF
219D
216E
2132
20EB
2097
2039
1FD0
1F5D
1EE1
1E5C
1DCE
1D39
1C9D
1BFB
1B52
1AA4
19F1
193A
187F
17C1
1700
163D
1577
14B1
13E9
1322
125A
1192
10C9
1002
0F3C
0E77
0DB5
0CF5
0C37
0B7C
0AC4
0A0F
095D
08AF
0805
075E
06BB
061C
0582
04EB
0459
03CA
0340
02BA
0239
01BB
0142
00CD
005C
FFEF
FF85
FF20
FEBE
FE60
FE06
FDAE
FD5A
FD09
FCBC
FC72
FC2A
FBE6
FBA4
FB65
FB29
FAEF
FAB8
FA83
FA4F
FA1F
F9F0
F9C3
F997
F96E
F946
F920
F8FC
F8D8
F8B7
F897
F878
F85A
F83E
F823
F80A
F7F1
F7DB
F7C6
F7B2
F7A0
F78E
F77E
F76F
F762
F756
F74B
F741
F739
F733
F72D
F729
F727
F726
F727
F729
F72C
F732
F738
F741
F74B
F756
F763
F772
F782
F794
F7A8
F7BD
F7D3
F7EB
F805
F820
F83D
F85A
F879
F89A
F8BB
F8DE
F901
F926
F94C
F973
F99B
F9C3
F9ED
FA17
FA42
FA6D
FA99
FAC6
FAF3
FB21
FB4F
FB7D
FBAC
FBDA
FC09
FC38
FC67
FC96
FCC5
FCF2
FD1F
FD4C
FD79
FDA6
FDD2
FDFD
FE28
FE52
FE7C
FEA5
FECE
FEF5
FF1C
FF41
FF66
FF8A
FFAC
FFCD
FFED
000C
002A
0046
0060
0079
0090
00A6
00BA
00CD
00DD
00EC
00F9
0104
010C
0113
0118
011B
011C
011A
0117
0112
010A
00FF
00F3
00E4
00D2
00BE
00A7
008E
0072
0053
0031
000C
FFE4
FFB9
FF8B
FF59
FF25
FEED
FEB2
FE74
FE33
FDEE
FDA6
FD5C
FD0F
FCBE
FC6A
FC13
FBB9
FB5B
FAFB
FA97
FA31
F9C8
F95C
F8EE
F87E
F80B
F796
F720
F6A8
F62E
F5B4
F538
F4BC
F43F
F3C2
F345
F2C9
F24C
F1D1
F157
F0DF
F068
EFF3
EF82
EF13
EEA7
EE3E
EDD8
ED76
ED19
ECBF
EC6B
EC1B
EBD1
EB8D
EB4F
EB17
EAE6
EABD
EA9A
EA80
EA6D
EA62
EA60
EA67
EA77
EA90
EAB2
EADE
EB14
EB54
EB9D
EBF1
EC4F
ECB6
ED28
EDA3
EE28
EEB8
EF51
EFF4
F0A1
F157
F216
F2DF
F3B0
F48A
F56C
F656
F747
F840
F940
FA46
FB52
FC64
FD7A
FE95
FFB4
00D7
01FC
0324
044E
0579
06A4
07D0
08FB
0A25
0B4B
0C6F
0D91
0EAE
0FC7
10DC
11EA
12F3
13F5
14F0
15E2
16CD
17AE
1886
1953
1A16
1ACE
1B7B
1C1C
1CB0
1D38
1DB2
1E20
1E7F
1ED1
1F15
1F4B
1F72
1F8A
1F94
1F90
1F7D
1F5A
1F29
1EEA
1E9C
1E41
1DD8
1D61
1CDD
1C4C
1BAE
1B05
1A50
1990
18C5
17F0
1711
1629
1539
1441
1341
123C
1130
101F
0F0A
0DF1
0CD6
0BB7
0A98
0977
0857
0737
0619
04FC
03E2
02CC
01BA
00AD
FFA5
FEA4
FDAA
FCB7
FBCD
FAEB
FA13
F944
F880
F7C7
F718
F676
F5DF
F554
F4D7
F466
F402
F3AB
F361
F325
F2F7
F2D6
F2C2
F2BC
F2C3
F2D7
F2F8
F325
F35F
F3A5
F3F7
F453
F4BB
F52E
F5AA
F630
F6BE
F756
F7F5
F89B
F948
F9FB
FAB3
FB70
FC31
FCF5
FDBB
FE84
FF4D
0017
00E1
01AA
0271
0336
03F7
04B5
056E
0622
06D1
0779
081B
08B5
0947
09D1
0A51
0AC8
0B35
0B97
0BEF
0C3C
0C7D
0CB3
0CDD
0CFB
0D0D
0D13
0D0C
0CF9
0CDA
0CAF
0C77
0C34
0BE4
0B89
0B23
0AB1
0A35
09AF
091E
0884
07E1
0735
0681
05C6
0503
043A
036C
0298
01BF
00E3
0003
FF21
FE3E
FD59
FC74
FB8F
FAAB
F9C9
F8E9
F80D
F734
F660
F592
F4C9
F407
F34C
F299
F1EF
F14D
F0B5
F027
EFA3
EF2B
EEBD
EE5B
EE05
EDBB
ED7F
ED4F
ED2D
ED18
ED10
ED17
ED2B
ED4E
ED7E
EDBC
EE08
EE62
EEC9
EF3E
EFC0
F04F
F0EA
F192
F246
F306
F3D2
F4A8
F588
F672
F766
F862
F967
FA74
FB87
FCA0
FDBF
FEE4
000D
0139
0269
039C
04D0
0605
073B
0871
09A6
0AD9
0C0A
0D38
0E62
0F89
10AB
11C7
12DE
13EE
14F7
15F8
16F2
17E3
18CB
19A9
1A7E
1B49
1C09
1CBE
1D69
1E09
1E9D
1F25
1FA2
2012
2076
20CE
2119
2159
218C
21B2
21CD
21DB
21DE
21D5
21C1
21A1
2176
2141
2101
20B7
2063
2005
1F9F
1F30
1EB9
1E3A
1DB3
1D26
1C92
1BF9
1B5B
1AB7
1A10
1964
18B5
1803
174F
1699
15E2
1529
1471
13B8
1300
124A
1195
10E2
1032
0F85
0EDB
0E35
0D93
0CF6
0C5F
0BCC
0B3F
0AB8
0A38
09BE
094B
08DF
087A
081C
07C5
0776
072E
06EE
06B6
0686
065F
063F
0627
0617
060F
0610
0617
0627
063E
065D
0683
06B0
06E3
071E
075F
07A6
07F3
0845
089D
08FA
095C
09C3
0A2D
0A9B
0B0D
0B82
0BF8
0C71
0CEB
0D67
0DE5
0E63
0EE3
0F62
0FE1
1060
10DE
115B
11D6
124F
12C6
133B
13AC
141B
1485
14EC
154F
15AD
1607
165B
16AB
16F5
1739
1777
17AF
17E1
180D
1832
1851
1869
187B
1886
188A
1886
187C
186A
1852
1832
180B
17DC
17A7
176A
1727
16DD
168B
1633
15D5
1570
1504
1493
141B
139E
131B
1292
1205
1172
10DB
1040
0FA0
0EFD
0E58
0DB0
0D06
0C58
0BA9
0AF8
0A45
0991
08DC
0827
0772
06BD
0609
0555
04A3
03F2
0344
0298
01EE
0148
00A5
0006
FF6B
FED4
FE42
FDB5
FD2D
FCAB
FC2F
FBBA
FB4B
FAE2
FA81
FA26
F9D4
F989
F946
F90B
F8D8
F8AE
F88C
F873
F863
F85C
F85E
F869
F87D
F89A
F8C0
F8EF
F927
F969
F9B3
FA06
FA61
FAC6
FB32
FBA7
FC24
FCA9
FD36
FDC9
FE64
FF06
FFAD
005B
010E
01C7
0285
0348
0410
04DB
05AA
067C
0750
0827
0900
09DA
0AB5
0B91
0C6C
0D47
0E21
0EFA
0FD0
10A4
1175
1243
130C
13D2
1492
154D
1602
16B1
175A
17FB
1895
1927
19B1
1A33
1AAB
1B1A
1B7F
1BDA
1C2B
1C71
1CAD
1CDE
1D03
1D1D
1D2C
1D2F
1D27
1D13
1CF3
1CC8
1C91
1C4E
1C00
1BA6
1B42
1AD1
1A56
19D1
1940
18A6
1802
1754
169C
15DD
1514
1444
136B
128C
11A6
10BA
0FC8
0ED1
0DD6
0CD6
0BD3
0ACD
09C5
08BC
07B1
06A6
059C
0492
038B
0285
0182
0083
FF89
FE93
FDA2
FCB8
FBD4
FAF8
FA24
F958
F895
F7DB
F72B
F686
F5EC
F55E
F4DB
F466
F3FD
F3A1
F353
F312
F2E0
F2BB
F2A5
F29E
F2A5
F2BB
F2E0
F314
F356
F3A7
F407
F475
F4F1
F57C
F614
F6B9
F76C
F82C
F8F9
F9D1
FAB5
FBA4
FC9E
FDA3
FEB1
FFC8
00E7
020E
033C
0470
05AA
06E8
082B
0971
0AB9
0C03
0D4D
0E97
0FE1
1128
126D
13AE
14EB
1622
1753
187D
199F
1AB8
1BC8
1CCE
1DC8
1EB7
1F9A
206F
2137
21F0
229A
2334
23BD
2436
249D
24F3
2535
2566
2583
258C
2582
2564
2532
24EB
2490
2421
239D
2305
2259
2198
20C3
1FDB
1EDF
1DD0
1CAE
1B7A
1A34
18DC
1773
15FA
1471
12D9
1133
0F7F
0DBF
0BF2
0A1A
0838
064D
0459
025E
005C
FE54
FC48
FA38
F826
F612
F3FE
F1EA
EFD8
EDC9
EBBD
E9B7
E7B6
E5BC
E3CA
E1E1
E002
DE2E
DC65
DAA9
D8FB
D75C
D5CC
D44C
D2DD
D181
D036
CEFF
CDDC
CCCD
CBD3
CAEE
CA1F
C966
C8C4
C838
C7C4
C766
C720
C6F2
C6DA
C6DB
C6F2
C721
C766
C7C3
C836
C8BF
C95E
CA12
CADC
CBBA
CCAD
CDB3
CECC
CFF7
D134
D281
D3DD
D549
D6C3
D84A
D9DD
DB7C
DD25
DED7
E092
E254
E41C
E5E9
E7BB
E990
EB67
ED40
EF18
F0EF
F2C4
F496
F665
F82E
F9F1
FBAD
FD62
FF0E
00B1
024A
03D8
055A
06CF
0837
0991
0ADD
0C1A
0D47
0E64
0F71
106E
1159
1233
12FB
13B2
1456
14E9
156A
15DA
1637
1683
16BD
16E6
16FE
1705
16FC
16E3
16BA
1682
163B
15E6
1584
1515
1499
1412
137F
12E3
123D
118E
10D8
101A
0F56
0E8C
0DBD
0CEB
0C15
0B3D
0A64
0989
08AF
07D6
06FE
0628
0556
0487
03BD
02F8
0238
017F
00CD
0022
FF7F
FEE4
FE51
FDC8
FD49
FCD4
FC68
FC07
FBB1
FB65
FB24
FAEE
FAC2
FAA1
FA8B
FA7F
FA7D
FA86
FA98
FAB4
FAD9
FB07
FB3D
FB7B
FBC1
FC0D
FC60
FCB8
FD16
FD79
FDE0
FE4A
FEB7
FF27
FF98
000A
007C
00EE
015E
01CD
0239
02A1
0306
0366
03C1
0416
0464
04AB
04EB
0522
0550
0575
0591
05A2
05A9
05A4
0595
0579
0552
0520
04E1
0495
043E
03DA
036A
02EF
0267
01D4
0134
0089
FFD3
FF13
FE47
FD72
FC93
FBAB
FABB
F9C2
F8C3
F7BC
F6AF
F59D
F487
F36C
F24E
F12E
F00C
EEE9
EDC7
ECA5
EB84
EA67
E94C
E836
E725
E619
E514
E417
E321
E234
E151
E079
DFAB
DEE8
DE32
DD89
DCED
DC5E
DBDE
DB6D
DB0A
DAB7
DA74
DA41
DA1D
DA0A
DA08
DA15
DA33
DA62
DAA0
DAEF
DB4E
DBBC
DC39
DCC5
DD60
DE09
DEBF
DF82
E051
E12C
E213
E304
E3FE
E502
E60E
E721
E83B
E95B
EA7F
EBA6
ECD1
EDFD
EF2B
F058
F184
F2AE
F3D5
F4F8
F616
F72E
F83F
F949
FA4A
FB41
FC2E
FD10
FDE7
FEB0
FF6C
001A
00B9
0149
01CA
023B
029B
02EA
0328
0355
0370
0379
0370
0355
0328
02E9
0298
0235
01C1
013C
00A6
FFFF
FF48
FE82
FDAD
FCC9
FBD8
FADA
F9CF
F8B9
F797
F66C
F53A
F3FF
F2BD
F174
F026
EED4
ED7F
EC27
EACE
E975
E81D
E6C7
E574
E425
E2DC
E198
E05C
DF28
DDFD
DCDC
DBC6
DABC
D9BF
D8D0
D7EF
D71D
D65C
D5AA
D50A
D47C
D400
D397
D342
D301
D2D4
D2BA
D2B4
D2C3
D2E5
D31C
D367
D3C6
D439
D4BF
D559
D605
D6C5
D796
D879
D96D
DA72
DB87
DCAA
DDDD
DF1D
E069
E1C2
E326
E494
E60C
E78C
E913
EAA0
EC33
EDCB
EF65
F102
F2A0
F43E
F5DB
F776
F90E
FAA1
FC30
FDB8
FF39
00B2
0221
0387
04E2
0631
0773
08A9
09D0
0AE8
0BF1
0CEA
0DD2
0EAA
0F6F
1023
10C5
1154
11D0
1238
128E
12D0
12FF
131A
1323
1318
12FA
12CA
1287
1233
11CC
1155
10CC
1033
0F8A
0ED3
0E0C
0D37
0C56
0B67
0A6D
0968
0858
073F
061D
04F3
03C2
028B
014F
000F
FECB
FD84
FC3C
FAF2
F9A9
F861
F71B
F5D7
F496
F35A
F222
F0F0
EFC5
EEA1
ED84
EC70
EB65
EA63
E96C
E880
E79E
E6C8
E5FE
E541
E490
E3EB
E355
E2CB
E24F
E1E1
E180
E12D
E0E8
E0B0
E086
E06A
E05B
E059
E065
E07D
E0A1
E0D2
E10E
E156
E1A9
E206
E26E
E2DF
E359
E3DD
E468
E4FB
E595
E636
E6DD
E789
E83B
E8F0
E9AA
EA67
EB26
EBE8
ECAB
ED70
EE34
EEF9
EFBE
F081
F143
F203
F2C1
F37C
F434
F4E8
F599
F645
F6EC
F78F
F82C
F8C4
F957
F9E3
FA69
FAE9
FB63
FBD7
FC43
FCA9
FD09
FD61
FDB3
FDFE
FE42
FE80
FEB7
FEE8
FF12
FF36
FF54
FF6C
FF7F
FF8C
FF93
FF95
FF91
FF89
FF7C
FF6B
FF55
FF3B
FF1E
FEFD
FED8
FEB1
FE87
FE5B
FE2C
FDFB
FDC8
FD94
FD5E
FD28
FCF0
FCB8
FC7F
FC46
FC0D
FBD3
FB9A
FB61
FB29
FAF2
FABC
FA87
FA53
FA1F
F9EC
F9BB
F98A
F95A
F92C
F8FE
F8D2
F8A7
F87D
F854
F82D
F806
F7E1
F7BD
F799
F777
F756
F735
F716
F6F7
F6DA
F6BC
F6A0
F684
F669
F64F
F635
F61D
F605
F5EE
F5D7
F5C0
F5AA
F595
F57F
F56A
F555
F541
F52D
F518
F505
F4F1
F4DE
F4CB
F4B8
F4A5
F493
F480
F46F
F45D
F44C
F43C
F42B
F41C
F40D
F3FE
F3F1
F3E4
F3D8
F3CD
F3C4
F3BB
F3B4
F3AD
F3A8
F3A4
F3A2
F3A0
F3A1
F3A2
F3A5
F3AA
F3B0
F3B8
F3C2
F3CD
F3DA
F3E8
F3F8
F40A
F41E
F433
F44A
F463
F47D
F499
F4B6
F4D5
F4F5
F517
F53A
F55F
F585
F5AC
F5D3
F5FC
F625
F64F
F679
F6A4
F6CE
F6FA
F725
F750
F77B
F7A6
F7D1
F7FB
F825
F84F
F878
F8A0
F8C8
F8EF
F915
F93A
F95E
F981
F9A3
F9C4
F9E4
FA03
FA20
FA3D
FA59
FA73
FA8C
FAA4
FABA
FACF
FAE2
FAF4
FB05
FB14
FB21
FB2E
FB39
FB42
FB4A
FB51
FB57
FB5C
FB5F
FB61
FB63
FB63
FB62
FB61
FB5F
FB5C
FB58
FB54
FB4F
FB49
FB44
FB3F
FB39
FB34
FB2E
FB29
FB24
FB1F
FB1A
FB15
FB11
FB0D
FB09
FB06
FB03
FB01
FAFF
FAFD
FAFB
FAFA
FAFA
FAF9
FAF9
FAF9
FAFA
FAFA
FAFB
FAFC
FAFD
FAFE
FAFF
FB00
FB01
FB02
FB03
FB04
FB04
FB04
FB04
FB03
FB03
FB01
FB00
FAFE
FAFB
FAF8
FAF5
FAF1
FAED
FAE9
FAE4
FADE
FAD9
FAD3
FACD
FAC6
FAC0
FAB9
FAB2
FAAC
FAA5
FA9F
FA98
FA92
FA8D
FA88
FA84
FA80
FA7D
FA7B
FA7A
FA79
FA7A
FA7B
FA7E
FA82
FA88
FA8F
FA98
FAA3
FAAF
FABE
FACF
FAE1
FAF6
FB0D
FB27
FB43
FB61
FB82
FBA5
FBCB
FBF4
FC1F
FC4D
FC7D
FCAF
FCE5
FD1D
FD58
FD94
FDD3
FE14
FE56
FE9A
FEDF
FF26
FF6E
FFB6
FFFF
0048
0092
00DB
0124
016C
01B3
01F9
023D
0280
02C0
02FD
0337
036F
03A2
03D2
03FE
0424
0446
0463
047B
048E
049A
04A0
049F
0497
0488
0471
0453
042D
03FF
03C9
038A
0343
02F3
029B
023A
01D0
015D
00E2
005E
FFD1
FF3C
FE9F
FDFA
FD4C
FC97
FBDB
FB18
FA4D
F97D
F8A6
F7CB
F6EA
F605
F51C
F42F
F33F
F24D
F158
F062
EF6C
EE75
ED7F
EC89
EB96
EAA5
E9B7
E8CC
E7E7
E706
E62B
E556
E488
E3C2
E304
E24F
E1A4
E102
E06B
DFDF
DF5E
DEEA
DE82
DE27
DDD8
DD98
DD65
DD40
DD2A
DD22
DD29
DD3F
DD64
DD98
DDDB
DE2C
DE8D
DEFD
DF7B
E008
E0A2
E14B
E201
E2C4
E394
E46F
E557
E64A
E747
E84E
E95E
EA77
EB97
ECBF
EDEC
EF1F
F056
F191
F2CE
F40D
F54D
F68D
F7CB
F908
FA41
FB77
FCA8
FDD3
FEF7
0014
0128
0232
0333
0428
0511
05EE
06BD
077D
082F
08D2
0964
09E6
0A57
0AB7
0B04
0B3F
0B68
0B7F
0B84
0B75
0B54
0B1F
0AD8
0A7D
0A10
0991
08FF
085C
07A8
06E2
060C
0527
0432
032F
021E
0101
FFD7
FEA2
FD62
FC19
FAC8
F96F
F810
F6AB
F542
F3D6
F268
F0F9
EF89
EE1C
ECB2
EB4B
E9E9
E88C
E737
E5E9
E4A4
E36A
E23B
E118
E002
DEFA
DE00
DD17
DC3E
DB76
DAC0
DA1C
D98C
D90F
D8A6
D852
D813
D7E9
D7D4
D7D5
D7EB
D817
D859
D8B0
D91C
D99D
DA33
DADD
DB9B
DC6C
DD50
DE45
DF4D
E064
E18C
E2C3
E407
E559
E6B7
E820
E992
EB0E
EC91
EE1B
EFA9
F13C
F2D2
F469
F600
F796
F92A
FABB
FC46
FDCC
FF4A
00C0
022C
038E
04E4
062D
0768
0895
09B2
0ABE
0BB8
0CA1
0D77
0E3A
0EE9
0F84
100A
107B
10D7
111E
1150
116D
1174
1167
1146
1110
10C6
106A
0FFB
0F7A
0EE7
0E44
0D92
0CD1
0C02
0B28
0A42
0951
0856
0753
0649
0538
0423
0309
01EC
00CE
FFAF
FE91
FD73
FC59
FB41
FA2E
F91F
F817
F715
F61B
F528
F43E
F35D
F285
F1B6
F0F2
F037
EF87
EEE1
EE45
EDB4
ED2C
ECAE
EC3A
EBCF
EB6C
EB12
EAC0
EA75
EA31
E9F3
E9BB
E988
E959
E92E
E906
E8E1
E8BE
E89D
E87C
E85C
E83B
E81A
E7F8
E7D5
E7B0
E789
E761
E736
E708
E6D9
E6A7
E674
E63E
E607
E5CE
E595
E55B
E522
E4E9
E4B0
E47A
E446
E416
E3E9
E3C1
E39F
E382
E36D
E360
E35B
E360
E36F
E38A
E3AF
E3E2
E421
E46E
E4C9
E533
E5AC
E635
E6CD
E776
E82E
E8F8
E9D2
EABC
EBB6
ECC0
EDD9
EF01
F037
F17B
F2CB
F428
F58F
F702
F87D
FA01
FB8C
FD1C
FEB2
004B
01E5
0381
051C
06B5
084B
09DC
0B67
0CEA
0E65
0FD5
1139
1291
13DB
1516
1642
175B
1862
1956
1A35
1AFE
1BB2
1C4F
1CD5
1D44
1D9A
1DD7
1DFD
1E09
1DFD
1DD8
1D9A
1D44
1CD6
1C50
1BB3
1AFF
1A35
1956
1862
175B
1640
1513
13D6
1288
112B
0FC1
0E4A
0CC7
0B3A
09A3
0805
0660
04B6
0307
0156
FFA2
FDEF
FC3C
FA8C
F8DF
F736
F593
F3F7
F263
F0D8
EF57
EDE1
EC77
EB1A
E9CB
E88A
E759
E638
E528
E42A
E33D
E263
E19C
E0E8
E049
DFBD
DF45
DEE3
DE94
DE5B
DE36
DE26
DE2A
DE43
DE70
DEB1
DF05
DF6C
DFE6
E072
E10F
E1BE
E27D
E34B
E429
E514
E60D
E713
E824
E93F
EA65
EB93
ECC8
EE05
EF49
F091
F1DD
F32C
F47B
F5CC
F71B
F869
F9B3
FAFA
FC3C
FD77
FEAC
FFD8
00FB
0214
0323
0425
051B
0604
06DE
07AA
0866
0913
09AF
0A3A
0AB4
0B1C
0B72
0BB6
0BE7
0C07
0C16
0C12
0BFD
0BD5
0B9B
0B50
0AF4
0A86
0A09
097B
08DF
0834
077B
06B5
05E2
0504
041B
0329
022D
012A
0020
FF10
FDFB
FCE1
FBC5
FAA8
F989
F86A
F74D
F632
F51A
F406
F2F8
F1F0
F0EE
EFF5
EF04
EE1D
ED40
EC6E
EBA8
EAEE
EA41
E9A1
E90F
E88B
E816
E7B0
E759
E711
E6DA
E6B1
E699
E690
E697
E6AD
E6D2
E707
E74B
E79C
E7FD
E86A
E8E5
E96D
EA00
EAA0
EB4A
EBFE
ECBD
ED84
EE53
EF29
F006
F0E9
F1D1
F2BC
F3AB
F49C
F58F
F682
F775
F866
F956
FA43
FB2B
FC10
FCEE
FDC7
FE99
FF63
0024
00DD
018B
022F
02C9
0356
03D9
044F
04B8
0514
0562
05A2
05D5
05F8
060E
0614
060C
05F6
05D0
059C
055A
050A
04AC
0440
03C7
0340
02AE
020F
0164
00AF
FFEF
FF24
FE51
FD75
FC91
FBA6
FAB4
F9BD
F8C1
F7C0
F6BC
F5B6
F4AD
F3A3
F299
F18F
F087
EF81
EE7E
ED7E
EC83
EB8E
EA9E
E9B5
E8D4
E7FB
E72A
E663
E5A6
E4F4
E44D
E3B1
E322
E29F
E229
E1C1
E166
E119
E0DA
E0AA
E088
E075
E070
E07A
E092
E0B9
E0EE
E132
E184
E1E3
E250
E2CB
E353
E3E7
E488
E534
E5EC
E6AF
E77D
E855
E936
EA1F
EB12
EC0B
ED0C
EE13
EF20
F032
F149
F263
F380
F49F
F5BF
F6E0
F801
F922
FA42
FB5F
FC7B
FD93
FEA7
FFB7
00C1
01C6
02C5
03BD
04AD
0595
0675
074C
0819
08DD
0996
0A45
0AE8
0B80
0C0D
0C8D
0D01
0D69
0DC4
0E13
0E54
0E89
0EB0
0ECA
0ED6
0ED6
0EC9
0EAF
0E88
0E55
0E15
0DC9
0D71
0D0D
0C9D
0C22
0B9C
0B0B
0A70
09CB
091C
0864
07A3
06D9
0608
052E
044E
0367
027A
0187
008E
FF91
FE90
FD8A
FC82
FB77
FA6A
F95B
F84A
F738
F626
F514
F402
F2F1
F1E2
F0D4
EFC9
EEC0
EDBB
ECB9
EBBC
EAC2
E9CE
E8DF
E7F6
E712
E635
E55E
E48F
E3C7
E306
E24D
E19C
E0F3
E053
DFBC
DF2F
DEAC
DE31
DDC0
DD58
DCFA
DCA6
DC5B
DC1A
DBE2
DBB5
DB91
DB77
DB66
DB5F
DB61
DB6D
DB81
DB9F
DBC6
DBF6
DC2E
DC6E
DCB7
DD07
DD5F
DDBF
DE26
DE94
DF08
DF83
E003
E08B
E118
E1AA
E241
E2DD
E37D
E420
E4C7
E571
E61E
E6CD
E77E
E831
E8E5
E999
EA4E
EB03
EBB7
EC6B
ED1E
EDCF
EE7E
EF2B
EFD5
F07C
F120
F1C0
F25D
F2F5
F389
F418
F4A2
F528
F5A9
F623
F698
F707
F76F
F7D2
F82E
F883
F8D2
F91A
F95B
F996
F9CA
F9F7
FA1E
FA3E
FA57
FA6A
FA77
FA7D
FA7E
FA79
FA6E
FA5E
FA48
FA2E
FA0F
F9EB
F9C4
F998
F969
F939
F905
F8CF
F897
F85C
F821
F7E4
F7A7
F769
F72C
F6EE
F6B2
F677
F63D
F605
F5CF
F59C
F56C
F53F
F516
F4F1
F4D0
F4B4
F49D
F48A
F47D
F476
F474
F479
F483
F494
F4AC
F4CB
F4F1
F51E
F551
F58C
F5CE
F616
F666
F6BC
F719
F77D
F7E8
F858
F8CF
F94C
F9CE
FA56
FAE4
FB76
FC0D
FCA8
FD47
FDEA
FE90
FF39
FFE4
0092
0141
01F2
02A4
0356
0408
04BA
056A
061A
06C8
0774
081E
08C4
0968
0A08
0AA3
0B3B
0BCD
0C5B
0CE3
0D66
0DE3
0E5A
0ECA
0F34
0F97
0FF3
1048
1095
10DB
111A
1151
1181
11A9
11CA
11E3
11F4
11FE
1201
11FD
11F1
11DF
11C6
11A6
117F
1153
1121
10E9
10AC
106A
1023
0FD8
0F8A
0F37
0EE2
0E8A
0E30
0DD3
0D75
0D16
0CB6
0C56
0BF6
0B96
0B37
0AD9
0A7C
0A21
09C8
0972
091F
08CE
0881
0838
07F1
07AF
0771
0736
0700
06CE
06A1
0677
0653
0632
0616
05FE
05EB
05DB
05CF
05C7
05C3
05C2
05C4
05C9
05D0
05DA
05E5
05F2
0600
0610
061F
062F
063F
064D
065B
0667
0671
0679
067E
0680
067E
0678
066E
065E
064A
062F
060F
05E8
05BB
0586
054A
0506
04BA
0466
040A
03A5
0337
02C1
0242
01B9
0128
008E
FFEA
FF3E
FE89
FDCC
FD05
FC37
FB60
FA82
F99C
F8B0
F7BC
F6C2
F5C2
F4BC
F3B2
F2A3
F190
F079
EF60
EE44
ED27
EC09
EAEA
E9CB
E8AD
E791
E677
E560
E44C
E33C
E231
E12C
E02C
DF33
DE43
DD5A
DC7A
DBA3
DAD5
DA11
D958
D8A9
D806
D76F
D6E4
D665
D5F3
D58F
D537
D4ED
D4B1
D482
D461
D44E
D449
D452
D468
D48C
D4BD
D4FB
D546
D59E
D602
D671
D6ED
D773
D804
D89F
D943
D9F0
DAA6
DB62
DC26
DCEF
DDBE
DE92
DF6A
E045
E123
E202
E2E3
E3C3
E4A4
E583
E660
E73B
E812
E8E5
E9B4
EA7D
EB40
EBFC
ECB1
ED5E
EE02
EE9E
EF30
EFB8
F036
F0A8
F110
F16C
F1BD
F202
F23A
F267
F287
F29C
F2A4
F2A0
F290
F274
F24D
F21A
F1DD
F194
F142
F0E5
F07F
F010
EF99
EF1A
EE94
EE08
ED75
ECDD
EC41
EBA1
EAFE
EA59
E9B3
E90B
E864
E7BE
E71A
E678
E5D9
E53F
E4A9
E419
E390
E30E
E294
E223
E1BB
E15D
E109
E0C1
E085
E055
E031
E01B
E013
E019
E02D
E04F
E081
E0C1
E110
E16F
E1DD
E25A
E2E7
E383
E42E
E4E7
E5AF
E684
E768
E858
E956
EA60
EB75
EC96
EDC1
EEF7
F035
F17C
F2CB
F421
F57D
F6DF
F844
F9AE
FB1A
FC89
FDF8
FF68
00D6
0243
03AD
0514
0676
07D4
092A
0A7A
0BC2
0D01
0E37
0F63
1084
1199
12A2
139E
148D
156D
1640
1703
17B7
185B
18EF
1973
19E6
1A48
1A99
1ADA
1B09
1B28
1B35
1B32
1B1E
1AF9
1AC5
1A80
1A2C
19C9
1956
18D4
1845
17A9
1700
164B
158B
14BF
13EA
130C
1225
1137
1041
0F46
0E45
0D3F
0C36
0B2A
0A1B
090C
07FC
06EC
05DD
04D0
03C6
02BF
01BC
00BE
FFC6
FED4
FDE8
FD03
FC26
FB51
FA84
F9C1
F908
F858
F7B4
F719
F68A
F606
F58E
F521
F4C0
F46A
F420
F3E2
F3B0
F389
F36D
F35D
F358
F35D
F36D
F387
F3AB
F3D9
F40F
F44E
F496
F4E5
F53B
F598
F5FB
F663
F6D0
F742
F7B8
F832
F8AE
F92C
F9AC
FA2E
FAB0
FB32
FBB3
FC34
FCB3
FD30
FDAA
FE22
FE96
FF06
FF73
FFDB
003E
009C
00F5
0148
0195
01DC
021D
0258
028D
02BB
02E4
0306
0322
0337
0347
0351
0355
0353
034C
0340
032F
031A
0300
02E3
02C1
029D
0276
024D
0222
01F5
01C7
0198
0169
013B
010C
00DF
00B4
008A
0063
003F
001E
0000
FFE7
FFD3
FFC3
FFB8
FFB2
FFB2
FFB7
FFC3
FFD4
FFED
000B
0031
005D
0090
00CB
010C
0154
01A4
01FA
0257
02BB
0326
0396
040E
048B
050D
0596
0623
06B5
074C
07E6
0885
0926
09CB
0A72
0B1A
0BC3
0C6E
0D18
0DC2
0E6B
0F13
0FBA
105E
10FF
119D
1237
12CD
135E
13EA
1470
14F1
156B
15DE
1649
16AE
170A
175E
17AA
17EC
1826
1856
187D
189A
18AE
18B8
18B7
18AC
1898
1879
1850
181D
17E0
1799
1749
16EF
168C
1620
15AB
152E
14A8
141B
1385
12E9
1246
119D
10EE
1039
0F80
0EC1
0DFF
0D39
0C70
0BA5
0AD7
0A08
0938
0868
0798
06C8
05F9
052B
045F
0396
02D0
020C
014D
0092
FFDC
FF2B
FE7F
FDD9
FD39
FCA0
FC0E
FB83
FAFF
FA83
FA0F
F9A3
F940
F8E5
F892
F849
F808
F7D0
F7A1
F77C
F75F
F74C
F742
F740
F747
F757
F76F
F790
F7B9
F7E9
F822
F862
F8AA
F8F9
F94F
F9AC
FA0F
FA78
FAE8
FB5D
FBD8
FC58
FCDC
FD66
FDF3
FE85
FF1A
FFB3
004F
00EE
018F
0233
02D9
0380
042A
04D4
0580
062C
06D8
0785
0832
08DF
098A
0A36
0AE0
0B89
0C31
0CD7
0D7B
0E1D
0EBD
0F5B
0FF6
108F
1124
11B7
1247
12D4
135D
13E3
1465
14E4
155F
15D6
1649
16B8
1724
178B
17EF
184E
18A9
18FF
1951
199E
19E7
1A2B
1A6A
1AA4
1AD9
1B0A
1B34
1B5A
1B7A
1B95
1BAA
1BBA
1BC3
1BC7
1BC5
1BBD
1BAF
1B9A
1B80
1B5F
1B37
1B0A
1AD5
1A99
1A57
1A0F
19BF
1969
190D
18A9
183F
17CF
1758
16DA
1656
15CC
153B
14A5
1408
1366
12BE
1211
115E
10A6
0FEA
0F29
0E64
0D9A
0CCD
0BFC
0B28
0A52
0978
089D
07BE
06DE
05FD
051B
0438
0355
0273
0191
00B1
FFD3
FEF6
FE1C
FD46
FC73
FBA4
FAD9
FA13
F953
F899
F7E4
F737
F690
F5F2
F55B
F4CC
F447
F3CA
F357
F2ED
F28D
F238
F1ED
F1AD
F178
F14D
F12E
F11B
F113
F117
F126
F141
F168
F19A
F1D8
F221
F275
F2D5
F33F
F3B5
F434
F4BE
F552
F5EF
F695
F744
F7FC
F8BB
F982
FA50
FB24
FBFE
FCDE
FDC3
FEAB
FF98
0089
017C
0270
0367
045E
0555
064B
0741
0834
0926
0A14
0AFF
0BE6
0CC9
0DA6
0E7D
0F4E
1018
10DB
1196
1249
12F3
1394
142C
14BA
153F
15B9
1628
168D
16E7
1737
177A
17B3
17E0
1803
181A
1826
1827
181D
1809
17EA
17C0
178D
1750
170A
16BA
1662
1602
1599
1529
14B3
1435
13B2
1329
129B
1209
1172
10D9
103C
0F9D
0EFD
0E5B
0DB8
0D15
0C72
0BD0
0B30
0A91
09F5
095C
08C7
0836
07A8
0720
069C
061E
05A6
0534
04C7
0462
0403
03AA
0359
030E
02CB
028E
0259
022A
0203
01E2
01C8
01B4
01A7
01A0
019E
01A2
01AA
01B8
01CA
01DF
01F9
0216
0235
0257
027A
029F
02C5
02EA
0310
0335
0358
037A
0399
03B5
03CE
03E3
03F3
03FF
0405
0405
03FF
03F3
03DF
03C4
03A1
0376
0342
0306
02C1
0273
021C
01BC
0152
00DF
0062
FFDC
FF4D
FEB5
FE13
FD69
FCB7
FBFC
FB3A
FA70
F99F
F8C7
F7E9
F705
F61C
F52F
F43E
F349
F252
F158
F05D
EF62
EE67
ED6D
EC74
EB7D
EA89
E999
E8AD
E7C7
E6E8
E60F
E53F
E477
E3B8
E304
E25A
E1BC
E12A
E0A5
E02E
DFC5
DF6A
DF1F
DEE4
DEB9
DE9E
DE95
DE9D
DEB7
DEE2
DF20
DF70
DFD3
E048
E0D0
E16A
E215
E2D2
E3A2
E483
E576
E67A
E78F
E8B4
E9E9
EB2E
EC81
EDE3
EF52
F0CE
F256
F3EA
F588
F72F
F8E0
FA99
FC58
FE1E
FFE9
01B8
038B
055F
0735
090B
0AE0
0CB3
0E83
1050
1217
13D8
1592
1745
18EF
1A8F
1C25
1DAF
1F2D
209E
2202
2356
249B
25D0
26F5
2808
2909
29F7
2AD3
2B9C
2C51
2CF2
2D7F
2DF8
2E5B
2EAA
2EE5
2F0A
2F1B
2F17
2EFF
2ED2
2E92
2E3E
2DD7
2D5E
2CD1
2C33
2B83
2AC2
29F1
290F
281F
2720
2614
24FA
23D5
22A4
2168
2022
1ED3
1D7D
1C1F
1ABA
1950
17E2
166F
14FA
1383
120B
1092
0F1A
0DA3
0C2F
0ABE
0952
07E9
0686
0529
03D3
0285
013E
0000
FECC
FDA1
FC81
FB6B
FA61
F962
F870
F78A
F6B1
F5E4
F525
F473
F3CF
F339
F2B0
F235
F1C7
F167
F115
F0D0
F099
F06F
F052
F040
F03A
F041
F053
F071
F099
F0CC
F10A
F151
F1A1
F1FA
F25C
F2C5
F336
F3AE
F42D
F4B1
F53B
F5C9
F65C
F6F3
F78D
F82A
F8CA
F96B
FA0E
FAB1
FB55
FBF9
FC9D
FD40
FDE1
FE80
FF1C
FFB6
004D
00E1
0172
01FF
0288
030D
038E
0409
0481
04F3
0560
05C8
062A
0687
06DF
0731
077D
07C4
0805
0841
0877
08A8
08D4
08FA
091B
0937
094E
0961
096E
0978
097D
097F
097D
0977
096E
0961
0952
0940
092C
0915
08FC
08E2
08C6
08A8
088A
086A
084A
0829
0808
07E7
07C7
07A6
0786
0767
0749
072C
0710
06F5
06DD
06C6
06B0
069F
068F
0682
0677
0670
066A
0668
0669
066C
0673
067D
068A
069A
06AD
06C4
06DE
06FB
071C
073F
0767
0791
07BF
07F0
0824
085B
0895
08D3
0913
0957
099D
09E6
0A32
0A82
0AD4
0B29
0B81
0BDB
0C37
0C96
0CF6
0D58
0DBC
0E22
0E89
0EF2
0F5B
0FC6
1031
109D
1109
1175
11E1
124D
12B9
1324
138E
13F7
145E
14C4
1528
1589
15E9
1645
169F
16F7
174B
179C
17E8
1830
1874
18B3
18ED
1922
1951
197A
199D
19BA
19D1
19E0
19E9
19EA
19E3
19D6
19C0
19A2
197C
194D
1916
18D6
188D
183B
17E0
177C
170F
1698
1618
158F
14FC
1460
13BB
130C
1254
1192
10C8
0FF4
0F18
0E34
0D47
0C52
0B55
0A50
0945
0833
071A
05FB
04D6
03AD
027E
014B
0014
FEDB
FD9E
FC5F
FB1E
F9DC
F89A
F758
F616
F4D5
F397
F25A
F121
EFEC
EEBB
ED90
EC6A
EB4B
EA32
E921
E819
E719
E623
E537
E456
E37F
E2B5
E1F7
E145
E0A1
E00A
DF81
DF07
DE9C
DE40
DDF3
DDB7
DD8A
DD6E
DD63
DD68
DD7D
DDA3
DDDA
DE22
DE7B
DEE6
DF61
DFED
E08B
E138
E1F6
E2C4
E3A2
E48F
E58B
E695
E7AE
E8D4
EA07
EB46
EC91
EDE8
EF49
F0B4
F229
F3A5
F52A
F6B6
F848
F9DF
FB7B
FD1B
FEBD
0062
0208
03AE
0555
06FA
089D
0A3D
0BDA
0D73
0F06
1093
121A
1399
1510
167E
17E2
193D
1A8C
1BCF
1D07
1E32
1F4F
205F
2160
2253
2337
240B
24D0
2584
2628
26BC
273F
27B1
2813
2863
28A2
28D0
28EC
28F8
28F2
28DC
28B5
287D
2835
27DD
2775
26FD
2677
25E2
253E
248C
23CD
2301
2229
2144
2054
1F59
1E54
1D44
1C2B
1B0A
19E0
18AF
1778
163A
14F7
13AF
1262
1111
0FBC
0E65
0D0B
0BAF
0A52
08F5
0796
0638
04DB
037F
0224
00CB
FF74
FE20
FCCF
FB81
FA37
F8F0
F7AE
F671
F538
F404
F2D5
F1AB
F087
EF69
EE50
ED3D
EC31
EB2A
EA2A
E92F
E83B
E74D
E666
E585
E4AA
E3D5
E307
E23E
E17C
E0C0
E00A
DF5A
DEB1
DE0D
DD6E
DCD6
DC44
DBB7
DB30
DAAE
DA32
D9BC
D94B
D8E0
D87A
D81A
D7BF
D769
D719
D6CE
D689
D64A
D610
D5DC
D5AE
D585
D563
D546
D52F
D51F
D514
D510
D513
D51C
D52B
D541
D55E
D582
D5AD
D5DF
D618
D659
D6A1
D6F0
D747
D7A6
D80C
D87A
D8EF
D96D
D9F2
DA7F
DB14
DBB0
DC55
DD00
DDB4
DE6E
DF30
DFFA
E0CA
E1A1
E27E
E362
E44C
E53B
E631
E72B
E82B
E92F
EA37
EB43
EC53
ED65
EE7B
EF92
F0AB
F1C6
F2E2
F3FD
F519
F633
F74D
F865
F97B
FA8F
FBA0
FCAD
FDB6
FEBB
FFBA
00B4
01A9
0296
037D
045D
0535
0605
06CC
078B
0840
08EC
098E
0A25
0AB3
0B36
0BAE
0C1B
0C7D
0CD4
0D1F
0D60
0D94
0DBC
0DD9
0DEB
0DF2
0DEE
0DE0
0DC7
0DA3
0D76
0D3F
0CFF
0CB5
0C63
0C09
0BA7
0B3D
0ACD
0A56
09DA
0958
08D1
0846
07B8
0726
0692
05FC
0565
04CD
0435
039D
0307
0272
01E0
0151
00C4
003C
FFB8
FF39
FEC0
FE4C
FDDE
FD78
FD18
FCC0
FC70
FC28
FBE8
FBB1
FB83
FB5D
FB41
FB2E
FB24
FB24
FB2D
FB3F
FB5A
FB7E
FBAB
FBE0
FC1E
FC64
FCB2
FD08
FD66
FDC9
FE33
FEA3
FF18
FF91
000E
008F
0113
019A
0222
02AC
0336
03C0
0449
04D1
0557
05DA
065A
06D6
074D
07BF
082C
0892
08F1
0948
0998
09DE
0A1C
0A50
0A7A
0A99
0AAE
0AB7
0AB4
0AA6
0A8B
0A65
0A32
09F3
09A7
094E
08E9
0878
07FA
0770
06D9
0637
058A
04D1
040D
033F
0267
0185
009B
FFA7
FEAC
FDA9
FCA0
FB91
FA7C
F962
F845
F723
F5FF
F4D8
F3B2
F28B
F165
F040
EF1E
EDFF
ECE5
EBCE
EABE
E9B4
E8B0
E7B5
E6C2
E5D8
E4F8
E423
E358
E299
E1E6
E140
E0A7
E01B
DF9D
DF2E
DECD
DE7A
DE37
DE03
DDDE
DDC8
DDC1
DDCA
DDE2
DE09
DE3F
DE85
DED9
DF3B
DFAB
E029
E0B5
E14D
E1F1
E2A2
E35D
E423
E4F3
E5CC
E6AE
E798
E889
E980
EA7D
EB7F
EC85
ED8E
EE99
EFA6
F0B4
F1C1
F2CE
F3D9
F4E2
F5E7
F6E8
F7E5
F8DB
F9CC
FAB5
FB97
FC70
FD41
FE09
FEC6
FF79
0022
00BF
0150
01D6
0250
02BD
031E
0372
03B9
03F4
0422
0443
0457
045F
045B
044A
042E
0406
03D4
0397
0350
02FE
02A3
023F
01D3
015F
00E3
0061
FFD9
FF4C
FEBA
FE24
FD8B
FCF0
FC53
FBB6
FB18
FA7A
F9DE
F944
F8AD
F819
F78A
F6FF
F67A
F5FB
F582
F511
F4A8
F447
F3F0
F3A3
F35F
F325
F2F6
F2D1
F2B7
F2A8
F2A4
F2AC
F2C0
F2DF
F309
F33F
F381
F3CE
F426
F489
F4F7
F56F
F5F1
F67D
F712
F7B1
F857
F906
F9BC
FA79
FB3C
FC05
FCD3
FDA5
FE7A
FF53
002D
010A
01E7
02C4
03A1
047C
0555
062C
06FF
07CE
0898
095D
0A1D
0AD5
0B87
0C30
0CD2
0D6B
0DFB
0E81
0EFD
0F6F
0FD7
1033
1085
10CB
1105
1134
1158
1170
117B
117B
116F
1157
1135
1107
10CF
108D
1040
0FEA
0F8A
0F21
0EB0
0E37
0DB7
0D2F
0CA2
0C0F
0B76
0ADA
0A39
0996
08F0
0848
079F
06F6
064D
05A5
04FF
045B
03BA
031D
0284
01F0
0162
00DA
0059
FFDF
FF6D
FF03
FEA1
FE49
FDFB
FDB6
FD7C
FD4C
FD27
FD0C
FCFD
FCF9
FD00
FD12
FD30
FD59
FD8D
FDCC
FE15
FE6A
FEC8
FF31
FFA4
001F
00A4
0131
01C6
0263
0306
03B0
0460
0516
05D0
068E
0750
0815
08DB
09A4
0A6D
0B37
0C00
0CC8
0D8F
0E53
0F14
0FD2
108B
1140
11EF
1298
133B
13D7
146B
14F7
157B
15F6
1668
16D1
172F
1782
17CC
180B
183F
1868
1887
189B
18A4
18A2
1895
187E
185C
1830
17F9
17B9
176F
171C
16C1
165C
15F0
157C
1500
147E
13F6
1368
12D5
123E
11A2
1103
1061
0FBD
0F17
0E71
0DCA
0D23
0C7D
0BD8
0B35
0A95
09F7
095D
08C7
0835
07A9
0721
069F
0624
05AF
0541
04DA
047A
0422
03D2
038A
034A
0312
02E3
02BC
029D
0287
0278
0272
0274
027E
0290
02AA
02CA
02F1
031E
0352
038A
03C9
040C
0453
049F
04EE
0540
0594
05EB
0643
069D
06F7
0751
07AA
0803
085A
08B0
0903
0953
09A0
09EA
0A2F
0A6F
0AAB
0AE1
0B12
0B3C
0B60
0B7E
0B94
0BA4
0BAD
0BAE
0BA8
0B9A
0B86
0B69
0B45
0B1A
0AE8
0AAE
0A6E
0A27
09D9
0986
092C
08CD
0869
0800
0792
0721
06AC
0634
05B9
053C
04BE
043F
03BF
0340
02C1
0243
01C7
014D
00D6
0062
FFF2
FF87
FF20
FEBF
FE63
FE0E
FDBF
FD78
FD38
FD00
FCD0
FCA8
FC89
FC73
FC66
FC63
FC68
FC78
FC90
FCB3
FCDF
FD14
FD53
FD9C
FDEE
FE4A
FEAE
FF1B
FF90
000D
0092
011D
01B0
0248
02E6
038A
0432
04DE
058E
0640
06F5
07AC
0864
091C
09D4
0A8B
0B41
0BF4
0CA5
0D52
0DFB
0E9F
0F3E
0FD7
106A
10F5
1179
11F5
1268
12D2
1332
1389
13D5
1417
144E
147A
149B
14B0
14B9
14B7
14AA
1490
146B
143B
13FF
13B8
1366
1309
12A2
1231
11B6
1131
10A4
100F
0F72
0ECE
0E22
0D71
0CBA
0BFE
0B3D
0A7A
09B3
08EB
0822
0758
068F
05C6
0500
043C
037B
02BF
0207
0155
00A9
0004
FF67
FED1
FE45
FDC2
FD49
FCDA
FC76
FC1E
FBD1
FB91
FB5D
FB36
FB1B
FB0E
FB0F
FB1D
FB38
FB61
FB97
FBDB
FC2B
FC89
FCF4
FD6B
FDEE
FE7D
FF17
FFBC
006C
0125
01E7
02B2
0385
045F
053F
0626
0711
0800
08F3
09E8
0ADE
0BD6
0CCD
0DC3
0EB8
0FA9
1097
1181
1265
1343
141A
14E9
15B0
166D
1721
17CA
1867
18F8
197D
19F4
1A5E
1ABA
1B07
1B46
1B75
1B95
1BA5
1BA5
1B96
1B76
1B47
1B07
1AB8
1A59
19EB
196D
18E0
1845
179B
16E3
161D
154B
146E
1385
1291
1194
108D
0F7E
0E68
0D4C
0C29
0B02
09D7
08A9
0779
0649
0518
03E8
02BA
018F
0068
FF46
FE29
FD14
FC06
FB00
FA04
F911
F82A
F74F
F67F
F5BC
F507
F460
F3C8
F340
F2C7
F25F
F207
F1C0
F18A
F165
F152
F150
F160
F181
F1B4
F1F7
F24B
F2B0
F325
F3AA
F43E
F4E1
F592
F651
F71D
F7F5
F8D9
F9C8
FAC0
FBC2
FCCC
FDDD
FEF5
0012
0134
0259
0380
04A9
05D2
06FA
0821
0944
0A64
0B7F
0C94
0DA3
0EA9
0FA7
109B
1185
1263
1335
13F9
14B1
1559
15F3
167D
16F6
175F
17B7
17FD
1832
1854
1864
1861
184C
1824
17EA
179D
173E
16CD
164A
15B6
1510
145A
1394
12BE
11D8
10E5
0FE4
0ED6
0DBB
0C96
0B65
0A2C
08E9
079F
064E
04F7
039B
023C
00DA
FF76
FE12
FCAD
FB4A
F9EA
F88D
F734
F5E1
F495
F351
F215
F0E3
EFBB
EE9F
ED8E
EC8B
EB95
EAAE
E9D6
E90E
E855
E7AE
E718
E693
E621
E5C1
E573
E538
E510
E4FB
E4F9
E50A
E52D
E563
E5AB
E604
E66F
E6EC
E779
E816
E8C4
E980
EA4B
EB23
EC09
ECFB
EDF9
EF02
F014
F12F
F253
F37D
F4AE
F5E5
F71F
F85D
F99D
FADF
FC21
FD63
FEA3
FFE0
011A
0250
0380
04AB
05CE
06E9
07FC
0906
0A06
0AFA
0BE3
0CC1
0D91
0E54
0F0A
0FB1
104A
10D4
114F
11BA
1215
1261
129D
12C8
12E4
12F0
12EC
12D9
12B6
1285
1244
11F5
1198
112D
10B6
1032
0FA3
0F09
0E65
0DB6
0CFF
0C40
0B78
0AAA
09D6
08FD
0820
073F
065B
0575
048F
03A8
02C2
01DD
00FB
001C
FF41
FE6B
FD9A
FCCF
FC0C
FB50
FA9C
F9F2
F951
F8BA
F82E
F7AD
F738
F6D0
F674
F625
F5E3
F5AF
F588
F56F
F565
F568
F579
F598
F5C6
F601
F64A
F6A1
F705
F776
F7F4
F87F
F916
F9B8
FA66
FB1E
FBE1
FCAD
FD83
FE61
FF47
0034
0128
0221
0320
0423
0529
0633
073F
084C
095B
0A69
0B77
0C83
0D8D
0E94
0F98
1097
1191
1286
1374
145B
153B
1612
16E1
17A6
1862
1913
19BA
1A55
1AE5
1B69
1BE1
1C4C
1CAB
1CFC
1D41
1D78
1DA2
1DBF
1DCE
1DD0
1DC4
1DAB
1D85
1D52
1D12
1CC5
1C6B
1C05
1B93
1B16
1A8D
19F9
195A
18B1
17FE
1741
167C
15AE
14D8
13FA
1315
122A
113A
1043
0F48
0E49
0D48
0C44
0B3D
0A35
092B
0821
0717
060D
0504
03FD
02F8
01F6
00F7
FFFC
FF04
FE12
FD25
FC3D
FB5B
FA80
F9AC
F8DF
F81A
F75C
F6A7
F5FA
F557
F4BC
F42B
F3A3
F326
F2B2
F249
F1EB
F197
F14D
F10F
F0DA
F0B1
F093
F07F
F076
F078
F084
F09B
F0BD
F0E9
F11F
F15F
F1AA
F1FE
F25C
F2C3
F334
F3AD
F430
F4BB
F54E
F5E9
F68C
F736
F7E7
F89F
F95E
FA21
FAEB
FBB9
FC8D
FD66
FE43
FF24
0008
00F0
01DA
02C7
03B6
04A6
0598
068A
077C
086F
0960
0A51
0B40
0C2D
0D18
0E00
0EE5
0FC7
10A4
117D
1251
131F
13E8
14AB
1567
161C
16CA
1770
180E
18A3
1930
19B3
1A2D
1A9D
1B03
1B5F
1BAF
1BF5
1C2F
1C5E
1C81
1C98
1CA3
1CA1
1C93
1C79
1C51
1C1D
1BDB
1B8D
1B31
1AC9
1A53
19D0
1940
18A3
17FA
1744
1682
15B3
14D8
13F1
12FF
1200
10F6
0FE2
0EC3
0D99
0C66
0B29
09E4
0896
073F
05E2
047D
0312
01A1
002B
FEB0
FD31
FBAF
FA2A
F8A3
F71A
F591
F407
F27E
F0F7
EF71
EDEE
EC6E
EAF3
E97C
E80B
E69F
E53B
E3DE
E28A
E13E
DFFC
DEC4
DD96
DC74
DB5E
DA54
D957
D867
D786
D6B2
D5ED
D538
D492
D3FB
D375
D2FF
D299
D245
D201
D1CE
D1AC
D19B
D19B
D1AC
D1CD
D200
D243
D297
D2FC
D370
D3F4
D487
D52A
D5DB
D69A
D767
D841
D927
DA1A
DB18
DC21
DD34
DE50
DF75
E0A2
E1D7
E312
E452
E598
E6E1
E82E
E97D
EACE
EC1F
ED71
EEC2
F012
F15E
F2A7
F3ED
F52D
F667
F79B
F8C7
F9EB
FB07
FC19
FD21
FE1E
FF10
FFF6
00CF
019C
025B
030B
03AE
0442
04C6
053B
05A1
05F7
063C
0672
0697
06AC
06B0
06A4
0688
065C
061F
05D3
0578
050D
0492
040A
0373
02CE
021C
015C
0091
FFB9
FED6
FDE9
FCF1
FBF0
FAE6
F9D4
F8BB
F79B
F675
F54A
F41B
F2E8
F1B3
F07B
EF42
EE09
ECD0
EB97
EA60
E92C
E7FC
E6D0
E5A9
E488
E36D
E259
E14D
E04A
DF4F
DE5F
DD78
DC9D
DBCC
DB07
DA4F
D9A3
D904
D872
D7EE
D778
D710
D6B6
D66B
D62F
D601
D5E2
D5D2
D5D1
D5DF
D5FB
D625
D65E
D6A5
D6FA
D75D
D7CE
D84C
D8D7
D96E
DA12
DAC1
DB7C
DC42
DD12
DDEC
DECF
DFBB
E0B0
E1AC
E2AF
E3B8
E4C8
E5DD
E6F6
E814
E935
EA59
EB7F
ECA7
EDCF
EEF8
F021
F149
F26F
F393
F4B4
F5D3
F6ED
F803
F915
FA21
FB27
FC27
FD21
FE14
FEFF
FFE2
00BE
0191
025B
031D
03D5
0484
0529
05C5
0657
06DF
075D
07D1
083B
089B
08F1
093C
097E
09B6
09E4
0A09
0A24
0A36
0A3E
0A3E
0A35
0A24
0A0A
09E9
09C0
0990
0959
091B
08D8
088E
083F
07EA
0791
0734
06D2
066D
0605
059A
052D
04BE
044D
03DB
0368
02F5
0282
020F
019E
012D
00BE
0051
FFE6
FF7D
FF18
FEB5
FE56
FDFB
FDA3
FD4F
FD00
FCB5
FC6F
FC2D
FBF1
FBB9
FB87
FB5A
FB32
FB10
FAF3
FADC
FACB
FABF
FAB8
FAB7
FABC
FAC6
FAD6
FAEB
FB06
FB27
FB4C
FB76
FBA6
FBDA
FC12
FC4F
FC90
FCD5
FD1D
FD69
FDB9
FE0B
FE60
FEB8
FF11
FF6D
FFCA
0029
0089
00E9
014B
01AC
020E
026F
02CF
032F
038E
03EB
0448
04A3
04FC
0552
05A6
05F7
0645
0690
06D8
071C
075C
0798
07D0
0804
0834
085F
0885
08A7
08C4
08DD
08F0
08FF
0908
090D
090D
0908
08FD
08EE
08DA
08C1
08A3
0881
085B
0830
0800
07CC
0794
0757
0717
06D2
068A
063F
05EF
059D
0548
04F0
0496
043A
03DB
037B
0319
02B6
0252
01ED
0188
0123
00BD
0058
FFF4
FF90
FF2D
FECC
FE6C
FE0E
FDB2
FD58
FD01
FCAC
FC5A
FC0B
FBBF
FB76
FB31
FAEF
FAB1
FA77
FA41
FA0E
F9E0
F9B7
F991
F970
F953
F93B
F927
F918
F90D
F907
F905
F908
F90F
F91A
F92A
F93D
F955
F971
F991
F9B5
F9DC
FA07
FA36
FA67
FA9C
FAD4
FB0F
FB4C
FB8B
FBCD
FC11
FC56
FC9E
FCE6
FD30
FD7B
FDC7
FE14
FE60
FEAE
FEFB
FF48
FF94
FFE1
002C
0077
00C1
0109
0150
0196
01DA
021C
025D
029B
02D8
0312
034A
037F
03B2
03E3
0412
043E
0467
048E
04B3
04D6
04F6
0514
0530
0549
0561
0577
058A
059D
05AD
05BC
05C9
05D5
05E0
05EA
05F2
05FA
0601
0608
060E
0613
0618
061C
0620
0624
0629
062D
0631
0636
063B
0640
0647
064D
0655
065D
0666
0670
067A
0685
0692
069F
06AC
06BB
06CA
06DA
06EA
06FA
070B
071C
072D
073E
074E
075E
076D
077B
0788
0793
079D
07A5
07AA
07AE
07AF
07AC
07A7
079F
0792
0782
076E
0755
0738
0716
06EF
06C2
0690
0658
061A
05D5
058B
053A
04E2
0483
041D
03B1
033D
02C3
0241
01B7
0127
008F
FFF0
FF4A
FE9C
FDE8
FD2D
FC6A
FBA2
FAD2
F9FD
F921
F840
F759
F66D
F57D
F487
F38E
F291
F190
F08C
EF86
EE7E
ED75
EC6A
EB5F
EA54
E94A
E840
E739
E633
E531
E432
E337
E240
E14E
E062
DF7C
DE9D
DDC6
DCF6
DC2E
DB70
DABB
DA0F
D96F
D8D9
D84E
D7CF
D75C
D6F5
D69B
D64F
D60F
D5DE
D5BA
D5A4
D59C
D5A2
D5B6
D5D9
D60A
D64A
D698
D6F4
D75E
D7D7
D85D
D8F1
D993
DA41
DAFD
DBC5
DC9A
DD7A
DE65
DF5C
E05D
E167
E27B
E398
E4BD
E5EA
E71E
E858
E997
EADC
EC25
ED71
EEC0
F010
F161
F2B3
F404
F554
F6A3
F7F0
F939
FA7F
FBC0
FCFC
FE32
FF62
008B
01AC
02C5
03D5
04DB
05D8
06CB
07B3
088F
0960
0A25
0ADE
0B8B
0C2A
0CBD
0D42
0DBA
0E25
0E82
0ED0
0F11
0F45
0F6B
0F84
0F8F
0F8E
0F80
0F65
0F3E
0F0B
0ECD
0E83
0E2F
0DD0
0D68
0CF6
0C7B
0BF8
0B6E
0ADC
0A43
09A5
0901
0858
07AC
06FB
0649
0593
04DD
0426
036E
02B7
0201
014C
009A
FFEB
FF40
FE99
FDF6
FD59
FCC2
FC31
FBA7
FB25
FAAA
FA38
F9CE
F96E
F916
F8C9
F885
F84C
F81D
F7F9
F7DF
F7D1
F7CD
F7D5
F7E8
F805
F82E
F862
F8A1
F8EA
F93D
F99B
FA03
FA75
FAF1
FB75
FC03
FC9A
FD39
FDDF
FE8E
FF43
0000
00C2
018B
0259
032B
0403
04DE
05BC
069D
0781
0867
094E
0A36
0B1E
0C06
0CEE
0DD4
0EB8
0F9A
107A
1156
122F
1303
13D3
149E
1564
1624
16DE
1792
183E
18E4
1982
1A18
1AA6
1B2C
1BAA
1C1E
1C8A
1CED
1D46
1D96
1DDD
1E19
1E4D
1E76
1E96
1EAC
1EB8
1EBA
1EB3
1EA1
1E87
1E64
1E37
1E01
1DC2
1D7A
1D29
1CCF
1C6C
1C02
1B8F
1B14
1A92
1A07
1976
18DD
183E
1798
16EB
1638
1580
14C1
13FE
1335
1267
1195
10BE
0FE4
0F06
0E24
0D3F
0C58
0B6E
0A83
0996
08A7
07B7
06C6
05D4
04E2
03F0
02FE
020D
011D
002E
FF40
FE55
FD6B
FC84
FBA0
FABE
F9E0
F906
F830
F75E
F690
F5C8
F505
F447
F38F
F2DE
F232
F18E
F0F1
F05C
EFCE
EF49
EECC
EE57
EDEC
ED8A
ED31
ECE2
EC9C
EC61
EC31
EC0B
EBEF
EBDF
EBDA
EBE0
EBF2
EC0F
EC38
EC6D
ECAD
ECFA
ED53
EDB7
EE28
EEA4
EF2D
EFC1
F062
F10E
F1C5
F289
F358
F433
F518
F607
F701
F805
F913
FA2A
FB4B
FC73
FDA4
FEDD
001D
0164
02B1
0405
055D
06BA
081C
0981
0AE9
0C53
0DC0
0F2D
109B
1208
1375
14E0
1649
17AF
1911
1A6F
1BC9
1D1C
1E69
1FAF
20ED
2223
234F
2472
258B
2699
279B
2892
297C
2A59
2B2A
2BEC
2CA1
2D47
2DDF
2E68
2EE1
2F4B
2FA6
2FF1
302C
3057
3073
307F
307B
3067
3043
3011
2FCF
2F7D
2F1E
2EAF
2E33
2DA9
2D12
2C6F
2BBF
2B03
2A3C
296B
2890
27AB
26BE
25C9
24CD
23CB
22C3
21B6
20A4
1F90
1E79
1D60
1C46
1B2D
1A13
18FC
17E6
16D4
15C5
14BB
13B6
12B7
11BF
10CF
0FE6
0F06
0E2F
0D62
0CA0
0BE8
0B3B
0A9A
0A05
097C
0900
0890
082E
07D8
0790
0755
0728
0707
06F4
06EE
06F5
0708
0728
0754
078C
07CF
081D
0875
08D7
0943
09B8
0A35
0AB9
0B45
0BD7
0C6F
0D0C
0DAD
0E52
0EF9
0FA2
104D
10F8
11A3
124C
12F4
1399
143A
14D7
1570
1602
168E
1713
178F
1804
186F
18D0
1927
1974
19B4
19E8
1A10
1A2C
1A3A
1A3A
1A2D
1A12
19E9
19B2
196C
1917
18B5
1843
17C4
1736
169A
15F1
153A
1476
13A4
12C7
11DD
10E8
0FE7
0EDC
0DC7
0CA8
0B80
0A51
0919
07DB
0696
054C
03FE
02AB
0156
FFFD
FEA3
FD49
FBEE
FA93
F93A
F7E3
F68E
F53E
F3F1
F2A9
F166
F029
EEF3
EDC5
EC9E
EB7F
EA69
E95C
E859
E760
E671
E58D
E4B4
E3E6
E324
E26D
E1C1
E121
E08D
E005
DF89
DF19
DEB4
DE5C
DE0F
DDCD
DD96
DD6B
DD4A
DD33
DD26
DD23
DD29
DD37
DD4E
DD6D
DD94
DDC2
DDF6
DE30
DE6F
DEB4
DEFD
DF4A
DF9B
DFEF
E046
E09E
E0F7
E150
E1AB
E206
E260
E2BB
E314
E36C
E3C3
E418
E46B
E4BC
E50B
E557
E5A0
E5E7
E62B
E66C
E6AA
E6E6
E71E
E755
E788
E7B9
E7E8
E815
E840
E86A
E892
E8B9
E8E0
E906
E92C
E953
E97A
E9A2
E9CC
E9F7
EA25
EA55
EA88
EABE
EAF8
EB37
EB7A
EBC1
EC0E
EC61
ECBA
ED18
ED7E
EDEA
EE5D
EED7
EF59
EFE3
F074
F10D
F1AE
F256
F307
F3C0
F480
F549
F61A
F6F3
F7D3
F8BA
F9A7
FA9C
FB96
FC95
FD9A
FEA4
FFB2
00C4
01D9
02F0
040A
0525
0641
075D
0878
0992
0AAA
0BC0
0CD2
0DE1
0EEA
0FEE
10EC
11E3
12D2
13B9
1498
156C
1637
16F7
17AB
1854
18F1
1980
1A03
1A78
1ADF
1B37
1B81
1BBC
1BE8
1C04
1C11
1C0F
1BFD
1BDB
1BAA
1B69
1B1A
1ABB
1A4E
19D2
1948
18B0
180B
175A
169C
15D3
14FF
1421
1337
1245
114B
1049
0F41
0E34
0D22
0C0C
0AF4
09D9
08BE
07A2
0687
056E
0457
0344
0235
012B
0028
FF2C
FE37
FD4B
FC69
FB90
FAC3
FA00
F94A
F8A1
F805
F777
F6F7
F685
F622
F5CE
F58A
F555
F531
F51C
F518
F523
F53F
F56B
F5A6
F5F0
F64A
F6B2
F729
F7AD
F83F
F8DE
F989
FA40
FB01
FBCD
FCA1
FD7F
FE64
FF50
0042
0139
0233
0332
0432
0533
0634
0734
0832
092D
0A25
0B18
0C05
0CEC
0DCB
0EA2
0F70
1034
10ED
119A
123C
12D0
1358
13D1
143C
1497
14E4
1521
154E
156B
1577
1573
155E
153A
1504
14BF
1469
1403
138E
1309
1275
11D4
1124
1068
0FA0
0ECC
0DED
0D04
0C12
0B17
0A15
090C
07FE
06EB
05D4
04BB
03A0
0285
016A
0051
FF3B
FE28
FD1A
FC12
FB11
FA18
F927
F841
F765
F695
F5D2
F51C
F474
F3DB
F352
F2DA
F272
F21B
F1D7
F1A5
F185
F179
F17F
F199
F1C7
F208
F25C
F2C3
F33E
F3CC
F46C
F51F
F5E3
F6B9
F79F
F895
F99B
FAB0
FBD2
FD02
FE3D
FF84
00D6
0231
0394
04FD
066D
07E2
095A
0AD5
0C50
0DCC
0F47
10C0
1235
13A5
150F
1673
17CE
1920
1A67
1BA3
1CD2
1DF4
1F07
200B
20FF
21E1
22B1
236F
2419
24B0
2531
259E
25F5
2636
2661
2674
2672
2658
2627
25DF
2580
250B
247F
23DD
2326
2259
2177
2080
1F76
1E5A
1D2A
1BE9
1A98
1937
17C6
1648
14BD
1326
1184
0FD8
0E24
0C68
0AA5
08DE
0712
0543
0372
01A0
FFCF
FDFF
FC32
FA69
F8A5
F6E7
F530
F381
F1DB
F03F
EEAF
ED2A
EBB2
EA47
E8EB
E79D
E660
E532
E416
E30A
E210
E129
E053
DF91
DEE1
DE44
DDBB
DD44
DCE1
DC91
DC53
DC28
DC10
DC09
DC15
DC31
DC5F
DC9D
DCEB
DD48
DDB4
DE2F
DEB7
DF4B
DFEC
E098
E14F
E210
E2D9
E3AC
E485
E566
E64C
E737
E827
E91B
EA11
EB09
EC02
ECFC
EDF6
EEEE
EFE5
F0DA
F1CD
F2BC
F3A7
F48E
F570
F64C
F723
F7F4
F8BF
F983
FA40
FAF5
FBA4
FC4B
FCEA
FD81
FE11
FE99
FF19
FF92
0004
006E
00D0
012C
0182
01D1
021A
025D
029A
02D2
0305
0334
0360
0387
03AC
03CE
03EE
040D
042A
0446
0461
047D
0498
04B5
04D2
04F1
0511
0534
0559
0580
05AA
05D7
0608
063C
0673
06AE
06EC
072F
0775
07BE
080C
085D
08B1
0909
0964
09C2
0A22
0A85
0AEA
0B52
0BBA
0C24
0C8F
0CFB
0D67
0DD2
0E3D
0EA6
0F0E
0F75
0FD8
1039
1097
10F0
1146
1197
11E2
1229
1269
12A3
12D6
1302
1326
1342
1357
1363
1366
1361
1352
133A
1319
12EE
12B9
127B
1234
11E2
1187
1123
10B5
103E
0FBE
0F35
0EA4
0E0A
0D69
0CC0
0C10
0B5A
0A9D
09DA
0913
0847
0776
06A2
05CB
04F2
0417
033B
025F
0184
00A9
FFD0
FEFA
FE27
FD57
FC8C
FBC6
FB05
FA4B
F998
F8EC
F849
F7AE
F71D
F695
F617
F5A4
F53C
F4DF
F48E
F44A
F412
F3E6
F3C7
F3B6
F3B2
F3BB
F3D1
F3F5
F426
F464
F4AF
F508
F56E
F5E0
F65F
F6EA
F781
F823
F8D1
F989
FA4C
FB18
FBEE
FCCD
FDB5
FEA3
FF9A
0096
0199
02A1
03AD
04BE
05D2
06E8
0801
091A
0A35
0B4F
0C68
0D80
0E96
0FA9
10B8
11C4
12CB
13CC
14C8
15BD
16AC
1793
1872
1949
1A17
1ADC
1B98
1C4A
1CF1
1D8E
1E21
1EA9
1F25
1F97
1FFE
2059
20A9
20ED
2126
2154
2177
218F
219C
219E
2196
2184
2168
2143
2114
20DD
209C
2054
2003
1FAB
1F4B
1EE5
1E78
1E05
1D8C
1D0E
1C8B
1C03
1B77
1AE8
1A55
19C0
1927
188D
17F1
1753
16B4
1615
1575
14D5
1435
1396
12F8
125A
11BE
1124
108B
0FF4
0F5F
0ECC
0E3C
0DAE
0D23
0C9A
0C14
0B91
0B11
0A94
0A19
09A1
092C
08BA
084A
07DD
0773
070B
06A5
0642
05E1
0582
0525
04CB
0472
041B
03C5
0370
031D
02CA
0279
0229
01DA
018B
013E
00F1
00A4
0059
000E
FFC4
FF7B
FF32
FEEA
FEA3
FE5D
FE18
FDD4
FD91
FD4F
FD0F
FCD0
FC93
FC57
FC1D
FBE5
FBB0
FB7D
FB4D
FB1F
FAF4
FACC
FAA6
FA84
FA65
FA4A
FA33
FA1F
FA0F
FA03
F9FB
F9F7
F9F8
F9FE
FA08
FA16
FA29
FA41
FA5E
FA7F
FAA5
FAD0
FAFF
FB33
FB6B
FBA8
FBE9
FC2F
FC79
FCC6
FD18
FD6C
FDC5
FE20
FE7E
FEDE
FF41
FFA6
000D
0074
00DD
0147
01B0
021A
0283
02EC
0353
03B9
041D
047F
04DE
053A
0592
05E7
0638
0684
06CB
070E
074B
0782
07B3
07DD
0802
081F
0836
0846
084F
0851
084B
083E
0829
080E
07EB
07C0
078E
0756
0716
06CF
0682
062F
05D5
0576
0511
04A6
0437
03C3
034C
02D0
0251
01D0
014C
00C6
003E
FFB5
FF2C
FEA4
FE1C
FD95
FD10
FC8D
FC0D
FB91
FB18
FAA4
FA35
F9CB
F967
F909
F8B1
F861
F818
F7D7
F79E
F76E
F746
F727
F711
F705
F702
F709
F719
F733
F757
F784
F7BC
F7FC
F847
F89A
F8F7
F95C
F9C9
FA3F
FABD
FB42
FBCE
FC60
FCF8
FD96
FE39
FEE0
FF8B
0039
00E9
019B
024F
0303
03B6
0469
051B
05C9
0675
071D
07C1
0860
08F9
098B
0A17
0A9B
0B17
0B8A
0BF3
0C52
0CA7
0CF1
0D2F
0D61
0D86
0D9F
0DAB
0DAA
0D9C
0D80
0D56
0D1F
0CD9
0C86
0C26
0BB7
0B3C
0AB3
0A1D
097B
08CC
0812
074C
067B
05A0
04BB
03CE
02D8
01DA
00D6
FFCB
FEBB
FDA5
FC8C
FB70
FA52
F932
F811
F6F1
F5D2
F4B6
F39C
F286
F175
F069
EF64
EE66
ED70
EC83
EBA0
EAC7
E9FA
E938
E883
E7DA
E740
E6B4
E636
E5C8
E569
E51A
E4DB
E4AD
E491
E485
E48A
E4A1
E4C8
E501
E54B
E5A6
E612
E68D
E719
E7B4
E85F
E918
E9E0
EAB5
EB96
EC85
ED7F
EE83
EF92
F0AA
F1CA
F2F2
F421
F555
F68E
F7C9
F907
FA47
FB88
FCC9
FE09
FF47
0082
01B9
02EC
0419
053F
065E
0774
0882
0986
0A7F
0B6D
0C4F
0D24
0DED
0EA7
0F54
0FF2
1081
1100
1170
11D0
1220
1260
128F
12AE
12BC
12BA
12A8
1286
1254
1213
11C2
1163
10F6
107B
0FF3
0F5F
0EBE
0E12
0D5B
0C9A
0BCF
0AFD
0A22
0941
085A
076D
067C
0587
0490
0397
029E
01A4
00AB
FFB4
FEC0
FDCF
FCE3
FBFD
FB1C
FA42
F96F
F8A5
F7E3
F72A
F67C
F5D7
F53E
F4B0
F42E
F3B8
F34E
F2F2
F2A2
F25F
F229
F201
F1E6
F1D8
F1D8
F1E4
F1FE
F224
F257
F296
F2E1
F337
F399
F405
F47B
F4FB
F585
F616
F6B0
F751
F7F8
F8A6
F958
FA0F
FACA
FB88
FC48
FD0A
FDCD
FE90
FF53
0014
00D4
0190
024A
0300
03B1
045D
0503
05A3
063C
06CD
0757
07D9
0852
08C2
0928
0985
09D8
0A21
0A5F
0A93
0ABD
0ADC
0AF1
0AFB
0AFB
0AF1
0ADC
0ABE
0A95
0A64
0A29
09E5
0998
0943
08E7
0883
0818
07A7
072F
06B2
0630
05AA
051F
0491
0401
036D
02D8
0242
01AB
0114
007D
FFE6
FF51
FEBE
FE2C
FD9D
FD11
FC88
FC03
FB82
FB05
FA8C
FA18
F9AA
F940
F8DB
F87C
F822
F7CD
F77E
F734
F6F0
F6B0
F676
F641
F610
F5E5
F5BD
F59A
F57A
F55E
F544
F52E
F51A
F508
F4F8
F4E8
F4DA
F4CC
F4BE
F4AF
F4A0
F48F
F47D
F468
F452
F438
F41B
F3FA
F3D6
F3AD
F37F
F34D
F316
F2DA
F298
F251
F204
F1B1
F158
F0F8
F092
F026
EFB4
EF3C
EEC0
EE3D
EDB6
ED2A
EC9A
EC05
EB6D
EAD2
EA34
E993
E8F1
E84E
E7AA
E706
E662
E5C0
E520
E482
E3E7
E351
E2BF
E233
E1AD
E12E
E0B6
E047
DFE1
DF83
DF2F
DEE6
DEA9
DE78
DE54
DE3E
DE35
DE3B
DE50
DE74
DEA8
DEEC
DF40
DFA5
E01B
E0A2
E13A
E1E4
E29E
E36A
E446
E534
E632
E741
E860
E98E
EACB
EC17
ED72
EEDA
F04E
F1CF
F35A
F4F0
F690
F838
F9E8
FB9F
FD5B
FF1D
00E2
02AA
0474
063E
0807
09CF
0B94
0D55
0F11
10C7
1275
141A
15B6
1747
18CD
1A45
1BB0
1D0B
1E57
1F91
20BA
21D1
22D4
23C1
249A
255D
2609
269F
271D
2784
27D2
2809
2826
282C
2818
27EC
27A7
2749
26D3
2646
25A0
24E3
2410
2326
2226
2112
1FEA
1EAE
1D5F
1BFF
1A8E
190D
177E
15E1
1437
1281
10C1
0EF9
0D28
0B51
0975
0795
05B2
03CE
01EB
0008
FE28
FC4C
FA74
F8A4
F6DA
F51A
F363
F1B7
F017
EE85
ED00
EB8B
EA25
E8D0
E78D
E65D
E53F
E435
E33F
E25E
E192
E0DD
E03E
DFB4
DF41
DEE5
DE9F
DE6F
DE56
DE53
DE66
DE8E
DECC
DF1E
DF84
DFFF
E08C
E12C
E1DE
E2A0
E373
E455
E546
E644
E74E
E864
E984
EAAE
EBE0
ED19
EE58
EF9D
F0E5
F231
F37E
F4CB
F618
F764
F8AC
F9F1
FB32
FC6C
FDA0
FECC
FFF0
010A
021B
0320
041A
0508
05E8
06BC
0781
0838
08E0
097A
0A03
0A7E
0AE8
0B43
0B8E
0BC9
0BF4
0C10
0C1C
0C18
0C05
0BE3
0BB3
0B75
0B2A
0AD2
0A6F
0A00
0986
0902
0874
07DF
0741
069D
05F2
0542
048E
03D7
031D
0262
01A6
00EA
0030
FF77
FEC1
FE10
FD63
FCBB
FC1A
FB80
FAEE
FA65
F9E6
F970
F905
F8A6
F852
F80B
F7D0
F7A2
F782
F770
F76C
F776
F78F
F7B6
F7EB
F830
F882
F8E4
F953
F9D1
FA5C
FAF5
FB9B
FC4E
FD0E
FDD9
FEB0
FF92
007E
0174
0273
037C
048D
05A5
06C4
07E9
0912
0A40
0B71
0CA5
0DDB
0F12
1049
117F
12B5
13E8
1519
1646
176F
1894
19B3
1ACB
1BDD
1CE8
1DEB
1EE5
1FD7
20BF
219E
2272
233D
23FC
24B1
255C
25FB
268F
2718
2796
2808
286E
28CA
291A
2960
299B
29CC
29F2
2A0F
2A23
2A2E
2A30
2A2A
2A1D
2A08
29ED
29CC
29A6
297B
294C
2919
28E3
28AB
2871
2835
27FA
27BE
2784
274B
2714
26DF
26AC
267D
2652
262B
2609
25EB
25D3
25C1
25B5
25B0
25B1
25B8
25C7
25DD
25FA
261E
2649
267C
26B5
26F6
273D
278B
27E0
283A
289B
2900
296B
29DA
2A4F
2AC8
2B43
2BC1
2C41
2CC3
2D45
2DC8
2E49
2ECA
2F49
2FC5
303D
30B2
3122
318C
31F0
324D
32A2
32EF
3333
336D
339D
33C2
33DC
33E9
33EA
33DD
33C3
339B
3364
331E
32C9
3264
31EF
316B
30D7
3033
2F7E
2EBA
2DE6
2D02
2C0E
2B0A
29F7
28D6
27A5
2666
251A
23C0
2259
20E6
1F67
1DDD
1C49
1AAB
1905
1757
15A1
13E6
1225
105F
0E96
0CCB
0AFD
092E
075F
0592
03C8
0201
003F
FE82
FCCC
FB1E
F979
F7DD
F64C
F4C6
F34E
F1E2
F085
EF37
EDF9
ECCB
EBAF
EAA6
E9AE
E8CB
E7FB
E73F
E698
E607
E58B
E524
E4D4
E49A
E476
E468
E470
E48F
E4C3
E50D
E56C
E5E1
E66A
E708
E7B9
E87E
E956
EA3F
EB3B
EC47
ED63
EE8E
EFC7
F10E
F261
F3BF
F528
F69B
F816
F998
FB20
FCAD
FE3E
FFD2
0168
02FE
0492
0625
07B5
0940
0AC6
0C45
0DBC
0F2A
108E
11E8
1335
1475
15A8
16CB
17DF
18E2
19D4
1AB4
1B81
1C3B
1CE1
1D72
1DEE
1E55
1EA7
1EE2
1F07
1F15
1F0D
1EEE
1EB9
1E6C
1E09
1D8F
1CFF
1C59
1B9E
1ACD
19E8
18EF
17E3
16C4
1592
1450
12FC
1199
1027
0EA6
0D19
0B7F
09DA
082B
0673
04B3
02EC
011E
FF4D
FD77
FB9F
F9C6
F7EC
F614
F43E
F26A
F09C
EED4
ED12
EB57
E9A5
E7FD
E660
E4CD
E348
E1CF
E065
DF0A
DDBE
DC83
DB58
DA40
D939
D845
D764
D696
D5DC
D536
D4A5
D427
D3BF
D36B
D32B
D300
D2E9
D2E7
D2F8
D31D
D357
D3A4
D404
D476
D4F9
D58D
D632
D6E7
D7AA
D87C
D95B
DA47
DB3E
DC41
DD4E
DE63
DF81
E0A6
E1D1
E301
E436
E56E
E6A7
E7E3
E91E
EA59
EB92
ECC8
EDFB
EF29
F052
F174
F28E
F3A1
F4AB
F5AB
F6A2
F78D
F86D
F942
FA0A
FAC4
FB72
FC11
FCA3
FD25
FD9A
FDFF
FE55
FE9B
FED3
FEFB
FF14
FF1E
FF19
FF05
FEE3
FEB3
FE75
FE29
FDD1
FD6C
FCFC
FC80
FBF7
FB65
FACA
FA25
F97A
F8C7
F80D
F74F
F68B
F5C4
F4FA
F42E
F361
F294
F1C7
F0FB
F032
EF6C
EEAA
EDED
ED36
EC85
EBDC
EB3B
EAA2
EA13
E98E
E914
E8A5
E842
E7EC
E7A3
E767
E739
E719
E707
E705
E712
E72F
E75B
E797
E7E2
E83D
E8A8
E922
E9AB
EA43
EAEA
EB9F
EC63
ED34
EE12
EEFD
EFF5
F0F8
F205
F31E
F440
F56B
F69E
F7D9
F91A
FA62
FBAE
FCFE
FE51
FFA7
00FF
0258
03B2
050B
0662
07B8
090A
0A59
0BA3
0CE8
0E27
0F5F
108F
11B8
12D7
13EE
14FA
15FB
16F2
17DD
18BD
1990
1A56
1B10
1BBC
1C5B
1CED
1D71
1DE7
1E4F
1EAA
1EF7
1F36
1F69
1F8E
1FA6
1FB2
1FB2
1FA7
1F8F
1F6D
1F41
1F0B
1ECB
1E83
1E32
1DDA
1D7B
1D16
1CAB
1C3B
1BC6
1B4E
1AD4
1A57
19D8
1959
18DA
185B
17DD
1761
16E9
1674
1602
1594
152B
14C8
1469
1411
13BF
1374
1331
12F4
12BF
1292
126D
1250
123B
122E
122A
122D
1238
124B
1266
1288
12B1
12E0
1316
1352
1393
13D9
1423
1471
14C2
1515
156A
15C1
1618
166E
16C4
1719
176A
17B9
1804
184A
188B
18C6
18FA
1927
194B
1966
1978
197F
197C
196D
1952
192A
18F5
18B3
1863
1805
1798
171C
1691
15F7
154B
1490
13C5
12EB
1201
1108
1000
0EE9
0DC4
0C91
0B50
0A01
08A7
0740
05CD
0450
02C8
0138
FF9F
FDFE
FC56
FAA9
F8F7
F741
F588
F3CD
F211
F055
EE9B
ECE4
EB30
E980
E7D7
E634
E49A
E308
E181
E005
DE94
DD31
DBDC
DA96
D960
D83A
D726
D624
D536
D45B
D394
D2E3
D246
D1C0
D150
D0F6
D0B3
D087
D073
D075
D08F
D0C0
D107
D166
D1DB
D267
D30A
D3C3
D490
D572
D667
D76F
D889
D9B4
DAF0
DC3B
DD95
DEFC
E070
E1F0
E37A
E50D
E6A8
E84A
E9F3
EB9F
ED50
EF02
F0B5
F269
F41B
F5CA
F775
F91C
FABC
FC56
FDE7
FF6E
00EC
025E
03C4
051D
0668
07A3
08CF
09EB
0AF6
0BF0
0CD7
0DAC
0E6E
0F1D
0FB9
1041
10B5
1116
1163
119C
11C2
11D5
11D4
11C2
119C
1166
111E
10C5
105C
0FE5
0F5E
0ECA
0E29
0D7C
0CC4
0C02
0B36
0A62
0987
08A5
07BE
06D3
05E4
04F4
0402
0311
0220
0132
0046
FF5F
FE7C
FD9F
FCC9
FBFB
FB35
FA79
F9C6
F91E
F882
F7F1
F76D
F6F6
F68D
F631
F5E5
F5A7
F577
F557
F545
F542
F54E
F568
F591
F5C9
F60E
F661
F6C2
F72F
F7A9
F82E
F8BF
F95A
F9FF
FAAE
FB64
FC23
FCE8
FDB3
FE83
FF58
002F
0109
01E5
02C1
039C
0476
054D
0621
06F1
07BB
0880
093E
09F4
0AA1
0B46
0BE0
0C70
0CF5
0D6E
0DDA
0E3A
0E8D
0ED2
0F0A
0F33
0F4E
0F5B
0F59
0F49
0F2A
0EFD
0EC2
0E79
0E22
0DBF
0D4E
0CD2
0C49
0BB5
0B16
0A6D
09BB
0901
0840
0777
06AA
05D7
0501
0427
034C
0270
0194
00B9
FFE1
FF0B
FE3A
FD6E
FCA8
FBE9
FB33
FA85
F9E2
F949
F8BD
F83D
F7CA
F766
F710
F6CA
F694
F66E
F65A
F658
F668
F68A
F6BE
F705
F75F
F7CB
F84A
F8DC
F980
FA35
FAFD
FBD6
FCC0
FDBA
FEC3
FFDC
0103
0237
0378
04C4
061B
077C
08E6
0A57
0BCE
0D4B
0ECC
1050
11D5
135B
14DF
1662
17E1
195C
1AD1
1C3F
1DA4
1F00
2050
2195
22CD
23F6
2510
261A
2712
27F8
28CB
298A
2A34
2AC9
2B47
2BAF
2BFF
2C38
2C59
2C62
2C52
2C2A
2BE9
2B8F
2B1D
2A92
29EE
2933
2861
2778
2679
2564
243B
22FD
21AD
2049
1ED5
1D50
1BBC
1A1A
186B
16AF
14EA
131B
1143
0F66
0D82
0B9B
09B1
07C6
05DB
03F1
020A
0028
FE4A
FC74
FAA6
F8E1
F728
F579
F3D8
F245
F0C0
EF4C
EDE8
EC97
EB57
EA2C
E914
E810
E722
E64A
E588
E4DC
E446
E3C8
E360
E30F
E2D5
E2B2
E2A5
E2AE
E2CD
E301
E34B
E3A8
E419
E49D
E533
E5DC
E695
E75E
E835
E919
EA09
EB05
EC0B
ED1A
EE31
EF4E
F071
F198
F2C2
F3EE
F51A
F646
F770
F898
F9BB
FAD9
FBF1
FD01
FE09
FF08
FFFD
00E6
01C4
0295
0359
040E
04B5
054D
05D5
064D
06B4
070B
0751
0786
07A9
07BC
07BD
07AE
078E
075D
071C
06CC
066C
05FE
0581
04F8
0461
03BE
0310
0258
0196
00CB
FFF9
FF20
FE42
FD5F
FC78
FB8F
FAA4
F9B9
F8CE
F7E6
F700
F61E
F541
F46A
F39A
F2D2
F213
F15E
F0B3
F014
EF80
EEFA
EE81
EE16
EDBA
ED6D
ED30
ED03
ECE6
ECD9
ECDE
ECF3
ED18
ED4F
ED96
EDEE
EE57
EECF
EF57
EFEF
F095
F14A
F20C
F2DC
F3B7
F49F
F591
F68C
F791
F89E
F9B2
FACD
FBEC
FD0F
FE36
FF5E
0087
01B1
02D8
03FE
051F
063D
0754
0865
096E
0A6E
0B64
0C50
0D30
0E04
0ECA
0F82
102B
10C5
114E
11C6
122D
1283
12C6
12F6
1314
131E
1315
12F9
12C9
1286
122F
11C6
114A
10BB
101A
0F67
0EA3
0DCE
0CE9
0BF5
0AF2
09E1
08C4
0799
0664
0524
03DB
028A
0131
FFD2
FE6E
FD07
FB9C
FA2F
F8C2
F755
F5EA
F482
F31D
F1BE
F064
EF12
EDC7
EC86
EB4E
EA21
E901
E7EC
E6E6
E5ED
E503
E429
E35F
E2A6
E1FE
E167
E0E2
E070
E010
DFC2
DF87
DF60
DF4A
DF48
DF58
DF7B
DFB0
DFF7
E04F
E0B8
E133
E1BD
E257
E300
E3B7
E47C
E54E
E62D
E716
E80A
E909
EA0F
EB1E
EC34
ED51
EE72
EF98
F0C1
F1EC
F319
F446
F572
F69C
F7C4
F8E9
FA0A
FB26
FC3C
FD4C
FE55
FF56
004F
013F
0225
0300
03D1
0497
0551
0600
06A2
0737
07C0
083D
08AC
090E
0963
09AB
09E7
0A16
0A38
0A4E
0A57
0A56
0A47
0A2E
0A0A
09DD
09A5
0965
091D
08CD
0875
0817
07B2
0749
06DA
0667
05F1
0578
04FC
047F
0401
0382
0304
0286
020A
0190
0118
00A3
0031
FFC4
FF5A
FEF6
FE96
FE3C
FDE8
FD99
FD52
FD10
FCD5
FCA1
FC74
FC4D
FC2D
FC15
FC03
FBF8
FBF3
FBF5
FBFD
FC0C
FC20
FC39
FC58
FC7C
FCA5
FCD1
FD02
FD36
FD6D
FDA6
FDE2
FE1F
FE5E
FE9D
FEDC
FF1C
FF5B
FF99
FFD6
0011
0049
007E
00AF
00DD
0107
012C
014C
0168
017E
018E
0199
019D
019C
0194
0186
0171
0156
0134
010D
00DE
00AA
006F
002F
FFE8
FF9D
FF4C
FEF6
FE9B
FE3D
FDDB
FD75
FD0C
FCA1
FC33
FBC3
FB52
FAE0
FA6D
F9FA
F987
F915
F8A4
F835
F7C9
F75E
F6F7
F693
F633
F5D7
F580
F52E
F4E1
F499
F458
F41C
F3E7
F3B9
F391
F370
F356
F344
F33A
F337
F33B
F346
F358
F372
F392
F3B9
F3E7
F41B
F455
F494
F4D9
F524
F572
F5C6
F61D
F677
F6D5
F735
F797
F7FB
F860
F8C5
F92B
F990
F9F4
FA56
FAB7
FB15
FB70
FBC8
FC1C
FC6C
FCB6
FCFC
FD3B
FD75
FDA8
FDD4
FDF9
FE16
FE2C
FE3A
FE40
FE3F
FE34
FE22
FE07
FDE4
FDB9
FD85
FD4A
FD07
FCBC
FC6A
FC11
FBB1
FB4B
FADE
FA6C
F9F5
F97A
F8FA
F877
F7F1
F769
F6DF
F654
F5C8
F53C
F4B2
F428
F3A1
F31C
F29A
F21D
F1A4
F130
F0C3
F05B
EFFB
EFA3
EF53
EF0B
EECD
EE98
EE6E
EE4E
EE39
EE2F
EE31
EE3F
EE59
EE80
EEB3
EEF3
EF40
EF99
EFFF
F072
F0F1
F17D
F215
F2B8
F367
F422
F4E7
F5B7
F690
F773
F85F
F953
FA4F
FB52
FC5B
FD6A
FE7E
FF96
00B1
01CF
02EF
0410
0531
0652
0771
088E
09A8
0ABF
0BD1
0CDD
0DE3
0EE2
0FD9
10C7
11AC
1287
1358
141D
14D6
1584
1624
16B8
173E
17B6
181F
187B
18C7
1905
1934
1954
1965
1966
1959
193E
1913
18DB
1894
1840
17DE
1770
16F6
166F
15DD
1540
1498
13E7
132D
126A
119F
10CE
0FF6
0F19
0E38
0D52
0C69
0B7E
0A91
09A4
08B7
07CA
06DF
05F7
0511
042F
0352
027A
01A7
00DB
0016
FF59
FEA3
FDF6
FD51
FCB6
FC25
FB9E
FB21
FAAE
FA46
F9E9
F997
F950
F914
F8E3
F8BC
F8A0
F88E
F887
F889
F895
F8AA
F8C8
F8EE
F91C
F951
F98C
F9CE
FA16
FA62
FAB2
FB06
FB5D
FBB5
FC0F
FC69
FCC3
FD1C
FD73
FDC9
FE1B
FE6A
FEB5
FEFB
FF3B
FF75
FFA9
FFD5
FFF9
0015
0029
0033
0034
002A
0017
FFF9
FFD1
FF9D
FF5F
FF16
FEC1
FE62
FDF8
FD82
FD02
FC77
FBE2
FB43
FA9A
F9E7
F92C
F868
F79C
F6C9
F5EF
F50E
F428
F33D
F24D
F159
F063
EF6A
EE70
ED75
EC79
EB7F
EA86
E98F
E89C
E7AC
E6C0
E5DA
E4FA
E420
E34E
E284
E1C3
E10B
E05C
DFB8
DF1F
DE92
DE10
DD9A
DD30
DCD4
DC84
DC42
DC0E
DBE7
DBCD
DBC1
DBC3
DBD3
DBF0
DC1A
DC51
DC95
DCE6
DD43
DDAB
DE1F
DE9D
DF26
DFB9
E055
E0F9
E1A5
E259
E312
E3D0
E493
E55B
E626
E6F3
E7C3
E894
E964
EA35
EB04
EBD2
EC9C
ED64
EE27
EEE6
EF9F
F052
F0FE
F1A3
F241
F2D6
F362
F3E6
F45F
F4CF
F534
F58F
F5DF
F625
F65F
F68E
F6B0
F6C8
F6D4
F6D5
F6CA
F6B5
F695
F66B
F636
F5F8
F5B0
F560
F506
F4A5
F43C
F3CC
F356
F2DA
F258
F1D2
F148
F0BB
F02C
EF9A
EF08
EE75
EDE2
ED50
ECBF
EC31
EBA6
EB1F
EA9C
EA1F
E9A6
E934
E8C9
E864
E807
E7B2
E766
E722
E6E8
E6B7
E68F
E672
E65E
E655
E656
E661
E677
E697
E6C1
E6F5
E732
E77A
E7CA
E824
E886
E8F1
E964
E9DE
EA5F
EAE7
EB75
EC08
ECA0
ED3D
EDDD
EE80
EF25
EFCD
F075
F11E
F1C6
F26E
F315
F3B9
F45B
F4F9
F594
F62B
F6BC
F748
F7CF
F84F
F8C9
F93B
F9A6
FA0A
FA65
FAB8
FB03
FB46
FB80
FBB1
FBD8
FBF7
FC0E
FC1C
FC21
FC1F
FC15
FC03
FBE9
FBC9
FBA3
FB76
FB44
FB0D
FAD1
FA91
FA4E
FA09
F9C1
F978
F92E
F8E4
F89A
F852
F80C
F7C9
F78A
F74E
F718
F6E7
F6BC
F698
F67C
F667
F65B
F659
F660
F672
F68E
F6B6
F6EA
F729
F774
F7CC
F831
F8A2
F920
F9AA
FA42
FAE6
FB96
FC53
FD1C
FDF0
FED0
FFBB
00B0
01B0
02B8
03CA
04E4
0605
072D
085A
098D
0AC3
0BFD
0D39
0E77
0FB6
10F4
1231
136C
14A4
15D7
1706
182E
1950
1A69
1B7A
1C81
1D7E
1E6F
1F53
202B
20F5
21B0
225C
22F9
2385
2400
246A
24C2
2508
253C
255E
256B
2566
254E
2522
24E4
2493
2430
23BB
2334
229B
21F2
2139
206F
1F97
1EB1
1DBD
1CBD
1BB1
1A9A
197A
1850
1720
15E8
14AC
136B
1227
10E1
0F9A
0E54
0D10
0BCF
0A93
095C
082B
0703
05E4
04CF
03C5
02C7
01D7
00F6
0023
FF61
FEB0
FE11
FD85
FD0C
FCA7
FC56
FC1A
FBF3
FBE2
FBE7
FC01
FC32
FC79
FCD6
FD49
FDD2
FE70
FF23
FFEB
00C6
01B5
02B8
03CD
04F3
062A
0770
08C4
0A26
0B94
0D0D
0E90
101C
11AF
1349
14E7
1689
182E
19D3
1B77
1D1A
1EBA
2055
21EA
2377
24FC
2677
27E6
2949
2A9E
2BE5
2D1B
2E40
2F52
3052
313E
3214
32D5
337F
3412
348D
34F0
353A
356B
3583
3581
3565
3530
34E2
347A
33F9
335F
32AD
31E4
3102
300B
2EFD
2DDA
2CA2
2B57
29FA
288C
270D
257E
23E2
2239
2086
1EC9
1D02
1B34
1960
1787
15AB
13CD
11EE
1010
0E34
0C5B
0A87
08B9
06F3
0536
0382
01D9
003D
FEAD
FD2D
FBBB
FA59
F909
F7CB
F69F
F586
F482
F391
F2B6
F1F0
F13F
F0A7
F024
EFB7
EF61
EF20
EEF6
EEE1
EEE1
EEF6
EF1F
EF5D
EFAE
F012
F087
F10E
F1A6
F24D
F302
F3C6
F496
F572
F658
F748
F841
F940
FA46
FB51
FC60
FD72
FE85
FF98
00AB
01BC
02CA
03D5
04DA
05D9
06D1
07C0
08A7
0984
0A57
0B1E
0BDA
0C88
0D2A
0DBE
0E45
0EBC
0F26
0F80
0FCB
1007
1035
1053
1062
1062
1054
1038
100D
0FD6
0F92
0F41
0EE5
0E7D
0E0B
0D8F
0D0A
0C7E
0BEA
0B50
0AB1
0A0D
0966
08BC
0812
0766
06BC
0612
056C
04C9
042B
0392
02FF
0274
01F2
0178
0108
00A3
0049
FFFC
FFBB
FF87
FF61
FF4A
FF41
FF47
FF5D
FF83
FFB8
FFFC
0051
00B5
0129
01AC
023E
02DF
038E
044C
0517
05EF
06D3
07C3
08BD
09C2
0AD0
0BE6
0D04
0E28
0F52
1080
11B1
12E5
141A
1550
1684
17B6
18E4
1A0E
1B32
1C50
1D66
1E73
1F76
206F
215B
223B
230D
23D0
2484
2528
25BB
263C
26AB
2708
2751
2787
27A9
27B6
27AF
2794
2764
2720
26C7
2659
25D8
2542
2499
23DE
230F
222E
213B
2037
1F24
1E01
1CD1
1B94
1A4A
18F6
1797
162F
14C0
1349
11CE
104E
0ECA
0D45
0BC0
0A3B
08B7
0737
05BB
0445
02D5
016D
000F
FEBA
FD70
FC32
FB02
F9DF
F8CC
F7C8
F6D4
F5F1
F521
F463
F3B8
F320
F29C
F22D
F1D1
F18B
F158
F13B
F131
F13D
F15C
F18F
F1D6
F22F
F29B
F319
F3A8
F447
F4F6
F5B4
F67F
F758
F83D
F92C
FA25
FB27
FC30
FD3E
FE52
FF69
0083
019E
02B9
03D2
04E8
05FB
0708
080E
090D
0A03
0AEE
0BCF
0CA3
0D69
0E21
0EC9
0F61
0FE7
105B
10BD
110B
1145
116A
117B
1175
115A
1129
10E1
1083
100D
0F81
0EDE
0E26
0D59
0C76
0B7E
0A73
0954
0822
06DE
0588
0422
02AD
0129
FF98
FDFA
FC51
FA9D
F8E1
F71D
F553
F384
F1B1
EFDB
EE04
EC2E
EA59
E887
E6BA
E4F2
E332
E178
DFC8
DE23
DC8B
DAFF
D983
D816
D6BA
D570
D438
D314
D205
D10B
D027
CF59
CEA3
CE05
CD7E
CD10
CCBB
CC7F
CC5C
CC52
CC61
CC8A
CCCB
CD24
CD96
CE1F
CEC0
CF78
D046
D129
D222
D32E
D44D
D57E
D6C1
D814
D976
DAE6
DC63
DDEC
DF7F
E11D
E2C2
E46F
E621
E7D8
E992
EB4F
ED0C
EEC9
F085
F23E
F3F3
F5A2
F74C
F8EE
FA89
FC19
FDA0
FF1B
008A
01EC
0340
0486
05BD
06E4
07FB
0900
09F5
0AD8
0BA9
0C69
0D15
0DB0
0E38
0EAD
0F10
0F61
0FA0
0FCE
0FE9
0FF4
0FEE
0FD8
0FB2
0F7E
0F3A
0EEA
0E8C
0E21
0DAB
0D2B
0CA0
0C0C
0B70
0ACD
0A23
0973
08C0
0808
074E
0692
05D6
0519
045D
03A3
02EC
0238
0189
00DF
003A
FF9C
FF04
FE75
FDEE
FD70
FCFB
FC91
FC30
FBDA
FB8F
FB50
FB1B
FAF3
FAD6
FAC4
FABE
FAC3
FAD5
FAF2
FB1A
FB4E
FB8C
FBD5
FC29
FC87
FCEE
FD5F
FDD9
FE5A
FEE4
FF75
000C
00AA
014D
01F5
02A2
0352
0405
04BB
0572
062A
06E3
079B
0853
0909
09BD
0A6D
0B1A
0BC2
0C67
0D06
0DA1
0E35
0EC3
0F4A
0FCB
1044
10B5
111E
117F
11D8
1228
126F
12AD
12E3
1310
1333
134E
1361
136A
136B
1364
1355
133E
131F
12F9
12CD
1299
1260
1220
11DC
1192
1145
10F3
109F
1047
0FED
0F91
0F34
0ED6
0E78
0E1A
0DBC
0D5F
0D04
0CAA
0C53
0BFF
0BAE
0B60
0B16
0AD0
0A8F
0A53
0A1C
09EA
09BD
0997
0976
095B
0947
0939
0932
0930
0935
0940
0952
096A
0987
09AB
09D4
0A02
0A36
0A70
0AAD
0AF0
0B37
0B82
0BD0
0C22
0C77
0CCE
0D28
0D83
0DE1
0E3F
0E9E
0EFD
0F5C
0FBB
1019
1076
10D1
112B
1181
11D6
1227
1275
12C0
1306
1349
1387
13C1
13F6
1426
1450
1476
1497
14B2
14C7
14D7
14E1
14E6
14E6
14E0
14D5
14C4
14AE
1493
1474
144F
1427
13FA
13C9
1393
1359
131D
12DD
129B
1256
120F
11C6
117C
1130
10E3
1096
1048
0FFB
0FAD
0F60
0F14
0EC9
0E7F
0E37
0DF0
0DAB
0D69
0D29
0CEB
0CB0
0C78
0C42
0C10
0BE1
0BB4
0B8B
0B65
0B42
0B22
0B05
0AEB
0AD4
0AC0
0AAE
0A9F
0A92
0A88
0A7F
0A79
0A74
0A72
0A70
0A70
0A71
0A72
0A74
0A77
0A79
0A7C
0A7E
0A80
0A80
0A80
0A7F
0A7C
0A77
0A70
0A68
0A5D
0A4F
0A3F
0A2B
0A15
09FB
09DF
09BE
099B
0974
0949
091C
08EB
08B7
087F
0845
0808
07C8
0786
0741
06FB
06B2
0668
061D
05D1
0584
0537
04EA
049D
0451
0406
03BC
0374
032F
02EC
02AC
0270
0237
0203
01D2
01A7
0181
0161
0147
0132
0125
011E
011E
0126
0135
014B
016A
0191
01C0
01F7
0236
027E
02CF
0327
0389
03F2
0464
04DD
055F
05E9
067A
0712
07B2
0858
0905
09B8
0A70
0B2D
0BEF
0CB5
0D7F
0E4D
0F1C
0FEE
10C2
1196
126A
133F
1412
14E3
15B2
167F
1747
180C
18CB
1985
1A39
1AE6
1B8B
1C29
1CBE
1D49
1DCB
1E42
1EAF
1F10
1F65
1FAF
1FEC
201C
203F
2055
205D
2058
2044
2022
1FF3
1FB5
1F69
1F0F
1EA6
1E30
1DAD
1D1C
1C7D
1BD2
1B1A
1A56
1986
18AB
17C5
16D4
15DA
14D6
13C8
12B3
1196
1073
0F49
0E1B
0CE7
0BB0
0A75
0938
07FA
06BA
057B
043C
02FF
01C4
008C
FF58
FE29
FCFF
FBDB
FABD
F9A7
F899
F793
F697
F5A5
F4BD
F3E0
F30E
F248
F18F
F0E2
F043
EFB1
EF2C
EEB6
EE4D
EDF3
EDA7
ED69
ED39
ED17
ED04
ECFE
ED07
ED1C
ED40
ED70
EDAD
EDF6
EE4B
EEAB
EF17
EF8D
F00E
F097
F12A
F1C5
F268
F313
F3C3
F47A
F537
F5F8
F6BD
F786
F852
F920
F9EF
FAC0
FB90
FC60
FD30
FDFD
FEC9
FF92
0058
011A
01D8
0291
0345
03F4
049D
0540
05DC
0672
0700
0788
0808
0881
08F3
095D
09BF
0A1A
0A6C
0AB6
0AF9
0B35
0B6B
0B99
0BC1
0BE3
0BFF
0C15
0C27
0C33
0C3C
0C40
0C41
0C3F
0C3B
0C34
0C2C
0C23
0C1A
0C10
0C07
0BFF
0BF9
0BF5
0BF3
0BF5
0BFA
0C03
0C10
0C22
0C38
0C54
0C76
0C9D
0CCC
0D01
0D3D
0D80
0DCB
0E1D
0E77
0ED8
0F41
0FB1
1029
10A8
112F
11BD
1251
12ED
138E
1436
14E3
1595
164D
1708
17C8
188B
1950
1A18
1AE2
1BAC
1C77
1D42
1E0B
1ED3
1F99
205C
211B
21D6
228C
233C
23E5
2488
2522
25B4
263D
26BC
2730
279A
27F7
2849
288E
28C5
28EF
290B
2918
2917
2906
28E6
28B6
2877
2827
27C8
2757
26D7
2646
25A5
24F5
2435
2366
2288
219B
209F
1F96
1E80
1D5D
1C2E
1AF3
19AD
185D
1704
15A1
1437
12C6
114F
0FD2
0E51
0CCD
0B46
09BE
0834
06AC
0525
03A0
021E
00A1
FF28
FDB6
FC4C
FAE9
F990
F841
F6FC
F5C4
F498
F37A
F269
F168
F077
EF95
EEC5
EE06
ED59
ECBE
EC36
EBC1
EB60
EB12
EAD9
EAB3
EAA2
EAA4
EABB
EAE6
EB24
EB76
EBDC
EC55
ECE1
ED7F
EE2F
EEF0
EFC2
F0A4
F195
F294
F3A1
F4BB
F5E1
F712
F84D
F992
FADE
FC31
FD8B
FEE9
004B
01AF
0315
047C
05E1
0745
08A6
0A02
0B59
0CAA
0DF3
0F34
106B
1196
12B6
13CA
14D0
15C8
16B0
1788
1850
1906
19AA
1A3C
1ABA
1B24
1B7A
1BBB
1BE7
1BFE
1BFF
1BEB
1BC1
1B82
1B2C
1AC1
1A41
19AB
1901
1842
176F
1688
158F
1482
1364
1233
10F1
0F9F
0E3F
0CD1
0B55
09CE
083C
06A0
04FB
034F
019C
FFE3
FE27
FC67
FAA6
F8E4
F724
F564
F3A9
F1F1
F03F
EE94
ECF1
EB56
E9C6
E842
E6CA
E55F
E402
E2B5
E178
E04C
DF31
DE29
DD34
DC53
DB87
DAD0
DA2F
D9A4
D92F
D8D2
D88B
D85C
D845
D845
D85C
D88B
D8D2
D930
D9A4
DA30
DAD2
DB89
DC56
DD38
DE2E
DF38
E054
E183
E2C2
E413
E572
E6E1
E85D
E9E6
EB7A
ED18
EEC0
F070
F227
F3E4
F5A5
F76B
F932
FAFB
FCC4
FE8B
0050
0212
03CF
0587
0738
08E0
0A80
0C16
0DA1
0F20
1093
11F7
134E
1495
15CC
16F3
1809
190D
19FF
1ADE
1BAA
1C63
1D09
1D9A
1E18
1E82
1ED8
1F19
1F47
1F61
1F67
1F5A
1F3A
1F08
1EC3
1E6D
1E06
1D8E
1D06
1C6F
1BCA
1B16
1A56
198A
18B2
17D1
16E5
15F2
14F6
13F5
12EE
11E3
10D4
0FC3
0EB1
0D9E
0C8C
0B7C
0A6E
0963
085D
075D
0663
0570
0485
03A2
02CA
01FB
0138
0080
FFD4
FF35
FEA4
FE20
FDAA
FD42
FCE9
FCA0
FC65
FC39
FC1D
FC11
FC13
FC25
FC47
FC77
FCB6
FD03
FD5F
FDC8
FE3E
FEC1
FF50
FFEA
008F
013E
01F6
02B7
0380
044F
0525
05FF
06DE
07C0
08A5
098B
0A71
0B57
0C3B
0D1D
0DFB
0ED6
0FAA
1078
113F
11FE
12B4
1360
1403
149A
1525
15A4
1616
1679
16CF
1716
174D
1774
178C
1793
1789
176E
1743
1706
16B8
1658
15E8
1567
14D5
1433
1380
12BE
11EC
110C
101D
0F20
0E16
0D00
0BDE
0AB1
097A
083A
06F2
05A3
044D
02F2
0193
0030
FECC
FD66
FC00
FA9B
F939
F7DA
F680
F52B
F3DC
F296
F158
F024
EEFB
EDDE
ECCE
EBCC
EAD8
E9F4
E921
E85F
E7AF
E711
E687
E611
E5AF
E562
E52A
E508
E4FC
E506
E527
E55E
E5AC
E611
E68D
E71E
E7C7
E885
E959
EA43
EB42
EC55
ED7C
EEB7
F005
F164
F2D5
F456
F5E7
F787
F934
FAED
FCB2
FE82
005B
023D
0426
0616
080B
0A04
0C00
0DFD
0FFB
11F9
13F4
15EC
17E1
19D0
1BB8
1D99
1F71
213F
2303
24BB
2666
2804
2993
2B12
2C82
2DE1
2F2E
3069
3191
32A5
33A5
3490
3567
362A
36D6
376E
37F0
385C
38B2
38F3
391D
3933
3933
391E
38F4
38B5
3863
37FD
3783
36F7
3659
35A9
34E9
3418
3337
3248
314B
3041
2F2A
2E08
2CDB
2BA6
2A68
2922
27D5
2681
2528
23CB
2269
2105
1F9F
1E37
1CCF
1B68
1A02
189E
173C
15DE
1484
132E
11DE
1094
0F50
0E13
0CDD
0BAF
0A8A
096C
0858
074C
064A
0551
0461
037C
02A1
01D0
0108
0049
FF94
FEE9
FE46
FDAC
FD1B
FC93
FC12
FB9A
FB29
FABF
FA5C
F9FF
F9A8
F957
F90B
F8C3
F880
F840
F804
F7CB
F794
F760
F72C
F6FA
F6C9
F697
F666
F632
F5FE
F5C9
F592
F559
F51E
F4E0
F4A0
F45D
F417
F3CE
F381
F332
F2DE
F287
F22D
F1CF
F16E
F109
F0A1
F036
EFC9
EF58
EEE5
EE70
EDF8
ED7F
ED05
EC89
EC0D
EB91
EB14
EA98
EA1C
E9A2
E929
E8B3
E83F
E7CE
E761
E6F8
E693
E633
E5D8
E583
E534
E4EB
E4A9
E46E
E43A
E40F
E3EB
E3CF
E3BC
E3B2
E3B0
E3B8
E3C9
E3E3
E407
E434
E46A
E4AA
E4F4
E547
E5A4
E60B
E67A
E6F2
E773
E7FC
E88E
E927
E9C7
EA6F
EB1E
EBD3
EC8E
ED4F
EE15
EEDF
EFAE
F080
F156
F22E
F308
F3E5
F4C2
F5A0
F67E
F75C
F839
F915
F9EE
FAC6
FB9B
FC6C
FD39
FE03
FEC8
FF88
0044
00F9
01A9
0253
02F7
0394
042B
04BA
0543
05C4
063E
06B1
071D
0781
07DF
0835
0884
08CC
090D
0948
097D
09AB
09D3
09F6
0A14
0A2D
0A41
0A50
0A5A
0A62
0A66
0A68
0A67
0A65
0A61
0A5C
0A57
0A52
0A4D
0A49
0A46
0A44
0A45
0A48
0A4D
0A56
0A62
0A72
0A86
0A9D
0ABA
0ADB
0B00
0B2B
0B5B
0B8F
0BC9
0C09
0C4D
0C97
0CE5
0D39
0D91
0DED
0E4E
0EB3
0F1C
0F88
0FF8
106A
10DE
1155
11CD
1246
12C0
133A
13B3
142C
14A3
1518
158A
15FA
1666
16CD
1730
178D
17E4
1834
187E
18BF
18F9
192B
1953
1972
1986
1990
198F
1983
196B
1947
1916
18D9
188F
1838
17D3
1762
16E3
1657
15BD
1516
1462
13A1
12D4
11F9
1113
1021
0F23
0E1A
0D06
0BE9
0AC2
0991
0859
0719
05D1
0484
0332
01DB
0080
FF23
FDC3
FC62
FB01
F9A0
F841
F6E4
F58B
F435
F2E4
F199
F055
EF18
EDE4
ECB9
EB98
EA82
E977
E879
E787
E6A3
E5CE
E508
E451
E3AA
E313
E28D
E218
E1B4
E163
E124
E0F8
E0DF
E0D9
E0E6
E105
E137
E17D
E1D5
E23F
E2BB
E349
E3E9
E499
E55A
E62B
E70B
E7FA
E8F8
EA02
EB1A
EC3D
ED6B
EEA4
EFE6
F130
F282
F3DB
F539
F69C
F803
F96C
FAD7
FC43
FDAE
FF18
007F
01E3
0343
049E
05F2
073F
0884
09C0
0AF2
0C19
0D35
0E45
0F47
103C
1122
11FA
12C2
137A
1422
14B9
153E
15B2
1614
1665
16A4
16D2
16ED
16F6
16EC
16D1
16A3
1664
1614
15B2
153F
14BC
1428
1385
12D3
1213
1144
1069
0F80
0E8C
0D8C
0C82
0B6E
0A51
092C
0800
06CD
0595
0458
0317
01D4
008E
FF48
FE02
FCBD
FB79
FA37
F8F9
F7BE
F689
F559
F42F
F30D
F1F2
F0E0
EFD7
EED9
EDE4
ECFB
EC1D
EB4C
EA87
E9CF
E925
E889
E7FA
E77A
E708
E6A6
E652
E60D
E5D8
E5B1
E59A
E591
E597
E5AC
E5CF
E601
E640
E68E
E6E9
E751
E7C6
E848
E8D6
E970
EA15
EAC5
EB7F
EC43
ED11
EDE8
EEC7
EFAD
F09C
F190
F28B
F38C
F491
F59B
F6A9
F7BA
F8CE
F9E4
FAFB
FC13
FD2B
FE42
FF59
006F
0183
0294
03A2
04AD
05B4
06B7
07B5
08AD
09A0
0A8D
0B73
0C53
0D2B
0DFB
0EC4
0F85
103D
10EC
1193
1230
12C4
134E
13CE
1445
14B1
1513
156B
15BA
15FF
1639
1668
168D
16A8
16B8
16BD
16B8
16A9
168F
166B
163C
1603
15BF
1572
151A
14B9
144D
13D8
1359
12D1
123F
11A4
1100
1053
0F9E
0EE0
0E1A
0D4C
0C76
0B98
0AB5
09CA
08D8
07E1
06E3
05E0
04D7
03CA
02B8
01A1
0087
FF69
FE48
FD24
FBFE
FAD6
F9AD
F882
F757
F62C
F501
F3D6
F2AE
F186
F061
EF3F
EE20
ED05
EBEE
EADC
E9CF
E8C8
E7C6
E6CB
E5D8
E4EC
E409
E32E
E25D
E195
E0D7
E024
DF7C
DEDF
DE4E
DDC9
DD50
DCE3
DC84
DC32
DBED
DBB6
DB8D
DB71
DB64
DB64
DB73
DB90
DBBC
DBF5
DC3D
DC92
DCF5
DD66
DDE5
DE70
DF09
DFAE
E05F
E11C
E1E4
E2B8
E395
E47D
E56D
E667
E768
E870
E97F
EA95
EBAF
ECCD
EDF0
EF15
F03B
F163
F28C
F3B4
F4DA
F5FE
F71E
F83B
F953
FA65
FB70
FC74
FD70
FE63
FF4C
002A
00FC
01C3
027C
0328
03C5
0454
04D3
0543
05A2
05F1
062E
065A
0675
067E
0674
0659
062C
05EC
059B
0537
04C2
043C
03A4
02FB
0242
0179
00A1
FFB9
FEC3
FDBF
FCAF
FB92
FA69
F936
F7FA
F6B5
F568
F415
F2BC
F15F
EFFE
EE9B
ED37
EBD3
EA70
E910
E7B3
E65B
E50A
E3BF
E27D
E145
E017
DEF5
DDE0
DCD9
DBE2
DAFA
DA23
D95F
D8AB
D80C
D781
D70B
D6AB
D661
D62E
D613
D610
D626
D654
D69A
D6FA
D773
D804
D8AF
D972
DA4E
DB43
DC4F
DD72
DEAD
DFFD
E164
E2DF
E46F
E611
E7C6
E98C
EB63
ED48
EF3C
F13C
F348
F55D
F77C
F9A2
FBCF
FE00
0034
026B
04A1
06D7
090A
0B3A
0D63
0F86
11A1
13B1
15B6
17AF
199A
1B75
1D40
1EF9
209E
2230
23AC
2512
2660
2797
28B4
29B7
2A9F
2B6E
2C21
2CB7
2D30
2D8D
2DCB
2DEC
2DF0
2DD5
2D9D
2D47
2CD4
2C44
2B97
2ACE
29E8
28E8
27CE
2699
254C
23E6
226A
20D7
1F30
1D74
1BA6
19C6
17D6
15D7
13CB
11B2
0F8E
0D62
0B2E
08F3
06B4
0470
022B
FFE5
FD9F
FB5C
F91C
F6E1
F4AD
F280
F05C
EE43
EC34
EA33
E83F
E65A
E485
E2C0
E10E
DF6E
DDE2
DC6A
DB07
D9B9
D881
D760
D655
D562
D486
D3C2
D315
D280
D202
D19D
D14F
D118
D0F8
D0EF
D0FD
D120
D158
D1A5
D206
D27B
D302
D39A
D444
D4FD
D5C6
D69D
D781
D872
D96D
DA73
DB82
DC9A
DDB8
DEDC
E005
E132
E262
E393
E4C5
E5F7
E727
E855
E981
EAA8
EBCA
ECE7
EDFD
EF0C
F013
F111
F206
F2F1
F3D2
F4A9
F573
F633
F6E6
F78D
F828
F8B6
F937
F9AC
FA14
FA6F
FABE
FB00
FB36
FB60
FB7E
FB92
FB9C
FB9B
FB8F
FB7A
FB5C
FB35
FB06
FAD0
FA92
FA4F
FA06
F9B8
F966
F910
F8B8
F85D
F801
F7A4
F747
F6EB
F690
F637
F5E1
F58E
F53E
F4F4
F4AE
F46E
F433
F400
F3D3
F3AF
F393
F37F
F373
F371
F377
F386
F39F
F3C1
F3ED
F423
F462
F4AB
F4FE
F55A
F5C1
F630
F6A9
F72B
F7B5
F849
F8E4
F988
FA33
FAE6
FB9F
FC5F
FD26
FDF2
FEC3
FF99
0073
0151
0232
0315
03FB
04E3
05CD
06B7
07A1
088B
0975
0A5E
0B46
0C2B
0D0E
0DEF
0ECC
0FA7
107D
114F
121D
12E6
13AB
146A
1523
15D8
1686
172E
17D1
186D
1903
1993
1A1C
1A9F
1B1C
1B92
1C02
1C6B
1CCE
1D2B
1D82
1DD2
1E1D
1E62
1EA0
1EDA
1F0D
1F3B
1F64
1F88
1FA6
1FC0
1FD5
1FE4
1FF0
1FF6
1FF8
1FF6
1FF0
1FE5
1FD6
1FC3
1FAC
1F91
1F71
1F4F
1F29
1EFE
1ED0
1E9D
1E65
1E2A
1DE9
1DA4
1D5B
1D0D
1CB9
1C61
1C04
1BA1
1B39
1ACB
1A58
19DF
1960
18DB
184F
17BD
1725
1686
15E0
1533
147F
13C5
1303
123A
1169
1091
0FB2
0ECB
0DDD
0CE7
0BEA
0AE7
09DC
08CB
07B3
0694
0570
0446
0316
01E2
00A9
FF6B
FE29
FCE4
FB9D
FA52
F906
F7B9
F66A
F51C
F3CE
F281
F137
EFEE
EEA9
ED68
EC2B
EAF2
E9BF
E893
E76E
E652
E53F
E435
E336
E241
E158
E07C
DFAC
DEEA
DE36
DD90
DCFA
DC73
DBFC
DB95
DB3F
DAFA
DAC7
DAA5
DA94
DA96
DAAA
DAD0
DB08
DB52
DBAD
DC1B
DC9B
DD2C
DDCF
DE83
DF47
E01C
E100
E1F3
E2F4
E404
E520
E649
E77D
E8BC
EA05
EB56
ECB0
EE11
EF78
F0E5
F255
F3C8
F53D
F6B3
F829
F99D
FB0F
FC7E
FDE8
FF4C
00A9
01FE
034B
048F
05C9
06F6
0817
092A
0A2E
0B23
0C08
0CDB
0D9E
0E4E
0EEB
0F75
0FEC
104E
109D
10D6
10FB
110B
1106
10EC
10BD
107A
1022
0FB6
0F36
0EA3
0DFD
0D44
0C7A
0B9E
0AB2
09B7
08AC
0794
066E
053C
03FF
02B8
0167
000E
FEAF
FD49
FBDF
FA72
F902
F792
F622
F4B3
F347
F1DF
F07C
EF20
EDCB
EC7E
EB3C
EA05
E8D9
E7BB
E6AA
E5A9
E4B7
E3D6
E306
E249
E19F
E108
E086
E017
DFBE
DF7A
DF4B
DF32
DF2F
DF41
DF69
DFA8
DFFB
E064
E0E2
E175
E21B
E2D6
E3A3
E483
E575
E677
E78A
E8AC
E9DC
EB1A
EC64
EDB9
EF18
F081
F1F1
F369
F4E7
F668
F7ED
F974
FAFB
FC82
FE07
FF89
0107
027F
03F0
055A
06BB
0811
095D
0A9D
0BD0
0CF5
0E0B
0F11
1007
10EC
11C0
1281
1330
13CB
1453
14C6
1526
1572
15A9
15CB
15D9
15D3
15B8
158A
1549
14F5
148E
1415
138B
12F0
1245
118C
10C4
0FEE
0F0C
0E1F
0D27
0C26
0B1D
0A0C
08F5
07DA
06BB
059A
0477
0354
0233
0114
FFF8
FEE1
FDD0
FCC5
FBC2
FAC9
F9DA
F8F6
F81E
F753
F697
F5EA
F54C
F4BF
F443
F3D8
F380
F33A
F307
F2E8
F2DC
F2E4
F2FF
F32F
F372
F3C9
F434
F4B1
F542
F5E5
F69A
F761
F839
F920
FA18
FB1D
FC31
FD52
FE7E
FFB6
00F8
0243
0396
04F0
064F
07B2
0918
0A81
0BE9
0D51
0EB7
1019
1177
12CF
1420
1568
16A6
17DA
1902
1A1D
1B29
1C26
1D13
1DEF
1EB9
1F70
2013
20A2
211C
2181
21D0
2208
222A
2234
2226
2201
21C4
216F
2102
207E
1FE2
1F2F
1E65
1D84
1C8E
1B82
1A61
192B
17E3
1687
151A
139C
120E
1070
0EC5
0D0D
0B4A
097C
07A4
05C6
03E0
01F6
0007
FE14
FC21
FA2D
F83A
F649
F45C
F273
F091
EEB6
ECE4
EB1C
E95F
E7AE
E60A
E474
E2ED
E177
E012
DEBF
DD7E
DC51
DB39
DA35
D946
D86D
D7AA
D6FE
D668
D5EA
D583
D533
D4FA
D4D8
D4CD
D4D9
D4FB
D533
D580
D5E3
D65B
D6E7
D786
D839
D8FD
D9D3
DABA
DBB0
DCB6
DDC9
DEEA
E016
E14E
E28F
E3DA
E52C
E686
E7E5
E948
EAB0
EC1A
ED85
EEF0
F05B
F1C4
F32A
F48D
F5EA
F742
F893
F9DC
FB1D
FC55
FD82
FEA5
FFBC
00C7
01C5
02B5
0398
046D
0532
05E9
0690
0727
07AF
0827
088E
08E6
092D
0964
098C
09A4
09AC
09A5
0990
096C
093A
08FB
08AE
0855
07F0
0780
0705
067F
05F1
0559
04BA
0413
0366
02B3
01FC
0140
0080
FFBF
FEFB
FE36
FD71
FCAD
FBEA
FB29
FA6B
F9B1
F8FB
F849
F79F
F6FA
F65D
F5C6
F538
F4B2
F435
F3C1
F358
F2F8
F2A4
F25A
F21B
F1E8
F1C0
F1A5
F195
F192
F19A
F1AF
F1D0
F1FD
F237
F27C
F2CD
F329
F391
F404
F482
F50A
F59C
F638
F6DF
F78E
F845
F905
F9CC
FA9A
FB6F
FC49
FD29
FE0D
FEF6
FFE2
00D1
01C2
02B5
03A9
049E
0592
0686
0779
0869
0957
0A42
0B29
0C0C
0CEA
0DC2
0E95
0F61
1027
10E5
119B
1249
12EF
138B
141F
14A8
1528
159D
1608
1667
16BC
1705
1743
1775
179B
17B4
17C2
17C4
17B9
17A1
177E
174E
1711
16C8
1673
1611
15A4
152A
14A5
1414
1378
12D0
121D
115F
1096
0FC2
0EE5
0DFE
0D0D
0C14
0B12
0A08
08F6
07DC
06BB
0594
0467
0334
01FC
00BF
FF7E
FE3A
FCF2
FBA8
FA5B
F90D
F7BE
F66E
F51E
F3CF
F281
F135
EFEA
EEA3
ED5E
EC1D
EADF
E9A7
E873
E746
E61E
E4FE
E3E4
E2D3
E1C9
E0C9
DFD1
DEE3
DDFF
DD26
DC57
DB94
DADC
DA30
D991
D8FE
D878
D800
D795
D738
D6E8
D6A7
D674
D650
D63A
D633
D63B
D652
D677
D6AB
D6EE
D740
D7A1
D810
D88E
D919
D9B3
DA5A
DB0F
DBD1
DC9F
DD7A
DE61
DF53
E050
E158
E269
E384
E4A8
E5D4
E708
E843
E984
EACB
EC17
ED67
EEBB
F012
F16B
F2C7
F423
F57F
F6DB
F836
F98F
FAE5
FC37
FD85
FECF
0013
0151
0288
03B8
04DF
05FE
0713
081F
0920
0A16
0B01
0BE0
0CB2
0D78
0E31
0EDC
0F7A
1009
108B
10FE
1162
11B8
1200
1239
1262
127D
128A
1287
1276
1257
122A
11EF
11A6
1151
10EF
1080
1006
0F81
0EF0
0E56
0DB2
0D05
0C50
0B93
0ACF
0A05
0934
085F
0786
06A9
05CA
04E8
0405
0322
023F
015D
007C
FF9D
FEC2
FDE9
FD15
FC46
FB7B
FAB7
F9F9
F942
F892
F7EB
F74B
F6B5
F627
F5A2
F528
F4B7
F450
F3F3
F3A1
F359
F31C
F2E9
F2C0
F2A2
F28E
F284
F284
F28D
F2A1
F2BD
F2E2
F30F
F345
F382
F3C6
F411
F461
F4B8
F513
F572
F5D6
F63C
F6A6
F710
F77D
F7EA
F856
F8C3
F92D
F996
F9FD
FA60
FABF
FB1A
FB70
FBC1
FC0B
FC4F
FC8D
FCC2
FCF0
FD16
FD33
FD48
FD53
FD55
FD4E
FD3E
FD23
FCFF
FCD2
FC9B
FC5A
FC11
FBBE
FB62
FAFE
FA91
FA1D
F9A1
F91E
F895
F805
F771
F6D7
F639
F598
F4F3
F44D
F3A5
F2FC
F253
F1AB
F105
F061
EFBF
EF22
EE8A
EDF7
ED6A
ECE4
EC66
EBF1
EB85
EB24
EACC
EA81
EA41
EA0E
E9E8
E9D0
E9C6
E9CB
E9DF
EA02
EA35
EA78
EACB
EB2F
EBA3
EC27
ECBC
ED62
EE18
EEDD
EFB3
F098
F18D
F290
F3A2
F4C2
F5EF
F729
F86F
F9C1
FB1D
FC82
FDF1
FF67
00E5
0269
03F2
057F
070F
08A1
0A34
0BC6
0D58
0EE6
1072
11F8
1378
14F2
1663
17CC
192A
1A7C
1BC2
1CFB
1E25
1F40
204C
2146
222E
2304
23C7
2476
2510
2595
2605
265F
26A2
26CF
26E5
26E4
26CB
269B
2655
25F7
2582
24F6
2454
239D
22CF
21EC
20F5
1FEA
1ECC
1D9C
1C5A
1B08
19A5
1834
16B4
1528
1390
11ED
1040
0E8B
0CCF
0B0D
0946
077B
05AF
03E1
0214
0049
FE81
FCBC
FAFE
F945
F795
F5EE
F451
F2C0
F13B
EFC4
EE5B
ED01
EBB8
EA82
E95E
E84D
E750
E666
E591
E4D1
E426
E392
E313
E2AC
E25A
E21F
E1FB
E1EE
E1F7
E216
E24B
E296
E2F6
E36B
E3F5
E492
E542
E605
E6D9
E7BE
E8B4
E9B8
EACA
EBEA
ED16
EE4E
EF90
F0DA
F22D
F387
F4E5
F649
F7AF
F917
FA80
FBE8
FD4F
FEB3
0013
016E
02C3
0411
0556
0693
07C5
08EB
0A06
0B14
0C14
0D06
0DE9
0EBC
0F7F
1031
10D2
1161
11DE
1249
12A2
12E8
131B
133D
134B
1347
1331
1309
12D0
1285
1229
11BC
1140
10B4
101A
0F72
0EBC
0DF9
0D2B
0C51
0B6E
0A81
098C
088F
078C
0684
0577
0466
0353
023F
012A
0017
FF05
FDF6
FCEA
FBE3
FAE2
F9E7
F8F3
F807
F724
F64B
F57C
F4B9
F401
F356
F2B7
F226
F1A3
F12F
F0C9
F072
F02A
EFF2
EFC9
EFB1
EFA7
EFAE
EFC4
EFEA
F01F
F063
F0B6
F11A
F18B
F20A
F296
F32F
F3D4
F485
F540
F606
F6D6
F7AE
F88E
F975
FA63
FB57
FC4F
FD4B
FE4A
FF4C
004E
0151
0254
0356
0455
0552
064A
073F
082D
0916
09F8
0AD3
0BA5
0C6F
0D31
0DE8
0E95
0F36
0FCD
1057
10D6
1148
11AD
1205
124F
128D
12BD
12DF
12F4
12FC
12F6
12E3
12C2
1295
125B
1215
11C3
1165
10FC
1088
100A
0F82
0EF1
0E57
0DB6
0D0C
0C5C
0BA6
0AEA
0A29
0964
089B
07D0
0702
0633
0563
0493
03C3
02F5
0228
015E
0098
FFD5
FF16
FE5C
FDA8
FCFA
FC52
FBB1
FB17
FA85
F9FB
F97A
F900
F890
F829
F7CB
F775
F729
F6E6
F6AC
F67B
F654
F635
F620
F614
F610
F615
F621
F636
F652
F675
F6A0
F6D1
F707
F744
F786
F7CC
F817
F865
F8B7
F90C
F962
F9BB
FA14
FA6F
FAC9
FB23
FB7C
FBD2
FC26
FC77
FCC6
FD11
FD58
FD9B
FDD9
FE12
FE46
FE74
FE9B
FEBC
FED6
FEE9
FEF5
FEF9
FEF6
FEEB
FED8
FEBD
FE9A
FE6F
FE3C
FE01
FDBF
FD74
FD22
FCC8
FC68
FC00
FB91
FB1B
FAA0
FA1E
F997
F90B
F87A
F7E4
F74B
F6AE
F60F
F56C
F4C7
F421
F379
F2D0
F227
F17D
F0D5
F02D
EF86
EEE1
EE3F
ED9F
ED02
EC68
EBD2
EB41
EAB4
EA2C
E9A9
E92B
E8B3
E842
E7D8
E774
E716
E6C0
E670
E627
E5E6
E5AC
E579
E54D
E529
E50C
E4F6
E4E8
E4E0
E4E0
E4E7
E4F4
E508
E522
E542
E568
E594
E5C5
E5FB
E636
E675
E6B9
E700
E74B
E799
E7EA
E83D
E893
E8EA
E942
E99B
E9F4
EA4D
EAA6
EAFF
EB56
EBAC
EC01
EC53
ECA3
ECF0
ED3B
ED82
EDC5
EE05
EE41
EE78
EEAB
EEDA
EF03
EF28
EF47
EF61
EF76
EF85
EF8F
EF93
EF90
EF88
EF7A
EF66
EF4D
EF2E
EF09
EEDF
EEAF
EE7B
EE40
EE01
EDBD
ED74
ED27
ECD5
EC7F
EC24
EBC6
EB64
EAFF
EA96
EA2A
E9BC
E94B
E8D7
E862
E7EA
E771
E6F7
E67C
E5FF
E582
E504
E486
E408
E38B
E30E
E292
E217
E19D
E125
E0AF
E03A
DFC8
DF59
DEEC
DE82
DE1B
DDB7
DD57
DCFA
DCA1
DC4C
DBFB
DBAF
DB67
DB23
DAE5
DAAB
DA76
DA46
DA1C
D9F7
D9D7
D9BD
D9A8
D999
D990
D98D
D990
D999
D9A8
D9BD
D9D9
D9FB
DA24
DA53
DA89
DAC6
DB0A
DB55
DBA7
DC00
DC60
DCC7
DD35
DDAB
DE28
DEAC
DF38
DFCB
E066
E107
E1B1
E261
E318
E3D7
E49C
E569
E63D
E718
E7FA
E8E3
E9D3
EAC9
EBC7
ECCA
EDD4
EEE4
EFFB
F117
F238
F35F
F48B
F5BC
F6F2
F82C
F96A
FAAC
FBF2
FD3B
FE86
FFD5
0125
0277
03CA
051F
0673
07C8
091C
0A70
0BC2
0D13
0E62
0FAF
10F8
123E
1380
14BE
15F7
172A
1858
197F
1AA0
1BB9
1CCB
1DD4
1ED4
1FCC
20BA
219E
2278
2347
240A
24C3
256F
260F
26A3
272A
27A5
2813
2873
28C5
290A
2941
2969
2984
2990
298D
297C
295D
2930
28F4
28AA
2852
27EC
2778
26F7
2668
25CC
2524
246F
23AD
22E1
2208
2125
2037
1F40
1E3E
1D34
1C21
1B07
19E6
18BE
1790
165C
1523
13E6
12A5
1161
101B
0ED2
0D88
0C3E
0AF3
09AA
0861
071B
05D7
0496
0359
0220
00EC
FFBE
FE95
FD73
FC58
FB45
FA3A
F937
F83D
F74C
F665
F588
F4B5
F3ED
F32F
F27D
F1D6
F13B
F0AC
F028
EFB1
EF46
EEE6
EE93
EE4D
EE12
EDE3
EDC1
EDAA
EDA0
EDA0
EDAD
EDC4
EDE7
EE14
EE4C
EE8E
EED9
EF2F
EF8D
EFF4
F064
F0DB
F159
F1DF
F26B
F2FD
F394
F431
F4D3
F579
F622
F6CF
F77F
F832
F8E6
F99D
FA54
FB0C
FBC5
FC7E
FD36
FDED
FEA3
FF58
000B
00BC
016A
0215
02BE
0363
0404
04A2
053C
05D1
0662
06EF
0776
07F9
0876
08EF
0962
09D0
0A39
0A9C
0AFA
0B53
0BA7
0BF6
0C3F
0C84
0CC4
0CFF
0D36
0D68
0D96
0DC0
0DE5
0E08
0E26
0E41
0E5A
0E6F
0E81
0E91
0E9F
0EAB
0EB6
0EBF
0EC7
0ECD
0ED3
0ED8
0EDD
0EE1
0EE5
0EE9
0EEE
0EF3
0EF9
0EFF
0F07
0F10
0F1A
0F25
0F33
0F41
0F52
0F64
0F79
0F8F
0FA7
0FC2
0FDF
0FFE
101F
1042
1068
1090
10BB
10E8
1117
1149
117C
11B1
11E8
1220
125B
1296
12D4
1312
1352
1392
13D4
1416
1459
149C
14E0
1524
1569
15AD
15F0
1634
1677
16B9
16FA
173B
177A
17B8
17F4
182F
1869
18A2
18D8
190C
193E
196D
1999
19C3
19E9
1A0C
1A2C
1A48
1A61
1A77
1A88
1A96
1A9F
1AA5
1AA6
1AA3
1A9B
1A90
1A7F
1A6A
1A50
1A32
1A0E
19E6
19B9
1986
194F
1913
18D3
188E
1844
17F5
17A0
1746
16E6
1682
1617
15A7
1532
14B7
1437
13B1
1326
1295
11FF
1164
10C3
101C
0F71
0EC0
0E09
0D4E
0C8E
0BC8
0AFE
0A2F
095B
0883
07A7
06C6
05E1
04F9
040E
031F
022C
0136
003E
FF42
FE45
FD45
FC43
FB3F
FA3A
F933
F82C
F724
F61C
F513
F40B
F304
F1FE
F0F9
EFF5
EEF4
EDF5
ECF9
EC01
EB0C
EA1A
E92E
E846
E763
E685
E5AD
E4DB
E410
E34D
E292
E1DE
E133
E092
DFF9
DF6A
DEE5
DE6A
DDFA
DD95
DD3C
DCEE
DCAB
DC75
DC4C
DC2F
DC1E
DC1B
DC25
DC3C
DC61
DC93
DCD3
DD21
DD7C
DDE5
DE5C
DEDF
DF71
E010
E0BC
E176
E23D
E311
E3F2
E4E0
E5DA
E6DF
E7F1
E90D
EA35
EB67
ECA3
EDE9
EF38
F08F
F1EF
F356
F4C5
F639
F7B4
F934
FAB9
FC41
FDCD
FF5C
00ED
027F
0412
05A5
0738
08C9
0A59
0BE5
0D6F
0EF4
1074
11EF
1364
14D2
1639
1798
18EE
1A3B
1B7E
1CB7
1DE5
1F08
201F
2129
2227
2318
23FB
24D0
2597
2650
26FA
2794
2820
289C
2908
2966
29B3
29F0
2A1E
2A3C
2A4A
2A48
2A37
2A16
29E7
29A8
295A
28FE
2893
281B
2795
2703
2663
25B7
2500
243D
236F
2298
21B6
20CB
1FD8
1EDC
1DDA
1CD0
1BC0
1AAA
1990
1870
174D
1626
14FC
13D1
12A5
1178
104A
0F1E
0DF2
0CC8
0BA1
0A7C
095A
083D
0723
060F
0500
03F6
02F3
01F6
0100
0011
FF29
FE49
FD72
FCA2
FBDB
FB1D
FA67
F9BA
F916
F87A
F7E7
F75C
F6DB
F663
F5F3
F58D
F52E
F4D8
F48A
F445
F406
F3D0
F3A0
F377
F355
F339
F323
F313
F307
F300
F2FE
F2FF
F304
F30C
F317
F323
F332
F342
F352
F363
F374
F385
F395
F3A3
F3B1
F3BC
F3C4
F3CA
F3CD
F3CD
F3C8
F3C0
F3B3
F3A2
F38B
F370
F34F
F328
F2FC
F2CA
F291
F253
F20F
F1C4
F173
F11C
F0BE
F05B
EFF1
EF81
EF0C
EE90
EE10
ED8A
ED00
EC71
EBDD
EB46
EAAB
EA0C
E969
E8C5
E81D
E774
E6C8
E61C
E56E
E4C0
E412
E364
E2B7
E20B
E160
E0B8
E012
DF6F
DED0
DE34
DD9D
DD0A
DC7C
DBF4
DB72
DAF6
DA81
DA13
D9AD
D94F
D8FA
D8AD
D868
D82D
D7FB
D7D3
D7B5
D7A0
D795
D795
D79F
D7B3
D7D1
D7FA
D82D
D86B
D8B3
D905
D961
D9C7
DA37
DAB0
DB33
DBBF
DC54
DCF2
DD98
DE46
DEFC
DFBA
E07F
E14B
E21D
E2F5
E3D2
E4B5
E59C
E688
E777
E869
E95E
EA55
EB4E
EC48
ED43
EE3E
EF39
F033
F12C
F222
F317
F409
F4F8
F5E3
F6C9
F7AC
F889
F961
FA33
FAFE
FBC4
FC83
FD3B
FDEC
FE94
FF35
FFCD
005D
00E4
0162
01D6
0242
02A4
02FD
034C
0392
03CE
0401
042B
044B
0462
0470
0475
0471
0465
0451
0434
0410
03E4
03B0
0376
0335
02EE
02A4
0253
01FE
01A4
0145
00E3
007D
0014
FFA9
FF3C
FECD
FE5D
FDEC
FD7B
FD0A
FC99
FC2A
FBBD
FB51
FAE8
FA82
FA1F
F9C0
F964
F90E
F8BC
F870
F829
F7E8
F7AD
F779
F74C
F727
F709
F6F3
F6E4
F6DE
F6E0
F6EA
F6FC
F717
F73A
F766
F79B
F7D8
F81D
F86B
F8C2
F920
F987
F9F5
FA6B
FAE9
FB6E
FBFA
FC8D
FD27
FDC7
FE6D
FF18
FFC9
007E
0138
01F6
02B7
037B
0442
050B
05D7
06A4
0773
0843
0913
09E3
0AB3
0B82
0C4F
0D1B
0DE4
0EAB
0F6E
102E
10EA
11A2
1254
1302
13AA
144C
14E7
157C
160A
1691
1710
1787
17F5
185C
18B8
190A
1954
1995
19CC
19F9
1A1C
1A36
1A46
1A4B
1A47
1A38
1A20
19FD
19D0
1999
1958
190D
18B8
185A
17F2
1780
1705
1681
15F4
155E
14C0
1419
136A
12B4
11F5
112F
1063
0F90
0EB6
0DD7
0CF1
0C05
0B14
0A1E
0923
0824
0721
061A
050F
0401
02F0
01DC
00C7
FFAF
FE95
FD7A
FC5E
FB40
FA23
F905
F7E7
F6C9
F5AC
F48F
F373
F259
F140
F029
EF15
EE03
ECF3
EBE6
EADC
E9D4
E8D0
E7CF
E6D2
E5D9
E4E3
E3F2
E304
E21B
E137
E057
DF7B
DEA5
DDD4
DD08
DC41
DB80
DAC4
DA0D
D95D
D8B2
D80D
D76E
D6D5
D642
D5B6
D530
D4AF
D435
D3C1
D354
D2ED
D28D
D233
D1E1
D195
D150
D112
D0DB
D0AB
D082
D060
D046
D033
D027
D023
D026
D031
D043
D05C
D07D
D0A5
D0D5
D10C
D14B
D190
D1DD
D231
D28C
D2EE
D356
D3C4
D439
D4B4
D536
D5BD
D649
D6DC
D773
D810
D8B2
D958
DA03
DAB2
DB65
DC1C
DCD6
DD93
DE53
DF15
DFDA
E0A0
E168
E231
E2FA
E3C4
E48E
E558
E620
E6E8
E7AE
E872
E934
E9F3
EAAE
EB66
EC19
ECC8
ED72
EE16
EEB5
EF4D
EFDF
F06A
F0EE
F16A
F1DE
F24A
F2AD
F308
F35A
F3A2
F3E1
F416
F441
F463
F47A
F487
F48A
F483
F471
F455
F42E
F3FE
F3C3
F37F
F330
F2D8
F277
F20C
F198
F11C
F097
F00A
EF75
EED9
EE36
ED8D
ECDE
EC29
EB70
EAB2
E9F0
E92B
E864
E79A
E6CF
E603
E537
E46C
E3A1
E2D9
E213
E151
E092
DFD8
DF23
DE74
DDCC
DD2B
DC91
DC01
DB79
DAFC
DA89
DA21
D9C4
D973
D92F
D8F8
D8CF
D8B3
D8A6
D8A7
D8B7
D8D6
D905
D943
D991
D9EF
DA5D
DADC
DB6A
DC08
DCB6
DD74
DE42
DF1F
E00B
E106
E20F
E327
E44C
E57F
E6BE
E809
E95F
EAC1
EC2D
EDA2
EF20
F0A7
F234
F3C8
F562
F701
F8A3
FA49
FBF1
FD9A
FF43
00EB
0292
0437
05D8
0774
090C
0A9C
0C26
0DA7
0F1F
108E
11F1
1349
1494
15D2
1702
1823
1934
1A36
1B26
1C05
1CD2
1D8D
1E35
1EC9
1F4A
1FB7
200F
2053
2083
209D
20A3
2094
2070
2037
1FEA
1F89
1F14
1E8A
1DEE
1D3D
1C7B
1BA6
1AC0
19C9
18C2
17AC
1687
1555
1416
12CA
1174
1013
0EA9
0D37
0BBE
0A3E
08B9
0731
05A5
0418
0289
00FC
FF6F
FDE5
FC5F
FADE
F963
F7EF
F683
F520
F3C7
F279
F138
F003
EEDD
EDC5
ECBE
EBC7
EAE1
EA0E
E94D
E8A0
E806
E781
E711
E6B7
E671
E642
E62A
E627
E63B
E666
E6A7
E6FF
E76E
E7F2
E88D
E93E
EA04
EADF
EBCF
ECD3
EDEA
EF17
F056
F1A7
F30A
F47C
F5FE
F78E
F92C
FAD7
FC8D
FE4E
0019
01ED
03C8
05A9
0790
097C
0B6A
0D5A
0F4B
113C
132B
1518
1701
18E5
1AC3
1C9A
1E6A
202F
21EB
239C
2541
26DB
2867
29E4
2B52
2CB0
2DFC
2F37
3060
3175
3277
3365
343F
3503
35B3
364D
36D2
3741
379A
37DD
380A
3821
3823
380E
37E5
37A6
3753
36EB
366F
35E0
353D
3488
33C1
32EA
3203
310B
3004
2EEE
2DCA
2C99
2B5D
2A15
28C2
2766
2601
2495
2322
21AA
202C
1EAB
1D27
1BA0
1A19
1892
170C
1587
1405
1287
110D
0F98
0E29
0CC1
0B60
0A08
08B9
0774
0639
050A
03E5
02CC
01BF
00BF
FFCB
FEE5
FE0C
FD41
FC84
FBD5
FB34
FAA2
FA1D
F9A7
F93F
F8E5
F899
F85A
F829
F805
F7EE
F7E4
F7E6
F7F4
F80D
F831
F85F
F898
F8D9
F926
F97A
F9D6
FA3A
FAA4
FB14
FB89
FC03
FC81
FD03
FD87
FE0E
FE95
FF1E
FFA7
0030
00B8
013E
01C2
0243
02C1
033B
03B2
0423
0490
04F6
0557
05B2
0606
0654
069A
06D9
0711
0741
076A
078A
07A3
07B3
07BB
07BB
07B3
07A3
078C
076D
0746
0719
06E4
06A9
0668
0620
05D4
0581
052B
04D0
0470
040E
03A8
0340
02D6
026B
01FE
0191
0124
00B7
004C
FFE3
FF7C
FF17
FEB4
FE55
FDFA
FDA3
FD50
FD03
FCBB
FC78
FC3C
FC06
FBD7
FBAE
FB8D
FB73
FB61
FB56
FB54
FB59
FB66
FB7C
FB99
FBBE
FBEC
FC21
FC5E
FCA2
FCEE
FD40
FD9B
FDFC
FE64
FED2
FF45
FFBE
003B
00BC
0142
01CA
0255
02E3
0372
0402
0492
0522
05B1
063F
06CA
0752
07D7
0858
08D4
094B
09BB
0A25
0A87
0AE1
0B33
0B7C
0BBB
0BF0
0C1A
0C39
0C4D
0C55
0C50
0C3F
0C21
0BF6
0BBD
0B77
0B23
0AC0
0A50
09D1
0944
08A8
07FF
0747
0682
05AE
04CD
03DF
02E3
01DB
00C7
FFA6
FE7A
FD43
FC02
FAB6
F962
F804
F69E
F530
F3BB
F240
F0C0
EF3B
EDB3
EC28
EA9B
E90D
E77E
E5F0
E464
E2DB
E154
DFD2
DE55
DCDF
DB6F
DA07
D8A8
D752
D607
D4C7
D392
D26B
D151
D045
CF48
CE5A
CD7C
CCAE
CBF1
CB45
CAAA
CA21
C9AB
C948
C8F7
C8BA
C890
C879
C875
C885
C8A9
C8DF
C929
C985
C9F5
CA76
CB0A
CBAF
CC65
CD2C
CE03
CEEA
CFE0
D0E4
D1F5
D314
D43F
D575
D6B5
D7FF
D951
DAAB
DC0C
DD73
DEDF
E04F
E1C3
E339
E4B0
E627
E79E
E913
EA85
EBF4
ED5E
EEC2
F020
F177
F2C5
F40A
F545
F676
F79B
F8B3
F9BF
FABD
FBAD
FC8E
FD60
FE23
FED5
FF76
0006
0085
00F2
014E
0199
01D3
01FB
0211
0216
020A
01EE
01C0
0182
0134
00D7
006A
FFEF
FF65
FECE
FE2A
FD7A
FCBE
FBF7
FB26
FA4B
F969
F87E
F78D
F696
F59A
F49A
F396
F290
F189
F082
EF7C
EE77
ED74
EC75
EB7B
EA85
E996
E8AE
E7CE
E6F6
E628
E564
E4AB
E3FD
E35C
E2C7
E23F
E1C6
E15A
E0FE
E0B0
E071
E042
E023
E014
E015
E025
E046
E077
E0B7
E107
E166
E1D4
E250
E2DB
E374
E41A
E4CD
E58C
E657
E72D
E80D
E8F7
E9E9
EAE3
EBE5
ECEC
EDFA
EF0B
F020
F138
F251
F36B
F484
F59C
F6B2
F7C5
F8D3
F9DD
FAE0
FBDB
FCCE
FDB7
FE96
FF6B
0034
00F1
01A1
0243
02D7
035B
03D0
0435
048A
04CD
04FF
0520
052E
052B
0515
04ED
04B2
0466
0407
0396
0313
027F
01DA
0124
005D
FF87
FEA1
FDAD
FCAA
FB9A
FA7C
F953
F820
F6E2
F59B
F44B
F2F5
F198
F037
EED1
ED68
EBFE
EA93
E928
E7C0
E659
E4F7
E39A
E244
E0F4
DFAD
DE70
DD3E
DC17
DAFD
D9F1
D8F4
D807
D72A
D65F
D5A7
D502
D470
D3F4
D38C
D33B
D300
D2DB
D2CE
D2D8
D2FA
D334
D386
D3F0
D472
D50D
D5C0
D68A
D76D
D866
D977
DA9E
DBDC
DD2F
DE97
E013
E1A3
E346
E4FB
E6C1
E897
EA7D
EC71
EE72
F080
F298
F4BB
F6E7
F91B
FB56
FD96
FFDB
0223
046D
06B7
0901
0B4A
0D8F
0FD1
120D
1443
1672
1897
1AB4
1CC5
1ECB
20C3
22AF
248B
2658
2815
29C0
2B5A
2CE1
2E55
2FB4
30FF
3236
3357
3462
3557
3636
36FF
37B1
384D
38D2
3940
3998
39DA
3A05
3A1A
3A1A
3A04
39D9
399A
3947
38E1
3867
37DB
373D
368E
35CF
3500
3423
3337
323D
3138
3027
2F0B
2DE5
2CB5
2B7D
2A3C
28F5
27A8
2655
24FE
23A4
2247
20E8
1F87
1E27
1CC6
1B67
1A0A
18AF
1758
1604
14B5
136A
1225
10E6
0FAE
0E7C
0D52
0C30
0B15
0A03
08FB
07FB
0704
0617
0532
0457
0385
02BC
01FD
0147
009A
FFF6
FF5C
FECA
FE42
FDC2
FD4A
FCDB
FC73
FC14
FBBC
FB6C
FB22
FAE0
FAA4
FA6E
FA3F
FA15
F9F0
F9D1
F9B7
F9A1
F990
F983
F97A
F975
F973
F975
F97A
F981
F98C
F999
F9A9
F9BB
F9D0
F9E7
FA00
FA1C
FA3A
FA5A
FA7C
FAA0
FAC7
FAF0
FB1C
FB4A
FB7B
FBAF
FBE5
FC1F
FC5C
FC9C
FCE0
FD27
FD72
FDC2
FE15
FE6D
FEC9
FF2A
FF90
FFFB
006B
00E1
015C
01DC
0262
02EE
0380
0417
04B5
0559
0603
06B2
0768
0823
08E5
09AC
0A78
0B4A
0C21
0CFD
0DDE
0EC3
0FAD
109A
118C
1280
1378
1471
156D
1669
1767
1865
1963
1A61
1B5D
1C57
1D50
1E45
1F38
2026
2110
21F4
22D3
23AC
247E
2548
260B
26C5
2776
281D
28BA
294C
29D4
2A4F
2ABF
2B22
2B78
2BC1
2BFD
2C2A
2C4A
2C5B
2C5D
2C51
2C35
2C0B
2BD1
2B88
2B31
2ACA
2A54
29D0
293C
289B
27EB
272E
2663
258A
24A6
23B4
22B8
21B0
209D
1F80
1E5A
1D2B
1BF3
1AB5
1970
1824
16D4
157F
1427
12CC
116F
1010
0EB2
0D54
0BF8
0A9E
0947
07F4
06A6
055E
041C
02E1
01AE
0084
FF63
FE4D
FD41
FC41
FB4D
FA66
F98C
F8C0
F802
F752
F6B2
F621
F5A1
F530
F4D0
F480
F441
F411
F3F3
F3E5
F3E7
F3F9
F41C
F44F
F492
F4E4
F545
F5B6
F634
F6C1
F75C
F803
F8B7
F978
FA43
FB19
FBFA
FCE3
FDD6
FED0
FFD1
00D9
01E7
02F9
0411
052B
0648
0766
0885
09A4
0AC2
0BDE
0CF7
0E0E
0F20
102D
1134
1235
132F
1422
150C
15EC
16C4
1791
1854
190B
19B7
1A57
1AEA
1B71
1BEB
1C58
1CB7
1D08
1D4C
1D82
1DA9
1DC3
1DCE
1DCC
1DBD
1DA0
1D76
1D3F
1CFB
1CAA
1C4E
1BE5
1B71
1AF3
1A69
19D5
1938
1891
17E2
172B
166C
15A6
14D9
1407
1330
1254
1174
1090
0FAA
0EC2
0DD8
0CEE
0C01
0B15
0A2B
0942
085B
0777
0697
05BA
04E2
040F
0341
0279
01B8
00FD
0049
FF9D
FEF8
FE5B
FDC7
FD3A
FCB7
FC3D
FBCB
FB63
FB03
FAAD
FA60
FA1D
F9E2
F9B1
F989
F96A
F953
F945
F93F
F942
F94D
F95F
F97A
F99B
F9C4
F9F3
FA29
FA65
FAA7
FAEE
FB3A
FB8B
FBE1
FC3A
FC97
FCF7
FD5B
FDC0
FE28
FE92
FEFD
FF69
FFD6
0043
00B0
011D
018A
01F6
0261
02CC
0334
039B
0400
0463
04C3
0520
057B
05D2
0626
0677
06C5
070F
0755
0798
07D7
0812
0849
087D
08AC
08D8
0900
0924
0945
0962
097B
0991
09A4
09B3
09C0
09C9
09D1
09D6
09D9
09DA
09D8
09D4
09CF
09C7
09BE
09B3
09A7
099A
098B
097C
096B
095A
0948
0936
0923
090F
08FC
08E8
08D4
08C0
08AC
0898
0884
0871
085D
084A
0837
0824
0810
07FD
07EB
07D8
07C6
07B4
07A3
0791
0780
076F
075F
074E
073D
072D
071C
070C
06FB
06EB
06DA
06C9
06B8
06A6
0695
0683
0671
065E
064B
0638
0624
060F
05FB
05E5
05CD
05B5
059C
0583
0569
054F
0534
051A
04FE
04E3
04C7
04AB
048F
0473
0456
043A
041D
0401
03E4
03C8
03AB
038F
0373
0357
033C
0320
0305
02EB
02D1
02B7
029E
0285
026C
0254
023C
0225
020E
01F8
01E2
01CD
01B8
01A4
0190
017C
0169
0156
0143
0130
011D
010A
00F7
00E3
00CF
00BB
00A6
0090
007A
0062
004A
0030
0015
FFF9
FFDB
FFBC
FF9C
FF7B
FF58
FF32
FF0B
FEE2
FEB7
FE8A
FE5A
FE29
FDF5
FDBF
FD86
FD4B
FD0E
FCCF
FC8E
FC4A
FC04
FBBD
FB73
FB27
FADA
FA8B
FA3B
F9E9
F997
F943
F8EE
F899
F844
F7EE
F798
F743
F6EE
F69A
F647
F5F5
F5A5
F557
F50B
F4C2
F47B
F437
F3F7
F3BB
F382
F34E
F31E
F2F3
F2CD
F2AD
F292
F27D
F26E
F265
F263
F268
F273
F286
F29F
F2C0
F2E9
F319
F34E
F38B
F3D0
F41D
F471
F4CC
F52F
F599
F60A
F683
F702
F787
F813
F8A5
F93D
F9DB
FA7D
FB24
FBD0
FC7F
FD32
FDE8
FEA1
FF5C
0018
00D5
0192
0250
030D
03C8
0482
0539
05EC
069C
0747
07ED
088D
0928
09BB
0A48
0ACC
0B48
0BBA
0C23
0C82
0CD7
0D20
0D5D
0D8F
0DB4
0DCC
0DD6
0DD3
0DC3
0DA4
0D76
0D3B
0CF0
0C96
0C2E
0BB6
0B30
0A9A
09F6
0942
0881
07B1
06D2
05E6
04EC
03E5
02D0
01B0
0084
FF4C
FE09
FCBD
FB66
FA07
F8A0
F731
F5BB
F43F
F2BF
F13A
EFB2
EE27
EC9A
EB0D
E980
E7F4
E66B
E4E4
E361
E1E3
E06C
DEFB
DD93
DC33
DADD
D991
D851
D71D
D5F6
D4DD
D3D3
D2D8
D1ED
D114
D04B
CF95
CEF1
CE61
CDE4
CD7C
CD27
CCE8
CCBE
CCA9
CCA9
CCC0
CCEC
CD2E
CD86
CDF3
CE77
CF10
CFBE
D082
D15B
D248
D349
D45E
D586
D6C0
D80D
D96A
DAD8
DC56
DDE3
DF7E
E126
E2DB
E49B
E665
E839
EA16
EBFB
EDE5
EFD6
F1CA
F3C2
F5BC
F7B8
F9B3
FBAE
FDA6
FF9B
018C
0378
055E
073D
0914
0AE1
0CA4
0E5D
1009
11A8
133A
14BD
1631
1795
18E8
1A2A
1B5A
1C77
1D81
1E78
1F5B
2029
20E3
2188
2218
2292
22F8
2347
2381
23A6
23B6
23B0
2395
2366
2322
22CA
225F
21E0
214E
20AB
1FF5
1F2E
1E57
1D70
1C79
1B74
1A61
1942
1816
16DF
159D
1452
12FE
11A2
103F
0ED6
0D68
0BF5
0A80
0907
078E
0614
049A
0321
01AB
0037
FEC7
FD5C
FBF6
FA96
F93E
F7ED
F6A5
F565
F430
F306
F1E6
F0D2
EFCA
EED0
EDE2
ED02
EC30
EB6C
EAB7
EA11
E97A
E8F3
E87B
E813
E7BB
E773
E73A
E712
E6F9
E6F0
E6F7
E70D
E732
E766
E7A9
E7FA
E85A
E8C7
E941
E9C9
EA5D
EAFE
EBAA
EC61
ED23
EDF0
EEC6
EFA5
F08D
F17C
F274
F372
F476
F581
F690
F7A4
F8BC
F9D7
FAF5
FC15
FD36
FE59
FF7C
009F
01C2
02E3
0403
0520
063B
0753
0866
0976
0A81
0B87
0C88
0D83
0E77
0F65
104D
112D
1206
12D7
13A0
1461
1519
15C9
1671
170F
17A5
1831
18B5
192F
199F
1A07
1A65
1ABA
1B06
1B49
1B82
1BB3
1BDA
1BF9
1C0E
1C1B
1C1F
1C1A
1C0E
1BF9
1BDB
1BB7
1B8A
1B56
1B1A
1AD8
1A8F
1A3F
19E8
198C
1929
18C0
1852
17DF
1767
16E9
1667
15E1
1556
14C7
1435
139F
1305
1269
11C9
1127
1082
0FDB
0F32
0E87
0DDA
0D2B
0C7B
0BCA
0B17
0A64
09AF
08FA
0844
078E
06D8
0621
056A
04B4
03FD
0346
0290
01DA
0125
0070
FFBC
FF08
FE55
FDA2
FCF0
FC3F
FB90
FAE1
FA33
F986
F8DA
F830
F786
F6DE
F637
F592
F4EE
F44B
F3A9
F309
F26A
F1CD
F131
F096
EFFD
EF66
EECF
EE3B
EDA8
ED16
EC86
EBF8
EB6B
EAE0
EA58
E9D1
E94B
E8C7
E845
E7C5
E746
E6C9
E64E
E5D4
E55D
E4E7
E473
E401
E392
E324
E2B9
E24F
E1E8
E184
E121
E0C1
E064
E009
DFB1
DF5C
DF09
DEB9
DE6D
DE23
DDDC
DD98
DD5A
DD1E
DCE6
DCB2
DC80
DC52
DC28
DC01
DBDE
DBBF
DBA3
DB8C
DB78
DB69
DB5E
DB57
DB54
DB55
DB5B
DB66
DB75
DB88
DBA1
DBBE
DBDF
DC06
DC31
DC61
DC97
DCD1
DD10
DD54
DD9D
DDEA
DE3D
DE95
DEF2
DF54
DFBA
E026
E096
E10B
E185
E203
E286
E30E
E39A
E42A
E4BE
E557
E5F3
E693
E737
E7DF
E88A
E938
E9EA
EA9E
EB55
EC0F
ECCB
ED8A
EE4A
EF0D
EFCF
F092
F157
F21D
F2E4
F3AB
F473
F53B
F602
F6CA
F791
F857
F91C
F9E0
FAA2
FB63
FC22
FCDE
FD98
FE50
FF04
FFB6
0064
010E
01B5
0258
02F7
0391
0426
04B7
0543
05CA
064B
06C6
073B
07AB
0815
0879
08D7
092E
097F
09CA
0A0E
0A4C
0A83
0AB4
0ADE
0B01
0B1E
0B34
0B44
0B4D
0B50
0B4C
0B42
0B32
0B1B
0AFE
0ADC
0AB3
0A85
0A51
0A18
09D9
0996
094F
0902
08B0
085A
0800
07A2
0740
06DA
0671
0604
0595
0523
04AE
0438
03BF
0344
02C8
024B
01CD
014E
00CF
004F
FFD0
FF51
FED2
FE54
FDD7
FD5B
FCE1
FC69
FBF3
FB7E
FB0D
FA9E
FA31
F9C8
F962
F8FF
F8A0
F845
F7ED
F79A
F74A
F6FF
F6B8
F676
F639
F600
F5CC
F59E
F574
F54F
F52F
F514
F4FF
F4EF
F4E4
F4DE
F4DD
F4E2
F4EC
F4FB
F50F
F527
F544
F565
F58C
F5B8
F5E8
F61D
F656
F694
F6D6
F71C
F767
F7B5
F807
F85D
F8B6
F912
F972
F9D4
FA39
FAA1
FB0B
FB77
FBE5
FC55
FCC6
FD39
FDAD
FE21
FE97
FF0D
FF83
FFF7
006C
00E0
0153
01C6
0237
02A7
0315
0382
03ED
0455
04BB
051F
057F
05DD
0638
068F
06E2
0732
077E
07C6
0809
0848
0883
08B9
08E9
0915
093C
095E
097A
0991
09A3
09AE
09B4
09B4
09AE
09A2
0991
097A
095D
093A
0912
08E4
08B0
0876
0837
07F3
07A9
075A
0706
06AD
0650
05ED
0586
051B
04AC
0439
03C2
0348
02CA
024A
01C7
0142
00BA
0030
FFA5
FF19
FE8B
FDFD
FD6E
FCDF
FC50
FBC2
FB35
FAA9
FA1E
F996
F90F
F88C
F80B
F78D
F714
F69E
F62D
F5C0
F558
F4F6
F499
F443
F3F2
F3A8
F365
F328
F2F3
F2C6
F2A0
F283
F26D
F25F
F25A
F25D
F269
F27D
F29A
F2C0
F2EE
F326
F366
F3B0
F402
F45E
F4C2
F52F
F5A5
F623
F6AA
F739
F7D0
F86F
F916
F9C4
FA79
FB36
FBF9
FCC2
FD92
FE67
FF41
0021
0106
01EE
02DA
03C9
04BB
05AF
06A5
079D
0895
098E
0A86
0B7E
0C75
0D6B
0E5E
0F4F
103D
1128
120F
12F1
13CF
14A7
1579
1646
170B
17CA
1882
1931
19D9
1A78
1B0F
1B9D
1C22
1C9D
1D0F
1D76
1DD3
1E25
1E6D
1EA9
1EDB
1F01
1F1D
1F2D
1F31
1F2B
1F19
1EFB
1ED3
1EA0
1E61
1E18
1DC4
1D66
1CFD
1C8A
1C0E
1B88
1AF9
1A61
19C1
1919
1868
17B2
16F4
1630
1566
1496
13C2
12E9
120C
112B
1047
0F61
0E79
0D8F
0CA4
0BB8
0ACD
09E2
08F8
0810
072A
0646
0565
0488
03AF
02DB
020B
0141
007C
FFBE
FF06
FE55
FDAB
FD09
FC6F
FBDD
FB54
FAD4
FA5C
F9EF
F98A
F930
F8DF
F898
F85B
F829
F801
F7E3
F7CF
F7C6
F7C7
F7D2
F7E7
F806
F82F
F862
F89E
F8E4
F933
F98B
F9EC
FA55
FAC6
FB3F
FBBF
FC47
FCD5
FD6A
FE05
FEA5
FF4B
FFF6
00A5
0158
0210
02CA
0387
0447
0509
05CC
0691
0757
081C
08E2
09A7
0A6B
0B2E
0BF0
0CAF
0D6C
0E26
0EDC
0F8F
103F
10EA
1190
1232
12CE
1365
13F6
1482
1507
1586
15FE
166F
16DA
173E
179A
17F0
183E
1885
18C5
18FE
192F
1959
197B
1997
19AB
19B9
19BF
19BF
19B8
19AB
1997
197E
195E
1939
190E
18DE
18A9
186E
182F
17EC
17A5
175B
170C
16BB
1667
1611
15B8
155E
1502
14A5
1448
13E9
138B
132C
12CE
1271
1215
11BB
1162
110B
10B6
1064
1015
0FC8
0F80
0F3A
0EF9
0EBB
0E82
0E4D
0E1D
0DF1
0DCB
0DAA
0D8D
0D77
0D65
0D59
0D53
0D52
0D56
0D61
0D70
0D86
0DA1
0DC1
0DE6
0E11
0E41
0E76
0EB0
0EEF
0F32
0F79
0FC5
1014
1068
10BE
1118
1175
11D5
1237
129C
1302
136A
13D3
143D
14A7
1512
157C
15E6
164F
16B7
171D
1781
17E3
1843
189F
18F8
194D
199E
19EA
1A32
1A75
1AB2
1AEA
1B1B
1B46
1B6A
1B88
1B9E
1BAD
1BB4
1BB3
1BAA
1B99
1B7F
1B5D
1B31
1AFD
1ABF
1A79
1A29
19D0
196E
1903
188E
1811
178A
16FA
1662
15C0
1516
1464
13A9
12E7
121C
114A
1071
0F91
0EAA
0DBD
0CC9
0BD0
0AD1
09CE
08C5
07B9
06A9
0595
047F
0366
024B
012E
0010
FEF2
FDD4
FCB5
FB98
FA7C
F962
F84A
F735
F622
F514
F40A
F304
F203
F108
F013
EF24
EE3C
ED5A
EC81
EBAF
EAE6
EA24
E96C
E8BD
E817
E77C
E6EA
E663
E5E6
E574
E50C
E4B0
E45E
E418
E3DC
E3AC
E387
E36D
E35E
E35A
E362
E373
E390
E3B7
E3E9
E424
E46A
E4B9
E512
E574
E5DF
E652
E6CE
E751
E7DC
E86E
E908
E9A7
EA4E
EAFA
EBAB
EC62
ED1D
EDDD
EEA0
EF67
F032
F0FE
F1CE
F29F
F371
F445
F519
F5ED
F6C2
F796
F86A
F93C
FA0D
FADC
FBAA
FC75
FD3D
FE03
FEC5
FF84
003F
00F7
01AB
025A
0306
03AD
0450
04EE
0588
061D
06AE
073A
07C2
0845
08C3
093D
09B3
0A24
0A91
0AFA
0B5E
0BBF
0C1C
0C76
0CCC
0D1F
0D6E
0DBA
0E04
0E4B
0E8F
0ED1
0F11
0F4F
0F8B
0FC5
0FFE
1035
106C
10A0
10D4
1107
1139
116B
119C
11CC
11FC
122C
125B
1289
12B8
12E6
1313
1341
136D
139A
13C6
13F1
141B
1444
146D
1494
14BA
14DE
1500
1520
153E
155B
1575
158C
15A1
15B2
15C1
15CC
15D3
15D7
15D7
15D2
15C9
15BB
15A8
1590
1573
1551
1529
14FB
14C7
148D
144D
1406
13BA
1367
130D
12AD
1246
11D8
1163
10E7
1066
0FDE
0F4F
0EBB
0E21
0D82
0CDD
0C32
0B83
0ACF
0A17
095B
089B
07D7
0711
0648
057D
04AF
03E1
0311
0241
0171
00A1
FFD3
FF05
FE3A
FD71
FCAB
FBE8
FB29
FA6F
F9BA
F90A
F85F
F7BC
F71F
F689
F5FB
F575
F4F7
F482
F417
F3B4
F35C
F30D
F2C9
F28F
F260
F23B
F222
F213
F210
F217
F22A
F248
F271
F2A4
F2E3
F32C
F37F
F3DD
F445
F4B7
F533
F5B7
F645
F6DA
F778
F81D
F8C9
F97B
FA34
FAF1
FBB4
FC7A
FD44
FE11
FEE0
FFB1
0083
0155
0227
02F8
03C7
0494
055E
0624
06E6
07A3
085B
090C
09B7
0A5B
0AF6
0B8A
0C15
0C97
0D0F
0D7E
0DE2
0E3B
0E8A
0ECD
0F05
0F32
0F52
0F67
0F6F
0F6C
0F5D
0F41
0F1A
0EE6
0EA7
0E5D
0E07
0DA6
0D3B
0CC5
0C45
0BBC
0B29
0A8E
09EB
0940
088F
07D7
071A
0657
0590
04C5
03F7
0327
0254
0181
00AE
FFDA
FF08
FE38
FD69
FC9F
FBD7
FB15
FA57
F99F
F8EE
F843
F7A0
F706
F673
F5EA
F56A
F4F4
F489
F428
F3D3
F388
F34B
F319
F2F4
F2DA
F2CD
F2CC
F2D7
F2EE
F312
F341
F37D
F3C4
F416
F474
F4DD
F550
F5CD
F654
F6E4
F77D
F81E
F8C7
F977
FA2E
FAEB
FBAD
FC73
FD3E
FE0C
FEDD
FFB0
0084
0158
022D
0300
03D2
04A1
056E
0637
06FB
07BB
0875
0929
09D7
0A7D
0B1C
0BB3
0C41
0CC6
0D42
0DB5
0E1D
0E7C
0ED0
0F19
0F58
0F8D
0FB6
0FD5
0FE9
0FF3
0FF1
0FE6
0FD0
0FB0
0F87
0F53
0F17
0ED2
0E85
0E30
0DD4
0D71
0D07
0C98
0C24
0BAB
0B2E
0AAE
0A2B
09A6
0920
0899
0812
078B
0706
0683
0603
0585
050C
0497
0428
03BE
035A
02FE
02A8
025B
0217
01DB
01A8
017F
0160
014A
0140
013F
0149
015E
017E
01A9
01DE
021D
0268
02BC
031B
0383
03F5
0470
04F4
0580
0614
06AF
0751
07F9
08A7
0959
0A10
0ACB
0B88
0C47
0D09
0DCA
0E8C
0F4D
100D
10CA
1184
123A
12EC
1398
143E
14DC
1573
1602
1687
1703
1774
17DA
1835
1883
18C4
18F8
191F
1937
1941
193D
1929
1906
18D4
1893
1841
17E0
176E
16ED
165D
15BE
1510
1453
1388
12AF
11C8
10D4
0FD4
0EC8
0DB0
0C8D
0B60
0A2A
08EB
07A4
0656
0501
03A7
0248
00E5
FF7F
FE17
FCAD
FB43
F9DA
F872
F70D
F5AA
F44D
F2F4
F1A0
F054
EF0E
EDD1
EC9C
EB71
EA50
E93A
E82F
E730
E63E
E558
E480
E3B5
E2F9
E24A
E1AB
E119
E097
E023
DFBF
DF69
DF22
DEE9
DEC0
DEA4
DE96
DE96
DEA4
DEBE
DEE6
DF19
DF58
DFA2
DFF7
E055
E0BC
E12B
E1A2
E220
E2A4
E32D
E3BB
E44D
E4E2
E578
E611
E6AA
E743
E7DB
E871
E905
E996
EA23
EAAB
EB2E
EBAC
EC23
EC93
ECFB
ED5C
EDB4
EE03
EE48
EE84
EEB7
EEDF
EEFE
EF12
EF1B
EF1B
EF10
EEFA
EEDB
EEB1
EE7E
EE42
EDFC
EDAE
ED57
ECF8
EC92
EC26
EBB3
EB3A
EABC
EA3A
E9B5
E92D
E8A2
E816
E78A
E6FE
E674
E5EB
E565
E4E2
E465
E3EC
E37A
E30E
E2AB
E250
E1FE
E1B6
E178
E147
E121
E107
E0FB
E0FC
E10B
E129
E155
E191
E1DC
E237
E2A1
E31C
E3A6
E440
E4EA
E5A4
E66E
E746
E82E
E926
EA2C
EB40
EC61
ED90
EECA
F00F
F160
F2BA
F41E
F589
F6FC
F876
F9F5
FB79
FD00
FE89
0014
019F
032A
04B2
0638
07B9
0936
0AAC
0C1A
0D80
0EDD
102F
1175
12AF
13DB
14F9
1608
1706
17F3
18CF
1999
1A4F
1AF1
1B7F
1BF9
1C5D
1CAB
1CE4
1D07
1D13
1D09
1CE8
1CB2
1C64
1C01
1B88
1AF9
1A54
199B
18CE
17ED
16F8
15F1
14D8
13AF
1275
112B
0FD3
0E6D
0CFB
0B7D
09F5
0864
06CC
052C
0387
01DD
0031
FE82
FCD3
FB24
F978
F7CE
F628
F488
F2EF
F15D
EFD5
EE56
ECE2
EB7B
EA21
E8D5
E798
E66A
E54E
E442
E349
E263
E190
E0D1
E026
DF90
DF0F
DEA3
DE4D
DE0C
DDE1
DDCC
DDCC
DDE1
DE0C
DE4B
DE9F
DF07
DF83
E011
E0B2
E165
E229
E2FD
E3E1
E4D4
E5D4
E6E1
E7FA
E91E
EA4C
EB82
ECC0
EE05
EF50
F09F
F1F2
F347
F49D
F5F3
F747
F899
F9E8
FB32
FC77
FDB4
FEEA
0017
013B
0254
0361
0462
0556
063C
0713
07DB
0894
093C
09D3
0A59
0ACE
0B31
0B82
0BC0
0BED
0C07
0C0F
0C05
0BE9
0BBB
0B7D
0B2D
0ACC
0A5B
09DB
094B
08AC
0800
0746
0680
05AE
04D1
03E9
02F9
01FF
00FF
FFF7
FEEA
FDD9
FCC3
FBAB
FA91
F976
F85B
F742
F62B
F516
F406
F2FB
F1F7
F0F9
F002
EF14
EE2F
ED55
EC84
EBBF
EB06
EA5A
E9BA
E928
E8A5
E82F
E7C8
E770
E728
E6EF
E6C5
E6AB
E6A0
E6A5
E6BA
E6DE
E711
E752
E7A3
E801
E86D
E8E7
E96D
EA00
EAA0
EB4A
EBFE
ECBD
ED84
EE53
EF29
F006
F0E9
F1D1
F2BC
F3AB
F49C
F58F
F682
F775
F866
F956
FA43
FB2B
FC10
FCEE
FDC7
FE99
FF63
0024
00DD
018B
022F
02C9
0356
03D9
044F
04B8
0514
0562
05A2
05D5
05F8
060E
0614
060C
05F6
05D0
059C
055A
050A
04AC
0440
03C7
0340
02AE
020F
0164
00AF
FFEF
FF24
FE51
FD75
FC91
FBA6
FAB4
F9BD
F8C1
F7C0
F6BC
F5B6
F4AD
F3A3
F299
F18F
F087
EF81
EE7E
ED7E
EC83
EB8E
EA9E
E9B5
E8D4
E7FB
E72A
E663
E5A6
E4F4
E44D
E3B1
E322
E29F
E229
E1C1
E166
E119
E0DA
E0AA
E088
E075
E070
E07A
E092
E0B9
E0EE
E132
E184
E1E3
E250
E2CB
E353
E3E7
E488
E534
E5EC
E6AF
E77D
E855
E936
EA1F
EB12
EC0B
ED0C
EE13
EF20
F032
F149
F263
F380
F49F
F5BF
F6E0
F801
F922
FA42
FB5F
FC7B
FD93
FEA7
FFB7
00C1
01C6
02C5
03BD
04AD
0595
0675
074C
0819
08DD
0996
0A45
0AE8
0B80
0C0D
0C8D
0D01
0D69
0DC4
0E13
0E54
0E89
0EB0
0ECA
0ED6
0ED6
0EC9
0EAF
0E88
0E55
0E15
0DC9
0D71
0D0D
0C9D
0C22
0B9C
0B0B
0A70
09CB
091C
0864
07A3
06D9
0608
052E
044E
0367
027A
0187
008E
FF91
FE90
FD8A
FC82
FB77
FA6A
F95B
F84A
F738
F626
F514
F402
F2F1
F1E2
F0D4
EFC9
EEC0
EDBB
ECB9
EBBC
EAC2
E9CE
E8DF
E7F6
E712
E635
E55E
E48F
E3C7
E306
E24D
E19C
E0F3
E053
DFBC
DF2F
DEAC
DE31
DDC0
DD58
DCFA
DCA6
DC5B
DC1A
DBE2
DBB5
DB91
DB77
DB66
DB5F
DB61
DB6D
DB81
DB9F
DBC6
DBF6
DC2E
DC6E
DCB7
DD07
DD5F
DDBF
DE26
DE94
DF08
DF83
E003
E08B
E118
E1AA
E241
E2DD
E37D
E420
E4C7
E571
E61E
E6CD
E77E
E831
E8E5
E999
EA4E
EB03
EBB7
EC6B
ED1E
EDCF
EE7E
EF2B
EFD5
F07C
F120
F1C0
F25D
F2F5
F389
F418
F4A2
F528
F5A9
F623
F698
F707
F76F
F7D2
F82E
F883
F8D2
F91A
F95B
F996
F9CA
F9F7
FA1E
FA3E
FA57
FA6A
FA77
FA7D
FA7E
FA79
FA6E
FA5E
FA48
FA2E
FA0F
F9EB
F9C4
F998
F969
F939
F905
F8CF
F897
F85C
F821
F7E4
F7A7
F769
F72C
F6EE
F6B2
F677
F63D
F605
F5CF
F59C
F56C
F53F
F516
F4F1
F4D0
F4B4
F49D
F48A
F47D
F476
F474
F479
F483
F494
F4AC
F4CB
F4F1
F51E
F551
F58C
F5CE
F616
F666
F6BC
F719
F77D
F7E8
F858
F8CF
F94C
F9CE
FA56
FAE4
FB76
FC0D
FCA8
FD47
FDEA
FE90
FF39
FFE4
0092
0141
01F2
02A4
0356
0408
04BA
056A
061A
06C8
0774
081E
08C4
0968
0A08
0AA3
0B3B
0BCD
0C5B
0CE3
0D66
0DE3
0E5A
0ECA
0F34
0F97
0FF3
1048
1095
10DB
111A
1151
1181
11A9
11CA
11E3
11F4
11FE
1201
11FD
11F1
11DF
11C6
11A6
117F
1153
1121
10E9
10AC
106A
1023
0FD8
0F8A
0F37
0EE2
0E8A
0E30
0DD3
0D75
0D16
0CB6
0C56
0BF6
0B96
0B37
0AD9
0A7C
0A21
09C8
0972
091F
08CE
0881
0838
07F1
07AF
0771
0736
0700
06CE
06A1
0677
0653
0632
0616
05FE
05EB
05DB
05CF
05C7
05C3
05C2
05C4
05C9
05D0
05DA
05E5
05F2
0600
0610
061F
062F
063F
064D
065B
0667
0671
0679
067E
0680
067E
0678
066E
065E
064A
062F
060F
05E8
05BB
0586
054A
0506
04BA
0466
040A
03A5
0337
02C1
0242
01B9
0128
008E
FFEA
FF3E
FE89
FDCC
FD05
FC37
FB60
FA82
F99C
F8B0
F7BC
F6C2
F5C2
F4BC
F3B2
F2A3
F190
F079
EF60
EE44
ED27
EC09
EAEA
E9CB
E8AD
E791
E677
E560
E44C
E33C
E231
E12C
E02C
DF33
DE43
DD5B
DC7B
DBA4
DAD6
DA13
D95A
D8AC
D809
D772
D6E8
D669
D5F8
D593
D53C
D4F2
D4B6
D487
D466
D453
D44E
D457
D46D
D490
D4C1
D4FF
D549
D5A1
D604
D673
D6ED
D773
D804
D8A0
D945
D9F2
DAA8
DB65
DC29
DCF3
DDC3
DE97
DF70
E04B
E12A
E20A
E2EB
E3CC
E4AD
E58C
E66A
E744
E81B
E8EE
E9BD
EA85
EB47
EC03
ECB7
ED63
EE06
EEA1
EF31
EFB8
F035
F0A7
F10E
F16A
F1BA
F1FE
F236
F262
F282
F296
F29E
F29A
F289
F26D
F246
F213
F1D5
F18D
F13A
F0DE
F078
F00A
EF93
EF15
EE8F
EE03
ED71
ECDA
EC3F
EBA0
EAFE
EA59
E9B3
E90C
E866
E7C0
E71C
E67A
E5DC
E542
E4AC
E41D
E393
E311
E297
E226
E1BE
E160
E10C
E0C4
E087
E057
E034
E01D
E015
E01A
E02E
E050
E081
E0C1
E111
E16F
E1DD
E25A
E2E6
E382
E42C
E4E5
E5AC
E681
E764
E855
E952
EA5B
EB71
EC91
EDBC
EEF2
F030
F177
F2C6
F41C
F578
F6DA
F840
F9AA
FB17
FC85
FDF5
FF65
00D4
0241
03AC
0513
0676
07D4
092B
0A7C
0BC4
0D04
0E3B
0F68
1089
119F
12A9
13A5
1495
1576
1648
170C
17C0
1864
18F8
197C
19EF
1A51
1AA2
1AE2
1B11
1B2F
1B3C
1B38
1B23
1AFE
1AC8
1A83
1A2D
19C9
1955
18D4
1844
17A8
16FE
1649
1589
14BE
13E9
130B
1224
1136
1040
0F45
0E44
0D3F
0C36
0B2A
0A1C
090C
07FD
06ED
05DE
04D2
03C8
02C1
01BE
00C0
FFC7
FED4
FDE8
FD03
FC27
FB53
FA88
F9C6
F90D
F85F
F7BB
F722
F694
F611
F59A
F52E
F4CD
F478
F42F
F3F1
F3BE
F397
F37C
F36B
F365
F36A
F379
F393
F3B6
F3E2
F417
F455
F49B
F4E8
F53D
F598
F5FA
F662
F6D0
F742
F7B8
F832
F8AF
F92E
F9AF
FA32
FAB5
FB39
FBBC
FC3E
FCBF
FD3F
FDBB
FE35
FEAB
FF1E
FF8C
FFF5
0059
00B8
0111
0163
01AF
01F3
0231
0267
0295
02BB
02D9
02EF
02FC
0301
02FD
02F0
02DB
02BC
0295
0266
022D
01EC
01A2
0150
00F6
0093
0029
FFB7
FF3D
FEBC
FE34
FDA6
FD11
FC75
FBD4
FB2E
FA82
F9D2
F91D
F864
F7A7
F6E8
F626
F561
F49B
F3D3
F30A
F240
F176
F0AC
EFE3
EF1B
EE55
ED91
ECD0
EC12
EB58
EAA3
E9F2
E946
E8A0
E801
E768
E6D7
E64D
E5CC
E554
E4E4
E47E
E423
E3D1
E38B
E350
E320
E2FD
E2E7
E2DD
E2DF
E2EF
E30B
E335
E36C
E3B1
E403
E463
E4D0
E54B
E5D4
E66A
E70D
E7BD
E87B
E945
EA1B
EAFE
EBEC
ECE5
EDEA
EEF8
F011
F132
F25C
F38E
F4C8
F608
F74E
F898
F9E6
FB38
FC8D
FDE3
FF3A
0091
01E7
033C
048D
05DC
0726
086B
09AB
0AE3
0C14
0D3C
0E5B
0F70
107B
117A
126D
1353
142C
14F8
15B5
1663
1702
1792
1812
1881
18E1
192E
196B
1996
19B1
19BB
19B5
199D
1976
193E
18F7
18A1
183C
17C8
1747
16B8
161D
1576
14C3
1406
133F
1270
1198
10B9
0FD3
0EE7
0DF7
0D03
0C0C
0B12
0A18
091D
0822
0729
0631
053D
044B
035F
0277
0194
00B8
FFE3
FF15
FE50
FD93
FCDE
FC34
FB93
FAFC
FA6F
F9ED
F976
F90A
F8A8
F851
F806
F7C5
F78F
F763
F742
F72B
F71E
F71A
F71F
F72C
F742
F75F
F784
F7AF
F7E0
F817
F852
F891
F8D4
F919
F961
F9AA
F9F3
FA3C
FA85
FACC
FB11
FB53
FB92
FBCC
FC02
FC32
FC5C
FC7F
FC9C
FCB1
FCBD
FCC1
FCBC
FCAE
FC97
FC75
FC48
FC12
FBD1
FB85
FB2F
FACF
FA63
F9EE
F96E
F8E4
F850
F7B2
F70B
F65B
F5A2
F4E1
F419
F349
F273
F196
F0B5
EFCE
EEE3
EDF6
ED05
EC12
EB1F
EA2B
E938
E846
E757
E66A
E582
E49F
E3C1
E2EA
E21A
E152
E093
DFDD
DF32
DE92
DDFE
DD76
DCFB
DC8E
DC2E
DBDE
DB9C
DB6A
DB48
DB36
DB34
DB43
DB63
DB93
DBD5
DC27
DC8B
DCFF
DD83
DE18
DEBD
DF72
E036
E109
E1EB
E2DA
E3D7
E4E0
E5F4
E714
E83E
E972
EAAE
EBF2
ED3D
EE8E
EFE4
F13E
F29B
F3FB
F55B
F6BB
F81A
F978
FAD2
FC29
FD7B
FEC6
000B
0149
027D
03A9
04CA
05E0
06E9
07E6
08D6
09B8
0A8C
0B51
0C07
0CAC
0D42
0DC8
0E3D
0EA1
0EF5
0F38
0F6A
0F8B
0F9C
0F9D
0F8D
0F6E
0F40
0F03
0EB8
0E5F
0DF9
0D87
0D08
0C80
0BED
0B50
0AAC
0A00
094E
0896
07DA
071A
0658
0594
04D0
040E
034D
028E
01D4
011F
0071
FFC9
FF29
FE93
FE07
FD86
FD11
FCA8
FC4E
FC01
FBC4
FB96
FB79
FB6D
FB72
FB89
FBB3
FBEF
FC3D
FC9F
FD15
FD9E
FE3A
FEEA
FFAC
0081
0168
0261
036C
0488
05B5
06F2
083E
0999
0B02
0C78
0DFB
0F88
1120
12C2
146C
161D
17D4
1991
1B51
1D14
1ED9
209D
2262
2424
25E2
279D
2951
2AFF
2CA5
2E42
2FD4
315B
32D5
3441
359F
36ED
382A
3957
3A70
3B77
3C6A
3D49
3E13
3EC7
3F65
3FED
405D
40B7
40F9
4124
4138
4133
4118
40E5
409A
4039
3FC2
3F34
3E90
3DD7
3D09
3C28
3B33
3A2B
3912
37E8
36AD
3563
340B
32A5
3133
2FB5
2E2D
2C9B
2B02
2960
27B9
260C
245C
22A8
20F3
1F3D
1D87
1BD2
1A1F
1870
16C5
1520
1380
11E8
1058
0ED0
0D53
0BDF
0A77
0919
07C8
0684
054C
0422
0305
01F7
00F7
0005
FF22
FE4D
FD87
FCD0
FC27
FB8C
FB00
FA81
FA10
F9AD
F956
F90C
F8CD
F89A
F872
F855
F841
F836
F834
F83A
F848
F85B
F874
F893
F8B5
F8DB
F904
F92E
F95B
F987
F9B4
F9E0
FA0B
FA33
FA5A
FA7C
FA9C
FAB7
FACD
FADE
FAE9
FAEF
FAEE
FAE7
FAD9
FAC4
FAA7
FA84
FA59
FA27
F9ED
F9AD
F965
F916
F8C1
F864
F802
F799
F72B
F6B8
F63F
F5C3
F542
F4BE
F438
F3AF
F324
F298
F20C
F180
F0F4
F06A
EFE3
EF5D
EEDC
EE5E
EDE5
ED72
ED04
EC9D
EC3D
EBE5
EB96
EB50
EB13
EADF
EAB6
EA97
EA83
EA7B
EA7E
EA8C
EAA7
EACE
EB01
EB40
EB8C
EBE4
EC49
ECBA
ED36
EDBF
EE54
EEF3
EF9E
F053
F113
F1DD
F2B0
F38B
F46F
F55B
F64E
F747
F846
F94A
FA52
FB5D
FC6B
FD7B
FE8D
FF9E
00AF
01BF
02CD
03D8
04DF
05E3
06E1
07D9
08CB
09B6
0A99
0B74
0C46
0D0E
0DCC
0E7F
0F27
0FC4
1055
10DA
1151
11BD
121B
126C
12AF
12E5
130E
1329
1336
1336
1329
1310
12E9
12B5
1276
122A
11D3
1171
1104
108D
100C
0F82
0EF0
0E56
0DB4
0D0C
0C5D
0BAA
0AF1
0A35
0975
08B3
07EF
072A
0665
059F
04DC
041B
035C
02A0
01E8
0134
0085
FFDB
FF38
FE9A
FE04
FD75
FCEE
FC6F
FBF8
FB89
FB24
FAC7
FA73
FA29
F9E7
F9AF
F980
F95A
F93D
F929
F91D
F91A
F91F
F92B
F93F
F959
F97B
F9A2
F9CF
FA02
FA39
FA74
FAB2
FAF3
FB37
FB7C
FBC2
FC09
FC4F
FC95
FCD9
FD1B
FD5B
FD97
FDCF
FE03
FE31
FE5B
FE7E
FE9A
FEB0
FEBE
FEC4
FEC1
FEB6
FEA2
FE85
FE5F
FE2C
FDF0
FDAA
FD5A
FD00
FC9D
FC2F
FBB7
FB35
FAAA
FA16
F979
F8D3
F824
F76E
F6B0
F5EB
F51F
F44D
F375
F298
F1B7
F0D2
EFEA
EEFF
EE13
ED25
EC37
EB49
EA5C
E971
E888
E7A1
E6BD
E5DE
E504
E430
E363
E29E
E1E0
E12C
E080
DFDE
DF47
DEBA
DE39
DDC3
DD59
DCFB
DCAA
DC66
DC2F
DC04
DBE8
DBD8
DBD6
DBE2
DBFA
DC20
DC53
DC93
DCDF
DD37
DD9C
DE0C
DE86
DF0C
DF9C
E036
E0DA
E186
E23B
E2F7
E3BA
E484
E553
E628
E700
E7DD
E8BC
E99E
EA81
EB65
EC4A
ED2D
EE10
EEF0
EFCE
F0A9
F17F
F252
F31F
F3E6
F4A8
F563
F616
F6C2
F766
F802
F895
F920
F9A1
FA18
FA87
FAEB
FB46
FB98
FBDF
FC1D
FC52
FC7D
FC9F
FCB8
FCC9
FCD1
FCD1
FCCA
FCBC
FCA6
FC8B
FC6A
FC43
FC18
FBE9
FBB7
FB81
FB4A
FB10
FAD6
FA9C
FA62
FA29
F9F1
F9BC
F989
F95A
F92F
F908
F8E6
F8CA
F8B4
F8A4
F89C
F89A
F8A1
F8AF
F8C6
F8E6
F90E
F93F
F979
F9BD
FA09
FA5F
FABE
FB27
FB98
FC11
FC94
FD1E
FDB2
FE4D
FEF0
FF99
0048
00FD
01B7
0276
0338
03FE
04C6
0590
065C
0727
07F2
08BC
0984
0A49
0B0A
0BC7
0C7F
0D31
0DDC
0E7F
0F1A
0FAC
1034
10B2
1124
118A
11E4
1231
1271
12A2
12C5
12D9
12DD
12D2
12B7
128B
124E
1201
11A4
1135
10B6
1026
0F86
0ED5
0E14
0D44
0C64
0B75
0A78
096C
0854
072E
05FD
04C0
0378
0227
00CD
FF6B
FE01
FC92
FB1C
F9A3
F826
F6A7
F527
F3A7
F228
F0AC
EF32
EDBD
EC4D
EAE4
E982
E829
E6D9
E594
E45A
E32D
E20D
E0FC
DFF9
DF06
DE24
DD53
DC94
DBE8
DB4E
DAC8
DA57
D9F9
D9B0
D97C
D95D
D952
D95D
D97D
D9B3
D9FD
DA5D
DAD2
DB5B
DBF8
DCAA
DD6E
DE46
DF30
E02B
E138
E255
E382
E4BE
E608
E75F
E8C2
EA31
EBAA
ED2C
EEB7
F049
F1E2
F380
F523
F6C8
F870
FA19
FBC1
FD69
FF0E
00B0
024F
03E8
057B
0707
088B
0A07
0B79
0CE0
0E3D
0F8E
10D2
1209
1333
144E
155B
1659
1747
1826
18F4
19B3
1A61
1AFE
1B8C
1C08
1C74
1CD0
1D1C
1D58
1D85
1DA2
1DB0
1DB0
1DA1
1D85
1D5B
1D25
1CE3
1C94
1C3B
1BD8
1B6B
1AF4
1A76
19F0
1963
18D0
1837
179A
16F9
1654
15AD
1504
145A
13B0
1306
125D
11B5
1110
106D
0FCE
0F33
0E9C
0E0A
0D7E
0CF7
0C75
0BFA
0B86
0B19
0AB2
0A53
09FC
09AC
0964
0923
08EA
08B9
088F
086D
0852
083F
0832
082C
082C
0832
083F
0850
0867
0882
08A2
08C5
08EB
0914
093F
096B
0999
09C7
09F6
0A24
0A51
0A7D
0AA7
0ACE
0AF3
0B15
0B33
0B4D
0B62
0B73
0B7E
0B84
0B84
0B7E
0B72
0B5F
0B45
0B25
0AFD
0ACE
0A97
0A59
0A13
09C7
0972
0916
08B2
0847
07D5
075C
06DC
0656
05C9
0536
049D
03FE
035A
02B2
0204
0153
009D
FFE5
FF29
FE6A
FDAA
FCE7
FC23
FB5E
FA99
F9D4
F90F
F84A
F787
F6C5
F606
F549
F48E
F3D7
F323
F273
F1C7
F11F
F07C
EFDE
EF45
EEB2
EE25
ED9D
ED1B
ECA0
EC2A
EBBC
EB53
EAF2
EA97
EA42
E9F5
E9AE
E96D
E933
E900
E8D4
E8AD
E88D
E873
E860
E852
E84A
E846
E849
E850
E85D
E86E
E884
E89F
E8BE
E8E1
E908
E933
E961
E993
E9C9
EA01
EA3D
EA7C
EABE
EB03
EB4A
EB94
EBE0
EC2F
EC81
ECD5
ED2B
ED84
EDE0
EE3D
EE9E
EF01
EF66
EFCD
F038
F0A4
F114
F187
F1FD
F276
F2F3
F372
F3F5
F47C
F507
F595
F627
F6BD
F757
F7F5
F897
F93E
F9E8
FA97
FB4A
FC02
FCBD
FD7D
FE41
FF09
FFD5
00A5
0178
024F
032A
0408
04EA
05CE
06B5
079E
0889
0975
0A63
0B52
0C41
0D30
0E1F
0F0D
0FFA
10E5
11CE
12B4
1396
1475
154F
1625
16F4
17BE
1881
193D
19F2
1A9D
1B40
1BDA
1C6A
1CEF
1D6A
1DDA
1E3F
1E98
1EE4
1F23
1F54
1F77
1F8C
1F93
1F8B
1F74
1F4E
1F19
1ED4
1E81
1E1E
1DAB
1D2A
1C9A
1BFB
1B4D
1A91
19C7
18F0
180B
1719
161C
1512
13FE
12DF
11B6
1084
0F4B
0E0B
0CC5
0B78
0A26
08D0
0777
061B
04BE
0361
0204
00A8
FF4E
FDF8
FCA6
FB59
FA13
F8D3
F79C
F66D
F549
F42F
F320
F21F
F12A
F043
EF6C
EEA3
EDEB
ED43
ECAD
EC29
EBB7
EB58
EB0C
EAD4
EAB0
EA9F
EAA3
EABC
EAE9
EB2A
EB7F
EBE8
EC65
ECF6
ED9A
EE51
EF1A
EFF6
F0E2
F1DF
F2EC
F409
F534
F66D
F7B3
F905
FA62
FBC9
FD39
FEB2
0031
01B6
033F
04CC
065C
07ED
097E
0B0F
0C9E
0E2A
0FB3
1136
12B3
1429
1597
16FC
1856
19A6
1AE9
1C20
1D4A
1E65
1F70
206D
2159
2234
22FD
23B5
245A
24ED
256D
25DA
2634
267A
26AC
26CB
26D7
26CF
26B5
2688
2648
25F7
2594
2521
249C
2408
2365
22B3
21F3
2126
204D
1F69
1E7A
1D81
1C80
1B77
1A67
1952
1837
1719
15F8
14D6
13B2
128F
116D
104D
0F31
0E19
0D07
0BFA
0AF5
09F7
0902
0816
0734
065C
0590
04D0
041C
0375
02DB
024E
01D0
0160
00FE
00AB
0066
0030
0008
FFEF
FFE5
FFE9
FFFA
001A
0046
0080
00C6
0119
0177
01E1
0255
02D3
035A
03EA
0481
051F
05C3
066C
071A
07CC
0881
0937
09EF
0AA8
0B60
0C16
0CCB
0D7C
0E2A
0ED4
0F78
1016
10AE
113E
11C6
1246
12BD
1329
138C
13E4
1431
1473
14A9
14D2
14F0
1500
1504
14FB
14E5
14C2
1492
1456
140C
13B6
1354
12E6
126C
11E7
1157
10BC
1018
0F69
0EB2
0DF2
0D2A
0C5A
0B84
0AA8
09C6
08DF
07F4
0705
0614
0522
042D
0338
0243
014D
0059
FF66
FE75
FD87
FC9C
FBB4
FAD1
F9F2
F919
F844
F775
F6AC
F5EA
F52E
F478
F3C9
F322
F281
F1E7
F155
F0C9
F044
EFC6
EF4F
EEDE
EE73
EE0E
EDAF
ED55
ED01
ECB1
EC65
EC1D
EBD8
EB97
EB58
EB1A
EADF
EAA4
EA6A
EA30
E9F5
E9B9
E97C
E93D
E8FB
E8B7
E86F
E824
E7D4
E780
E727
E6C8
E665
E5FB
E58C
E517
E49B
E417
E38D
E2FC
E265
E1C8
E125
E07B
DFCC
DF18
DE5E
DD9F
DCDC
DC15
DB4B
DA7E
D9AE
D8DC
D809
D736
D663
D590
D4C0
D3F1
D326
D25F
D19D
D0E1
D02B
CF7C
CED6
CE39
CDA6
CD1C
CC9F
CC2E
CBCA
CB74
CB2D
CAF5
CACE
CAB7
CAB2
CABF
CADE
CB10
CB56
CBAF
CC1D
CC9E
CD35
CDE0
CE9F
CF74
D05D
D15B
D26D
D393
D4CD
D61A
D77B
D8ED
DA72
DC08
DDAF
DF67
E12E
E302
E4E4
E6D3
E8CC
EACF
ECDC
EEF0
F10B
F32A
F54E
F775
F99D
FBC5
FDEC
0011
0231
044C
0660
086B
0A6E
0C65
0E51
102F
11FE
13BE
156C
1708
1890
1A04
1B63
1CAC
1DDD
1EF6
1FF7
20DD
21AA
225C
22F2
236D
23CC
240F
2435
243E
242B
23FC
23B1
2349
22C6
2227
216D
209A
1FAC
1EA6
1D87
1C52
1B06
19A4
182F
16A6
150B
1360
11A5
0FDB
0E04
0C22
0A37
0843
0647
0447
0242
003B
FE34
FC2C
FA27
F825
F628
F432
F244
F05E
EE84
ECB5
EAF3
E940
E79C
E608
E487
E318
E1BC
E075
DF44
DE28
DD22
DC34
DB5E
DA9F
D9F8
D96B
D8F6
D89A
D856
D82C
D81A
D821
D840
D877
D8C5
D929
D9A4
DA34
DAD8
DB91
DC5C
DD39
DE28
DF26
E033
E14E
E275
E3A7
E4E4
E629
E776
E8C9
EA21
EB7C
ECDA
EE38
EF96
F0F1
F24A
F39F
F4ED
F636
F776
F8AD
F9DA
FAFB
FC11
FD19
FE14
FEFF
FFDB
00A7
0162
020B
02A2
0327
0399
03F8
0443
047C
04A1
04B3
04B1
049D
0475
043C
03F0
0392
0323
02A3
0214
0176
00C9
0010
FF49
FE78
FD9B
FCB6
FBC7
FAD1
F9D5
F8D4
F7CF
F6C7
F5BE
F4B4
F3AB
F2A4
F1A0
F0A0
EFA6
EEB3
EDC8
ECE6
EC0E
EB40
EA7F
E9CB
E925
E88F
E808
E792
E72C
E6D9
E698
E66A
E650
E649
E657
E679
E6AF
E6FA
E75A
E7CE
E856
E8F3
E9A4
EA69
EB41
EC2B
ED28
EE37
EF56
F086
F1C5
F312
F46E
F5D6
F74A
F8C9
FA51
FBE3
FD7C
FF1C
00C0
0269
0414
05C0
076D
0919
0AC2
0C68
0E09
0FA5
1139
12C5
1447
15BF
172B
188B
19DD
1B20
1C54
1D77
1E89
1F89
2077
2151
2217
22C9
2365
23ED
245E
24BB
2501
2531
254B
254E
253B
2511
24D2
247C
2412
2391
22FD
2254
2197
20C7
1FE5
1EF2
1DED
1CD8
1BB4
1A82
1942
17F6
169E
153B
13CF
125A
10DE
0F5B
0DD3
0C47
0AB7
0928
0796
0605
0475
02E6
015A
FFD2
FE4F
FCD1
FB5A
F9EA
F882
F723
F5CE
F483
F344
F210
F0E8
EFCD
EEBF
EDBE
ECCC
EBE8
EB12
EA4B
E993
E8E9
E84F
E7C4
E748
E6DA
E67C
E62E
E5EE
E5BC
E598
E581
E577
E579
E588
E5A2
E5C8
E5F8
E631
E674
E6C0
E715
E770
E7D3
E83C
E8AB
E91E
E996
EA12
EA91
EB13
EB97
EC1C
ECA1
ED28
EDAD
EE33
EEB7
EF39
EFBA
F038
F0B4
F12D
F1A2
F214
F282
F2EC
F351
F3B3
F40F
F467
F4BB
F509
F553
F598
F5D9
F615
F64C
F67F
F6AF
F6DA
F701
F726
F747
F765
F780
F79A
F7B1
F7C7
F7DC
F7F0
F805
F819
F82F
F845
F85C
F875
F890
F8AD
F8CC
F8EF
F915
F93F
F96C
F99E
F9D3
FA0D
FA4C
FA90
FAD8
FB26
FB78
FBD0
FC2C
FC8E
FCF5
FD61
FDD1
FE46
FEC0
FF3E
FFC0
0046
00D2
0160
01F2
0286
031C
03B4
044D
04E7
0582
061D
06B8
0752
07EA
0881
0915
09A7
0A35
0ABF
0B46
0BC7
0C44
0CBB
0D2C
0D96
0DF9
0E55
0EA9
0EF5
0F39
0F74
0FA5
0FCE
0FED
1003
100E
100F
1006
0FF2
0FD4
0FAB
0F78
0F3A
0EF1
0E9E
0E40
0DD9
0D67
0CEC
0C67
0BD9
0B43
0AA3
09FC
094C
0896
07D8
0714
064B
057B
04A7
03CF
02F3
0213
0131
004D
FF68
FE82
FD9C
FCB6
FBD1
FAEE
FA0D
F92E
F853
F77C
F6A9
F5DB
F513
F451
F395
F2DF
F231
F18B
F0ED
F057
EFCA
EF45
EECA
EE59
EDF0
ED92
ED3E
ECF3
ECB3
EC7D
EC50
EC2E
EC16
EC07
EC03
EC07
EC15
EC2C
EC4C
EC74
ECA5
ECDE
ED1E
ED66
EDB4
EE09
EE64
EEC5
EF2B
EF96
F006
F079
F0F0
F16A
F1E6
F264
F2E4
F365
F3E6
F468
F4E9
F569
F5E8
F665
F6DF
F757
F7CC
F83D
F8AA
F913
F978
F9D8
FA33
FA88
FAD8
FB22
FB66
FBA4
FBDB
FC0C
FC37
FC5B
FC78
FC8F
FC9F
FCA8
FCAB
FCA7
FC9C
FC8C
FC75
FC58
FC35
FC0C
FBDE
FBA9
FB6F
FB30
FAED
FAA5
FA59
FA0A
F9B7
F960
F907
F8AA
F84C
F7EA
F787
F723
F6BC
F655
F5EC
F583
F519
F4AF
F445
F3DA
F370
F306
F29D
F234
F1CC
F164
F0FE
F099
F034
EFD1
EF6E
EF0C
EEAC
EE4D
EDEF
ED92
ED36
ECDB
EC81
EC28
EBCF
EB78
EB20
EACA
EA73
EA1D
E9C6
E970
E91A
E8C3
E86B
E813
E7BA
E760
E705
E6A9
E64C
E5EE
E58D
E52C
E4C8
E464
E3FD
E395
E32A
E2BE
E250
E1DF
E16D
E0F9
E083
E00B
DF92
DF17
DE9A
DE1C
DD9E
DD1E
DC9D
DC1C
DB9B
DB19
DA98
DA17
D997
D919
D89B
D81F
D7A5
D72D
D6B8
D646
D5D7
D56D
D508
D4A6
D449
D3F1
D39E
D351
D30A
D2C8
D28E
D25A
D22D
D208
D1E9
D1D3
D1C5
D1BE
D1C0
D1CA
D1DD
D1F8
D21C
D249
D27E
D2BC
D303
D353
D3AB
D40C
D476
D4E7
D561
D5E4
D66F
D701
D79B
D83C
D8E3
D992
DA46
DB00
DBBF
DC84
DD4D
DE1A
DEEB
DFBF
E096
E170
E24C
E329
E407
E4E6
E5C5
E6A3
E781
E85D
E938
EA10
EAE6
EBB8
EC87
ED52
EE19
EEDB
EF98
F050
F102
F1AE
F253
F2F2
F38B
F41D
F4A7
F52B
F5A7
F61C
F689
F6EF
F74D
F7A4
F7F4
F83C
F87D
F8B7
F8EB
F917
F93D
F95D
F977
F98B
F99A
F9A4
F9A8
F9A9
F9A6
F99D
F992
F983
F973
F960
F94C
F936
F921
F90A
F8F5
F8E0
F8CC
F8B9
F8A9
F89C
F891
F889
F885
F885
F88A
F893
F8A2
F8B5
F8CF
F8EE
F914
F93F
F971
F9AA
F9EA
FA30
FA7E
FAD2
FB2C
FB8E
FBF6
FC65
FCDB
FD58
FDDB
FE64
FEF3
FF88
0023
00C3
0167
0211
02BF
0371
0426
04DF
059A
0657
0717
07D8
089A
095C
0A1E
0AE0
0BA1
0C60
0D1E
0DD9
0E91
0F46
0FF7
10A4
114C
11EE
128B
1322
13B2
143C
14BF
153A
15AD
1618
167B
16D6
1728
1771
17B1
17E8
1816
183A
1856
1868
1871
1871
1869
1857
183C
1819
17EE
17BA
177F
173C
16F2
16A1
1649
15EB
1587
151D
14AF
143B
13C4
1348
12C9
1248
11C3
113D
10B5
102D
0FA3
0F1A
0E90
0E08
0D81
0CFB
0C77
0BF6
0B78
0AFD
0A86
0A13
09A4
0939
08D3
0873
0818
07C2
0772
0728
06E4
06A6
066E
063C
0611
05EB
05CC
05B2
059F
0591
0589
0586
0589
0590
059D
05AD
05C2
05DB
05F7
0617
0639
065D
0684
06AC
06D5
06FF
0729
0753
077C
07A4
07CB
07EF
0811
0830
084C
0864
0877
0886
0890
0894
0893
088C
087E
086A
084F
082C
0803
07D1
0798
0757
070D
06BC
0662
0600
0596
0524
04A9
0426
039B
0308
026D
01CB
0121
006F
FFB7
FEF8
FE33
FD68
FC97
FBC2
FAE7
FA09
F926
F841
F758
F66E
F582
F494
F3A6
F2B8
F1CB
F0DF
EFF5
EF0C
EE27
ED45
EC67
EB8E
EABA
E9EC
E923
E861
E7A6
E6F3
E647
E5A4
E509
E478
E3F0
E373
E2FF
E297
E239
E1E7
E1A0
E165
E136
E113
E0FD
E0F3
E0F5
E104
E120
E149
E17D
E1BF
E20D
E267
E2CE
E340
E3BE
E448
E4DD
E57D
E628
E6DD
E79C
E865
E936
EA10
EAF2
EBDC
ECCE
EDC6
EEC4
EFC9
F0D2
F1E1
F2F4
F40B
F526
F643
F762
F884
F9A7
FACB
FBEF
FD13
FE36
FF59
007A
0198
02B5
03CF
04E5
05F9
0709
0815
091C
0A1E
0B1A
0C11
0D02
0DED
0ED1
0FAE
1084
1154
121C
12DC
1395
1446
14F0
1591
162B
16BC
1746
17C7
1841
18B2
191C
197E
19D8
1A2A
1A75
1AB8
1AF3
1B29
1B57
1B7E
1B9E
1BB8
1BCB
1BD8
1BDF
1BE1
1BDC
1BD2
1BC3
1BAF
1B96
1B78
1B55
1B2F
1B04
1AD6
1AA4
1A6E
1A35
19F9
19BA
1978
1934
18ED
18A4
1858
180B
17BB
176A
1717
16C2
166B
1613
15BA
155F
1504
14A7
144A
13EB
138C
132C
12CC
126A
1209
11A7
1144
10E1
107E
101B
0FB7
0F53
0EEF
0E8B
0E27
0DC3
0D5F
0CFB
0C97
0C33
0BCF
0B6C
0B07
0AA2
0A3D
09D8
0974
0910
08AC
0849
07E6
0784
0722
06C1
0661
0601
05A2
0544
04E7
048B
0430
03D6
037D
0325
02CF
027A
0227
01D5
0185
0137
00EA
009F
0056
0010
FFCA
FF86
FF44
FF05
FEC8
FE8D
FE55
FE20
FDEE
FDBE
FD91
FD67
FD40
FD1C
FCFC
FCDE
FCC4
FCAD
FC99
FC89
FC7C
FC73
FC6D
FC6B
FC6C
FC71
FC7A
FC86
FC96
FCAA
FCC2
FCDE
FCFC
FD1F
FD46
FD70
FD9E
FDD1
FE07
FE41
FE80
FEC2
FF09
FF53
FFA2
FFF4
004B
00A6
0105
0169
01D0
023C
02AB
031F
0397
0414
0494
0519
05A1
062E
06BF
0754
07ED
088A
092B
09D0
0A79
0B26
0BD6
0C8B
0D43
0DFE
0EBD
0F80
1045
110E
11DA
12A8
137A
144E
1524
15FD
16D7
17B4
1892
1972
1A53
1B34
1C17
1CFA
1DDD
1EC0
1FA3
2085
2166
2246
2324
2401
24DC
25B4
2689
275A
2829
28F3
29B8
2A79
2B35
2BEB
2C9B
2D44
2DE7
2E83
2F17
2FA3
3027
30A3
3115
317D
31DC
3230
327A
32BA
32EE
3316
3333
3344
3348
3340
332C
330B
32DD
32A1
3258
3202
319E
312C
30AC
301F
2F84
2EDC
2E26
2D62
2C91
2BB3
2AC8
29D0
28CC
27BC
26A0
2578
2446
2308
21C1
206F
1F14
1DB0
1C44
1AD1
1956
17D4
164D
14C1
1330
119B
1002
0E67
0CCA
0B2C
098D
07EE
0650
04B4
031B
0184
FFF2
FE65
FCDD
FB5B
F9E0
F86D
F703
F5A1
F44A
F2FD
F1BB
F085
EF5B
EE3F
ED30
EC2F
EB3C
EA59
E986
E8C2
E80F
E76C
E6DA
E65A
E5EB
E58E
E543
E50A
E4E3
E4CE
E4CB
E4DB
E4FC
E530
E575
E5CC
E634
E6AD
E737
E7D2
E87C
E936
EA00
EAD8
EBBF
ECB3
EDB5
EEC3
EFDD
F103
F232
F36C
F4AE
F5FA
F74E
F8A8
FA0A
FB71
FCDD
FE4E
FFC2
0139
02B2
042C
05A6
0721
089A
0A12
0B87
0CF9
0E67
0FD1
1136
1295
13ED
153F
1689
17CB
1905
1A36
1B5D
1C7A
1D8C
1E94
1F90
2082
2168
2242
2311
23D3
248A
2534
25D2
2664
26E9
2763
27D0
2831
2886
28CF
290D
293F
2966
2982
2993
299A
2997
298A
2974
2954
292C
28FC
28C4
2884
283D
27EF
279C
2742
26E3
267F
2617
25AB
253B
24C7
2451
23D8
235E
22E1
2263
21E4
2165
20E5
2064
1FE4
1F65
1EE6
1E68
1DEA
1D6F
1CF4
1C7B
1C04
1B8E
1B1B
1AA9
1A39
19CB
195F
18F6
188E
1828
17C3
1761
1700
16A0
1642
15E5
1589
152F
14D4
147B
1422
13C9
1370
1316
12BD
1263
1208
11AC
114E
10F0
1090
102E
0FCA
0F64
0EFB
0E91
0E24
0DB4
0D41
0CCC
0C54
0BD8
0B5A
0AD8
0A54
09CC
0941
08B3
0822
078E
06F7
065D
05C0
0521
0480
03DC
0336
028E
01E5
013A
008F
FFE2
FF34
FE86
FDD8
FD2A
FC7D
FBD0
FB25
FA7B
F9D3
F92D
F88A
F7EA
F74C
F6B2
F61B
F589
F4FB
F471
F3EC
F36D
F2F2
F27E
F20F
F1A6
F144
F0E7
F092
F043
EFFB
EFBB
EF81
EF4E
EF23
EEFF
EEE3
EECE
EEC0
EEB9
EEBA
EEC2
EED1
EEE7
EF04
EF28
EF53
EF85
EFBC
EFFA
F03D
F086
F0D5
F128
F180
F1DC
F23C
F2A0
F308
F372
F3DF
F44E
F4BF
F532
F5A5
F61A
F68F
F704
F779
F7ED
F860
F8D2
F942
F9B0
FA1B
FA84
FAEA
FB4E
FBAE
FC0B
FC65
FCBB
FD0D
FD5B
FDA4
FDE9
FE2A
FE66
FE9E
FED1
FEFF
FF28
FF4C
FF6C
FF87
FF9E
FFB0
FFBE
FFC7
FFCC
FFCD
FFCA
FFC4
FFBA
FFAD
FF9D
FF8A
FF74
FF5C
FF43
FF27
FF0B
FEED
FECF
FEB1
FE92
FE74
FE56
FE39
FE1D
FE03
FDEA
FDD3
FDBF
FDAD
FD9D
FD91
FD88
FD82
FD80
FD82
FD87
FD91
FD9F
FDB2
FDC8
FDE4
FE04
FE29
FE53
FE81
FEB4
FEEC
FF27
FF68
FFAC
FFF5
0042
0092
00E6
013E
0199
01F8
0259
02BC
0323
038B
03F5
0460
04CD
053B
05A9
0618
0686
06F4
0762
07CE
0839
08A2
090A
096F
09D2
0A32
0A8E
0AE7
0B3B
0B8C
0BD7
0C1E
0C60
0C9C
0CD3
0D04
0D2F
0D54
0D72
0D8A
0D9C
0DA7
0DAB
0DA8
0D9F
0D8F
0D78
0D5A
0D36
0D0B
0CD9
0CA1
0C63
0C1E
0BD3
0B83
0B2D
0AD1
0A71
0A0C
09A3
0935
08C3
084E
07D6
075B
06DD
065D
05DB
0557
04D2
044D
03C7
0340
02BA
0235
01B0
012D
00AB
002B
FFAE
FF33
FEBB
FE46
FDD5
FD67
FCFC
FC95
FC33
FBD6
FB7D
FB2A
FADC
FA93
FA50
FA13
F9DB
F9AA
F97E
F958
F937
F91D
F908
F8F9
F8F0
F8EC
F8ED
F8F4
F900
F910
F925
F93F
F95D
F97E
F9A3
F9CC
F9F8
FA26
FA56
FA87
FABB
FAF0
FB26
FB5D
FB94
FBCC
FC03
FC3A
FC6F
FCA4
FCD6
FD07
FD35
FD61
FD8A
FDAF
FDD1
FDEF
FE08
FE1E
FE2E
FE3A
FE40
FE41
FE3D
FE32
FE22
FE0C
FDF0
FDCD
FDA4
FD75
FD3F
FD03
FCC0
FC78
FC29
FBD3
FB78
FB17
FAAF
FA42
F9D0
F958
F8DB
F859
F7D2
F747
F6B7
F624
F58D
F4F2
F455
F3B5
F312
F26D
F1C7
F120
F077
EFCE
EF25
EE7C
EDD5
ED2E
EC89
EBE5
EB44
EAA5
EA09
E970
E8DB
E84A
E7BD
E735
E6B2
E634
E5BC
E549
E4DD
E477
E417
E3BE
E36D
E322
E2DF
E2A3
E26F
E243
E21F
E202
E1EE
E1E2
E1DE
E1E2
E1EF
E203
E220
E245
E271
E2A5
E2E1
E324
E36F
E3C1
E41A
E479
E4DF
E54C
E5BF
E637
E6B6
E739
E7C2
E84F
E8E1
E978
EA12
EAAF
EB50
EBF4
EC9B
ED43
EDEE
EE9A
EF48
EFF6
F0A4
F153
F201
F2AF
F35C
F408
F4B2
F55B
F601
F6A5
F746
F7E4
F87F
F917
F9AB
FA3B
FAC6
FB4E
FBD0
FC4E
FCC7
FD3A
FDA9
FE12
FE75
FED2
FF2A
FF7C
FFC8
000D
004D
0086
00B9
00E5
010B
012B
0144
0157
0164
016B
016C
0166
015B
014A
0134
0117
00F6
00CF
00A3
0072
003C
0001
FFC2
FF7F
FF37
FEEC
FE9D
FE4B
FDF5
FD9C
FD41
FCE3
FC82
FC20
FBBB
FB55
FAEE
FA86
FA1C
F9B2
F947
F8DD
F872
F807
F79D
F734
F6CC
F664
F5FF
F59A
F538
F4D8
F47A
F41E
F3C5
F370
F31D
F2CD
F281
F238
F1F4
F1B3
F176
F13E
F10A
F0DA
F0B0
F08B
F06B
F050
F03A
F02A
F01F
F019
F019
F01F
F02A
F03B
F051
F06E
F090
F0B7
F0E5
F118
F151
F18F
F1D3
F21C
F26B
F2BF
F319
F377
F3DB
F444
F4B1
F523
F59A
F616
F695
F71A
F7A2
F82E
F8BE
F951
F9E8
FA82
FB1E
FBBD
FC5F
FD03
FDA9
FE50
FEF9
FFA3
004E
00FA
01A6
0252
02FE
03A9
0454
04FE
05A6
064D
06F2
0795
0836
08D4
096F
0A07
0A9C
0B2E
0BBC
0C46
0CCC
0D4D
0DC9
0E40
0EB2
0F1F
0F85
0FE6
1041
1095
10E4
112B
116C
11A6
11D9
1204
1229
1246
125C
126B
1272
1271
1269
1259
1242
1223
11FD
11CF
119A
115F
111C
10D2
1081
102A
0FCB
0F66
0EFA
0E88
0E10
0D92
0D0E
0C85
0BF6
0B63
0ACA
0A2D
098C
08E7
083E
0791
06E1
062F
057A
04C2
0409
034E
0292
01D5
0117
0059
FF9B
FEDE
FE21
FD65
FCAB
FBF3
FB3C
FA88
F9D7
F929
F87E
F7D7
F735
F696
F5FC
F568
F4D8
F44E
F3CA
F34C
F2D5
F264
F1FA
F196
F13B
F0E6
F099
F054
F017
EFE2
EFB5
EF90
EF73
EF5E
EF52
EF4E
EF53
EF60
EF76
EF94
EFBA
EFEA
F021
F061
F0AA
F0FB
F154
F1B4
F21D
F28E
F306
F386
F40D
F49C
F531
F5CD
F66F
F718
F7C7
F87B
F935
F9F3
FAB7
FB7F
FC4C
FD1C
FDF0
FEC6
FF9F
007B
0159
0238
0318
03FA
04DB
05BD
069F
0780
0860
093F
0A1C
0AF7
0BD0
0CA5
0D78
0E47
0F12
0FD9
109B
1158
1211
12C3
1370
1417
14B7
1551
15E4
1671
16F5
1772
17E7
1854
18B9
1915
1968
19B2
19F3
1A2B
1A5A
1A7F
1A9B
1AAD
1AB6
1AB5
1AAA
1A95
1A77
1A50
1A1E
19E3
199F
1951
18FA
189A
1831
17C0
1745
16C2
1638
15A6
150C
146B
13C2
1313
125D
11A0
10DE
1015
0F48
0E75
0D9D
0CC0
0BE0
0AFC
0A14
0929
083B
074B
0659
0566
0471
037B
0284
018E
0097
FFA1
FEAC
FDB8
FCC5
FBD5
FAE7
F9FC
F914
F82F
F74D
F66F
F595
F4C0
F3EE
F322
F25A
F198
F0DB
F023
EF71
EEC5
EE1F
ED7E
ECE4
EC50
EBC2
EB3B
EABA
EA3F
E9CA
E95C
E8F4
E892
E837
E7E1
E792
E748
E705
E6C7
E690
E65D
E62F
E607
E5E3
E5C4
E5A9
E592
E57F
E56F
E563
E55A
E554
E550
E54F
E550
E552
E556
E55C
E562
E56A
E571
E579
E582
E589
E591
E598
E59E
E5A3
E5A6
E5A9
E5AA
E5AA
E5A8
E5A3
E59D
E594
E589
E57C
E56C
E559
E544
E52C
E512
E4F5
E4D6
E4B4
E490
E46A
E442
E417
E3EB
E3BD
E38D
E35C
E32A
E2F6
E2C3
E28E
E259
E225
E1F0
E1BC
E189
E157
E127
E0F8
E0CB
E0A2
E07A
E057
E036
E01A
E002
DFEE
DFDF
DFD5
DFD1
DFD3
DFDB
DFEA
DFFF
E01C
E03F
E06B
E09E
E0D9
E11D
E169
E1BE
E21C
E283
E2F3
E36D
E3EE
E479
E50E
E5AC
E654
E706
E7C1
E885
E953
EA2A
EB0A
EBF4
ECE6
EDE1
EEE4
EFF0
F103
F21E
F341
F46A
F59A
F6D1
F80D
F94F
FA97
FBE2
FD32
FE86
FFDD
0137
0293
03F1
054F
06AF
080E
096E
0ACC
0C28
0D83
0EDB
102F
1180
12CC
1414
1556
1691
17C7
18F5
1A1B
1B3A
1C4F
1D5C
1E5F
1F58
2046
212A
2202
22CE
238E
2442
24E9
2584
2610
2690
2702
2767
27BD
2805
283E
2869
2886
2894
2893
2883
2865
2838
27FD
27B3
275B
26F6
2682
2601
2572
24D6
242E
2378
22B7
21EA
2111
202E
1F3F
1E47
1D45
1C39
1B24
1A08
18E3
17B8
1685
154C
140E
12CA
1182
1035
0EE5
0D92
0C3C
0AE5
098C
0832
06D8
057F
0426
02CF
0179
0026
FED6
FD89
FC40
FAFB
F9BB
F881
F74C
F61D
F4F4
F3D2
F2B8
F1A5
F099
EF96
EE9B
EDA9
ECBF
EBDF
EB08
EA3B
E977
E8BD
E80D
E767
E6CB
E639
E5B0
E532
E4BE
E453
E3F3
E39C
E34E
E30A
E2D0
E29E
E276
E256
E23F
E230
E229
E22B
E233
E243
E25B
E279
E29D
E2C8
E2F9
E330
E36B
E3AC
E3F1
E43B
E488
E4D9
E52D
E584
E5DD
E638
E695
E6F3
E753
E7B3
E813
E874
E8D4
E934
E992
E9F0
EA4C
EAA6
EAFF
EB55
EBA9
EBFA
EC49
EC95
ECDE
ED23
ED65
EDA4
EDDE
EE16
EE49
EE78
EEA4
EECC
EEF0
EF10
EF2C
EF44
EF59
EF6A
EF78
EF82
EF88
EF8C
EF8C
EF8A
EF85
EF7D
EF73
EF67
EF59
EF49
EF38
EF25
EF12
EEFE
EEE9
EED3
EEBE
EEA8
EE94
EE80
EE6D
EE5B
EE4B
EE3C
EE30
EE27
EE20
EE1C
EE1B
EE1E
EE24
EE2F
EE3E
EE51
EE69
EE86
EEA7
EECE
EEFB
EF2D
EF65
EFA2
EFE5
F02F
F07E
F0D3
F12E
F190
F1F7
F264
F2D7
F350
F3CE
F453
F4DD
F56C
F601
F69A
F739
F7DD
F885
F932
F9E2
FA97
FB4F
FC0B
FCC9
FD8A
FE4E
FF13
FFDB
00A3
016D
0237
0301
03CB
0495
055E
0625
06EA
07AD
086D
092A
09E3
0A99
0B4A
0BF6
0C9E
0D40
0DDC
0E72
0F01
0F8A
100B
1085
10F8
1162
11C4
121E
126F
12B7
12F6
132C
1359
137C
1395
13A5
13AB
13A7
1399
1381
135F
1334
12FE
12BF
1276
1224
11C9
1164
10F7
1081
1003
0F7D
0EF0
0E5B
0DBF
0D1C
0C73
0BC4
0B10
0A57
0999
08D8
0812
0749
067E
05B1
04E1
0411
033F
026D
019C
00CB
FFFB
FF2D
FE61
FD98
FCD1
FC0F
FB50
FA95
F9DF
F92F
F883
F7DE
F73F
F6A6
F614
F589
F506
F489
F415
F3A9
F345
F2E9
F295
F24A
F207
F1CD
F19B
F172
F151
F139
F129
F121
F122
F12B
F13C
F154
F173
F19A
F1C7
F1FB
F235
F275
F2BA
F303
F352
F3A4
F3FA
F453
F4AF
F50C
F56C
F5CC
F62E
F68F
F6F0
F750
F7AF
F80C
F867
F8BE
F913
F963
F9B0
F9F8
FA3A
FA78
FAB0
FAE2
FB0E
FB33
FB51
FB68
FB77
FB7F
FB7F
FB77
FB67
FB4F
FB2F
FB06
FAD5
FA9C
FA5A
FA10
F9BE
F965
F903
F89A
F82A
F7B2
F734
F6AF
F624
F593
F4FC
F460
F3C0
F31B
F273
F1C7
F119
F068
EFB6
EF03
EE50
ED9C
ECEA
EC39
EB89
EADD
EA33
E98E
E8ED
E850
E7BA
E729
E6A0
E61D
E5A3
E531
E4C7
E467
E411
E3C5
E384
E34E
E323
E304
E2F0
E2E9
E2EE
E300
E31E
E349
E381
E3C5
E417
E476
E4E2
E55A
E5DF
E671
E70F
E7BA
E870
E932
E9FF
EAD7
EBBA
ECA7
ED9D
EE9D
EFA6
F0B7
F1CF
F2EF
F415
F542
F675
F7AC
F8E7
FA26
FB68
FCAB
FDF0
FF36
007B
01C0
0304
0445
0584
06C0
07F8
092B
0A59
0B81
0CA3
0DBE
0ED2
0FDE
10E1
11DC
12CD
13B5
1493
1566
162F
16ED
17A0
1849
18E7
1978
19FF
1A79
1AE8
1B4B
1BA3
1BEF
1C30
1C66
1C91
1CB1
1CC6
1CD2
1CD3
1CCB
1CBA
1CA0
1C7E
1C54
1C23
1BEB
1BAC
1B68
1B1F
1AD0
1A7E
1A28
19CF
1974
1916
18B9
185B
17FD
179F
1742
16E6
168D
1635
15E1
1591
1544
14FB
14B7
1479
143F
140B
13DD
13B6
1394
137A
1366
1359
1353
1354
135C
136B
1381
139E
13C1
13EB
141C
1452
1490
14D3
151B
1568
15BA
1610
166A
16C7
1726
1788
17EC
1850
18B5
191A
197E
19E1
1A42
1AA0
1AFB
1B53
1BA5
1BF3
1C3B
1C7C
1CB7
1CEA
1D14
1D37
1D4F
1D5F
1D64
1D5E
1D4D
1D30
1D08
1CD3
1C92
1C44
1BEA
1B82
1B0D
1A8A
19FB
195D
18B3
17FB
1735
1663
1583
1497
139F
129A
118A
106E
0F48
0E17
0CDC
0B98
0A4B
08F7
079A
0638
04CF
0361
01ED
0076
FEFC
FD80
FC03
FA85
F908
F78D
F614
F49F
F32E
F1C2
F05D
EEFE
EDA7
EC5A
EB16
E9DC
E8AF
E78D
E679
E572
E47A
E391
E2B8
E1F0
E138
E093
E000
DF7F
DF11
DEB7
DE71
DE3E
DE20
DE16
DE20
DE40
DE73
DEBB
DF18
DF89
E00D
E0A6
E153
E212
E2E4
E3C9
E4BF
E5C7
E6E0
E808
E940
EA87
EBDC
ED3E
EEAC
F026
F1AA
F338
F4CF
F66D
F812
F9BE
FB6E
FD22
FED9
0091
024A
0403
05BA
076F
0921
0ACD
0C74
0E15
0FAE
113F
12C6
1443
15B4
171A
1873
19BE
1AFB
1C28
1D47
1E54
1F51
203D
2116
21DD
2292
2333
23C1
243C
24A3
24F5
2534
255F
2576
2579
2568
2544
250C
24C1
2463
23F3
2372
22DE
223A
2185
20C0
1FEC
1F0A
1E19
1D1C
1C12
1AFC
19DB
18B1
177C
1640
14FC
13B1
1260
110A
0FB0
0E53
0CF3
0B91
0A2F
08CC
076A
060A
04AC
0352
01FB
00A9
FF5C
FE16
FCD6
FB9E
FA6D
F945
F826
F711
F605
F504
F40E
F323
F244
F170
F0A7
EFEC
EF3C
EE98
EE01
ED76
ECF8
EC86
EC21
EBC8
EB7A
EB38
EB01
EAD5
EAB4
EA9D
EA90
EA8C
EA91
EA9E
EAB4
EAD1
EAF4
EB1E
EB4E
EB83
EBBC
EBFA
EC3B
EC7E
ECC4
ED0B
ED53
ED9B
EDE3
EE2A
EE70
EEB4
EEF5
EF34
EF70
EFA7
EFDB
F00A
F033
F057
F076
F08E
F09F
F0AA
F0AE
F0AB
F0A0
F08D
F074
F052
F029
EFF7
EFBF
EF7E
EF36
EEE7
EE90
EE33
EDCE
ED63
ECF2
EC7C
EBFF
EB7E
EAF8
EA6D
E9DE
E94C
E8B7
E820
E788
E6EF
E655
E5BB
E523
E48C
E3F7
E364
E2D5
E24A
E1C4
E143
E0C7
E052
DFE4
DF7E
DF20
DECB
DE7F
DE3D
DE05
DDD7
DDB5
DD9F
DD94
DD96
DDA4
DDBE
DDE5
DE19
DE5A
DEAA
DF07
DF72
DFEB
E072
E107
E1AA
E25A
E318
E3E4
E4BD
E5A2
E695
E793
E89E
E9B4
EAD5
EC01
ED37
EE77
EFC0
F111
F26A
F3CB
F532
F69F
F811
F987
FB01
FC7D
FDFC
FF7D
00FE
0280
0400
057F
06FC
0876
09EB
0B5C
0CC7
0E2C
0F8A
10E1
122E
1373
14AD
15DE
1702
181C
1928
1A28
1B1A
1BFF
1CD5
1D9C
1E54
1EFC
1F95
201E
2096
20FF
2156
219D
21D4
21F9
220E
2212
2205
21E9
21BC
217E
2132
20D5
206A
1FF0
1F68
1ED2
1E2F
1D7F
1CC3
1BFB
1B28
1A4A
1963
1873
177B
167B
1574
1467
1355
123E
1124
1006
0EE7
0DC6
0CA4
0B83
0A62
0943
0827
070F
05FA
04EB
03E1
02DE
01E2
00EF
0003
FF21
FE49
FD7B
FCB9
FC02
FB57
FAB9
FA28
F9A4
F92E
F8C6
F86C
F821
F7E5
F7B7
F797
F787
F785
F792
F7AE
F7D8
F811
F859
F8AE
F911
F981
F9FE
FA88
FB1E
FBBF
FC6C
FD23
FDE4
FEAE
FF81
005C
013E
0227
0315
0409
0500
05FB
06F9
07F8
08F9
09F9
0AF8
0BF5
0CEE
0DE5
0ED7
0FC4
10AB
118C
1265
1336
13FE
14BC
156F
1617
16B3
1743
17C5
183A
18A0
18F7
193F
1977
199F
19B7
19BD
19B2
1996
1968
1929
18D8
1875
1800
1779
16E0
1635
1578
14AB
13CD
12DE
11E0
10D2
0FB5
0E8A
0D51
0C0A
0AB7
0959
07EF
067B
04FD
0377
01EA
0055
FEBA
FD1B
FB77
F9D0
F828
F67E
F4D4
F32C
F185
EFE1
EE42
ECA8
EB13
E985
E800
E683
E510
E3A9
E24D
E0FD
DFBC
DE88
DD65
DC51
DB4E
DA5C
D97D
D8B0
D7F7
D752
D6C2
D646
D5E0
D58F
D554
D52F
D521
D52A
D548
D57E
D5CA
D62D
D6A6
D735
D7DB
D896
D967
DA4C
DB46
DC53
DD73
DEA6
DFEB
E141
E2A8
E41E
E5A2
E735
E8D4
EA7F
EC35
EDF5
EFBE
F18F
F367
F544
F726
F90B
FAF3
FCDB
FEC4
00AB
0291
0472
0650
0828
09FA
0BC6
0D88
0F41
10EE
1290
1426
15AD
1726
188F
19E9
1B31
1C67
1D8C
1E9D
1F9A
2084
2159
2218
22C3
2358
23D6
243F
2492
24CE
24F4
2503
24FC
24DF
24AD
2464
2406
2396
2310
2277
21CA
210A
2038
1F54
1E5F
1D5A
1C45
1B22
19F2
18B4
176B
1617
14B9
1352
11E3
106D
0EF2
0D72
0BEE
0A68
08E0
0759
05D1
044C
02CA
014B
FFD2
FE5E
FCF2
FB8E
FA33
F8E2
F79C
F661
F533
F412
F2FE
F1FA
F104
F01E
EF49
EE85
EDD2
ED31
ECA2
EC25
EBBB
EB64
EB20
EAEF
EAD1
EAC7
EAD0
EAEB
EB1A
EB5B
EBAF
EC15
EC8C
ED15
EDAF
EE59
EF14
EFDE
F0B6
F19D
F292
F393
F4A1
F5BA
F6DD
F80A
F940
FA7E
FBC3
FD0F
FE60
FFB5
010E
0269
03C6
0524
0681
07DE
0939
0A91
0BE6
0D36
0E81
0FC6
1104
123B
1369
148F
15AB
16BE
17C6
18C3
19B4
1A9A
1B74
1C40
1D00
1DB3
1E58
1EF0
1F7A
1FF6
2065
20C6
2118
215E
2195
21BF
21DD
21ED
21F0
21E8
21D3
21B3
2188
2152
2112
20C9
2076
201B
1FB8
1F4D
1EDC
1E65
1DE8
1D67
1CE2
1C59
1BCE
1B41
1AB3
1A24
1995
1908
187B
17F1
176A
16E7
1667
15EC
1577
1507
149D
143A
13DF
138B
133F
12FC
12C1
128F
1266
1246
122F
1222
121F
1225
1235
124F
1273
12A0
12D6
1316
135F
13B1
140B
146D
14D7
1548
15C0
163F
16C3
174D
17DC
186F
1906
199F
1A3B
1AD9
1B78
1C18
1CB7
1D55
1DF2
1E8B
1F21
1FB3
2041
20C9
214C
21C9
223E
22AB
2311
236D
23BF
2408
2445
2478
249F
24B9
24C7
24C8
24BC
24A2
247A
2443
23FE
23AB
2349
22D7
2257
21C8
212A
207D
1FC1
1EF7
1E1E
1D37
1C42
1B3F
1A2E
1911
17E6
16B0
156E
1420
12C8
1166
0FFB
0E86
0D0A
0B86
09FB
086A
06D3
0538
0399
01F7
0053
FEAE
FD07
FB61
F9BB
F818
F676
F4D8
F33E
F1AA
F01C
EE93
ED12
EB98
EA26
E8BD
E75E
E608
E4BD
E37E
E24A
E122
E008
DEFA
DDF9
DD07
DC22
DB4C
DA85
D9CD
D923
D889
D7FE
D783
D717
D6BA
D66C
D62E
D5FF
D5DE
D5CC
D5C9
D5D5
D5EE
D614
D648
D689
D6D6
D72F
D793
D802
D87B
D8FE
D98B
DA1F
DABC
DB61
DC0B
DCBC
DD73
DE2E
DEED
DFAF
E075
E13C
E205
E2CE
E398
E461
E528
E5EE
E6B2
E773
E82F
E8E7
E99A
EA49
EAF2
EB95
EC31
ECC7
ED56
EDDE
EE5D
EED5
EF44
EFAA
F008
F05D
F0A9
F0EB
F124
F154
F17B
F198
F1AD
F1B8
F1BA
F1B3
F1A3
F18B
F16B
F142
F112
F0DB
F09C
F056
F009
EFB7
EF5F
EF02
EEA0
EE3A
EDD0
ED64
ECF4
EC82
EC0E
EB9A
EB24
EAAF
EA3A
E9C6
E954
E8E3
E876
E80B
E7A4
E741
E6E3
E689
E636
E5E8
E5A0
E560
E526
E4F4
E4CB
E4A9
E490
E47F
E478
E479
E484
E499
E4B7
E4DF
E511
E54D
E593
E5E3
E63C
E6A0
E70E
E785
E807
E891
E926
E9C3
EA69
EB19
EBD0
EC90
ED58
EE27
EEFE
EFDB
F0BF
F1AA
F299
F38E
F488
F586
F689
F78F
F898
F9A4
FAB3
FBC3
FCD5
FDE7
FEFB
000D
0120
0232
0342
0450
055C
0665
076B
086E
096C
0A67
0B5C
0C4D
0D38
0E1D
0EFD
0FD6
10A8
1174
1237
12F2
13A5
1451
14F6
1592
1627
16B3
1737
17B3
1827
1893
18F6
1952
19A5
19F0
1A34
1A70
1AA4
1AD0
1AF5
1B13
1B2A
1B39
1B43
1B45
1B42
1B39
1B29
1B14
1AFA
1ADB
1AB5
1A8A
1A5B
1A28
19F1
19B6
1978
1937
18F4
18AD
1865
181A
17CE
177F
1730
16DF
168E
163C
15E9
1595
1542
14EE
149B
1447
13F4
13A2
134F
12FE
12AD
125C
120D
11BE
116E
111F
10D2
1084
1038
0FEC
0FA1
0F56
0F0C
0EC2
0E78
0E2E
0DE5
0D9B
0D51
0D07
0CBC
0C71
0C25
0BD7
0B89
0B3A
0AE9
0A97
0A43
09ED
0995
093C
08E0
0882
0822
07BF
0759
06F1
0686
0619
05A9
0537
04C2
044A
03D0
0353
02D4
0252
01CF
0148
00C0
0036
FFA9
FF1B
FE8C
FDFB
FD68
FCD5
FC40
FBAB
FB16
FA80
F9EB
F956
F8C1
F82D
F79B
F70A
F67A
F5ED
F562
F4D9
F453
F3D1
F352
F2D8
F261
F1EF
F182
F11B
F0B9
F05D
F007
EFB7
EF6F
EF2D
EEF3
EEC1
EE96
EE73
EE59
EE47
EE3E
EE3D
EE45
EE56
EE71
EE94
EEC1
EEF7
EF36
EF7F
EFD0
F02A
F08D
F0F9
F16D
F1E9
F26E
F2FA
F38F
F42A
F4CD
F577
F627
F6DE
F79B
F85D
F924
F9F1
FAC1
FB96
FC6E
FD49
FE26
FF06
FFE8
00CA
01AD
0291
0374
0456
0537
0617
06F4
07CD
08A4
0976
0A44
0B0D
0BD0
0C8D
0D44
0DF4
0E9D
0F3E
0FD6
1067
10EF
116D
11E3
124E
12B0
1307
1355
1398
13D0
13FD
1420
1438
1445
1448
143F
142C
1410
13E9
13B8
137D
1338
12E9
1292
1231
11C8
1157
10DD
105D
0FD5
0F47
0EB3
0E1A
0D7B
0CD8
0C32
0B88
0ADB
0A2D
097C
08CC
081A
076A
06BA
060C
0561
04B9
0414
0373
02D9
0244
01B5
012D
00AD
0034
FFC3
FF5B
FEFD
FEA8
FE5D
FE1E
FDE9
FDC0
FDA3
FD92
FD8D
FD95
FDA9
FDCB
FDFA
FE37
FE80
FED7
FF3C
FFAE
002D
00BA
0153
01FA
02AD
036C
0438
0510
05F3
06E1
07D9
08DC
09E8
0AFD
0C1B
0D41
0E6E
0FA1
10DB
121A
135E
14A5
15F0
173E
188D
19DD
1B2E
1C7E
1DCD
1F19
2063
21AA
22EC
2429
2560
2690
27B9
28DB
29F2
2B00
2C05
2CFE
2DEC
2ECF
2FA5
306E
3129
31D7
3276
3306
3388
33F9
345B
34AD
34EF
3520
3541
3551
3550
353E
351C
34E8
34A5
3450
33EC
3377
32F3
325F
31BC
310A
3048
2F79
2E9D
2DB4
2CBE
2BBD
2AB0
2999
2877
274D
261A
24DF
239D
2254
2106
1FB3
1E5C
1D01
1BA4
1A45
18E5
1785
1625
14C7
136B
1212
10BC
0F6B
0E1F
0CD9
0B9A
0A61
0931
080A
06EC
05D7
04CE
03CF
02DB
01F4
0119
004A
FF89
FED5
FE2F
FD97
FD0E
FC92
FC25
FBC7
FB78
FB37
FB05
FAE1
FACD
FAC6
FACE
FAE5
FB09
FB3A
FB79
FBC5
FC1E
FC83
FCF4
FD71
FDF9
FE8B
FF27
FFCD
007C
0133
01F2
02B8
0384
0457
052E
060A
06EA
07CE
08B4
099B
0A84
0B6E
0C57
0D40
0E27
0F0C
0FEE
10CD
11A8
127E
134F
141A
14DF
159D
1654
1703
17A9
1847
18DC
1967
19E8
1A5F
1ACB
1B2D
1B83
1BCE
1C0E
1C42
1C6A
1C87
1C97
1C9C
1C94
1C81
1C62
1C37
1C00
1BBE
1B70
1B17
1AB3
1A45
19CB
1948
18BA
1823
1782
16D9
1626
156B
14A8
13DE
130C
1233
1155
1070
0F86
0E97
0DA4
0CAC
0BB1
0AB3
09B2
08B0
07AB
06A5
059F
0498
0391
028B
0186
0082
FF80
FE80
FD83
FC89
FB92
FA9E
F9AE
F8C2
F7DB
F6F9
F61B
F543
F470
F3A3
F2DC
F21B
F161
F0AD
EFFF
EF58
EEB8
EE1F
ED8C
ED01
EC7D
EC00
EB8A
EB1B
EAB3
EA52
E9F8
E9A5
E959
E914
E8D6
E89F
E86E
E843
E81E
E7FF
E7E7
E7D4
E7C8
E7C1
E7C0
E7C5
E7CF
E7DE
E7F3
E80C
E82B
E84E
E876
E8A2
E8D3
E908
E941
E97E
E9BF
EA03
EA4B
EA97
EAE6
EB38
EB8E
EBE6
EC41
ECA0
ED00
ED64
EDC9
EE31
EE9C
EF08
EF77
EFE8
F05B
F0CF
F146
F1BE
F239
F2B4
F332
F3B0
F430
F4B2
F535
F5B8
F63D
F6C3
F74A
F7D1
F859
F8E2
F96B
F9F4
FA7E
FB08
FB91
FC1A
FCA3
FD2C
FDB3
FE39
FEBF
FF43
FFC6
0047
00C7
0144
01C0
023A
02B1
0325
0397
0406
0471
04D9
053E
059F
05FC
0654
06A9
06F9
0744
078A
07CB
0807
083E
086F
089A
08BF
08DF
08F8
0908
0912
0916
0913
0909
08F9
08E1
08C3
089E
0872
083F
0806
07C5
077E
0730
06DB
067F
061D
05B4
0546
04D1
0456
03D5
034F
02C3
0232
019C
0102
0063
FFBF
FF18
FE6E
FDBE
FD0C
FC57
FBA0
FAE7
FA2D
F972
F8B6
F7FA
F73E
F682
F5C8
F50E
F456
F3A1
F2EE
F23D
F190
F0E6
F040
EF9F
EF02
EE6B
EDD8
ED4B
ECC5
EC44
EBCA
EB58
EAEC
EA88
EA2B
E9D7
E98B
E948
E90D
E8DB
E8B1
E891
E87A
E86C
E868
E86C
E87A
E892
E8B2
E8DC
E90F
E94B
E990
E9DE
EA34
EA93
EAFA
EB6A
EBE1
EC60
ECE6
ED73
EE07
EEA2
EF43
EFEA
F096
F147
F1FE
F2B9
F378
F43B
F501
F5CA
F695
F763
F833
F904
F9D5
FAA8
FB7B
FC4D
FD1F
FDF1
FEC1
FF8F
005B
0125
01ED
02B1
0373
0430
04EA
05A0
0652
06FF
07A7
084B
08E9
097F
0A10
0A9C
0B22
0BA1
0C1B
0C8F
0CFD
0D64
0DC6
0E22
0E77
0EC7
0F10
0F54
0F92
0FCB
0FFE
102B
1054
1077
1096
10B0
10C6
10D7
10E4
10EE
10F3
10F6
10F5
10F2
10EC
10E1
10D5
10C7
10B7
10A6
1093
107F
106B
1056
1041
102C
1017
1002
0FEE
0FDA
0FC8
0FB6
0FA5
0F96
0F88
0F7B
0F70
0F66
0F5E
0F58
0F54
0F51
0F50
0F51
0F54
0F58
0F5F
0F67
0F71
0F7C
0F89
0F98
0FA7
0FB8
0FCA
0FDD
0FF0
1005
1019
102F
1044
1059
106E
1083
1098
10AC
10BF
10D2
10E3
10F3
1102
110F
111B
1125
112E
1134
1138
113A
113A
1138
1134
112D
1123
1118
1109
10F9
10E6
10D0
10B8
109E
1082
1064
1044
1022
0FFE
0FD9
0FB3
0F8C
0F64
0F3B
0F12
0EE9
0EC0
0E97
0E6F
0E47
0E21
0DFC
0DD8
0DB6
0D97
0D79
0D5E
0D46
0D31
0D1F
0D11
0D06
0D00
0CFE
0D00
0D07
0D13
0D24
0D3B
0D56
0D77
0D9E
0DCB
0DFD
0E36
0E74
0EB8
0F02
0F52
0FA8
1003
1064
10CB
1137
11A9
121F
129A
1319
139D
1425
14B0
153F
15D0
1664
16FA
1792
182B
18C5
195F
19F9
1A92
1B2A
1BC1
1C55
1CE6
1D74
1DFE
1E84
1F05
1F80
1FF5
2063
20CA
212A
2181
21D0
2215
2251
2283
22AA
22C6
22D7
22DC
22D5
22C2
22A2
2276
223C
21F5
21A0
213E
20CE
2051
1FC5
1F2C
1E86
1DD1
1D10
1C41
1B65
1A7C
1987
1885
1778
1660
153C
140E
12D7
1196
104C
0EFA
0DA1
0C41
0ADB
0970
0800
068C
0516
039D
0223
00AA
FF30
FDB8
FC43
FAD1
F963
F7FA
F697
F53B
F3E7
F29C
F15A
F023
EEF8
EDD8
ECC6
EBC1
EACB
E9E4
E90D
E847
E792
E6EE
E65E
E5E0
E576
E51F
E4DC
E4AE
E494
E48F
E49F
E4C5
E4FF
E54F
E5B4
E62F
E6BE
E762
E81B
E8E8
E9C9
EABE
EBC5
ECE0
EE0C
EF49
F097
F1F6
F363
F4DF
F669
F7FF
F9A1
FB4E
FD05
FEC5
008D
025B
042F
0608
07E4
09C3
0BA3
0D82
0F61
113E
1317
14EC
16BC
1884
1A46
1BFE
1DAC
1F50
20E7
2272
23EF
255E
26BC
280B
2948
2A74
2B8C
2C92
2D84
2E61
2F29
2FDC
3079
3100
3170
31CA
320E
323B
3251
3250
3239
320B
31C8
316E
30FE
307A
2FE0
2F32
2E71
2D9C
2CB5
2BBC
2AB2
2997
286D
2735
25EF
249C
233E
21D5
2062
1EE6
1D63
1BD9
1A49
18B6
171F
1587
13ED
1254
10BC
0F27
0D95
0C07
0A80
08FF
0786
0615
04AE
0352
0201
00BD
FF85
FE5C
FD41
FC35
FB39
FA4E
F973
F8AB
F7F4
F74F
F6BD
F63E
F5D1
F578
F532
F500
F4E1
F4D6
F4DD
F4F8
F525
F565
F5B7
F61B
F690
F715
F7AC
F851
F906
F9C9
FA9A
FB77
FC61
FD56
FE55
FF5F
0070
018A
02AA
03D1
04FC
062B
075E
0892
09C6
0AFB
0C2E
0D60
0E8F
0FBA
10E1
1202
131D
1431
153C
163F
1739
1828
190C
19E5
1AB2
1B72
1C24
1CC9
1D60
1DE8
1E62
1ECC
1F27
1F72
1FAD
1FD8
1FF4
2000
1FFB
1FE7
1FC2
1F8E
1F4A
1EF7
1E95
1E25
1DA8
1D1C
1C84
1BDF
1B2D
1A71
19A9
18D8
17FC
1718
162C
1538
143D
133C
1236
112B
101D
0F0B
0DF7
0CE2
0BCC
0AB6
09A1
088D
077B
066D
0562
045B
0359
025D
0167
0078
FF90
FEB0
FDD9
FD0B
FC46
FB8B
FAD9
FA32
F996
F905
F87F
F804
F795
F731
F6D9
F68C
F64B
F616
F5EC
F5CE
F5BB
F5B2
F5B5
F5C3
F5DB
F5FD
F627
F65B
F698
F6DE
F72D
F783
F7E1
F846
F8B1
F923
F99B
FA18
FA99
FB1F
FBA8
FC35
FCC5
FD56
FDEA
FE7F
FF15
FFAB
0042
00D7
016C
0200
0292
0322
03B0
043B
04C3
0548
05C8
0644
06BC
0730
07A0
080B
0872
08D4
0931
098A
09DD
0A2C
0A77
0ABC
0AFE
0B3A
0B72
0BA6
0BD6
0C02
0C2A
0C4E
0C6F
0C8D
0CA8
0CC0
0CD6
0CE9
0CFA
0D0A
0D18
0D24
0D30
0D3B
0D46
0D50
0D5A
0D63
0D6D
0D78
0D82
0D8E
0D9B
0DA8
0DB7
0DC7
0DD8
0DEB
0E00
0E15
0E2D
0E46
0E61
0E7D
0E9B
0EBB
0EDB
0EFD
0F20
0F44
0F69
0F8F
0FB4
0FDB
1001
1026
104C
1070
1094
10B6
10D7
10F5
1112
112C
1144
1158
116A
1177
1181
1187
1188
1185
117C
116F
115C
1144
1126
1102
10D8
10A8
1071
1034
0FF1
0FA7
0F56
0EFF
0E9F
0E39
0DCC
0D59
0CE0
0C61
0BDC
0B51
0AC1
0A2C
0993
08F4
0852
07AC
0702
0655
05A5
04F4
0440
038B
02D5
021F
0169
00B4
0000
FF4E
FE9D
FDF0
FD46
FCA0
FBFE
FB61
FAC8
FA35
F9A9
F924
F8A6
F830
F7C3
F75E
F703
F6B2
F66A
F62D
F5FB
F5D4
F5B8
F5A7
F5A2
F5A9
F5BC
F5DC
F607
F63E
F681
F6D1
F72C
F793
F806
F885
F90E
F9A3
FA42
FAEC
FBA0
FC5E
FD25
FDF5
FECD
FFAC
0093
0180
0273
036B
0467
0568
066C
0773
087B
0985
0A8F
0B98
0CA1
0DA8
0EAD
0FAE
10AB
11A4
1298
1385
146C
154B
1623
16F2
17B8
1874
1926
19CD
1A6A
1AFA
1B7F
1BF7
1C63
1CC1
1D12
1D56
1D8C
1DB4
1DCE
1DDA
1DD8
1DC8
1DAA
1D7E
1D44
1CFD
1CA9
1C48
1BDA
1B60
1ADA
1A49
19AD
1906
1855
179B
16D9
160E
153C
1463
1384
12A0
11B8
10CB
0FDD
0EEB
0DF9
0D06
0C13
0B21
0A30
0942
0858
0771
068F
05B2
04DC
040C
0344
0284
01CC
011D
0079
FFDE
FF4F
FECA
FE52
FDE5
FD85
FD31
FCEB
FCB2
FC87
FC6A
FC5A
FC57
FC62
FC7B
FCA1
FCD5
FD16
FD63
FDBE
FE24
FE97
FF15
FF9F
0033
00D1
0179
022A
02E3
03A5
046D
053C
0611
06EC
07CB
08AD
0993
0A7A
0B64
0C50
0D3C
0E27
0F11
0FF9
10DD
11BE
129B
1373
1445
1510
15D5
1691
1746
17F1
1893
192C
19BA
1A3D
1AB5
1B22
1B82
1BD7
1C1F
1C5B
1C8A
1CAC
1CC2
1CCB
1CC7
1CB6
1C99
1C70
1C3C
1BFB
1BAF
1B58
1AF6
1A89
1A12
1992
1908
1876
17DC
173A
1691
15E2
152D
1473
13B5
12F3
122E
1167
109E
0FD5
0F0B
0E42
0D7A
0CB4
0BF2
0B32
0A77
09C0
090F
0865
07C1
0725
0691
0606
0583
050A
049B
0437
03DD
038E
034B
0313
02E7
02C7
02B4
02AC
02B1
02C3
02E0
030A
0340
0382
03D0
0429
048D
04FD
0577
05FC
068A
0721
07C2
086A
091B
09D3
0A91
0B56
0C20
0CEF
0DC3
0E99
0F73
104F
112C
120A
12E8
13C5
14A1
157A
1651
1724
17F3
18BC
1981
1A3E
1AF5
1BA5
1C4C
1CEA
1D80
1E0B
1E8C
1F03
1F6E
1FCD
2021
2067
20A2
20D0
20F1
2104
210B
2104
20F0
20CE
209F
2062
2019
1FC2
1F5E
1EED
1E70
1DE7
1D51
1CB0
1C04
1B4C
1A8A
19BE
18E9
180A
1723
1634
153D
1440
133B
1231
1122
100E
0EF7
0DDB
0CBD
0B9D
0A7B
0959
0836
0713
05F2
04D1
03B3
0298
017F
006A
FF5A
FE4E
FD47
FC46
FB4A
FA55
F967
F880
F7A0
F6C8
F5F7
F52F
F46F
F3B7
F308
F262
F1C4
F12F
F0A3
F01F
EFA4
EF32
EEC8
EE66
EE0D
EDBC
ED73
ED31
ECF7
ECC3
EC97
EC71
EC52
EC38
EC24
EC14
EC0A
EC04
EC02
EC04
EC09
EC11
EC1B
EC27
EC34
EC43
EC53
EC61
EC70
EC7E
EC8B
EC97
ECA2
ECAA
ECB1
ECB5
ECB6
ECB4
ECAF
ECA7
EC9A
EC8A
EC75
EC5C
EC3F
EC1D
EBF6
EBCA
EB9A
EB64
EB2A
EAEA
EAA6
EA5D
EA0E
E9BB
E964
E907
E8A7
E840
E7D5
E766
E6F3
E67D
E603
E586
E506
E483
E3FE
E377
E2EE
E263
E1D7
E14A
E0BC
E02D
DF9E
DF0F
DE81
DDF2
DD65
DCD9
DC4E
DBC5
DB3D
DAB7
DA34
D9B3
D934
D8B9
D840
D7C9
D755
D6E5
D678
D60E
D5A8
D546
D4E7
D48C
D435
D3E2
D393
D348
D300
D2BC
D27D
D241
D209
D1D4
D1A4
D177
D14D
D127
D104
D0E5
D0C9
D0B0
D099
D086
D075
D067
D05C
D051
D049
D043
D03F
D03D
D03C
D03D
D040
D045
D04B
D052
D05B
D065
D071
D07D
D08B
D09A
D0AA
D0BC
D0CF
D0E3
D0F9
D10F
D128
D142
D15D
D17A
D199
D1BA
D1DD
D202
D22A
D252
D27D
D2AB
D2DC
D30F
D346
D381
D3BF
D400
D446
D48F
D4DD
D52F
D586
D5E1
D641
D6A5
D70F
D77E
D7F2
D86B
D8EA
D96E
D9F8
DA88
DB1D
DBB7
DC57
DCFD
DDA9
DE5A
DF11
DFCC
E08D
E153
E21E
E2EF
E3C4
E49E
E57D
E660
E747
E833
E922
EA14
EB0A
EC03
ECFF
EDFD
EEFD
EFFF
F102
F207
F30C
F412
F518
F61D
F722
F826
F929
FA2A
FB29
FC25
FD1E
FE13
FF05
FFF3
00DC
01C0
02A0
037A
044F
051E
05E6
06A8
0764
0818
08C6
096B
0A0A
0AA1
0B30
0BB6
0C35
0CAC
0D1A
0D80
0DDE
0E33
0E80
0EC5
0F02
0F36
0F63
0F87
0FA4
0FB7
0FC3
0FC7
0FC4
0FBB
0FAB
0F95
0F78
0F56
0F2E
0F01
0ED0
0E99
0E5F
0E21
0DDF
0D9A
0D53
0D09
0CBD
0C6F
0C20
0BD0
0B80
0B30
0AE0
0A90
0A41
09F4
09A8
095E
0916
08D0
088D
084D
0810
07D7
07A3
0772
0746
071E
06FB
06DD
06C5
06B1
06A3
069B
0698
069A
06A3
06B1
06C5
06DE
06FE
0722
074D
077D
07B2
07ED
082D
0872
08BB
090A
095D
09B5
0A10
0A70
0AD4
0B3A
0BA5
0C12
0C82
0CF4
0D69
0DE0
0E58
0ED2
0F4E
0FCA
1047
10C5
1143
11C1
123F
12BD
133A
13B6
1432
14AC
1525
159C
1611
1685
16F7
1767
17D4
1841
18AB
1913
1978
19DA
1A3A
1A97
1AF1
1B48
1B9D
1BEE
1C3D
1C89
1CD2
1D18
1D5B
1D9C
1DDA
1E15
1E4E
1E84
1EB8
1EEA
1F19
1F47
1F72
1F9B
1FC3
1FE9
200D
2030
2051
2073
2094
20B3
20D2
20F0
210D
212A
2145
2160
217B
2195
21AE
21C7
21DF
21F8
220F
2227
223D
2254
226A
227F
2294
22A8
22BC
22CF
22E1
22F2
2302
2311
231F
232C
2337
2342
234B
2352
2357
235A
235B
235A
2356
234F
2346
233A
232B
2319
2304
22EC
22D0
22B1
228F
2269
2240
2213
21E2
21AE
2176
213A
20FA
20B7
2070
2026
1FD7
1F85
1F30
1ED7
1E7B
1E1B
1DB8
1D51
1CE7
1C7A
1C0A
1B98
1B23
1AAB
1A31
19B6
1939
18BA
183A
17B9
1737
16B5
1632
15B0
152E
14AC
142C
13AD
132F
12B3
1239
11C1
114C
10D9
106A
0FFF
0F98
0F34
0ED4
0E79
0E21
0DCE
0D80
0D36
0CF2
0CB3
0C79
0C44
0C15
0BEC
0BC8
0BAA
0B92
0B7F
0B73
0B6C
0B6C
0B71
0B7B
0B8C
0BA2
0BBE
0BDF
0C06
0C31
0C62
0C97
0CD3
0D13
0D58
0DA1
0DED
0E3D
0E90
0EE6
0F3F
0F9B
0FF9
1058
10BA
111D
1181
11E5
124B
12B0
1316
137B
13E0
1444
14A7
1508
1568
15C6
1622
167C
16D2
1727
1778
17C6
1811
1859
189D
18DE
191A
1953
1987
19B7
19E3
1A0B
1A2E
1A4D
1A68
1A7E
1A90
1A9E
1AA7
1AAC
1AAD
1AAA
1AA3
1A98
1A89
1A76
1A60
1A46
1A29
1A09
19E6
19C0
1997
196C
193F
190F
18DD
18AA
1875
183E
1806
17CD
1792
1757
171B
16DE
16A1
1663
1624
15E5
15A6
1566
1526
14E6
14A5
1465
1424
13E3
13A1
135F
131D
12DA
1296
1252
120D
11C7
1181
1139
10F0
10A6
105A
100C
0FBC
0F6A
0F16
0EBF
0E65
0E08
0DA8
0D44
0CDD
0C72
0C02
0B8E
0B16
0A98
0A16
098F
0902
0870
07D8
073A
0696
05ED
053D
0487
03CA
0308
023F
016F
009A
FFBE
FEDD
FDF5
FD07
FC14
FB1B
FA1D
F919
F810
F703
F5F1
F4DB
F3C2
F2A5
F185
F062
EF3E
EE17
ECEF
EBC7
EA9E
E976
E84E
E728
E603
E4E2
E3C3
E2A8
E191
E080
DF73
DE6D
DD6E
DC77
DB88
DAA1
D9C4
D8F1
D828
D76B
D6B9
D614
D57B
D4F0
D472
D403
D3A2
D351
D30E
D2DC
D2BA
D2A8
D2A7
D2B7
D2D8
D30B
D34F
D3A4
D40B
D483
D50D
D5A9
D656
D715
D7E5
D8C6
D9B8
DABA
DBCC
DCED
DE1E
DF5E
E0AB
E206
E36F
E4E3
E664
E7EF
E984
EB23
ECCB
EE7A
F031
F1ED
F3AF
F576
F73F
F90C
FADA
FCA8
FE77
0044
020F
03D6
059A
0758
0911
0AC3
0C6E
0E10
0FA9
1137
12BB
1433
159E
16FC
184C
198D
1ABF
1BE1
1CF2
1DF2
1EE1
1FBE
2088
2140
21E4
2275
22F2
235C
23B1
23F3
2421
243A
2440
242F
240B
23D4
2389
232C
22BB
2239
21A5
2100
204A
1F83
1EAD
1DC9
1CD6
1BD5
1AC7
19AE
1889
1759
1620
14DE
1395
1244
10EC
0F90
0E2F
0CCA
0B63
09FA
0891
0727
05BE
0457
02F2
0191
0035
FEDD
FD8B
FC40
FAFD
F9C1
F88F
F765
F646
F531
F427
F328
F235
F14F
F075
EFA8
EEE8
EE35
ED91
ECF9
EC70
EBF4
EB86
EB26
EAD4
EA8F
EA58
EA2E
EA10
EA01
E9FE
EA07
EA1C
EA3C
EA67
EA9D
EADC
EB24
EB76
EBCF
EC30
EC97
ED05
ED78
EDF0
EE6C
EEEB
EF6D
EFF2
F077
F0FD
F183
F208
F28C
F30E
F38D
F408
F480
F4F3
F561
F5CA
F62C
F688
F6DD
F72A
F770
F7AE
F7E3
F810
F834
F84F
F860
F869
F867
F85D
F848
F82A
F803
F7D3
F799
F756
F70A
F6B6
F65A
F5F5
F589
F516
F49C
F41C
F396
F30A
F279
F1E4
F14B
F0AE
F00F
EF6E
EECB
EE27
ED84
ECE0
EC3E
EB9D
EAFF
EA63
E9CB
E937
E8A7
E81C
E797
E718
E6A0
E62F
E5C6
E564
E50B
E4BA
E472
E434
E400
E3D5
E3B4
E39D
E391
E38F
E398
E3AB
E3CA
E3F2
E425
E462
E4A9
E4FA
E554
E5B7
E623
E698
E714
E798
E823
E8B5
E94C
E9E9
EA8B
EB31
EBDB
EC87
ED36
EDE6
EE97
EF48
EFF9
F0A9
F157
F202
F2AA
F34D
F3ED
F488
F51D
F5AB
F632
F6B2
F729
F798
F7FD
F858
F8A9
F8F0
F92B
F95C
F980
F999
F9A5
F9A5
F999
F980
F95B
F929
F8EB
F8A0
F849
F7E6
F777
F6FC
F676
F5E6
F54B
F4A6
F3F7
F33F
F27F
F1B7
F0E8
F012
EF36
EE55
ED70
EC87
EB9C
EAAF
E9C1
E8D3
E7E5
E6FA
E611
E52C
E44B
E370
E29B
E1CE
E108
E04C
DF9A
DEF2
DE56
DDC7
DD44
DCD0
DC6A
DC13
DBCD
DB97
DB72
DB5E
DB5C
DB6C
DB8E
DBC3
DC0A
DC65
DCD2
DD53
DDE7
DE8E
DF47
E014
E0F3
E1E4
E2E7
E3FB
E520
E656
E79B
E8F0
EA53
EBC3
ED41
EECA
F05F
F1FE
F3A6
F557
F710
F8CF
FA93
FC5B
FE26
FFF3
01C0
038D
0558
071F
08E2
0AA0
0C57
0E06
0FAB
1146
12D6
1459
15CE
1734
188A
19D0
1B03
1C24
1D30
1E28
1F0B
1FD8
208E
212C
21B3
2221
2276
22B1
22D3
22DC
22CB
22A0
225B
21FC
2184
20F2
2047
1F83
1EA7
1DB3
1CA7
1B85
1A4C
18FE
179C
1625
149C
1301
1154
0F98
0DCD
0BF4
0A0F
081F
0625
0421
0217
0006
FDF0
FBD6
F9BB
F79E
F582
F368
F152
EF40
ED34
EB2F
E933
E741
E55A
E380
E1B3
DFF4
DE45
DCA7
DB1A
D9A0
D83A
D6E8
D5AB
D483
D372
D278
D196
D0CB
D019
CF7F
CEFD
CE95
CE46
CE10
CDF3
CDEF
CE03
CE2F
CE73
CECE
CF3F
CFC7
D064
D116
D1DC
D2B5
D3A1
D49E
D5AB
D6C8
D7F3
D92B
DA70
DBBF
DD18
DE79
DFE2
E151
E2C4
E43B
E5B3
E72D
E8A6
EA1E
EB92
ED03
EE6E
EFD2
F12F
F282
F3CB
F509
F63A
F75F
F875
F97C
FA73
FB59
FC2E
FCF1
FDA1
FE3E
FEC7
FF3C
FF9D
FFE9
0020
0042
004F
0048
002B
FFFA
FFB4
FF5A
FEEC
FE6B
FDD7
FD31
FC79
FBB0
FAD8
F9EF
F8F8
F7F4
F6E3
F5C6
F49F
F36F
F236
F0F6
EFB0
EE66
ED18
EBC8
EA76
E925
E7D6
E689
E541
E3FE
E2C1
E18C
E060
DF3E
DE27
DD1D
DC20
DB31
DA53
D985
D8C8
D81D
D785
D700
D68F
D633
D5ED
D5BB
D5A0
D59B
D5AD
D5D5
D615
D66B
D6D8
D75B
D7F5
D8A6
D96C
DA48
DB39
DC3E
DD57
DE84
DFC3
E113
E275
E3E6
E566
E6F4
E890
EA37
EBE9
EDA5
EF68
F133
F303
F4D8
F6B0
F88A
FA64
FC3D
FE14
FFE8
01B7
0380
0541
06FA
08A8
0A4C
0BE4
0D6D
0EE9
1055
11B0
12F9
1430
1554
1663
175E
1843
1911
19C9
1A69
1AF1
1B61
1BB9
1BF8
1C1E
1C2C
1C21
1BFE
1BC1
1B6D
1B01
1A7D
19E3
1932
186B
178F
169E
159A
1482
1359
121F
10D5
0F7C
0E15
0CA1
0B22
0998
0805
066A
04C8
0321
0176
FFC8
FE18
FC68
FAB8
F90B
F761
F5BC
F41D
F285
F0F5
EF6F
EDF4
EC84
EB21
E9CC
E886
E750
E62A
E515
E412
E323
E246
E17E
E0CA
E02B
DFA1
DF2D
DECE
DE85
DE53
DE36
DE2F
DE3D
DE61
DE9B
DEE9
DF4C
DFC3
E04D
E0EA
E19A
E25B
E32D
E410
E501
E601
E70E
E828
E94E
EA7E
EBB7
ECF9
EE42
EF91
F0E5
F23D
F398
F4F5
F652
F7AE
F909
FA61
FBB3
FD00
FE47
FF87
00BF
01EF
0314
042E
053D
063F
0735
081C
08F5
09BF
0A7A
0B24
0BBE
0C47
0CBF
0D26
0D7B
0DBF
0DF1
0E11
0E20
0E1D
0E09
0DE4
0DAF
0D69
0D13
0CAE
0C3B
0BB9
0B29
0A8D
09E4
0930
0871
07A8
06D7
05FD
051C
0434
0347
0256
0161
006A
FF71
FE78
FD7F
FC87
FB92
FAA0
F9B3
F8CA
F7E8
F70C
F638
F56D
F4AA
F3F2
F345
F2A3
F210
F18A
F111
F0A5
F048
EFF8
EFB8
EF86
EF63
EF4F
EF4A
EF55
EF6E
EF97
EFCF
F015
F06A
F0CD
F13E
F1BD
F248
F2E0
F384
F433
F4ED
F5B1
F67E
F754
F832
F917
FA02
FAF2
FBE9
FCE5
FDE3
FEE2
FFE4
00E5
01E5
02E4
03E0
04D9
05CE
06BD
07A6
0889
0964
0A36
0AFF
0BBF
0C74
0D1E
0DBC
0E4E
0ED3
0F4B
0FB6
1012
1061
10A0
10D1
10F3
1106
110A
1100
10E6
10BE
1087
1042
0FEE
0F8D
0F1E
0EA2
0E19
0D85
0CE5
0C3A
0B84
0AC5
09FD
092D
0855
0777
0693
05AA
04BC
03CB
02D8
01E3
00EE
FFF9
FF04
FE12
FD23
FC37
FB51
FA70
F997
F8C4
F7F9
F736
F67D
F5CD
F529
F48F
F401
F380
F30B
F2A4
F24A
F1FF
F1C2
F193
F174
F163
F162
F170
F18D
F1B9
F1F5
F23F
F299
F301
F377
F3FC
F48D
F52D
F5D9
F692
F757
F827
F902
F9E6
FAD4
FBCA
FCC8
FDCD
FED8
FFE8
00FD
0216
0331
044F
056E
068E
07AD
08CB
09E7
0B01
0C16
0D28
0E34
0F3B
103B
1134
1226
130F
13EF
14C5
1592
1653
170A
17B5
1855
18E9
1971
19ED
1A5C
1ABF
1B16
1B5F
1B9D
1BCD
1BF1
1C09
1C15
1C15
1C0A
1BF4
1BD2
1BA7
1B71
1B32
1AEA
1A99
1A41
19E1
197A
190E
189C
1825
17AB
172D
16AC
162A
15A6
1522
149E
141B
1399
1319
129C
1222
11AD
113B
10CF
1069
1008
0FAE
0F5B
0F0F
0ECB
0E8F
0E5B
0E30
0E0D
0DF2
0DE1
0DD8
0DD8
0DE1
0DF3
0E0D
0E30
0E5D
0E91
0ECD
0F11
0F5A
0FAB
1001
105C
10BC
111F
1187
11F1
125D
12CB
1339
13A8
1415
1481
14EA
1550
15B2
1610
1667
16B9
1702
1744
177D
17AD
17D2
17EC
17FA
17FC
17F1
17D9
17B2
177D
1738
16E4
167F
160A
1584
14ED
1445
138B
12BF
11E2
10F3
0FF2
0EE0
0DBC
0C87
0B41
09EB
0884
070E
0588
03F3
0251
00A0
FEE3
FD1A
FB45
F966
F77D
F58B
F391
F190
EF89
ED7E
EB6E
E95C
E749
E534
E320
E10E
DEFF
DCF4
DAED
D8ED
D6F4
D503
D31C
D13F
CF6E
CDA9
CBF2
CA49
C8B0
C727
C5AF
C449
C2F5
C1B5
C089
BF72
BE70
BD84
BCAF
BBF0
BB49
BAB8
BA3F
B9DD
B993
B961
B947
B944
B958
B984
B9C7
BA20
BA90
BB15
BBB0
BC5F
BD23
BDFA
BEE4
BFE0
C0ED
C20B
C338
C474
C5BE
C715
C877
C9E4
CB5B
CCDC
CE64
CFF3
D187
D320
D4BC
D65B
D7FB
D99A
DB39
DCD6
DE70
E006
E197
E322
E4A6
E622
E796
E900
EA60
EBB5
ECFF
EE3C
EF6C
F08E
F1A3
F2A9
F3A1
F489
F562
F62B
F6E4
F78D
F826
F8AE
F927
F990
F9E9
FA32
FA6C
FA97
FAB3
FAC1
FAC1
FAB3
FA99
FA72
FA3F
FA01
F9B8
F965
F90A
F8A5
F839
F7C6
F74C
F6CD
F64A
F5C2
F538
F4AB
F41D
F38D
F2FE
F270
F1E3
F158
F0D1
F04D
EFCD
EF53
EEDE
EE70
EE08
EDA8
ED50
ED00
ECB9
EC7B
EC47
EC1C
EBFC
EBE6
EBDA
EBD8
EBE2
EBF6
EC14
EC3E
EC71
ECAF
ECF7
ED49
EDA5
EE0A
EE77
EEED
EF6C
EFF1
F07E
F111
F1AB
F249
F2ED
F395
F440
F4EE
F59E
F650
F702
F7B5
F867
F918
F9C6
FA72
FB1B
FBBF
FC5F
FCFA
FD8E
FE1C
FEA2
FF21
FF97
0004
0068
00C2
0112
0157
0190
01BE
01E1
01F7
0202
0200
01F2
01D8
01B1
017D
013E
00F1
0099
0035
FFC4
FF49
FEC1
FE2F
FD93
FCEC
FC3B
FB81
FABF
F9F4
F921
F848
F768
F682
F597
F4A8
F3B5
F2BF
F1C6
F0CC
EFD1
EED7
EDDD
ECE5
EBEF
EAFC
EA0E
E923
E83F
E760
E688
E5B7
E4EF
E42F
E378
E2CB
E229
E191
E105
E085
E011
DFA9
DF4F
DF01
DEC1
DE8F
DE6B
DE55
DE4D
DE52
DE66
DE88
DEB8
DEF6
DF42
DF9B
E002
E076
E0F6
E184
E21D
E2C2
E371
E42C
E4F1
E5BF
E696
E776
E85D
E94B
EA40
EB3B
EC3B
ED3F
EE46
EF51
F05D
F16B
F279
F388
F495
F5A0
F6A9
F7AF
F8B1
F9AF
FAA7
FB9A
FC86
FD6C
FE49
FF1E
FFEB
00AE
0167
0216
02BA
0353
03E1
0462
04D8
0541
059D
05EC
062F
0664
068C
06A7
06B4
06B5
06A8
068E
0667
0634
05F5
05A9
0552
04EF
0480
0407
0383
02F5
025E
01BE
0115
0064
FFAC
FEED
FE27
FD5C
FC8C
FBB7
FADE
FA03
F924
F844
F763
F681
F59F
F4BD
F3DD
F2FF
F224
F14B
F076
EFA8
EEDE
EE19
ED5B
ECA2
EBF0
EB46
EAA2
EA07
E975
E8EB
E86A
E7F3
E786
E723
E6C9
E67B
E637
E5FE
E5D0
E5AD
E595
E588
E587
E590
E5A5
E5C5
E5EF
E625
E665
E6AF
E704
E764
E7CE
E841
E8BD
E941
E9CE
EA64
EB00
EBA4
EC4F
ED01
EDB8
EE76
EF38
EFFF
F0CB
F19B
F26E
F345
F41E
F4F9
F5D6
F6B5
F795
F875
F955
FA35
FB14
FBF2
FCCF
FDAA
FE83
FF59
002C
00FB
01C7
028F
0353
0413
04CE
0584
0635
06E0
0786
0826
08C0
0955
09E3
0A6B
0AEC
0B67
0BDC
0C4A
0CB2
0D13
0D6D
0DC1
0E0F
0E56
0E96
0ED0
0F04
0F32
0F59
0F7B
0F96
0FAC
0FBC
0FC6
0FCB
0FCA
0FC5
0FBA
0FAB
0F97
0F7F
0F62
0F41
0F1C
0EF4
0EC8
0E98
0E66
0E30
0DF8
0DBD
0D80
0D40
0CFF
0CBB
0C76
0C2F
0BE6
0B9D
0B52
0B07
0ABB
0A6E
0A21
09D3
0985
0937
08E9
089A
084C
07FE
07B1
0764
0717
06CB
0680
0635
05EC
05A3
055B
0515
04CF
048B
0448
0407
03C7
0388
034B
030F
02D5
029C
0266
0231
01FE
01CD
019E
0170
0145
011B
00F4
00CE
00AB
0089
006A
004C
0030
0017
FFFF
FFEA
FFD6
FFC4
FFB5
FFA7
FF9B
FF91
FF8A
FF84
FF7F
FF7D
FF7D
FF7E
FF81
FF86
FF8D
FF95
FFA0
FFAC
FFBA
FFCA
FFDB
FFED
0001
0016
002C
0043
005B
0075
008F
00AA
00C5
00E1
00FE
011B
0139
0157
0175
0193
01B1
01CF
01EC
0209
0226
0242
025E
0278
0292
02AB
02C5
02DD
02F4
030A
031E
0330
0341
0350
035D
0368
0371
0378
037D
0380
0380
037E
037A
0373
036A
035E
0350
0340
032D
0317
02FF
02E4
02C7
02A8
0286
0262
023B
0212
01E8
01BC
018E
015D
012B
00F7
00C1
008A
0051
0016
FFDB
FF9E
FF60
FF21
FEE1
FEA0
FE5F
FE1E
FDDC
FD9A
FD58
FD16
FCD4
FC93
FC53
FC13
FBD4
FB97
FB5A
FB1F
FAE5
FAAE
FA77
FA43
FA12
F9E2
F9B5
F98A
F962
F93D
F91B
F8FB
F8DF
F8C7
F8B1
F89F
F890
F885
F87E
F87A
F87A
F87E
F885
F891
F8A0
F8B3
F8CA
F8E5
F904
F926
F94D
F977
F9A5
F9D7
FA0C
FA45
FA82
FAC2
FB05
FB4B
FB95
FBE1
FC31
FC83
FCD9
FD31
FD8B
FDE8
FE47
FEA9
FF0C
FF72
FFD9
0042
00AD
0119
0186
01F5
0264
02D4
0345
03B6
0428
0499
050B
057D
05EE
065F
06CE
073D
07AB
0817
0882
08EC
0954
09BA
0A1F
0A81
0AE1
0B3F
0B9B
0BF4
0C4B
0C9F
0CF0
0D3F
0D8B
0DD3
0E19
0E5B
0E9A
0ED6
0F0F
0F44
0F76
0FA4
0FCF
0FF6
1019
1038
1053
106B
107E
108E
109A
10A2
10A6
10A6
10A2
109B
1090
1080
106D
1056
103C
101D
0FFB
0FD5
0FAC
0F7F
0F4E
0F1A
0EE2
0EA7
0E69
0E27
0DE2
0D9A
0D4F
0D01
0CB0
0C5B
0C04
0BAB
0B4F
0AF0
0A8F
0A2C
09C6
095E
08F4
0889
081B
07AB
073A
06C7
0653
05DD
0565
04ED
0473
03F8
037C
02FF
0281
0203
0183
0104
0083
0003
FF82
FF01
FE7F
FDFE
FD7D
FCFC
FC7B
FBFB
FB7B
FAFC
FA7E
FA00
F983
F907
F88B
F811
F798
F721
F6AA
F635
F5C1
F54E
F4DD
F46E
F400
F394
F32A
F2C1
F25A
F1F5
F192
F130
F0D1
F074
F018
EFBE
EF66
EF10
EEBC
EE6A
EE1A
EDCD
ED81
ED38
ECF0
ECAB
EC68
EC27
EBE9
EBAC
EB72
EB39
EB03
EACF
EA9D
EA6E
EA40
EA14
E9EB
E9C3
E99E
E97A
E959
E939
E91C
E900
E8E6
E8CD
E8B7
E8A2
E88F
E87D
E86D
E85F
E853
E848
E83E
E837
E830
E82B
E828
E826
E825
E826
E828
E82B
E830
E836
E83D
E846
E84F
E85A
E866
E873
E882
E891
E8A2
E8B4
E8C7
E8DC
E8F1
E908
E920
E939
E953
E96F
E98B
E9A9
E9C8
E9E8
EA09
EA2C
EA4F
EA74
EA9A
EAC1
EAE9
EB13
EB3E
EB6A
EB98
EBC7
EBF7
EC29
EC5C
EC91
ECC7
ECFE
ED37
ED72
EDAF
EDEE
EE2F
EE71
EEB5
EEFC
EF44
EF8E
EFDA
F028
F079
F0CB
F120
F177
F1D0
F22C
F289
F2EA
F34C
F3B1
F419
F483
F4F0
F55F
F5D1
F645
F6BC
F736
F7B2
F832
F8B4
F938
F9C1
FA4D
FADB
FB6C
FC00
FC97
FD31
FDCD
FE6C
FF0E
FFB2
0059
0102
01AE
025C
030D
03C0
0474
052B
05E4
069E
075A
0818
08D7
0997
0A59
0B1B
0BDE
0CA2
0D66
0E2A
0EEF
0FB5
107A
1140
1204
12C8
138A
144C
150B
15C9
1685
173E
17F5
18A9
195A
1A07
1AB1
1B57
1BF8
1C95
1D2E
1DC1
1E4F
1ED7
1F5A
1FD7
204D
20BD
2125
2187
21E2
2235
2280
22C4
22FF
2333
235E
2380
239A
23AB
23B2
23B1
23A7
2393
2376
2350
2321
22E8
22A5
2259
2204
21A6
213E
20CD
2054
1FD1
1F46
1EB2
1E16
1D72
1CC5
1C12
1B56
1A94
19CA
18FA
1823
1747
1665
157E
1492
13A2
12AE
11B6
10BC
0FBF
0EC0
0DBF
0CBD
0BBA
0AB7
09B5
08B3
07B2
06B3
05B7
04BD
03C6
02D3
01E4
00FA
0014
FF35
FE5B
FD88
FCBC
FBF7
FB39
FA84
F9D7
F933
F898
F806
F77F
F701
F68D
F624
F5C6
F572
F52A
F4EC
F4BA
F493
F477
F466
F461
F467
F478
F494
F4BB
F4ED
F52A
F571
F5C2
F61D
F681
F6EF
F766
F7E6
F86E
F8FE
F996
FA34
FAD9
FB85
FC36
FCEC
FDA7
FE66
FF29
FFEE
00B7
0181
024D
031A
03E7
04B4
0580
064B
0714
07DA
089E
095E
0A1A
0AD1
0B84
0C31
0CD7
0D78
0E11
0EA4
0F2E
0FB1
102A
109C
1103
1162
11B7
1201
1242
1278
12A4
12C5
12DC
12E8
12E9
12DF
12CA
12AB
1281
124D
120E
11C5
1172
1115
10AF
103F
0FC6
0F44
0EB9
0E27
0D8D
0CEB
0C43
0B95
0AE0
0A26
0966
08A1
07D7
0709
0638
0564
048C
03B3
02D8
01FB
011D
003F
FF61
FE84
FDA7
FCCB
FBF1
FB19
FA43
F970
F8A0
F7D3
F70A
F645
F585
F4C8
F410
F35E
F2B1
F20A
F167
F0CB
F033
EFA2
EF16
EE8F
EE0E
ED93
ED1D
ECAD
EC42
EBDC
EB7C
EB20
EACA
EA77
EA2A
E9E1
E99B
E95A
E91C
E8E1
E8A9
E875
E842
E812
E7E4
E7B7
E78C
E761
E737
E70D
E6E3
E6B9
E68F
E664
E637
E60A
E5DB
E5AB
E579
E545
E510
E4D8
E49D
E461
E422
E3E1
E39D
E357
E30E
E2C4
E276
E227
E1D6
E182
E12D
E0D6
E07D
E023
DFC8
DF6D
DF0F
DEB0
DE51
DDF2
DD94
DD36
DCD9
DC7E
DC24
DBCD
DB78
DB25
DAD6
DA8B
DA44
DA01
D9C3
D98A
D956
D929
D901
D8E1
D8C7
D8B5
D8AA
D8A7
D8AC
D8B9
D8CF
D8EE
D916
D947
D980
D9C4
DA11
DA67
DAC7
DB31
DBA4
DC21
DCA7
DD37
DDCF
DE71
DF1B
DFCF
E08A
E14D
E218
E2EB
E3C4
E4A4
E58A
E676
E767
E85D
E957
EA55
EB56
EC5A
ED60
EE68
EF71
F07A
F184
F28D
F395
F49C
F5A1
F6A2
F7A1
F89C
F992
FA83
FB6F
FC55
FD34
FE0C
FEDD
FFA6
0066
011E
01CD
0272
030D
039E
0425
04A2
0514
057A
05D6
0627
066C
06A7
06D6
06FA
0713
0722
0725
071F
070E
06F4
06CF
06A2
066C
062D
05E6
0597
0541
04E5
0482
0419
03AC
0339
02C3
0249
01CC
014D
00CC
004A
FFC7
FF45
FEC3
FE43
FDC4
FD48
FCCF
FC59
FBE8
FB7A
FB12
FAB0
FA53
F9FD
F9AE
F966
F926
F8ED
F8BD
F895
F876
F860
F853
F84F
F854
F862
F87A
F89A
F8C4
F8F7
F933
F978
F9C5
FA1A
FA77
FADC
FB48
FBBA
FC34
FCB3
FD37
FDBF
FE4D
FEDE
FF72
0008
00A1
013B
01D6
0271
030B
03A4
043B
04D0
0561
05EE
0678
06FB
077A
07F2
0863
08CC
092E
0987
09D7
0A1D
0A5A
0A8C
0AB4
0AD1
0AE2
0AE8
0AE1
0ACE
0AAE
0A83
0A4B
0A07
09B7
095B
08F3
087F
07FF
0774
06DF
063E
0594
04DF
0422
035C
028D
01B7
00DB
FFF8
FF0F
FE22
FD30
FC3C
FB45
FA4C
F953
F85A
F762
F66C
F578
F488
F39C
F2B5
F1D6
F0FD
F02D
EF66
EEA9
EDF7
ED50
ECB6
EC29
EBAA
EB3A
EADA
EA89
EA49
EA1A
E9FD
E9F2
E9FA
EA15
EA42
EA84
EAD9
EB43
EBC0
EC51
ECF7
EDB0
EE7E
EF5F
F054
F15C
F277
F3A4
F4E3
F634
F795
F907
FA88
FC18
FDB6
FF61
0119
02DC
04AA
0681
0860
0A47
0C35
0E28
101F
1219
1415
1612
180E
1A09
1C01
1DF5
1FE4
21CC
23AD
2587
2757
291C
2AD5
2C81
2E1F
2FAD
312B
3297
33F2
3539
366D
378B
3894
3987
3A63
3B28
3BD5
3C69
3CE4
3D46
3D8F
3DBD
3DD2
3DCC
3DAD
3D73
3D1F
3CB1
3C29
3B87
3ACD
39FB
3912
3810
36F7
35C7
3480
3325
31B4
3030
2E98
2CEE
2B32
2967
278B
25A1
23AA
21A6
1F97
1D7E
1B5B
1931
1700
14C9
128E
104F
0E0E
0BCD
098B
074A
050C
02D2
009C
FE6C
FC43
FA22
F809
F5FA
F3F5
F1FC
F00F
EE2F
EC5D
EA99
E8E5
E741
E5AE
E42C
E2BC
E15E
E013
DEDB
DDB6
DCA6
DBA9
DAC1
D9ED
D92D
D882
D7EC
D76A
D6FD
D6A4
D65F
D62D
D60F
D603
D60B
D624
D650
D68D
D6DC
D73A
D7A9
D828
D8B5
D950
D9FA
DAB0
DB72
DC41
DD1A
DDFE
DEEB
DFE2
E0E1
E1E7
E2F4
E408
E521
E63F
E761
E886
E9AF
EAD9
EC06
ED33
EE60
EF8D
F0B9
F1E4
F30D
F433
F557
F678
F795
F8AE
F9C3
FAD3
FBDD
FCE3
FDE2
FEDC
FFD0
00BD
01A4
0284
035D
0430
04FC
05C0
067E
0735
07E4
088D
092F
09CA
0A5E
0AEC
0B73
0BF4
0C6F
0CE4
0D53
0DBC
0E20
0E7F
0ED9
0F2E
0F7F
0FCB
1013
1057
1098
10D5
110F
1147
117B
11AE
11DE
120C
1238
1263
128C
12B4
12DB
1301
1327
134C
1370
1394
13B7
13D9
13FB
141D
143F
1461
1483
14A6
14C8
14EB
150E
1532
1556
157A
159E
15C3
15E8
160D
1632
1658
167D
16A3
16C8
16ED
1712
1737
175B
177F
17A2
17C4
17E5
1805
1823
183E
1859
1871
1888
189D
18B0
18C0
18CE
18DA
18E3
18E9
18ED
18ED
18EA
18E4
18DB
18CE
18BD
18A9
1890
1874
1853
182E
1805
17D7
17A5
176D
1732
16F1
16AB
1660
1612
15BD
1564
1505
14A1
1438
13C8
1354
12D9
1259
11D3
1148
10B6
101F
0F82
0EDE
0E35
0D86
0CD2
0C17
0B56
0A90
09C4
08F2
081A
073D
065A
0572
0484
0392
029A
019D
009D
FF99
FE90
FD83
FC72
FB5E
FA45
F92A
F80C
F6EA
F5C7
F4A1
F37A
F251
F127
EFFC
EED1
EDA6
EC7B
EB51
EA28
E901
E7DC
E6BA
E59B
E47F
E368
E254
E146
E03E
DF3B
DE3F
DD49
DC5A
DB73
DA95
D9C1
D8F6
D835
D77E
D6D3
D634
D5A0
D519
D49F
D432
D3D4
D383
D341
D30D
D2E9
D2D5
D2D0
D2DB
D2F7
D323
D35F
D3AD
D40B
D47B
D4FB
D58C
D62F
D6E2
D7A5
D878
D95D
DA51
DB56
DC6C
DD90
DEC5
E008
E15A
E2BA
E428
E5A3
E72A
E8BE
EA5C
EC05
EDB8
EF74
F139
F305
F4D8
F6B1
F88F
FA71
FC57
FE3F
0028
0212
03FC
05E4
07CA
09AD
0B8D
0D67
0F3B
1108
12CD
148A
163C
17E4
1981
1B11
1C95
1E0A
1F71
20C8
220F
2345
246B
257E
267E
276C
2846
290C
29BE
2A5B
2AE4
2B57
2BB6
2BFF
2C33
2C51
2C5A
2C4F
2C30
2BFB
2BB2
2B54
2AE3
2A5E
29C6
291C
2860
2793
26B5
25C8
24CC
23C2
22AA
2186
2057
1F1D
1DDB
1C8F
1B3D
19E4
1886
1725
15C0
145A
12F4
118E
1029
0EC8
0D6B
0C13
0AC2
0978
0836
06FE
05D0
04AE
0398
0290
0197
00AC
FFD2
FF08
FE50
FDAA
FD18
FC98
FC2D
FBD6
FB94
FB67
FB50
FB4F
FB63
FB8E
FBCE
FC24
FC91
FD13
FDAA
FE57
FF18
FFED
00D6
01D3
02E2
0403
0536
0679
07CC
092D
0A9D
0C19
0DA2
0F35
10D2
1277
1424
15D7
178F
194B
1B0A
1CC9
1E88
2046
2201
23B9
256A
2715
28B9
2A53
2BE2
2D66
2EDD
3045
319E
32E6
341D
3542
3653
3750
3838
390A
39C5
3A69
3AF5
3B67
3BC1
3C01
3C27
3C32
3C23
3BF9
3BB4
3B54
3AD9
3A43
3992
38C7
37E2
36E3
35CB
3499
3350
31EF
3077
2EE7
2D42
2B89
29BD
27DD
25ED
23EC
21DC
1FBD
1D92
1B5B
191A
16D0
147E
1225
0FC7
0D66
0B02
089D
0639
03D6
0176
FF1B
FCC5
FA77
F831
F5F5
F3C3
F19E
EF86
ED7D
EB83
E99B
E7C3
E5FF
E44E
E2B2
E12B
DFBB
DE61
DD1E
DBF3
DAE1
D9E7
D907
D840
D793
D700
D686
D627
D5E1
D5B5
D5A2
D5A9
D5C8
D601
D651
D6B9
D737
D7CC
D877
D937
DA0B
DAF2
DBED
DCF9
DE16
DF43
E07E
E1C7
E31D
E47E
E5E9
E75E
E8DA
EA5D
EBE6
ED74
EF05
F098
F22B
F3BF
F551
F6E1
F86D
F9F4
FB76
FCF0
FE63
FFCD
012D
0283
03CC
050A
063A
075D
0871
0976
0A6B
0B50
0C24
0CE6
0D97
0E36
0EC3
0F3D
0FA4
0FF9
103C
106C
1089
1094
108D
1074
104A
100F
0FC3
0F66
0EFA
0E7F
0DF5
0D5D
0CB8
0C07
0B49
0A80
09AD
08D0
07EC
06FF
060C
0511
0412
030E
0206
00FB
FFEF
FEE1
FDD3
FCC6
FBBB
FAB1
F9AB
F8A9
F7AC
F6B5
F5C3
F4D9
F3F6
F31C
F24A
F182
F0C4
F011
EF68
EECB
EE3A
EDB5
ED3C
ECD0
EC72
EC20
EBDC
EBA6
EB7C
EB60
EB52
EB50
EB5C
EB74
EB99
EBCB
EC08
EC52
ECA6
ED06
ED70
EDE5
EE63
EEEA
EF7A
F011
F0B0
F157
F203
F2B5
F36C
F428
F4E7
F5AA
F670
F737
F7FF
F8C8
F991
FA5B
FB23
FBEA
FCAF
FD72
FE32
FEEE
FFA7
005B
010B
01B5
025A
02F9
0393
0425
04B2
0537
05B6
062D
069D
0706
0767
07C1
0814
0860
08A4
08E1
0917
0946
096E
0990
09AB
09C0
09D0
09DB
09E1
09E2
09DF
09D9
09CF
09C2
09B3
09A2
098F
097B
0967
0952
093D
0929
0915
0904
08F4
08E6
08DB
08D3
08CE
08CC
08CF
08D6
08E1
08F1
0905
091D
093B
095E
0987
09B4
09E8
0A20
0A5E
0AA1
0AEA
0B37
0B8A
0BE1
0C3D
0C9D
0D01
0D69
0DD5
0E43
0EB4
0F27
0F9D
1013
108B
1103
117B
11F2
1268
12DD
134F
13BF
1428
148E
14EF
154C
15A3
15F3
163E
1681
16BC
16EF
171A
173B
1753
1761
1764
175D
174B
172D
1703
16CE
168C
163E
15E4
157C
1509
1488
13FB
1361
12BA
1207
1147
107C
0FA2
0EBD
0DCC
0CD1
0BCB
0ABB
09A2
0880
0755
0623
04E9
03A9
0263
0118
FFC9
FE76
FD1F
FBC7
FA6D
F913
F7B9
F660
F50A
F3B6
F265
F119
EFD3
EE92
ED59
EC27
EAFE
E9DF
E8CB
E7C1
E6C4
E5D2
E4EE
E417
E34F
E295
E1EA
E150
E0C5
E04C
DFE3
DF8B
DF46
DF12
DEF0
DEE0
DEE2
DEF7
DF1E
DF57
DFA2
DFFE
E06D
E0EC
E17D
E21E
E2CF
E390
E461
E53F
E62E
E729
E831
E946
EA65
EB8E
ECC1
EDFD
EF40
F08B
F1DB
F330
F48A
F5E6
F745
F8A4
FA04
FB63
FCC0
FE1B
FF71
00C3
0210
0355
0493
05C9
06F5
0817
092E
0A39
0B38
0C29
0D0B
0DDD
0EA1
0F54
0FF8
108A
110B
117A
11D7
1223
125C
1282
1295
1297
1285
1261
122A
11E1
1187
111A
109C
100D
0F6E
0EBF
0E00
0D32
0C56
0B6C
0A75
0972
0864
074B
0627
04F9
03C4
0287
0144
FFFB
FEAE
FD5E
FC0B
FAB7
F962
F80E
F6BB
F56A
F41D
F2D5
F191
F054
EF1E
EDEF
ECCA
EBAE
EA9C
E996
E89C
E7AE
E6CD
E5FA
E535
E47F
E3D8
E342
E2BC
E247
E1E3
E18F
E14D
E11C
E0FD
E0EE
E0F1
E106
E12B
E162
E1A9
E201
E269
E2E1
E369
E3FF
E4A4
E558
E619
E6E6
E7C1
E8A7
E998
EA93
EB99
ECA7
EDBE
EEDC
F001
F12C
F25C
F392
F4CA
F606
F744
F884
F9C4
FB04
FC43
FD81
FEBD
FFF6
012C
025E
038B
04B4
05D7
06F3
080A
0919
0A21
0B22
0C1B
0D0B
0DF4
0ED3
0FAB
1079
113F
11FB
12AF
135A
13FB
1493
1523
15AA
1629
16A1
1711
1779
17DB
1836
188B
18DA
1924
1969
19AA
19E7
1A20
1A56
1A89
1ABB
1AEB
1B1A
1B48
1B76
1BA4
1BD3
1C03
1C35
1C68
1C9E
1CD7
1D12
1D50
1D92
1DD7
1E20
1E6D
1EBE
1F14
1F6D
1FCC
202E
2095
2100
216F
21E1
2258
22D1
234E
23CE
2450
24D4
2559
25E0
2668
26EF
2776
27FD
2881
2904
2983
2A00
2A78
2AEB
2B59
2BC0
2C21
2C7A
2CCB
2D14
2D53
2D88
2DB2
2DD1
2DE5
2DEC
2DE5
2DD2
2DB0
2D80
2D41
2CF3
2C96
2C28
2BAB
2B1D
2A7F
29D0
2911
2841
2760
266F
256E
245D
233B
220B
20CA
1F7B
1E1E
1CB3
1B3B
19B7
1827
168D
14E8
133A
1184
0FC7
0E04
0C3B
0A6D
089D
06CB
04F7
0324
0152
FF83
FDB8
FBF1
FA31
F879
F6C9
F522
F387
F1F9
F077
EF05
EDA2
EC51
EB11
E9E5
E8CC
E7C8
E6DA
E602
E542
E499
E409
E392
E335
E2F3
E2CA
E2BD
E2CC
E2F5
E33A
E39B
E417
E4AF
E562
E630
E718
E81B
E937
EA6D
EBBB
ED21
EE9D
F030
F1D8
F396
F567
F74A
F93D
FB41
FD52
FF71
019B
03D0
060D
0851
0A9C
0CEA
0F3B
118E
13DF
162F
187C
1AC3
1D03
1F3B
2169
238C
25A3
27AB
29A3
2B8A
2D5F
2F20
30CD
3263
33E2
3548
3695
37C8
38E0
39DC
3ABB
3B7E
3C23
3CAA
3D12
3D5C
3D87
3D93
3D80
3D4E
3CFD
3C8E
3C00
3B55
3A8C
39A7
38A5
3789
3652
3501
3398
3217
3080
2ED3
2D12
2B3F
295A
2764
255F
234D
212F
1F07
1CD7
1A9F
1862
1621
13DD
1199
0F56
0D16
0AD9
08A2
0673
044C
0230
001F
FE1B
FC26
FA40
F86C
F6AA
F4FC
F362
F1DD
F06F
EF19
EDDB
ECB6
EBAA
EABA
E9E5
E92A
E88B
E808
E7A1
E755
E726
E712
E71A
E73D
E77B
E7D4
E848
E8D4
E97A
EA38
EB0D
EBF9
ECFB
EE12
EF3C
F078
F1C7
F325
F493
F60F
F797
F92B
FAC8
FC6E
FE1C
FFD0
0189
0345
0503
06C1
087E
0A38
0BEF
0DA1
0F4C
10F0
128A
141B
15A0
171A
1886
19E3
1B32
1C70
1D9D
1EB9
1FC2
20B8
219B
226A
2324
23CA
245B
24D6
253D
258E
25C9
25F0
2601
25FE
25E7
25BC
257D
252B
24C6
2450
23C8
2330
2288
21D2
210D
203B
1F5D
1E73
1D7F
1C82
1B7D
1A70
195D
1845
172A
160B
14EA
13C9
12A8
1188
106B
0F51
0E3B
0D2A
0C20
0B1D
0A22
0930
0848
076A
0697
05D0
0515
0467
03C6
0333
02AD
0236
01CD
0173
0128
00EB
00BD
009D
008C
0089
0093
00AC
00D1
0103
0142
018C
01E1
0240
02AA
031A
0394
0414
049C
052A
05BC
0653
06ED
0789
0827
08C6
0963
0A00
0A9A
0B31
0BC3
0C51
0CD8
0D59
0DD2
0E42
0EA9
0F06
0F58
0F9F
0FDA
1008
1029
103C
1041
1037
101F
0FF6
0FBD
0F76
0F1E
0EB7
0E41
0DBB
0D26
0C82
0BCF
0B0D
0A3E
0960
0876
077F
067C
056D
0454
0330
0204
00CF
FF92
FE4F
FD06
FBB8
FA66
F911
F7BB
F664
F50D
F3B7
F263
F113
EFC8
EE82
ED42
EC0A
EADA
E9B3
E897
E786
E682
E58A
E4A0
E3C5
E2FA
E23E
E194
E0FB
E074
DFFF
DF9D
DF4F
DF15
DEEE
DEDC
DEDE
DEF5
DF20
DF5F
DFB3
E01C
E098
E128
E1CC
E283
E34D
E428
E516
E614
E722
E840
E96C
EAA7
EBEE
ED42
EEA1
F00A
F17D
F2F8
F47B
F603
F791
F923
FAB8
FC4F
FDE7
FF7E
0115
02A8
0438
05C4
0749
08C8
0A3F
0BAD
0D10
0E68
0FB5
10F6
1229
134E
1465
156C
1663
174A
181F
18E3
1994
1A33
1ABF
1B38
1B9D
1BEF
1C2C
1C56
1C6C
1C6E
1C5D
1C38
1BFF
1BB3
1B55
1AE4
1A61
19CC
1927
1870
17A9
16D3
15EE
14FB
13FB
12EF
11D7
10B5
0F88
0E53
0D15
0BD0
0A84
0932
07DC
0682
0525
03C6
0265
0104
FFA4
FE44
FCE7
FB8D
FA36
F8E3
F796
F64E
F50C
F3D2
F29F
F174
F054
EF3C
EE2E
ED2A
EC31
EB42
EA5E
E986
E8B9
E7F8
E742
E699
E5FC
E56A
E4E5
E46C
E3FE
E39C
E346
E2FC
E2BC
E287
E25D
E23E
E228
E21D
E21A
E220
E22F
E246
E265
E28B
E2B7
E2E9
E322
E35F
E3A2
E3E8
E433
E481
E4D3
E526
E57C
E5D4
E62D
E687
E6E1
E73C
E797
E7F1
E84B
E8A3
E8FB
E951
E9A6
E9F8
EA49
EA98
EAE5
EB30
EB78
EBBE
EC02
EC44
EC82
ECBD
ECF7
ED2F
ED65
ED9A
EDCD
EE00
EE31
EE63
EE93
EEC4
EEF5
EF26
EF58
EF8B
EFBF
EFF5
F02D
F066
F0A3
F0E2
F124
F16A
F1B3
F200
F251
F2A6
F300
F35E
F3C2
F42A
F497
F509
F581
F5FE
F681
F709
F796
F82A
F8C3
F961
FA05
FAAE
FB5B
FC0E
FCC6
FD82
FE42
FF07
FFCF
009A
0168
0239
030D
03E2
04B9
0591
066A
0743
081B
08F3
09CA
0AA0
0B73
0C45
0D13
0DDE
0EA5
0F67
1025
10DD
118F
123B
12E1
137F
1416
14A5
152B
15A9
161E
168A
16EC
1745
1794
17D8
1812
1842
1866
1881
1890
1895
188F
187E
1863
183D
180C
17D1
178D
173E
16E6
1685
161A
15A8
152D
14AA
1420
138E
12F6
1259
11B5
110C
105F
0FAE
0EF9
0E41
0D87
0CCB
0C0E
0B4F
0A91
09D3
0916
085A
07A1
06EA
0635
0585
04D8
0430
038D
02EF
0256
01C4
0139
00B4
0037
FFC1
FF53
FEED
FE90
FE3B
FDEE
FDAB
FD70
FD3F
FD16
FCF6
FCE0
FCD2
FCCD
FCD1
FCDE
FCF3
FD10
FD35
FD62
FD96
FDD1
FE13
FE5D
FEAC
FF01
FF5A
FFB9
001B
0081
00EA
0156
01C3
0232
02A3
0313
0384
03F4
0462
04CF
053A
05A2
0607
0668
06C5
071D
0770
07BD
0804
0845
087F
08B2
08DD
0901
091C
092F
093A
093D
0936
0926
090E
08EC
08C1
088D
0850
0809
07BA
0761
0700
0696
0624
05AA
0528
049E
040D
0375
02D7
0233
0189
00DA
0026
FF6E
FEB2
FDF3
FD32
FC6E
FBA9
FAE2
FA1B
F955
F88F
F7CB
F709
F64A
F58F
F4D8
F426
F379
F2D2
F232
F198
F107
F07E
EFFE
EF87
EF19
EEB6
EE5E
EE11
EDCF
ED99
ED6F
ED52
ED41
ED3E
ED47
ED5E
ED82
EDB3
EDF2
EE3D
EE97
EEFD
EF71
EFF2
F080
F11B
F1C3
F276
F336
F402
F4D9
F5BB
F6A8
F79F
F8A0
F9AA
FABC
FBD7
FCF9
FE23
FF52
0088
01C2
0301
0444
058A
06D2
081B
0966
0AB0
0BFB
0D44
0E8A
0FCE
110E
124A
1380
14B1
15DB
16FD
1818
192A
1A33
1B32
1C27
1D10
1DEE
1EC0
1F85
203D
20E7
2184
2212
2291
2302
2363
23B4
23F6
2427
2449
245A
245B
244D
242E
23FE
23BF
236F
230F
22A0
2220
2192
20F5
2049
1F8E
1EC6
1DF0
1D0D
1C1E
1B23
1A1C
190B
17EF
16C9
159B
1464
1326
11E1
1095
0F44
0DEE
0C95
0B38
09D9
0878
0716
05B4
0453
02F3
0196
003B
FEE4
FD92
FC45
FAFD
F9BD
F883
F752
F629
F50A
F3F5
F2EA
F1EA
F0F6
F00E
EF33
EE64
EDA3
ECF1
EC4C
EBB6
EB2F
EAB7
EA4E
E9F5
E9AC
E972
E948
E92F
E925
E92C
E942
E967
E99C
E9E1
EA34
EA96
EB06
EB85
EC10
ECAA
ED4F
EE01
EEBF
EF88
F05B
F138
F21F
F30E
F405
F504
F609
F713
F823
F938
FA4F
FB6A
FC87
FDA5
FEC4
FFE3
0102
021E
0339
0450
0563
0671
077A
087D
0979
0A6D
0B5A
0C3D
0D16
0DE6
0EAB
0F64
1012
10B3
1148
11CF
1249
12B5
1313
1362
13A3
13D5
13F7
140B
140F
1404
13EA
13C2
138A
1344
12EF
128C
121A
119A
110D
1073
0FCD
0F19
0E5B
0D90
0CBC
0BDD
0AF4
0A03
090A
0809
0701
05F3
04E0
03C9
02AE
0190
0070
FF4E
FE2C
FD0B
FBEB
FACD
F9B3
F89D
F78C
F680
F57A
F47B
F384
F296
F1B1
F0D6
F006
EF40
EE87
EDDB
ED3B
ECA9
EC25
EBB0
EB4A
EAF3
EAAB
EA74
EA4D
EA36
EA30
EA3B
EA57
EA83
EAC1
EB0F
EB6E
EBDD
EC5F
ECF0
ED92
EE43
EF04
EFD4
F0B3
F19F
F29A
F3A1
F4B4
F5D4
F6FE
F833
F972
FABA
FC0A
FD61
FEBF
0023
018B
02F8
0468
05DA
074E
08C2
0A36
0BA9
0D19
0E87
0FF1
1156
12B6
1410
1563
16AE
17F1
192A
1A59
1B7E
1C97
1DA4
1EA5
1F98
207E
2157
2220
22DB
2387
2423
24B0
252C
2599
25F5
2641
267D
26A8
26C4
26CF
26CA
26B5
2690
265D
261A
25C8
2567
24F9
247D
23F4
235E
22BD
2210
2158
2096
1FCA
1EF6
1E1A
1D36
1C4C
1B5C
1A67
196D
1870
1770
166E
156A
1467
1363
1260
1160
1061
0F66
0E6E
0D7B
0C8D
0BA4
0AC0
09E3
090E
0840
077A
06BC
0608
055D
04BB
0423
0395
0312
0299
022A
01C6
016D
011E
00D9
009F
0070
004A
002E
001C
0013
0012
001B
002C
0044
0064
008B
00B7
00EA
0120
015B
019A
01DD
0222
0269
02B2
02FD
0347
0391
03DA
0421
0466
04A8
04E6
0520
0556
0586
05AF
05D2
05EE
0603
060F
0613
060D
05FE
05E6
05C3
0596
055E
051B
04CE
0474
040E
039E
0321
029A
0207
0168
00BF
000A
FF4B
FE81
FDAD
FCCF
FBE7
FAF6
F9FD
F8FB
F7F1
F6E0
F5C9
F4AB
F388
F260
F133
F003
EED0
ED9B
EC64
EB2C
E9F4
E8BC
E786
E652
E521
E3F3
E2C9
E1A4
E084
DF6A
DE57
DD4B
DC47
DB4B
DA58
D96F
D890
D7BB
D6F2
D633
D581
D4DA
D440
D3B2
D331
D2BE
D257
D1FE
D1B2
D174
D142
D11F
D108
D0FE
D102
D112
D12E
D156
D18B
D1CA
D215
D26A
D2C9
D332
D3A4
D41E
D4A1
D52A
D5BB
D651
D6ED
D78E
D833
D8DB
D986
DA33
DAE1
DB90
DC3F
DCED
DD9A
DE44
DEEC
DF90
E030
E0CC
E162
E1F1
E27A
E2FB
E376
E3E8
E452
E4B4
E50C
E55B
E5A0
E5DB
E60C
E633
E64F
E660
E667
E663
E654
E63B
E618
E5EA
E5B1
E56F
E524
E4CF
E470
E40A
E39B
E324
E2A6
E221
E195
E105
E06F
DFD5
DF36
DE95
DDF1
DD4B
DCA4
DBFC
DB55
DAAF
DA0A
D968
D8C9
D82E
D798
D707
D67C
D5F8
D57B
D506
D49A
D437
D3DE
D390
D34C
D315
D2E9
D2CA
D2B7
D2B2
D2BB
D2D3
D2FA
D32F
D373
D3C6
D428
D499
D519
D5A8
D646
D6F3
D7AF
D87A
D954
DA3B
DB30
DC34
DD44
DE61
DF8B
E0C0
E202
E34E
E4A4
E605
E76E
E8E0
EA5B
EBDC
ED64
EEF2
F086
F21E
F3BA
F559
F6FB
F89E
FA42
FBE7
FD8B
FF2D
00CE
026C
0407
059D
072F
08BB
0A42
0BC1
0D3A
0EAA
1012
1172
12C8
1414
1555
168C
17B9
18D9
19EE
1AF7
1BF4
1CE5
1DC9
1E9F
1F69
2026
20D6
217A
2211
229B
2319
238B
23F0
244A
2497
24DA
2511
253D
255E
2575
2582
2586
2580
2572
255B
253C
2516
24E8
24B4
247A
243A
23F5
23AA
235C
2309
22B3
2259
21FC
219E
213D
20DC
2079
2015
1FB2
1F4E
1EEA
1E88
1E26
1DC6
1D66
1D09
1CAD
1C54
1BFC
1BA7
1B55
1B04
1AB7
1A6C
1A23
19DD
199A
1959
191A
18DE
18A4
186C
1835
1800
17CC
179A
1769
1739
170A
16DB
16AC
167E
1650
1621
15F2
15C1
1590
155E
152A
14F4
14BC
1483
1447
1408
13C7
1383
133C
12F2
12A5
1254
1200
11A9
114E
10F0
108E
1027
0FBE
0F51
0EE0
0E6D
0DF6
0D7C
0CFF
0C7F
0BFD
0B79
0AF3
0A6A
09E0
0955
08C9
083C
07AF
0721
0694
0608
057C
04F2
046A
03E3
035F
02DE
0260
01E6
016F
00FD
0091
002B
FFC9
FF6D
FF17
FEC7
FE7E
FE3C
FE01
FDCC
FDA0
FD7B
FD5E
FD48
FD3B
FD36
FD39
FD45
FD58
FD74
FD98
FDC4
FDF8
FE34
FE78
FEC3
FF15
FF6F
FFCF
0036
00A3
0116
0191
0211
0296
031F
03AC
043C
04CF
0564
05FB
0693
072D
07C6
085F
08F7
098D
0A21
0AB3
0B42
0BCC
0C53
0CD4
0D51
0DC7
0E36
0E9F
0F00
0F5A
0FAA
0FF2
1031
1066
1090
10B2
10C8
10D3
10D3
10C7
10AF
108B
105C
101F
0FD7
0F82
0F22
0EB4
0E3B
0DB6
0D24
0C87
0BDF
0B2B
0A6C
09A3
08D0
07F2
070C
061C
0524
0424
031C
020E
00F9
FFDE
FEBE
FD9A
FC72
FB47
FA19
F8E9
F7B8
F686
F554
F423
F2F3
F1C5
F09B
EF73
EE50
ED32
EC1A
EB07
E9FC
E8F8
E7FC
E708
E61E
E53D
E467
E39B
E2DA
E225
E17B
E0DE
E04E
DFCA
DF53
DEEB
DE91
DE45
DE06
DDD5
DDB1
DD9B
DD93
DD99
DDAC
DDCC
DDF9
DE34
DE7B
DECF
DF2F
DF9A
E011
E093
E120
E1B7
E258
E302
E3B4
E46F
E532
E5FC
E6CC
E7A3
E87F
E960
EA45
EB2E
EC1B
ED0A
EDFC
EEEE
EFE2
F0D5
F1C8
F2BB
F3AC
F49B
F588
F672
F758
F83B
F91A
F9F4
FACA
FB9A
FC65
FD2A
FDE9
FEA2
FF54
0000
00A6
0145
01DC
026D
02F8
037B
03F7
046C
04DA
0541
05A2
05FE
0653
06A3
06ED
0732
0773
07AE
07E6
081A
084A
0878
08A2
08CA
08F0
0915
0938
095A
097C
099D
09BF
09E2
0A05
0A2A
0A50
0A78
0AA3
0AD0
0AFF
0B31
0B66
0B9E
0BDA
0C1A
0C5D
0CA5
0CF1
0D41
0D95
0DEE
0E4A
0EAA
0F0F
0F76
0FE2
1050
10C2
1137
11AE
1227
12A2
131E
139B
1419
1497
1515
1592
160E
1687
16FF
1773
17E3
1850
18B7
191A
1977
19CE
1A1E
1A66
1AA7
1AE0
1B0F
1B35
1B51
1B62
1B68
1B64
1B53
1B36
1B0C
1AD6
1A92
1A41
19E2
1975
18FB
1871
17DA
1734
1680
15BD
14EC
140D
131E
1222
1118
1001
0EDC
0DAB
0C6F
0B26
09D2
0874
070B
0599
041F
029C
0113
FF82
FDEC
FC51
FAB2
F910
F76B
F5C5
F41E
F278
F0D4
EF31
ED92
EBF7
EA62
E8D2
E74A
E5CA
E452
E2E4
E180
E028
DEDD
DD9F
DC6F
DB4E
DA3D
D93B
D84B
D76D
D6A0
D5E7
D540
D4AE
D42F
D3C5
D370
D32F
D304
D2EE
D2ED
D302
D32C
D36C
D3C0
D42A
D4A8
D53B
D5E2
D69C
D769
D849
D93C
DA3F
DB53
DC78
DDAB
DEED
E03D
E199
E301
E474
E5F1
E777
E904
EA98
EC32
EDD1
EF73
F118
F2BD
F463
F608
F7AC
F94B
FAE7
FC7E
FE0E
FF97
0117
028E
03FA
055B
06B0
07F8
0932
0A5E
0B7A
0C86
0D82
0E6D
0F45
100C
10C0
1161
11EF
126A
12D0
1323
1362
138C
13A3
13A6
1396
1372
133B
12F1
1294
1226
11A6
1115
1074
0FC3
0F03
0E34
0D58
0C6F
0B7A
0A7B
0971
085E
0742
0620
04F7
03C9
0297
0161
002A
FEF1
FDB8
FC80
FB4B
FA18
F8E9
F7C0
F69C
F57F
F46A
F35E
F25C
F163
F076
EF95
EEC1
EDFA
ED41
EC98
EBFD
EB73
EAF8
EA8D
EA33
E9E9
E9B1
E98A
E974
E96F
E97B
E999
E9C8
EA08
EA58
EAB9
EB29
EBAA
EC39
ECD8
ED84
EE3E
EF06
EFD9
F0B9
F1A3
F298
F396
F49C
F5AB
F6C0
F7DD
F8FF
FA26
FB50
FC7C
FDAA
FED9
0007
0134
025F
0388
04AC
05CC
06E6
07FA
0907
0A0D
0B09
0BFD
0CE6
0DC6
0E9A
0F62
101F
10CF
1172
1208
1291
130B
1378
13D6
1427
1468
149C
14C1
14D8
14E0
14DC
14C9
14A9
147C
1443
13FD
13AC
1350
12E9
1277
11FD
1179
10ED
105A
0FC0
0F20
0E7B
0DD1
0D24
0C73
0BC1
0B0D
0A58
09A4
08F1
0840
0791
06E5
063D
059A
04FC
0465
03D5
034D
02CD
0255
01E8
0184
012B
00DC
0099
0062
0037
0017
0005
FFFF
0006
001A
003B
0069
00A4
00EC
0141
01A2
0210
0289
030E
039F
043A
04DF
058D
0645
0706
07CF
08A0
0979
0A57
0B3C
0C25
0D13
0E04
0EF8
0FEE
10E5
11DD
12D4
13CA
14BE
15B0
169D
1787
186C
194A
1A23
1AF4
1BBD
1C7D
1D34
1DE2
1E85
1F1D
1FA9
2029
209D
2104
215E
21AB
21EA
221C
223F
2254
225A
2252
223C
2218
21E5
21A4
2154
20F7
208D
2015
1F90
1EFE
1E60
1DB7
1D02
1C42
1B78
1AA4
19C7
18E2
17F4
1700
1606
1506
1401
12F8
11EB
10DB
0FC8
0EB5
0DA0
0C8C
0B78
0A66
0956
0849
0740
063B
053A
0440
034C
025E
0178
009A
FFC4
FEF7
FE34
FD7A
FCCA
FC25
FB8B
FAFB
FA77
F9FE
F992
F932
F8DD
F894
F857
F825
F7FF
F7E4
F7D4
F7CF
F7D5
F7E5
F800
F824
F852
F88A
F8CA
F912
F962
F9B9
FA17
FA7C
FAE6
FB56
FBCA
FC42
FCBE
FD3C
FDBD
FE40
FEC3
FF47
FFCB
004E
00CF
014F
01CC
0246
02BC
032E
039C
0404
0467
04C4
051A
0569
05B1
05F1
062A
065A
0682
06A0
06B6
06C3
06C7
06C1
06B2
069A
0678
064D
0618
05DB
0594
0544
04EC
048B
0422
03B1
0338
02B8
0231
01A4
0110
0076
FFD7
FF33
FE8B
FDDE
FD2E
FC7B
FBC5
FB0D
FA53
F998
F8DC
F820
F765
F6AA
F5F1
F53A
F485
F3D2
F323
F278
F1D1
F12E
F091
EFFA
EF69
EEDD
EE58
EDDA
ED63
ECF4
EC8C
EC2C
EBD5
EB85
EB3F
EB01
EACC
EAA0
EA7D
EA63
EA53
EA4C
EA4E
EA5A
EA6E
EA8C
EAB3
EAE3
EB1C
EB5E
EBA9
EBFB
EC57
ECBA
ED25
ED97
EE11
EE92
EF1A
EFA8
F03D
F0D7
F178
F21E
F2C9
F37A
F42E
F4E8
F5A5
F666
F72A
F7F2
F8BD
F98A
FA59
FB2B
FBFE
FCD3
FDA9
FE80
FF58
0030
0109
01E1
02B9
0391
0466
053B
060E
06E0
07B0
087F
094C
0A17
0AE0
0BA6
0C6A
0D2B
0DE9
0EA5
0F5D
1013
10C5
1173
121E
12C6
1369
1409
14A5
153D
15D0
165F
16EA
1770
17F2
186E
18E6
1959
19C5
1A2C
1A8D
1AE9
1B3F
1B8F
1BD9
1C1E
1C5C
1C95
1CC6
1CF2
1D17
1D36
1D4E
1D5F
1D69
1D6C
1D69
1D5E
1D4C
1D33
1D13
1CEB
1CBD
1C86
1C48
1C03
1BB7
1B62
1B07
1AA4
1A38
19C5
194B
18C9
1841
17B1
171A
167C
15D7
152C
147A
13C2
1305
1241
1178
10A9
0FD6
0EFE
0E21
0D40
0C5C
0B74
0A89
099B
08AB
07B9
06C5
05D1
04DB
03E6
02F1
01FC
0108
0016
FF27
FE39
FD4F
FC68
FB86
FAA7
F9CE
F8F9
F82B
F762
F6A0
F5E4
F530
F483
F3DE
F341
F2AC
F220
F19D
F124
F0B3
F04D
EFF0
EF9D
EF54
EF16
EEE1
EEB8
EE98
EE83
EE79
EE7B
EE86
EE9C
EEBC
EEE7
EF1B
EF59
EFA0
EFF1
F04A
F0AC
F116
F188
F201
F281
F308
F395
F427
F4BF
F55B
F5FB
F69F
F745
F7EF
F899
F946
F9F2
FA9F
FB4C
FBF7
FCA1
FD4A
FDEF
FE92
FF31
FFCB
0061
00F2
017C
0201
027F
02F6
0365
03CD
042C
0483
04D1
0516
0552
0584
05AD
05CC
05E1
05EC
05ED
05E4
05D1
05B3
058C
055B
0521
04DD
048F
0437
03D6
036D
02FB
0281
01FF
0177
00E7
0051
FFB6
FF15
FE6F
FDC5
FD17
FC66
FBB3
FAFD
FA46
F98F
F8D7
F81F
F769
F6B4
F601
F551
F4A5
F3FC
F358
F2B9
F220
F18D
F101
F07B
EFFC
EF85
EF16
EEB0
EE54
EE01
EDB8
ED79
ED45
ED1C
ECFD
ECEA
ECE2
ECE6
ECF5
ED0F
ED36
ED68
EDA5
EDEF
EE43
EEA3
EF0F
EF85
F006
F092
F128
F1C8
F272
F325
F3E1
F4A7
F574
F64A
F727
F80B
F8F5
F9E5
FADB
FBD6
FCD6
FDDA
FEE1
FFEC
00F9
0209
031A
042C
053F
0652
0765
0878
0989
0A99
0BA7
0CB2
0DBB
0EC0
0FC3
10C1
11BC
12B2
13A4
1492
157B
165F
173E
1817
18EA
19B8
1A80
1B42
1BFE
1CB4
1D63
1E0D
1EB1
1F50
1FE8
207B
2108
218F
2211
228E
2306
2379
23E8
2451
24B7
2518
2575
25CF
2625
2677
26C7
2713
275C
27A3
27E8
282A
286A
28A8
28E4
291F
2957
298F
29C4
29F8
2A2B
2A5C
2A8C
2ABA
2AE7
2B12
2B3C
2B64
2B8A
2BAE
2BCF
2BEF
2C0C
2C26
2C3D
2C50
2C61
2C6D
2C75
2C78
2C76
2C6E
2C61
2C4F
2C37
2C18
2BF2
2BC5
2B90
2B54
2B0F
2AC2
2A6B
2A0C
29A2
292F
28B1
2829
2796
26F7
264E
2598
24D7
240A
2330
224A
2158
2059
1F4E
1E36
1D11
1BDF
1AA0
1956
17FE
169B
152C
13B2
122C
109C
0F00
0D5B
0BAC
09F3
0832
0668
0497
02BE
00DF
FEF9
FD0F
FB1F
F92C
F736
F53D
F342
F147
EF4B
ED50
EB57
E961
E76E
E57E
E395
E1B1
DFD4
DDFE
DC32
DA6F
D8B6
D708
D566
D3D2
D24A
D0D2
CF68
CE0F
CCC6
CB8E
CA68
C955
C856
C76A
C692
C5CF
C522
C48A
C408
C39D
C348
C30A
C2E4
C2D4
C2DD
C2FC
C334
C383
C3EA
C468
C4FD
C5A9
C66B
C744
C834
C938
CA52
CB81
CCC5
CE1C
CF86
D103
D292
D433
D5E4
D7A4
D974
DB53
DD3F
DF37
E13C
E34B
E564
E787
E9B1
EBE3
EE1C
F05A
F29B
F4E1
F729
F972
FBBC
FE05
004D
0293
04D5
0713
094D
0B80
0DAC
0FD1
11ED
1400
1609
1807
19F9
1BE0
1DB9
1F85
2142
22F1
2490
2620
279F
290E
2A6B
2BB7
2CF0
2E18
2F2D
3030
311F
31FC
32C5
337B
341D
34AC
3528
3591
35E6
3627
3656
3672
367B
3672
3656
3628
35E8
3597
3535
34C3
3440
33AD
330A
3259
3199
30CB
2FEF
2F06
2E11
2D0F
2C04
2AEE
29CD
28A3
276F
2633
24EF
23A4
2251
20F9
1F9A
1E37
1CCF
1B63
19F4
1883
170E
1599
1422
12AB
1134
0FBD
0E48
0CD4
0B63
09F4
0888
0720
05BC
045D
0303
01AF
0062
FF1C
FDDD
FCA5
FB74
FA4C
F92C
F815
F706
F601
F506
F414
F32C
F24E
F17B
F0B3
EFF5
EF43
EE9B
EDFF
ED6E
ECE9
EC70
EC02
EB9F
EB49
EAFE
EAC0
EA8C
EA65
EA4A
EA3A
EA36
EA3E
EA51
EA70
EA9A
EACF
EB0F
EB5A
EBAF
EC0F
EC79
ECED
ED6A
EDF0
EE80
EF18
EFB8
F060
F110
F1C8
F286
F34A
F415
F4E5
F5BB
F696
F775
F857
F93E
FA27
FB14
FC02
FCF1
FDE1
FED2
FFC4
00B6
01A7
0297
0386
0473
055D
0645
0729
080A
08E7
09BF
0A93
0B61
0C29
0CEB
0DA7
0E5C
0F09
0FAF
104E
10E4
1172
11F8
1274
12E8
1352
13B3
140A
1456
1499
14D2
1501
1526
1542
1553
155B
1558
154C
1537
1518
14EF
14BD
1482
143E
13F1
139C
133F
12D9
126C
11F8
117C
10FA
1071
0FE2
0F4D
0EB3
0E15
0D71
0CCA
0C1F
0B70
0ABF
0A0B
0956
089F
07E8
0730
0678
05C0
050A
0455
03A1
02F0
0242
0196
00EE
004A
FFAA
FF0F
FE78
FDE7
FD5B
FCD5
FC55
FBDC
FB69
FAFD
FA97
FA39
F9E2
F993
F94B
F90A
F8D1
F8A0
F876
F854
F839
F826
F81B
F817
F81B
F826
F839
F852
F873
F89A
F8C8
F8FD
F938
F979
F9C0
FA0C
FA5E
FAB5
FB10
FB70
FBD4
FC3C
FCA7
FD16
FD87
FDFA
FE70
FEE8
FF60
FFDA
0053
00CD
0146
01BF
0236
02AB
031F
0391
0400
046C
04D6
053B
059D
05FC
0655
06AB
06FB
0747
078E
07CF
080A
0840
0870
089A
08BE
08DB
08F2
0902
090C
0910
090D
0904
08F4
08DD
08BF
0899
086D
083A
0800
07BE
0776
0726
06D0
0673
060F
05A4
0532
04BA
043B
03B5
0329
0297
01FF
0161
00BD
0013
FF64
FEAF
FDF5
FD35
FC71
FBA9
FADC
FA0C
F937
F85F
F783
F6A4
F5C2
F4DD
F3F5
F30A
F21D
F12E
F03C
EF49
EE55
ED5E
EC67
EB6F
EA75
E97C
E881
E787
E68D
E593
E499
E3A0
E2A9
E1B2
E0BD
DFCA
DED9
DDE8
DCFB
DC10
DB29
DA45
D965
D889
D7B1
D6DF
D611
D548
D485
D3C8
D311
D261
D1B7
D114
D079
CFE5
CF59
CED5
CE5A
CDE7
CD7D
CD1C
CCC5
CC77
CC33
CBF9
CBCA
CBA4
CB89
CB78
CB72
CB77
CB86
CBA1
CBC6
CBF7
CC33
CC7B
CCCD
CD2B
CD94
CE08
CE86
CF10
CFA5
D044
D0ED
D1A1
D25E
D325
D3F6
D4D0
D5B3
D69E
D791
D88C
D98F
DA98
DBA8
DCBE
DDD9
DEFC
E022
E14D
E27B
E3AC
E4E0
E615
E74C
E883
E9BA
EAF1
EC27
ED5B
EE8C
EFBB
F0E6
F20D
F32F
F44C
F563
F673
F77D
F87F
F97A
FA6C
FB55
FC34
FD0A
FDD6
FE97
FF4E
FFF9
009B
0130
01BA
0239
02AB
0311
036B
03B9
03FA
0430
0459
0476
0488
048E
0489
0479
045E
0439
040A
03D1
038F
0344
02F2
0298
0236
01CF
0162
00EF
0079
FFFE
FF81
FF01
FE7F
FDFC
FD7A
FCF8
FC77
FBF9
FB7F
FB08
FA96
FA29
F9C3
F963
F90C
F8BC
F876
F83A
F808
F7E0
F7C5
F7B5
F7B3
F7BD
F7D5
F7FB
F82F
F871
F8C3
F924
F993
FA13
FAA1
FB3F
FBEC
FCA9
FD74
FE4F
FF38
0030
0136
0249
036A
0497
05D0
0715
0865
09BF
0B22
0C8E
0E01
0F7B
10FB
1280
1408
1594
1722
18B0
1A3E
1BCA
1D54
1EDA
205B
21D6
234A
24B6
2619
2771
28BE
29FE
2B2F
2C52
2D65
2E66
2F56
3032
30FA
31AD
324A
32D1
3340
3397
33D5
33FA
3406
33F7
33CD
3388
3328
32AC
3214
3161
3092
2FA8
2EA1
2D80
2C43
2AEC
297B
27F0
264D
2490
22BC
20D1
1ED0
1CB9
1A8F
1851
1601
13A0
112F
0EB0
0C23
098A
06E7
043B
0187
FECC
FC0D
F94B
F687
F3C2
F0FF
EE3F
EB83
E8CE
E620
E37B
E0E0
DE52
DBD1
D95F
D6FD
D4AD
D270
D048
CE36
CC3A
CA56
C88C
C6DB
C546
C3CD
C270
C132
C011
BF10
BE2E
BD6B
BCC9
BC48
BBE8
BBA8
BB8A
BB8C
BBB0
BBF4
BC59
BCDE
BD82
BE46
BF28
C028
C145
C27F
C3D5
C545
C6CE
C870
CA29
CBF9
CDDD
CFD5
D1E0
D3FB
D626
D85F
DAA4
DCF5
DF4F
E1B1
E419
E686
E8F7
EB69
EDDB
F04C
F2B9
F522
F785
F9E0
FC32
FE79
00B5
02E4
0503
0713
0912
0AFE
0CD6
0E99
1047
11DE
135D
14C4
1612
1746
1860
195E
1A42
1B09
1BB5
1C44
1CB7
1D0E
1D48
1D66
1D68
1D4E
1D19
1CC8
1C5D
1BD7
1B38
1A80
19B0
18CA
17CD
16BA
1592
1456
1308
11A8
1038
0EB8
0D2A
0B8F
09E9
0838
067F
04BE
02F6
012A
FF5A
FD89
FBB6
F9E4
F814
F647
F47E
F2BC
F100
EF4D
EDA3
EC04
EA71
E8EA
E771
E608
E4AF
E366
E22E
E108
DFF5
DEF6
DE0A
DD33
DC71
DBC4
DB2D
DAAC
DA40
D9EB
D9AD
D984
D972
D976
D98F
D9BF
DA03
DA5D
DACB
DB4C
DBE2
DC8A
DD44
DE10
DEED
DFD9
E0D5
E1DF
E2F6
E419
E548
E681
E7C4
E90F
EA62
EBBA
ED18
EE7A
EFDF
F145
F2AD
F414
F57A
F6DD
F83D
F999
FAEF
FC3E
FD86
FEC6
FFFD
0129
024B
0360
046A
0566
0655
0735
0806
08C7
0979
0A1A
0AAA
0B29
0B97
0BF4
0C3F
0C79
0CA1
0CB7
0CBC
0CAF
0C91
0C62
0C22
0BD2
0B72
0B03
0A84
09F7
095C
08B4
07FE
073D
0670
0599
04B7
03CC
02D9
01DF
00DD
FFD6
FEC9
FDB8
FCA3
FB8C
FA74
F95B
F841
F729
F613
F4FF
F3EF
F2E3
F1DC
F0DB
EFE1
EEEE
EE03
ED21
EC48
EB79
EAB5
E9FB
E94D
E8AB
E815
E78C
E710
E6A1
E640
E5ED
E5A7
E56F
E545
E528
E51B
E51B
E529
E545
E56F
E5A6
E5EB
E63C
E69A
E704
E77A
E7FB
E887
E91D
E9BD
EA66
EB17
EBD1
EC92
ED5A
EE28
EEFB
EFD3
F0AF
F18F
F271
F355
F43B
F521
F606
F6EB
F7CF
F8B0
F990
FA6C
FB44
FC19
FCE8
FDB2
FE77
FF35
FFEC
009C
0144
01E4
027C
030B
0391
040E
0482
04EC
054C
05A3
05EF
0632
066A
0699
06BE
06D9
06EB
06F3
06F3
06EB
06DA
06C0
069E
0675
0644
060C
05CD
0588
053E
04EE
0499
0440
03E3
0384
0321
02BC
0256
01EE
0186
011E
00B6
0050
FFEB
FF88
FF28
FECA
FE71
FE1B
FDC9
FD7D
FD39
FCFA
FCC1
FC8E
FC61
FC3B
FC1D
FC05
FBF5
FBEC
FBEB
FBF2
FC00
FC16
FC34
FC5A
FC88
FCBE
FCFB
FD3F
FD8B
FDDE
FE38
FE98
FEFF
FF6C
FFDF
0057
00D5
0156
01DD
0267
02F4
0385
0419
04AE
0545
05DD
0676
070F
07A7
083F
08D5
0969
09FB
0A8A
0B15
0B9D
0C20
0C9E
0D18
0D8B
0DF9
0E60
0EC1
0F1B
0F6D
0FB8
0FFB
1036
1068
1092
10B4
10CC
10DC
10E3
10E1
10D6
10C2
10A6
1082
1054
101F
0FE1
0F9C
0F4E
0EFA
0E9E
0E3B
0DD1
0D62
0CEC
0C71
0BF1
0B6D
0AE4
0A57
09C8
0935
08A0
0809
0771
06D8
063F
05A6
050E
0479
03E5
0354
02C5
023A
01B2
012E
00B0
0036
FFC1
FF53
FEEA
FE88
FE2E
FDDA
FD8E
FD49
FD0D
FCD9
FCAD
FC8A
FC6F
FC5D
FC55
FC54
FC5D
FC6F
FC89
FCAD
FCD8
FD0D
FD49
FD8F
FDDD
FE32
FE8F
FEF3
FF5D
FFCE
0044
00C1
0143
01C9
0254
02E3
0376
040B
04A4
053E
05DA
0678
0716
07B4
0853
08F0
098C
0A27
0AC0
0B56
0BE9
0C79
0D05
0D8C
0E0F
0E8C
0F04
0F76
0FE1
1047
10A5
10FD
114E
1197
11D9
1213
1245
1270
1293
12AD
12C0
12CA
12CD
12C7
12BA
12A5
1288
1264
1238
1205
11CC
118B
1145
10F8
10A5
104C
0FEF
0F8C
0F24
0EB8
0E48
0DD5
0D5E
0CE5
0C68
0BEA
0B6A
0AE9
0A66
09E3
0960
08DC
0859
07D6
0754
06D4
0655
05D7
055C
04E3
046C
03F8
0387
0319
02AD
0245
01E0
017F
0120
00C7
0070
001D
FFCD
FF80
FF37
FEF0
FEAC
FE6B
FE2D
FDF1
FDB7
FD7F
FD49
FD15
FCE2
FCB0
FC7F
FC4E
FC1E
FBEE
FBBD
FB8C
FB5A
FB27
FAF3
FABD
FA85
FA4A
FA0D
F9CE
F98C
F946
F8FE
F8B1
F861
F80D
F7B5
F758
F6F7
F691
F627
F5B9
F545
F4CD
F451
F3D0
F34A
F2C1
F232
F1A0
F10A
F070
EFD3
EF32
EE8F
EDE8
ED40
EC95
EBE9
EB3B
EA8C
E9DD
E92E
E880
E7D2
E726
E67C
E5D4
E52F
E48C
E3EE
E353
E2BD
E22C
E1A0
E11A
E09B
E022
DFB0
DF46
DEE4
DE8A
DE38
DDEF
DDAF
DD79
DD4C
DD29
DD10
DD01
DCFD
DD03
DD13
DD2D
DD53
DD83
DDBE
DE04
DE53
DEAD
DF11
DF7E
DFF4
E073
E0FB
E18C
E224
E2C3
E36A
E417
E4CB
E583
E641
E703
E7C9
E892
E95E
EA2C
EAFB
EBCA
EC9A
ED69
EE37
EF02
EFCB
F091
F152
F20F
F2C7
F379
F424
F4C8
F565
F5FA
F686
F709
F783
F7F3
F858
F8B3
F903
F948
F981
F9AF
F9D1
F9E7
F9F1
F9EF
F9E1
F9C7
F9A2
F971
F934
F8EC
F89A
F83C
F7D4
F763
F6E8
F663
F5D5
F540
F4A3
F400
F356
F2A7
F1F3
F13B
F080
EFC2
EF02
EE41
ED80
ECBF
EBFF
EB42
EA87
E9D0
E91D
E870
E7C8
E727
E68E
E5FD
E574
E4F6
E481
E417
E3B8
E366
E320
E2E7
E2BB
E29D
E28D
E28C
E29A
E2B6
E2E2
E31D
E368
E3C2
E42B
E4A4
E52C
E5C3
E669
E71E
E7E1
E8B2
E990
EA7C
EB74
EC78
ED87
EEA2
EFC6
F0F4
F22B
F36A
F4B0
F5FC
F74E
F8A3
F9FC
FB58
FCB6
FE15
FF74
00D2
022F
0389
04DF
0631
077E
08C5
0A05
0B3D
0C6D
0D94
0EB0
0FC2
10C8
11C3
12B1
1391
1464
1529
15E0
1687
171F
17A7
1820
1888
18E1
1926
195B
1980
1994
1998
198C
1970
1944
1909
18BE
1866
17FF
178A
1708
167A
15DF
1539
1489
13CE
130A
123E
116A
108E
0FAD
0EC6
0DDA
0CEB
0BF9
0B04
0A0E
0918
0822
072C
0638
0546
0458
036E
0288
01A9
00CF
FFFB
FF2F
FE6B
FDAF
FCFC
FC52
FBB1
FB1A
FA8D
FA0B
F992
F925
F8C2
F86A
F81C
F7D9
F7A1
F773
F74F
F736
F726
F71F
F721
F72C
F73F
F75A
F77D
F7A5
F7D4
F809
F842
F880
F8C1
F905
F94B
F993
F9DC
FA25
FA6D
FAB5
FAFA
FB3C
FB7C
FBB7
FBED
FC1F
FC4A
FC70
FC8E
FCA4
FCB3
FCB9
FCB6
FCAA
FC94
FC75
FC4B
FC18
FBD9
FB90
FB3D
FADE
FA75
FA01
F982
F8F9
F866
F7C9
F722
F673
F5BA
F4F9
F42F
F35F
F288
F1AA
F0C7
EFDF
EEF3
EE04
ED11
EC1D
EB28
EA32
E93D
E84A
E758
E66A
E581
E49D
E3BE
E2E6
E215
E14C
E08C
DFD6
DF2B
DE8A
DDF5
DD6D
DCF2
DC84
DC25
DBD4
DB93
DB61
DB3F
DB2D
DB2C
DB3C
DB5C
DB8D
DBD0
DC23
DC87
DCFC
DD81
DE17
DEBC
DF72
E038
E10C
E1EF
E2DF
E3DD
E4E7
E5FC
E71D
E847
E97B
EAB8
EBFC
ED47
EE98
EFEE
F148
F2A4
F403
F563
F6C3
F821
F97E
FAD8
FC2E
FD7F
FECA
000E
014B
027F
03AA
04CA
05E0
06E9
07E6
08D6
09B8
0A8C
0B51
0C07
0CAC
0D42
0DC8
0E3D
0EA1
0EF5
0F38
0F6A
0F8B
0F9C
0F9D
0F8D
0F6E
0F40
0F03
0EB8
0E5F
0DF9
0D87
0D08
0C80
0BED
0B50
0AAC
0A00
094E
0896
07DA
071A
0658
0594
04D0
040E
034D
028E
01D4
011F
0071
FFC9
FF29
FE93
FE07
FD86
FD11
FCA8
FC4E
FC01
FBC4
FB96
FB79
FB6D
FB72
FB89
FBB3
FBEF
FC3D
FC9F
FD15
FD9E
FE3A
FEEA
FFAC
0081
0168
0261
036C
0488
05B5
06F2
083E
0999
0B02
0C78
0DFB
0F88
1120
12C2
146C
161D
17D4
1991
1B51
1D14
1ED9
209D
2262
2424
25E2
279D
2951
2AFF
2CA5
2E42
2FD4
315B
32D5
3441
359F
36ED
382A
3957
3A70
3B77
3C6A
3D49
3E13
3EC7
3F65
3FED
405D
40B7
40F9
4124
4138
4133
4118
40E5
409A
4039
3FC2
3F34
3E90
3DD7
3D09
3C28
3B33
3A2B
3912
37E8
36AD
3563
340B
32A5
3133
2FB5
2E2D
2C9B
2B02
2960
27B9
260C
245C
22A8
20F3
1F3D
1D87
1BD2
1A1F
1870
16C5
1520
1380
11E8
1058
0ED0
0D53
0BDF
0A77
0919
07C8
0684
054C
0422
0305
01F7
00F7
0005
FF22
FE4D
FD87
FCD0
FC27
FB8C
FB00
FA81
FA10
F9AD
F956
F90C
F8CD
F89A
F872
F855
F841
F836
F834
F83A
F848
F85B
F874
F893
F8B5
F8DB
F904
F92E
F95B
F987
F9B4
F9E0
FA0B
FA33
FA5A
FA7C
FA9C
FAB7
FACD
FADE
FAE9
FAEF
FAEE
FAE7
FAD9
FAC4
FAA7
FA84
FA59
FA27
F9ED
F9AD
F965
F916
F8C1
F864
F802
F799
F72B
F6B8
F63F
F5C3
F542
F4BE
F438
F3AF
F324
F298
F20C
F180
F0F4
F06A
EFE3
EF5D
EEDC
EE5E
EDE5
ED72
ED04
EC9D
EC3D
EBE5
EB96
EB50
EB13
EADF
EAB6
EA97
EA83
EA7B
EA7E
EA8C
EAA7
EACE
EB01
EB40
EB8C
EBE4
EC49
ECBA
ED36
EDBF
EE54
EEF3
EF9E
F053
F113
F1DD
F2B0
F38B
F46F
F55B
F64E
F747
F846
F94A
FA52
FB5D
FC6B
FD7B
FE8D
FF9E
00AF
01BF
02CD
03D8
04DF
05E3
06E1
07D9
08CB
09B6
0A99
0B74
0C46
0D0E
0DCC
0E7F
0F27
0FC4
1055
10DA
1151
11BD
121B
126C
12AF
12E5
130E
1329
1336
1336
1329
1310
12E9
12B5
1276
122A
11D3
1171
1104
108D
100C
0F82
0EF0
0E56
0DB4
0D0C
0C5D
0BAA
0AF1
0A35
0975
08B3
07EF
072A
0665
059F
04DC
041B
035C
02A0
01E8
0134
0085
FFDB
FF38
FE9A
FE04
FD75
FCEE
FC6F
FBF8
FB89
FB24
FAC7
FA73
FA29
F9E7
F9AF
F980
F95A
F93D
F929
F91D
F91A
F91F
F92B
F93F
F959
F97B
F9A2
F9CF
FA02
FA39
FA74
FAB2
FAF3
FB37
FB7C
FBC2
FC09
FC4F
FC95
FCD9
FD1B
FD5B
FD97
FDCF
FE03
FE31
FE5B
FE7E
FE9A
FEB0
FEBE
FEC4
FEC1
FEB6
FEA2
FE85
FE5F
FE2C
FDF0
FDAA
FD5A
FD00
FC9D
FC2F
FBB7
FB35
FAAA
FA16
F979
F8D3
F824
F76E
F6B0
F5EB
F51F
F44D
F375
F298
F1B7
F0D2
EFEA
EEFF
EE13
ED25
EC37
EB49
EA5C
E971
E888
E7A1
E6BD
E5DE
E504
E430
E363
E29E
E1E0
E12C
E080
DFDE
DF47
DEBA
DE39
DDC3
DD59
DCFB
DCAA
DC66
DC2F
DC04
DBE8
DBD8
DBD6
DBE2
DBFA
DC20
DC53
DC93
DCDF
DD37
DD9C
DE0C
DE86
DF0C
DF9C
E036
E0DA
E186
E23B
E2F7
E3BA
E484
E553
E628
E700
E7DD
E8BC
E99E
EA81
EB65
EC4A
ED2D
EE10
EEF0
EFCE
F0A9
F17F
F252
F31F
F3E6
F4A8
F563
F616
F6C2
F766
F802
F895
F920
F9A1
FA18
FA87
FAEB
FB46
FB98
FBDF
FC1D
FC52
FC7D
FC9F
FCB8
FCC9
FCD1
FCD1
FCCA
FCBC
FCA6
FC8B
FC6A
FC43
FC18
FBE9
FBB7
FB81
FB4A
FB10
FAD6
FA9B
FA61
FA27
F9EF
F9B9
F986
F956
F92A
F903
F8E1
F8C4
F8AE
F89E
F895
F893
F899
F8A8
F8BF
F8DE
F906
F938
F972
F9B6
FA03
FA5A
FABA
FB23
FB94
FC0F
FC93
FD1E
FDB1
FE4C
FEEE
FF96
0044
00F8
01B1
026F
0330
03F5
04BC
0585
064F
071A
07E4
08AD
0974
0A39
0AFA
0BB7
0C6F
0D21
0DCD
0E71
0F0D
0FA0
102A
10A9
111D
1185
11E2
1231
1272
12A5
12CA
12E0
12E6
12DC
12C2
1298
125D
1212
11B5
1148
10CA
103B
0F9C
0EEC
0E2B
0D5B
0C7B
0B8C
0A8E
0982
0868
0741
060E
04CF
0386
0232
00D6
FF71
FE04
FC92
FB19
F99C
F81C
F699
F516
F392
F210
F090
EF14
ED9B
EC29
EABD
E959
E7FE
E6AD
E567
E42D
E2FF
E1E0
E0CF
DFCE
DEDD
DDFD
DD2E
DC73
DBCA
DB34
DAB3
DA46
D9EE
D9AB
D97C
D963
D95E
D96F
D995
D9D1
DA21
DA87
DB01
DB8F
DC31
DCE7
DDB0
DE8B
DF77
E075
E184
E2A2
E3CE
E509
E652
E7A6
E907
EA71
EBE6
ED63
EEE8
F073
F205
F39B
F535
F6D2
F870
FA0F
FBAD
FD4B
FEE6
007E
0213
03A2
052C
06B0
082C
09A0
0B0C
0C6E
0DC6
0F13
1055
118B
12B5
13D2
14E1
15E3
16D6
17BB
1892
1959
1A11
1ABA
1B53
1BDD
1C57
1CC1
1D1C
1D67
1DA3
1DCF
1DEC
1DFB
1DFB
1DEC
1DD0
1DA6
1D6E
1D2B
1CDA
1C7F
1C18
1BA6
1B2B
1AA6
1A18
1983
18E6
1843
179A
16EC
1639
1584
14CB
1411
1356
129A
11DF
1125
106D
0FB9
0F07
0E5B
0DB3
0D10
0C74
0BDF
0B50
0ACA
0A4C
09D7
096B
0909
08B0
0861
081C
07E2
07B1
078B
076F
075D
0755
0756
0761
0774
0790
07B3
07DE
080F
0847
0883
08C5
090B
0954
09A0
09ED
0A3A
0A88
0AD4
0B1E
0B65
0BA8
0BE8
0C22
0C56
0C83
0CAA
0CC8
0CDF
0CEC
0CF1
0CEC
0CDE
0CC5
0CA3
0C76
0C40
0C00
0BB7
0B64
0B09
0AA5
0A39
09C7
094E
08CF
084C
07C5
073A
06AE
0620
0593
0506
047C
03F6
0373
02F7
0281
0214
01AF
0154
0105
00C1
008B
0062
0048
003D
0042
0058
007E
00B6
00FF
015B
01C8
0246
02D7
0378
0429
04EB
05BD
069F
078E
088C
0996
0AAC
0BCC
0CF6
0E28
0F62
10A0
11E4
132A
1471
15B8
16FE
1841
1980
1AB9
1BEA
1D13
1E32
1F46
204D
2146
2231
230B
23D5
248D
2532
25C4
2642
26AB
2700
2740
276B
2780
2780
276B
2742
2703
26B1
264B
25D2
2547
24AB
23FE
2342
2278
219F
20BB
1FCC
1ED2
1DD1
1CC7
1BB8
1AA5
198D
1874
175B
1642
152B
1418
130A
1201
10FF
1006
0F15
0E2E
0D52
0C81
0BBE
0B07
0A5E
09C3
0937
08BB
084E
07F1
07A3
0766
0739
071D
0710
0713
0725
0747
0778
07B8
0806
0861
08CA
093F
09C1
0A4E
0AE5
0B87
0C32
0CE6
0DA1
0E63
0F2B
0FF9
10CB
11A1
1279
1355
1431
150E
15EB
16C7
17A1
1879
194E
1A1E
1AEB
1BB2
1C74
1D2F
1DE3
1E90
1F34
1FD0
2063
20ED
216C
21E2
224C
22AB
22FF
2347
2383
23B3
23D7
23EF
23FA
23F9
23EC
23D2
23AC
237A
233C
22F3
229E
223D
21D2
215C
20DC
2052
1FBF
1F22
1E7D
1DD1
1D1C
1C61
1BA0
1AD9
1A0D
193D
1869
1792
16B8
15DD
1500
1422
1345
1269
118E
10B5
0FDF
0F0C
0E3C
0D72
0CAC
0BEC
0B32
0A7F
09D2
092D
088F
07FA
076D
06E8
066D
05FA
0591
0530
04D9
048C
0448
040E
03DE
03B6
0397
0381
0373
036D
036E
0376
0385
039A
03B4
03D3
03F7
041E
0449
0476
04A5
04D5
0505
0536
0565
0593
05BF
05E9
060F
0631
064F
0668
067C
0689
0691
0692
068D
0680
066B
064F
062B
05FF
05CB
058E
054A
04FD
04A8
044C
03E8
037C
0309
0290
0210
018B
0100
0070
FFDC
FF44
FEA9
FE0B
FD6C
FCCB
FC2A
FB8A
FAEB
FA4D
F9B2
F91B
F887
F7F9
F771
F6EF
F675
F604
F59B
F53C
F4E8
F49F
F461
F430
F40C
F3F6
F3ED
F3F3
F409
F42D
F461
F4A5
F4F9
F55D
F5D2
F657
F6EC
F791
F847
F90C
F9E1
FAC6
FBB8
FCB9
FDC7
FEE3
000C
0141
0280
03CB
051F
067C
07E0
094B
0ABD
0C32
0DAC
0F28
10A5
1223
139F
1519
1690
1802
196E
1AD2
1C2E
1D81
1EC8
2004
2132
2251
2361
2460
254B
2624
26E9
2799
2834
28B8
2924
2979
29B5
29D7
29E1
29D0
29A5
295F
28FE
2883
27EC
273B
2670
2589
2489
236F
223C
20F0
1F8C
1E11
1C80
1AD9
191D
174E
156C
1379
1173
0F5E
0D3B
0B0C
08D3
0690
0445
01F4
FF9E
FD46
FAEB
F891
F639
F3E4
F194
EF4B
ED0A
EAD3
E8A8
E68A
E47A
E27A
E08C
DEB1
DCEB
DB3A
D9A0
D81E
D6B5
D566
D433
D31C
D220
D142
D082
CFE1
CF5F
CEFD
CEBB
CE9A
CE99
CEB8
CEF8
CF58
CFD8
D077
D136
D213
D30E
D426
D55B
D6AB
D816
D99A
DB36
DCEA
DEB3
E091
E282
E485
E698
E8BA
EAE8
ED22
EF64
F1AF
F3FF
F654
F8AC
FB05
FD5C
FFB2
0202
044D
0690
08C9
0AF7
0D19
0F2B
112E
131F
14FD
16C7
187B
1A18
1B9D
1D08
1E59
1F8F
20A8
21A4
2282
2342
23E2
2462
24C3
2501
251F
251D
24F9
24B6
2451
23CD
2329
2265
2182
2082
1F63
1E28
1CD1
1B5F
19D2
182D
166F
149B
12B2
10B4
0EA3
0C81
0A4F
080E
05C0
0366
0102
FE96
FC23
F9AA
F72E
F4AD
F22C
EFAC
ED2E
EAB5
E840
E5D3
E36F
E115
DEC5
DC83
DA4F
D82A
D616
D413
D223
D047
CE80
CCCF
CB34
C9B0
C845
C6F2
C5B8
C499
C393
C2A8
C1D8
C122
C088
C009
BFA5
BF5C
BF2D
BF18
BF1E
BF3E
BF78
BFCB
C036
C0B9
C154
C205
C2CC
C3A9
C499
C59E
C6B4
C7DD
C916
CA5F
CBB7
CD1D
CE8F
D00D
D196
D328
D4C3
D665
D80E
D9BD
DB70
DD26
DEDF
E099
E253
E40D
E5C6
E77D
E930
EAE0
EC8C
EE32
EFD2
F16B
F2FD
F488
F60A
F783
F8F3
FA5A
FBB6
FD08
FE4F
FF8C
00BE
01E4
0300
0410
0515
060E
06FD
07E0
08B9
0987
0A4A
0B04
0BB3
0C59
0CF5
0D88
0E13
0E95
0F10
0F83
0FF0
1056
10B6
1110
1165
11B6
1203
124C
1292
12D5
1316
1356
1394
13D2
140F
144C
1489
14C7
1507
1548
158A
15CF
1616
1660
16AD
16FC
174F
17A5
17FF
185C
18BD
1922
198A
19F6
1A66
1ADA
1B51
1BCB
1C49
1CCA
1D4F
1DD6
1E60
1EED
1F7B
200C
209F
2134
21C9
2260
22F8
238F
2427
24BF
2556
25EC
2681
2715
27A7
2836
28C4
294F
29D7
2A5B
2ADD
2B5A
2BD3
2C47
2CB7
2D22
2D87
2DE7
2E41
2E95
2EE3
2F2B
2F6C
2FA6
2FD9
3006
302B
3049
3060
3070
3078
3079
3073
3064
304F
3032
300E
2FE3
2FB1
2F78
2F39
2EF2
2EA6
2E53
2DFA
2D9B
2D37
2CCD
2C5E
2BE9
2B70
2AF2
2A71
29EA
2961
28D3
2843
27AF
2719
2680
25E6
2549
24AB
240B
236B
22CA
2229
2188
20E6
2045
1FA4
1F04
1E66
1DC8
1D2D
1C93
1BFC
1B67
1AD5
1A45
19BA
1931
18AD
182C
17B0
1739
16C6
1658
15EF
158B
152D
14D4
1482
1435
13EE
13AE
1374
1341
1314
12EE
12CE
12B5
12A3
1298
1293
1294
129D
12AC
12C1
12DD
1300
1329
1358
138D
13C8
140A
1450
149D
14EE
1545
15A1
1602
1667
16D1
173F
17B0
1825
189E
1919
1997
1A17
1A9A
1B1E
1BA4
1C2B
1CB4
1D3C
1DC5
1E4E
1ED6
1F5D
1FE3
2067
20E9
2169
21E5
225F
22D4
2346
23B3
241C
247F
24DD
2535
2587
25D2
2617
2654
268B
26B9
26E0
26FE
2714
2722
2727
2723
2716
2700
26E0
26B8
2686
264B
2607
25B9
2563
2503
249B
2429
23B0
232D
22A3
2210
2176
20D4
202B
1F7B
1EC5
1E08
1D46
1C7E
1BB1
1ADF
1A0A
1931
1855
1775
1693
15AF
14C9
13E2
12FA
1212
112A
1043
0F5E
0E7A
0D99
0CBA
0BE0
0B08
0A36
0968
089F
07DC
071F
0668
05B8
0510
046E
03D5
0344
02BB
023A
01C2
0153
00ED
008F
003B
FFEF
FFAC
FF72
FF42
FF19
FEFA
FEE3
FED4
FECE
FECF
FED8
FEE8
FF00
FF1E
FF42
FF6D
FF9D
FFD2
000C
004A
008C
00D1
0119
0164
01B0
01FE
024C
029A
02E8
0334
037F
03C8
040E
0451
0491
04CD
0504
0537
0565
058D
05AF
05CB
05E0
05EE
05F5
05F5
05ED
05DD
05C5
05A5
057D
054D
0515
04D4
048C
043B
03E3
0383
031B
02AD
0237
01BA
0136
00AC
001D
FF89
FEF1
FE54
FDB3
FD10
FC6A
FBC2
FB19
FA6F
F9C5
F91B
F873
F7CC
F727
F686
F5E8
F54F
F4BA
F42B
F3A2
F320
F2A5
F232
F1C8
F166
F10E
F0C0
F07C
F041
F012
EFEF
EFD7
EFCC
EFCC
EFDA
EFF4
F01B
F04F
F090
F0DE
F139
F1A0
F214
F295
F321
F3BA
F45E
F50D
F5C7
F68B
F759
F830
F910
F9F8
FAE7
FBDD
FCD9
FDDB
FEE1
FFEB
00F6
0203
0312
0421
0530
063E
074B
0854
095B
0A5C
0B59
0C50
0D3F
0E27
0F07
0FDE
10AA
116C
1223
12CE
136C
13FD
1481
14F7
155E
15B6
15FF
1638
1661
167A
1683
167B
1663
1639
1600
15B6
155C
14F3
147A
13F1
135A
12B4
1200
113E
106F
0F94
0EAD
0DBB
0CBE
0BB7
0AA7
098F
086F
0749
061D
04ED
03B8
0280
0146
000B
FED0
FD96
FC5D
FB27
F9F4
F8C7
F79E
F67D
F562
F450
F347
F248
F153
F069
EF8C
EEBB
EDF8
ED43
EC9C
EC04
EB7C
EB03
EA9B
EA43
E9FC
E9C6
E9A1
E98D
E98B
E999
E9BA
E9EB
EA2D
EA81
EAE5
EB59
EBDC
EC6F
ED11
EDC1
EE80
EF4D
F027
F10D
F200
F2FD
F406
F518
F633
F757
F882
F9B4
FAEC
FC29
FD6B
FEB1
FFF9
0143
028F
03DB
0527
0671
07BA
0900
0A43
0B82
0CBD
0DF2
0F20
1047
1167
1280
1391
149A
159B
1692
1780
1864
193E
1A0F
1AD5
1B90
1C42
1CE9
1D85
1E17
1E9F
1F1C
1F8F
1FF9
2058
20AE
20FB
213F
217B
21AE
21DA
21FE
221A
2231
2241
224C
2252
2253
224F
2249
223F
2232
2223
2212
21FF
21EC
21D8
21C4
21AF
219C
2189
2178
2168
2159
214D
2143
213B
2136
2133
2133
2136
213B
2144
214F
215D
216E
2183
219B
21B4
21D0
21EF
220E
2230
2253
2276
229B
22BF
22E4
2308
232B
234D
236E
238C
23A9
23C2
23D8
23EB
23F9
2404
2409
240A
2405
23FA
23E9
23D1
23B4
238F
2363
232F
22F5
22B3
2269
2217
21BD
215C
20F2
2081
2008
1F88
1F00
1E71
1DDC
1D3F
1C9C
1BF2
1B43
1A8F
19D6
1918
1856
1790
16C7
15FC
152F
1460
1391
12C1
11F1
1123
1056
0F8A
0EC2
0DFC
0D3B
0C7E
0BC6
0B14
0A69
09C4
0927
0891
0804
0780
0705
0694
062D
05D0
057E
0537
04FB
04CA
04A5
048B
047D
047A
0483
0497
04B6
04E1
0516
0556
05A0
05F3
064F
06B4
0721
0797
0813
0896
0920
09AE
0A42
0ADA
0B74
0C12
0CB1
0D51
0DF2
0E92
0F30
0FCD
1066
10FC
118D
1219
129E
131D
1394
1402
1468
14C3
1514
155A
1594
15C1
15E1
15F3
15F8
15EF
15D7
15B0
157A
1536
14E2
147F
140C
138A
12F9
1259
11AB
10EE
1023
0F4A
0E64
0D71
0C72
0B68
0A53
0933
080A
06D9
059F
045F
0319
01CE
007E
FF2B
FDD5
FC7F
FB28
F9D3
F880
F730
F5E4
F49E
F35E
F226
F0F6
EFD0
EEB4
EDA4
ECA0
EBAA
EAC2
E9E9
E920
E867
E7C0
E72B
E6A8
E638
E5DC
E593
E55F
E540
E535
E53F
E55E
E593
E5DC
E63A
E6AD
E734
E7D0
E87F
E942
EA17
EAFE
EBF8
ED02
EE1C
EF46
F07E
F1C3
F316
F474
F5DC
F74E
F8C8
FA4A
FBD1
FD5D
FEED
007F
0212
03A4
0536
06C4
084E
09D3
0B51
0CC8
0E35
0F98
10EF
1239
1376
14A4
15C2
16CF
17CA
18B2
1987
1A48
1AF4
1B8A
1C0A
1C74
1CC6
1D01
1D24
1D2F
1D22
1CFD
1CC0
1C6B
1BFD
1B78
1ADC
1A28
195E
187D
1788
167D
155E
142B
12E6
118F
1027
0EAF
0D27
0B92
09F0
0842
0689
04C7
02FC
012A
FF52
FD75
FB95
F9B2
F7CE
F5EA
F408
F228
F04D
EE76
ECA5
EADC
E91B
E763
E5B6
E415
E280
E0F9
DF80
DE16
DCBD
DB75
DA3E
D919
D807
D708
D61D
D546
D484
D3D6
D33C
D2B8
D249
D1EF
D1AA
D179
D15E
D157
D164
D185
D1BA
D202
D25C
D2C9
D347
D3D6
D476
D525
D5E2
D6AE
D787
D86D
D95F
DA5D
DB65
DC77
DD92
DEB5
DFDF
E110
E246
E381
E4C1
E603
E748
E88F
E9D7
EB1F
EC68
EDAF
EEF4
F038
F179
F2B7
F3F2
F528
F65A
F787
F8AF
F9D2
FAEF
FC05
FD16
FE22
FF27
0026
011F
0211
02FE
03E5
04C6
05A2
0678
0748
0814
08DA
099C
0A5A
0B14
0BC9
0C7C
0D2B
0DD7
0E81
0F28
0FCE
1072
1115
11B7
1259
12FA
139B
143C
14DE
1581
1625
16CA
1770
1817
18C1
196B
1A18
1AC6
1B76
1C28
1CDC
1D90
1E47
1EFE
1FB6
206F
2129
21E3
229D
2356
240F
24C7
257D
2631
26E2
2791
283D
28E4
2987
2A25
2ABD
2B4F
2BDA
2C5F
2CDC
2D51
2DBE
2E23
2E7E
2ECF
2F16
2F53
2F85
2FAC
2FC7
2FD7
2FDA
2FD2
2FBD
2F9B
2F6D
2F32
2EEB
2E96
2E36
2DC8
2D4E
2CC8
2C35
2B97
2AED
2A37
2975
28AA
27D4
26F4
260C
251B
2423
2323
221C
210F
1FFE
1EE7
1DCD
1CAF
1B90
1A6E
194C
182A
1708
15E8
14CA
13AF
1299
1186
1079
0F72
0E72
0D79
0C88
0BA0
0AC2
09ED
0923
0864
07B0
0707
066B
05DC
0559
04E3
047A
041E
03D0
038F
035B
0335
031B
030F
030F
031B
0334
0358
0387
03C1
0405
0453
04AA
0509
0570
05DE
0653
06CC
074B
07CE
0853
08DB
0964
09ED
0A76
0AFD
0B82
0C04
0C82
0CFB
0D6F
0DDB
0E41
0E9F
0EF3
0F3F
0F80
0FB6
0FE1
1000
1013
1019
1011
0FFC
0FD9
0FA7
0F67
0F19
0EBB
0E4F
0DD5
0D4A
0CB1
0C0A
0B55
0A91
09C1
08E3
07F9
0702
0600
04F3
03DC
02BC
0192
0061
FF29
FDEA
FCA6
FB5D
FA11
F8C2
F772
F621
F4D1
F382
F236
F0ED
EFA9
EE6A
ED32
EC02
EADA
E9BB
E8A8
E79F
E6A3
E5B4
E4D3
E400
E33D
E28A
E1E7
E155
E0D5
E067
E00B
DFC1
DF8B
DF67
DF56
DF58
DF6E
DF96
DFD1
E01E
E07E
E0F0
E173
E207
E2AB
E360
E423
E4F5
E5D5
E6C2
E7BC
E8C1
E9D0
EAE9
EC0A
ED32
EE60
EF94
F0CC
F206
F343
F481
F5BE
F6FA
F833
F969
FA9B
FBC6
FCEB
FE09
FF1E
0029
012A
0220
0309
03E6
04B5
0575
0627
06CA
075C
07DE
084F
08B0
08FE
093B
0966
097F
0987
097C
0961
0934
08F6
08A8
0849
07DB
075E
06D3
063A
0595
04E3
0426
035F
028E
01B5
00D5
FFEF
FF03
FE13
FD21
FC2C
FB37
FA43
F950
F860
F775
F68E
F5AD
F4D4
F403
F33C
F280
F1CE
F12A
F093
F00A
EF90
EF25
EECC
EE83
EE4D
EE28
EE17
EE18
EE2D
EE56
EE92
EEE3
EF48
EFC0
F04D
F0ED
F1A1
F267
F341
F42D
F52B
F63B
F75B
F88B
F9CA
FB17
FC71
FDD8
FF4A
00C6
024C
03D9
056E
0708
08A6
0A47
0BEB
0D8F
0F32
10D3
1270
140A
159D
1729
18AC
1A26
1B95
1CF9
1E4F
1F96
20CF
21F6
230D
2411
2503
25E1
26AB
2761
2801
288B
28FE
295C
29A2
29D1
29EA
29EB
29D4
29A7
2963
2908
2897
2810
2774
26C3
25FE
2526
243A
233D
222F
2111
1FE4
1EA9
1D61
1C0B
1AAB
1941
17CF
1657
14D8
1356
11D1
104A
0EC2
0D3C
0BB8
0A37
08BB
0746
05D8
0472
0316
01C4
007F
FF46
FE1C
FD00
FBF3
FAF8
FA0D
F934
F86E
F7BB
F71C
F690
F619
F5B5
F566
F52C
F507
F4F7
F4FB
F513
F540
F581
F5D4
F63B
F6B4
F73F
F7DB
F886
F942
FA0B
FAE3
FBC7
FCB6
FDB0
FEB3
FFBF
00D2
01EA
0307
0428
054B
066F
0792
08B4
09D3
0AEE
0C04
0D14
0E1C
0F1B
1010
10FA
11D9
12AA
136D
1422
14C7
155B
15DE
164F
16AE
16F9
1731
1756
1766
1762
1749
171B
16D9
1682
1617
1597
1504
145D
13A2
12D6
11F7
1107
1006
0EF5
0DD5
0CA8
0B6D
0A26
08D4
0778
0613
04A7
0334
01BB
003F
FEC0
FD40
FBBF
FA3F
F8C2
F748
F5D4
F466
F2FF
F1A1
F04C
EF03
EDC6
EC97
EB75
EA64
E962
E872
E794
E6C9
E612
E56F
E4E0
E468
E405
E3B8
E382
E363
E35B
E36B
E391
E3CF
E424
E490
E513
E5AB
E65A
E71E
E7F8
E8E5
E9E6
EAFA
EC1F
ED56
EE9D
EFF4
F158
F2CA
F447
F5CF
F761
F8FB
FA9C
FC42
FDED
FF9B
014B
02FB
04AA
0657
0801
09A6
0B44
0CDB
0E6A
0FEE
1168
12D5
1436
1587
16CA
17FC
191D
1A2C
1B28
1C11
1CE5
1DA4
1E4D
1EE1
1F5E
1FC4
2013
204A
206A
2072
2062
203B
1FFD
1FA8
1F3C
1EB9
1E20
1D72
1CAE
1BD6
1AEA
19EB
18D9
17B6
1682
153F
13EC
128C
111F
0FA6
0E22
0C95
0AFF
0962
07BE
0616
046A
02BC
010B
FF5A
FDAA
FBFC
FA51
F8AB
F70A
F570
F3DD
F254
F0D4
EF5E
EDF5
EC98
EB49
EA08
E8D6
E7B3
E6A2
E5A1
E4B3
E3D6
E30C
E256
E1B3
E123
E0A8
E041
DFEE
DFAF
DF85
DF6F
DF6D
DF7F
DFA5
DFDE
E02B
E08A
E0FC
E180
E215
E2BC
E373
E439
E510
E5F4
E6E7
E7E7
E8F3
EA0B
EB2E
EC5B
ED91
EED0
F017
F164
F2B7
F410
F56C
F6CC
F82F
F994
FAF9
FC5E
FDC2
FF25
0085
01E2
033C
0491
05E2
072C
0870
09AD
0AE3
0C10
0D35
0E50
0F62
106A
1167
1259
133F
141A
14E9
15AC
1663
170D
17AA
183A
18BE
1934
199D
19FA
1A49
1A8B
1AC0
1AE8
1B03
1B13
1B16
1B0C
1AF8
1AD7
1AAB
1A74
1A33
19E6
1990
1930
18C6
1853
17D7
1752
16C6
1631
1596
14F3
1449
1399
12E3
1228
1167
10A2
0FD8
0F0A
0E39
0D64
0C8C
0BB2
0AD6
09F7
0917
0837
0755
0673
0591
04AF
03CD
02ED
020E
0131
0055
FF7C
FEA5
FDD1
FD00
FC33
FB69
FAA4
F9E3
F926
F86E
F7BC
F70F
F667
F5C5
F52A
F495
F406
F37E
F2FD
F283
F210
F1A5
F142
F0E7
F094
F049
F007
EFCD
EF9C
EF74
EF54
EF3E
EF30
EF2B
EF30
EF3E
EF55
EF75
EF9F
EFD1
F00D
F052
F0A0
F0F7
F156
F1BF
F230
F2AA
F32C
F3B6
F448
F4E2
F584
F62D
F6DE
F795
F853
F917
F9E1
FAB1
FB86
FC60
FD3F
FE22
FF09
FFF3
00E0
01D0
02C2
03B5
04AA
059F
0695
078B
087F
0973
0A66
0B56
0C44
0D2F
0E16
0EFB
0FDC
10B7
118E
1260
132B
13F0
14AF
1567
1617
16C0
1761
17FB
188C
1914
1994
1A0B
1A79
1ADF
1B3B
1B8E
1BD8
1C18
1C50
1C7E
1CA4
1CC1
1CD5
1CE0
1CE3
1CDE
1CD1
1CBD
1CA2
1C80
1C57
1C28
1BF3
1BB8
1B78
1B33
1AEA
1A9D
1A4C
19F8
19A1
1948
18EE
1892
1836
17D9
177C
1720
16C5
166C
1614
15C0
156E
151F
14D4
148D
144B
140D
13D5
13A2
1375
134E
132D
1313
1300
12F4
12EE
12F0
12F9
1309
1320
133E
1363
138F
13C1
13FA
143A
147F
14CA
151B
1571
15CB
162B
168E
16F5
175F
17CC
183B
18AC
191E
1991
1A04
1A77
1AE9
1B59
1BC8
1C35
1C9E
1D04
1D65
1DC3
1E1B
1E6D
1EB9
1EFF
1F3E
1F75
1FA4
1FCB
1FE9
1FFE
200A
200C
2004
1FF2
1FD5
1FAE
1F7C
1F40
1EF8
1EA5
1E47
1DDF
1D6C
1CEE
1C65
1BD1
1B33
1A8B
19D9
191D
1858
178A
16B4
15D5
14EF
1402
130E
1214
1115
1010
0F08
0DFB
0CEC
0BDA
0AC6
09B2
089D
0788
0674
0561
0451
0344
023A
0135
0034
FF39
FE44
FD56
FC6F
FB8F
FAB8
F9E9
F924
F868
F7B6
F70F
F672
F5E0
F55A
F4DF
F470
F40C
F3B5
F36A
F32A
F2F7
F2D0
F2B5
F2A6
F2A3
F2AB
F2BF
F2DE
F308
F33C
F37B
F3C3
F414
F46F
F4D2
F53E
F5B1
F62C
F6AD
F734
F7C1
F852
F8E9
F982
FA1F
FABF
FB60
FC03
FCA6
FD49
FDEC
FE8E
FF2E
FFCC
0066
00FE
0191
0220
02AA
032F
03AE
0427
0499
0504
0568
05C4
0619
0666
06AA
06E6
071A
0745
0767
0781
0792
079A
079A
0791
0780
0766
0744
071B
06EA
06B1
0672
062B
05DE
058B
0532
04D4
0471
0409
039D
032D
02BB
0246
01CF
0155
00DB
005F
FFE3
FF67
FEEA
FE6F
FDF4
FD7B
FD04
FC8F
FC1C
FBAD
FB40
FAD7
FA72
FA10
F9B3
F959
F905
F8B4
F869
F822
F7E0
F7A3
F76B
F737
F709
F6DF
F6B9
F698
F67C
F664
F64F
F63E
F630
F626
F61E
F619
F616
F614
F614
F615
F617
F61A
F61C
F61E
F620
F620
F61E
F61B
F616
F60E
F603
F5F5
F5E3
F5CE
F5B4
F596
F573
F54B
F51E
F4EC
F4B3
F475
F432
F3E8
F399
F343
F2E8
F287
F220
F1B4
F142
F0CA
F04D
EFCB
EF44
EEB9
EE29
ED95
ECFE
EC63
EBC6
EB26
EA84
E9E0
E93C
E896
E7F1
E74C
E6A7
E605
E564
E4C5
E429
E391
E2FE
E26F
E1E5
E162
E0E5
E06F
E000
DF99
DF3B
DEE5
DE99
DE56
DE1D
DDEF
DDCB
DDB2
DDA5
DDA3
DDAC
DDC2
DDE3
DE10
DE4A
DE8F
DEE1
DF3E
DFA8
E01D
E09F
E12B
E1C2
E265
E312
E3CA
E48B
E557
E62C
E709
E7EF
E8DD
E9D2
EACE
EBD0
ECD7
EDE4
EEF4
F009
F120
F23A
F356
F472
F58F
F6AC
F7C8
F8E1
F9F9
FB0D
FC1E
FD2B
FE33
FF35
002F
0124
0211
02F6
03D3
04A7
0573
0635
06ED
079B
083E
08D7
0964
09E7
0A5E
0ACA
0B2A
0B7E
0BC7
0C04
0C35
0C5B
0C76
0C86
0C8A
0C83
0C73
0C57
0C32
0C03
0BCB
0B8B
0B3F
0AEC
0A92
0A30
09C8
0959
08E6
086D
07F0
076F
06EB
0665
05DC
0551
04C6
043A
03AE
0322
0298
020F
0189
0105
0083
0006
FF8C
FF16
FEA4
FE38
FDD0
FD6E
FD11
FCBA
FC68
FC1B
FBD5
FB95
FB5A
FB27
FAF9
FAD2
FAB1
FA95
FA80
FA71
FA67
FA63
FA64
FA6A
FA74
FA83
FA96
FAAD
FAC8
FAE5
FB05
FB28
FB4C
FB72
FB98
FBC0
FBE8
FC0F
FC36
FC5C
FC80
FCA2
FCC2
FCDE
FCF8
FD0E
FD21
FD2F
FD38
FD3D
FD3D
FD37
FD2C
FD1B
FD04
FCE7
FCC4
FC9B
FC6B
FC35
FBF9
FBB6
FB6E
FB1F
FACA
FA6F
FA0F
F9A9
F93E
F8CE
F85A
F7E1
F765
F6E5
F663
F5DE
F556
F4CC
F442
F3B6
F329
F29D
F210
F185
F0FB
F073
EFED
EF6A
EEEB
EE6F
EDF7
ED84
ED16
ECAE
EC4B
EBEF
EB9A
EB4B
EB05
EAC5
EA8E
EA60
EA3A
EA1C
EA09
E9FE
E9FD
EA06
EA18
EA34
EA59
EA88
EAC0
EB02
EB4D
EBA1
EBFF
EC65
ECD3
ED4A
EDC9
EE50
EEDE
EF73
F00E
F0B0
F157
F204
F2B5
F36B
F424
F4E0
F59F
F661
F724
F7E8
F8AB
F96F
FA31
FAF3
FBB3
FC70
FD2A
FDE1
FE94
FF43
FFED
0091
0130
01C8
025A
02E6
0369
03E6
045A
04C7
052B
0587
05DA
0624
0666
069E
06CD
06F3
0711
0725
0730
0733
072C
071D
0706
06E6
06BF
068F
0659
061B
05D6
058B
053B
04E4
0488
0428
03C3
035B
02EF
0280
020E
019B
0126
00B0
003A
FFC4
FF4E
FED9
FE66
FDF4
FD85
FD19
FCB0
FC4A
FBEA
FB8E
FB37
FAE5
FA98
FA51
FA10
F9D6
F9A1
F974
F94D
F92E
F915
F904
F8FB
F8F9
F8FE
F90B
F920
F93C
F95F
F98A
F9BC
F9F6
FA36
FA7E
FACC
FB21
FB7C
FBDD
FC44
FCB1
FD25
FD9D
FE1B
FE9D
FF23
FFAD
003B
00CC
0161
01F9
0293
032F
03CE
046E
0511
05B4
0659
06FF
07A5
084C
08F3
099B
0A43
0AEB
0B92
0C39
0CE0
0D87
0E2C
0ED2
0F77
101B
10BE
1161
1203
12A5
1346
13E7
1487
1526
15C6
1665
1704
17A2
1841
18DF
197E
1A1D
1ABC
1B5C
1BFB
1C9C
1D3D
1DDE
1E80
1F23
1FC6
206A
210F
21B5
225A
2301
23A8
244F
24F8
25A0
2649
26F1
279A
2841
28E8
298E
2A33
2AD6
2B77
2C16
2CB3
2D4C
2DE2
2E73
2F01
2F8A
300D
308B
3102
3173
31DC
323E
3297
32E8
332F
336C
339F
33C7
33E4
33F5
33FA
33F2
33DD
33BB
338A
334B
32FD
32A0
3234
31B7
312B
308F
2FE3
2F26
2E58
2D7A
2C8B
2B8C
2A7C
295B
282B
26EA
259A
243A
22CB
214E
1FC2
1E28
1C81
1ACD
190E
1743
156D
138D
11A4
0FB3
0DBA
0BBB
09B6
07AC
059F
038F
017D
FF6A
FD59
FB48
F93B
F731
F52C
F32D
F135
EF45
ED5F
EB83
E9B3
E7F0
E63A
E492
E2FB
E174
DFFE
DE9B
DD4C
DC10
DAEA
D9D9
D8DE
D7FA
D72E
D67A
D5DE
D55B
D4F1
D4A1
D46A
D44E
D44B
D462
D494
D4DF
D543
D5C2
D659
D709
D7D1
D8B1
D9A8
DAB6
DBD9
DD12
DE5F
DFBF
E132
E2B7
E44C
E5F0
E7A4
E964
EB31
ED08
EEE9
F0D2
F2C2
F4B8
F6B2
F8B0
FAAF
FCAE
FEAD
00AA
02A3
0498
0686
086D
0A4C
0C21
0DEB
0FA9
115A
12FD
1490
1614
1786
18E7
1A35
1B6F
1C95
1DA6
1EA3
1F8A
205A
2114
21B7
2242
22B6
2313
2358
2385
239B
239A
2381
2352
230D
22B1
2240
21BA
2120
2072
1FB1
1EDE
1DFA
1D05
1C00
1AED
19CC
189F
1766
1622
14D5
137F
1224
10C2
0F5C
0DF2
0C86
0B18
09AA
083D
06D1
0569
0405
02A6
014D
FFFB
FEB1
FD70
FC39
FB0D
F9EC
F8D7
F7CE
F6D3
F5E6
F507
F437
F377
F2C6
F225
F194
F114
F0A3
F044
EFF6
EFB8
EF8B
EF6E
EF61
EF63
EF75
EF95
EFC4
F001
F04B
F0A2
F106
F174
F1EE
F271
F2FE
F394
F431
F4D4
F57E
F62D
F6E0
F796
F84F
F909
F9C4
FA7F
FB38
FBEF
FCA3
FD54
FE00
FEA6
FF46
FFE0
0071
00FA
017A
01F1
025D
02BE
0314
035F
039D
03CF
03F4
040C
0417
0415
0405
03E7
03BC
0384
033E
02EB
028B
021E
01A5
0120
008F
FFF3
FF4B
FE9A
FDDE
FD18
FC4A
FB74
FA97
F9B3
F8C9
F7DA
F6E7
F5F0
F4F6
F3FA
F2FD
F1FF
F102
F006
EF0C
EE14
ED20
EC31
EB46
EA61
E983
E8AB
E7DC
E714
E656
E5A1
E4F7
E457
E3C2
E338
E2B9
E246
E1DF
E185
E139
E0F9
E0C8
E0A3
E08D
E084
E088
E09B
E0BB
E0E8
E122
E16A
E1BE
E21E
E28B
E303
E387
E415
E4AF
E552
E5FE
E6B4
E772
E838
E906
E9DA
EAB4
EB94
EC77
ED5E
EE49
EF37
F028
F11A
F20E
F303
F3F8
F4EC
F5E0
F6D2
F7C1
F8AF
F999
FA7F
FB62
FC40
FD19
FDED
FEBB
FF83
0045
0101
01B6
0264
030B
03AB
0443
04D5
055E
05E1
065C
06CF
073C
07A1
07FF
0857
08A7
08F1
0935
0972
09A9
09DB
0A07
0A2E
0A4F
0A6C
0A85
0A99
0AA9
0AB5
0ABE
0AC4
0AC7
0AC7
0AC5
0AC1
0ABB
0AB3
0AA9
0A9E
0A92
0A86
0A79
0A6C
0A5E
0A50
0A42
0A32
0A23
0A13
0A03
09F3
09E2
09D1
09C0
09AE
099B
0987
0973
095D
0947
092E
0915
08F9
08DB
08BB
0898
0872
0849
081D
07ED
07B9
0781
0744
0702
06BA
066C
0619
05BF
0560
04F9
048C
0418
039D
031B
0292
0201
0169
00C9
0022
FF73
FEBC
FDFF
FD3A
FC6E
FB9B
FAC1
F9E0
F8F9
F80C
F719
F620
F522
F420
F319
F20D
F0FC
EFE8
EED1
EDB8
EC9E
EB82
EA65
E948
E82C
E711
E5F8
E4E0
E3CC
E2BB
E1AE
E0A5
DFA2
DEA5
DDAE
DCBE
DBD5
DAF5
DA1D
D94E
D889
D7CE
D71D
D678
D5DE
D54F
D4CD
D457
D3EE
D392
D344
D303
D2D0
D2AB
D293
D28A
D28F
D2A3
D2C4
D2F3
D330
D37B
D3D4
D43A
D4AD
D52D
D5B9
D652
D6F6
D7A5
D860
D925
D9F4
DACC
DBAD
DC97
DD88
DE81
DF80
E086
E191
E2A0
E3B4
E4CB
E5E5
E702
E820
E93F
EA5F
EB7F
EC9F
EDBD
EEDA
EFF4
F10C
F221
F333
F440
F54A
F64F
F74F
F849
F93E
FA2E
FB17
FBFA
FCD7
FDAE
FE7E
FF48
000B
00C7
017C
022B
02D3
0375
0411
04A6
0536
05C0
0645
06C5
073F
07B6
0828
0896
0900
0967
09CC
0A2D
0A8D
0AEB
0B47
0BA3
0BFD
0C58
0CB2
0D0C
0D68
0DC4
0E21
0E80
0EE1
0F43
0FA9
1012
107D
10EA
115B
11CE
1245
12BE
133A
13B9
143A
14BE
1544
15CC
1656
16E2
176F
17FC
188A
1919
19A7
1A34
1AC0
1B4B
1BD3
1C58
1CDA
1D58
1DD2
1E46
1EB5
1F1D
1F81
1FDE
2032
207E
20C0
20F9
2127
214A
2162
216E
216E
2160
2146
211D
20E7
20A2
204F
1FEC
1F7B
1EFA
1E6A
1DCB
1D1C
1C5D
1B8F
1AB3
19C7
18CC
17C2
16AB
1586
1453
1314
11C8
1071
0F0F
0DA2
0C2B
0AAC
0924
0796
0601
0467
02C9
0128
FF85
FDE0
FC3C
FA99
F8F9
F75C
F5C3
F431
F2A6
F123
EFAA
EE3B
ECD8
EB83
EA3B
E903
E7DB
E6C4
E5C0
E4CE
E3F0
E327
E275
E1D9
E154
E0E8
E094
E059
E038
E032
E045
E074
E0BE
E122
E1A2
E23C
E2F2
E3C3
E4AE
E5B3
E6D2
E80A
E95B
EAC4
EC44
EDDB
EF88
F149
F31E
F506
F700
F909
FB22
FD49
FF7C
01BA
0403
0654
08AB
0B09
0D6A
0FCE
1232
1496
16F8
1956
1BAE
1E00
2049
2288
24BC
26E2
28FB
2B03
2CFB
2EE0
30B1
326D
3413
35A2
3719
3877
39BA
3AE2
3BEE
3CDE
3DB1
3E66
3EFE
3F78
3FD3
4010
402E
402E
4010
3FD3
3F79
3F01
3E6C
3DBA
3CED
3C05
3B03
39E7
38B3
3768
3606
348F
3304
3167
2FB8
2DF9
2C2C
2A52
286C
267B
2483
2283
207E
1E75
1C69
1A5D
1852
1649
1445
1246
104E
0E5E
0C79
0AA0
08D3
0714
0565
03C7
023B
00C1
FF5C
FE0B
FCD1
FBAD
FAA0
F9AC
F8D0
F80D
F764
F6D5
F65F
F605
F5C6
F5A0
F594
F5A2
F5CA
F60A
F662
F6D2
F75A
F7F8
F8AC
F974
FA50
FB3F
FC3F
FD50
FE71
FF9F
00DB
0221
0372
04CC
062C
0792
08FD
0A6A
0BD8
0D46
0EB2
101B
117F
12DE
1435
1582
16C5
17FC
1925
1A3F
1B49
1C42
1D28
1DFB
1EB9
1F61
1FF3
206D
20D0
211A
214A
2161
215E
2140
2107
20B3
2045
1FBB
1F17
1E58
1D7E
1C8B
1B7E
1A58
191A
17C5
1659
14D7
1340
1195
0FD7
0E07
0C27
0A37
0839
062E
0417
01F7
FFCE
FD9E
FB68
F92E
F6F2
F4B4
F277
F03C
EE05
EBD3
E9A7
E784
E56A
E35B
E159
DF65
DD80
DBAB
D9E9
D839
D69E
D517
D3A8
D24F
D10F
CFE7
CED9
CDE6
CD0E
CC51
CBB0
CB2B
CAC3
CA78
CA49
CA38
CA43
CA6B
CAAF
CB0F
CB8B
CC22
CCD5
CDA1
CE87
CF85
D09B
D1C9
D30D
D465
D5D2
D751
D8E2
DA83
DC34
DDF4
DFC1
E199
E37C
E569
E75D
E957
EB57
ED5B
EF61
F168
F36F
F575
F777
F976
FB6F
FD62
FF4D
0130
0308
04D6
0698
084D
09F5
0B8E
0D17
0E91
0FFA
1151
1297
13CA
14EB
15FA
16F5
17DD
18B1
1972
1A1F
1AB9
1B40
1BB4
1C14
1C63
1C9E
1CC9
1CE1
1CE9
1CE1
1CC9
1CA3
1C6D
1C2B
1BDB
1B80
1B19
1AA8
1A2D
19AA
191F
188D
17F7
175C
16BD
161B
1576
14D0
142A
1383
12DF
123C
119C
1100
1068
0FD5
0F48
0EC1
0E41
0DC9
0D59
0CF2
0C93
0C3E
0BF2
0BB0
0B79
0B4C
0B29
0B11
0B04
0B01
0B09
0B1B
0B38
0B5F
0B8F
0BCA
0C0D
0C59
0CAE
0D0B
0D6F
0DDA
0E4C
0EC3
0F40
0FC2
1048
10D1
115D
11EB
127B
130B
139C
142B
14BA
1547
15D1
1657
16DA
1758
17D1
1844
18B0
1915
1971
19C4
1A0F
1A51
1A89
1AB8
1ADC
1AF7
1B06
1B0B
1B04
1AF2
1AD5
1AAC
1A77
1A37
19EB
1993
1930
18C1
1847
17C2
1732
1698
15F3
1544
148C
13CB
1300
122E
1153
1071
0F86
0E95
0D9E
0CA2
0BA1
0A9C
0993
0888
077A
066A
0559
0447
0335
0224
0113
0004
FEF8
FDED
FCE6
FBE2
FAE3
F9E7
F8F1
F7FF
F713
F62E
F54E
F475
F3A2
F2D7
F212
F155
F0A0
EFF2
EF4C
EEAD
EE17
ED88
ED01
EC81
EC0A
EB9A
EB31
EAD0
EA76
EA23
E9D7
E992
E954
E91B
E8E9
E8BC
E895
E873
E857
E83F
E82B
E81B
E810
E808
E803
E802
E803
E807
E80C
E813
E81D
E827
E833
E841
E84F
E85E
E86E
E87E
E88F
E8A0
E8B1
E8C2
E8D4
E8E5
E8F7
E908
E91A
E92B
E93D
E950
E962
E975
E988
E99D
E9B2
E9C8
E9DF
E9F8
EA12
EA2E
EA4B
EA6B
EA8D
EAB1
EAD9
EB04
EB32
EB64
EB99
EBD2
EC10
EC52
EC98
ECE3
ED33
ED88
EDE1
EE40
EEA4
EF0D
EF7C
EFEF
F068
F0E6
F169
F1F1
F27E
F310
F3A7
F442
F4E1
F584
F62D
F6D8
F787
F838
F8EC
F9A3
FA5B
FB14
FBCE
FC89
FD44
FDFF
FEB9
FF72
0029
00DF
0191
0241
02ED
0395
0438
04D6
056F
0602
068F
0714
0793
0809
0878
08DE
093A
098E
09D9
0A1A
0A51
0A7D
0A9E
0AB3
0ABE
0ABD
0AB1
0A99
0A75
0A46
0A0A
09C4
0972
0914
08AB
0837
07B9
0730
069C
05FF
0559
04A9
03F1
0331
0269
019A
00C4
FFE9
FF08
FE23
FD39
FC4C
FB5D
FA6B
F978
F885
F792
F6A0
F5AF
F4C1
F3D6
F2EE
F20B
F12D
F056
EF84
EEBA
EDF8
ED3E
EC8D
EBE6
EB4A
EAB8
EA31
E9B6
E948
E8E6
E891
E84A
E810
E7E4
E7C7
E7B8
E7B7
E7C5
E7E2
E80F
E84A
E894
E8ED
E955
E9CC
EA51
EAE4
EB85
EC34
ECF0
EDB8
EE8E
EF6F
F05C
F153
F255
F361
F477
F594
F6BA
F7E7
F91B
FA54
FB93
FCD6
FE1D
FF67
00B2
01FF
034D
049B
05E7
0733
087C
09C2
0B04
0C43
0D7C
0EAF
0FDD
1103
1222
1339
1447
154C
1647
1739
1820
18FC
19CD
1A93
1B4D
1BFA
1C9C
1D31
1DB9
1E35
1EA4
1F07
1F5B
1FA3
1FDE
200D
202F
2046
2050
204E
2041
2028
2004
1FD6
1F9E
1F5B
1F0F
1EBA
1E5C
1DF6
1D88
1D13
1C96
1C14
1B8C
1AFE
1A6B
19D4
1939
189B
17FA
1757
16B1
160B
1563
14BB
1412
136B
12C4
121F
117B
10DA
103B
0F9F
0F06
0E70
0DDF
0D51
0CC7
0C42
0BC2
0B46
0ACF
0A5D
09F0
0988
0925
08C8
0870
081D
07CF
0786
0742
0703
06C8
0693
0661
0634
060A
05E4
05C2
05A4
0588
0570
055B
0548
0537
0529
051D
0512
0509
0501
04FA
04F4
04EF
04EA
04E6
04E2
04DE
04D9
04D4
04CF
04C9
04C2
04BB
04B3
04A9
049F
0492
0485
0476
0465
0454
0440
042C
0416
03FF
03E7
03CD
03B3
0397
037B
035E
0341
0323
0305
02E7
02C9
02AB
028D
0270
0254
0238
021E
0205
01ED
01D6
01C1
01AE
019D
018E
0182
0177
016F
0169
0166
0165
0166
016A
0170
0179
0185
0192
01A3
01B5
01CA
01E1
01FA
0215
0232
0251
0271
0292
02B5
02D9
02FE
0323
0348
036E
0394
03B9
03DE
0403
0428
044B
046C
048C
04AA
04C6
04DF
04F5
0508
0518
0525
052D
0532
0532
052F
0526
0519
0507
04F1
04D5
04B3
048D
0461
0430
03F9
03BD
037B
0334
02E8
0297
0240
01E4
0184
011F
00B5
0047
FFD5
FF60
FEE6
FE6A
FDEA
FD68
FCE3
FC5C
FBD4
FB4A
FAC0
FA34
F9A9
F91E
F893
F80A
F782
F6FC
F678
F5F7
F579
F4FF
F488
F416
F3A9
F341
F2DE
F281
F22A
F1DA
F191
F14F
F114
F0E1
F0B5
F092
F077
F065
F05B
F05A
F062
F073
F08D
F0B0
F0DC
F111
F14E
F195
F1E4
F23C
F29C
F304
F374
F3EC
F46C
F4F2
F580
F614
F6AE
F74F
F7F6
F8A1
F951
FA05
FABD
FB77
FC35
FCF4
FDB5
FE76
FF39
FFFB
00BD
017D
023C
02F9
03B3
046B
051E
05CD
0678
071D
07BE
0858
08EB
0978
09FE
0A7C
0AF3
0B61
0BC7
0C26
0C7C
0CC9
0D0D
0D48
0D79
0DA1
0DBF
0DD5
0DE0
0DE2
0DDB
0DCB
0DB1
0D8F
0D64
0D30
0CF4
0CB1
0C65
0C13
0BB9
0B59
0AF3
0A87
0A16
09A0
0926
08A9
0828
07A4
071F
0697
060F
0587
04FE
0477
03F2
036E
02ED
0270
01F6
0181
0111
00A7
0042
FFE4
FF8D
FF3D
FEF6
FEB7
FE80
FE53
FE30
FE16
FE06
FE01
FE07
FE17
FE32
FE59
FE8B
FEC8
FF11
FF65
FFC5
0030
00A7
0128
01B5
024D
02EF
039C
0452
0513
05DC
06AF
078A
086D
0957
0A48
0B40
0C3E
0D41
0E48
0F54
1063
1174
1288
139C
14B2
15C7
16DB
17EE
18FF
1A0C
1B17
1C1E
1D1F
1E1B
1F10
1FFF
20E5
21C3
2297
2362
2423
24D8
2582
2620
26B1
2735
27AB
2813
286D
28B8
28F3
291F
293C
2948
2944
2930
290B
28D5
288F
2838
27D1
2759
26D0
2638
258F
24D6
240E
2337
2251
215C
2058
1F48
1E2A
1CFF
1BC8
1A85
1938
17E0
167E
1513
13A0
1225
10A3
0F1B
0D8E
0BFC
0A66
08CD
0732
0595
03F7
025A
00BE
FF23
FD8A
FBF5
FA64
F8D7
F750
F5D0
F457
F2E5
F17C
F01D
EEC7
ED7C
EC3C
EB07
E9DF
E8C4
E7B6
E6B6
E5C4
E4E0
E40C
E347
E291
E1EC
E156
E0D0
E05B
DFF7
DFA2
DF5F
DF2C
DF09
DEF7
DEF5
DF03
DF21
DF4E
DF8B
DFD7
E031
E09A
E110
E193
E224
E2C0
E368
E41B
E4D9
E5A1
E671
E74A
E82B
E913
EA01
EAF5
EBEE
ECEA
EDEA
EEED
EFF1
F0F6
F1FB
F2FF
F402
F504
F602
F6FD
F7F3
F8E4
F9CF
FAB4
FB92
FC67
FD34
FDF8
FEB3
FF63
0008
00A3
0131
01B3
0229
0292
02EE
033C
037C
03AF
03D3
03E9
03F1
03EA
03D5
03B1
037F
033E
02F0
0293
0228
01B0
012A
0097
FFF8
FF4D
FE95
FDD3
FD06
FC2F
FB4E
FA64
F971
F877
F776
F66E
F561
F44F
F339
F21F
F102
EFE4
EEC5
EDA5
EC85
EB67
EA4B
E931
E81B
E709
E5FC
E4F5
E3F3
E2F9
E206
E11C
E03A
DF62
DE94
DDD1
DD18
DC6C
DBCB
DB37
DAAF
DA35
D9C8
D968
D917
D8D3
D89E
D877
D85E
D853
D857
D869
D889
D8B7
D8F2
D93B
D991
D9F4
DA63
DADF
DB66
DBF8
DC96
DD3D
DDEE
DEA7
DF69
E033
E104
E1DA
E2B7
E398
E47D
E565
E650
E73C
E829
E917
EA03
EAEE
EBD6
ECBB
ED9D
EE79
EF50
F021
F0EB
F1AE
F268
F319
F3C1
F45F
F4F3
F57B
F5F8
F669
F6CE
F726
F771
F7AF
F7DF
F802
F817
F81D
F816
F801
F7DE
F7AD
F76F
F723
F6C9
F663
F5F1
F572
F4E7
F451
F3B0
F305
F250
F192
F0CC
EFFE
EF29
EE4E
ED6E
EC8A
EBA1
EAB6
E9C9
E8DA
E7EB
E6FD
E610
E525
E43D
E35A
E27B
E1A3
E0D1
E007
DF45
DE8C
DDDD
DD39
DCA0
DC13
DB93
DB21
DABD
DA67
DA20
D9E9
D9C2
D9AB
D9A5
D9AF
D9CC
D9F9
DA38
DA89
DAEB
DB5F
DBE5
DC7B
DD23
DDDC
DEA5
DF7E
E067
E15F
E266
E37A
E49C
E5CB
E706
E84C
E99C
EAF6
EC58
EDC3
EF34
F0AB
F227
F3A8
F52B
F6B0
F835
F9BA
FB3E
FCC0
FE3F
FFB9
012E
029D
0405
0565
06BB
0807
0949
0A7E
0BA6
0CC1
0DCE
0ECB
0FB9
1096
1163
121D
12C6
135C
13DF
1450
14AC
14F5
152B
154C
155A
1554
153A
150D
14CD
147A
1414
139D
1313
1278
11CD
1111
1046
0F6D
0E86
0D92
0C91
0B85
0A6F
0950
0828
06F9
05C4
0489
034A
0208
00C5
FF80
FE3C
FCF9
FBB9
FA7C
F944
F813
F6E8
F5C7
F4AF
F3A1
F29F
F1A8
F0BE
EFE1
EF13
EE55
EDA6
ED08
EC7A
EBFF
EB96
EB40
EAFC
EACC
EAB0
EAA8
EAB3
EAD3
EB07
EB4E
EBAA
EC19
EC9C
ED32
EDDB
EE96
EF63
F041
F130
F230
F33F
F45D
F589
F6C1
F806
F956
FAB0
FC13
FD7E
FEF1
006A
01E7
0369
04ED
0673
07FA
0980
0B04
0C85
0E03
0F7B
10ED
1258
13BB
1514
1663
17A7
18DF
1A09
1B26
1C34
1D31
1E1F
1EFB
1FC6
207F
2125
21B8
2238
22A4
22FC
233F
236F
2389
2390
2381
235F
2328
22DD
227E
220B
2186
20ED
2043
1F87
1EBA
1DDC
1CEE
1BF1
1AE6
19CD
18A8
1776
1639
14F3
13A2
124A
10E9
0F82
0E15
0CA4
0B2F
09B7
083D
06C3
0549
03CF
0258
00E4
FF73
FE07
FCA1
FB40
F9E7
F896
F74C
F60C
F4D6
F3AA
F289
F173
F069
EF6B
EE7A
ED95
ECBF
EBF5
EB39
EA8A
E9E8
E954
E8CD
E854
E7E8
E789
E736
E6F0
E6B7
E68A
E668
E651
E645
E644
E64C
E65E
E678
E69B
E6C5
E6F7
E72F
E76D
E7B0
E7F8
E843
E893
E8E4
E938
E98E
E9E4
EA3A
EA8F
EAE4
EB37
EB89
EBD7
EC23
EC6B
ECAF
ECEF
ED2A
ED60
ED91
EDBD
EDE2
EE02
EE1B
EE2F
EE3B
EE42
EE42
EE3C
EE2F
EE1C
EE03
EDE5
EDC0
ED96
ED67
ED33
ECFA
ECBE
EC7D
EC38
EBF1
EBA6
EB59
EB0A
EABA
EA68
EA16
E9C4
E972
E920
E8D1
E882
E836
E7ED
E7A7
E764
E725
E6EB
E6B5
E684
E659
E633
E613
E5F9
E5E5
E5D9
E5D2
E5D3
E5DC
E5EC
E602
E620
E645
E670
E6A2
E6DA
E719
E75E
E7AA
E7FA
E850
E8AB
E90B
E96F
E9D8
EA43
EAB2
EB23
EB96
EC0B
EC81
ECF8
ED6F
EDE5
EE5A
EECD
EF3E
EFAD
F018
F07F
F0E1
F13E
F196
F1E7
F232
F276
F2B3
F2E8
F314
F338
F354
F366
F36E
F36D
F363
F34E
F330
F307
F2D4
F297
F250
F1FF
F1A5
F140
F0D3
F05C
EFDC
EF54
EEC4
EE2D
ED8E
ECE8
EC3B
EB88
EAD0
EA14
E954
E891
E7CB
E704
E63B
E572
E4AA
E3E3
E31E
E25B
E19C
E0E2
E02C
DF7C
DED3
DE31
DD97
DD05
DC7D
DBFF
DB8C
DB24
DAC8
DA78
DA36
DA01
D9D9
D9C0
D9B7
D9BD
D9D2
D9F7
DA2B
DA6F
DAC4
DB28
DB9C
DC21
DCB5
DD58
DE0C
DECE
DF9F
E07F
E16D
E269
E372
E488
E5A9
E6D7
E80F
E951
EA9D
EBF1
ED4E
EEB1
F01B
F18A
F2FE
F476
F5F1
F76F
F8ED
FA6C
FBEA
FD66
FEE0
0056
01C8
0335
049B
05FB
0753
08A2
09E8
0B25
0C56
0D7D
0E97
0FA5
10A6
1199
127F
1356
141E
14D8
1582
161D
16A8
1723
178F
17EA
1835
1871
189D
18B9
18C7
18C6
18B6
1899
186E
1836
17F1
17A0
1743
16DC
166B
15EF
156B
14DF
144B
13B0
1310
126A
11C0
1112
1062
0FAF
0EFC
0E48
0D94
0CE2
0C31
0B83
0AD8
0A32
0990
08F3
085D
07CE
0745
06C5
064D
05DE
0578
051B
04C9
0480
0442
040F
03E6
03C8
03B4
03AC
03AE
03BB
03D3
03F4
0420
0456
0495
04DD
052E
0587
05E8
0651
06C1
0737
07B3
0834
08B9
0942
09CE
0A5C
0AEC
0B7D
0C0E
0C9E
0D2D
0DBB
0E45
0ECD
0F50
0FCE
1048
10BB
1128
118D
11EB
1240
128C
12D0
1309
1339
135E
1378
1387
138B
1383
136F
1350
1325
12ED
12AA
125B
1201
119B
112A
10AE
1027
0F97
0EFC
0E58
0DAC
0CF7
0C3A
0B77
0AAD
09DD
0909
0830
0753
0674
0593
04B1
03CE
02EC
020B
012D
0051
FF78
FEA3
FDD3
FD09
FC46
FB8B
FAD8
FA2E
F98E
F8F8
F86D
F7EF
F77C
F717
F6BF
F674
F638
F60B
F5ED
F5DE
F5DE
F5EE
F60E
F63E
F67E
F6CE
F72D
F79D
F81B
F8A9
F945
F9F0
FAA9
FB6E
FC41
FD20
FE0A
FF00
0000
010A
021C
0337
0459
0581
06AF
07E2
0918
0A51
0B8C
0CC7
0E03
0F3D
1075
11AA
12DA
1406
152C
164A
1761
186E
1972
1A6B
1B59
1C3A
1D0E
1DD5
1E8D
1F35
1FCE
2056
20CC
2132
2185
21C5
21F3
220D
2215
2208
21E8
21B4
216D
2112
20A3
2020
1F8B
1EE3
1E27
1D5A
1C7B
1B8A
1A89
1978
1857
1727
15E9
149E
1347
11E4
1076
0EFF
0D7E
0BF5
0A65
08CF
0734
0594
03F2
024D
00A8
FF02
FD5E
FBBB
FA1C
F881
F6EB
F55B
F3D3
F252
F0DB
EF6D
EE0A
ECB2
EB67
EA29
E8F8
E7D6
E6C4
E5C0
E4CE
E3EB
E31A
E25A
E1AB
E10F
E085
E00D
DFA7
DF54
DF14
DEE7
DECB
DEC3
DECC
DEE8
DF16
DF55
DFA5
E006
E077
E0F8
E188
E227
E2D5
E38F
E457
E52A
E60A
E6F3
E7E7
E8E4
E9E8
EAF3
EC05
ED1D
EE39
EF59
F07C
F1A1
F2C8
F3EE
F515
F63A
F75D
F87D
F99A
FAB2
FBC4
FCD1
FDD7
FED6
FFCD
00BB
01A0
027C
034D
0414
04CF
057F
0623
06BB
0747
07C6
0836
089A
08F1
093A
0977
09A6
09C8
09DD
09E4
09E0
09CE
09B0
0986
0951
0910
08C3
086D
080C
07A1
072D
06B0
062B
059F
050B
0471
03D2
032D
0283
01D6
0125
0072
FFBD
FF07
FE50
FD9A
FCE4
FC30
FB7F
FAD1
FA26
F980
F8DE
F843
F7AD
F71F
F698
F619
F5A2
F535
F4D1
F477
F428
F3E4
F3AB
F37E
F35D
F348
F341
F345
F358
F377
F3A4
F3DF
F427
F47D
F4E1
F553
F5D3
F661
F6FC
F7A5
F85C
F920
F9F0
FACE
FBB9
FCB0
FDB2
FEC1
FFDB
0100
022F
0368
04AC
05F8
074D
08AA
0A0F
0B7B
0CED
0E65
0FE3
1166
12ED
1477
1604
1793
1925
1AB7
1C49
1DDC
1F6D
20FD
228B
2416
259D
2720
289F
2A17
2B8A
2CF6
2E5A
2FB6
310A
3254
3394
34CA
35F5
3715
3828
392F
3A29
3B15
3BF4
3CC4
3D85
3E37
3EDA
3F6D
3FF1
4063
40C6
4117
4158
4187
41A5
41B1
41AC
4196
416E
4134
40E8
408C
401D
3F9E
3F0D
3E6B
3DB9
3CF6
3C23
3B40
3A4D
394B
383A
371B
35EE
34B3
336C
3217
30B7
2F4C
2DD6
2C56
2ACC
2939
279F
25FC
2453
22A4
20EF
1F35
1D78
1BB8
19F5
1831
166C
14A7
12E3
1121
0F61
0DA4
0BEC
0A38
088A
06E2
0541
03A9
0219
0092
FF15
FDA3
FC3C
FAE1
F992
F850
F71D
F5F7
F4E1
F3DA
F2E3
F1FC
F126
F060
EFAC
EF0A
EE79
EDFB
ED8E
ED34
ECEC
ECB7
EC94
EC83
EC85
EC99
ECBF
ECF6
ED40
ED9B
EE07
EE83
EF10
EFAD
F059
F114
F1DD
F2B4
F399
F48B
F588
F692
F7A6
F8C5
F9ED
FB1E
FC57
FD97
FEDE
002B
017C
02D2
042B
0587
06E4
0842
09A0
0AFE
0C59
0DB3
0F09
105C
11A9
12F2
1434
156F
16A3
17CF
18F3
1A0D
1B1C
1C21
1D1B
1E0A
1EEC
1FC2
208A
2146
21F4
2294
2326
23AA
241F
2486
24DE
2528
2563
258F
25AC
25BB
25BC
25AF
2593
256A
2534
24F0
249F
2442
23D9
2365
22E6
225C
21C7
2129
2081
1FD1
1F19
1E58
1D91
1CC3
1BF0
1B17
1A39
1958
1873
178B
16A1
15B5
14C9
13DC
12EF
1203
1118
102F
0F48
0E64
0D83
0CA7
0BCE
0AFA
0A2C
0962
089E
07E0
0729
0679
05CF
052C
0491
03FE
0371
02ED
0270
01FB
018E
0129
00CB
0075
0027
FFE0
FFA0
FF67
FF36
FF0A
FEE6
FEC7
FEAF
FE9C
FE8E
FE86
FE81
FE82
FE86
FE8D
FE98
FEA6
FEB5
FEC7
FEDB
FEF0
FF05
FF1B
FF32
FF48
FF5D
FF72
FF85
FF97
FFA6
FFB4
FFBF
FFC7
FFCC
FFCE
FFCC
FFC6
FFBD
FFAF
FF9D
FF87
FF6C
FF4D
FF29
FF00
FED3
FEA1
FE6A
FE2E
FDEE
FDA9
FD60
FD12
FCC0
FC6A
FC10
FBB2
FB51
FAEC
FA85
FA1A
F9AD
F93E
F8CD
F85A
F7E5
F770
F6FA
F683
F60C
F595
F51F
F4AA
F435
F3C2
F351
F2E2
F275
F20A
F1A2
F13D
F0DB
F07E
F024
EFCF
EF7E
EF32
EEEA
EEA8
EE6B
EE33
EE01
EDD4
EDAD
ED8C
ED71
ED5C
ED4C
ED43
ED3F
ED42
ED4B
ED59
ED6D
ED87
EDA7
EDCC
EDF7
EE27
EE5D
EE95
EED3
EF16
EF5D
EFAA
EFFA
F04F
F0A7
F104
F164
F1C7
F22D
F296
F302
F370
F3E0
F452
F4C5
F53A
F5B0
F626
F69E
F716
F78E
F806
F87D
F8F5
F96B
F9E1
FA56
FACA
FB3D
FBAE
FC1D
FC8B
FCF8
FD63
FDCC
FE34
FE99
FEFD
FF5E
FFBD
001A
0075
00CE
0125
0179
01CA
021A
0267
02B1
02F9
033F
0383
03C4
0403
043F
0479
04B1
04E7
051A
054C
057B
05AA
05D7
0602
062C
0653
0679
069D
06BF
06E0
06FF
071C
0738
0752
076B
0782
0797
07AB
07BE
07CE
07DD
07EB
07F7
0801
0809
0810
0815
0819
081A
081A
0818
0814
080E
0808
07FF
07F5
07E9
07DA
07CA
07B7
07A3
078C
0773
0758
073B
071C
06FB
06D7
06B1
068A
0660
0634
0606
05D6
05A5
0571
053C
0505
04CD
0493
0457
041B
03DD
039E
035E
031E
02DC
029B
0259
0217
01D4
0193
0151
0110
00CF
0090
0051
0014
FFD7
FF9C
FF63
FF2B
FEF5
FEC2
FE90
FE61
FE34
FE0A
FDE2
FDBD
FD9B
FD7C
FD61
FD48
FD33
FD21
FD13
FD08
FD01
FCFD
FCFD
FD01
FD09
FD15
FD24
FD38
FD4F
FD6A
FD88
FDAB
FDD0
FDF9
FE26
FE56
FE88
FEBE
FEF7
FF32
FF6F
FFAF
FFF2
0036
007C
00C4
010D
0157
01A3
01EF
023C
028A
02D8
0326
0375
03C3
0410
045D
04AA
04F5
053F
0588
05D0
0616
065B
069D
06DE
071C
0759
0793
07CA
07FF
0832
0862
0890
08BB
08E3
0909
092C
094C
096A
0985
099D
09B4
09C8
09DA
09E9
09F7
0A02
0A0B
0A13
0A19
0A1D
0A20
0A22
0A22
0A21
0A1F
0A1D
0A1A
0A16
0A12
0A0E
0A0A
0A05
0A01
09FD
09FA
09F7
09F5
09F3
09F2
09F2
09F3
09F6
09F9
09FD
0A03
0A09
0A11
0A1A
0A24
0A2F
0A3B
0A48
0A56
0A65
0A74
0A84
0A94
0AA5
0AB5
0AC6
0AD7
0AE7
0AF6
0B05
0B12
0B1F
0B29
0B33
0B3A
0B3F
0B41
0B41
0B3E
0B37
0B2D
0B20
0B0E
0AF8
0ADD
0ABE
0A99
0A70
0A40
0A0B
09D0
098F
0948
08FA
08A5
084A
07E8
077F
070F
0697
0619
0593
0506
0472
03D6
0334
028A
01D9
0121
0063
FF9E
FED2
FE00
FD29
FC4B
FB67
FA7E
F990
F89D
F7A5
F6A9
F5AA
F4A6
F39F
F296
F18A
F07C
EF6C
EE5C
ED4A
EC38
EB26
EA15
E905
E7F7
E6EA
E5DF
E4D8
E3D4
E2D3
E1D7
E0DF
DFEC
DEFF
DE17
DD36
DC5B
DB88
DABB
D9F6
D939
D884
D7D7
D733
D698
D606
D57E
D4FF
D489
D41E
D3BC
D364
D316
D2D2
D298
D269
D243
D227
D215
D20C
D20D
D218
D22C
D249
D26F
D29E
D2D4
D313
D35A
D3A8
D3FE
D45A
D4BE
D527
D597
D60C
D686
D705
D789
D811
D89C
D92B
D9BD
DA52
DAE8
DB81
DC1B
DCB6
DD52
DDEE
DE8A
DF26
DFC1
E05B
E0F4
E18C
E221
E2B5
E345
E3D3
E45F
E4E7
E56C
E5ED
E66C
E6E6
E75D
E7CF
E83E
E8A9
E90F
E972
E9D0
EA2A
EA80
EAD1
EB1F
EB68
EBAD
EBEE
EC2C
EC65
EC9B
ECCE
ECFD
ED28
ED51
ED76
ED99
EDB9
EDD6
EDF1
EE0A
EE21
EE36
EE49
EE5B
EE6C
EE7B
EE8A
EE97
EEA4
EEB0
EEBC
EEC8
EED4
EEDF
EEEB
EEF7
EF03
EF10
EF1D
EF2A
EF39
EF48
EF57
EF68
EF79
EF8A
EF9D
EFB0
EFC5
EFDA
EFF0
F006
F01D
F035
F04D
F066
F07E
F098
F0B1
F0CB
F0E4
F0FE
F117
F130
F149
F161
F179
F190
F1A7
F1BC
F1D1
F1E5
F1F8
F20A
F21B
F22A
F238
F246
F251
F25C
F265
F26D
F274
F27A
F27E
F281
F283
F284
F284
F283
F281
F27E
F27A
F275
F270
F26B
F265
F25E
F258
F252
F24C
F246
F240
F23C
F238
F235
F233
F232
F233
F235
F239
F23F
F247
F252
F25E
F26E
F280
F295
F2AC
F2C7
F2E5
F307
F32B
F353
F37F
F3AE
F3E1
F417
F451
F48E
F4CF
F514
F55C
F5A8
F5F7
F649
F69F
F6F7
F753
F7B1
F813
F876
F8DC
F945
F9AF
FA1A
FA87
FAF5
FB64
FBD4
FC45
FCB6
FD27
FD98
FE09
FE79
FEE9
FF57
FFC4
002F
0098
00FF
0164
01C6
0226
0282
02DB
0330
0382
03D0
041A
045F
04A1
04DD
0515
0548
0576
059F
05C2
05E0
05F9
060C
061B
0624
0628
0627
0621
0616
0606
05F2
05D8
05BA
0598
0572
0547
0519
04E7
04B2
0479
043E
0400
03C0
037D
0339
02F3
02AC
0264
021B
01D2
0189
0141
00F9
00B2
006C
0028
FFE5
FFA4
FF65
FF29
FEF0
FEB9
FE86
FE56
FE2A
FE01
FDDC
FDBC
FD9F
FD87
FD74
FD65
FD5A
FD54
FD53
FD57
FD5F
FD6C
FD7D
FD93
FDAE
FDCD
FDF2
FE1B
FE48
FE79
FEAD
FEE5
FF20
FF5F
FFA1
FFE5
002C
0075
00C0
010D
015C
01AB
01FC
024E
02A0
02F2
0344
0396
03E8
0438
0488
04D6
0522
056D
05B5
05FB
063E
067F
06BD
06F7
072E
0761
0791
07BC
07E3
0805
0823
083D
0852
0863
086E
0876
0878
0876
0870
0864
0855
0841
0829
080C
07EC
07C8
07A0
0774
0746
0713
06DE
06A6
066C
062E
05F0
05AF
056D
0529
04E3
049C
0454
040B
03C1
0377
032D
02E3
0299
024F
0206
01BD
0175
012E
00E8
00A4
0061
001F
FFDF
FFA0
FF64
FF28
FEEF
FEB8
FE82
FE4E
FE1C
FDEC
FDC0
FD95
FD6C
FD44
FD1E
FCFA
FCD7
FCB5
FC94
FC74
FC54
FC35
FC17
FBF9
FBDB
FBBD
FB9F
FB80
FB60
FB40
FB1E
FAFC
FAD8
FAB3
FA8B
FA62
FA38
FA0B
F9DB
F9AA
F976
F940
F908
F8CE
F891
F851
F80F
F7CB
F783
F739
F6ED
F69E
F64D
F5FA
F5A4
F54D
F4F4
F49A
F43E
F3E1
F383
F325
F2C6
F267
F209
F1AB
F14E
F0F2
F098
F03F
EFE9
EF96
EF46
EEF9
EEB0
EE6B
EE2A
EDEE
EDB8
ED87
ED5C
ED37
ED19
ED01
ECF1
ECE9
ECE8
ECF0
ED00
ED18
ED3A
ED64
ED98
EDD5
EE1B
EE6B
EEC5
EF29
EF96
F00D
F08D
F117
F1AB
F247
F2ED
F39C
F454
F514
F5DC
F6AD
F784
F863
F948
FA33
FB24
FC1B
FD16
FE16
FF19
0020
0129
0234
0340
044D
055B
0667
0773
087D
0984
0A88
0B89
0C84
0D7B
0E6C
0F56
1039
1115
11E8
12B3
1375
142D
14DA
157C
1612
169D
171B
178D
17F1
1847
1890
18CB
18F8
1916
1925
1926
1918
18FB
18D0
1895
184C
17F5
178F
171B
169A
160A
156E
14C5
140F
134E
1281
11AA
10C9
0FDE
0EEA
0DEE
0CEA
0BDF
0ACE
09B8
089D
077D
065B
0536
0410
02E9
01C3
009D
FF79
FE57
FD39
FC1F
FB0B
F9FC
F8F3
F7F2
F6F9
F609
F523
F447
F375
F2AF
F1F5
F149
F0AA
F018
EF94
EF1F
EEB9
EE62
EE1B
EDE3
EDBB
EDA3
ED9B
EDA3
EDBB
EDE4
EE1C
EE65
EEBC
EF24
EF9A
F01F
F0B2
F154
F203
F2BF
F387
F45C
F53B
F625
F71A
F817
F91D
FA2B
FB41
FC5C
FD7D
FEA2
FFCB
00F7
0225
0353
0482
05AF
06DB
0805
092A
0A4B
0B67
0C7D
0D8B
0E91
0F8F
1083
116D
124C
131E
13E5
149E
1549
15E6
1674
16F3
1762
17C0
180E
184B
1877
1890
1899
188F
1873
1845
1805
17B3
174F
16DA
1652
15B9
150F
1454
1388
12AC
11C0
10C5
0FBC
0EA4
0D7F
0C4C
0B0E
09C3
086E
070F
05A6
0435
02BB
013B
FFB5
FE29
FC98
FB05
F96E
F7D6
F63D
F4A5
F30D
F177
EFE4
EE55
ECCB
EB46
E9C7
E84F
E6DF
E578
E41B
E2C7
E17F
E042
DF12
DDEF
DCD9
DBD1
DAD8
D9ED
D913
D848
D78E
D6E4
D64B
D5C3
D54C
D4E7
D494
D452
D422
D404
D3F8
D3FD
D415
D43D
D477
D4C2
D51E
D58B
D608
D694
D730
D7DB
D895
D95D
DA32
DB14
DC03
DCFE
DE04
DF15
E02F
E153
E280
E3B5
E4F1
E633
E77C
E8C9
EA1B
EB70
ECC9
EE23
EF7F
F0DC
F239
F395
F4F0
F649
F79F
F8F2
FA41
FB8B
FCD0
FE0F
FF48
007A
01A4
02C7
03E0
04F1
05F9
06F6
07EA
08D2
09B0
0A83
0B4A
0C05
0CB4
0D57
0DED
0E77
0EF3
0F63
0FC7
101D
1066
10A3
10D2
10F5
110C
1116
1113
1104
10EA
10C3
1091
1054
100C
0FB9
0F5C
0EF4
0E83
0E09
0D85
0CF9
0C64
0BC8
0B24
0A78
09C6
090D
084F
078B
06C2
05F4
0523
044D
0375
0299
01BB
00DB
FFFA
FF18
FE35
FD51
FC6E
FB8C
FAAA
F9CA
F8EB
F80F
F734
F65D
F589
F4B7
F3EA
F321
F25B
F19A
F0DD
F025
EF71
EEC3
EE1A
ED77
ECDA
EC42
EBB1
EB25
EAA0
EA21
E9A7
E935
E8C8
E862
E802
E7A8
E754
E706
E6BE
E67D
E641
E60B
E5DA
E5AF
E58A
E569
E54E
E538
E526
E51A
E511
E50C
E50C
E50F
E516
E521
E52F
E541
E555
E56C
E586
E5A2
E5C0
E5E1
E603
E627
E64C
E672
E69A
E6C2
E6EB
E715
E73F
E769
E794
E7BE
E7E9
E813
E83C
E866
E88E
E8B7
E8DE
E905
E92B
E950
E974
E998
E9BA
E9DB
E9FC
EA1C
EA3A
EA58
EA76
EA92
EAAE
EACA
EAE5
EAFF
EB1A
EB34
EB4F
EB69
EB84
EB9F
EBBB
EBD7
EBF5
EC13
EC32
EC53
EC75
EC98
ECBE
ECE5
ED0E
ED39
ED66
ED95
EDC8
EDFC
EE34
EE6E
EEAB
EEEB
EF2F
EF76
EFC0
F00D
F05E
F0B2
F10A
F166
F1C5
F228
F28F
F2F9
F367
F3D8
F44D
F4C6
F542
F5C1
F644
F6CA
F752
F7DE
F86D
F8FE
F992
FA29
FAC2
FB5D
FBFA
FC99
FD39
FDDB
FE7E
FF21
FFC6
006A
010F
01B3
0258
02FB
039E
043F
04DF
057E
061A
06B5
074D
07E2
0874
0903
098F
0A18
0A9D
0B1F
0B9C
0C15
0C8A
0CFA
0D66
0DCD
0E2E
0E8B
0EE3
0F35
0F82
0FCA
100C
1049
1080
10B2
10DF
1106
1128
1145
115C
116F
117C
1185
1189
1188
1183
117A
116C
115B
1147
1130
1116
10F8
10D8
10B5
1090
1069
1040
1016
0FEB
0FBF
0F92
0F65
0F38
0F0B
0EE0
0EB5
0E8B
0E63
0E3D
0E19
0DF7
0DD8
0DBC
0DA3
0D8E
0D7C
0D6D
0D63
0D5D
0D5B
0D5E
0D65
0D70
0D80
0D95
0DAE
0DCD
0DF0
0E18
0E45
0E76
0EAC
0EE7
0F27
0F6B
0FB4
1001
1052
10A7
1100
115C
11BC
1220
1286
12F0
135B
13C9
1439
14AB
151F
1593
1608
167D
16F3
1768
17DD
1852
18C5
1936
19A6
1A13
1A7F
1AE7
1B4C
1BAD
1C0B
1C65
1CBA
1D0A
1D56
1D9C
1DDD
1E18
1E4C
1E7B
1EA3
1EC4
1EDF
1EF3
1F00
1F05
1F03
1EFA
1EEA
1ED2
1EB4
1E8E
1E60
1E2C
1DF0
1DAD
1D63
1D12
1CBA
1C5C
1BF7
1B8C
1B1A
1AA3
1A26
19A3
191C
188F
17FE
1768
16CE
1630
158F
14EB
1444
139B
12EF
1242
1194
10E4
1034
0F84
0ED3
0E24
0D75
0CC7
0C1B
0B70
0AC8
0A22
097F
08DF
0843
07AB
0717
0687
05FC
0575
04F5
0479
0403
0393
0329
02C5
0268
0211
01C0
0177
0134
00F8
00C2
0094
006C
004B
0030
001C
000F
0007
0006
000C
0017
0028
003F
005B
007D
00A4
00CF
0100
0135
016E
01AB
01EC
0231
0278
02C2
030F
035E
03AF
0402
0456
04AB
0500
0556
05AC
0601
0656
06AA
06FC
074C
079A
07E6
082E
0874
08B7
08F5
0930
0967
0999
09C6
09EF
0A12
0A30
0A48
0A5A
0A67
0A6D
0A6D
0A67
0A5A
0A47
0A2C
0A0B
09E4
09B5
0980
0943
0900
08B7
0866
0810
07B2
074E
06E3
0672
05FA
057D
04F9
0470
03E1
034D
02B4
0216
0173
00CC
0021
FF72
FEBF
FE0A
FD51
FC96
FBD9
FB1A
FA59
F997
F8D5
F812
F74F
F68D
F5CB
F50B
F44C
F38F
F2D4
F21C
F167
F0B5
F008
EF5E
EEBA
EE1A
ED80
ECEB
EC5D
EBD5
EB54
EADA
EA68
E9FE
E99C
E942
E8F1
E8A9
E86B
E836
E80A
E7E9
E7D1
E7C4
E7C2
E7CA
E7DC
E7F9
E821
E853
E891
E8D9
E92C
E98A
E9F3
EA67
EAE5
EB6D
EC00
EC9D
ED44
EDF4
EEAE
EF70
F03C
F110
F1EC
F2D0
F3BB
F4AD
F5A6
F6A5
F7A9
F8B2
F9C0
FAD2
FBE8
FD00
FE1B
FF38
0055
0174
0293
03B1
04CE
05E9
0702
0818
092B
0A39
0B42
0C46
0D43
0E3A
0F2A
1011
10F0
11C6
1292
1354
140B
14B7
1557
15EB
1672
16EC
1759
17B7
1808
184A
187D
18A1
18B5
18BA
18AF
1895
186B
1831
17E8
178F
1726
16AE
1627
1591
14EB
1438
1375
12A5
11C8
10DE
0FE6
0EE3
0DD5
0CBB
0B97
0A69
0932
07F3
06AC
055E
040A
02B1
0153
FFF0
FE8B
FD23
FBBB
FA52
F8EA
F783
F61F
F4BE
F362
F20B
F0BA
EF6F
EE2D
ECF3
EBC3
EA9E
E983
E874
E773
E67E
E598
E4C1
E3F9
E341
E29A
E204
E180
E10F
E0AF
E063
E02B
E005
DFF4
DFF7
E00F
E03A
E07B
E0CF
E138
E1B6
E247
E2ED
E3A5
E472
E551
E642
E745
E85A
E980
EAB6
EBFB
ED4F
EEB2
F022
F19E
F326
F4B8
F655
F7FA
F9A8
FB5C
FD16
FED6
0099
0260
0428
05F2
07BB
0983
0B49
0D0C
0ECA
1082
1235
13DF
1582
171B
18A9
1A2C
1BA3
1D0E
1E6A
1FB8
20F6
2224
2342
244E
2548
2630
2705
27C7
2875
290F
2995
2A06
2A63
2AAB
2ADE
2AFD
2B07
2AFC
2ADD
2AAA
2A63
2A08
299B
291B
2889
27E5
2730
266A
2595
24B1
23BF
22BF
21B2
2099
1F76
1E48
1D12
1BD3
1A8C
1940
17EE
1697
153D
13E1
1283
1125
0FC8
0E6C
0D12
0BBC
0A6A
091D
07D7
0697
055F
042F
0309
01EC
00DB
FFD4
FED9
FDEB
FD09
FC35
FB6F
FAB7
FA0D
F972
F8E5
F868
F7FA
F79C
F74C
F70C
F6DB
F6B9
F6A7
F6A3
F6AD
F6C6
F6ED
F721
F762
F7AF
F809
F86E
F8DE
F958
F9DB
FA68
FAFC
FB99
FC3C
FCE5
FD93
FE46
FEFC
FFB6
0071
012E
01EC
02A9
0365
0420
04D8
058D
063F
06EB
0793
0835
08D1
0965
09F2
0A77
0AF4
0B67
0BD1
0C31
0C88
0CD4
0D15
0D4C
0D77
0D98
0DAE
0DB9
0DB8
0DAD
0D97
0D77
0D4B
0D16
0CD7
0C8E
0C3C
0BE1
0B7D
0B12
0A9F
0A25
09A5
091F
0893
0803
076F
06D7
063C
059F
0501
0462
03C2
0323
0285
01E9
014F
00B9
0026
FF98
FF0F
FE8B
FE0E
FD97
FD28
FCC0
FC61
FC0A
FBBC
FB78
FB3D
FB0C
FAE6
FACA
FAB7
FAB0
FAB3
FAC2
FADA
FAFE
FB2C
FB65
FBA8
FBF5
FC4C
FCAC
FD16
FD88
FE03
FE86
FF10
FFA2
003A
00D8
017B
0222
02CE
037D
042F
04E3
0598
064E
0704
07B8
086B
091C
09C8
0A70
0B13
0BB2
0C4A
0CDB
0D66
0DE8
0E61
0ED2
0F39
0F95
0FE7
102D
1068
1096
10B8
10CD
10D5
10D0
10BD
109C
106E
1031
0FE7
0F8E
0F28
0EB4
0E32
0DA2
0D06
0C5D
0BA6
0AE4
0A15
093B
0856
0767
066E
056C
0461
034E
0234
0113
FFEC
FEC0
FD90
FC5C
FB25
F9ED
F8B3
F779
F63F
F507
F3D0
F29D
F16D
F042
EF1C
EDFD
ECE4
EBD3
EACA
E9CA
E8D6
E7EC
E70D
E639
E572
E4B7
E409
E368
E2D5
E250
E1DA
E172
E119
E0CF
E094
E069
E04C
E03F
E042
E053
E073
E0A2
E0DF
E12A
E184
E1EB
E25F
E2DF
E36C
E405
E4A9
E557
E610
E6D2
E79E
E871
E94B
EA2C
EB14
EC00
ECF1
EDE5
EEDD
EFD6
F0D1
F1CC
F2C8
F3C2
F4BB
F5B1
F6A4
F794
F87E
F964
FA43
FB1D
FBEF
FCB9
FD7B
FE34
FEE4
FF8B
0027
00B9
013F
01B9
0228
028B
02E3
032F
036F
03A3
03CA
03E6
03F6
03FA
03F3
03DF
03C1
0397
0362
0323
02DA
0286
022A
01C4
0155
00DF
0061
FFDC
FF50
FEBE
FE27
FD8C
FCEB
FC48
FBA0
FAF7
FA4B
F99F
F8F2
F845
F798
F6EE
F645
F59E
F4FA
F45A
F3BF
F327
F295
F208
F181
F101
F087
F014
EFA9
EF45
EEEA
EE96
EE4B
EE09
EDCF
ED9F
ED77
ED58
ED42
ED36
ED33
ED39
ED48
ED60
ED81
EDAA
EDDB
EE14
EE55
EE9E
EEEE
EF44
EFA2
F005
F06F
F0DE
F152
F1CB
F249
F2CB
F350
F3D8
F463
F4F0
F580
F611
F6A3
F736
F7C9
F85C
F8EF
F981
FA10
FA9F
FB2B
FBB6
FC3E
FCC4
FD47
FDC6
FE43
FEBD
FF33
FFA5
0014
0080
00E7
014B
01AB
0208
0261
02B6
0308
0357
03A3
03EB
0431
0474
04B5
04F4
0530
056B
05A4
05DD
0612
0647
067B
06AF
06E3
0717
074D
0783
07BA
07F3
082E
086B
08AB
08ED
0931
0979
09C4
0A12
0A64
0ABA
0B13
0B70
0BD1
0C37
0CA0
0D0D
0D7E
0DF3
0E6C
0EE9
0F69
0FED
1074
10FF
118C
121B
12AD
1340
13D6
146C
1503
159A
1631
16C7
175D
17F1
1883
1912
199E
1A27
1AAB
1B2B
1BA5
1C1A
1C88
1CEF
1D4F
1DA7
1DF7
1E3D
1E7A
1EAD
1ED5
1EF3
1F06
1F0D
1F08
1EF7
1EDA
1EAF
1E77
1E32
1DDE
1D7D
1D0F
1C91
1C06
1B6D
1AC5
1A10
194C
187A
179B
16AF
15B5
14AE
139B
127B
1150
101A
0ED9
0D8D
0C39
0ADB
0974
0806
0691
0516
0395
0210
0087
FEFB
FD6D
FBDE
FA4E
F8C0
F732
F5A7
F41F
F29C
F11D
EFA5
EE34
ECCA
EB69
EA12
E8C5
E784
E64E
E526
E40B
E2FE
E201
E113
E035
DF68
DEAD
DE03
DD6D
DCE9
DC78
DC1A
DBD0
DB9A
DB77
DB69
DB6F
DB89
DBB7
DBF9
DC4F
DCB9
DD35
DDC5
DE68
DF1C
DFE3
E0BA
E1A3
E29B
E3A3
E4B9
E5DD
E70F
E84D
E996
EAEA
EC47
EDAD
EF1B
F091
F20B
F38B
F50E
F694
F81B
F9A2
FB28
FCAD
FE2F
FFAC
0125
0298
0404
0567
06C2
0813
0959
0A93
0BC0
0CE0
0DF2
0EF5
0FE8
10CB
119E
125F
130E
13AB
1435
14AC
1510
1560
159D
15C6
15DB
15DC
15CA
15A4
156B
151F
14C1
1450
13CD
1338
1293
11DE
1119
1045
0F64
0E74
0D79
0C72
0B60
0A44
0920
07F4
06C1
0588
044C
030B
01C9
0085
FF41
FDFE
FCBD
FB80
FA47
F914
F7E8
F6C3
F5A7
F496
F38F
F294
F1A6
F0C6
EFF4
EF32
EE81
EDE0
ED52
ECD6
EC6D
EC18
EBD7
EBAB
EB94
EB92
EBA5
EBCF
EC0E
EC63
ECCF
ED50
EDE7
EE94
EF57
F02F
F11B
F21B
F32F
F457
F590
F6DC
F839
F9A5
FB22
FCAD
FE45
FFEB
019C
0357
051C
06EA
08BF
0A99
0C79
0E5D
1043
122A
1411
15F7
17DA
19BA
1B94
1D68
1F35
20F9
22B2
2461
2603
2798
291E
2A95
2BFB
2D4F
2E91
2FC0
30DA
31DF
32CF
33A8
346A
3515
35A8
3622
3683
36CB
36FA
370F
370A
36EC
36B4
3662
35F7
3572
34D4
341E
334F
3268
3169
3053
2F28
2DE6
2C91
2B27
29AA
281B
267B
24CA
230A
213C
1F61
1D7A
1B89
198D
1789
157D
136C
1155
0F3B
0D1F
0B01
08E3
06C7
04AC
0296
0084
FE78
FC73
FA76
F882
F697
F4B8
F2E6
F120
EF68
EDC0
EC27
EA9E
E927
E7C1
E66E
E52E
E402
E2E9
E1E4
E0F4
E019
DF53
DEA2
DE07
DD81
DD10
DCB4
DC6E
DC3C
DC20
DC17
DC23
DC42
DC74
DCB9
DD0F
DD76
DDEF
DE78
DF10
DFB8
E06E
E131
E201
E2DD
E3C4
E4B5
E5AF
E6B2
E7BC
E8CD
E9E3
EAFE
EC1D
ED3F
EE63
EF89
F0AF
F1D4
F2F8
F419
F538
F653
F769
F87B
F986
FA8B
FB88
FC7E
FD6B
FE4F
FF2A
FFFC
00C3
0180
0232
02DA
0376
0407
048D
0507
0576
05D9
0631
067D
06BE
06F3
071E
073E
0754
075F
0761
0759
0748
072E
070C
06E2
06B1
0679
063C
05F9
05B0
0563
0512
04BC
0464
0409
03AB
034D
02ED
028D
022D
01CE
0170
0114
00B9
0062
000D
FFBC
FF6F
FF26
FEE1
FEA2
FE67
FE32
FE03
FDDA
FDB7
FD9A
FD83
FD73
FD6A
FD68
FD6C
FD76
FD87
FD9E
FDBC
FDDF
FE08
FE36
FE6A
FEA3
FEE1
FF23
FF69
FFB3
0000
0050
00A3
00F9
0150
01A8
0202
025C
02B7
0311
036A
03C2
0419
046D
04C0
050F
055B
05A3
05E8
0628
0664
069B
06CD
06F9
0720
0742
075D
0772
0780
0788
078A
0785
0779
0767
074E
072E
0708
06DC
06A9
0670
0632
05ED
05A3
0554
0500
04A7
044A
03E9
0386
031F
02B5
0249
01DC
016D
00FD
008C
001B
FFAB
FF3C
FECE
FE62
FDF9
FD92
FD2E
FCCE
FC73
FC1C
FBC9
FB7D
FB36
FAF5
FABB
FA87
FA5B
FA37
FA1A
FA05
F9F8
F9F4
F9F9
FA08
FA21
FA43
FA6D
FAA1
FADE
FB24
FB73
FBCB
FC2C
FC95
FD07
FD80
FE02
FE8B
FF1C
FFB3
0051
00F5
019F
024F
0304
03BD
047A
053B
05FF
06C5
078E
0858
0924
09F0
0ABC
0B88
0C54
0D1E
0DE7
0EAE
0F72
1032
10EF
11A7
125B
130A
13B3
1457
14F4
158A
1619
16A1
1722
179A
180B
1873
18D2
1929
1977
19BC
19F8
1A2C
1A56
1A77
1A90
1AA0
1AA7
1AA4
1A99
1A86
1A6C
1A4A
1A21
19F1
19BA
197E
193B
18F3
18A6
1855
17FF
17A5
1748
16E9
1687
1622
15BD
1556
14EF
1487
1420
13BA
1355
12F2
1290
1231
11D5
117D
1128
10D6
108A
1041
0FFE
0FC0
0F87
0F53
0F25
0EFD
0EDC
0EC0
0EAA
0E9B
0E92
0E8F
0E93
0E9C
0EAC
0EC1
0EDC
0EFD
0F23
0F4E
0F7E
0FB3
0FEC
1029
106A
10AD
10F4
113D
1188
11D6
1226
1276
12C6
1316
1365
13B3
13FF
1449
1490
14D4
1514
1551
1588
15BB
15E8
160F
1630
164B
165E
166A
166F
166B
165F
164B
162F
1609
15DA
15A3
1562
1518
14C4
1467
1402
1392
131A
1299
120E
117C
10E0
103C
0F91
0EDE
0E23
0D61
0C99
0BCB
0AF7
0A1E
0940
085D
0777
068E
05A2
04B4
03C4
02D3
01E2
00F1
0001
FF12
FE25
FD3A
FC53
FB6E
FA8D
F9B2
F8DB
F80A
F740
F67C
F5C0
F50C
F460
F3BC
F322
F291
F20A
F18E
F11B
F0B3
F056
F004
EFBD
EF81
EF51
EF2C
EF12
EF04
EF01
EF09
EF1C
EF39
EF61
EF94
EFD0
F014
F062
F0B8
F117
F17D
F1EB
F25F
F2DA
F35A
F3E0
F469
F4F7
F588
F61B
F6B0
F746
F7DD
F874
F909
F99D
FA2E
FABD
FB47
FBCD
FC4E
FCC9
FD3D
FDAA
FE0F
FE6B
FEBF
FF09
FF47
FF7B
FFA3
FFBF
FFCF
FFD3
FFC9
FFB2
FF8D
FF5A
FF18
FEC9
FE6A
FDFD
FD82
FCF7
FC5E
FBB6
FAFF
FA3A
F967
F885
F796
F699
F58F
F479
F356
F227
F0ED
EFA8
EE58
ECFF
EB9C
EA31
E8BE
E743
E5C3
E43D
E2B2
E124
DF92
DDFE
DC69
DAD3
D93D
D7A9
D617
D487
D2FC
D175
CFF4
CE7A
CD07
CB9B
CA39
C8E1
C793
C651
C51B
C3F1
C2D5
C1C8
C0C9
BFD9
BEF9
BE2A
BD6C
BCBF
BC24
BB9C
BB25
BAC2
BA72
BA35
BA0B
B9F6
B9F3
BA05
BA2A
BA63
BAAF
BB0F
BB81
BC07
BCA0
BD4B
BE07
BED6
BFB6
C0A6
C1A7
C2B7
C3D6
C504
C640
C788
C8DE
CA40
CBAD
CD24
CEA4
D02E
D1BF
D357
D4F5
D699
D841
D9EC
DB9A
DD4A
DEFB
E0AB
E25A
E408
E5B3
E75A
E8FC
EA9A
EC31
EDC1
EF4A
F0CA
F241
F3AE
F510
F667
F7B3
F8F2
FA24
FB49
FC60
FD68
FE63
FF4E
002A
00F7
01B3
0260
02FD
0389
0406
0472
04CD
0519
0554
057F
059B
05A6
05A3
0590
056E
053F
0501
04B5
045D
03F8
0387
030A
0282
01F1
0154
00AF
0001
FF4B
FE8F
FDCD
FD05
FC39
FB68
FA95
F9BF
F8E8
F810
F739
F662
F58C
F4BA
F3EA
F31E
F257
F196
F0DA
F026
EF79
EED4
EE38
EDA5
ED1C
EC9E
EC2B
EBC3
EB67
EB17
EAD4
EA9D
EA74
EA59
EA4C
EA4E
EA5D
EA7C
EAA9
EAE4
EB2F
EB88
EBF0
EC66
ECEB
ED7E
EE1F
EECE
EF8B
F055
F12C
F20F
F2FE
F3FA
F500
F611
F72C
F851
F97F
FAB5
FBF4
FD39
FE84
FFD6
012D
0288
03E8
054A
06B0
0817
097F
0AE7
0C50
0DB7
0F1C
107F
11DF
133B
1493
15E6
1732
1879
19B8
1AF0
1C20
1D47
1E66
1F7A
2085
2185
227A
2364
2443
2516
25DD
2698
2746
27E8
287C
2905
2980
29EE
2A50
2AA5
2AED
2B28
2B57
2B7A
2B91
2B9C
2B9B
2B90
2B79
2B58
2B2D
2AF9
2ABB
2A74
2A24
29CD
296F
290A
289E
282D
27B6
273B
26BC
263A
25B4
252C
24A2
2416
2389
22FC
2270
21E4
2159
20CF
2048
1FC3
1F42
1EC3
1E49
1DD2
1D60
1CF3
1C8A
1C27
1BC9
1B71
1B1F
1AD3
1A8D
1A4D
1A13
19DF
19B1
1989
1967
194A
1933
1922
1916
190F
190C
190E
1915
191E
192C
193C
194F
1964
197B
1993
19AC
19C5
19DE
19F7
1A0E
1A24
1A37
1A48
1A55
1A5F
1A65
1A66
1A61
1A57
1A47
1A2F
1A10
19EA
19BC
1985
1945
18FD
18AB
184F
17EA
177B
1701
167D
15EF
1556
14B2
1405
134C
1289
11BC
10E5
1004
0F19
0E25
0D27
0C21
0B12
09FB
08DC
07B6
068A
0557
0420
02E4
01A3
005D
FF15
FDC9
FC7C
FB2D
F9DD
F88D
F73D
F5EF
F4A3
F35A
F215
F0D4
EF98
EE62
ED32
EC0A
EAEA
E9D3
E8C4
E7C0
E6C7
E5D9
E4F6
E421
E358
E29C
E1EF
E14F
E0C1
E042
DFD2
DF71
DF21
DEE0
DEB0
DE90
DE80
DE81
DE92
DEB4
DEE6
DF28
DF7A
DFDB
E04D
E0CD
E15D
E1FB
E2A7
E361
E429
E4FD
E5DD
E6C9
E7C0
E8C1
E9CD
EAE1
EBFE
ED23
EE4F
EF81
F0B9
F1F6
F337
F47B
F5C1
F709
F852
F99B
FAE4
FC2B
FD70
FEB2
FFF0
012A
0260
038F
04B8
05DB
06F5
0808
0912
0A13
0B0B
0BF9
0CDC
0DB4
0E81
0F43
0FFA
10A4
1143
11D6
125C
12D6
1344
13A6
13FB
1444
1480
14B1
14D5
14EE
14FC
14FE
14F5
14E2
14C4
149D
146B
1431
13EE
13A2
134F
12F4
1292
122A
11BC
1148
10D0
1053
0FD2
0F4D
0EC8
0E40
0DB7
0D2C
0CA0
0C13
0B87
0AFB
0A6F
09E5
095D
08D6
0852
07D0
0751
06D6
065D
05E8
0577
050A
04A1
043D
03DC
0380
0328
02D5
0286
023C
01F6
01B4
0177
013D
0109
00D7
00AA
0080
005A
0036
0016
FFF8
FFDC
FFC3
FFAC
FF97
FF83
FF70
FF5E
FF4E
FF3D
FF2D
FF1D
FF0E
FEFD
FEED
FEDB
FEC9
FEB6
FEA2
FE8D
FE76
FE5E
FE45
FE2A
FE0E
FDEF
FDCF
FDAD
FD8A
FD66
FD41
FD1C
FCF5
FCCE
FCA6
FC7F
FC57
FC2F
FC08
FBE2
FBBD
FB99
FB77
FB57
FB39
FB1E
FB05
FAF0
FADF
FAD1
FAC8
FAC3
FAC3
FAC8
FAD3
FAE4
FAFB
FB17
FB3B
FB65
FB96
FBD0
FC10
FC59
FCAA
FD03
FD64
FDCE
FE3F
FEB9
FF3C
FFC7
0059
00F4
0197
0241
02F3
03AC
046B
0532
05FE
06D1
07A9
0886
0967
0A4D
0B36
0C22
0D10
0E00
0EF0
0FE2
10D3
11C5
12B4
13A2
148E
1576
165B
173B
1815
18EA
19B9
1A80
1B3F
1BF6
1CA4
1D48
1DE2
1E71
1EF5
1F6D
1FD8
2037
2089
20CE
2104
212D
2147
2152
214F
213D
211B
20EB
20AB
205D
2000
1F94
1F19
1E90
1DF9
1D54
1CA1
1BE1
1B15
1A3C
1957
1867
176C
1667
1558
1440
1320
11F9
10CB
0F97
0E5D
0D1F
0BDD
0A99
0952
080A
06C2
057C
0438
02F6
01B7
007C
FF46
FE15
FCEA
FBC6
FAAA
F996
F88B
F78A
F692
F5A5
F4C4
F3ED
F323
F265
F1B3
F10F
F078
EFED
EF71
EF01
EEA0
EE4C
EE05
EDCC
ED9F
ED80
ED6E
ED6A
ED72
ED86
EDA5
EDCF
EE04
EE42
EE89
EED9
EF31
EF91
EFF7
F063
F0D5
F14A
F1C4
F240
F2BF
F33F
F3C0
F440
F4C0
F53D
F5B9
F630
F6A4
F713
F77C
F7DF
F83C
F890
F8DD
F920
F95A
F98A
F9B0
F9CB
F9DB
F9DF
F9D7
F9C3
F9A3
F977
F93D
F8F8
F8A6
F847
F7DC
F765
F6E2
F653
F5B9
F513
F463
F3A9
F2E6
F219
F144
F066
EF82
EE97
EDA6
ECB0
EBB6
EAB8
E9B8
E8B5
E7B2
E6AF
E5AC
E4AB
E3AD
E2B2
E1BC
E0CA
DFDF
DEFA
DE1D
DD48
DC7D
DBBB
DB04
DA58
D9B9
D925
D89F
D827
D7BC
D761
D714
D6D7
D6A9
D68B
D67D
D680
D693
D6B7
D6EB
D730
D785
D7EB
D860
D8E5
D97A
DA1D
DAD0
DB90
DC5E
DD39
DE21
DF14
E013
E11C
E22F
E34B
E46E
E59A
E6CB
E803
E93F
EA7F
EBC1
ED06
EE4C
EF92
F0D8
F21B
F35D
F49B
F5D4
F709
F837
F960
FA80
FB99
FCA9
FDAF
FEAC
FF9E
0085
0160
022F
02F2
03A8
0451
04ED
057B
05FC
066F
06D5
072D
0777
07B4
07E3
0806
081C
0825
0823
0815
07FB
07D7
07A9
0772
0731
06E8
0697
063F
05E1
057D
0514
04A6
0435
03C1
034A
02D3
025A
01E2
016B
00F5
0081
000F
FFA2
FF38
FED3
FE73
FE18
FDC4
FD77
FD30
FCF1
FCBA
FC8A
FC65
FC48
FC34
FC29
FC26
FC2C
FC3B
FC52
FC71
FC99
FCC9
FCFF
FD3D
FD82
FDCD
FE1D
FE73
FECD
FF2B
FF8C
FFF0
0055
00BB
0122
0187
01EC
024E
02AD
0308
035E
03AF
03F9
043C
0477
04A8
04D0
04EE
0500
0507
0501
04EE
04CE
049F
0461
0414
03B8
034C
02CF
0242
01A4
00F6
0037
FF67
FE86
FD95
FC93
FB82
FA60
F92F
F7F0
F6A2
F546
F3DD
F268
F0E4
EF56
EDBE
EC1D
EA74
E8C3
E70D
E552
E394
E1D3
E010
DE4E
DC8D
DACE
D913
D75D
D5AE
D406
D268
D0D3
CF4A
CDCE
CC60
CB01
C9B3
C876
C74C
C635
C534
C448
C372
C2B4
C20E
C180
C10C
C0B2
C073
C04F
C046
C059
C088
C0D3
C13A
C1BD
C25C
C316
C3EC
C4DD
C5E8
C70D
C84C
C9A3
CB11
CC97
CE32
CFE3
D1A7
D37E
D567
D760
D968
DB7E
DDA0
DFCC
E203
E442
E687
E8D0
EB1D
ED6B
EFB9
F206
F44F
F694
F8D2
FB08
FD35
FF57
016D
0374
056D
0755
092B
0AEF
0C9E
0E38
0FBB
1127
127C
13B7
14D8
15DF
16CC
179D
1852
18EA
1967
19C6
1A09
1A30
1A3A
1A28
19FB
19B2
194D
18CF
1837
1786
16BD
15DC
14E6
13DA
12BA
1187
1043
0EEE
0D89
0C17
0A99
0910
077D
05E2
0440
029A
00F0
FF44
FD98
FBED
FA44
F89F
F6FF
F566
F3D5
F24E
F0D2
EF62
EE00
ECAC
EB67
EA34
E912
E803
E707
E620
E54D
E491
E3EA
E359
E2E0
E27E
E233
E200
E1E4
E1DF
E1F2
E21B
E25C
E2B2
E31E
E39F
E436
E4E0
E59D
E66C
E74B
E83B
E939
EA45
EB5D
EC81
EDAE
EEE4
F021
F165
F2AD
F3F8
F545
F692
F7DD
F927
FA6C
FBAC
FCE5
FE16
FF3E
005B
016B
026F
0364
0449
051E
05E1
0693
0731
07BA
082F
088E
08D6
0908
0922
0925
0910
08E2
089D
083F
07C9
073B
0696
05D9
0505
041A
031A
0205
00DB
FF9E
FE4E
FCEC
FB7A
F9F8
F867
F6CA
F520
F36C
F1AF
EFEA
EE1F
EC4F
EA7C
E8A7
E6D2
E4FE
E32D
E160
DF9A
DDDA
DC24
DA79
D8D9
D747
D5C3
D450
D2EF
D1A0
D065
CF40
CE31
CD39
CC59
CB93
CAE7
CA55
C9E0
C986
C949
C928
C926
C940
C978
C9CE
CA42
CAD3
CB82
CC4E
CD37
CE3D
CF5E
D09B
D1F3
D364
D4EF
D691
D84B
DA1B
DC00
DDF9
E004
E221
E44E
E68A
E8D3
EB27
ED86
EFEE
F25E
F4D3
F74C
F9C8
FC45
FEC1
013B
03B1
0623
088D
0AF0
0D49
0F97
11D9
140D
1632
1847
1A4B
1C3B
1E19
1FE1
2194
2331
24B6
2623
2778
28B3
29D4
2ADB
2BC7
2C98
2D4E
2DE9
2E68
2ECC
2F15
2F42
2F55
2F4D
2F2B
2EF0
2E9B
2E2D
2DA8
2D0B
2C58
2B8F
2AB1
29C0
28BC
27A6
267F
2548
2404
22B1
2153
1FEA
1E76
1CFB
1B78
19EF
1861
16D0
153C
13A8
1213
1080
0EEF
0D62
0BDB
0A59
08DF
076C
0601
04A1
034A
0200
00C1
FF90
FE6C
FD57
FC50
FB5A
FA73
F99D
F8D8
F825
F783
F6F3
F675
F60A
F5B1
F56A
F535
F513
F503
F504
F518
F53C
F572
F5B8
F610
F677
F6EE
F773
F806
F8A7
F954
FA0D
FAD1
FBA1
FC7A
FD5C
FE46
FF38
0031
0130
0234
033C
0448
0556
0667
0778
088A
099C
0AAC
0BBB
0CC6
0DCF
0ED3
0FD3
10CD
11C2
12B0
1398
1478
1550
161F
16E6
17A3
1857
1900
199F
1A34
1ABD
1B3B
1BAD
1C14
1C6E
1CBD
1D00
1D36
1D60
1D7E
1D90
1D95
1D8F
1D7C
1D5D
1D33
1CFD
1CBB
1C6E
1C16
1BB4
1B47
1AD0
1A4F
19C5
1931
1895
17F0
1743
168D
15D1
150D
1443
1373
129C
11C0
10E0
0FFA
0F11
0E24
0D33
0C3F
0B49
0A51
0958
085C
0760
0664
0567
046B
0370
0275
017C
0085
FF8F
FE9D
FDAC
FCBF
FBD5
FAEF
FA0D
F92F
F856
F781
F6B2
F5E9
F525
F467
F3AF
F2FE
F254
F1B1
F115
F081
EFF4
EF70
EEF3
EE7F
EE13
EDB0
ED55
ED04
ECBB
EC7C
EC46
EC19
EBF5
EBDB
EBCA
EBC3
EBC5
EBD1
EBE6
EC05
EC2D
EC5F
EC9A
ECDE
ED2C
ED82
EDE1
EE49
EEB9
EF32
EFB2
F03B
F0CB
F162
F201
F2A6
F352
F404
F4BC
F579
F63C
F703
F7CF
F89F
F973
FA4A
FB24
FC00
FCDF
FDBE
FE9F
FF81
0063
0145
0226
0306
03E4
04C1
059B
0672
0746
0817
08E3
09AB
0A6F
0B2D
0BE5
0C98
0D44
0DEA
0E89
0F21
0FB2
103B
10BC
1136
11A8
1212
1272
12CA
1319
135F
139C
13CF
13FA
141D
1436
1446
144E
144E
1445
1435
141C
13FC
13D5
13A7
1372
1337
12F6
12B0
1264
1214
11BF
1167
110B
10AC
104A
0FE7
0F82
0F1B
0EB4
0E4C
0DE5
0D7E
0D18
0CB4
0C51
0BF0
0B93
0B38
0AE0
0A8C
0A3C
09F0
09A9
0967
0929
08F1
08BE
0891
0869
0847
082B
0814
0803
07F8
07F3
07F4
07FA
0803
0812
0826
083F
085D
087E
08A4
08CE
08FA
092A
095C
0990
09C6
09FC
0A34
0A6C
0AA3
0AD9
0B0E
0B41
0B71
0B9F
0BC8
0BEE
0C0F
0C2B
0C41
0C50
0C59
0C5B
0C55
0C47
0C2F
0C0E
0BE4
0BAF
0B71
0B29
0AD6
0A79
0A11
099D
091F
0896
0802
0762
06B8
0603
0543
0478
03A4
02C5
01DD
00EB
FFF1
FEEE
FDE3
FCD0
FBB7
FA97
F971
F846
F717
F5E4
F4AE
F375
F23A
F0FF
EFC4
EE89
ED4F
EC18
EAE5
E9B5
E889
E764
E645
E52D
E41D
E316
E218
E125
E03D
DF61
DE91
DDCE
DD19
DC72
DBDA
DB52
DAD9
DA70
DA19
D9D2
D99C
D978
D966
D966
D978
D99D
D9D3
DA1C
DA76
DAE3
DB61
DBF0
DC91
DD42
DE03
DED5
DFB5
E0A5
E1A2
E2AD
E3C5
E4E9
E618
E752
E896
E9E3
EB37
EC93
EDF5
EF5D
F0C9
F238
F3AA
F51E
F691
F804
F976
FAE6
FC53
FDBC
FF1F
007D
01D5
0325
046D
05AB
06E0
080A
092A
0A3D
0B44
0C3E
0D2A
0E09
0ED9
0F9B
104D
10F0
1184
1208
127C
12E1
1335
137A
13AF
13D5
13EB
13F2
13EA
13D4
13AF
137D
133E
12F2
129A
1237
11C9
1150
10CE
1043
0FB0
0F15
0E74
0DCE
0D22
0C71
0BBE
0B08
0A50
0997
08DD
0825
076D
06B8
0606
0557
04AC
0407
0368
02CF
023D
01B3
0130
00B5
0044
FFDB
FF7B
FF26
FEDA
FE99
FE62
FE35
FE13
FDFB
FDEE
FDEC
FDF4
FE06
FE22
FE48
FE77
FEB0
FEF1
FF3B
FF8C
FFE5
0046
00AC
0119
018B
0202
027E
02FE
0380
0405
048B
0512
0599
061F
06A5
0729
07AA
0828
08A2
0918
0989
09F5
0A5A
0AB9
0B10
0B60
0BA9
0BE8
0C20
0C4E
0C73
0C8E
0CA0
0CA8
0CA6
0C9A
0C84
0C65
0C3C
0C0A
0BCE
0B89
0B3B
0AE5
0A87
0A20
09B3
093F
08C4
0844
07BE
0734
06A5
0614
057F
04E9
0451
03B9
0321
028A
01F5
0162
00D3
0047
FFC0
FF3F
FEC4
FE4F
FDE3
FD7F
FD23
FCD2
FC8B
FC4E
FC1D
FBF8
FBDF
FBD3
FBD4
FBE3
FBFF
FC29
FC61
FCA8
FCFD
FD60
FDD2
FE52
FEDF
FF7B
0025
00DC
01A0
0270
034D
0435
0529
0627
072F
0840
095A
0A7A
0BA2
0CD0
0E04
0F3B
1077
11B4
12F3
1433
1573
16B1
17ED
1926
1A5A
1B89
1CB1
1DD3
1EEC
1FFC
2102
21FD
22EC
23CF
24A4
256A
2622
26CB
2763
27EA
285F
28C3
2915
2953
297F
2997
299C
298D
296A
2934
28E9
288B
281A
2794
26FC
2651
2593
24C3
23E1
22EE
21EB
20D8
1FB6
1E85
1D46
1BFB
1AA3
1941
17D4
165D
14DF
1359
11CD
103C
0EA6
0D0F
0B76
09DC
0843
06AA
0514
0382
01F4
006B
FEE9
FD6E
FBFB
FA92
F933
F7E0
F698
F55C
F42E
F30E
F1FD
F0FB
F009
EF27
EE56
ED96
ECE7
EC4A
EBBF
EB46
EADF
EA8A
EA48
EA1A
E9FD
E9F3
E9FA
EA12
EA3B
EA74
EABE
EB17
EB7E
EBF5
EC79
ED0A
EDA7
EE50
EF04
EFC2
F089
F159
F230
F30F
F3F2
F4DB
F5C8
F6B8
F7AA
F89D
F991
FA85
FB77
FC66
FD53
FE3D
FF22
0001
00DA
01AC
0277
0339
03F2
04A1
0546
05E0
066F
06F2
0769
07D3
0831
0881
08C5
08FA
0923
093D
094A
0949
093A
091E
08F5
08BE
087B
082A
07CE
0765
06F1
0672
05E8
0555
04B7
0411
0362
02AB
01ED
0128
005C
FF8B
FEB5
FDDB
FCFD
FC1C
FB38
FA52
F96B
F884
F79D
F6B6
F5D0
F4EB
F409
F32A
F24E
F176
F0A2
EFD2
EF07
EE42
ED83
ECC9
EC16
EB6A
EAC5
EA26
E98F
E900
E878
E7F7
E77E
E70D
E6A4
E642
E5E8
E596
E54B
E508
E4CB
E496
E468
E440
E41F
E404
E3EF
E3DF
E3D5
E3D0
E3D0
E3D4
E3DD
E3E9
E3F9
E40C
E421
E439
E453
E46F
E48D
E4AD
E4CD
E4EF
E512
E535
E559
E57D
E5A2
E5C6
E5EA
E60E
E632
E655
E679
E69C
E6BE
E6E0
E702
E724
E746
E768
E78A
E7AC
E7CF
E7F2
E816
E83B
E861
E888
E8B0
E8DB
E907
E936
E967
E99B
E9D1
EA0B
EA48
EA88
EACC
EB14
EB5F
EBAF
EC03
EC5C
ECB9
ED1A
ED80
EDEB
EE5A
EECE
EF47
EFC5
F047
F0CE
F159
F1E8
F27C
F314
F3B1
F451
F4F4
F59B
F644
F6F0
F79D
F84D
F8FE
F9AF
FA61
FB13
FBC5
FC75
FD24
FDD1
FE7C
FF24
FFC8
0068
0103
0199
022A
02B4
0338
03B4
0429
0495
04F9
0554
05A5
05EC
0629
065B
0682
069E
06AF
06B3
06AB
0697
0676
0649
060F
05C8
0575
0514
04A7
042E
03A8
0315
0277
01CC
0116
0055
FF89
FEB3
FDD2
FCE8
FBF5
FAF9
F9F5
F8EA
F7D8
F6BE
F59E
F47A
F352
F226
F0F8
EFC8
EE97
ED65
EC33
EB03
E9D4
E8A8
E77F
E65A
E539
E41E
E309
E1FB
E0F4
DFF5
DEFF
DE11
DD2E
DC54
DB85
DAC1
DA09
D95C
D8BB
D827
D79F
D724
D6B5
D654
D600
D5B9
D57F
D552
D533
D520
D51A
D520
D533
D552
D57C
D5B1
D5F1
D63B
D690
D6ED
D753
D7C1
D837
D8B3
D936
D9BE
DA4B
DADC
DB70
DC08
DCA1
DD3B
DDD6
DE71
DF0B
DFA4
E03A
E0CC
E15B
E1E6
E26B
E2EB
E365
E3D8
E444
E4A8
E504
E557
E5A1
E5E2
E61A
E648
E66C
E686
E696
E69C
E697
E689
E670
E64E
E621
E5EC
E5AD
E565
E514
E4BC
E45C
E3F5
E388
E314
E29B
E21D
E19B
E115
E08C
E001
DF75
DEE9
DE5C
DDD1
DD47
DCC0
DC3D
DBBE
DB43
DACF
DA61
D9FB
D99D
D948
D8FD
D8BC
D886
D85C
D83F
D82F
D82C
D838
D853
D87D
D8B7
D900
D95A
D9C4
DA3E
DAC9
DB65
DC12
DCD0
DD9E
DE7D
DF6C
E06B
E17A
E298
E3C6
E501
E64B
E7A2
E906
EA76
EBF1
ED77
EF07
F09F
F240
F3E8
F596
F749
F902
FABE
FC7D
FE3D
FFFC
01BB
0378
0532
06E7
0897
0A40
0BE2
0D7B
0F0B
1090
120A
1376
14D5
1626
1767
1898
19B8
1AC6
1BC2
1CAA
1D7F
1E3F
1EEA
1F80
2000
206A
20BE
20FB
2122
2132
212B
210C
20D7
208B
2028
1FAE
1F1F
1E79
1DBF
1CEF
1C0C
1B14
1A0A
18ED
17BF
1680
1531
13D2
1266
10ED
0F67
0DD6
0C3B
0A96
08EA
0736
057D
03BF
01FD
003A
FE75
FCAF
FAEA
F928
F768
F5AC
F3F6
F245
F09C
EEFB
ED63
EBD5
EA53
E8DC
E772
E615
E4C7
E387
E257
E138
E029
DF2B
DE3F
DD65
DC9E
DBE9
DB48
DABA
DA3F
D9D7
D984
D944
D918
D8FF
D8F9
D907
D926
D959
D99D
D9F2
DA59
DAD0
DB58
DBEE
DC94
DD48
DE0A
DED9
DFB4
E09B
E18C
E288
E38D
E49A
E5AF
E6CB
E7ED
E915
EA41
EB71
ECA4
EDD9
EF10
F048
F180
F2B8
F3EF
F523
F655
F784
F8AE
F9D4
FAF5
FC11
FD26
FE35
FF3D
003D
0136
0226
030E
03EE
04C4
0591
0655
0710
07C1
0868
0906
099A
0A24
0AA5
0B1D
0B8B
0BF0
0C4D
0CA1
0CED
0D30
0D6B
0D9E
0DCA
0DEF
0E0C
0E24
0E35
0E40
0E46
0E47
0E43
0E3B
0E2F
0E1F
0E0B
0DF5
0DDD
0DC1
0DA4
0D86
0D66
0D45
0D23
0D00
0CDD
0CBA
0C97
0C74
0C51
0C2E
0C0C
0BEA
0BC8
0BA7
0B87
0B67
0B48
0B29
0B0B
0AEE
0AD1
0AB4
0A97
0A7B
0A5F
0A43
0A26
0A09
09EB
09CD
09AD
098D
096B
0947
0921
08F9
08CF
08A2
0873
0840
0809
07CF
0790
074D
0706
06BA
0669
0612
05B7
0556
04F0
0484
0412
039A
031D
0299
0210
0180
00EB
004F
FFAE
FF07
FE5A
FDA8
FCF0
FC33
FB71
FAAB
F9DF
F90F
F83B
F763
F68A
F5AD
F4CE
F3EC
F308
F222
F13A
F051
EF68
EE7E
ED95
ECAB
EBC3
EADC
E9F7
E914
E833
E755
E67B
E5A5
E4D2
E405
E33C
E278
E1BB
E103
E052
DFA8
DF06
DE6A
DDD7
DD4B
DCCC
DC55
DBE8
DB84
DB29
DAD8
DA90
DA53
DA1F
D9F6
D9D6
D9C1
D9B6
D9B6
D9C0
D9D4
D9F2
DA1A
DA4C
DA88
DACE
DB1D
DB76
DBD8
DC42
DCB6
DD32
DDB6
DE43
DED7
DF72
E015
E0BF
E170
E226
E2E3
E3A5
E46C
E537
E607
E6DB
E7B2
E88C
E968
EA47
EB28
EC0A
ECEE
EDD2
EEB6
EF9A
F07D
F160
F242
F321
F3FF
F4DB
F5B4
F689
F75C
F82B
F8F6
F9BC
FA7E
FB3A
FBF1
FCA3
FD4F
FDF6
FE96
FF30
FFC4
0051
00D7
0156
01CE
023F
02A8
030A
0364
03B5
03FF
0441
047B
04AC
04D5
04F6
050E
051E
0525
0524
051A
0508
04ED
04CA
049F
046C
0430
03EC
03A0
034C
02F0
028D
0221
01AF
0134
00B3
002A
FF9A
FF04
FE67
FDC3
FD19
FC69
FBB4
FAF9
FA38
F973
F8A8
F7D9
F706
F62F
F554
F476
F395
F2B1
F1CA
F0E2
EFFA
EF10
EE25
ED39
EC4E
EB62
EA78
E98E
E8A7
E7C1
E6DE
E5FE
E521
E449
E375
E2A6
E1DD
E11A
E05D
DFA8
DEFA
DE54
DDB7
DD23
DC99
DC19
DBA4
DB39
DADA
DA88
DA41
DA08
D9DC
D9BD
D9AC
D9A9
D9B5
D9D0
D9FB
DA35
DA7F
DAD8
DB42
DBBD
DC48
DCE4
DD91
DE4E
DF1D
DFFC
E0EC
E1ED
E2FF
E421
E553
E696
E7E8
E94A
EABB
EC3B
EDC9
EF65
F10F
F2C6
F488
F656
F82F
FA13
FC00
FDF7
FFF5
01FB
0408
061A
0830
0A4B
0C68
0E88
10A8
12C7
14E6
1703
191C
1B30
1D3F
1F48
2149
2341
252F
2713
28EA
2AB4
2C70
2E1D
2FB9
3145
32BF
3425
3578
36B6
37DE
38EF
39E9
3ACB
3B94
3C43
3CD8
3D53
3DB2
3DF5
3E1C
3E26
3E14
3DE4
3D96
3D2B
3CA3
3BFC
3B38
3A56
3957
383A
3701
35AB
3439
32AA
3101
2F3D
2D60
2B69
295A
2734
24F6
22A3
203B
1DBF
1B31
1891
15E0
1321
1053
0D78
0A92
07A3
04AA
01AA
FEA4
FB99
F88C
F57C
F26D
EF5F
EC53
E94C
E64B
E350
E05E
DD76
DA99
D7C9
D507
D255
CFB4
CD24
CAA8
C83F
C5EC
C3B0
C18A
BF7E
BD8A
BBB0
B9F1
B84E
B6C7
B55D
B411
B2E2
B1D1
B0DF
B00C
AF58
AEC3
AE4E
ADF7
ADC0
ADA7
ADAD
ADD2
AE14
AE75
AEF2
AF8D
B044
B116
B202
B309
B427
B55E
B6AB
B80F
B987
BB12
BCB1
BE60
C020
C1EF
C3CC
C5B5
C7AA
C9A8
CBAF
CDBE
CFD2
D1EB
D407
D625
D844
DA62
DC7E
DE97
E0AC
E2BB
E4C3
E6C3
E8BA
EAA7
EC89
EE5E
F026
F1DF
F38A
F525
F6AF
F827
F98E
FAE3
FC24
FD52
FE6D
FF73
0065
0142
020B
02BF
035F
03EA
0460
04C3
0511
054C
0573
0587
0589
0579
0558
0527
04E5
0494
0434
03C7
034D
02C7
0235
019A
00F5
0048
FF94
FED9
FE19
FD55
FC8D
FBC4
FAF9
FA2E
F964
F89B
F7D6
F714
F657
F5A0
F4EF
F446
F3A5
F30D
F27E
F1FB
F183
F117
F0B9
F067
F023
EFED
EFC6
EFAE
EFA5
EFAB
EFC0
EFE6
F01B
F060
F0B4
F118
F18C
F20F
F2A0
F341
F3EF
F4AB
F575
F64B
F72E
F81C
F915
FA19
FB26
FC3C
FD5A
FE7F
FFAA
00DC
0212
034C
0489
05C8
0707
0847
0985
0AC2
0BFC
0D31
0E63
0F8E
10B3
11D1
12E6
13F2
14F5
15EC
16D8
17B8
188B
1951
1A09
1AB2
1B4B
1BD6
1C50
1CB9
1D12
1D5A
