FD7E
FD77
FD72
FD70
FD6F
FD72
FD76
FD7D
FD87
FD93
FDA1
FDB3
FDC6
FDDC
FDF5
FE10
FE2E
FE4D
FE6F
FE93
FEB9
FEE0
FF0A
FF34
FF61
FF8E
FFBC
FFEB
001B
004B
007B
00AC
00DB
010B
013A
0168
0194
01BF
01E8
020F
0234
0255
0275
0290
02A9
02BE
02CE
02DB
02E3
02E7
02E6
02E0
02D5
02C4
02AE
0292
0270
0248
021A
01E7
01AD
016D
0126
00DA
0087
002D
FFCE
FF68
FEFC
FE8B
FE14
FD98
FD16
FC8F
FC04
FB74
FAE0
FA48
F9AD
F90E
F86D
F7C9
F723
F67C
F5D3
F52A
F481
F3D8
F32F
F288
F1E2
F13F
F09E
F001
EF67
EED1
EE3F
EDB3
ED2C
ECAB
EC30
EBBC
EB50
EAEB
EA8E
EA39
E9ED
E9AA
E971
E941
E91B
E8FE
E8EC
E8E4
E8E7
E8F4
E90C
E92E
E95A
E992
E9D3
EA1F
EA74
EAD4
EB3D
EBAF
EC2A
ECAF
ED3B
EDD0
EE6C
EF0F
EFB8
F068
F11D
F1D7
F296
F358
F41D
F4E5
F5AF
F679
F744
F80F
F8DA
F9A2
FA69
FB2C
FBEC
FCA7
FD5E
FE0E
FEB9
FF5D
FFF9
008D
0119
019C
0215
0284
02E8
0341
038F
03D1
0408
0432
044F
0460
0465
045C
0447
0425
03F6
03BB
0373
031E
02BD
0251
01D9
0155
00C7
002E
FF8C
FEE0
FE2B
FD6D
FCA8
FBDB
FB09
FA30
F952
F86F
F789
F69F
F5B3
F4C5
F3D7
F2E8
F1FB
F10F
F025
EF3F
EE5D
ED7F
ECA7
EBD5
EB0B
EA48
E98D
E8DB
E832
E794
E701
E678
E5FC
E58B
E527
E4D0
E486
E44A
E41B
E3FA
E3E7
E3E1
E3EA
E400
E424
E455
E494
E4E0
E539
E59F
E612
E690
E71A
E7B0
E850
E8FA
E9AE
EA6A
EB2F
EBFC
ECCF
EDA8
EE87
EF6B
F052
F13D
F229
F317
F406
F4F4
F5E2
F6CD
F7B5
F89A
F97B
FA55
FB2A
FBF7
FCBD
FD7B
FE30
FEDB
FF7C
0012
009D
011C
018E
01F4
024C
0297
02D3
0302
0322
0334
0337
032C
0312
02E9
02B2
026D
0219
01B7
0148
00CC
0042
FFAD
FF0B
FE5D
FDA5
FCE2
FC16
FB41
FA63
F97E
F893
F7A1
F6AA
F5AF
F4B1
F3B0
F2AD
F1AA
F0A6
EFA4
EEA4
EDA6
ECAD
EBB8
EAC8
E9DF
E8FD
E822
E751
E689
E5CC
E519
E472
E3D7
E349
E2C8
E255
E1EF
E199
E152
E11A
E0F2
E0DA
E0D3
E0DB
E0F5
E11F
E159
E1A4
E1FF
E26B
E2E7
E372
E40E
E4B8
E571
E638
E70E
E7F0
E8E0
E9DC
EAE3
EBF5
ED11
EE37
EF66
F09C
F1D8
F31A
F462
F5AE
F6FD
F850
F9A4
FAF9
FC4E
FDA3
FEF5
0046
0193
02DC
041F
055D
0695
07C5
08ED
0A0C
0B22
0C2E
0D2F
0E25
0F0F
0FED
10BE
1182
1239
12E2
137D
1409
1487
14F6
1556
15A7
15E9
161C
1641
1656
165E
1656
1641
161E
15ED
15AE
1563
150C
14A9
143A
13BF
133B
12AC
1215
1174
10CB
101B
0F64
0EA6
0DE3
0D1B
0C4F
0B80
0AAD
09D9
0904
082D
0757
0681
05AC
04D9
0408
033B
0271
01AC
00EB
0030
FF7B
FECD
FE25
FD85
FCEC
FC5C
FBD4
FB56
FAE0
FA74
FA12
F9BA
F96B
F927
F8EE
F8BF
F89A
F881
F871
F86C
F871
F881
F89B
F8BF
F8EC
F924
F965
F9AF
FA03
FA5F
FAC4
FB32
FBA7
FC25
FCA9
FD35
FDC8
FE61
FF00
FFA5
0050
0100
01B4
026D
032A
03EA
04AE
0575
063F
070A
07D8
08A8
0979
0A4B
0B1D
0BF1
0CC4
0D97
0E6A
0F3B
100C
10DC
11AA
1276
1341
1409
14CF
1592
1653
1710
17CB
1882
1935
19E5
1A92
1B3A
1BDE
1C7F
1D1B
1DB2
1E46
1ED4
1F5E
1FE5
2068
20E5
215E
21D2
2240
22AA
230E
236E
23C7
241C
246B
24B4
24F7
2535
256D
25A0
25CC
25F2
2612
262C
2640
264D
2654
2655
264F
2643
2630
2616
25F6
25D0
25A3
2570
2537
24F7
24B1
2464
2410
23B6
2356
22F0
2283
2211
2199
211B
2097
200F
1F81
1EEE
1E57
1DBB
1D1C
1C78
1BD1
1B28
1A7B
19CC
191B
1868
17B4
16FF
1649
1594
14DF
142B
1378
12C7
1218
116C
10C3
101D
0F7C
0EDF
0E47
0DB5
0D29
0CA3
0C24
0BAC
0B3C
0AD4
0A75
0A1F
09D1
098E
0954
0925
0900
08E5
08D6
08D2
08D9
08EC
090A
0934
0969
09AB
09F8
0A51
0AB5
0B25
0B9F
0C25
0CB6
0D51
0DF6
0EA5
0F5E
101F
10EA
11BC
1295
1376
145D
154A
163D
1733
182E
192C
1A2D
1B2F
1C32
1D36
1E39
1F3B
203B
2138
2232
2328
241A
2505
25EA
26C8
279D
286A
292D
29E6
2A94
2B37
2BCE
2C59
2CD6
2D47
2DA9
2DFD
2E42
2E79
2EA0
2EB8
2EC0
2EB9
2EA1
2E7A
2E43
2DFC
2DA6
2D40
2CCA
2C46
2BB3
2B11
2A62
29A4
28DA
2803
2720
2631
2538
2434
2327
2212
20F4
1FD0
1EA5
1D75
1C41
1B09
19CE
1892
1755
1618
14DD
13A3
126D
113A
100C
0EE4
0DC3
0CA9
0B98
0A90
0992
089D
07B4
06D7
0607
0544
048F
03E9
0351
02CA
0252
01EA
0192
014B
0115
00EF
00DB
00D7
00E4
0101
012F
016D
01BB
0218
0284
02FF
0387
041D
04C0
056E
0628
06EC
07BA
088F
096C
0A4F
0B38
0C27
0D19
0E0E
0F05
0FFD
10F5
11EB
12DF
13D0
14BC
15A2
1682
175B
182A
18F1
19AC
1A5C
1B00
1B97
1C1F
1C99
1D02
1D5C
1DA5
1DDC
1E01
1E13
1E12
1DFD
1DD3
1D95
1D43
1CDD
1C62
1BD2
1B2E
1A76
19A9
18C9
17D5
16CE
15B5
1489
134C
11FE
10A0
0F33
0DB7
0C2D
0A96
08F4
0746
058F
03CF
0207
0038
FE64
FC8C
FAB0
F8D3
F6F3
F514
F336
F15B
EF84
EDB2
EBE7
EA22
E867
E6B5
E50E
E373
E1E5
E064
DEF3
DD91
DC3F
DAFF
D9D1
D8B6
D7AF
D6BB
D5DC
D512
D45E
D3BF
D336
D2C4
D268
D223
D1F4
D1DC
D1D9
D1EC
D216
D255
D2AA
D313
D391
D423
D4C9
D581
D64B
D727
D813
D90F
DA1A
DB33
DC58
DD8A
DEC7
E00E
E15D
E2B5
E413
E578
E6E1
E84D
E9BC
EB2D
EC9D
EE0E
EF7C
F0E7
F24E
F3B0
F50D
F662
F7B1
F8F7
FA34
FB67
FC8F
FDAC
FEBC
FFC0
00B7
01A0
027B
0347
0404
04B2
0550
05DF
065D
06CC
072A
0779
07B7
07E6
0805
0815
0816
0808
07EB
07C1
0789
0744
06F3
0696
062D
05BB
053E
04B8
042A
0394
02F7
0253
01AA
00FD
004B
FF96
FEDF
FE26
FD6C
FCB2
FBF8
FB40
FA8A
F9D7
F927
F87C
F7D4
F733
F697
F601
F572
F4EB
F46B
F3F4
F385
F31F
F2C2
F26F
F226
F1E6
F1B1
F186
F165
F14E
F142
F140
F148
F15B
F177
F19D
F1CD
F206
F248
F293
F2E6
F342
F3A5
F410
F481
F4FA
F578
F5FD
F686
F715
F7A6
F83B
F8D4
F970
FA0E
FAAF
FB51
FBF5
FC99
FD3E
FDE4
FE89
FF2D
FFD0
0072
0113
01B2
024E
02E8
0380
0415
04A7
0537
05C3
064C
06D2
0755
07D4
0851
08CA
0941
09B5
0A25
0A93
0AFF
0B69
0BD1
0C37
0C9D
0D01
0D64
0DC7
0E2A
0E8C
0EEF
0F53
0FB8
101D
1084
10ED
1158
11C5
1235
12A7
131D
1396
1412
1492
1515
159D
1628
16B8
174C
17E5
1883
1925
19CC
1A78
1B28
1BDC
1C95
1D52
1E13
1ED8
1FA1
206D
213C
220F
22E3
23BA
2493
256E
2649
2725
2802
28DE
29BA
2A95
2B6E
2C45
2D1A
2DEC
2EBA
2F84
304A
310B
31C6
327B
332A
33D2
3472
350B
359C
3624
36A3
3719
3785
37E7
383F
388D
38D0
3908
3934
3956
396C
3977
3976
3969
3951
392E
38FF
38C5
3880
382F
37D4
376E
36FD
3683
35FE
356F
34D7
3436
338D
32DC
3224
3165
309F
2FD3
2F01
2E2B
2D50
2C70
2B8E
2AA8
29BF
28D5
27E9
26FB
260E
2520
2433
2346
225B
2172
208A
1FA6
1EC4
1DE5
1D0A
1C34
1B61
1A94
19CB
1907
1848
178E
16D9
162A
1581
14DD
143F
13A6
1313
1285
11FC
1179
10FA
1080
100B
0F9A
0F2E
0EC5
0E60
0DFE
0D9F
0D42
0CE8
0C90
0C39
0BE3
0B8E
0B3A
0AE7
0A93
0A3E
09E9
0991
0938
08DD
087F
081E
07BB
0754
06E9
067B
0609
0593
0518
049A
0417
0390
0304
0274
01E0
0148
00AB
000B
FF66
FEBF
FE14
FD66
FCB5
FC02
FB4C
FA95
F9DC
F923
F869
F7AE
F6F4
F63B
F584
F4CE
F41B
F36B
F2BF
F217
F174
F0D6
F03E
EFAC
EF22
EE9F
EE24
EDB2
ED4A
ECEB
EC96
EC4C
EC0D
EBDA
EBB3
EB98
EB89
EB87
EB93
EBAB
EBD1
EC05
EC47
EC96
ECF3
ED5E
EDD6
EE5C
EEEF
EF8F
F03C
F0F5
F1BB
F28C
F369
F450
F541
F63C
F740
F84D
F961
FA7B
FB9C
FCC3
FDEE
FF1C
004E
0181
02B6
03EB
051F
0652
0783
08B0
09D8
0AFC
0C19
0D2E
0E3C
0F40
103B
112A
120E
12E6
13B1
146D
151B
15BA
1648
16C7
1734
1790
17D9
1811
1836
1847
1846
1831
1809
17CD
177E
171B
16A5
161C
1581
14D2
1411
133F
125B
1166
1060
0F4B
0E27
0CF4
0BB3
0A66
090D
07A8
063A
04C2
0342
01BA
002D
FE9A
FD03
FB69
F9CD
F831
F695
F4FA
F362
F1CD
F03E
EEB4
ED31
EBB7
EA46
E8DF
E782
E633
E4F0
E3BA
E294
E17D
E076
DF80
DE9C
DDCA
DD0B
DC5E
DBC5
DB41
DAD0
DA74
DA2D
D9FA
D9DD
D9D4
D9E0
DA01
DA36
DA80
DADD
DB4E
DBD3
DC6A
DD14
DDCF
DE9B
DF78
E064
E160
E26A
E381
E4A5
E5D5
E70F
E853
E99F
EAF4
EC4F
EDB0
EF15
F07E
F1E9
F356
F4C3
F62F
F79A
F902
FA66
FBC5
FD1F
FE71
FFBD
00FF
0238
0368
048C
05A3
06AD
07AB
089B
097E
0A51
0B16
0BCB
0C71
0D07
0D8C
0E01
0E65
0EB9
0EFC
0F2F
0F51
0F63
0F64
0F56
0F38
0F0B
0ECF
0E84
0E2C
0DC6
0D54
0CD5
0C4B
0BB6
0B17
0A6F
09BC
0901
0840
0778
06AC
05DB
0506
0430
0357
027E
01A4
00CC
FFF6
FF22
FE52
FD86
FCBF
FBFD
FB43
FA8F
F9E4
F941
F8A8
F818
F792
F718
F6A8
F645
F5ED
F5A2
F564
F532
F50E
F4F7
F4ED
F4F1
F503
F522
F54E
F588
F5CF
F623
F684
F6F1
F76A
F7EF
F87E
F918
F9BD
FA6B
FB22
FBE1
FCA9
FD77
FE4C
FF26
0006
00EA
01D1
02BC
03A8
0496
0584
0672
0760
084D
0937
0A1E
0B02
0BE1
0CBB
0D8E
0E5C
0F22
0FE0
1096
1143
11E6
1280
130F
1393
140B
1478
14D9
152E
1576
15B1
15DF
1600
1614
161A
1613
15FF
15DE
15B0
1574
152D
14D9
1479
140D
1396
1312
1284
11EC
1149
109C
0FE7
0F28
0E62
0D94
0CBE
0BE3
0B01
0A1A
092E
083E
074B
0655
055C
0462
0367
026C
0170
0076
FF7D
FE86
FD91
FC9F
FBB2
FAC9
F9E4
F904
F82A
F755
F687
F5BF
F4FF
F445
F394
F2EA
F248
F1AE
F11D
F095
F015
EF9E
EF30
EECB
EE6F
EE1C
EDD2
ED90
ED58
ED28
ED00
ECE0
ECC9
ECB9
ECB1
ECB0
ECB6
ECC3
ECD7
ECF0
ED10
ED34
ED5E
ED8C
EDBE
EDF5
EE2E
EE6B
EEAA
EEEB
EF2E
EF73
EFB8
EFFE
F043
F089
F0CE
F111
F154
F194
F1D3
F20F
F248
F27F
F2B2
F2E1
F30D
F335
F358
F377
F391
F3A7
F3B8
F3C4
F3CC
F3CE
F3CC
F3C5
F3B9
F3A9
F393
F379
F35B
F338
F311
F2E6
F2B6
F284
F24D
F214
F1D7
F198
F156
F112
F0CC
F084
F03B
EFF1
EFA7
EF5C
EF12
EEC7
EE7E
EE35
EDEE
EDA9
ED65
ED24
ECE6
ECAB
EC74
EC40
EC11
EBE6
EBC0
EB9F
EB83
EB6D
EB5D
EB53
EB4F
EB52
EB5C
EB6D
EB85
EBA4
EBCB
EBF9
EC2E
EC6C
ECB1
ECFD
ED53
EDAF
EE14
EE7F
EEF2
EF6C
EFEE
F076
F104
F199
F235
F2D6
F37D
F429
F4DB
F591
F64C
F70B
F7CD
F893
F95C
FA28
FAF6
FBC5
FC95
FD67
FE39
FF0A
FFDB
00AB
0179
0245
030F
03D5
0498
0557
0612
06C7
0777
0821
08C5
0962
09F7
0A85
0B0B
0B88
0BFD
0C68
0CC9
0D21
0D6E
0DB1
0DE8
0E15
0E36
0E4C
0E55
0E53
0E45
0E2A
0E03
0DD0
0D91
0D44
0CEA
0C84
0C10
0B91
0B05
0A6E
09CB
091C
0861
079C
06CC
05F2
050D
041F
0328
0227
011F
000E
FEF6
FDD7
FCB2
FB87
FA57
F922
F7E9
F6AD
F56D
F42C
F2E9
F1A5
F060
EF1C
EDD8
EC96
EB56
EA19
E8DF
E7A9
E678
E54C
E426
E306
E1EE
E0DD
DFD5
DED5
DDDF
DCF2
DC10
DB38
DA6B
D9AA
D8F5
D84C
D7AF
D720
D69D
D628
D5C0
D566
D51A
D4DC
D4AC
D48A
D476
D470
D479
D48F
D4B3
D4E4
D523
D56F
D5C7
D62D
D69E
D71B
D7A3
D836
D8D4
D97B
DA2D
DAE7
DBA9
DC73
DD45
DE1D
DEFB
DFDF
E0C7
E1B3
E2A3
E396
E48B
E581
E679
E770
E867
E95E
EA52
EB45
EC34
ED20
EE09
EEED
EFCC
F0A5
F179
F246
F30C
F3CB
F482
F531
F5D8
F676
F70C
F798
F81B
F894
F904
F96B
F9C7
FA1A
FA63
FAA2
FAD8
FB04
FB27
FB41
FB51
FB58
FB57
FB4E
FB3D
FB24
FB05
FADF
FAB3
FA81
FA4A
FA0E
F9CE
F98B
F945
F8FC
F8B2
F866
F819
F7CC
F780
F735
F6EC
F6A4
F660
F61E
F5E1
F5A8
F574
F545
F51C
F4F9
F4DD
F4C7
F4B8
F4B2
F4B3
F4BC
F4CD
F4E7
F50A
F535
F56A
F5A8
F5EE
F63E
F696
F6F8
F762
F7D4
F850
F8D3
F95E
F9F1
FA8A
FB2B
FBD2
FC7F
FD32
FDEA
FEA6
FF66
002A
00F0
01B8
0282
034C
0417
04E1
05AA
0671
0736
07F8
08B6
0970
0A24
0AD3
0B7C
0C1E
0CB9
0D4B
0DD5
0E56
0ECE
0F3C
0F9F
0FF8
1045
1088
10BE
10E9
1107
111A
1120
111A
1107
10E8
10BC
1084
1040
0FEF
0F94
0F2C
0EBA
0E3D
0DB6
0D25
0C8A
0BE7
0B3C
0A8A
09D0
0910
084B
0782
06B4
05E3
0510
043B
0366
0291
01BE
00EC
001D
FF52
FE8B
FDCA
FD10
FC5D
FBB3
FB12
FA7A
F9EC
F96A
F8F4
F88A
F82D
F7DE
F79E
F76C
F749
F737
F735
F743
F762
F792
F7D3
F825
F889
F8FE
F985
FA1D
FAC6
FB80
FC4A
FD25
FE0F
FF09
0012
0129
024F
0381
04C0
060B
0760
08C0
0A29
0B9A
0D12
0E90
1014
119C
1326
14B3
1641
17CF
195B
1AE5
1C6B
1DEC
1F67
20DB
2247
23A9
2502
264E
278E
28C1
29E5
2AF9
2BFD
2CF0
2DD0
2E9D
2F57
2FFC
308D
3108
316D
31BC
31F4
3214
321E
3210
31EA
31AC
3157
30E9
3065
2FC9
2F15
2E4C
2D6B
2C75
2B6A
2A4A
2915
27CE
2673
2507
238A
21FD
2061
1EB7
1D00
1B3D
1970
1798
15B9
13D1
11E4
0FF2
0DFC
0C04
0A0B
0811
061A
0425
0233
0047
FE62
FC84
FAAE
F8E3
F723
F56E
F3C7
F22E
F0A4
EF2A
EDC1
EC6A
EB25
E9F4
E8D6
E7CD
E6DA
E5FD
E536
E485
E3EB
E367
E2FA
E2A4
E265
E23D
E22C
E231
E24D
E27F
E2C8
E325
E398
E420
E4BB
E56A
E62C
E700
E7E5
E8DB
E9E1
EAF5
EC18
ED48
EE84
EFCC
F11D
F279
F3DD
F549
F6BB
F832
F9AE
FB2C
FCAD
FE30
FFB2
0134
02B4
0432
05AC
0721
0892
09FD
0B60
0CBD
0E11
0F5C
109E
11D6
1304
1426
153D
1648
1747
183A
191F
19F8
1AC4
1B82
1C34
1CD8
1D6E
1DF8
1E75
1EE4
1F47
1F9E
1FE8
2027
205A
2082
209F
20B2
20BC
20BC
20B3
20A2
208A
206A
2043
2017
1FE5
1FAE
1F73
1F34
1EF2
1EAD
1E67
1E1E
1DD5
1D8B
1D42
1CF9
1CB1
1C6A
1C25
1BE2
1BA1
1B63
1B27
1AEF
1ABB
1A8A
1A5D
1A33
1A0E
19EC
19CE
19B5
199F
198D
197E
1973
196C
1967
1965
1966
1969
196E
1975
197D
1986
198F
1999
19A3
19AB
19B3
19B9
19BD
19BE
19BC
19B7
19AE
19A0
198D
1975
1957
1934
1909
18D8
189F
185F
1817
17C7
176E
170D
16A4
1631
15B5
1530
14A2
140B
136B
12C2
120F
1155
1092
0FC6
0EF3
0E18
0D35
0C4B
0B5B
0A64
0967
0865
075E
0652
0542
0430
031A
0202
00E8
FFCE
FEB3
FD98
FC7F
FB67
FA51
F93E
F82F
F724
F61E
F51E
F424
F330
F245
F161
F086
EFB5
EEED
EE2F
ED7C
ECD4
EC38
EBA8
EB24
EAAD
EA42
E9E5
E995
E953
E91E
E8F7
E8DE
E8D3
E8D6
E8E6
E904
E92F
E968
E9AE
EA00
EA5F
EACA
EB40
EBC2
EC4E
ECE5
ED85
EE2F
EEE1
EF9B
F05C
F124
F1F3
F2C6
F39F
F47B
F55B
F63D
F721
F806
F8EB
F9D0
FAB4
FB96
FC76
FD52
FE2A
FEFE
FFCD
0096
0158
0213
02C6
0372
0415
04AE
053E
05C4
063F
06B0
0716
0770
07C0
0803
083B
0868
0888
089D
08A5
08A2
0893
0878
0851
081F
07E2
079A
0747
06E9
0682
0611
0596
0513
0487
03F3
0358
02B6
020D
015F
00AB
FFF3
FF38
FE79
FDB8
FCF4
FC30
FB6A
FAA5
F9E0
F91D
F85B
F79C
F6DF
F626
F571
F4C1
F416
F370
F2D1
F237
F1A5
F11B
F097
F01C
EFAA
EF40
EEDF
EE87
EE38
EDF3
EDB8
ED87
ED5F
ED44
ED32
ED2A
ED2C
ED39
ED4F
ED6F
ED98
EDCB
EE06
EE4B
EE99
EEEF
EF4D
EFB3
F020
F095
F110
F192
F21A
F2A7
F33A
F3D1
F46D
F50D
F5B0
F656
F6FF
F7AA
F856
F904
F9B2
FA62
FB12
FBC1
FC6F
FD1B
FDC6
FE6F
FF15
FFB8
0057
00F3
018B
021E
02AD
0336
03BB
043A
04B3
0526
0593
05F9
0659
06B2
0705
0750
0795
07D2
0808
0837
085F
087F
0898
08A9
08B3
08B5
08B0
08A5
0892
0878
0858
0831
0804
07D0
0795
0755
070F
06C3
0671
0619
05BC
055A
04F3
0487
0416
03A0
0326
02A8
0226
01A0
0117
0089
FFF9
FF65
FECE
FE32
FD94
FCF2
FC4F
FBA9
FB02
FA58
F9AD
F901
F853
F7A4
F6F5
F644
F593
F4E2
F431
F37F
F2CE
F21D
F16D
F0BE
F00F
EF62
EEB6
EE0C
ED64
ECBE
EC1A
EB78
EAD9
EA3D
E9A5
E90E
E87A
E7EA
E75F
E6D7
E654
E5D6
E55D
E4E8
E47A
E411
E3AD
E350
E2F9
E2A9
E25F
E21C
E1E0
E1AC
E17F
E15A
E13C
E127
E119
E114
E117
E123
E137
E154
E179
E1A7
E1DE
E21E
E267
E2B8
E312
E376
E3E1
E456
E4D3
E558
E5E5
E67B
E718
E7BD
E869
E91C
E9D6
EA96
EB5C
EC28
ECFA
EDD0
EEAB
EF89
F06C
F152
F23A
F324
F411
F4FE
F5EC
F6DA
F7C8
F8B4
F9A0
FA88
FB6F
FC51
FD31
FE0B
FEE1
FFB1
007B
013E
01FB
02B0
035C
0400
049C
052D
05B5
0632
06A5
070D
076A
07BA
07FF
0838
0864
0883
0896
089B
0894
087F
085D
082D
07EF
07A4
074C
06E7
0674
05F5
0569
04D1
042C
037C
02C0
01F9
0127
004B
FF65
FE75
FD7D
FC7D
FB74
FA65
F94E
F832
F710
F5EA
F4BF
F390
F25F
F12C
EFF6
EEC0
ED8A
EC53
EB1D
E9E9
E8B7
E788
E65D
E535
E412
E2F4
E1DC
E0CB
DFC0
DEBC
DDC0
DCCC
DBE1
DAFF
DA25
D956
D890
D7D5
D723
D67D
D5E1
D550
D4CA
D44F
D3E0
D37B
D322
D2D3
D290
D258
D22B
D209
D1F1
D1E4
D1E1
D1E7
D1F8
D211
D234
D25F
D293
D2CE
D312
D35C
D3AD
D405
D463
D4C7
D530
D59D
D610
D686
D700
D77D
D7FE
D881
D906
D98D
DA15
DA9F
DB2A
DBB6
DC42
DCCF
DD5C
DDE8
DE74
DEFF
DF89
E013
E09C
E124
E1AA
E230
E2B5
E339
E3BC
E43E
E4BF
E540
E5C1
E641
E6C1
E742
E7C3
E844
E8C6
E949
E9CE
EA54
EADC
EB67
EBF4
EC83
ED15
EDAA
EE43
EEE0
EF81
F026
F0D0
F17F
F233
F2EC
F3AB
F46F
F539
F609
F6E0
F7BC
F89F
F988
FA77
FB6D
FC69
FD6B
FE73
FF81
0095
01AE
02CD
03F1
051A
0647
0778
08AC
09E3
0B1D
0C59
0D97
0ED7
1017
1158
1299
13D8
1516
1653
178C
18C2
19F4
1B22
1C4A
1D6C
1E88
1F9C
20A8
21AC
22A7
2397
247D
2558
2627
26EA
27A0
2849
28E3
2970
29ED
2A5B
2ABA
2B08
2B47
2B74
2B91
2B9E
2B99
2B83
2B5C
2B24
2ADA
2A80
2A15
2999
290C
286F
27C3
2707
263C
2562
2479
2384
2281
2172
2057
1F31
1E00
1CC6
1B83
1A38
18E7
1790
1634
14D2
136E
1206
109D
0F33
0DC9
0C60
0AFA
0996
0837
06DC
0587
043A
02F3
01B6
0081
FF57
FE38
FD25
FC1F
FB26
FA3A
F95E
F890
F7D3
F725
F689
F5FD
F583
F51C
F4C7
F485
F454
F437
F42C
F433
F44D
F47A
F4B9
F509
F56C
F5E1
F666
F6FC
F7A3
F85A
F920
F9F4
FAD7
FBC8
FCC5
FDCE
FEE3
0002
012B
025D
0396
04D7
061E
076A
08BB
0A0F
0B65
0CBD
0E16
0F6E
10C4
1218
1369
14B5
15FC
173E
1878
19AA
1AD4
1BF5
1D0B
1E17
1F17
200A
20F1
21CA
2295
2352
2400
249E
252D
25AB
2619
2677
26C3
26FF
272A
2743
274C
2744
272A
2700
26C6
267B
261F
25B4
2539
24AF
2416
236F
22BA
21F8
2128
204D
1F65
1E73
1D76
1C6F
1B5F
1A47
1926
17FF
16D1
159E
1466
1329
11E9
10A7
0F62
0E1E
0CDA
0B96
0A52
0911
07D1
0695
055C
0428
02F8
01CE
00AA
FF8C
FE75
FD66
FC5F
FB60
FA69
F97C
F898
F7BF
F6EF
F629
F56E
F4BE
F419
F37E
F2EF
F26B
F1F2
F185
F123
F0CE
F084
F045
F012
EFE9
EFCB
EFB7
EFAE
EFAF
EFBA
EFD0
EFEE
F016
F048
F082
F0C5
F110
F164
F1BF
F222
F28C
F2FD
F375
F3F4
F478
F503
F593
F628
F6C3
F762
F806
F8AE
F95B
FA0B
FABF
FB77
FC31
FCED
FDAD
FE6E
FF32
FFF7
00BE
0186
024F
031A
03E5
04B1
057D
064A
0717
07E5
08B2
097F
0A4B
0B17
0BE2
0CAC
0D76
0E3E
0F05
0FCA
108E
1150
1211
12D0
138C
1446
14FD
15B1
1663
1711
17BB
1862
1904
19A3
1A3D
1AD3
1B63
1BEF
1C75
1CF6
1D71
1DE6
1E54
1EBC
1F1D
1F77
1FCA
2015
2059
2094
20C7
20F2
2114
212D
213C
2143
2140
2133
211C
20FC
20D2
209D
205F
2016
1FC3
1F65
1EFD
1E8B
1E0E
1D88
1CF7
1C5C
1BB7
1B08
1A50
198F
18C4
17F0
1714
1630
1543
144F
1354
1252
1149
103A
0F25
0E0A
0CEB
0BC8
0AA1
0978
084C
071F
05F1
04C2
0393
0265
0138
000D
FEE5
FDC0
FC9E
FB81
FA69
F957
F84A
F745
F646
F550
F462
F37C
F2A0
F1CE
F106
F049
EF97
EEF0
EE54
EDC3
ED3F
ECC7
EC5D
EBFF
EBAE
EB6B
EB35
EB0C
EAF1
EAE3
EAE2
EAEF
EB08
EB2E
EB61
EBA0
EBEB
EC42
ECA4
ED10
ED88
EE09
EE93
EF26
EFC2
F065
F110
F1C1
F278
F334
F3F3
F4B6
F57C
F644
F70E
F7D8
F8A2
F96C
FA33
FAF9
FBBC
FC7B
FD35
FDEB
FE9B
FF44
FFE7
0082
0114
019E
021F
0295
0302
0363
03BA
0404
0443
0476
049D
04B6
04C3
04C3
04B4
0499
0470
043A
03F6
03A6
0348
02DE
0267
01E4
0154
00BA
0013
FF62
FEA6
FDE1
FD11
FC39
FB59
FA70
F981
F88B
F78F
F68D
F588
F47E
F372
F263
F152
F041
EF2F
EE1E
ED0E
EC00
EAF5
E9ED
E8EA
E7EC
E6F4
E602
E518
E435
E35B
E289
E1C1
E103
E04F
DFA6
DF08
DE76
DDF0
DD76
DD08
DCA7
DC54
DC0D
DBD3
DBA7
DB88
DB76
DB72
DB7B
DB90
DBB3
DBE2
DC1D
DC65
DCB9
DD18
DD83
DDF8
DE78
DF02
DF96
E032
E0D7
E184
E238
E2F4
E3B5
E47C
E549
E619
E6EE
E7C6
E8A0
E97C
EA5A
EB38
EC16
ECF4
EDD1
EEAC
EF85
F05B
F12D
F1FD
F2C8
F38F
F450
F50C
F5C1
F670
F718
F7B9
F853
F8E5
F96F
F9F1
FA6B
FADC
FB45
FBA5
FBFC
FC4B
FC92
FCD0
FD05
FD32
FD57
FD74
FD89
FD97
FD9D
FD9C
FD95
FD87
FD73
FD5A
FD3C
FD18
FCF1
FCC5
FC95
FC62
FC2C
FBF3
FBB9
FB7C
FB3F
FB01
FAC2
FA84
FA46
FA09
F9CD
F993
F95B
F925
F8F2
F8C2
F895
F86C
F847
F827
F80A
F7F3
F7E0
F7D2
F7C9
F7C4
F7C5
F7CB
F7D6
F7E8
F7FE
F81B
F83D
F865
F892
F8C5
F8FD
F93A
F97D
F9C4
FA11
FA62
FAB8
FB12
FB70
FBD3
FC39
FCA2
FD0F
FD7F
FDF2
FE67
FEDE
FF58
FFD3
0050
00CE
014B
01C8
0245
02C3
0341
03BF
043D
04BA
0537
05B3
062E
06A8
0720
0798
080E
0883
08F6
0968
09D8
0A47
0AB4
0B20
0B8A
0BF3
0C5A
0CC0
0D24
0D88
0DEA
0E4C
0EAC
0F0C
0F6B
0FC9
1027
1085
10E3
1141
119F
11FD
125C
12BC
131C
137D
13DF
1441
14A5
150A
1570
15D8
1640
16AA
1715
1782
17F0
185F
18CF
1941
19B3
1A27
1A9B
1B11
1B87
1BFD
1C77
1CF0
1D6A
1DE3
1E5C
1ED5
1F4C
1FC3
2038
20AC
211D
218D
21F9
2263
22C9
232C
238B
23E6
243C
248D
24D9
251F
2560
259A
25CD
25FA
2620
263E
2654
2662
2669
2666
265C
2649
262D
2607
25D9
25A1
2560
2515
24C1
2464
23FD
238D
2313
2291
2205
2171
20D4
202E
1F80
1ECB
1E0E
1D4A
1C7E
1BAC
1AD4
19F6
1913
182B
173E
164E
1559
1462
1366
1269
1169
1069
0F67
0E66
0D65
0C65
0B67
0A6A
0970
0878
0785
0695
05A9
04C2
03E1
0305
022F
0160
0097
FFD5
FF1B
FE69
FDBE
FD1B
FC81
FBEF
FB65
FAE5
FA6D
F9FD
F997
F93A
F8E6
F89A
F856
F81A
F7E6
F7BB
F796
F779
F763
F753
F749
F745
F747
F74E
F759
F768
F77B
F791
F7A9
F7C4
F7E0
F7FE
F81C
F83A
F857
F874
F88F
F8A9
F8BF
F8D3
F8E7
F8F6
F901
F908
F90A
F906
F8FD
F8EE
F8D9
F8BD
F89B
F872
F841
F80A
F7CC
F787
F73A
F6E7
F68C
F62B
F5C2
F554
F4DF
F465
F3E4
F35F
F2D5
F246
F1B3
F11D
F084
EFE9
EF4D
EEAF
EE11
ED73
ECD6
EC3A
EBA1
EB0B
EA79
E9EB
E963
E8E1
E866
E7F2
E787
E725
E6CD
E680
E63E
E608
E5E0
E5C4
E5B7
E5B8
E5C9
E5E9
E61A
E65B
E6AD
E711
E786
E80E
E8A6
E951
EA0E
EADD
EBBF
ECB3
EDB9
EED2
EFFC
F138
F285
F3E3
F552
F6D0
F85E
F9FA
FBA4
FD5C
FF20
00F0
02CA
04AF
069C
0892
0A8E
0C90
0E96
10A0
12AC
14BA
16C7
18D2
1ADB
1CDF
1EDE
20D6
22C7
24AE
268B
285B
2A1F
2BD4
2D7A
2F0F
3092
3201
335D
34A3
35D3
36EC
37ED
38D4
39A2
3A55
3AEC
3B68
3BC7
3C09
3C2D
3C33
3C1B
3BE5
3B90
3B1D
3A8B
39DA
390B
381E
3713
35EB
34A5
3343
31C5
302C
2E79
2CAB
2AC5
28C7
26B3
2489
224A
1FF8
1D93
1B1E
189A
1607
1368
10BD
0E09
0B4D
088A
05C3
02F8
002B
FD5E
FA92
F7C9
F504
F246
EF90
ECE3
EA41
E7AC
E525
E2AE
E048
DDF5
DBB5
D98B
D777
D57B
D397
D1CE
D01F
CE8D
CD17
CBBF
CA85
C96B
C870
C795
C6DB
C642
C5CA
C574
C53F
C52C
C53A
C568
C5B7
C626
C6B7
C767
C837
C925
CA32
CB5C
CCA3
CE06
CF83
D11A
D2CA
D491
D66E
D860
DA66
DC7E
DEA7
E0E0
E327
E57A
E7D8
EA40
ECB0
EF26
F1A0
F41E
F69E
F91D
FB9B
FE14
0088
02F7
055D
07BA
0A0D
0C53
0E8C
10B6
12CF
14D7
16CC
18AD
1A7A
1C2F
1DCE
1F55
20C2
2216
234F
246D
256E
2654
271C
27C7
2855
28C5
2916
294A
295F
2957
2930
28EC
288A
280C
2771
26BA
25E7
24FA
23F2
22D1
2198
2046
1EDE
1D60
1BCD
1A26
186D
16A2
14C7
12DC
10E4
0EDF
0CCF
0AB5
0892
0668
0438
0203
FFCB
FD92
FB58
F91F
F6E8
F4B5
F287
F060
EE40
EC29
EA1C
E81B
E626
E43F
E267
E09F
DEE8
DD43
DBB1
DA33
D8C9
D775
D638
D511
D403
D30C
D22E
D169
D0BE
D02D
CFB6
CF5A
CF18
CEF1
CEE5
CEF3
CF1C
CF5E
CFBA
D031
D0C0
D169
D22A
D304
D3F6
D4FE
D61E
D753
D89D
D9FB
DB6D
DCF2
DE89
E031
E1E9
E3B0
E585
E767
E955
EB4E
ED51
EF5C
F170
F38A
F5A9
F7CD
F9F3
FC1C
FE45
006E
0294
04B8
06D9
08F4
0B09
0D18
0F1E
111B
130F
14F7
16D4
18A3
1A66
1C19
1DBE
1F53
20D7
224A
23AB
24F9
2634
275C
2871
2970
2A5C
2B32
2BF3
2C9E
2D34
2DB5
2E20
2E76
2EB6
2EE0
2EF5
2EF5
2EE0
2EB5
2E76
2E23
2DBC
2D42
2CB4
2C14
2B63
2AA0
29CC
28E9
27F6
26F4
25E5
24C8
239F
226B
212C
1FE4
1E92
1D39
1BD8
1A72
1906
1796
1622
14AE
1338
11C2
104D
0ED9
0D67
0BF9
0A90
092B
07CC
0675
0524
03DC
029E
0169
003E
FF1F
FE0C
FD05
FC0B
FB1F
FA40
F971
F8B0
F7FE
F75D
F6CB
F64A
F5D9
F579
F52A
F4ED
F4BF
F4A4
F499
F4A0
F4B9
F4E2
F51D
F568
F5C4
F630
F6AB
F737
F7D1
F87A
F931
F9F5
FAC6
FBA4
FC8E
FD82
FE81
FF8A
009C
01B5
02D7
03FE
052C
065F
0796
08D0
0A0C
0B4B
0C8A
0DC9
0F07
1043
117C
12B2
13E4
1511
1638
1758
1871
1982
1A8A
1B88
1C7C
1D65
1E43
1F15
1FDB
2093
213D
21DA
2268
22E7
2357
23B8
2409
2449
247A
249A
24AA
24A9
2499
2479
2448
2406
23B4
2351
22DF
225C
21CA
2128
2078
1FB9
1EEC
1E11
1D2A
1C35
1B35
1A29
1913
17F2
16C8
1595
145A
1317
11CE
107F
0F2C
0DD3
0C78
0B1A
09B9
0858
06F8
0599
043B
02DF
0186
0032
FEE1
FD97
FC52
FB14
F9DE
F8B0
F78B
F670
F55F
F459
F35E
F26F
F18D
F0B8
EFF0
EF36
EE8A
EDED
ED5F
ECE0
EC71
EC11
EBC2
EB83
EB54
EB35
EB26
EB27
EB39
EB5C
EB8F
EBD2
EC26
EC8A
ECFE
ED81
EE15
EEB7
EF68
F028
F0F6
F1D2
F2BB
F3B1
F4B4
F5C3
F6DD
F802
F931
FA6B
FBAD
FCF9
FE4C
FFA7
0109
0271
03DF
0551
06C7
0840
09BD
0B3B
0CBC
0E3D
0FBE
113F
12C0
143E
15BB
1734
18AA
1A1D
1B8A
1CF3
1E56
1FB3
2109
2258
239F
24DE
2614
2741
2864
297E
2A8C
2B90
2C89
2D76
2E58
2F2D
2FF7
30B4
3163
3205
329A
3320
3397
3401
345B
34A7
34E3
3511
352F
353E
353D
352C
350C
34DC
349D
344E
33EF
3381
3303
3275
31D8
312B
3070
2FA5
2ECB
2DE2
2CEA
2BE5
2AD1
29B0
2880
2744
25FA
24A3
233F
21CF
2053
1ECB
1D38
1B99
19F1
183E
1681
14BC
12ED
1116
0F37
0D51
0B64
0971
0778
057A
0377
0171
FF67
FD5B
FB4C
F93C
F72B
F51B
F309
F0F9
EEEB
ECE0
EAD8
E8D5
E6D7
E4DE
E2EC
E102
DF1F
DD45
DB74
D9AE
D7F2
D642
D49E
D307
D17E
D002
CE96
CD39
CBEC
CAB0
C984
C86B
C764
C66F
C58E
C4C0
C406
C360
C2CE
C251
C1E9
C196
C159
C132
C121
C125
C13F
C16F
C1B5
C211
C281
C308
C3A3
C452
C516
C5EE
C6DA
C7D8
C8E9
CA0C
CB40
CC84
CDD9
CF3C
D0AE
D22D
D3BA
D552
D6F4
D8A1
DA57
DC15
DDDA
DFA5
E174
E348
E51E
E6F5
E8CE
EAA6
EC7C
EE4F
F01F
F1E9
F3AE
F56C
F722
F8CE
FA70
FC08
FD93
FF11
0082
01E3
0335
0477
05A8
06C7
07D3
08CD
09B3
0A84
0B40
0BE7
0C79
0CF5
0D5C
0DAC
0DE6
0E0B
0E19
0E11
0DF4
0DC1
0D78
0D1B
0CA9
0C24
0B8A
0ADE
0A20
0950
086F
077E
067E
056F
0454
032C
01F9
00BB
FF75
FE26
FCD1
FB76
FA15
F8B1
F74B
F5E5
F47F
F31B
F1B9
F05D
EF05
EDB5
EC6C
EB2C
E9F7
E8CD
E7AF
E69F
E59D
E4AB
E3C9
E2F8
E23A
E18E
E0F6
E072
E003
DFA9
DF66
DF38
DF22
DF22
DF39
DF68
DFAF
E00C
E082
E10E
E1B2
E26C
E33D
E424
E520
E631
E757
E890
E9DC
EB3B
ECAA
EE2A
EFB9
F157
F301
F4B8
F67A
F845
FA19
FBF4
FDD5
FFBB
01A4
038F
057A
0765
094D
0B33
0D13
0EEC
10BE
1287
1446
15FA
17A0
1939
1AC3
1C3C
1DA5
1EFB
203E
216D
2287
238C
247A
2551
2611
26B8
2747
27BD
281A
285E
2888
2898
288F
286C
2830
27DA
276C
26E5
2645
258E
24BF
23DA
22DF
21CF
20AB
1F74
1E2A
1CCF
1B64
19EA
1861
16CC
152B
137F
11CA
100D
0E4A
0C81
0AB3
08E4
0712
0541
0371
01A3
FFDA
FE15
FC57
FAA0
F8F2
F74E
F5B4
F427
F2A7
F135
EFD3
EE81
ED40
EC11
EAF4
E9EA
E8F4
E813
E746
E68E
E5EB
E55E
E4E7
E485
E43A
E404
E3E4
E3D9
E3E4
E404
E438
E480
E4DC
E54B
E5CD
E660
E705
E7BA
E87E
E951
EA32
EB21
EC1B
ED21
EE31
EF4A
F06C
F194
F2C3
F3F7
F52E
F669
F7A5
F8E2
FA1F
FB5A
FC93
FDC9
FEFA
0027
014D
026C
0383
0492
0597
0693
0784
086A
0943
0A11
0AD3
0B88
0C2F
0CC9
0D55
0DD3
0E43
0EA5
0EF9
0F3F
0F78
0FA3
0FC0
0FD1
0FD5
0FCD
0FB9
0F9A
0F70
0F3D
0EFF
0EB9
0E6B
0E16
0DB9
0D57
0CF0
0C84
0C15
0BA3
0B2F
0ABA
0A48
09D5
0964
08F5
0889
0820
07BB
075B
0701
06AE
0661
061B
05DE
05A9
057E
055B
0543
0534
0530
0536
0547
0563
058A
05BC
05F9
0640
0692
06EF
0756
07C6
0840
08C3
094F
09E4
0A80
0B22
0BCB
0C79
0D2C
0DE4
0E9E
0F5B
101A
10DA
119A
1259
1316
13D1
1489
153D
15EB
1694
1736
17D1
1864
18ED
196D
19E2
1A4D
1AAB
1AFE
1B43
1B7B
1BA5
1BC0
1BCD
1BCA
1BB8
1B97
1B66
1B25
1AD5
1A75
1A05
1985
18F6
1858
17AB
16F0
1626
1550
146C
137B
127F
1178
1067
0F4C
0E29
0CFE
0BCB
0A93
0956
0815
06D1
058C
0445
0300
01BD
007C
FF3F
FE07
FCD4
FBA9
FA85
F96B
F85A
F755
F65B
F56F
F490
F3C0
F2FF
F24E
F1AF
F121
F0A5
F03B
EFE5
EFA3
EF75
EF5A
EF55
EF64
EF87
EFC0
F00D
F06F
F0E5
F172
F212
F2C6
F38E
F467
F553
F650
F75E
F87B
F9A8
FAE2
FC2A
FD7E
FEDD
0046
01B9
0333
04B4
063A
07C5
0953
0AE3
0C74
0E04
0F92
111D
12A3
1424
159E
1710
1879
19D7
1B29
1C6F
1DA7
1ED0
1FE9
20F2
21E9
22CE
239F
245D
2506
259A
2618
2680
26D2
270C
2730
273C
2731
270F
26D5
2684
261C
259D
2507
245C
239B
22C4
21DA
20DB
1FC9
1EA5
1D6F
1C28
1AD2
196D
17FA
167B
14F0
135B
11BD
1016
0E69
0CB6
0AFE
0943
0786
05C8
040A
024D
0093
FEDC
FD2B
FB7F
F9DA
F83D
F6A9
F51F
F39F
F22C
F0C5
EF6B
EE1F
ECE1
EBB3
EA95
E987
E88A
E79E
E6C3
E5FA
E542
E49D
E40A
E388
E319
E2BB
E26F
E234
E20B
E1F2
E1EA
E1F1
E208
E22D
E261
E2A2
E2F1
E34B
E3B1
E421
E49B
E51E
E5A9
E63C
E6D4
E772
E813
E8B8
E960
EA09
EAB4
EB5E
EC07
ECAE
ED54
EDF5
EE93
EF2D
EFC1
F04F
F0D6
F157
F1D0
F241
F2AA
F30A
F361
F3AF
F3F4
F42F
F461
F489
F4A8
F4BD
F4C8
F4CB
F4C4
F4B4
F49C
F47C
F454
F425
F3EF
F3B3
F371
F32B
F2E0
F292
F240
F1EC
F197
F140
F0E9
F093
F03E
EFEB
EF9B
EF4E
EF06
EEC2
EE84
EE4C
EE1B
EDF1
EDCF
EDB6
EDA7
EDA1
EDA4
EDB4
EDCD
EDF3
EE23
EE60
EEA8
EEFC
EF5D
EFC9
F041
F0C5
F155
F1F0
F296
F347
F402
F4C7
F595
F66D
F74C
F833
F921
FA15
FB0F
FC0D
FD0E
FE13
FF19
0020
0127
022E
0332
0433
0531
0629
071C
0808
08EC
09C7
0A98
0B5F
0C1A
0CC8
0D69
0DFC
0E80
0EF4
0F58
0FAB
0FEC
101B
1037
1040
1036
1018
0FE5
0F9F
0F44
0ED5
0E52
0DBB
0D0F
0C4F
0B7C
0A95
099B
088E
0770
0641
0501
03B2
0253
00E7
FF6D
FDE7
FC56
FABB
F916
F769
F5B6
F3FC
F23E
F07C
EEB8
ECF3
EB2E
E96A
E7A9
E5EC
E435
E283
E0D9
DF38
DDA1
DC14
DA94
D921
D7BC
D667
D521
D3EC
D2C9
D1B9
D0BC
CFD3
CEFE
CE3E
CD93
CCFF
CC80
CC18
CBC6
CB8B
CB66
CB58
CB61
CB7F
CBB4
CBFE
CC5D
CCD1
CD5A
CDF5
CEA4
CF65
D038
D11B
D20E
D30F
D41F
D53B
D663
D796
D8D2
DA17
DB63
DCB5
DE0D
DF68
E0C7
E227
E387
E4E7
E645
E7A0
E8F8
EA4A
EB97
ECDD
EE1B
EF50
F07C
F19D
F2B4
F3BE
F4BC
F5AE
F691
F767
F82F
F8E7
F990
FA2A
FAB4
FB30
FB9C
FBF9
FC48
FC87
FCB8
FCDB
FCF0
FCF8
FCF3
FCE2
FCC6
FC9E
FC6D
FC32
FBEF
FBA4
FB52
FAFA
FA9D
FA3D
F9D9
F974
F90E
F8A8
F843
F7E0
F780
F725
F6CE
F67E
F636
F5F5
F5BE
F591
F56F
F558
F54E
F551
F561
F580
F5AE
F5EB
F638
F695
F702
F77F
F80D
F8AC
F95C
FA1C
FAEC
FBCC
FCBD
FDBD
FECB
FFE9
0114
024D
0392
04E4
0640
07A7
0917
0A8F
0C0E
0D93
0F1E
10AC
123D
13D0
1564
16F6
1887
1A14
1B9D
1D20
1E9C
2010
217A
22DA
242E
2575
26AE
27D8
28F2
29FB
2AF1
2BD4
2CA4
2D5E
2E04
2E93
2F0B
2F6C
2FB4
2FE5
2FFD
2FFB
2FE1
2FAE
2F61
2EFB
2E7C
2DE4
2D34
2C6B
2B8B
2A93
2985
2861
2728
25DA
2479
2305
2180
1FEA
1E44
1C90
1AD0
1903
172B
154A
1361
1172
0F7E
0D86
0B8B
098F
0793
0598
03A1
01AE
FFC0
FDDA
FBFB
FA27
F85C
F69E
F4ED
F34A
F1B6
F032
EEBF
ED5F
EC10
EAD6
E9AF
E89D
E7A0
E6B9
E5E8
E52D
E489
E3FB
E384
E324
E2DA
E2A7
E28A
E283
E291
E2B5
E2ED
E339
E399
E40B
E490
E526
E5CC
E682
E746
E818
E8F7
E9E2
EAD7
EBD5
ECDC
EDEB
EEFF
F019
F137
F257
F379
F49B
F5BD
F6DD
F7FA
F912
FA24
FB31
FC37
FD34
FE2A
FF15
FFF7
00CD
0198
0257
030A
03AF
0446
04D0
054B
05B8
0617
0667
06A8
06DB
06FF
0715
071D
0717
0704
06E4
06B7
067E
063A
05EB
0592
052E
04C2
044D
03D2
0350
02C8
023C
01AB
0118
0083
FFED
FF56
FEC0
FE2C
FD9A
FD0B
FC81
FBFB
FB7B
FB02
FA90
FA25
F9C4
F96B
F91C
F8D8
F89E
F870
F84D
F836
F82B
F82C
F83C
F858
F881
F8B6
F8F8
F947
F9A1
FA08
FA7A
FAF7
FB80
FC13
FCAF
FD56
FE05
FEBC
FF7A
0040
010B
01DC
02B1
038A
0466
0543
0622
0701
07DF
08BB
0995
0A6C
0B3E
0C0B
0CD3
0D94
0E4E
0EFF
0FA6
1043
10D6
115D
11D8
1247
12A9
12FD
1344
137C
13A5
13C0
13CD
13CA
13B8
1398
1368
132A
12DD
1282
1219
11A2
111F
108F
0FF2
0F4A
0E98
0DDB
0D15
0C47
0B71
0A93
09B0
08C7
07DA
06EA
05F8
0503
040F
031B
0228
0138
004C
FF64
FE81
FDA5
FCD0
FC03
FB3F
FA85
F9D6
F932
F89A
F80F
F791
F721
F6C0
F66E
F62A
F5F7
F5D4
F5C1
F5BF
F5CD
F5EB
F61A
F659
F6A8
F707
F776
F7F4
F881
F91C
F9C4
FA7A
FB3D
FC0B
FCE5
FDC8
FEB5
FFAB
00A8
01AB
02B5
03C3
04D4
05E8
06FE
0814
0929
0A3C
0B4C
0C58
0D5E
0E5F
0F58
1049
1130
120E
12E1
13A7
1461
150E
15AC
163B
16BB
172B
178B
17D9
1816
1842
185C
1864
185A
183E
1810
17D0
177F
171C
16A9
1625
1591
14EE
143C
137B
12AC
11D1
10EA
0FF9
0EFF
0DFB
0CF1
0BE0
0ACA
09B0
0893
0774
0655
0537
041B
0302
01EE
00E0
FFD9
FEDA
FDE5
FCFA
FC1B
FB4A
FA86
F9D2
F92D
F89A
F818
F7AA
F74E
F707
F6D5
F6B8
F6B1
F6C1
F6E7
F725
F77A
F7E6
F86A
F905
F9B7
FA80
FB60
FC56
FD61
FE82
FFB8
0101
025E
03CD
054D
06DD
087D
0A2A
0BE5
0DAB
0F7C
1156
1337
151F
170C
18FD
1AEF
1CE2
1ED4
20C3
22AF
2494
2672
2848
2A13
2BD3
2D87
2F2B
30C1
3245
33B7
3516
3661
3796
38B4
39BC
3AAB
3B81
3C3E
3CE0
3D67
3DD3
3E23
3E58
3E70
3E6C
3E4C
3E10
3DB8
3D44
3CB5
3C0B
3B46
3A67
396E
385D
3734
35F4
349E
3332
31B3
3020
2E7C
2CC7
2B03
2932
2753
2569
2375
2179
1F76
1D6E
1B61
1952
1742
1532
1323
1119
0F12
0D12
0B1A
092B
0745
056B
039D
01DD
002B
FE89
FCF7
FB77
FA0A
F8AF
F768
F635
F517
F40D
F31A
F23C
F174
F0C3
F027
EFA2
EF32
EED8
EE94
EE64
EE4A
EE43
EE50
EE70
EEA3
EEE6
EF39
EF9D
F00F
F08F
F11C
F1B5
F259
F307
F3BD
F47B
F53F
F608
F6D6
F7A6
F879
F94C
FA1F
FAF0
FBBF
FC8B
FD52
FE13
FECD
FF81
002C
00CE
0166
01F3
0275
02EC
0356
03B2
0401
0442
0475
049A
04B1
04B9
04B3
049F
047D
044D
040F
03C3
036B
0306
0295
0218
0191
00FF
0063
FFBF
FF13
FE60
FDA7
FCE8
FC24
FB5D
FA94
F9C9
F8FD
F832
F768
F6A0
F5DC
F51C
F462
F3AE
F301
F25C
F1C1
F12F
F0A8
F02C
EFBD
EF5A
EF05
EEBD
EE84
EE5A
EE40
EE35
EE39
EE4E
EE73
EEA9
EEEE
EF44
EFAA
F020
F0A6
F13B
F1DF
F291
F352
F420
F4FB
F5E2
F6D4
F7D2
F8D9
F9E9
FB02
FC22
FD49
FE75
FFA6
00DA
0211
0349
0482
05BB
06F2
0827
0958
0A85
0BAC
0CCD
0DE6
0EF7
0FFF
10FD
11F0
12D8
13B3
1482
1542
15F3
1696
1729
17AD
1821
1884
18D6
1918
1949
196A
1979
1977
1965
1942
190F
18CC
1879
1817
17A6
1728
169B
1602
155C
14AB
13EF
1329
1259
1182
10A2
0FBC
0ED1
0DE1
0CED
0BF6
0AFD
0A03
0909
0811
071A
0626
0536
044A
0364
0284
01AA
00D9
000F
FF4F
FE98
FDEB
FD49
FCB1
FC25
FBA5
FB31
FAC8
FA6C
FA1D
F9DA
F9A4
F97A
F95C
F94A
F944
F949
F95A
F975
F99A
F9CA
FA02
FA43
FA8D
FADD
FB34
FB92
FBF4
FC5B
FCC6
FD34
FDA3
FE14
FE86
FEF7
FF67
FFD4
003F
00A6
0109
0166
01BE
020E
0257
0298
02D1
02FF
0325
033D
034B
034D
0343
032E
030D
02DF
02A5
025E
020B
01AB
013F
00C7
0043
FFB3
FF18
FE73
FDC3
FD09
FC47
FB7C
FAA8
F9CE
F8EE
F808
F71E
F630
F53F
F44D
F359
F266
F175
F083
EF94
EEAB
EDC6
ECE9
EC13
EB46
EA82
E9C9
E91C
E87B
E7E8
E763
E6EE
E688
E632
E5EE
E5BC
E59C
E58F
E595
E5AF
E5DD
E61F
E676
E6E1
E760
E7F4
E89C
E958
EA28
EB0B
EC01
ED0A
EE25
EF51
F08E
F1DB
F337
F4A1
F61A
F79E
F92F
FAC9
FC6E
FE1A
FFCD
0187
0345
0506
06C9
088D
0A51
0C13
0DD2
0F8C
1141
12EE
1494
162F
17C1
1946
1ABE
1C28
1D83
1ECE
2008
212F
2243
2344
2430
2507
25C8
2673
2708
2786
27EC
283B
2873
2893
289C
288D
2867
282B
27D8
276F
26F1
265E
25B7
24FC
242F
2350
2261
2162
2054
1F38
1E10
1CDE
1BA1
1A5B
190E
17BB
1663
1507
13A9
124A
10EB
0F8E
0E34
0CDE
0B8E
0A44
0902
07CA
069C
0579
0463
035A
025F
0174
0098
FFCE
FF14
FE6D
FDD9
FD58
FCEA
FC90
FC4B
FC1B
FBFF
FBF8
FC05
FC25
FC5A
FCA3
FCFE
FD6D
FDED
FE7F
FF22
FFD5
0097
0168
0246
0331
0427
0527
0631
0743
085C
097A
0A9D
0BC4
0CEC
0E14
0F3C
1062
1185
12A3
13BC
14CE
15D7
16D7
17CC
18B6
1994
1A63
1B24
1BD5
1C76
1D06
1D84
1DF0
1E49
1E8E
1EC0
1EDD
1EE6
1EDA
1EBA
1E85
1E3C
1DDE
1D6C
1CE6
1C4C
1BA0
1AE2
1A11
1930
183E
173C
162C
150E
13E3
12AD
116D
1024
0ED2
0D7B
0C1D
0ABC
0958
07F2
068D
0528
03C7
0269
0111
FFBF
FE76
FD36
FC00
FAD6
F9BA
F8AB
F7AC
F6BD
F5DF
F513
F45B
F3B7
F327
F2AC
F247
F1F9
F1C1
F1A1
F198
F1A8
F1CF
F20F
F266
F2D6
F35D
F3FB
F4B1
F57D
F660
F757
F864
F984
FAB8
FBFE
FD55
FEBD
0033
01B8
034A
04E7
068F
083F
09F8
0BB7
0D7A
0F40
1109
12D1
1499
165F
1821
19DE
1B94
1D43
1EE8
2083
2213
2396
250A
2670
27C5
290A
2A3C
2B5B
2C67
2D5E
2E41
2F0D
2FC4
3064
30ED
315F
31B9
31FC
3228
323C
323A
3220
31EF
31A8
314C
30DA
3053
2FB8
2F0A
2E49
2D77
2C94
2BA1
2A9F
298F
2873
274B
2618
24DD
2399
224E
20FE
1FA9
1E51
1CF8
1B9D
1A43
18EB
1796
1645
14F9
13B4
1276
1142
1017
0EF7
0DE2
0CD9
0BDD
0AEE
0A0E
093C
087A
07C7
0725
0692
0611
05A0
053F
04F0
04B1
0483
0465
0457
0458
0469
0488
04B6
04F1
0539
058C
05EB
0655
06C8
0743
07C7
0851
08E0
0975
0A0C
0AA6
0B40
0BDB
0C75
0D0D
0DA1
0E31
0EBC
0F40
0FBD
1032
109C
10FD
1153
119C
11D8
1207
1228
123A
123D
122F
1211
11E3
11A3
1152
10F0
107C
0FF6
0F5F
0EB6
0DFC
0D32
0C56
0B6B
0A70
0966
084D
0726
05F2
04B1
0365
020D
00AC
FF42
FDCF
FC56
FAD6
F952
F7CA
F63F
F4B3
F326
F19A
F011
EE8A
ED08
EB8B
EA16
E8A8
E744
E5EA
E49C
E35A
E225
E0FF
DFE8
DEE1
DDEB
DD07
DC35
DB76
DACA
DA32
D9AE
D93F
D8E5
D8A0
D871
D857
D852
D863
D888
D8C3
D912
D976
D9ED
DA78
DB16
DBC7
DC89
DD5C
DE40
DF33
E036
E146
E263
E38B
E4BF
E5FD
E744
E892
E9E8
EB43
ECA3
EE06
EF6C
F0D4
F23C
F3A3
F509
F66C
F7CB
F926
FA7B
FBCA
FD11
FE51
FF88
00B5
01D8
02F0
03FD
04FE
05F2
06D9
07B3
087F
093F
09F0
0A94
0B2B
0BB3
0C2E
0C9C
0CFC
0D50
0D97
0DD1
0E00
0E24
0E3D
0E4C
0E51
0E4D
0E41
0E2D
0E12
0DF2
0DCC
0DA2
0D74
0D43
0D11
0CDD
0CA9
0C74
0C42
0C11
0BE3
0BB9
0B94
0B73
0B59
0B45
0B38
0B32
0B35
0B40
0B54
0B71
0B98
0BC9
0C04
0C49
0C98
0CF1
0D55
0DC3
0E3A
0EBC
0F46
0FDA
1077
111C
11C8
127C
1336
13F8
14BE
158A
1658
172A
17FF
18D4
19AA
1A7F
1B53
1C25
1CF3
1DBD
1E82
1F40
1FF8
20A7
214D
21EA
227B
2301
237B
23E7
2445
2494
24D4
2504
2523
2531
252D
2517
24EF
24B4
2466
2406
2391
230A
2270
21C2
2102
202F
1F4A
1E52
1D4A
1C30
1B05
19CB
1882
172A
15C5
1453
12D5
114D
0FBA
0E1F
0C7D
0AD3
0925
0772
05BD
0405
024E
0097
FEE2
FD30
FB82
F9DB
F83B
F6A4
F516
F393
F21D
F0B3
EF57
EE0B
ECCE
EBA3
EA89
E982
E88E
E7AE
E6E3
E62D
E58C
E501
E48C
E42D
E3E5
E3B4
E399
E394
E3A6
E3CD
E40A
E45C
E4C3
E53F
E5CD
E66F
E723
E7E8
E8BD
E9A2
EA96
EB96
ECA3
EDBB
EEDD
F008
F139
F271
F3AD
F4ED
F62F
F771
F8B2
F9F1
FB2D
FC63
FD94
FEBC
FFDC
00F1
01FB
02F7
03E7
04C7
0597
0655
0701
079B
0821
0892
08EE
0934
0963
097C
097E
0968
093A
08F5
0897
0822
0795
06F1
0635
0563
047A
037C
0268
0140
0004
FEB6
FD55
FBE4
FA62
F8D2
F735
F58B
F3D6
F217
F050
EE81
ECAE
EAD6
E8FB
E71F
E544
E36A
E193
DFC2
DDF6
DC32
DA77
D8C7
D722
D58A
D401
D288
D120
CFC9
CE86
CD57
CC3D
CB39
CA4C
C976
C8B9
C815
C78B
C71A
C6C4
C689
C669
C664
C67A
C6AB
C6F7
C75E
C7DF
C879
C92E
C9FB
CAE1
CBDF
CCF3
CE1E
CF5E
D0B3
D21B
D395
D521
D6BD
D868
DA20
DBE5
DDB6
DF90
E172
E35C
E54B
E73F
E936
EB2F
ED28
EF21
F117
F30A
F4F7
F6DD
F8BC
FA91
FC5D
FE1D
FFD1
0177
030F
0498
0610
0777
08CD
0A10
0B40
0C5D
0D65
0E59
0F38
1002
10B7
1156
11E0
1254
12B3
12FD
1332
1352
135F
1357
133C
130F
12CF
127D
121B
11A8
1125
1094
0FF5
0F48
0E90
0DCC
0CFE
0C26
0B46
0A5E
0970
087C
0784
0687
0588
0488
0386
0284
0183
0084
FF88
FE8E
FD99
FCA9
FBBD
FAD8
F9FA
F923
F854
F78D
F6CF
F61A
F56E
F4CC
F434
F3A6
F323
F2A9
F23A
F1D6
F17B
F12B
F0E4
F0A7
F074
F04A
F029
F010
EFFF
EFF6
EFF3
EFF8
F003
F013
F028
F042
F05E
F07D
F09F
F0C3
F0E8
F10E
F135
F15B
F180
F1A4
F1C6
F1E6
F202
F21C
F231
F242
F24E
F256
F258
F254
F24B
F23B
F226
F20A
F1E7
F1BE
F18F
F158
F11C
F0D9
F090
F041
EFEA
EF8E
EF2D
EEC6
EE5B
EDEC
ED7A
ED04
EC8B
EC10
EB92
EB14
EA95
EA15
E996
E918
E89B
E820
E7A8
E732
E6C1
E654
E5EB
E589
E52B
E4D5
E485
E43C
E3FC
E3C3
E393
E36C
E34E
E33A
E330
E32F
E339
E34D
E36C
E395
E3C9
E408
E451
E4A5
E503
E56B
E5DD
E659
E6DF
E76D
E805
E8A5
E94D
E9FC
EAB3
EB70
EC34
ECFD
EDCB
EE9D
EF72
F04B
F127
F204
F2E2
F3C1
F4A0
F57E
F65A
F733
F80A
F8DD
F9AC
FA76
FB3B
FBF9
FCB1
FD62
FE0C
FEAD
FF46
FFD6
005D
00DB
014E
01B8
0217
026C
02B7
02F6
032B
0355
0375
038A
0394
0394
0389
0375
0356
032E
02FD
02C4
0281
0237
01E5
018C
012C
00C6
005A
FFE9
FF74
FEFA
FE7D
FDFE
FD7B
FCF7
FC72
FBEC
FB67
FAE1
FA5D
F9DB
F95B
F8DD
F863
F7EC
F77A
F70C
F6A3
F640
F5E2
F58A
F539
F4EE
F4AA
F46D
F437
F408
F3E0
F3C0
F3A7
F395
F38A
F387
F38A
F395
F3A5
F3BD
F3DA
F3FD
F426
F453
F486
F4BC
F4F7
F535
F575
F5B9
F5FE
F645
F68D
F6D6
F71F
F767
F7AD
F7F2
F834
F873
F8AF
F8E8
F91C
F94B
F975
F99A
F9B9
F9D3
F9E5
F9F1
F9F7
F9F5
F9EC
F9DC
F9C5
F9A6
F980
F952
F91D
F8E1
F89E
F854
F804
F7AD
F750
F6EE
F686
F61A
F5A8
F533
F4BA
F43E
F3BF
F33E
F2BC
F239
F1B5
F133
F0B1
F031
EFB3
EF39
EEC3
EE51
EDE4
ED7D
ED1C
ECC3
EC72
EC29
EBE9
EBB3
EB87
EB66
EB50
EB45
EB47
EB56
EB71
EB9A
EBD1
EC16
EC68
ECC9
ED39
EDB6
EE43
EEDD
EF86
F03E
F103
F1D6
F2B6
F3A4
F49E
F5A5
F6B8
F7D6
F8FF
FA32
FB6E
FCB4
FE01
FF57
00B3
0214
037B
04E6
0655
07C5
0937
0AAA
0C1C
0D8E
0EFD
106A
11D3
1337
1495
15ED
173E
1887
19C7
1AFD
1C29
1D49
1E5E
1F67
2062
2150
2230
2301
23C3
2476
2518
25AB
262D
269F
2700
2750
278F
27BE
27DB
27E7
27E2
27CE
27A8
2773
272F
26DB
2678
2607
2589
24FD
2465
23C0
2311
2256
2192
20C5
1FEF
1F12
1E2E
1D43
1C54
1B60
1A69
196F
1873
1776
1679
157C
1482
1389
1294
11A2
10B4
0FCB
0EE8
0E0B
0D34
0C65
0B9D
0ADE
0A27
0979
08D5
083A
07A9
0722
06A5
0632
05CA
056C
0519
04D0
0491
045C
0430
040F
03F6
03E7
03E1
03E2
03EE
0400
041A
043A
0460
048B
04BC
04F0
0528
0564
05A1
05E1
0622
0664
06A5
06E6
0726
0764
07A0
07D9
080F
0841
086F
0898
08BB
08D9
08F1
0903
090E
0912
0910
0905
08F5
08DC
08BC
0895
0865
082E
07F0
07AA
075D
0709
06AE
064C
05E5
0577
0504
048C
0410
038F
030A
0283
01F9
016D
00DF
0051
FFC2
FF34
FEA6
FE1B
FD91
FD0B
FC88
FC09
FB8E
FB19
FAA9
FA40
F9DE
F983
F930
F8E6
F8A4
F86C
F83D
F818
F7FE
F7ED
F7E8
F7ED
F7FE
F819
F840
F871
F8AE
F8F6
F948
F9A6
FA0D
FA7F
FAFB
FB81
FC0F
FCA6
FD46
FDED
FE9B
FF4F
000A
00CA
018E
0256
0322
03F0
04C0
0591
0663
0734
0804
08D1
099C
0A64
0B27
0BE6
0C9E
0D51
0DFC
0E9F
0F3A
0FCB
1053
10D1
1144
11AB
1207
1257
129A
12D0
12F8
1314
1321
1321
1313
12F6
12CC
1294
124D
11F9
1198
1129
10AE
1026
0F91
0EF1
0E46
0D8F
0CCF
0C05
0B33
0A58
0976
088D
079E
06AA
05B2
04B6
03B8
02B8
01B8
00B7
FFB8
FEBB
FDC1
FCCA
FBD8
FAEC
FA06
F927
F850
F782
F6BE
F604
F556
F4B3
F41C
F393
F317
F2AA
F24B
F1FB
F1BA
F189
F168
F158
F158
F168
F189
F1BA
F1FC
F24F
F2B1
F324
F3A7
F439
F4DA
F589
F646
F711
F7E9
F8CD
F9BD
FAB8
FBBD
FCCC
FDE3
FF02
0028
0154
0285
03BA
04F3
062E
076B
08A8
09E4
0B20
0C58
0D8D
0EBE
0FEA
110F
122D
1343
1451
1554
164D
173B
181C
18F1
19B9
1A72
1B1D
1BB8
1C44
1CC0
1D2B
1D85
1DCE
1E06
1E2C
1E40
1E42
1E32
1E10
1DDC
1D96
1D3F
1CD6
1C5D
1BD2
1B36
1A8B
19D0
1906
182D
1746
1651
1550
1443
132B
1208
10DC
0FA6
0E68
0D22
0BD6
0A84
092C
07D1
0672
0510
03AC
0248
00E3
FF7F
FE1C
FCBB
FB5D
FA02
F8AC
F75B
F60F
F4CA
F38B
F254
F125
EFFE
EEE0
EDCD
ECC3
EBC3
EACF
E9E5
E907
E834
E76D
E6B3
E604
E561
E4CB
E441
E3C4
E352
E2ED
E294
E247
E206
E1D0
E1A6
E187
E173
E169
E16A
E175
E18A
E1A8
E1CF
E1FE
E236
E276
E2BD
E30C
E361
E3BC
E41E
E485
E4F1
E562
E5D8
E652
E6D0
E751
E7D5
E85C
E8E6
E972
EA00
EA8F
EB21
EBB3
EC47
ECDB
ED71
EE07
EE9E
EF35
EFCC
F064
F0FC
F193
F22B
F2C4
F35B
F3F3
F48C
F524
F5BC
F655
F6EE
F787
F820
F8BA
F955
F9F0
FA8C
FB28
FBC5
FC63
FD01
FDA1
FE41
FEE2
FF85
0028
00CC
0171
0216
02BD
0364
040C
04B5
055E
0608
06B2
075C
0805
08AF
0958
0A01
0AA9
0B4F
0BF5
0C99
0D3B
0DDB
0E79
0F14
0FAC
1041
10D3
1161
11EB
1271
12F1
136D
13E4
1455
14C0
1525
1584
15DC
162D
1677
16BA
16F5
1728
1754
1777
1792
17A4
17AE
17B0
17A9
1799
1781
1760
1736
1705
16CA
1688
163D
15EB
1591
1530
14C7
1458
13E2
1365
12E3
125C
11CF
113E
10A8
100F
0F72
0ED2
0E30
0D8C
0CE7
0C41
0B9B
0AF4
0A4F
09AB
0909
086A
07CD
0733
069E
060C
0580
04F8
0476
03FA
0385
0316
02AE
024D
01F4
01A3
015A
0119
00E0
00B0
0089
006A
0054
0046
0041
0044
0050
0064
0080
00A4
00CF
0101
013B
017B
01C1
020D
025F
02B5
0310
036F
03D1
0437
049E
0507
0571
05DC
0647
06B1
071A
0780
07E4
0845
08A2
08FB
094E
099C
09E3
0A24
0A5C
0A8D
0AB5
0AD4
0AEA
0AF6
0AF7
0AEE
0AD9
0AB9
0A8E
0A57
0A14
09C4
0969
0901
088D
080C
077F
06E6
0641
0590
04D4
040C
033A
025C
0175
0083
FF89
FE85
FD79
FC65
FB4A
FA28
F900
F7D3
F6A1
F56C
F433
F2F8
F1BB
F07E
EF40
EE03
ECC7
EB8D
EA56
E923
E7F4
E6CB
E5A7
E48A
E374
E265
E160
E064
DF71
DE89
DDAC
DCDB
DC15
DB5C
DAB0
DA11
D980
D8FD
D889
D823
D7CC
D784
D74B
D720
D706
D6FA
D6FD
D70F
D72F
D75E
D79C
D7E7
D840
D8A6
D91A
D999
DA25
DABC
DB5F
DC0C
DCC2
DD82
DE4B
DF1C
DFF5
E0D4
E1BA
E2A5
E396
E48C
E585
E681
E77F
E87E
E97F
EA7F
EB80
EC7F
ED7C
EE77
EF70
F065
F156
F243
F32A
F40D
F4E9
F5C0
F690
F759
F81C
F8D7
F98A
FA35
FAD9
FB75
FC08
FC93
FD17
FD91
FE06
FE72
FED6
FF32
FF87
FFD4
0019
0058
0090
00C1
00EC
0112
0131
014C
0162
0173
0181
018B
0191
0195
0196
0196
0193
0190
018C
0187
0183
017E
017B
0178
0177
0177
017A
017F
0186
0190
019D
01AC
01BF
01D5
01EE
020A
022A
024D
0273
029D
02C9
02F9
032C
0362
039A
03D5
0411
0450
0491
04D2
0515
0559
059D
05E1
0625
0668
06AA
06EB
0729
0765
079E
07D4
0807
0836
0861
0887
08A9
08C5
08DC
08ED
08F8
08FD
08FB
08F3
08E3
08CC
08AE
0889
085C
0828
07EC
07A8
075D
070B
06B1
0650
05E8
0579
0504
0488
0405
037D
02EF
025C
01C5
0129
008A
FFE8
FF42
FE9B
FDF2
FD48
FC9D
FBF2
FB48
FA9F
F9F8
F953
F8B1
F813
F778
F6E3
F653
F5C8
F544
F4C7
F452
F3E5
F380
F324
F2D1
F288
F24A
F216
F1ED
F1CF
F1BD
F1B6
F1BC
F1CD
F1EB
F215
F24B
F28E
F2DD
F337
F39E
F411
F48F
F519
F5AD
F64C
F6F6
F7A9
F866
F92B
F9F9
FACF
FBAC
FC90
FD7A
FE69
FF5D
0055
0150
024E
034D
044E
054E
064E
074D
0849
0943
0A39
0B2A
0C15
0CFB
0DDA
0EB1
0F80
1046
1103
11B5
125C
12F7
1387
1409
147F
14E7
1541
158D
15CA
15F8
1616
1625
1625
1614
15F3
15C3
1582
1532
14D1
1462
13E2
1354
12B6
120A
1150
1088
0FB2
0ECF
0DE0
0CE5
0BDE
0ACC
09B1
088B
075D
0627
04E9
03A4
0259
0109
FFB5
FE5D
FD01
FBA4
FA45
F8E5
F785
F626
F4C9
F36E
F216
F0C2
EF72
EE28
ECE3
EBA5
EA6E
E93F
E818
E6FA
E5E5
E4D9
E3D8
E2E2
E1F6
E116
E041
DF78
DEBB
DE0A
DD65
DCCD
DC42
DBC3
DB50
DAEA
DA90
DA43
DA03
D9CE
D9A4
D987
D974
D96C
D96E
D97B
D992
D9B2
D9DB
DA0D
DA47
DA89
DAD2
DB22
DB79
DBD6
DC38
DCA0
DD0C
DD7C
DDF1
DE68
DEE2
DF5F
DFDE
E05E
E0DF
E162
E1E4
E268
E2EB
E36D
E3EE
E46F
E4ED
E56A
E5E5
E65E
E6D5
E749
E7BA
E829
E896
E900
E967
E9CB
EA2D
EA8C
EAE9
EB43
EB9C
EBF2
EC45
EC98
ECE8
ED37
ED85
EDD2
EE1E
EE6A
EEB6
EF00
EF4B
EF97
EFE3
F030
F07F
F0CE
F120
F174
F1C9
F222
F27D
F2DB
F33C
F3A0
F408
F473
F4E2
F556
F5CD
F648
F6C7
F74A
F7D2
F85E
F8EE
F982
FA1A
FAB6
FB56
FBFA
FCA1
FD4B
FDF8
FEA8
FF5A
000F
00C6
017F
023A
02F6
03B3
0470
052E
05EB
06A8
0764
081F
08D9
0990
0A45
0AF7
0BA5
0C51
0CF8
0D9B
0E39
0ED2
0F65
0FF3
107A
10FB
1175
11E9
1255
12B9
1316
136A
13B6
13FA
1435
1467
1490
14B1
14C8
14D5
14DA
14D5
14C7
14B0
148F
1466
1433
13F7
13B3
1366
1310
12B2
124C
11DF
116A
10ED
106A
0FE1
0F51
0EBB
0E20
0D81
0CDD
0C35
0B88
0AD9
0A26
0971
08B9
0800
0745
068A
05CE
0511
0455
039A
02E0
0227
0170
00BB
0009
FF5A
FEAE
FE05
FD61
FCC0
FC25
FB8D
FAFB
FA6E
F9E6
F964
F8E8
F872
F802
F798
F734
F6D7
F681
F631
F5E7
F5A4
F569
F533
F505
F4DD
F4BC
F4A2
F48E
F481
F47A
F47A
F480
F48C
F49E
F4B6
F4D4
F4F8
F521
F54F
F583
F5BB
F5F8
F63A
F680
F6C9
F716
F768
F7BD
F815
F870
F8CE
F930
F993
F9FA
FA62
FACD
FB39
FBA7
FC17
FC88
FCFA
FD6E
FDE2
FE57
FECD
FF43
FFB9
0030
00A7
011E
0194
020A
0280
02F5
036A
03DE
0450
04C2
0533
05A3
0612
067F
06EB
0755
07BE
0825
088A
08EE
094F
09AE
0A0B
0A65
0ABD
0B13
0B65
0BB5
0C02
0C4C
0C93
0CD6
0D17
0D54
0D8D
0DC3
0DF5
0E24
0E4E
0E76
0E9A
0EBA
0ED6
0EEE
0F02
0F11
0F1D
0F24
0F27
0F26
0F21
0F17
0F09
0EF8
0EE2
0EC8
0EAA
0E88
0E62
0E39
0E0C
0DDC
0DA8
0D71
0D37
0CFB
0CBB
0C79
0C35
0BEF
0BA6
0B5E
0B14
0AC9
0A7E
0A31
09E4
0997
094B
08FF
08B3
0869
0821
07DA
0795
0753
0714
06D8
069F
066A
0639
060C
05E4
05C1
05A3
058A
0577
056A
0564
0563
0569
0576
058A
05A5
05C8
05F1
0622
0659
0698
06DE
072B
077F
07D9
083B
08A3
0912
0986
0A01
0A82
0B08
0B93
0C23
0CB7
0D4F
0DEB
0E8B
0F2D
0FD1
1077
111F
11C7
1270
1318
13BF
1465
1509
15AB
1648
16E2
1778
1808
1893
1917
1994
1A09
1A76
1ADA
1B36
1B87
1BCE
1C0A
1C3A
1C5F
1C78
1C83
1C82
1C74
1C57
1C2D
1BF5
1BAE
1B58
1AF4
1A81
19FF
196E
18CE
181F
1761
1695
15BB
14D2
13DB
12D7
11C6
10A8
0F7E
0E48
0D06
0BBA
0A64
0905
079D
062D
04B5
0338
01B4
002C
FE9F
FD10
FB7F
F9EC
F859
F6C6
F535
F3A6
F21B
F094
EF13
ED97
EC22
EAB5
E952
E7F8
E6A9
E566
E430
E307
E1EC
E0E0
DFE4
DEF8
DE1E
DD54
DC9D
DBF9
DB67
DAEA
DA80
DA2A
D9E9
D9BD
D9A6
D9A4
D9B7
D9DF
DA1C
DA6E
DAD5
DB51
DBE0
DC83
DD3A
DE04
DEE0
DFCF
E0CF
E1E1
E302
E434
E574
E6C3
E81F
E987
EAFB
EC7A
EE03
EF94
F12D
F2CC
F471
F61B
F7C9
F979
FB2A
FCDC
FE8D
003C
01E8
0391
0534
06D2
0868
09F6
0B7B
0CF5
0E65
0FCA
1121
126B
13A7
14D4
15F1
16FE
17FA
18E5
19BE
1A85
1B38
1BD9
1C66
1CE0
1D46
1D98
1DD5
1DFF
1E15
1E17
1E04
1DDF
1DA5
1D59
1CFA
1C88
1C04
1B6F
1AC8
1A11
194A
1874
178F
169C
159B
148E
1375
1251
1123
0FEB
0EAB
0D63
0C15
0AC0
0967
0809
06A8
0544
03E0
027A
0115
FFB0
FE4E
FCEF
FB92
FA3B
F8E8
F79B
F655
F516
F3DF
F2B0
F18B
F06F
EF5D
EE56
ED5A
EC6A
EB85
EAAC
E9E0
E920
E86E
E7C8
E72F
E6A4
E626
E5B6
E552
E4FC
E4B3
E477
E448
E425
E40F
E405
E407
E415
E42D
E451
E47F
E4B7
E4F9
E544
E598
E5F5
E659
E6C5
E738
E7B1
E830
E8B5
E93F
E9CD
EA5F
EAF5
EB8D
EC29
ECC6
ED65
EE04
EEA5
EF46
EFE7
F087
F126
F1C4
F260
F2FB
F393
F429
F4BC
F54C
F5D8
F661
F6E6
F768
F7E5
F85F
F8D5
F947
F9B5
FA1E
FA84
FAE6
FB43
FB9D
FBF2
FC44
FC92
FCDD
FD24
FD68
FDA8
FDE6
FE20
FE58
FE8E
FEC1
FEF2
FF21
FF4F
FF7A
FFA5
FFCE
FFF5
001B
0040
0065
008A
00AE
00D3
00F7
011C
0141
0166
018D
01B3
01DB
0204
022E
0258
0284
02B1
02DF
030F
033F
0371
03A4
03D8
040D
0443
047A
04B2
04EB
0525
055F
0598
05D2
060C
0647
0681
06BC
06F6
0730
076A
07A3
07DC
0814
084B
0881
08B6
08EA
091C
094D
097D
09AB
09D7
0A02
0A2B
0A52
0A78
0A9B
0ABD
0ADC
0AFA
0B16
0B30
0B48
0B5E
0B72
0B84
0B95
0BA5
0BB3
0BC0
0BCB
0BD6
0BE0
0BE8
0BF0
0BF8
0BFF
0C05
0C0C
0C12
0C18
0C1F
0C26
0C2D
0C35
0C3E
0C48
0C52
0C5E
0C6B
0C7A
0C8A
0C9B
0CAE
0CC3
0CDB
0CF5
0D11
0D2E
0D4E
0D70
0D94
0DBA
0DE3
0E0D
0E3A
0E69
0E99
0ECC
0F01
0F37
0F70
0FA9
0FE5
1022
1060
109F
10DF
111F
1161
11A3
11E4
1226
1268
12A9
12EA
132A
1369
13A8
13E4
141F
1457
148D
14C0
14F1
151E
1548
156F
1592
15B1
15CC
15E3
15F5
1603
160B
160F
160E
1608
15FD
15EC
15D6
15BA
1599
1572
1546
1514
14DD
14A0
145D
1414
13C6
1372
1319
12BB
1257
11EF
1182
1110
1099
101F
0FA0
0F1D
0E96
0E0C
0D7E
0CED
0C5A
0BC3
0B2B
0A90
09F3
0955
08B5
0814
0773
06D0
062E
058B
04E9
0447
03A6
0305
0265
01C7
012B
0090
FFF8
FF63
FED0
FE40
FDB3
FD2A
FCA4
FC22
FBA4
FB29
FAB3
FA41
F9D4
F96B
F906
F8A6
F84B
F7F5
F7A4
F757
F710
F6CD
F690
F658
F624
F5F6
F5CC
F5A8
F589
F56F
F55A
F54A
F53E
F538
F536
F538
F53F
F54B
F55B
F570
F589
F5A6
F5C7
F5ED
F617
F644
F676
F6AB
F6E4
F721
F761
F7A5
F7ED
F838
F886
F8D8
F92E
F986
F9E2
FA42
FAA5
FB0C
FB75
FBE2
FC51
FCC4
FD39
FDB1
FE2B
FEA9
FF29
FFAC
0031
00B9
0143
01D0
025F
02F0
0384
041A
04B2
054C
05E8
0686
0725
07C7
086A
090E
09B4
0A5B
0B03
0BAC
0C57
0D01
0DAD
0E58
0F04
0FB0
105B
1106
11B0
125A
1302
13A9
144E
14F1
1592
1631
16CE
1767
17FE
1891
1920
19AC
1A33
1AB6
1B34
1BAD
1C21
1C90
1CF9
1D5B
1DB8
1E0D
1E5C
1EA4
1EE4
1F1D
1F4F
1F79
1F9B
1FB4
1FC6
1FCF
1FD0
1FC8
1FB8
1F9E
1F7D
1F52
1F1F
1EE2
1E9E
1E50
1DFA
1D9B
1D34
1CC5
1C4D
1BCD
1B46
1AB6
1A20
1982
18DD
1830
177D
16C4
1605
1540
1476
13A7
12D4
11FC
1121
1042
0F60
0E7C
0D95
0CAD
0BC3
0AD8
09EC
0901
0816
072B
0642
055A
0474
0391
02B0
01D3
00F9
0024
FF52
FE85
FDBE
FCFB
FC3E
FB87
FAD6
FA2C
F988
F8EC
F857
F7CA
F744
F6C6
F650
F5E2
F57C
F51F
F4CA
F47E
F43A
F3FE
F3CB
F3A1
F37E
F364
F353
F349
F348
F34E
F35C
F372
F38F
F3B3
F3DE
F410
F448
F487
F4CC
F516
F566
F5BC
F616
F675
F6D9
F741
F7AC
F81C
F88E
F903
F97C
F9F6
FA73
FAF1
FB71
FBF2
FC74
FCF7
FD7A
FDFE
FE81
FF04
FF87
0008
0089
0109
0187
0205
0280
02FA
0372
03E8
045C
04CE
053E
05AA
0615
067D
06E2
0744
07A3
0800
0859
08B0
0903
0954
09A1
09EB
0A33
0A77
0AB7
0AF5
0B30
0B67
0B9C
0BCD
0BFB
0C27
0C4F
0C75
0C98
0CB9
0CD6
0CF1
0D09
0D1E
0D31
0D40
0D4D
0D57
0D5E
0D62
0D63
0D61
0D5C
0D54
0D49
0D3A
0D29
0D13
0CFB
0CDF
0CBF
0C9C
0C75
0C4A
0C1C
0BE9
0BB3
0B79
0B3A
0AF8
0AB3
0A69
0A1B
09C8
0972
0917
08B8
0855
07ED
0782
0712
069D
0625
05A9
0528
04A4
041B
038F
02FF
026C
01D5
013B
009E
FFFE
FF5C
FEB7
FE0F
FD66
FCBB
FC0E
FB60
FAB3
FA04
F955
F8A6
F7F7
F749
F69C
F5F1
F547
F49F
F3F9
F356
F2B6
F21A
F182
F0ED
F05E
EFD3
EF4E
EECE
EE54
EDE1
ED74
ED0F
ECB1
EC5A
EC0B
EBC5
EB86
EB51
EB24
EB01
EAE8
EAD9
EAD3
EAD8
EAE6
EAFE
EB20
EB4D
EB83
EBC4
EC0E
EC63
ECC1
ED29
ED9B
EE16
EE9A
EF27
EFBD
F05B
F102
F1B1
F267
F324
F3E8
F4B3
F584
F65A
F736
F817
F8FB
F9E4
FAD2
FBC2
FCB5
FDAB
FEA1
FF99
0092
018A
0282
0379
046E
0562
0652
0740
082A
0911
09F2
0ACF
0BA6
0C78
0D43
0E08
0EC5
0F7C
102A
10D1
1170
1206
1293
1318
1393
1405
146E
14CE
1525
1572
15B6
15F0
1622
164A
1668
167E
168B
168F
168A
167D
1668
164B
1626
15FA
15C6
158C
154B
1505
14B8
1466
140F
13B3
1353
12EF
1287
121C
11AF
113F
10CC
1058
0FE3
0F6D
0EF7
0E81
0E0B
0D96
0D22
0CB0
0C3F
0BD0
0B63
0AF9
0A92
0A2D
09CC
096D
0912
08BB
0867
0817
07CB
0782
073D
06FC
06BE
0684
064E
061B
05EB
05BE
0593
056B
0545
0521
04FF
04DE
04C0
04A2
0485
0468
044C
042F
0412
03F5
03D6
03B6
0393
036F
0349
031F
02F2
02C2
028F
0257
021B
01DA
0194
0149
00F9
00A3
0047
FFE5
FF7D
FF0D
FE97
FE1B
FD98
FD0D
FC7C
FBE4
FB46
FAA0
F9F4
F941
F887
F7C8
F702
F636
F564
F48D
F3B0
F2CF
F1E9
F0FF
F010
EF1F
EE2A
ED32
EC38
EB3C
EA3F
E941
E842
E743
E645
E547
E44B
E350
E258
E163
E072
DF84
DE9B
DDB6
DCD7
DBFE
DB2B
DA5F
D99A
D8DD
D828
D77A
D6D6
D63B
D5A9
D521
D4A2
D42E
D3C4
D365
D310
D2C7
D288
D255
D22C
D20F
D1FD
D1F6
D1FB
D20A
D225
D24A
D27A
D2B4
D2F9
D348
D3A0
D401
D46C
D4DF
D55B
D5DF
D66A
D6FC
D795
D834
D8D8
D982
DA31
DAE3
DB9A
DC53
DD0F
DDCD
DE8C
DF4C
E00D
E0CD
E18D
E24B
E308
E3C3
E47B
E52F
E5E0
E68C
E734
E7D7
E874
E90B
E99B
EA25
EAA8
EB23
EB96
EC01
EC63
ECBD
ED0E
ED56
ED95
EDCA
EDF6
EE18
EE31
EE3F
EE44
EE3F
EE30
EE17
EDF5
EDCA
ED95
ED56
ED0F
ECBE
EC65
EC04
EB9A
EB28
EAAE
EA2E
E9A6
E917
E882
E7E7
E747
E6A1
E5F7
E548
E495
E3DF
E325
E269
E1AA
E0EA
E028
DF65
DEA1
DDDE
DD1B
DC58
DB98
DAD9
DA1C
D961
D8AA
D7F5
D744
D696
D5ED
D548
D4A9
D40E
D379
D2EA
D261
D1DE
D162
D0EC
D07E
D017
CFB8
CF60
CF10
CEC9
CE89
CE52
CE23
CDFD
CDDF
CDCA
CDBE
CDBB
CDC1
CDD1
CDE9
CE0B
CE35
CE69
CEA5
CEEA
CF38
CF8F
CFEE
D056
D0C6
D13F
D1C0
D249
D2DA
D373
D414
D4BC
D56C
D623
D6E1
D7A6
D872
D944
DA1D
DAFC
DBE2
DCCD
DDBE
DEB4
DFB0
E0B1
E1B6
E2C1
E3D0
E4E4
E5FC
E718
E838
E95C
EA82
EBAC
ECD9
EE09
EF3B
F070
F1A6
F2DE
F418
F553
F690
F7CD
F90B
FA49
FB87
FCC6
FE04
FF41
007E
01B9
02F3
042C
0562
0695
07C7
08F5
0A21
0B4A
0C70
0D92
0EB1
0FCB
10E2
11F4
1301
140A
150E
160C
1705
17F8
18E5
19CC
1AAD
1B88
1C5C
1D29
1DEF
1EAE
1F66
2016
20BF
2160
21F9
228A
2313
2394
240C
247C
24E4
2543
2599
25E7
262D
266A
269E
26C9
26EC
2706
2717
2720
2720
2717
2707
26ED
26CC
26A2
2670
2636
25F5
25AB
255A
2501
24A1
243A
23CC
2357
22DC
225B
21D4
2146
20B3
201B
1F7D
1ED9
1E31
1D85
1CD3
1C1E
1B64
1AA7
19E6
1922
185A
1790
16C4
15F4
1523
1450
137B
12A4
11CD
10F4
101B
0F41
0E67
0D8D
0CB3
0BD9
0B02
0A2B
0956
0881
07AF
06DD
060E
0540
0475
03AD
02E6
0223
0163
00A5
FFEB
FF35
FE82
FDD3
FD27
FC80
FBDD
FB3E
FAA4
FA0F
F97E
F8F1
F86A
F7E8
F76B
F6F4
F681
F614
F5AF
F54F
F4F5
F4A1
F452
F409
F3C5
F388
F350
F31E
F2F1
F2CB
F2AA
F28F
F279
F26A
F260
F25B
F25C
F263
F26F
F280
F297
F2B2
F2D3
F2F9
F323
F352
F386
F3BD
F3FA
F43A
F480
F4CA
F517
F568
F5BB
F612
F66A
F6C6
F723
F782
F7E2
F844
F8A7
F90A
F96D
F9D1
FA34
FA97
FAF8
FB59
FBB8
FC15
FC70
FCC8
FD1E
FD70
FDBF
FE0A
FE52
FE95
FED3
FF0C
FF41
FF70
FF9A
FFBD
FFDB
FFF2
0002
000C
000F
000A
FFFF
FFEC
FFD2
FFB0
FF87
FF56
FF1D
FEDE
FE96
FE47
FDF1
FD93
FD2F
FCC3
FC50
FBD7
FB57
FAD1
FA45
F9B3
F91C
F87F
F7DD
F737
F68C
F5DD
F52B
F476
F3BE
F304
F248
F18B
F0CD
F00F
EF52
EE96
EDDB
ED22
EC6C
EBB9
EB0A
EA5F
E9B9
E919
E87E
E7EA
E75D
E6D8
E65B
E5E6
E57B
E519
E4C1
E474
E432
E3FA
E3CE
E3AE
E39A
E391
E396
E3A6
E3C4
E3EE
E425
E469
E4BB
E519
E585
E5FD
E683
E715
E7B4
E85F
E917
E9DA
EAA9
EB83
EC68
ED57
EE51
EF53
F05F
F173
F290
F3B3
F4DF
F610
F747
F883
F9C2
FB05
FC4A
FD91
FED8
0020
0167
02AC
03F0
0530
066C
07A4
08D6
0A03
0B28
0C46
0D5B
0E67
0F6A
1062
114F
1231
1306
13CE
1489
1537
15D6
1666
16E8
175B
17BE
1811
1854
1887
18A9
18BB
18BC
18AC
188C
185C
181B
17CA
1768
16F7
1677
15E7
1549
149C
13E1
1318
1243
1161
1073
0F7A
0E77
0D69
0C52
0B33
0A0C
08DD
07A8
066D
052D
03EA
02A4
015B
0010
FEC5
FD7A
FC30
FAE7
F9A0
F85D
F71D
F5E2
F4AC
F37C
F252
F12F
F013
EF00
EDF5
ECF3
EBFA
EB0C
EA28
E94E
E87F
E7BB
E702
E655
E5B3
E51C
E491
E412
E39E
E336
E2D9
E288
E242
E207
E1D6
E1B0
E193
E180
E177
E176
E17D
E18B
E1A1
E1BE
E1E0
E208
E235
E266
E29B
E2D3
E30D
E348
E385
E3C3
E400
E43C
E477
E4AF
E4E5
E518
E547
E572
E599
E5BA
E5D6
E5EC
E5FB
E604
E606
E601
E5F4
E5E0
E5C4
E5A0
E574
E540
E504
E4C0
E475
E421
E3C6
E364
E2FB
E28B
E215
E199
E117
E090
E005
DF75
DEE1
DE4B
DDB2
DD17
DC7C
DBE0
DB44
DAA9
DA11
D97B
D8E8
D859
D7D0
D74C
D6CE
D658
D5EB
D585
D52A
D4D9
D493
D458
D42A
D409
D3F6
D3F1
D3FB
D414
D43D
D476
D4C0
D51A
D585
D602
D690
D730
D7E2
D8A6
D97C
DA64
DB5E
DC69
DD87
DEB5
DFF5
E145
E2A6
E417
E597
E726
E8C4
EA6F
EC27
EDEB
EFBB
F196
F37A
F568
F75E
F95B
FB5E
FD66
FF73
0182
0393
05A5
07B8
09C9
0BD8
0DE4
0FEB
11ED
13E8
15DC
17C8
19A9
1B80
1D4C
1F0B
20BC
225F
23F3
2576
26E9
284A
2999
2AD4
2BFC
2D10
2E0E
2EF8
2FCB
3089
3130
31C0
3239
329C
32E7
331B
3337
333C
332A
3301
32C1
326A
31FE
317B
30E3
3036
2F74
2E9E
2DB5
2CB9
2BAB
2A8C
295C
281D
26CE
2571
2406
228F
210D
1F80
1DE9
1C49
1AA2
18F3
1740
1587
13CB
120B
1049
0E86
0CC3
0B00
093F
0781
05C5
040E
025C
00B0
FF0B
FD6D
FBD7
FA49
F8C6
F74C
F5DC
F478
F320
F1D4
F094
EF61
EE3C
ED23
EC19
EB1D
EA2F
E94F
E87D
E7BA
E705
E65E
E5C5
E53B
E4BF
E451
E3F0
E39D
E357
E31E
E2F2
E2D2
E2BE
E2B5
E2B8
E2C5
E2DD
E2FF
E32A
E35E
E39B
E3E0
E42C
E47F
E4D9
E539
E59E
E608
E677
E6EA
E75F
E7D7
E852
E8D0
E94E
E9CF
EA50
EAD1
EB53
EBD4
EC55
ECD4
ED53
EDD0
EE4B
EEC3
EF3A
EFAE
F01F
F08D
F0F8
F160
F1C5
F226
F283
F2DD
F334
F387
F3D6
F422
F46A
F4AF
F4F1
F52F
F56A
F5A3
F5D8
F60B
F63B
F669
F694
F6BE
F6E6
F70B
F730
F753
F775
F796
F7B6
F7D6
F7F5
F814
F834
F853
F873
F893
F8B4
F8D6
F8F9
F91D
F943
F96A
F993
F9BE
F9EB
FA1A
FA4B
FA7E
FAB4
FAEB
FB25
FB62
FBA1
FBE2
FC26
FC6D
FCB6
FD02
FD51
FDA2
FDF6
FE4D
FEA6
FF02
FF61
FFC2
0026
008D
00F6
0161
01CF
023F
02B2
0327
039E
0417
0493
0510
058F
060F
0692
0716
079B
0822
08AB
0935
09C0
0A4C
0ADA
0B69
0BF9
0C89
0D1B
0DAE
0E41
0ED6
0F6B
1000
1096
112D
11C4
125B
12F3
138B
1423
14BA
1552
15E9
167F
1715
17A9
183D
18CF
1961
19F0
1A7F
1B0B
1B96
1C1E
1CA5
1D29
1DAB
1E29
1EA5
1F1E
1F94
2006
2075
20E0
2146
21A9
2206
2260
22B4
2303
234D
2391
23D0
2408
243A
2466
248B
24A9
24C0
24D0
24D7
24D7
24CF
24BF
24A7
2486
245D
242C
23F2
23AF
2364
2310
22B4
224F
21E1
216B
20ED
2066
1FD8
1F41
1EA2
1DFC
1D4E
1C99
1BDD
1B1A
1A51
1983
18AF
17D5
16F7
1614
152C
1441
1352
1261
116C
1076
0F7E
0E85
0D8C
0C92
0B99
0AA1
09AA
08B5
07C3
06D3
05E7
0500
041D
033F
0266
0194
00C9
0005
FF48
FE93
FDE7
FD45
FCAC
FC1D
FB99
FB20
FAB1
FA4E
F9F7
F9AC
F96C
F939
F912
F8F8
F8EA
F8E9
F8F4
F90C
F930
F960
F99D
F9E5
FA3A
FA99
FB05
FB7B
FBFB
FC86
FD1B
FDB9
FE60
FF10
FFC7
0087
014D
021A
02EC
03C4
04A1
0582
0667
074E
0838
0923
0A0F
0AFB
0BE6
0CD1
0DB9
0E9F
0F81
1060
113A
120F
12DE
13A7
1468
1522
15D4
167D
171D
17B3
183F
18C0
1936
19A1
1A00
1A53
1A99
1AD3
1B00
1B1F
1B32
1B37
1B2F
1B1A
1AF7
1AC7
1A8B
1A41
19EA
1987
1918
189C
1815
1782
16E5
163D
158B
14CF
140A
133D
1267
118A
10A6
0FBC
0ECC
0DD8
0CE0
0BE3
0AE4
09E2
08DE
07D9
06D3
05CE
04CA
03C7
02C6
01C8
00CD
FFD6
FEE4
FDF8
FD11
FC31
FB57
FA85
F9BB
F8F9
F841
F791
F6EB
F64F
F5BE
F537
F4BC
F44B
F3E6
F38E
F342
F301
F2CD
F2A5
F289
F279
F275
F27D
F292
F2B2
F2DE
F316
F359
F3A8
F401
F466
F4D5
F54E
F5D0
F65D
F6F3
F791
F838
F8E7
F99E
FA5D
FB22
FBED
FCBF
FD97
FE73
FF55
003A
0124
0211
0301
03F5
04EA
05E2
06DB
07D5
08D0
09CC
0AC8
0BC4
0CC0
0DBB
0EB6
0FAF
10A6
119D
1291
1383
1473
1561
164C
1735
181A
18FD
19DD
1AB9
1B93
1C68
1D3A
1E08
1ED3
1F99
205C
211C
21D7
228E
2342
23F2
249D
2545
25E8
2687
2722
27B9
284B
28D9
2963
29E7
2A68
2AE3
2B59
2BCA
2C36
2C9D
2CFE
2D5A
2DB0
2DFF
2E49
2E8C
2EC8
2EFD
2F2C
2F53
2F72
2F8A
2F99
2FA1
2F9F
2F95
2F81
2F64
2F3D
2F0C
2ED1
2E8B
2E3A
2DDD
2D76
2D02
2C82
2BF6
2B5E
2AB8
2A06
2947
287B
27A1
26B9
25C5
24C2
23B2
2294
2168
202F
1EE9
1D96
1C35
1AC8
194E
17C8
1636
1498
12EE
113A
0F7B
0DB2
0BE0
0A04
0820
0634
0441
0247
0047
FE42
FC38
FA2B
F81A
F608
F3F5
F1E1
EFCD
EDBB
EBAB
E99E
E795
E591
E393
E19D
DFAE
DDC8
DBED
DA1C
D857
D69E
D4F4
D357
D1CA
D04D
CEE1
CD87
CC3F
CB0A
C9E9
C8DD
C7E6
C704
C638
C583
C4E5
C45E
C3EE
C397
C358
C331
C322
C32C
C34E
C389
C3DB
C446
C4C9
C562
C613
C6DB
C7B9
C8AD
C9B6
CAD3
CC04
CD48
CE9F
D007
D180
D309
D4A1
D646
D7F9
D9B7
DB80
DD52
DF2D
E110
E2F8
E4E6
E6D8
E8CC
EAC2
ECB8
EEAD
F0A1
F291
F47C
F662
F841
FA18
FBE6
FDAB
FF64
0111
02B0
0442
05C5
0738
089B
09EC
0B2C
0C58
0D72
0E77
0F69
1045
110D
11BF
125C
12E2
1353
13AE
13F3
1422
143A
143D
142B
1404
13C8
1378
1314
129E
1214
1179
10CD
1010
0F43
0E67
0D7D
0C86
0B83
0A75
095C
083A
070F
05DE
04A6
0369
0228
00E4
FF9E
FE58
FD12
FBCD
FA8B
F94C
F811
F6DC
F5AE
F487
F368
F254
F149
F04A
EF57
EE71
ED98
ECCD
EC12
EB66
EACA
EA3E
E9C3
E95A
E902
E8BC
E889
E867
E858
E85C
E872
E89A
E8D4
E920
E97F
E9EE
EA6F
EB01
EBA3
EC54
ED15
EDE5
EEC2
EFAD
F0A4
F1A8
F2B7
F3D0
F4F3
F61E
F752
F88C
F9CD
FB13
FC5D
FDAA
FEFA
004C
019E
02EF
043F
058D
06D8
081E
0960
0A9C
0BD1
0CFE
0E23
0F3F
1051
1157
1253
1342
1425
14FA
15C2
167C
1727
17C3
1850
18CE
193B
1998
19E5
1A21
1A4D
1A69
1A74
1A6F
1A59
1A33
19FD
19B8
1963
18FF
188C
180B
177C
16DF
1636
1580
14BC
13ED
1314
1230
1144
104E
0F51
0E4C
0D41
0C30
0B1A
09FF
08E2
07C1
069F
057B
0457
0333
0210
00EE
FFCF
FEB4
FD9C
FC88
FB7A
FA71
F96E
F873
F77F
F692
F5AF
F4D4
F400
F335
F275
F1C0
F115
F075
EFE0
EF57
EEDA
EE68
EE02
EDA8
ED5B
ED19
ECE3
ECB9
EC9B
EC88
EC81
EC86
EC95
ECB0
ECD5
ED04
ED3E
ED81
EDCD
EE23
EE81
EEE7
EF55
EFCA
F044
F0C5
F14C
F1D9
F26A
F300
F39A
F438
F4D9
F57C
F622
F6C9
F771
F81A
F8C3
F96C
FA15
FABC
FB61
FC04
FCA5
FD43
FDDE
FE76
FF09
FF98
0023
00A9
012A
01A5
021B
028B
02F5
0359
03B6
040D
045D
04A7
04E9
0525
055A
0588
05AF
05CF
05E8
05FB
0607
060D
060C
0605
05F8
05E5
05CC
05AD
0589
0560
0532
04FF
04C8
048C
044D
0409
03C2
0378
032C
02DD
028B
0237
01E0
0188
012E
00D2
0076
0019
FFBB
FF5D
FEFF
FEA2
FE45
FDE9
FD8E
FD34
FCDC
FC86
FC32
FBE1
FB92
FB45
FAFC
FAB6
FA73
FA33
F9F8
F9C0
F98C
F95C
F931
F90A
F8E7
F8C9
F8AF
F89A
F889
F87D
F876
F873
F875
F87C
F888
F898
F8AD
F8C7
F8E5
F908
F92F
F95B
F98B
F9BF
F9F8
FA35
FA76
FABB
FB04
FB51
FBA1
FBF5
FC4C
FCA6
FD04
FD64
FDC8
FE2E
FE97
FF03
FF70
FFE0
0052
00C6
013C
01B3
022B
02A4
031F
039A
0416
0492
050F
058C
0608
0685
0701
077C
07F7
0871
08E9
0961
09D7
0A4C
0ABF
0B31
0BA1
0C0F
0C7B
0CE5
0D4D
0DB3
0E16
0E77
0ED5
0F31
0F8A
0FE0
1034
1085
10D3
111F
1168
11AE
11F2
1233
1271
12AD
12E7
131E
1352
1385
13B5
13E3
140F
1439
1462
1488
14AF
14D4
14F7
151A
153B
155B
157B
1599
15B8
15D5
15F3
1610
162D
164B
1668
1686
16A4
16C3
16E3
1704
1725
1748
176C
1791
17B7
17DF
1809
1834
1860
188F
18BF
18F1
1926
195D
1996
19D0
1A0D
1A4C
1A8D
1ACF
1B13
1B59
1BA1
1BE9
1C34
1C7F
1CCB
1D19
1D67
1DB5
1E04
1E53
1EA2
1EF1
1F3F
1F8D
1FDA
2025
2070
20B9
2100
2145
2187
21C8
2206
2241
227A
22AF
22E1
230F
2339
2360
2382
23A0
23B9
23CD
23DD
23E8
23ED
23ED
23E8
23DE
23CD
23B8
239C
237B
2354
2327
22F5
22BC
227F
223B
21F2
21A4
2150
20F7
2099
2037
1FD0
1F64
1EF4
1E80
1E08
1D8C
1D0D
1C8B
1C07
1B80
1AF6
1A6B
19DF
1951
18C3
1834
17A5
1717
1689
15FC
1571
14E7
1460
13DB
1358
12D9
125D
11E5
1172
1102
1098
1033
0FD3
0F78
0F24
0ED5
0E8C
0E49
0E0D
0DD7
0DA7
0D7F
0D5D
0D42
0D2E
0D20
0D1A
0D1A
0D21
0D2E
0D42
0D5D
0D7D
0DA4
0DD0
0E02
0E39
0E76
0EB7
0EFD
0F47
0F94
0FE6
103B
1093
10ED
114A
11A8
1207
1267
12C7
1327
1386
13E5
1442
149D
14F6
154B
159E
15ED
1638
167E
16C0
16FC
1732
1762
178D
17B0
17CC
17E1
17EF
17F5
17F2
17E8
17D6
17BB
1797
176B
1737
16F9
16B3
1664
160D
15AD
1544
14D3
145A
13D9
134F
12BF
1227
1188
10E2
1036
0F83
0ECB
0E0E
0D4B
0C84
0BB9
0AEB
0A19
0945
086E
0795
06BB
05E1
0507
042D
0353
027B
01A4
00D0
FFFE
FF30
FE65
FD9E
FCDB
FC1D
FB65
FAB2
FA05
F95E
F8BE
F825
F793
F709
F686
F60B
F598
F52C
F4C9
F46F
F41C
F3D2
F390
F356
F324
F2FA
F2D8
F2BE
F2AB
F29F
F29B
F29C
F2A5
F2B3
F2C7
F2E0
F2FF
F321
F348
F372
F3A0
F3D0
F402
F436
F46C
F4A1
F4D7
F50D
F542
F575
F5A6
F5D5
F601
F629
F64D
F66D
F688
F69C
F6AA
F6B3
F6B4
F6AF
F6A2
F68D
F670
F64B
F61E
F5E8
F5A9
F561
F50F
F4B5
F451
F3E4
F36E
F2EF
F266
F1D4
F13A
F097
EFEC
EF38
EE7D
EDBA
ECEF
EC1E
EB47
EA6A
E987
E89E
E7B1
E6C0
E5CB
E4D4
E3DA
E2DF
E1E3
E0E6
DFEA
DEEE
DDF5
DCFD
DC09
DB18
DA2B
D943
D860
D784
D6AE
D5E0
D51A
D45C
D3A7
D2FC
D25B
D1C4
D139
D0B9
D045
CFDD
CF82
CF33
CEF2
CEBE
CE98
CE80
CE76
CE7A
CE8C
CEAD
CEDC
CF19
CF64
CFBE
D025
D099
D11B
D1AA
D246
D2EE
D3A3
D462
D52D
D603
D6E3
D7CC
D8BF
D9BA
DABD
DBC7
DCD8
DDEF
DF0C
E02C
E150
E278
E3A2
E4CF
E5FD
E72B
E859
E986
EAB2
EBDC
ED02
EE25
EF44
F05E
F173
F281
F389
F48A
F582
F673
F75B
F839
F90E
F9D9
FA9A
FB4F
FBFA
FC9A
FD2E
FDB6
FE33
FEA2
FF06
FF5E
FFA9
FFE9
001D
0045
0061
0072
0077
0071
0060
0044
001E
FFEE
FFB4
FF71
FF25
FED0
FE74
FE0F
FDA3
FD31
FCB8
FC3A
FBB6
FB2D
FAA1
FA10
F97D
F8E7
F84E
F7B4
F719
F67D
F5E1
F546
F4AB
F413
F37C
F2E7
F255
F1C7
F13C
F0B5
F032
EFB4
EF3B
EEC8
EE59
EDF1
ED8E
ED31
ECDB
EC8B
EC42
EBFF
EBC2
EB8D
EB5E
EB36
EB15
EAFA
EAE5
EAD7
EACE
EACC
EAD0
EADA
EAE9
EAFE
EB19
EB38
EB5C
EB84
EBB1
EBE2
EC17
EC4F
EC8A
ECC8
ED09
ED4C
ED92
EDD9
EE21
EE6B
EEB6
EF02
EF4E
EF9A
EFE7
F033
F07F
F0CA
F115
F15E
F1A6
F1ED
F233
F277
F2BB
F2FC
F33D
F37C
F3BA
F3F6
F431
F46B
F4A3
F4DA
F510
F545
F57A
F5AD
F5E0
F613
F645
F677
F6A9
F6DC
F70F
F743
F777
F7AD
F7E4
F81D
F857
F892
F8D0
F910
F953
F999
F9E1
FA2C
FA7B
FACE
FB23
FB7D
FBDB
FC3C
FCA2
FD0C
FD7A
FDEC
FE63
FEDE
FF5D
FFE0
0068
00F4
0183
0217
02AF
034A
03E8
048A
052F
05D7
0681
072E
07DC
088C
093D
09EF
0AA2
0B55
0C08
0CBB
0D6D
0E1E
0ECD
0F7B
1026
10CE
1174
1216
12B4
134E
13E3
1473
14FE
1583
1602
167B
16ED
1758
17BC
1818
186C
18B8
18FC
1938
196A
1994
19B5
19CC
19DA
19DF
19DA
19CC
19B4
1992
1968
1933
18F6
18AF
185F
1807
17A5
173B
16C9
164F
15CD
1543
14B2
141B
137D
12D9
122F
1180
10CC
1014
0F57
0E99
0DD7
0D13
0C4D
0B84
0ABB
09F1
0926
085B
0791
06C8
0600
053A
0477
03B6
02F8
023D
0187
00D4
0027
FF7E
FEDA
FE3B
FDA3
FD10
FC83
FBFD
FB7D
FB04
FA92
FA27
F9C3
F967
F913
F8C5
F87E
F83F
F806
F7D4
F7AA
F785
F768
F751
F740
F736
F731
F732
F739
F746
F757
F76D
F788
F7A8
F7CB
F7F2
F81D
F84B
F87C
F8AF
F8E5
F91D
F957
F992
F9CE
FA0A
FA47
FA83
FAC0
FAFB
FB36
FB70
FBA9
FBE0
FC15
FC49
FC7A
FCA9
FCD6
FD00
FD28
FD4D
FD70
FD8F
FDAC
FDC6
FDDD
FDF1
FE02
FE11
FE1D
FE26
FE2D
FE32
FE34
FE34
FE32
FE2E
FE29
FE22
FE1A
FE10
FE05
FDFA
FDEE
FDE2
FDD5
FDC9
FDBC
FDB0
FDA5
FD9A
FD91
FD88
FD81
FD7B
FD77
FD75
FD75
FD77
FD7B
FD82
FD8B
FD97
FDA5
FDB6
FDCA
FDE1
FDFB
FE19
FE3A
FE5E
FE85
FEAF
FEDC
FF0C
FF3F
FF75
FFAD
FFE8
0025
0064
00A6
00EA
012F
0176
01BF
0208
0253
029F
02EC
0339
0386
03D4
0421
046E
04BB
0507
0552
059B
05E4
062C
0672
06B6
06F8
0739
0777
07B2
07EB
0822
0856
0887
08B6
08E2
090B
0932
0956
0977
0996
09B2
09CC
09E3
09F9
0A0C
0A1D
0A2C
0A3A
0A47
0A52
0A5C
0A65
0A6D
0A75
0A7D
0A85
0A8E
0A96
0A9F
0AA9
0AB4
0AC0
0ACE
0ADE
0AEF
0B02
0B18
0B30
0B4B
0B68
0B88
0BAC
0BD2
0BFC
0C29
0C5A
0C8D
0CC5
0D00
0D3E
0D7F
0DC4
0E0C
0E58
0EA6
0EF7
0F4D
0FA4
0FFF
105B
10B9
1119
117A
11DC
123F
12A1
1304
1366
13C6
1426
1483
14DE
1536
158B
15DC
1628
1670
16B3
16F0
1726
1756
177E
179F
17B8
17C8
17CF
17CD
17C1
17AB
178B
1760
172A
16E9
169D
1644
15E0
1570
14F3
146B
13D6
1335
1288
11CF
110A
1039
0F5C
0E75
0D82
0C84
0B7D
0A6B
0950
082C
06FF
05CB
048F
034C
0204
00B7
FF64
FE0D
FCB2
FB56
F9F8
F899
F73B
F5DF
F484
F32D
F1D9
F08B
EF42
EE01
ECC7
EB96
EA6F
E952
E840
E73B
E643
E559
E47D
E3B1
E2F6
E24B
E1B2
E12B
E0B7
E056
E00A
DFD1
DFAD
DF9D
DFA3
DFBE
DFEE
E035
E091
E103
E18B
E229
E2DC
E3A5
E482
E574
E67A
E793
E8C0
E9FF
EB50
ECB1
EE24
EFA5
F135
F2D3
F47D
F633
F7F3
F9BD
FB8F
FD68
FF47
012B
0312
04FB
06E6
08D0
0AB8
0C9D
0E7E
105A
122E
13FB
15BE
1776
1923
1AC2
1C53
1DD5
1F47
20A7
21F5
232F
2455
2565
2660
2744
2810
28C5
2961
29E3
2A4D
2A9C
2AD1
2AEC
2AED
2AD2
2A9D
2A4E
29E4
2960
28C2
280B
273B
2652
2552
243A
230C
21C9
2070
1F04
1D85
1BF4
1A53
18A1
16E2
1515
133C
1159
0F6C
0D77
0B7C
097B
0777
0570
0368
0161
FF5B
FD59
FB5B
F963
F772
F58A
F3AC
F1D9
F013
EE5A
ECB1
EB17
E98E
E817
E6B3
E562
E427
E300
E1F0
E0F7
E015
DF4A
DE98
DDFE
DD7C
DD14
DCC5
DC8E
DC71
DC6C
DC80
DCAC
DCF0
DD4C
DDBF
DE49
DEE8
DF9D
E065
E142
E230
E331
E442
E562
E691
E7CD
E915
EA68
EBC5
ED2A
EE96
F007
F17D
F2F6
F471
F5EC
F766
F8DD
FA51
FBBF
FD27
FE88
FFE0
012D
026F
03A5
04CE
05E7
06F2
07EC
08D4
09AA
0A6D
0B1D
0BB8
0C3F
0CAF
0D0A
0D4F
0D7E
0D95
0D96
0D80
0D53
0D10
0CB5
0C45
0BBE
0B22
0A70
09AA
08D0
07E2
06E2
05CF
04AC
0379
0236
00E5
FF88
FE1E
FCA9
FB2B
F9A4
F816
F683
F4EA
F34E
F1B0
F012
EE74
ECD7
EB3E
E9AA
E81B
E693
E514
E39E
E233
E0D4
DF81
DE3D
DD08
DBE3
DACF
D9CD
D8DE
D803
D73C
D689
D5EC
D565
D4F5
D49C
D45A
D430
D41E
D423
D441
D477
D4C4
D529
D5A6
D63A
D6E5
D7A6
D87D
D969
DA6A
DB7F
DCA7
DDE2
DF2F
E08C
E1F9
E375
E4FF
E696
E838
E9E6
EB9C
ED5B
EF20
F0EC
F2BD
F491
F668
F840
FA18
FBF0
FDC5
FF97
0164
032C
04ED
06A6
0856
09FD
0B99
0D2A
0EAE
1025
118E
12E8
1432
156D
1697
17B0
18B7
19AD
1A90
1B61
1C1F
1CCB
1D64
1DEA
1E5C
1EBD
1F0A
1F45
1F6E
1F85
1F8B
1F7F
1F63
1F37
1EFB
1EB0
1E57
1DF1
1D7D
1CFD
1C71
1BDB
1B3B
1A92
19E0
1928
1868
17A3
16D9
160C
153B
1468
1394
12C0
11EC
111A
1049
0F7B
0EB0
0DE9
0D28
0C6B
0BB5
0B05
0A5D
09BC
0924
0894
080E
0791
071E
06B4
0656
0601
05B8
0579
0544
051B
04FC
04E8
04DE
04DF
04EA
04FF
051D
0544
0574
05AC
05ED
0635
0684
06DA
0735
0797
07FD
0868
08D6
0947
09BB
0A32
0AA9
0B21
0B99
0C10
0C87
0CFB
0D6D
0DDD
0E48
0EB0
0F13
0F71
0FCA
101C
1068
10AE
10EC
1121
1150
1176
1194
11A9
11B6
11BA
11B5
11A7
1190
116F
1146
1113
10D8
1093
1046
0FF0
0F92
0F2B
0EBC
0E46
0DC8
0D43
0CB8
0C26
0B8D
0AF0
0A4D
09A5
08F9
084A
0797
06E2
062B
0573
04B9
03FE
0343
0289
01CF
0116
005F
FFAA
FEF7
FE48
FD9C
FCF4
FC4F
FBB0
FB15
FA7F
F9EF
F965
F8E0
F862
F7EA
F778
F70E
F6AA
F64D
F5F7
F5A8
F560
F51E
F4E5
F4B2
F486
F461
F442
F42A
F418
F40B
F405
F404
F409
F413
F422
F435
F44D
F46A
F48A
F4AE
F4D5
F500
F52D
F55D
F58F
F5C3
F5F9
F631
F669
F6A3
F6DD
F718
F753
F78D
F7C7
F800
F839
F870
F8A7
F8DC
F910
F943
F974
F9A3
F9D1
F9FD
FA27
FA50
FA76
FA9B
FABE
FADF
FAFF
FB1D
FB39
FB54
FB6D
FB86
FB9D
FBB3
FBC8
FBDD
FBF1
FC04
FC18
FC2B
FC3F
FC54
FC69
FC7E
FC94
FCAC
FCC4
FCDD
FCF8
FD14
FD32
FD51
FD72
FD95
FDB9
FDDF
FE07
FE31
FE5D
FE8A
FEB9
FEEA
FF1D
FF51
FF86
FFBC
FFF4
002D
0066
00A1
00DB
0116
0153
018F
01CA
0205
023F
0278
02AF
02E5
0319
034B
037A
03A7
03D1
03F8
041B
043B
0457
0470
0484
0494
049F
04A6
04A9
04A6
049F
0492
0480
046A
044D
042C
0406
03DA
03A8
0371
0335
02F4
02AE
0263
0214
01C0
0168
010C
00AD
004B
FFE6
FF7E
FF14
FEA8
FE3A
FDCC
FD5D
FCEE
FC7F
FC11
FBA5
FB39
FAD0
FA6A
FA07
F9A7
F94B
F8F3
F8A1
F853
F80A
F7C7
F78B
F755
F726
F6FF
F6E0
F6C9
F6BA
F6B3
F6B6
F6C1
F6D5
F6F2
F718
F747
F780
F7C1
F80B
F85E
F8BA
F91E
F98A
F9FE
FA7A
FAFD
FB87
FC17
FCAE
FD49
FDEA
FE90
FF39
FFE6
0096
0147
01FB
02AF
0364
0418
04CB
057C
062B
06D6
077D
081F
08BB
0952
09E1
0A69
0AE8
0B5E
0BCB
0C2D
0C84
0CCF
0D0E
0D41
0D66
0D7E
0D88
0D84
0D70
0D4E
0D1C
0CDB
0C89
0C28
0BB8
0B38
0AA8
0A08
0959
089B
07CE
06F3
060A
0513
040F
02FE
01E1
00B9
FF86
FE49
FD04
FBB5
FA60
F904
F7A2
F63B
F4D1
F364
F1F6
F087
EF18
EDAB
EC40
EAD9
E977
E81B
E6C6
E578
E435
E2FB
E1CD
E0AB
DF96
DE90
DD98
DCB1
DBDB
DB16
DA64
D9C4
D939
D8C2
D860
D813
D7DC
D7BB
D7B0
D7BC
D7DF
D819
D86A
D8D2
D951
D9E7
DA94
DB57
DC31
DD1F
DE23
DF3B
E067
E1A5
E2F6
E458
E5CA
E74C
E8DC
EA7A
EC23
EDD8
EF97
F15E
F32D
F502
F6DC
F8B9
FA98
FC78
FE57
0034
020E
03E3
05B2
0779
0938
0AED
0C97
0E35
0FC5
1146
12B7
1417
1565
16A0
17C6
18D8
19D3
1AB9
1B87
1C3D
1CDB
1D61
1DCD
1E20
1E5A
1E7A
1E80
1E6C
1E3F
1DF8
1D99
1D20
1C8F
1BE7
1B27
1A50
1964
1863
174C
1623
14E7
139A
123D
10D0
0F57
0DD0
0C3F
0AA4
0900
0755
05A5
03F1
023B
0083
FECC
FD17
FB66
F9B9
F813
F675
F4E0
F356
F1D9
F069
EF07
EDB6
EC77
EB4A
EA30
E92B
E83B
E761
E69F
E5F5
E564
E4EC
E48E
E44A
E421
E413
E421
E44A
E48F
E4EF
E56A
E600
E6B2
E77D
E863
E962
EA79
EBA9
ECF0
EE4D
EFC0
F147
F2E1
F48E
F64C
F819
F9F5
FBDE
FDD3
FFD3
01DB
03EB
0601
081B
0A38
0C56
0E74
1091
12AA
14BE
16CB
18D1
1ACD
1CBF
1EA4
207C
2245
23FD
25A4
2738
28B9
2A25
2B7A
2CB9
2DE1
2EF0
2FE6
30C2
3184
322B
32B8
3329
337F
33B9
33D8
33DB
33C2
338E
333E
32D4
3250
31B2
30FC
302C
2F45
2E47
2D33
2C0B
2ACE
297E
281D
26AB
2529
239A
21FD
2055
1EA3
1CE9
1B27
195F
1793
15C4
13F5
1225
1057
0E8C
0CC5
0B03
0949
0797
05EE
0450
02BE
013A
FFC3
FE5C
FD05
FBBF
FA8B
F96A
F85D
F764
F67F
F5B0
F4F7
F454
F3C7
F351
F2F1
F2A8
F276
F25A
F255
F265
F28C
F2C8
F319
F37E
F3F7
F483
F521
F5D0
F68F
F75E
F83B
F926
FA1D
FB1F
FC2C
FD41
FE5D
FF80
00A8
01D4
0302
0431
0560
068E
07B8
08DF
0A00
0B1B
0C2D
0D37
0E36
0F2A
1011
10EB
11B6
1271
131C
13B6
143D
14B2
1513
1560
1598
15BB
15C8
15BF
15A0
156B
151F
14BC
1443
13B3
130D
1251
117F
1098
0F9C
0E8B
0D67
0C2F
0AE6
098A
081E
06A2
0519
0382
01DD
002E
FE73
FCAF
FAE3
F910
F737
F55A
F37A
F197
EFB4
EDD2
EBF2
EA15
E83C
E66A
E49F
E2DC
E123
DF75
DDD2
DC3D
DAB7
D93F
D7D9
D683
D540
D410
D2F4
D1EC
D0FD
D023
CF60
CEB4
CE20
CDA5
CD41
CCF6
CCC5
CCAC
CCAC
CCC6
CCF8
CD44
CDA8
CE25
CEBA
CF67
D02C
D107
D1F8
D300
D41C
D54D
D692
D7E9
D953
DACE
DC59
DDF3
DF9B
E151
E313
E4E0
E6B8
E898
EA81
EC70
EE65
F05F
F25C
F45B
F65C
F85D
FA5D
FC5A
FE55
004B
023C
0427
060B
07E7
09B9
0B82
0D40
0EF3
1099
1232
13BD
153A
16A9
1807
1956
1A94
1BC1
1CDD
1DE8
1EE1
1FC8
209D
215F
2210
22AE
233A
23B4
241B
2471
24B4
24E6
2507
2516
2514
2502
24DF
24AD
246B
241B
23BB
234E
22D3
224B
21B7
2116
206A
1FB3
1EF2
1E27
1D54
1C77
1B93
1AA6
19B3
18BA
17BA
16B5
15AC
149E
138C
1278
1160
1047
0F2C
0E0F
0CF2
0BD4
0AB6
0999
087C
0761
0646
052E
0418
0304
01F2
00E3
FFD7
FECF
FDCA
FCC7
FBC8
FACD
F9D6
F8E3
F7F3
F708
F621
F53F
F460
F386
F2B1
F1E0
F113
F04B
EF87
EEC9
EE0E
ED58
ECA7
EBFB
EB53
EAB0
EA12
E978
E8E3
E853
E7C8
E741
E6C0
E643
E5CC
E557
E4E8
E47F
E41A
E3BB
E361
E30D
E2BE
E275
E232
E1F4
E1BC
E18A
E15E
E138
E118
E0FF
E0EB
E0DD
E0D6
E0D5
E0DB
E0E6
E0F8
E111
E12F
E154
E180
E1B2
E1EA
E228
E26C
E2B7
E308
E35F
E3BB
E41E
E486
E4F4
E567
E5E0
E65D
E6DF
E766
E7F1
E880
E912
E9A8
EA41
EADD
EB7B
EC1C
ECBE
ED61
EE05
EEAA
EF4F
EFF4
F098
F13B
F1DC
F27C
F319
F3B4
F44B
F4E0
F570
F5FB
F682
F703
F77F
F7F5
F865
F8CE
F930
F98A
F9DD
FA29
FA6C
FAA7
FAD9
FB03
FB24
FB3C
FB4B
FB50
FB4D
FB40
FB2A
FB0A
FAE2
FAB0
FA75
FA31
F9E4
F98F
F930
F8C8
F859
F7E1
F762
F6DC
F650
F5BD
F523
F485
F3E1
F338
F28B
F1DA
F126
F06F
EFB6
EEFB
EE3F
ED82
ECC5
EC09
EB4D
EA93
E9DB
E925
E872
E7C3
E719
E672
E5D1
E536
E4A0
E411
E389
E308
E28F
E21E
E1B5
E155
E0FE
E0B0
E06C
E032
E001
DFDB
DFBE
DFAC
DFA4
DFA7
DFB3
DFCA
DFEB
E016
E04B
E08A
E0D2
E123
E17E
E1E1
E24D
E2C1
E33D
E3C1
E44D
E4E0
E579
E618
E6BC
E765
E812
E8C3
E978
EA2F
EAE9
EBA4
EC60
ED1E
EDDC
EE99
EF56
F011
F0CB
F183
F238
F2EA
F399
F444
F4EB
F58D
F62A
F6C2
F755
F7E1
F868
F8E8
F963
F9D7
FA44
FAA9
FB08
FB60
FBB1
FBFA
FC3D
FC78
FCAD
FCDB
FD02
FD23
FD3E
FD53
FD63
FD6D
FD72
FD72
FD6F
FD67
FD5C
FD4E
FD3E
FD2B
FD17
FD02
FCEB
FCD5
FCBF
FCA9
FC94
FC80
FC6E
FC5F
FC53
FC4B
FC47
FC47
FC4C
FC56
FC66
FC7B
FC97
FCB9
FCE2
FD12
FD4A
FD88
FDCE
FE1C
FE72
FECF
FF35
FFA2
0017
0093
0118
01A3
0236
02D0
0371
0418
04C5
0579
0631
06EF
07B2
0879
0944
0A13
0AE4
0BB7
0C8C
0D63
0E39
0F0F
0FE5
10B9
118B
125A
1325
13ED
14AF
156C
1623
16D2
177A
181A
18B2
193F
19C3
1A3C
1AAA
1B0D
1B63
1BAD
1BEA
1C19
1C3B
1C4F
1C54
1C4B
1C34
1C0D
1BD7
1B92
1B3F
1ADC
1A6A
19E9
195A
18BC
180F
1755
168D
15B8
14D6
13E8
12EE
11E9
10D8
0FBE
0E9A
0D6E
0C39
0AFE
09BB
0872
0724
05D2
047D
0325
01CB
0071
FF18
FDBF
FC69
FB16
F9C7
F87D
F739
F5FC
F4C7
F39A
F278
F15F
F052
EF51
EE5D
ED77
EC9E
EBD5
EB1C
EA72
E9DA
E953
E8DD
E87A
E828
E7EA
E7BE
E7A5
E79F
E7AD
E7CE
E802
E84A
E8A5
E913
E993
EA26
EACB
EB82
EC4B
ED24
EE0E
EF07
F010
F127
F24B
F37D
F4BB
F604
F758
F8B6
FA1C
FB89
FCFE
FE78
FFF7
017A
02FF
0486
060D
0793
0918
0A9A
0C18
0D92
0F05
1071
11D6
1331
1483
15C9
1705
1833
1954
1A67
1B6A
1C5E
1D42
1E15
1ED6
1F85
2021
20AB
2121
2183
21D1
220B
2231
2242
2240
2228
21FC
21BC
2168
2101
2085
1FF7
1F56
1EA3
1DDE
1D08
1C21
1B2B
1A25
1911
17F0
16C2
1588
1442
12F3
119B
103A
0ED3
0D65
0BF2
0A7B
0901
0785
0609
048C
0311
0199
0024
FEB3
FD47
FBE2
FA84
F92E
F7E1
F69E
F566
F439
F319
F207
F102
F00B
EF24
EE4C
ED85
ECCF
EC29
EB95
EB13
EAA4
EA46
E9FB
E9C2
E99C
E989
E988
E999
E9BD
E9F4
EA3C
EA96
EB00
EB7B
EC06
ECA0
ED49
EE00
EEC5
EF96
F074
F15D
F251
F34E
F454
F562
F677
F792
F8B3
F9D7
FAFF
FC2A
FD56
FE82
FFAE
00D8
0200
0325
0445
0561
0676
0784
088B
0989
0A7E
0B69
0C49
0D1D
0DE6
0EA2
0F50
0FF1
1083
1107
117C
11E2
1238
127E
12B5
12DB
12F1
12F7
12ED
12D3
12A9
1270
1226
11CE
1167
10F2
106E
0FDD
0F3F
0E95
0DDE
0D1C
0C50
0B7A
0A9A
09B2
08C3
07CD
06D0
05CF
04CA
03C1
02B5
01A8
009B
FF8E
FE82
FD77
FC70
FB6D
FA6F
F976
F884
F799
F6B6
F5DC
F50C
F446
F38B
F2DC
F23A
F1A5
F11D
F0A4
F039
EFDE
EF92
EF56
EF2A
EF0F
EF04
EF0A
EF21
EF49
EF83
EFCD
F028
F095
F112
F19F
F23D
F2EB
F3A9
F476
F552
F63C
F734
F83A
F94C
FA6B
FB95
FCCB
FE0A
FF53
00A5
0200
0361
04CA
0638
07AB
0923
0A9E
0C1B
0D9A
0F1A
109A
121A
1397
1512
168A
17FE
196D
1AD6
1C39
1D94
1EE8
2033
2175
22AD
23DB
24FE
2615
2720
281E
2910
29F4
2ACA
2B92
2C4C
2CF7
2D94
2E22
2EA1
2F10
2F71
2FC2
3004
3037
305B
3071
3077
3070
305A
3036
3004
2FC5
2F79
2F20
2EBB
2E4A
2DCE
2D47
2CB5
2C19
2B74
2AC6
2A10
2952
288C
27BF
26EB
2612
2534
2451
236A
2280
2192
20A2
1FB0
1EBD
1DC9
1CD5
1BE1
1AED
19FB
190A
181C
1730
1646
1560
147E
139F
12C5
11EF
111E
1051
0F8A
0EC8
0E0C
0D55
0CA4
0BF9
0B54
0AB4
0A1B
0987
08F9
0871
07EF
0772
06FB
068A
061D
05B6
0554
04F7
049E
044A
03F9
03AD
0365
0320
02DE
029F
0263
0229
01F2
01BD
018A
0158
0127
00F8
00C9
009B
006D
0040
0014
FFE7
FFBA
FF8D
FF60
FF32
FF04
FED4
FEA4
FE73
FE41
FE0E
FDDA
FDA5
FD6F
FD37
FCFF
FCC5
FC8A
FC4F
FC12
FBD5
FB97
FB59
FB1A
FADB
FA9C
FA5C
FA1C
F9DD
F99F
F961
F924
F8E8
F8AE
F875
F83E
F80A
F7D7
F7A7
F77A
F74F
F728
F704
F6E3
F6C6
F6AE
F699
F688
F67C
F675
F672
F674
F67B
F687
F698
F6AE
F6C9
F6EA
F710
F73A
F76A
F79F
F7D9
F817
F85B
F8A3
F8F0
F942
F998
F9F2
FA51
FAB3
FB19
FB82
FBEF
FC5F
FCD2
FD47
FDBF
FE39
FEB4
FF31
FFB0
002F
00AE
012E
01AE
022D
02AC
0329
03A5
041F
0496
050C
057E
05EE
065A
06C2
0727
0787
07E2
0838
088A
08D5
091B
095C
0995
09C9
09F6
0A1C
0A3B
0A53
0A64
0A6E
0A70
0A6B
0A5E
0A49
0A2D
0A09
09DD
09AA
096F
092D
08E3
0892
083A
07DB
0775
0709
0696
061E
059F
051B
0492
0403
0370
02D9
023D
019E
00FB
0056
FFAD
FF03
FE57
FDA9
FCFA
FC4B
FB9B
FAEC
FA3D
F98F
F8E3
F839
F791
F6EB
F649
F5AA
F50F
F479
F3E7
F35B
F2D4
F252
F1D7
F163
F0F5
F08F
F031
EFDA
EF8C
EF46
EF08
EED4
EEA9
EE87
EE6F
EE61
EE5C
EE61
EE71
EE8A
EEAE
EEDC
EF15
EF57
EFA4
EFFC
F05D
F0C8
F13E
F1BD
F245
F2D7
F371
F415
F4C1
F576
F632
F6F6
F7C2
F894
F96D
FA4C
FB31
FC1B
FD0B
FDFE
FEF5
FFF0
00EE
01EF
02F1
03F5
04FA
05FF
0704
0808
090B
0A0C
0B0A
0C07
0D00
0DF5
0EE6
0FD2
10BA
119B
1276
134B
1418
14DE
159B
1650
16FD
179F
1838
18C7
194C
19C6
1A35
1A98
1AF0
1B3C
1B7D
1BB1
1BD9
1BF4
1C03
1C05
1BF9
1BE0
1BBB
1B8A
1B4C
1B02
1AAC
1A4A
19DC
1963
18DF
1850
17B7
1714
1666
15B0
14F0
1429
1359
1281
11A3
10BE
0FD3
0EE3
0DEE
0CF5
0BF9
0AF9
09F8
08F4
07F0
06EB
05E5
04E0
03DD
02DC
01DE
00E3
FFEC
FEFB
FE0E
FD28
FC48
FB6F
FA9E
F9D6
F916
F85F
F7B2
F70F
F677
F5EB
F569
F4F3
F48A
F42D
F3DC
F399
F362
F339
F31D
F30E
F30E
F31A
F335
F35E
F394
F3D7
F428
F485
F4EF
F566
F5E9
F678
F712
F7B8
F868
F922
F9E6
FAB3
FB89
FC67
FD4C
FE38
FF2B
0023
0120
0222
0327
042E
0539
0644
0751
085D
0969
0A74
0B7D
0C84
0D87
0E86
0F81
1076
1165
124E
132F
1408
14DA
15A2
1661
1716
17C1
1861
18F6
1980
19FE
1A70
1AD6
1B2F
1B7C
1BBC
1BEF
1C16
1C2F
1C3C
1C3C
1C30
1C16
1BF1
1BC0
1B83
1B3B
1AE7
1A88
1A1F
19AC
192F
18A9
181A
1783
16E5
163F
1593
14E1
142A
136F
12AF
11EC
1127
105F
0F96
0ECD
0E03
0D3A
0C73
0BAE
0AEB
0A2B
096F
08B8
0806
075A
06B3
0614
057C
04EB
0462
03E2
036A
02FB
0295
0239
01E6
019D
015E
0129
00FD
00DC
00C5
00B8
00B4
00BA
00CA
00E2
0103
012D
0160
019A
01DB
0223
0272
02C7
0322
0381
03E5
044D
04B9
0526
0596
0608
067A
06ED
075F
07CF
083F
08AB
0915
097B
09DD
0A39
0A91
0AE2
0B2D
0B71
0BAD
0BE1
0C0C
0C2F
0C48
0C58
0C5E
0C5A
0C4B
0C32
0C0E
0BDF
0BA5
0B60
0B10
0AB5
0A50
09E0
0965
08E1
0852
07BA
0719
066F
05BD
0503
0442
037B
02AD
01DA
0102
0026
FF47
FE66
FD82
FC9D
FBB9
FAD4
F9F2
F911
F833
F75A
F685
F5B6
F4EF
F42E
F375
F2C5
F21E
F182
F0F0
F06A
EFF0
EF83
EF23
EED1
EE8D
EE58
EE33
EE1C
EE16
EE20
EE3A
EE64
EEA0
EEEB
EF48
EFB5
F032
F0C0
F15E
F20C
F2C9
F396
F471
F55C
F654
F759
F86B
F989
FAB3
FBE6
FD24
FE6A
FFB9
010E
0269
03CA
052F
0697
0801
096C
0AD7
0C41
0DA9
0F0E
106F
11CA
131F
146C
15B1
16ED
181E
1943
1A5D
1B69
1C67
1D54
1E32
1EFF
1FBB
2065
20FD
2182
21F3
2250
229A
22CE
22EE
22F9
22EF
22D0
229B
2251
21F2
217E
20F6
2059
1FA9
1EE4
1E0D
1D23
1C27
1B1A
19FD
18CF
1792
1647
14EF
1389
1217
109B
0F15
0D87
0BF1
0A54
08B3
070D
0564
03B9
020D
0061
FEB7
FD0F
FB6B
F9CB
F831
F69E
F513
F390
F217
F0A8
EF45
EDEE
ECA4
EB68
EA3A
E91C
E80D
E70E
E620
E544
E479
E3BF
E318
E282
E1FF
E18E
E130
E0E3
E0A9
E080
E069
E064
E06F
E08B
E0B6
E0F2
E13C
E195
E1FB
E26E
E2EE
E379
E40E
E4AE
E557
E607
E6BF
E77D
E841
E908
E9D4
EAA2
EB71
EC41
ED11
EDE0
EEAD
EF77
F03D
F0FE
F1BA
F26F
F31E
F3C4
F463
F4F8
F584
F606
F67D
F6E9
F749
F79E
F7E6
F823
F852
F876
F88C
F896
F894
F885
F869
F842
F80F
F7D0
F787
F732
F6D4
F66C
F5FC
F583
F502
F47B
F3ED
F359
F2C1
F225
F186
F0E4
F041
EF9D
EEFA
EE58
EDB7
ED19
EC7F
EBEA
EB5A
EAD0
EA4C
E9D1
E95E
E8F4
E894
E83F
E7F4
E7B6
E784
E75F
E747
E73C
E73F
E751
E770
E79E
E7DB
E826
E880
E8E9
E960
E9E5
EA77
EB18
EBC6
EC80
ED47
EE19
EEF7
EFDF
F0D0
F1CB
F2CE
F3D9
F4EA
F601
F71C
F83C
F95E
FA82
FBA7
FCCB
FDEE
FF0F
002D
0146
0259
0366
046B
0568
065B
0744
0821
08F1
09B5
0A6A
0B10
0BA7
0C2D
0CA3
0D06
0D58
0D97
0DC3
0DDB
0DE0
0DD1
0DAD
0D76
0D2A
0CCA
0C56
0BCE
0B32
0A83
09C2
08ED
0807
0710
0608
04EF
03C8
0292
014E
FFFE
FEA2
FD3C
FBCC
FA53
F8D3
F74D
F5C2
F433
F2A1
F10E
EF7C
EDEA
EC5C
EAD1
E94B
E7CC
E655
E4E6
E383
E22C
E0E1
DFA4
DE76
DD58
DC4C
DB51
DA69
D995
D8D6
D82C
D798
D71B
D6B6
D668
D632
D615
D610
D625
D653
D69A
D6FA
D773
D805
D8B0
D973
DA4E
DB40
DC4A
DD69
DE9E
DFE8
E145
E2B6
E439
E5CC
E770
E923
EAE4
ECB2
EE8B
F06F
F25C
F450
F64C
F84C
FA50
FC57
FE5F
0067
026E
0471
0671
086C
0A5F
0C4B
0E2E
1006
11D3
1394
1547
16EB
187F
1A00
1B70
1CCE
1E19
1F4F
2072
217F
2277
2358
2424
24D9
2577
25FE
266E
26C7
2708
2733
2747
2745
272C
26FD
26B9
2660
25F3
2572
24DE
2437
237F
22B6
21DD
20F5
1FFF
1EFA
1DEA
1CCE
1BA8
1A79
1942
1803
16BE
1575
1427
12D6
1183
1030
0EDC
0D89
0C38
0AEA
09A0
085A
071A
05E0
04AD
0381
025D
0143
0032
FF2A
FE2E
FD3B
FC54
FB79
FAA9
F9E6
F930
F885
F7E7
F755
F6CF
F655
F5E7
F584
F52D
F4E1
F4A0
F46A
F43D
F41B
F401
F3F0
F3E8
F3E6
F3EC
F3F9
F40B
F423
F43F
F45F
F482
F4A9
F4D1
F4FA
F525
F54F
F579
F5A2
F5C9
F5EE
F610
F62F
F64A
F660
F672
F67F
F686
F688
F684
F679
F668
F651
F633
F60E
F5E3
F5B1
F578
F539
F4F4
F4A8
F457
F400
F3A3
F342
F2DC
F272
F204
F193
F11F
F0AA
F032
EFB9
EF40
EEC6
EE4D
EDD5
ED5F
ECEB
EC79
EC0B
EBA1
EB3B
EADA
EA7F
EA2A
E9DC
E995
E955
E91D
E8EE
E8C7
E8A9
E894
E889
E888
E891
E8A3
E8C0
E8E8
E919
E955
E99D
E9EF
EA4C
EAB2
EB21
EB9A
EC1B
ECA5
ED36
EDCF
EE70
EF16
EFC3
F075
F12B
F1E5
F2A3
F363
F425
F4E8
F5AC
F66E
F730
F7F0
F8AD
F966
FA1B
FACB
FB75
FC18
FCB4
FD48
FDD4
FE57
FED0
FF3E
FFA2
FFFA
0045
0085
00B7
00DC
00F4
00FE
00FA
00E8
00C7
0099
005D
0012
FFBA
FF54
FEE0
FE60
FDD3
FD39
FC94
FBE4
FB29
FA64
F996
F8BF
F7E0
F6FB
F60F
F51D
F428
F32F
F234
F138
F03B
EF3F
EE45
ED4E
EC5B
EB6D
EA85
E9A4
E8CB
E7FC
E736
E67C
E5CE
E52D
E49A
E416
E3A2
E33E
E2EC
E2AB
E27D
E262
E25B
E268
E28A
E2C0
E30D
E36F
E3E7
E475
E518
E5D1
E69F
E782
E87A
E986
EAA7
EBDB
ED22
EE7B
EFE6
F162
F2EE
F48A
F633
F7EA
F9AD
FB7A
FD52
FF33
011B
030A
04FD
06F5
08EE
0AE9
0CE3
0EDC
10D3
12C6
14B3
1698
1875
1A49
1C10
1DCC
1F7A
2118
22A7
2424
258F
26E7
282A
2958
2A70
2B71
2C5A
2D2B
2DE3
2E82
2F07
2F72
2FC3
2FF9
3014
3014
2FFA
2FC4
2F75
2F0B
2E87
2DEA
2D33
2C65
2B7F
2A82
2970
2848
270C
25BD
245C
22EA
2169
1FD8
1E3B
1C91
1ADC
191F
1759
158C
13BB
11E6
100E
0E36
0C5E
0A88
08B6
06E8
0521
0362
01AB
FFFF
FE5D
FCC8
FB41
F9CA
F863
F70C
F5C9
F498
F37B
F273
F180
F0A3
EFDD
EF2D
EE95
EE15
EDAC
ED5B
ED23
ED02
ECF9
ED07
ED2D
ED6A
EDBD
EE26
EEA5
EF38
EFDF
F099
F166
F244
F333
F431
F53D
F656
F77C
F8AC
F9E5
FB26
FC6E
FDBC
FF0D
0061
01B7
030C
0460
05B1
06FD
0844
0984
0ABB
0BE9
0D0C
0E22
0F2C
1026
1112
11EC
12B5
136B
140E
149D
1517
157A
15C8
15FF
161E
1625
1615
15EC
15AB
1552
14E0
1455
13B3
12F8
1227
113D
103E
0F28
0DFD
0CBD
0B69
0A02
0888
06FE
0563
03B9
0201
003C
FE6B
FC90
FAAB
F8BF
F6CC
F4D4
F2D8
F0DA
EEDA
ECDB
EADD
E8E2
E6EB
E4FA
E311
E12F
DF57
DD8A
DBC9
DA15
D870
D6DA
D554
D3E0
D27F
D131
CFF7
CED1
CDC2
CCC8
CBE6
CB1A
CA67
C9CB
C947
C8DC
C88A
C851
C831
C82A
C83B
C863
C8A4
C8FC
C96B
C9F0
CA8B
CB3A
CBFF
CCD7
CDC1
CEBE
CFCC
D0E9
D216
D351
D498
D5EB
D749
D8B1
DA21
DB98
DD14
DE96
E01B
E1A2
E32A
E4B3
E639
E7BE
E940
EABC
EC33
EDA3
EF0B
F069
F1BE
F308
F446
F577
F69B
F7B1
F8B8
F9AF
FA97
FB6D
FC33
FCE7
FD8A
FE1A
FE99
FF04
FF5E
FFA4
FFD9
FFFB
000B
0009
FFF5
FFD0
FF99
FF53
FEFC
FE96
FE21
FD9D
FD0C
FC6E
FBC4
FB0F
FA4F
F986
F8B4
F7DA
F6FA
F613
F527
F438
F345
F250
F15A
F064
EF6F
EE7C
ED8B
EC9E
EBB5
EAD2
E9F5
E920
E852
E78D
E6D1
E620
E57A
E4DF
E450
E3CE
E358
E2EF
E294
E247
E208
E1D7
E1B5
E1A2
E19E
E1A9
E1C2
E1EA
E221
E267
E2BB
E31C
E38C
E408
E492
E529
E5CB
E679
E732
E7F5
E8C3
E999
EA79
EB60
EC4F
ED45
EE40
EF41
F046
F14E
F259
F366
F474
F583
F691
F79E
F8A8
F9B0
FAB5
FBB5
FCB0
FDA6
FE95
FF7D
005E
0136
0206
02CD
038A
043C
04E4
0582
0614
069A
0715
0783
07E5
083B
0885
08C3
08F5
091B
0934
0942
0944
093B
0926
0906
08DC
08A7
0868
0820
07CE
0774
0712
06A7
0636
05BE
0540
04BD
0434
03A8
0317
0284
01EE
0157
00BF
0026
FF8D
FEF5
FE5E
FDCA
FD38
FCAA
FC1F
FB99
FB18
FA9C
FA26
F9B7
F94F
F8ED
F894
F843
F7FA
F7BA
F783
F755
F730
F715
F704
F6FD
F6FF
F70C
F722
F742
F76C
F79F
F7DC
F823
F873
F8CC
F92D
F997
FA08
FA81
FB01
FB87
FC13
FCA5
FD3C
FDD8
FE78
FF1B
FFC1
006A
0114
01BF
026B
0317
03C2
046C
0513
05B8
065A
06F9
0792
0827
08B7
0940
09C3
0A3E
0AB3
0B1F
0B83
0BDE
0C2F
0C77
0CB5
0CE9
0D11
0D2F
0D42
0D49
0D45
0D35
0D19
0CF1
0CBE
0C7E
0C32
0BDA
0B77
0B08
0A8E
0A08
0977
08DB
0835
0785
06CB
0608
053C
0468
038C
02A9
01BE
00CE
FFD7
FEDC
FDDC
FCD7
FBD0
FAC6
F9BA
F8AD
F79F
F691
F584
F479
F36F
F269
F166
F067
EF6E
EE79
ED8B
ECA4
EBC4
EAED
EA1E
E958
E89B
E7E9
E742
E6A7
E618
E594
E51D
E4B2
E454
E402
E3BF
E388
E35F
E344
E337
E337
E346
E362
E38C
E3C4
E40A
E45C
E4BD
E52A
E5A3
E62A
E6BC
E75A
E803
E8B7
E975
EA3D
EB0F
EBE9
ECCB
EDB5
EEA6
EF9E
F09A
F19C
F2A1
F3AA
F4B6
F5C3
F6D1
F7E0
F8EE
F9FB
FB07
FC0F
FD14
FE15
FF11
0007
00F7
01E0
02C2
039B
046B
0531
05ED
069F
0745
07E0
086E
08F0
0965
09CC
0A25
0A71
0AAE
0ADD
0AFC
0B0D
0B0F
0B02
0AE6
0ABB
0A80
0A37
09DF
0978
0903
0880
07EF
0750
06A5
05EC
0527
0457
037B
0294
01A3
00A9
FFA5
FE99
FD85
FC6B
FB4A
FA24
F8FA
F7CC
F69B
F567
F431
F2FA
F1C4
F08D
EF58
EE26
ECF6
EBCA
EAA3
E980
E864
E74F
E641
E53B
E43E
E34A
E260
E181
E0AC
DFE4
DF27
DE77
DDD5
DD3F
DCB7
DC3D
DBD2
DB76
DB28
DAEA
DABA
DA9A
DA88
DA85
DA91
DAAC
DAD6
DB0E
DB54
DBA8
DC0A
DC78
DCF4
DD7D
DE11
DEB1
DF5C
E012
E0D1
E19A
E26C
E346
E427
E50F
E5FD
E6F1
E7E9
E8E5
E9E5
EAE6
EBEA
ECEE
EDF3
EEF7
EFFA
F0FA
F1F9
F2F3
F3EA
F4DC
F5C9
F6AF
F78F
F868
F938
FA01
FAC0
FB76
FC22
FCC4
FD5C
FDE8
FE69
FEDE
FF48
FFA5
FFF6
003B
0074
00A0
00BF
00D2
00D9
00D3
00C2
00A4
007A
0045
0004
FFB9
FF63
FF02
FE98
FE24
FDA7
FD21
FC93
FBFE
FB61
FABE
FA15
F967
F8B4
F7FC
F741
F683
F5C3
F500
F43D
F379
F2B5
F1F2
F130
F071
EFB5
EEFC
EE46
ED95
ECE8
EC40
EB9E
EB02
EA6C
E9DD
E956
E8D6
E85E
E7EE
E786
E728
E6D2
E685
E641
E607
E5D6
E5AE
E590
E57B
E570
E56E
E575
E585
E59E
E5C0
E5EB
E61D
E658
E69A
E6E5
E736
E78E
E7ED
E852
E8BC
E92D
E9A2
EA1C
EA9A
EB1C
EBA1
EC29
ECB4
ED41
EDCF
EE5F
EEF0
EF81
F013
F0A4
F134
F1C4
F252
F2DE
F369
F3F1
F477
F4F9
F579
F5F5
F66E
F6E3
F755
F7C2
F82B
F891
F8F2
F94E
F9A7
F9FB
FA4A
FA96
FADD
FB20
FB5E
FB99
FBD0
FC03
FC32
FC5E
FC86
FCAC
FCCE
FCEE
FD0B
FD26
FD3E
FD55
FD6A
FD7E
FD92
FDA5
FDB7
FDC9
FDDA
FDEB
FDFD
FE0E
FE20
FE32
FE46
FE59
FE6E
FE84
FE9B
FEB4
FECD
FEE8
FF05
FF22
FF41
FF62
FF83
FFA6
FFCA
FFEF
0015
003C
0063
008B
00B3
00DB
0104
012D
0155
017D
01A3
01C8
01EC
020E
022D
024A
0265
027D
0291
02A2
02AF
02B8
02BD
02BE
02BA
02B0
02A2
028F
0276
0257
0232
0208
01D7
01A0
0163
0120
00D7
0087
0030
FFD3
FF6F
FF06
FE97
FE21
FDA7
FD26
FCA1
FC17
FB88
FAF4
FA5D
F9C1
F923
F881
F7DD
F737
F68F
F5E5
F53B
F491
F3E6
F33C
F293
F1EC
F147
F0A5
F006
EF6A
EED2
EE3F
EDB1
ED29
ECA6
EC2A
EBB5
EB48
EAE2
EA84
EA2E
E9E2
E99E
E964
E934
E90D
E8F1
E8DF
E8D7
E8DA
E8E8
E900
E923
E950
E988
E9CA
EA17
EA6D
EACE
EB38
EBAC
EC28
ECAD
ED3B
EDD2
EE70
EF15
EFC0
F071
F128
F1E3
F2A3
F366
F42C
F4F4
F5BE
F689
F754
F81F
F8E8
F9B0
FA76
FB39
FBF8
FCB2
FD68
FE18
FEC1
FF64
FFFF
0093
011D
019F
0217
0285
02E8
0341
038F
03D1
0407
0430
044E
045F
0463
045A
0445
0423
03F4
03B8
0370
031C
02BB
024F
01D6
0153
00C5
002C
FF8A
FEDE
FE29
FD6C
FCA7
FBDA
FB08
FA2F
F951
F86F
F789
F6A0
F5B3
F4C6
F3D8
F2E9
F1FC
F110
F027
EF41
EE5F
ED81
ECA9
EBD8
EB0D
EA4A
E98F
E8DD
E834
E796
E703
E67A
E5FE
E58D
E529
E4D2
E487
E44B
E41C
E3FA
E3E7
E3E2
E3EA
E400
E424
E455
E494
E4E0
E53A
E5A0
E612
E691
E71B
E7B0
E850
E8FA
E9AE
EA6A
EB2F
EBFB
ECCF
EDA8
EE87
EF6A
F052
F13C
F229
F317
F405
F4F4
F5E1
F6CC
F7B5
F89A
F97B
FA56
FB2B
FBFA
FCC1
FD7F
FE35
FEE0
FF82
0018
00A3
0122
0194
01FA
0252
029D
02D9
0308
0328
0339
033C
0331
0316
02ED
02B5
026F
021B
01B9
014A
00CD
0043
FFAD
FF0B
FE5D
FDA5
FCE2
FC16
FB41
FA63
F97E
F893
F7A1
F6AA
F5AF
F4B1
F3B0
F2AD
F1AA
F0A6
EFA4
EEA4
EDA6
ECAD
EBB8
EAC8
E9DF
E8FD
E822
E751
E689
E5CC
E519
E472
E3D7
E349
E2C8
E255
E1EF
E199
E152
E11A
E0F2
E0DA
E0D3
E0DB
E0F5
E11F
E159
E1A4
E1FF
E26B
E2E7
E372
E40E
E4B8
E571
E638
E70E
E7F0
E8E0
E9DC
EAE3
EBF5
ED11
EE37
EF66
F09C
F1D8
F31A
F462
F5AE
F6FD
F850
F9A4
FAF9
FC4E
FDA3
FEF5
0046
0193
02DC
041F
055D
0695
07C5
08ED
0A0C
0B22
0C2E
0D2F
0E25
0F0F
0FED
10BE
1182
1239
12E2
137D
1409
1487
14F6
1556
15A7
15E9
161C
1641
1656
165E
1656
1641
161E
15ED
15AE
1563
150C
14A9
143A
13BF
133B
12AC
1215
1174
10CB
101B
0F64
0EA6
0DE3
0D1B
0C4F
0B80
0AAD
09D9
0904
082D
0757
0681
05AC
04D9
0408
033B
0271
01AC
00EB
0030
FF7B
FECD
FE25
FD85
FCEC
FC5C
FBD4
FB56
FAE0
FA74
FA12
F9BA
F96B
F927
F8EE
F8BF
F89A
F881
F871
F86C
F871
F881
F89B
F8BF
F8EC
F924
F965
F9AF
FA03
FA5F
FAC4
FB32
FBA7
FC25
FCA9
FD35
FDC8
FE61
FF00
FFA5
0050
0100
01B4
026D
032A
03EA
04AE
0575
063F
070A
07D8
08A8
0979
0A4B
0B1D
0BF1
0CC4
0D97
0E6A
0F3B
100C
10DC
11AA
1276
1341
1409
14CF
1592
1653
1710
17CB
1882
1935
19E5
1A92
1B3A
1BDE
1C7F
1D1B
1DB2
1E46
1ED4
1F5E
1FE5
2068
20E5
215E
21D2
2240
22AA
230E
236E
23C7
241C
246B
24B4
24F7
2535
256D
25A0
25CC
25F2
2612
262C
2640
264D
2654
2655
264F
2643
2630
2616
25F6
25D0
25A3
2570
2537
24F7
24B1
2464
2410
23B6
2356
22F0
2283
2211
2199
211B
2097
200F
1F81
1EEE
1E57
1DBB
1D1C
1C78
1BD1
1B28
1A7B
19CC
191B
1868
17B4
16FF
1649
1594
14DF
142B
1378
12C7
1218
116C
10C3
101D
0F7C
0EDF
0E47
0DB5
0D29
0CA3
0C24
0BAC
0B3C
0AD4
0A75
0A1F
09D1
098E
0954
0925
0900
08E5
08D6
08D2
08D9
08EC
090A
0934
0969
09AB
09F8
0A51
0AB5
0B25
0B9F
0C25
0CB6
0D51
0DF6
0EA5
0F5E
101F
10EA
11BC
1295
1376
145D
154A
163D
1733
182E
192C
1A2D
1B2F
1C32
1D36
1E39
1F3B
203B
2138
2232
2328
241A
2505
25EA
26C8
279D
286A
292D
29E6
2A94
2B37
2BCE
2C59
2CD6
2D47
2DA9
2DFD
2E42
2E79
2EA0
2EB8
2EC0
2EB9
2EA1
2E7A
2E43
2DFC
2DA6
2D40
2CCA
2C46
2BB3
2B11
2A62
29A4
28DA
2803
2720
2631
2538
2434
2327
2212
20F4
1FD0
1EA5
1D75
1C41
1B09
19CE
1892
1755
1618
14DD
13A3
126D
113A
100C
0EE4
0DC3
0CA9
0B98
0A90
0992
089D
07B4
06D7
0607
0544
048F
03E9
0351
02CA
0252
01EA
0192
014B
0115
00EF
00DB
00D7
00E4
0101
012F
016D
01BB
0218
0284
02FF
0387
041D
04C0
056E
0628
06EC
07BA
088F
096C
0A4F
0B38
0C27
0D19
0E0E
0F05
0FFD
10F5
11EB
12DF
13D0
14BC
15A2
1682
175B
182A
18F1
19AC
1A5C
1B00
1B97
1C1F
1C99
1D02
1D5C
1DA5
1DDC
1E01
1E13
1E12
1DFD
1DD3
1D95
1D43
1CDD
1C62
1BD2
1B2E
1A76
19A9
18C9
17D5
16CE
15B5
1489
134C
11FE
10A0
0F33
0DB7
0C2D
0A96
08F4
0746
058F
03CF
0207
0038
FE64
FC8C
FAB0
F8D3
F6F3
F514
F336
F15B
EF84
EDB2
EBE7
EA22
E867
E6B5
E50E
E373
E1E5
E064
DEF3
DD91
DC3F
DAFF
D9D1
D8B6
D7AF
D6BB
D5DC
D512
D45E
D3BF
D336
D2C4
D268
D223
D1F4
D1DC
D1D9
D1EC
D215
D253
D2A7
D310
D38E
D420
D4C5
D57C
D646
D721
D80D
D909
DA13
DB2C
DC51
DD83
DEC0
E006
E156
E2AE
E40D
E572
E6DB
E848
E9B8
EB29
EC9B
EE0C
EF7B
F0E7
F24F
F3B2
F50F
F665
F7B4
F8FB
FA38
FB6C
FC95
FDB2
FEC3
FFC8
00BF
01A8
0283
034F
040D
04BA
0559
05E7
0665
06D3
0731
077F
07BD
07EB
080A
0819
0819
080A
07EC
07C1
0787
0740
06ED
068E
0624
05AF
0530
04A9
0418
0380
02E2
023D
0192
00E3
0031
FF7B
FEC3
FE0A
FD50
FC97
FBDE
FB27
FA72
F9C1
F913
F869
F7C4
F725
F68C
F5FA
F56F
F4EB
F46F
F3FB
F38F
F32C
F2D3
F283
F23D
F201
F1CE
F1A6
F188
F174
F169
F169
F172
F186
F1A2
F1C9
F1F8
F230
F271
F2BA
F30B
F364
F3C4
F42C
F49A
F50E
F588
F607
F68C
F715
F7A1
F831
F8C4
F95B
F9F4
FA90
FB2D
FBCC
FC6D
FD0E
FDAF
FE51
FEF3
FF94
0034
00D4
0172
020F
02AA
0343
03DA
046F
0501
0592
061F
06AA
0733
07B8
083B
08BC
093A
09B5
0A2C
0AA2
0B15
0B87
0BF6
0C64
0CD0
0D3B
0DA4
0E0D
0E74
0EDB
0F42
0FA9
1010
1077
10DE
1147
11B1
121C
1288
12F7
1368
13DB
1450
14C9
1545
15C4
1646
16CD
1757
17E5
1877
190D
19A8
1A48
1AEC
1B95
1C43
1CF5
1DAC
1E68
1F28
1FEC
20B5
2182
2252
2326
23FE
24D8
25B5
2694
2775
2858
293B
2A1F
2B03
2BE6
2CC8
2DA8
2E86
2F61
3038
310B
31D9
32A1
3364
341F
34D3
357F
3622
36BC
374C
37D2
384D
38BC
3920
3977
39C1
39FE
3A2E
3A51
3A65
3A6C
3A64
3A4E
3A2A
39F8
39B7
3969
390E
38A5
382F
37AC
371D
3683
35DD
352D
3473
33B0
32E4
3211
3137
3057
2F71
2E87
2D99
2CA9
2BB6
2AC3
29CF
28DB
27E9
26F9
260C
2523
243E
235F
2285
21B1
20E5
201F
1F62
1EAD
1E01
1D5E
1CC4
1C34
1BAD
1B31
1ABE
1A55
19F6
19A0
1953
190F
18D4
18A1
1875
1852
1835
181E
180E
1802
17FC
17F9
17F9
17FD
1802
1808
1810
1817
181D
1823
1826
1826
1824
181E
1814
1805
17F2
17D9
17BA
1795
176A
1737
16FE
16BD
1675
1626
15D0
1572
150E
14A3
1431
13BA
133C
12B9
1230
11A3
1112
107D
0FE5
0F4A
0EAD
0E0F
0D70
0CD1
0C32
0B94
0AF8
0A5E
09C7
0934
08A5
081A
0795
0715
069B
0628
05BD
0558
04FC
04A8
045D
041A
03E1
03B1
038A
036D
035A
0351
0351
035B
036F
038D
03B3
03E4
041D
045E
04A9
04FB
0556
05B7
061F
068E
0703
077E
07FE
0882
090B
0998
0A27
0AB9
0B4E
0BE3
0C7A
0D11
0DA8
0E3E
0ED2
0F65
0FF5
1082
110C
1191
1212
128E
1304
1374
13DE
1440
149B
14EF
153A
157D
15B6
15E5
160C
1628
163B
1643
1641
1635
161E
15FC
15D0
159A
1559
150D
14B7
1457
13ED
1379
12FC
1275
11E6
114D
10AD
1004
0F54
0E9D
0DDF
0D1C
0C52
0B84
0AB1
09DA
08FF
0822
0742
0660
057E
049B
03B8
02D7
01F7
0119
003D
FF66
FE92
FDC3
FCFA
FC36
FB78
FAC2
FA13
F96C
F8CE
F838
F7AC
F729
F6B0
F642
F5DE
F585
F538
F4F5
F4BE
F492
F471
F45C
F452
F453
F460
F478
F49A
F4C7
F4FF
F540
F58B
F5DF
F63D
F6A2
F70F
F784
F7FF
F880
F908
F994
FA24
FAB8
FB50
FBE9
FC85
FD21
FDBE
FE5B
FEF6
FF90
0027
00BC
014C
01D8
025F
02E1
035D
03D2
0440
04A6
0505
055B
05A8
05EC
0626
0656
067D
0698
06A9
06AF
06AB
069B
0680
065A
0629
05ED
05A7
0555
04F9
0493
0423
03A9
0326
029A
0204
0166
00C0
0013
FF5F
FEA6
FDE6
FD23
FC5A
FB8E
FABF
F9EE
F91A
F846
F771
F69C
F5C8
F4F5
F424
F356
F28B
F1C4
F101
F043
EF8B
EEDA
EE2F
ED8B
ECEE
EC5A
EBCE
EB4C
EAD0
EA5E
E9F6
E999
E946
E8FE
E8C0
E88E
E867
E84C
E83B
E836
E83C
E84E
E86A
E891
E8C3
E8FF
E946
E996
E9F0
EA54
EAC0
EB34
EBB1
EC35
ECC1
ED53
EDEB
EE89
EF2C
EFD4
F07E
F12C
F1DC
F28F
F344
F3FA
F4B1
F568
F61F
F6D4
F789
F83B
F8EB
F998
FA42
FAE8
FB89
FC27
FCBF
FD52
FDDF
FE67
FEE8
FF64
FFD8
0046
00AD
010E
0167
01B9
0204
0249
0286
02BC
02EB
0314
0337
0354
036B
037D
0389
0390
0393
0391
038C
0382
0376
0367
0356
0343
032F
031A
0304
02EE
02D9
02C4
02B1
02A0
0290
0284
027A
0275
0273
0275
027B
0287
0298
02AF
02CB
02EE
0317
0348
037F
03BD
0402
044F
04A3
04FF
0562
05CC
063E
06B8
0739
07C0
084F
08E5
0981
0A23
0ACC
0B7A
0C2D
0CE6
0DA3
0E65
0F2A
0FF3
10BD
118A
1259
1329
13FB
14CC
159E
166F
173F
180D
18D9
19A2
1A68
1B2B
1BE9
1CA2
1D56
1E04
1EAC
1F4E
1FE8
207B
2106
2189
2204
2275
22DE
233D
2392
23DD
241F
2456
2482
24A4
24BB
24C8
24CA
24C2
24AF
2491
2469
2437
23FA
23B4
2363
2309
22A5
2238
21C2
2143
20BC
202D
1F97
1EF8
1E53
1DA8
1CF6
1C3F
1B82
1AC0
19FA
1930
1862
1792
16C0
15ED
1518
1442
136B
1294
11BD
10E8
1013
0F3F
0E6E
0D9E
0CD1
0C07
0B41
0A7D
09BE
0902
084B
0798
06EA
0641
059D
04FE
0465
03D1
0342
02B9
0236
01B9
0142
00D0
0065
0001
FFA2
FF49
FEF6
FEA8
FE60
FE1E
FDE1
FDA9
FD77
FD49
FD21
FCFE
FCDF
FCC5
FCAF
FC9D
FC90
FC87
FC82
FC80
FC83
FC88
FC91
FC9E
FCAD
FCC0
FCD6
FCEE
FD09
FD27
FD47
FD6A
FD8F
FDB7
FDE0
FE0D
FE3B
FE6C
FE9F
FED4
FF0B
FF45
FF81
FFBF
0000
0042
0087
00CF
0118
0165
01B3
0204
0258
02AE
0306
0361
03BF
041F
0482
04E7
054F
05BA
0626
0696
0707
077B
07F1
086A
08E4
0961
09DF
0A5F
0AE0
0B63
0BE7
0C6D
0CF2
0D79
0E00
0E87
0F0D
0F94
1019
109E
1121
11A3
1222
12A0
131B
1393
1408
1479
14E6
154F
15B4
1613
166E
16C3
1712
175A
179C
17D7
180B
1838
185D
187A
188F
189B
189F
189B
188E
1878
1859
1831
1800
17C6
1783
1738
16E3
1686
1620
15B1
153A
14BC
1435
13A7
1311
1274
11D1
1128
1078
0FC3
0F09
0E4B
0D88
0CC3
0BFA
0B2F
0A62
0993
08C5
07F6
0728
065B
0590
04C8
0403
0342
0285
01CE
011C
0071
FFCC
FF2F
FE9B
FE0F
FD8C
FD13
FCA3
FC3F
FBE5
FB97
FB55
FB1E
FAF5
FAD8
FAC7
FAC4
FACE
FAE5
FB0A
FB3C
FB7B
FBC8
FC21
FC88
FCFB
FD7B
FE06
FE9E
FF41
FFEE
00A7
0169
0235
0309
03E5
04CA
05B4
06A5
079C
0897
0996
0A98
0B9C
0CA1
0DA6
0EAB
0FAE
10AE
11AB
12A4
1397
1484
156A
1647
171C
17E6
18A6
195A
1A01
1A9B
1B27
1BA5
1C12
1C6F
1CBC
1CF6
1D1F
1D35
1D39
1D28
1D04
1CCC
1C7F
1C1F
1BA9
1B1F
1A80
19CC
1904
1827
1737
1632
1519
13ED
12AF
115E
0FFB
0E87
0D02
0B6E
09CA
0818
0658
048C
02B4
00D2
FEE5
FCF0
FAF4
F8F0
F6E7
F4DA
F2C8
F0B4
EE9F
EC8A
EA77
E867
E65A
E453
E251
E058
DE66
DC7F
DAA2
D8D1
D70D
D557
D3B0
D219
D093
CF1E
CDBB
CC6C
CB31
CA0B
C8F9
C7FE
C718
C64A
C593
C4F3
C46B
C3FB
C3A1
C360
C336
C325
C32C
C34B
C382
C3D0
C435
C4B2
C544
C5ED
C6AB
C77D
C864
C95E
CA6B
CB8A
CCBA
CDFA
CF4A
D0A7
D213
D38B
D50E
D69C
D833
D9D3
DB79
DD26
DED9
E08F
E247
E401
E5BB
E775
E92E
EAE5
EC98
EE46
EFF0
F193
F32F
F4C2
F64D
F7CF
F945
FAB1
FC11
FD64
FEAB
FFE4
010F
022B
0339
0438
0527
0606
06D5
0795
0844
08E4
0973
09F2
0A61
0AC0
0B10
0B50
0B81
0BA4
0BB8
0BBF
0BB8
0BA4
0B84
0B59
0B22
0AE1
0A96
0A42
09E5
0981
0916
08A4
082D
07B1
0731
06AE
0629
05A2
051A
0492
040A
0384
02FF
027D
01FE
0183
010C
009B
002F
FFC9
FF6B
FF13
FEC3
FE7B
FE3C
FE06
FDD8
FDB4
FD9A
FD89
FD83
FD86
FD93
FDAA
FDCC
FDF7
FE2D
FE6C
FEB5
FF07
FF62
FFC6
0033
00A8
0125
01A9
0234
02C5
035C
03F9
049A
0541
05EB
0699
0749
07FC
08B1
0966
0A1C
0AD1
0B86
0C39
0CEB
0D99
0E44
0EEB
0F8E
102C
10C4
1156
11E1
1265
12E2
1356
13C2
1425
147E
14CE
1513
154E
157E
15A4
15BF
15CF
15D3
15CC
15BA
159C
1573
153E
14FE
14B3
145D
13FB
138F
1318
1297
120C
1176
10D8
1030
0F7F
0EC6
0E06
0D3D
0C6E
0B98
0ABB
09D9
08F3
0807
0718
0625
052F
0437
033D
0241
0145
004A
FF4E
FE54
FD5B
FC65
FB71
FA81
F994
F8AC
F7C9
F6EC
F614
F542
F478
F3B4
F2F9
F245
F19A
F0F8
F05F
EFCF
EF49
EECE
EE5C
EDF5
ED98
ED47
ED00
ECC5
EC95
EC71
EC58
EC4A
EC48
EC51
EC66
EC86
ECB2
ECE9
ED2B
ED78
EDD0
EE32
EE9F
EF16
EF97
F022
F0B7
F154
F1FB
F2AA
F362
F422
F4E9
F5B8
F68E
F76A
F84D
F935
FA24
FB17
FC10
FD0D
FE0E
FF13
001B
0126
0234
0344
0455
0568
067C
0791
08A6
09BA
0ACE
0BE1
0CF3
0E03
0F12
101D
1127
122D
1330
142F
152A
1622
1714
1803
18ED
19D1
1AB0
1B89
1C5D
1D2A
1DF1
1EB2
1F6C
2020
20CC
2172
2210
22A8
2338
23C1
2442
24BC
252F
2599
25FD
2659
26AD
26FA
273F
277D
27B3
27E2
2809
2829
2842
2856
2862
2868
2866
285E
284F
2839
281D
27FA
27D2
27A4
2770
2736
26F8
26B4
266B
261E
25CC
2576
251C
24BF
245E
23FA
2393
2329
22BC
224E
21DD
216B
20F7
2082
200C
1F95
1F1E
1EA6
1E2D
1DB5
1D3D
1CC5
1C4E
1BD7
1B62
1AEE
1A7A
1A09
1999
192B
18BF
1855
17ED
1788
1725
16C5
1667
160C
15B5
1560
150E
14BF
1474
142B
13E6
13A3
1364
1327
12ED
12B5
1281
124F
1221
11F5
11CC
11A5
1181
1160
1141
1123
1109
10F0
10D9
10C3
10AF
109D
108C
107C
106D
105F
1051
1044
1038
102B
101F
1012
1006
0FF9
0FEB
0FDC
0FCB
0FBA
0FA8
0F94
0F7F
0F68
0F50
0F37
0F1B
0EFE
0EDF
0EBE
0E9B
0E76
0E4F
0E26
0DFB
0DCE
0D9F
0D6E
0D3B
0D07
0CD0
0C97
0C5D
0C21
0BE4
0BA5
0B64
0B22
0ADF
0A9B
0A56
0A0F
09C8
0981
0939
08F1
08A8
085F
0817
07CF
0787
0740
06F9
06B3
066F
062B
05E9
05A8
0568
052B
04EF
04B4
047C
0446
0413
03E1
03B2
0385
035B
0334
030F
02EC
02CC
02AF
0294
027D
0268
0256
0247
023A
0230
0229
0224
0221
0221
0223
0227
022D
0235
023E
0249
0256
0264
0273
0283
0294
02A5
02B7
02C9
02DC
02EE
0300
0312
0323
0334
0343
0352
0360
036C
0377
0380
0388
038D
0391
0392
0391
038E
0388
0380
0375
0367
0357
0343
032D
0314
02F8
02D9
02B6
0291
0269
023F
0211
01E0
01AD
0177
0140
0107
00CB
008E
004E
000C
FFC8
FF82
FF3B
FEF3
FEA9
FE5E
FE13
FDC6
FD79
FD2C
FCDE
FC91
FC43
FBF6
FBA9
FB5D
FB12
FAC8
FA80
FA38
F9F3
F9AF
F96D
F92D
F8F0
F8B5
F87E
F849
F818
F7EA
F7BF
F797
F773
F752
F734
F71A
F704
F6F1
F6E2
F6D7
F6D0
F6CC
F6CC
F6D0
F6D8
F6E3
F6F2
F705
F71C
F736
F753
F774
F799
F7C1
F7EC
F81A
F84C
F880
F8B7
F8F2
F92F
F96F
F9B2
F9F7
FA3F
FA89
FAD5
FB24
FB75
FBC8
FC1C
FC73
FCCB
FD25
FD80
FDDD
FE3B
FE9B
FEFC
FF5E
FFC1
0025
008A
00F0
0157
01BF
0228
0291
02FC
0367
03D2
043E
04AB
0518
0587
05F7
0667
06D9
074B
07BF
0833
08A9
091F
0997
0A10
0A8A
0B05
0B81
0BFE
0C7C
0CFB
0D7C
0DFD
0E7F
0F03
0F87
100D
1093
111A
11A2
122B
12B5
133E
13C8
1452
14DD
1568
15F3
167F
170A
1796
1821
18AB
1935
19BE
1A46
1ACD
1B52
1BD6
1C58
1CD9
1D56
1DD2
1E4B
1EC1
1F33
1FA3
200F
2077
20DB
213B
2196
21ED
223F
228C
22D3
2315
2352
2389
23B9
23E4
2408
2426
243D
244E
2458
245A
2456
244B
2438
241E
23FD
23D4
23A4
236D
232E
22E8
229B
2246
21EB
2188
211F
20AF
2038
1FBA
1F37
1EAD
1E1E
1D89
1CEF
1C50
1BAC
1B03
1A56
19A5
18F0
1838
177D
16BE
15FE
153B
1476
13B0
12E9
1220
1158
108E
0FC5
0EFD
0E35
0D6E
0CA8
0BE4
0B21
0A61
09A4
08E8
0830
077B
06C9
061A
0570
04C9
0426
0388
02EE
0258
01C7
013B
00B4
0031
FFB3
FF3A
FEC6
FE57
FDEC
FD86
FD25
FCC8
FC70
FC1B
FBCC
FB80
FB37
FAF3
FAB2
FA74
FA39
FA01
F9CB
F997
F964
F934
F905
F8D7
F8A9
F87D
F851
F824
F7F8
F7CB
F79D
F76E
F73E
F70C
F6D9
F6A3
F66B
F631
F5F4
F5B4
F571
F52A
F4E0
F493
F442
F3ED
F394
F336
F2D5
F270
F206
F198
F126
F0AF
F034
EFB5
EF32
EEAB
EE20
ED92
ED00
EC6B
EBD2
EB36
EA98
E9F7
E954
E8AF
E807
E75F
E6B5
E60A
E55F
E4B3
E407
E35C
E2B1
E208
E15F
E0B9
E015
DF73
DED3
DE37
DD9E
DD09
DC78
DBEC
DB64
DAE2
DA65
D9ED
D97C
D911
D8AD
D84F
D7F8
D7A9
D761
D721
D6E8
D6B8
D68F
D66F
D658
D649
D642
D644
D64F
D662
D67E
D6A2
D6D0
D705
D743
D78A
D7D9
D82F
D88E
D8F5
D963
D9D9
DA55
DAD9
DB64
DBF5
DC8C
DD29
DDCC
DE75
DF22
DFD5
E08B
E146
E205
E2C8
E38D
E456
E521
E5EE
E6BD
E78E
E860
E932
EA05
EAD8
EBAB
EC7E
ED50
EE21
EEF1
EFBE
F08A
F153
F21A
F2DE
F39E
F45B
F515
F5CB
F67C
F729
F7D2
F876
F915
F9AF
FA44
FAD3
FB5D
FBE2
FC60
FCD9
FD4C
FDB9
FE1F
FE80
FEDB
FF2F
FF7D
FFC5
0006
0042
0077
00A5
00CE
00F1
010D
0123
0134
013E
0143
0142
013B
012F
011D
0106
00EA
00C9
00A2
0077
0047
0012
FFD9
FF9C
FF5A
FF15
FECB
FE7E
FE2D
FDD8
FD81
FD25
FCC7
FC66
FC02
FB9C
FB34
FACA
FA5E
F9F0
F981
F910
F89F
F82C
F7B9
F746
F6D2
F65E
F5EA
F576
F503
F491
F41F
F3AF
F340
F2D3
F267
F1FE
F196
F131
F0CF
F070
F013
EFBA
EF64
EF12
EEC4
EE7A
EE35
EDF4
EDB9
ED82
ED50
ED24
ECFD
ECDC
ECC1
ECAC
EC9D
EC94
EC91
EC95
EC9F
ECB0
ECC8
ECE6
ED0B
ED37
ED69
EDA3
EDE3
EE2B
EE79
EECE
EF29
EF8C
EFF5
F065
F0DC
F159
F1DD
F267
F2F7
F38D
F428
F4CA
F570
F61C
F6CD
F782
F83C
F8F9
F9BB
FA80
FB48
FC13
FCE0
FDB0
FE82
FF55
0029
00FE
01D3
02A8
037E
0452
0525
05F7
06C7
0796
0861
092A
09F0
0AB2
0B70
0C2A
0CE0
0D91
0E3D
0EE4
0F85
1020
10B5
1144
11CC
124D
12C8
133B
13A7
140C
1469
14BF
150D
1553
1592
15C9
15F8
1620
1640
1659
166A
1674
1677
1672
1666
1654
163B
161B
15F5
15C9
1597
1560
1523
14E1
149A
144F
13FF
13AC
1355
12FA
129D
123D
11DA
1176
1110
10A8
103F
0FD6
0F6C
0F02
0E97
0E2F
0DC7
0D60
0CFA
0C95
0C32
0BD2
0B73
0B16
0ABC
0A65
0A10
09BE
0970
0924
08DC
0896
0855
0816
07DB
07A3
076E
073D
070F
06E4
06BC
0697
0675
0656
063A
061F
0607
05F2
05DE
05CC
05BB
05AC
059D
0590
0583
0576
056A
055E
0551
0545
0538
052A
051C
050C
04FC
04EA
04D7
04C2
04AC
0494
047A
045E
0440
0420
03FE
03DA
03B4
038C
0361
0335
0305
02D4
02A0
026B
0233
01FA
01BE
0182
0144
0105
00C4
0083
0042
0000
FFBF
FF7D
FF3C
FEFB
FEBC
FE7E
FE41
FE07
FDCE
FD98
FD65
FD34
FD07
FCDD
FCB6
FC94
FC76
FC5C
FC46
FC35
FC29
FC22
FC20
FC23
FC2C
FC39
FC4D
FC65
FC83
FCA7
FCD0
FCFE
FD32
FD6B
FDA9
FDEC
FE34
FE80
FED1
FF26
FF7F
FFDB
003B
009E
0104
016C
01D6
0242
02AF
031C
038A
03F8
0465
04D2
053D
05A6
060D
0671
06D2
072F
0788
07DC
082C
0876
08BA
08F8
092F
095F
0987
09A8
09C1
09D1
09D9
09D7
09CD
09B9
099C
0975
0944
0909
08C5
0876
081D
07BA
074E
06D7
0657
05CE
053B
049F
03FB
034E
0299
01DC
0118
004D
FF7C
FEA5
FDC8
FCE6
FC00
FB15
FA28
F938
F846
F752
F65D
F569
F474
F381
F290
F1A1
F0B5
EFCD
EEEA
EE0C
ED33
EC60
EB94
EACF
EA12
E95D
E8B1
E80F
E776
E6E7
E663
E5EA
E57B
E519
E4C2
E477
E437
E405
E3DE
E3C4
E3B6
E3B5
E3C0
E3D7
E3FA
E428
E463
E4A9
E4F9
E556
E5BC
E62D
E6A7
E72A
E7B5
E848
E8E2
E984
EA2B
EAD8
EB8A
EC40
ECF9
EDB5
EE73
EF33
EFF4
F0B4
F173
F232
F2EE
F3A7
F45C
F50E
F5BA
F661
F702
F79C
F82F
F8BA
F93D
F9B6
FA26
FA8C
FAE8
FB3A
FB81
FBBD
FBEE
FC14
FC2E
FC3C
FC40
FC37
FC23
FC04
FBDA
FBA5
FB65
FB1B
FAC6
FA68
FA01
F991
F919
F899
F812
F785
F6F2
F659
F5BC
F51C
F479
F3D2
F32A
F282
F1D9
F132
F08D
EFEB
EF4D
EEB3
EE1E
ED90
ED09
EC89
EC13
EBA5
EB42
EAE9
EA9C
EA5C
EA28
EA01
E9E9
E9DE
E9E3
E9F7
EA1B
EA4F
EA94
EAE8
EB4E
EBC5
EC4C
ECE4
ED8D
EE47
EF11
EFED
F0D8
F1D4
F2DF
F3FA
F523
F65B
F7A1
F8F4
FA53
FBBE
FD34
FEB5
003F
01D2
036D
050F
06B7
0864
0A14
0BC8
0D7E
0F35
10ED
12A3
1456
1607
17B4
195B
1AFB
1C94
1E25
1FAD
212A
229D
2404
255E
26AB
27E9
2918
2A38
2B47
2C46
2D33
2E0E
2ED7
2F8C
302F
30BE
313A
31A2
31F6
3236
3262
327A
327F
3270
324D
3217
31CF
3174
3106
3087
2FF7
2F57
2EA7
2DE8
2D1A
2C3F
2B57
2A63
2963
2859
2746
262A
2507
23DC
22AC
2177
203E
1F02
1DC4
1C85
1B46
1A08
18CB
1791
165B
1528
13FB
12D4
11B3
1099
0F88
0E7F
0D80
0C8B
0B9F
0ABF
09EA
0921
0863
07B2
070E
0676
05EB
056D
04FC
0498
0441
03F7
03B9
0387
0362
0349
033B
0338
0340
0352
036E
0393
03C0
03F5
0432
0475
04BE
050C
055F
05B5
060F
066B
06C9
0728
0787
07E6
0844
089F
08F8
094E
09A0
09EE
0A36
0A79
0AB5
0AEB
0B19
0B40
0B5E
0B74
0B81
0B85
0B7F
0B70
0B57
0B34
0B07
0ACF
0A8D
0A41
09EA
098A
0920
08AD
0831
07AB
071E
0688
05EB
0546
049B
03E9
0332
0276
01B5
00F1
002A
FF60
FE94
FDC7
FCFA
FC2D
FB61
FA97
F9D0
F90B
F84B
F78F
F6D9
F628
F57E
F4DA
F43F
F3AC
F322
F2A1
F22A
F1BE
F15D
F106
F0BC
F07D
F04B
F025
F00C
F000
F001
F00F
F02A
F052
F087
F0C9
F117
F173
F1DA
F24E
F2CD
F357
F3EC
F48C
F536
F5E9
F6A4
F768
F833
F906
F9DE
FABC
FB9F
FC86
FD71
FE5E
FF4D
003E
0130
0221
0311
0400
04EC
05D6
06BB
079D
0879
0950
0A20
0AEA
0BAC
0C67
0D19
0DC2
0E62
0EF8
0F84
1006
107E
10EA
114C
11A2
11ED
122C
1260
1288
12A6
12B7
12BE
12BA
12AB
1292
126E
1241
120A
11CA
1181
1131
10D9
1079
1014
0FA8
0F37
0EC1
0E47
0DCA
0D49
0CC7
0C44
0BC1
0B3E
0ABC
0A3C
09BD
0941
08C8
0854
07E3
0778
0712
06B3
065A
0608
05BD
057B
0541
050F
04E6
04C7
04B1
04A4
04A2
04A9
04BA
04D5
04F9
0528
0560
05A2
05EE
0643
06A1
0709
0779
07F1
0870
08F7
0985
0A18
0AB1
0B50
0BF3
0C9A
0D45
0DF2
0EA2
0F53
1005
10B8
116A
121B
12CB
1378
1423
14CA
156D
160B
16A3
1736
17C3
1848
18C6
193C
19A9
1A0D
1A67
1AB8
1B00
1B3D
1B70
1B98
1BB6
1BC9
1BD1
1BCE
1BC0
1BA7
1B84
1B55
1B1D
1AD9
1A8C
1A35
19D4
196A
18F8
187D
17FA
176F
16DE
1646
15A8
1505
145E
13B2
1302
124F
119B
10E5
102E
0F78
0EC2
0E0D
0D5B
0CAB
0BFF
0B56
0AB2
0A13
0979
08E6
0859
07D4
0756
06E1
0673
060F
05B4
0562
051A
04DC
04A9
0480
0461
044D
0443
0444
0451
0468
048A
04B6
04ED
052D
0578
05CC
062A
0690
06FF
0776
07F5
087B
0908
099B
0A34
0AD2
0B75
0C1B
0CC5
0D72
0E22
0ED3
0F85
1037
10EA
119B
124B
12FA
13A6
144F
14F4
1595
1632
16CA
175D
17E9
1870
18EF
1968
19DA
1A45
1AA8
1B03
1B56
1BA0
1BE3
1C1E
1C50
1C7A
1C9C
1CB6
1CC9
1CD3
1CD6
1CD2
1CC7
1CB5
1C9D
1C7F
1C5B
1C32
1C04
1BD1
1B9B
1B61
1B24
1AE5
1AA4
1A61
1A1D
19DA
1996
1953
1911
18D0
1892
1856
181D
17E8
17B7
1789
1761
173D
171F
1706
16F2
16E5
16DE
16DD
16E3
16EF
1702
171B
173B
1761
178E
17C1
17FA
1839
187D
18C6
1914
1966
19BC
1A15
1A72
1AD1
1B31
1B93
1BF6
1C58
1CBA
1D1B
1D7A
1DD6
1E2F
1E84
1ED3
1F1E
1F62
1F9F
1FD4
2001
2025
2040
204F
2054
204D
2039
2018
1FEB
1FAF
1F65
1F0C
1EA3
1E2C
1DA4
1D0D
1C65
1BAD
1AE5
1A0C
1923
1829
1720
1606
14DD
13A4
125C
1106
0FA1
0E2F
0CAF
0B23
098B
07E9
063B
0485
02C5
00FD
FF2E
FD59
FB7F
F9A2
F7C2
F5E0
F3FD
F21B
F03A
EE5D
EC83
EAAE
E8DF
E717
E558
E3A2
E1F7
E058
DEC6
DD41
DBCB
DA65
D90F
D7CB
D69A
D57C
D471
D37C
D29C
D1D2
D11F
D083
CFFE
CF91
CF3D
CF01
CEDD
CED3
CEE0
CF07
CF46
CF9D
D00C
D093
D132
D1E7
D2B2
D393
D48A
D594
D6B2
D7E2
D925
DA78
DBDB
DD4D
DECC
E058
E1EF
E390
E53A
E6EC
E8A5
EA62
EC23
EDE7
EFAB
F170
F333
F4F3
F6AF
F866
FA16
FBBF
FD5E
FEF3
007C
01F9
0368
04C8
0619
0759
0887
09A3
0AAC
0BA1
0C82
0D4E
0E04
0EA3
0F2D
0FA0
0FFB
1040
106C
1080
107E
1064
1033
0FEC
0F8E
0F1B
0E92
0DF4
0D42
0C7C
0BA4
0ABA
09BE
08B2
0796
066C
0535
03F2
02A3
014A
FFE8
FE7E
FD0E
FB99
FA1F
F8A3
F725
F5A6
F429
F2AD
F135
EFC1
EE53
ECEC
EB8C
EA37
E8EB
E7AA
E676
E54F
E437
E32D
E232
E149
E070
DFA9
DEF4
DE52
DDC4
DD49
DCE1
DC8E
DC4F
DC25
DC0E
DC0D
DC1F
DC45
DC7F
DCCD
DD2E
DDA2
DE29
DEC2
DF6B
E026
E0F1
E1CA
E2B2
E3A8
E4AA
E5B9
E6D2
E7F4
E920
EA54
EB8E
ECCE
EE13
EF5C
F0A7
F1F3
F340
F48C
F5D7
F71F
F863
F9A2
FADB
FC0E
FD39
FE5C
FF75
0084
0188
027F
036B
044A
051B
05DE
0693
073A
07D0
0858
08D0
0938
0990
09D8
0A10
0A38
0A50
0A59
0A52
0A3D
0A18
09E6
09A5
0957
08FC
0895
0822
07A5
071D
068C
05F2
0550
04A6
03F6
0340
0286
01C8
0108
0046
FF84
FEC2
FE01
FD42
FC85
FBCD
FB1A
FA6B
F9C4
F923
F88A
F7FA
F773
F6F6
F683
F61C
F5C0
F571
F52D
F4F7
F4CE
F4B2
F4A5
F4A5
F4B3
F4CE
F4F7
F52E
F573
F5C6
F626
F694
F70E
F795
F828
F8C7
F971
FA25
FAE4
FBAC
FC7C
FD54
FE34
FF19
0004
00F4
01E8
02DF
03D8
04D1
05CC
06C5
07BD
08B2
09A4
0A92
0B7B
0C5C
0D36
0E09
0ED3
0F94
104B
10F7
1197
122C
12B4
132F
139C
13FA
144B
148C
14BE
14E0
14F2
14F5
14E8
14CA
149C
145F
1411
13B4
1347
12CB
1241
11A7
1100
104C
0F8A
0EBC
0DE1
0CFC
0C0D
0B13
0A12
0908
07F7
06E1
05C5
04A5
0381
025C
0135
000E
FEE8
FDC4
FCA2
FB84
FA6B
F958
F84B
F746
F64A
F557
F46F
F392
F2C1
F1FD
F146
F09D
F003
EF7A
EF00
EE96
EE3E
EDF6
EDC0
ED9B
ED89
ED88
ED9A
EDBE
EDF5
EE3D
EE98
EF04
EF83
F012
F0B3
F164
F225
F2F6
F3D6
F4C4
F5BF
F6C8
F7DD
F8FD
FA28
FB5C
FC99
FDDD
FF29
0079
01CF
0328
0483
05DF
073C
0897
09F1
0B47
0C9A
0DE7
0F2D
106D
11A4
12D1
13F4
150C
1618
1716
1807
18E9
19BB
1A7D
1B2F
1BCE
1C5C
1CD7
1D3F
1D94
1DD5
1E02
1E1A
1E1D
1E0B
1DE4
1DA9
1D59
1CF5
1C7C
1BF0
1B50
1A9D
19D7
18FF
1816
171B
1610
14F5
13CB
1293
114D
0FFC
0E9E
0D36
0BC5
0A4B
08C9
0741
05B3
0421
028C
00F5
FF5D
FDC4
FC2D
FA98
F907
F77A
F5F2
F471
F2F8
F187
F020
EEC4
ED73
EC2F
EAF8
E9D0
E8B6
E7AC
E6B2
E5C9
E4F2
E42D
E37B
E2DC
E250
E1D8
E174
E125
E0E9
E0C2
E0B0
E0B2
E0C9
E0F3
E133
E186
E1ED
E266
E2F2
E390
E440
E501
E5D2
E6B4
E7A4
E8A3
E9AF
EAC8
EBEE
ED1E
EE59
EF9E
F0EB
F240
F39B
F4FC
F662
F7CC
F939
FAA8
FC18
FD88
FEF7
0064
01CF
0335
0497
05F3
0749
0898
09DF
0B1D
0C52
0D7E
0E9E
0FB3
10BD
11BA
12AB
138E
1464
152C
15E6
1691
172E
17BC
183B
18AC
190D
1960
19A4
19D9
1A00
1A18
1A23
1A20
1A0F
19F2
19C8
1992
1950
1903
18AC
184A
17DF
176C
16F0
166C
15E2
1552
14BC
1421
1382
12DF
123A
1193
10EA
1041
0F97
0EEF
0E47
0DA2
0CFF
0C5F
0BC2
0B2A
0A97
0A0A
0982
0900
0886
0813
07A8
0744
06E9
0696
064B
060A
05D1
05A1
057B
055D
0549
053E
053C
0543
0553
056C
058D
05B7
05E9
0622
0663
06AC
06FB
0751
07AD
080F
0876
08E2
0953
09C7
0A3F
0ABA
0B38
0BB8
0C39
0CBC
0D40
0DC4
0E47
0ECA
0F4C
0FCC
104A
10C6
113F
11B5
1228
1296
1300
1366
13C7
1423
1479
14CA
1516
155C
159B
15D5
1609
1636
165E
167F
1699
16AD
16BB
16C3
16C6
16C3
16BB
16AD
169B
1685
166A
164B
1628
1603
15DA
15AF
1581
1552
1521
14EF
14BC
148A
1457
1425
13F3
13C4
1395
1369
133F
1319
12F5
12D5
12B8
12A0
128B
127C
1271
126B
126B
126F
127A
128A
12A0
12BC
12DE
1306
1334
1368
13A2
13E1
1427
1472
14C3
1519
1574
15D4
1639
16A2
1710
1781
17F5
186D
18E7
1964
19E3
1A63
1AE4
1B66
1BE9
1C6B
1CEC
1D6C
1DEB
1E68
1EE1
1F58
1FCC
203B
20A6
210C
216D
21C9
221E
226D
22B5
22F6
2330
2362
238C
23AE
23C8
23D9
23E1
23E0
23D7
23C4
23A9
2384
2357
2321
22E1
229A
2249
21F1
2190
2127
20B6
203E
1FBE
1F38
1EAB
1E18
1D7F
1CE1
1C3D
1B95
1AE9
1A39
1986
18D1
1819
175F
16A5
15EA
152F
1474
13BA
1302
124E
119C
10ED
1043
0F9C
0EFA
0E5D
0DC6
0D35
0CAA
0C27
0BAA
0B34
0AC7
0A61
0A03
09AE
0962
091F
08E4
08B2
0889
086A
0853
0845
0841
0845
0851
0866
0883
08A9
08D5
090C
0949
098D
09D7
0A28
0A7D
0AD8
0B37
0B9A
0C00
0C6A
0CD5
0D43
0DB1
0E21
0E90
0EFE
0F6C
0FD7
1040
10A6
1109
1167
11C1
1215
1263
12AB
12EB
1325
1356
137F
139F
13B6
13C4
13C7
13C0
13AF
1393
136B
1339
12FB
12B1
125C
11FB
118E
1116
1092
1003
0F69
0EC3
0E12
0D57
0C92
0BC2
0AE9
0A06
091B
0827
072C
0629
0520
0410
02FB
01E1
00C2
FFA0
FE7B
FD54
FC2B
FB02
F9D9
F8B1
F78A
F666
F545
F428
F310
F1FC
F0EF
EFE9
EEEA
EDF3
ED05
EC21
EB46
EA76
E9B2
E8F9
E84D
E7AD
E71A
E695
E61E
E5B6
E55C
E511
E4D4
E4A7
E489
E47B
E47D
E48F
E4B0
E4E1
E521
E571
E5D1
E63F
E6BC
E748
E7E3
E88B
E941
EA04
EAD3
EBAF
EC96
ED89
EE86
EF8D
F09E
F1B7
F2D8
F400
F52F
F664
F79E
F8DC
FA1D
FB60
FCA6
FDEC
FF34
007B
01C2
0306
0449
0588
06C4
07FB
092E
0A5A
0B80
0CA0
0DB7
0EC7
0FCE
10CD
11C1
12AC
138C
1462
152D
15EC
169F
1747
17E2
1871
18F4
196A
19D2
1A2D
1A7B
1ABD
1AF2
1B1A
1B36
1B46
1B49
1B41
1B2C
1B0C
1AE0
1AAA
1A69
1A1D
19C7
1967
18FE
188C
1812
178F
1704
1672
15D9
1539
1493
13E8
1337
1282
11C8
110A
1048
0F84
0EBC
0DF3
0D27
0C5A
0B8C
0ABD
09ED
091D
084D
077D
06AE
05DF
0511
0445
0379
02AF
01E7
0120
005B
FF97
FED6
FE16
FD58
FC9C
FBE1
FB29
FA72
F9BD
F90A
F858
F7A7
F6F7
F649
F59C
F4F0
F445
F39B
F2F2
F249
F1A0
F0F8
F051
EFA9
EF01
EE59
EDB1
ED08
EC5F
EBB5
EB0B
EA60
E9B4
E908
E85A
E7AC
E6FE
E64E
E59E
E4ED
E43B
E389
E2D7
E223
E16E
E0BA
E006
DF53
DEA0
DDEE
DD3E
DC8E
DBE1
DB35
DA8C
D9E5
D941
D8A0
D802
D768
D6D2
D641
D5B5
D52D
D4AB
D42F
D3B8
D348
D2DF
D27D
D222
D1CE
D183
D140
D105
D0D2
D0A7
D086
D06E
D060
D05B
D060
D06F
D087
D0AA
D0D7
D10D
D14E
D199
D1ED
D24C
D2B4
D325
D3A0
D424
D4B2
D547
D5E6
D68C
D73A
D7F0
D8AD
D971
DA3C
DB0C
DBE2
DCBD
DD9C
DE80
DF68
E053
E141
E232
E324
E417
E50C
E600
E6F5
E7E9
E8DC
E9CD
EABC
EBA9
EC93
ED79
EE5B
EF3A
F013
F0E8
F1B7
F281
F345
F402
F4B9
F56A
F613
F6B6
F751
F7E6
F872
F8F7
F975
F9EB
FA5A
FAC2
FB23
FB7D
FBD0
FC1C
FC62
FCA2
FCDC
FD10
FD3F
FD69
FD8F
FDB0
FDCE
FDE8
FDFF
FE13
FE26
FE37
FE47
FE56
FE65
FE74
FE84
FE95
FEA9
FEBE
FED7
FEF3
FF12
FF36
FF5F
FF8C
FFBF
FFF8
0036
007C
00C8
011B
0175
01D7
0241
02B3
032C
03AE
0437
04C9
0563
0605
06AF
0761
081B
08DC
09A5
0A74
0B4B
0C28
0D0A
0DF3
0EE2
0FD6
10CE
11CA
12C9
13CB
14CE
15D4
16DA
17E0
18E6
19EA
1AED
1BED
1CEA
1DE3
1ED8
1FC7
20B0
2192
226D
2340
240A
24CB
2582
262E
26CF
2764
27EC
2868
28D6
2937
298A
29CF
2A04
2A2A
2A41
2A48
2A3F
2A25
29FB
29C1
2976
291B
28AF
2833
27A7
270B
265F
25A3
24D9
23FF
2317
2222
211E
200E
1EF2
1DC9
1C96
1B58
1A10
18C0
1767
1606
149F
1333
11C2
104C
0ED4
0D59
0BDD
0A61
08E5
076A
05F2
047C
030B
019F
0038
FED7
FD7E
FC2D
FAE5
F9A7
F873
F74A
F62D
F51B
F417
F321
F238
F15E
F092
EFD6
EF2A
EE8D
EE01
ED85
ED19
ECBF
EC75
EC3D
EC15
EBFE
EBF9
EC03
EC1F
EC4A
EC86
ECD1
ED2C
ED95
EE0D
EE93
EF27
EFC7
F074
F12D
F1F1
F2BF
F397
F478
F561
F652
F74A
F848
F94B
FA52
FB5C
FC68
FD77
FE86
FF96
00A5
01B3
02BF
03C8
04CD
05CF
06CC
07C3
08B3
099E
0A80
0B5B
0C2E
0CF7
0DB7
0E6E
0F1A
0FBC
1053
10DF
115F
11D4
123D
129B
12EC
1331
136B
1398
13B9
13CF
13D8
13D6
13C8
13AF
138B
135C
1322
12DF
1292
123C
11DD
1175
1105
108E
1010
0F8C
0F02
0E72
0DDD
0D45
0CA8
0C08
0B66
0AC1
0A1B
0975
08CD
0826
077F
06DC
063B
059B
04FE
0464
03CD
033A
02AB
0220
019A
0119
009D
0026
FFB5
FF4A
FEE5
FE86
FE2D
FDDB
FD8E
FD48
FD09
FCCF
FC9C
FC6F
FC48
FC27
FC0B
FBF5
FBE4
FBD9
FBD2
FBD2
FBD6
FBDE
FBEB
FBFA
FC0D
FC22
FC3A
FC53
FC6F
FC8C
FCA9
FCC8
FCE7
FD05
FD24
FD41
FD5E
FD79
FD93
FDAB
FDC0
FDD3
FDE3
FDF0
FDFA
FE01
FE03
FE02
FDFD
FDF4
FDE7
FDD5
FDBF
FDA4
FD84
FD60
FD38
FD0A
FCD9
FCA3
FC69
FC2A
FBE8
FBA1
FB57
FB09
FAB8
FA64
FA0C
F9B2
F956
F8F7
F896
F834
F7D0
F76B
F705
F69E
F637
F5D0
F569
F502
F49C
F437
F3D3
F370
F310
F2B0
F253
F1F8
F1A0
F14A
F0F7
F0A7
F05A
F010
EFC9
EF86
EF46
EF09
EED0
EE9A
EE67
EE37
EE0B
EDE2
EDBC
ED99
ED79
ED5C
ED41
ED29
ED12
ECFE
ECEC
ECDB
ECCC
ECBF
ECB2
ECA6
EC9A
EC8F
EC84
EC79
EC6D
EC60
EC53
EC44
EC34
EC22
EC0F
EBF9
EBE1
EBC7
EBAA
EB8A
EB67
EB41
EB18
EAEC
EABD
EA8A
EA54
EA1B
E9DF
E99F
E95C
E915
E8CC
E87F
E831
E7E0
E78D
E739
E6E3
E68D
E635
E5DE
E586
E52F
E4D8
E483
E430
E3DF
E390
E344
E2FC
E2B9
E279
E23F
E20B
E1DD
E1B5
E195
E17C
E16C
E164
E165
E171
E184
E1A3
E1CC
E200
E241
E28E
E2E7
E34D
E3C0
E440
E4CE
E56A
E613
E6CB
E791
E865
E947
EA37
EB36
EC42
ED5C
EE83
EFB8
F0FA
F249
F3A4
F50A
F67D
F7FA
F981
FB13
FCAD
FE51
FFFD
01AF
0368
0526
06E9
08B0
0A7A
0C46
0E13
0FE0
11AC
1376
153E
1702
18C1
1A7A
1C2D
1DD7
1F79
2111
229D
241E
2593
26F9
2851
2999
2AD0
2BF6
2D0A
2E0B
2EF8
2FD1
3095
3143
31DB
325C
32C5
3317
3350
3371
3378
3367
333C
32F8
329A
3223
3192
30E8
3025
2F49
2E55
2D48
2C24
2AE8
2995
282C
26AE
251B
2374
21BA
1FED
1E0F
1C20
1A21
1813
15F8
13D0
119E
0F61
0D1C
0ACF
087C
0624
03C9
016A
FF0B
FCAC
FA4F
F7F4
F59D
F34C
F102
EEBF
EC86
EA58
E835
E61F
E417
E21E
E036
DE5F
DC9A
DAE9
D94C
D7C4
D652
D4F7
D3B3
D288
D175
D07C
CF9C
CED6
CE2B
CD9B
CD25
CCCB
CC8B
CC67
CC5E
CC70
CC9C
CCE3
CD44
CDBF
CE54
CF01
CFC6
D0A3
D197
D2A1
D3C1
D4F5
D63C
D797
D903
DA81
DC10
DDAD
DF59
E110
E2D4
E4A1
E677
E855
EA3A
EC23
EE11
F001
F1F2
F3E3
F5D3
F7C1
F9AB
FB90
FD6F
FF47
0116
02DC
0497
0646
07E8
097D
0B03
0C7A
0DE0
0F35
1078
11A9
12C7
13D2
14C8
15AA
1677
172F
17D0
185D
18D3
1933
197E
19B2
19D1
19DA
19CD
19AC
1976
192B
18CD
185C
17D8
1741
169A
15E2
1519
1442
135D
126A
116B
1060
0F4B
0E2D
0D05
0BD7
0AA2
0967
0829
06E7
05A3
045E
031A
01D6
0095
FF57
FE1E
FCEB
FBBD
FA98
F97A
F867
F75D
F65F
F56C
F487
F3AF
F2E5
F22A
F17E
F0E3
F058
EFDE
EF76
EF1F
EEDA
EEA9
EE89
EE7D
EE83
EE9B
EEC6
EF03
EF53
EFB4
F027
F0AB
F140
F1E5
F29A
F35E
F431
F512
F600
F6FB
F802
F913
FA2F
FB54
FC81
FDB6
FEF1
0032
0177
02BF
040A
0557
06A3
07F1
093D
0A86
0BCB
0D0C
0E47
0F7C
10A9
11CD
12E8
13F9
14FF
15F9
16E6
17C6
1897
195A
1A0E
1AB2
1B46
1BC9
1C3B
1C9B
1CEA
1D26
1D51
1D69
1D6F
1D62
1D43
1D12
1CCE
1C79
1C12
1B9A
1B10
1A76
19CC
1912
1849
1772
168D
159B
149D
1394
1280
1163
103D
0F0F
0DDA
0C9F
0B60
0A1C
08D6
078E
0645
04FD
03B5
0270
012F
FFF2
FEBA
FD88
FC5E
FB3B
FA21
F911
F80C
F712
F624
F543
F470
F3AB
F2F5
F24E
F1B6
F12F
F0B9
F053
EFFE
EFBB
EF89
EF68
EF59
EF5B
EF6F
EF94
EFC9
F010
F066
F0CD
F143
F1C8
F25B
F2FC
F3AA
F464
F52A
F5FA
F6D5
F7BA
F8A6
F99A
FA95
FB95
FC99
FDA0
FEAA
FFB5
00C0
01C9
02D1
03D5
04D4
05CE
06C1
07AD
088F
0968
0A35
0AF7
0BAC
0C53
0CEB
0D74
0DEC
0E53
0EA9
0EEB
0F1A
0F35
0F3D
0F30
0F0F
0ED9
0E8E
0E2D
0DB7
0D2B
0C8B
0BD5
0B0A
0A2A
0936
082E
0713
05E4
04A3
0351
01ED
0079
FEF6
FD64
FBC4
FA18
F861
F69F
F4D3
F2FF
F124
EF44
ED5E
EB75
E98A
E79E
E5B2
E3C8
E1E1
DFFE
DE21
DC4B
DA7D
D8B9
D700
D553
D3B4
D223
D0A2
CF32
CDD4
CC89
CB52
CA30
C924
C82E
C750
C68A
C5DC
C548
C4CE
C46D
C428
C3FE
C3EE
C3FA
C420
C462
C4BE
C534
C5C5
C670
C734
C811
C907
CA14
CB38
CC72
CDC2
CF26
D09D
D227
D3C3
D56E
D729
D8F1
DAC6
DCA6
DE90
E083
E27D
E47C
E680
E887
EA8F
EC98
EE9F
F0A3
F2A4
F49E
F692
F87D
FA5F
FC36
FE01
FFBE
016C
030B
0499
0614
077D
08D2
0A13
0B3E
0C52
0D50
0E37
0F05
0FBB
1058
10DD
1148
119A
11D2
11F1
11F7
11E4
11B8
1174
1118
10A5
101B
0F7B
0EC5
0DFC
0D1E
0C2E
0B2D
0A1B
08F9
07C9
068C
0543
03F0
0293
012E
FFC2
FE51
FCDD
FB66
F9EE
F876
F700
F58E
F41F
F2B7
F157
EFFF
EEB1
ED6E
EC38
EB10
E9F6
E8EC
E7F4
E70D
E639
E578
E4CD
E436
E3B6
E34C
E2F9
E2BD
E29A
E28F
E29C
E2C2
E300
E357
E3C6
E44E
E4EE
E5A5
E674
E75A
E855
E967
EA8D
EBC7
ED14
EE73
EFE3
F163
F2F3
F491
F63B
F7F1
F9B1
FB7A
FD4B
FF22
00FE
02DD
04BE
06A1
0882
0A61
0C3C
0E13
0FE2
11AA
1369
151D
16C6
1861
19EE
1B6B
1CD8
1E32
1F7B
20AF
21CF
22D7
23CA
24A5
2569
2614
26A7
2721
2781
27C8
27F5
2808
2801
27E0
27A5
2750
26E3
265C
25BD
2506
2438
2353
2258
2148
2024
1EEC
1DA2
1C47
1ADB
1961
17D8
1643
14A2
12F7
1143
0F88
0DC6
0C00
0A37
086B
069F
04D4
030B
0146
FF86
FDCC
FC1A
FA71
F8D2
F73F
F5B9
F440
F2D7
F17E
F035
EEFF
EDDC
ECCC
EBD1
EAEC
EA1C
E962
E8C0
E834
E7C1
E765
E722
E6F7
E6E4
E6EA
E707
E73D
E78A
E7EF
E86A
E8FC
E9A4
EA61
EB34
EC1A
ED13
EE1F
EF3C
F06A
F1A7
F2F3
F44D
F5B3
F724
F89F
FA24
FBB0
FD43
FEDB
0077
0215
03B6
0557
06F6
0894
0A2E
0BC4
0D55
0EDE
105F
11D7
1346
14A9
15FF
1749
1885
19B1
1ACE
1BDB
1CD7
1DC1
1E98
1F5D
200F
20AC
2136
21AC
220D
225A
2292
22B5
22C4
22BE
22A4
2278
2237
21E4
217D
2104
2079
1FDC
1F2F
1E72
1DA5
1CCA
1BE1
1AEB
19E9
18DB
17C3
16A1
1577
1445
130D
11CE
108B
0F45
0DFB
0CB0
0B64
0A18
08CD
0784
063E
04FB
03BE
0288
0158
002F
FF0E
FDF5
FCE5
FBDE
FAE2
F9F1
F90B
F831
F763
F6A1
F5ED
F545
F4AB
F41F
F3A0
F32F
F2CC
F277
F230
F1F6
F1CA
F1AC
F19B
F196
F19F
F1B4
F1D5
F201
F239
F27C
F2C9
F320
F380
F3E8
F459
F4D1
F54F
F5D4
F65F
F6EE
F782
F819
F8B4
F950
F9EF
FA8F
FB30
FBD0
FC70
FD10
FDAD
FE48
FEE1
FF77
000A
0099
0123
01A9
022A
02A6
031D
038E
03FA
0460
04C0
051A
056D
05BB
0602
0643
067E
06B3
06E2
070B
072E
074C
0764
0777
0785
078F
0794
0795
0792
078C
0782
0776
0768
0757
0745
0731
071D
0708
06F3
06E0
06CE
06BE
06AE
06A1
0695
068C
0686
0683
0683
0686
068D
0698
06A7
06BB
06D3
06EF
0710
0736
0760
0790
07C4
07FC
083A
087C
08C2
090D
095C
09AF
0A07
0A61
0AC0
0B22
0B88
0BF0
0C5A
0CC7
0D35
0DA5
0E16
0E88
0EFA
0F6C
0FDE
1050
10C0
112F
119D
1208
1271
12D7
133B
139B
13F7
144F
14A3
14F3
153E
1584
15C4
1600
1635
1665
168F
16B0
16CC
16E1
16F0
16F8
16FA
16F6
16EB
16D9
16C1
16A3
167F
1654
1623
15EC
15B0
156E
1526
14DA
1488
1431
13D6
1377
1313
12AB
1240
11D2
1161
10EC
1076
0FFD
0F82
0F05
0E86
0E06
0D85
0D04
0C82
0C01
0B7F
0AFE
0A7D
09FD
097F
0901
0884
0809
078F
0716
06A0
062B
05B8
0547
04D7
0469
03FE
0394
032B
02C5
0260
01FD
019B
013B
00DC
007F
0023
FFC8
FF6E
FF15
FEBC
FE63
FE0A
FDB1
FD57
FCFD
FCA3
FC48
FBEB
FB8E
FB30
FAD0
FA6E
FA0B
F9A7
F940
F8D8
F86D
F801
F792
F721
F6AE
F639
F5C2
F549
F4CE
F451
F3D3
F352
F2D1
F24D
F1C9
F143
F0BD
F036
EFAE
EF27
EEA0
EE18
ED92
ED0D
EC89
EC06
EB86
EB08
EA8C
EA13
E99E
E92D
E8BF
E856
E7F1
E792
E738
E6E4
E696
E64F
E60E
E5D4
E5A0
E573
E54E
E532
E51D
E511
E50E
E514
E522
E539
E559
E582
E5B5
E5F0
E634
E681
E6D7
E735
E79C
E80A
E881
E8FF
E985
EA11
EAA4
EB3D
EBDC
EC80
ED29
EDD7
EE88
EF3C
EFF2
F0AB
F164
F21F
F2DA
F394
F44D
F504
F5B9
F66B
F719
F7C2
F866
F905
F99D
FA2D
FAB6
FB37
FBAF
FC1D
FC80
FCDA
FD27
FD6A
FD9F
FDC9
FDE5
FDF4
FDF4
FDE7
FDCC
FDA1
FD69
FD21
FCCB
FC65
FBF0
FB6C
FAD8
FA36
F985
F8C5
F7F7
F71B
F631
F53A
F436
F325
F209
F0E1
EFAF
EE72
ED2C
EBDD
EA86
E928
E7C3
E659
E4EA
E377
E201
E089
DF10
DD96
DC1E
DAA7
D933
D7C2
D657
D4F0
D391
D239
D0E9
CFA3
CE67
CD36
CC11
CAFA
C9F0
C8F4
C808
C72C
C661
C5A7
C4FF
C46A
C3E8
C379
C31E
C2D8
C2A7
C28B
C284
C292
C2B6
C2F0
C340
C3A5
C421
C4B1
C557
C613
C6E3
C7C8
C8C1
C9CD
CAED
CC20
CD65
CEBB
D023
D19A
D321
D4B6
D65A
D80A
D9C6
DB8E
DD60
DF3B
E11F
E309
E4FB
E6F1
E8EC
EAEA
ECEA
EEEC
F0EE
F2EF
F4EF
F6EB
F8E4
FAD8
FCC6
FEAD
008C
0262
042F
05F1
07A7
0951
0AEF
0C7E
0DFF
0F70
10D2
1223
1363
1491
15AD
16B7
17AE
1892
1963
1A20
1AC9
1B5E
1BDF
1C4C
1CA5
1CEB
1D1E
1D3C
1D48
1D40
1D25
1CF8
1CB9
1C68
1C05
1B92
1B0E
1A7B
19D8
1926
1866
1799
16BF
15D9
14E8
13EC
12E6
11D7
10BF
0FA0
0E7A
0D4E
0C1D
0AE7
09AE
0872
0734
05F5
04B5
0376
0238
00FC
FFC2
FE8C
FD5A
FC2D
FB06
F9E4
F8C9
F7B6
F6AB
F5A8
F4AE
F3BD
F2D7
F1FA
F129
F063
EFA8
EEF9
EE56
EDC0
ED36
ECB8
EC48
EBE5
EB8E
EB45
EB09
EADA
EAB8
EAA3
EA9B
EA9F
EAB1
EACF
EAFA
EB31
EB73
EBC2
EC1C
EC81
ECF1
ED6B
EDF0
EE7E
EF16
EFB6
F060
F111
F1CB
F28B
F353
F420
F4F4
F5CE
F6AC
F78F
F876
F960
FA4F
FB3F
FC32
FD27
FE1D
FF13
000A
0100
01F6
02EB
03DD
04CE
05BC
06A8
0790
0874
0954
0A30
0B07
0BD8
0CA4
0D6A
0E2A
0EE3
0F96
1041
10E5
1182
1217
12A3
1328
13A5
141A
1487
14EB
1546
1599
15E2
1622
165A
1688
16AD
16C9
16DB
16E5
16E6
16DE
16CD
16B3
1691
1666
1633
15F9
15B6
156B
1519
14C0
1460
13F9
138C
1318
129F
121F
119B
1112
1085
0FF3
0F5D
0EC4
0E27
0D87
0CE5
0C41
0B9A
0AF2
0A49
09A0
08F6
084C
07A2
06F9
0652
05AC
0508
0466
03C6
032A
0291
01FB
0169
00DC
0053
FFCE
FF4F
FED5
FE61
FDF2
FD89
FD27
FCCA
FC74
FC24
FBDB
FB99
FB5D
FB28
FAFA
FAD2
FAB2
FA97
FA84
FA77
FA70
FA70
FA75
FA80
FA91
FAA8
FAC3
FAE4
FB08
FB32
FB5F
FB90
FBC4
FBFA
FC34
FC6F
FCAD
FCEC
FD2C
FD6C
FDAC
FDEB
FE29
FE66
FEA0
FED7
FF0C
FF3D
FF6A
FF93
FFB6
FFD5
FFED
0000
000C
0011
000E
0004
FFF2
FFD7
FFB3
FF87
FF52
FF12
FECA
FE77
FE1A
FDB4
FD44
FCCA
FC45
FBB6
FB1D
FA79
F9CA
F911
F84F
F782
F6AC
F5CC
F4E4
F3F3
F2F9
F1F8
F0EF
EFE0
EECA
EDAE
EC8C
EB66
EA3C
E90E
E7DD
E6AB
E576
E441
E30C
E1D7
E0A4
DF73
DE45
DD1A
DBF4
DAD3
D9B7
D8A2
D795
D68F
D592
D49F
D3B6
D2D8
D205
D13E
D084
CFD8
CF39
CEA9
CE27
CDB6
CD54
CD02
CCC1
CC90
CC71
CC64
CC68
CC7E
CCA5
CCDF
CD2B
CD89
CDF8
CE78
CF0A
CFAE
D063
D129
D1FF
D2E6
D3DD
D4E3
D5F8
D71B
D84B
D989
DAD3
DC29
DD8A
DEF5
E069
E1E6
E36B
E4F6
E687
E81E
E9B8
EB56
ECF6
EE97
F038
F1D9
F378
F514
F6AC
F83F
F9CD
FB54
FCD4
FE4C
FFBB
0120
027B
03CA
050D
0643
076C
0886
0992
0A8E
0B7B
0C57
0D23
0DDD
0E87
0F1E
0FA3
1016
1077
10C5
1101
112A
1141
1146
1138
1119
10E7
10A3
104E
0FE8
0F72
0EEB
0E56
0DB1
0CFD
0C3C
0B6E
0A93
09AC
08BB
07BF
06BA
05AC
0496
037A
0257
012F
0003
FED3
FDA1
FC6D
FB39
FA04
F8D0
F79F
F66F
F543
F41C
F2F9
F1DC
F0C5
EFB6
EEAE
EDAF
ECB9
EBCD
EAEB
EA14
E948
E887
E7D3
E72B
E690
E602
E581
E50D
E4A7
E44F
E405
E3C8
E399
E377
E363
E35C
E363
E377
E397
E3C3
E3FC
E441
E490
E4EA
E54E
E5BD
E634
E6B5
E73F
E7D0
E868
E907
E9AC
EA57
EB06
EBBA
EC71
ED2B
EDE7
EEA5
EF64
F024
F0E3
F1A1
F25F
F31A
F3D2
F488
F53A
F5E9
F693
F738
F7D7
F871
F905
F993
FA1A
FA9A
FB13
FB85
FBEF
FC53
FCAE
FD02
FD4E
FD93
FDCF
FE05
FE32
FE59
FE78
FE90
FEA1
FEAB
FEAF
FEAD
FEA5
FE98
FE85
FE6E
FE52
FE32
FE0F
FDE8
FDBE
FD92
FD64
FD35
FD05
FCD4
FCA3
FC72
FC42
FC13
FBE5
FBB9
FB8F
FB68
FB44
FB23
FB05
FAEC
FAD7
FAC6
FABA
FAB3
FAB1
FAB4
FABC
FACB
FADE
FAF8
FB17
FB3C
FB66
FB97
FBCC
FC08
FC49
FC8F
FCDA
FD2B
FD80
FDD9
FE37
FE99
FEFF
FF68
FFD5
0044
00B6
012A
01A0
0217
0290
0309
0383
03FD
0476
04EF
0567
05DE
0652
06C5
0736
07A3
080E
0875
08D9
0938
0994
09EB
0A3D
0A8A
0AD3
0B16
0B54
0B8D
0BC0
0BEE
0C17
0C39
0C57
0C6F
0C81
0C8E
0C96
0C99
0C97
0C90
0C85
0C75
0C62
0C4A
0C2F
0C11
0BF0
0BCD
0BA7
0B7F
0B56
0B2B
0B02
0AD7
0AAD
0A83
0A5A
0A31
0A0B
09E6
09C3
09A3
0987
096D
0957
0945
0938
092F
092B
092C
0933
0940
0952
096B
098A
09AF
09DB
0A0D
0A46
0A86
0ACD
0B1A
0B6E
0BC9
0C2C
0C95
0D05
0D7A
0DF6
0E77
0EFD
0F89
1019
10AE
1146
11E3
1284
1327
13CD
1476
1520
15CC
1679
1727
17D5
1883
1930
19DB
1A85
1B2D
1BD3
1C75
1D14
1DAF
1E46
1ED7
1F63
1FEA
206A
20E3
2156
21C2
2226
2282
22D6
2322
2366
23A1
23D2
23FB
241B
2431
243E
2442
243C
242D
2415
23F4
23C9
2396
2359
2314
22C6
2270
2212
21AD
213F
20CB
204E
1FCB
1F42
1EB2
1E1E
1D84
1CE6
1C43
1B9D
1AF3
1A46
1997
18E5
1832
177E
16C9
1614
155F
14AA
13F6
1343
1292
11E3
1137
108D
0FE6
0F43
0EA3
0E06
0D6F
0CDB
0C4C
0BC2
0B3D
0ABD
0A42
09CC
095B
08F0
088A
0829
07CE
0778
0727
06DB
0694
0652
0615
05DC
05A7
0577
054A
0521
04FB
04D9
04B9
049C
0481
0469
0451
043B
0427
0413
03FF
03EC
03D8
03C4
03AF
0399
0382
0368
034D
032F
030F
02EC
02C7
029E
0272
0243
0211
01DB
01A1
0164
0123
00DE
0096
004A
FFFB
FFA8
FF52
FEF8
FE9C
FE3D
FDDB
FD76
FD0F
FCA6
FC3A
FBCD
FB5F
FAF0
FA80
FA10
F9A0
F931
F8C2
F855
F7E9
F780
F719
F6B4
F653
F5F6
F59C
F547
F4F7
F4AC
F467
F427
F3EE
F3BB
F38F
F36A
F34D
F337
F329
F323
F325
F32F
F341
F35B
F37E
F3AA
F3DE
F41B
F461
F4AF
F505
F564
F5CA
F639
F6AF
F72D
F7B2
F83D
F8CF
F968
FA06
FAAA
FB52
FBFF
FCB0
FD64
FE1C
FED6
FF92
004F
010E
01CC
028A
0347
0402
04BA
0570
0623
06D2
077C
0821
08C0
095A
09EC
0A78
0AFB
0B77
0BEA
0C53
0CB4
0D0A
0D56
0D98
0DCF
0DFB
0E1C
0E32
0E3C
0E3A
0E2C
0E13
0DED
0DBC
0D7F
0D37
0CE3
0C83
0C18
0BA3
0B23
0A99
0A05
0967
08C1
0812
075B
069D
05D8
050C
043B
0365
028A
01AB
00CA
FFE6
FF00
FE19
FD32
FC4C
FB66
FA83
F9A3
F8C6
F7EE
F71A
F64D
F585
F4C6
F40E
F35E
F2B8
F21C
F18A
F103
F088
F019
EFB7
EF61
EF19
EEDF
EEB2
EE95
EE85
EE85
EE94
EEB2
EEDF
EF1B
EF67
EFC1
F02B
F0A4
F12B
F1C2
F266
F318
F3D8
F4A5
F57F
F666
F758
F856
F95E
FA71
FB8D
FCB1
FDDE
FF13
004E
018F
02D5
0420
056E
06BF
0811
0965
0AB9
0C0C
0D5D
0EAC
0FF8
1140
1282
13C0
14F6
1626
174D
186B
1980
1A8B
1B8B
1C7F
1D66
1E41
1F0F
1FCF
2082
2125
21BA
2240
22B7
231E
2375
23BC
23F3
241A
2431
2437
242E
2414
23EB
23B2
236A
2313
22AD
2238
21B6
2126
2089
1FE0
1F2B
1E6A
1D9F
1CC9
1BEA
1B02
1A13
191C
181F
171C
1615
1509
13FB
12E9
11D7
10C3
0FAF
0E9D
0D8B
0C7C
0B71
0A69
0965
0867
0770
067E
0595
04B3
03DA
030A
0244
0188
00D8
0032
FF99
FF0C
FE8C
FE19
FDB3
FD5A
FD10
FCD3
FCA4
FC83
FC70
FC6C
FC75
FC8C
FCB2
FCE5
FD25
FD73
FDCE
FE35
FEA9
FF29
FFB4
004B
00EC
0198
024D
030C
03D3
04A2
0579
0657
073C
0826
0915
0A09
0B01
0BFC
0CFA
0DFA
0EFB
0FFD
10FF
1200
1300
13FF
14FB
15F5
16EB
17DD
18CB
19B4
1A97
1B75
1C4C
1D1D
1DE6
1EA8
1F63
2015
20C0
2162
21FB
228B
2312
2390
2404
246E
24D0
2528
2576
25BC
25F8
262A
2654
2675
268D
269D
26A4
26A3
269B
268B
2673
2655
2630
2604
25D3
259C
255F
251E
24D8
248E
243F
23ED
2398
2340
22E6
2289
222B
21CB
216A
2108
20A5
2042
1FDE
1F7A
1F17
1EB3
1E51
1DEF
1D8E
1D2E
1CCF
1C71
1C15
1BBA
1B60
1B07
1AB0
1A5A
1A06
19B2
1960
190E
18BE
186E
181E
17D0
1781
1733
16E5
1697
1649
15FA
15AA
1559
1506
14B2
145C
1404
13AA
134E
12EF
128C
1227
11BF
1152
10E3
106F
0FF8
0F7C
0EFC
0E78
0DEF
0D62
0CD0
0C3A
0B9F
0AFF
0A5C
09B3
0906
0854
079E
06E4
0627
0566
04A1
03D9
030F
0242
0172
00A1
FFCE
FEFA
FE25
FD4F
FC79
FBA4
FACF
F9FC
F92A
F85A
F78D
F6C3
F5FC
F53A
F47B
F3C2
F30E
F260
F1B8
F117
F07D
EFEB
EF60
EEDE
EE64
EDF4
ED8D
ED2F
ECDC
EC92
EC53
EC1F
EBF6
EBD8
EBC5
EBBD
EBC1
EBD0
EBEA
EC10
EC40
EC7D
ECC4
ED16
ED73
EDDA
EE4B
EEC6
EF4B
EFD9
F070
F10F
F1B7
F266
F31D
F3D9
F49C
F563
F62F
F700
F7D3
F8AA
F982
FA5B
FB36
FC10
FCE9
FDC1
FE96
FF69
0038
0102
01C7
0287
0340
03F2
049C
053D
05D6
0665
06E9
0763
07D1
0834
0889
08D2
090E
093C
095D
0970
0975
096B
0953
092D
08F8
08B4
0861
0800
0791
0713
0687
05ED
0546
0491
03D0
0302
0229
0144
0054
FF59
FE56
FD49
FC33
FB16
F9F2
F8C8
F797
F661
F528
F3EB
F2AD
F16D
F02E
EEEF
EDB2
EC77
EB40
EA0D
E8E0
E7B8
E698
E57F
E470
E36A
E26E
E17D
E099
DFC0
DEF6
DE39
DD8B
DCEC
DC5D
DBDE
DB70
DB13
DAC8
DA8E
DA66
DA50
DA4D
DA5C
DA7E
DAB3
DAFA
DB54
DBC0
DC3E
DCCE
DD70
DE23
DEE7
DFBB
E0A0
E193
E296
E3A7
E4C5
E5F0
E727
E869
E9B5
EB0C
EC6A
EDD1
EF3E
F0B2
F22A
F3A6
F525
F6A6
F827
F9A8
FB29
FCA7
FE22
FF98
010A
0275
03D9
0535
0688
07D1
0910
0A43
0B69
0C82
0D8E
0E8A
0F78
1056
1123
11E0
128B
1325
13AC
1421
1484
14D3
1510
153A
1550
1553
1542
151F
14E9
14A1
1447
13DC
1360
12D2
1235
1188
10CC
1002
0F2A
0E45
0D54
0C58
0B51
0A40
0927
0805
06DD
05AF
047C
0344
020A
00CE
FF90
FE53
FD17
FBDC
FAA5
F970
F840
F716
F5F3
F4D8
F3C6
F2BC
F1BE
F0CA
EFE2
EF06
EE38
ED77
ECC5
EC21
EB8D
EB09
EA94
EA30
E9DD
E99B
E969
E949
E93A
E93C
E950
E974
E9A9
E9EF
EA45
EAAB
EB21
EBA5
EC38
ECD9
ED88
EE45
EF0D
EFE2
F0C1
F1AB
F29F
F39B
F49F
F5AA
F6BC
F7D2
F8ED
FA0C
FB2D
FC50
FD73
FE96
FFB8
00D7
01F4
030C
0420
052E
0635
0735
082D
091B
0A00
0AD9
0BA7
0C6A
0D20
0DC9
0E64
0EF2
0F71
0FE2
1043
1096
10D9
110C
1130
1144
1148
113D
1122
10F8
10BE
1076
101E
0FB9
0F46
0EC5
0E38
0D9E
0CF8
0C47
0B8C
0AC6
09F8
0921
0842
075D
0671
0580
048B
0393
0297
019A
009C
FF9F
FEA2
FDA7
FCAF
FBBA
FACB
F9E0
F8FC
F81E
F749
F67C
F5B9
F500
F451
F3AE
F317
F28C
F20F
F19F
F13D
F0E9
F0A5
F070
F04B
F035
F02F
F039
F053
F07C
F0B6
F0FF
F157
F1BF
F236
F2BC
F350
F3F3
F4A3
F560
F62B
F701
F7E3
F8CF
F9C6
FAC7
FBD1
FCE3
FDFC
FF1C
0041
016C
029B
03CE
0503
063A
0772
08AB
09E2
0B18
0C4C
0D7C
0EA8
0FD0
10F2
120D
1321
142D
1531
162B
171C
1802
18DD
19AD
1A71
1B28
1BD2
1C6F
1CFF
1D81
1DF5
1E5A
1EB1
1EFA
1F34
1F60
1F7E
1F8D
1F8F
1F83
1F69
1F41
1F0C
1ECA
1E7B
1E21
1DBA
1D49
1CCC
1C46
1BB5
1B1C
1A7A
19D0
191F
1867
17AA
16E7
161F
1554
1485
13B4
12E2
120E
1139
1065
0F92
0EC0
0DF1
0D26
0C5E
0B9A
0ADB
0A20
096B
08BD
0814
0773
06D9
0646
05BB
0539
04BF
044E
03E6
0387
0332
02E5
02A2
0269
0238
0211
01F4
01DF
01D3
01D0
01D5
01E3
01F9
0216
023A
0266
0298
02D1
030F
0352
039A
03E7
0437
048A
04E1
0539
0593
05EF
064B
06A8
0704
075F
07BA
0812
0868
08BC
090C
0959
09A2
09E7
0A27
0A63
0A99
0AC9
0AF4
0B19
0B38
0B50
0B62
0B6D
0B72
0B70
0B68
0B59
0B44
0B28
0B06
0ADD
0AAF
0A7B
0A41
0A02
09BE
0974
0927
08D5
087F
0826
07CA
076C
070B
06A9
0645
05E0
057B
0516
04B2
044F
03EE
0390
0334
02DC
0287
0237
01EA
01A3
0161
0125
00EF
00C0
0097
0075
005B
0049
003F
003C
0042
0051
0068
0088
00B1
00E2
011D
0160
01AB
0200
025D
02C2
032F
03A4
0421
04A7
0533
05C6
065F
06FE
07A3
084C
08FB
09AD
0A63
0B1D
0BD8
0C96
0D55
0E16
0ED6
0F97
1056
1114
11D0
128A
1340
13F3
14A1
154B
15EF
168D
1724
17B5
183D
18BE
1937
19A5
1A0B
1A67
1AB8
1AFF
1B3B
1B6D
1B92
1BAD
1BBB
1BBE
1BB4
1B9E
1B7C
1B4E
1B13
1ACC
1A78
1A19
19AD
1936
18B3
1824
178A
16E5
1636
157C
14B8
13EA
1313
1233
114B
105B
0F63
0E65
0D60
0C55
0B45
0A30
0916
07F9
06D9
05B6
0491
036A
0242
011A
FFF2
FECB
FDA4
FC80
FB5D
FA3D
F920
F807
F6F2
F5E1
F4D6
F3CF
F2CE
F1D4
F0DF
EFF1
EF0A
EE2C
ED56
EC87
EBC0
EB02
EA4B
E99D
E8F7
E85A
E7C6
E73A
E6B7
E63C
E5CA
E560
E4FF
E4A6
E455
E40C
E3CB
E392
E360
E336
E313
E2F7
E2E1
E2D2
E2C9
E2C7
E2CA
E2D2
E2E0
E2F3
E30B
E328
E349
E36E
E397
E3C3
E3F2
E425
E45A
E491
E4CB
E507
E544
E583
E5C3
E605
E648
E68B
E6CF
E714
E759
E79F
E7E5
E82B
E871
E8B7
E8FD
E943
E989
E9CE
EA14
EA59
EA9E
EAE4
EB29
EB6E
EBB4
EBFA
EC40
EC86
ECCD
ED14
ED5B
EDA3
EDEC
EE35
EE7F
EEC9
EF14
EF60
EFAD
EFFB
F049
F098
F0E8
F139
F18B
F1DD
F230
F284
F2D8
F32D
F383
F3D8
F42E
F485
F4DB
F531
F587
F5DD
F633
F688
F6DC
F72F
F781
F7D1
F820
F86D
F8B8
F901
F947
F98A
F9CB
FA08
FA42
FA78
FAAA
FAD8
FB02
FB27
FB47
FB62
FB78
FB88
FB93
FB98
FB98
FB91
FB84
FB71
FB57
FB37
FB10
FAE2
FAAE
FA73
FA31
F9E9
F999
F943
F8E7
F884
F81A
F7AB
F735
F6BA
F639
F5B2
F527
F496
F401
F368
F2CA
F229
F185
F0DE
F034
EF89
EEDD
EE2F
ED81
ECD2
EC24
EB77
EACA
EA20
E977
E8D2
E82F
E790
E6F5
E65F
E5CE
E542
E4BC
E43D
E3C4
E352
E2E8
E286
E22C
E1DB
E193
E154
E11F
E0F3
E0D2
E0BB
E0AE
E0AC
E0B5
E0C9
E0E8
E112
E147
E187
E1D3
E229
E28A
E2F5
E36C
E3ED
E478
E50D
E5AB
E653
E704
E7BE
E880
E94A
EA1C
EAF5
EBD4
ECB9
EDA4
EE94
EF89
F081
F17D
F27C
F37D
F47F
F582
F685
F789
F88B
F98C
FA8B
FB87
FC80
FD74
FE65
FF50
0035
0114
01ED
02BE
0387
0448
0500
05AE
0653
06EE
077E
0804
087E
08ED
0950
09A6
09F1
0A2F
0A61
0A85
0A9D
0AA8
0AA5
0A96
0A7B
0A52
0A1D
09DA
098C
0931
08CA
0857
07D8
074E
06B9
0618
056E
04B9
03FA
0332
0261
0188
00A6
FFBC
FECC
FDD5
FCD8
FBD5
FACD
F9C0
F8AF
F79B
F684
F56B
F450
F334
F217
F0FA
EFDD
EEC2
EDA8
EC8F
EB7A
EA67
E958
E84D
E746
E645
E548
E451
E360
E276
E192
E0B6
DFE1
DF13
DE4E
DD91
DCDC
DC30
DB8D
DAF3
DA62
D9DB
D95D
D8E9
D87E
D81C
D7C5
D777
D732
D6F7
D6C6
D69F
D681
D66C
D661
D65E
D665
D675
D68E
D6AF
D6D9
D70C
D746
D788
D7D2
D824
D87D
D8DC
D943
D9B0
DA24
DA9E
DB1D
DBA2
DC2D
DCBD
DD51
DDEA
DE87
DF27
DFCB
E072
E11C
E1C9
E278
E329
E3DC
E491
E546
E5FD
E6B4
E76C
E824
E8DC
E994
EA4B
EB01
EBB6
EC6A
ED1D
EDCD
EE7C
EF29
EFD3
F07B
F120
F1C5
F266
F304
F39E
F435
F4C7
F556
F5E0
F666
F6E8
F764
F7DB
F84E
F8BB
F922
F984
F9E0
FA36
FA86
FAD0
FB14
FB51
FB88
FBB8
FBE1
FC04
FC1F
FC34
FC42
FC49
FC49
FC41
FC35
FC21
FC07
FBE6
FBBE
FB8F
FB59
FB1D
FADA
FA91
FA42
F9EC
F991
F92F
F8C8
F85B
F7E9
F772
F6F6
F676
F5F1
F568
F4DC
F44C
F3B9
F323
F28A
F1EF
F153
F0B5
F016
EF76
EED6
EE36
ED96
ECF7
EC59
EBBD
EB23
EA8C
E9F7
E966
E8D8
E84F
E7CB
E74B
E6D1
E65C
E5EE
E587
E526
E4CC
E47B
E431
E3EF
E3B6
E386
E35F
E341
E32D
E322
E321
E32A
E33D
E35B
E382
E3B3
E3EF
E435
E484
E4DE
E542
E5B0
E627
E6A8
E732
E7C5
E861
E906
E9B2
EA67
EB23
EBE5
ECAF
ED7F
EE55
EF30
F010
F0F4
F1DB
F2C7
F3B4
F4A4
F595
F688
F77A
F86E
F960
FA51
FB40
FC2C
FD14
FDF9
FED9
FFB3
0088
0156
021D
02DD
0394
0444
04EA
0586
0619
06A1
071F
0791
07F8
0854
08A3
08E6
091D
0948
0965
0976
097A
0971
095C
093A
090C
08D2
088B
0839
07DA
0770
06FA
067A
05EF
055A
04BC
0414
0364
02AC
01EC
0126
0059
FF86
FEAF
FDD4
FCF5
FC13
FB2F
FA4A
F964
F87E
F799
F6B6
F5D6
F4F9
F420
F34B
F27C
F1B2
F0F0
F036
EF84
EEDA
EE3B
EDA5
ED1A
EC9B
EC27
EBBF
EB64
EB17
EAD6
EAA4
EA7F
EA68
EA60
EA67
EA7C
EAA0
EAD3
EB14
EB64
EBC2
EC2F
ECAA
ED32
EDC8
EE6B
EF1A
EFD5
F09C
F16E
F24A
F331
F420
F518
F618
F71F
F82C
F93F
FA56
FB71
FC8F
FDB0
FED1
FFF2
0113
0232
034F
0468
057C
068B
0794
0896
098F
0A7F
0B66
0C41
0D11
0DD5
0E8B
0F34
0FCE
1058
10D2
113B
1193
11D9
120C
122D
123B
1236
121C
11EF
11AE
1159
10EF
1071
0FE0
0F3A
0E80
0DB3
0CD3
0BE0
0ADA
09C2
0898
075E
0613
04B9
034F
01D7
0053
FEC1
FD24
FB7C
F9CA
F80F
F64B
F480
F2B0
F0DA
EF00
ED24
EB45
E967
E788
E5AC
E3D2
E1FD
E02C
DE62
DC9F
DAE5
D934
D78E
D5F4
D466
D2E6
D175
D013
CEC2
CD83
CC55
CB3C
CA37
C946
C86A
C7A4
C6F4
C65A
C5D8
C56D
C519
C4DE
C4BA
C4AF
C4BC
C4E1
C51F
C574
C5E2
C667
C704
C7B7
C882
C962
CA59
CB64
CC84
CDB8
CF00
D05A
D1C5
D342
D4CE
D66B
D817
D9CF
DB94
DD64
DF3F
E123
E30F
E503
E6FC
E8FA
EAFC
ED01
EF07
F10E
F314
F519
F71A
F918
FB11
FD03
FEEF
00D3
02AD
047E
0643
07FD
09AB
0B4A
0CDC
0E5F
0FD2
1135
1287
13C8
14F7
1613
171C
1812
18F5
19C4
1A7F
1B25
1BB7
1C35
1C9F
1CF4
1D35
1D61
1D7A
1D7F
1D71
1D50
1D1B
1CD4
1C7C
1C12
1B96
1B0B
1A6F
19C4
190B
1843
176E
168D
159F
14A6
13A3
1295
117F
1060
0F3A
0E0D
0CDA
0BA3
0A67
0927
07E5
06A2
055D
0418
02D3
0190
004F
FF11
FDD6
FC9F
FB6D
FA40
F91A
F7FA
F6E1
F5D0
F4C8
F3C8
F2D1
F1E4
F101
F028
EF5A
EE96
EDDE
ED31
EC8F
EBFA
EB70
EAF2
EA80
EA1A
E9C0
E972
E930
E8FA
E8D0
E8B2
E89F
E898
E89C
E8AB
E8C5
E8E9
E917
E950
E992
E9DE
EA33
EA90
EAF6
EB64
EBD9
EC56
ECDA
ED64
EDF5
EE8B
EF27
EFC8
F06E
F119
F1C7
F279
F32E
F3E6
F4A1
F55E
F61D
F6DE
F79F
F862
F926
F9E9
FAAD
FB71
FC34
FCF7
FDB8
FE79
FF38
FFF6
00B2
016C
0223
02D9
038C
043C
04EA
0595
063D
06E2
0784
0823
08BE
0956
09EC
0A7D
0B0B
0B96
0C1E
0CA2
0D22
0D9F
0E18
0E8E
0F00
0F6E
0FD9
1040
10A3
1103
115F
11B7
120B
125B
12A7
12EF
1333
1372
13AE
13E4
1417
1445
146E
1493
14B3
14CE
14E5
14F6
1502
1509
150B
1507
14FE
14EF
14DA
14C0
14A0
147A
144E
141C
13E3
13A4
135F
1313
12C1
1267
1207
11A1
1134
10BF
1045
0FC3
0F3A
0EAB
0E15
0D78
0CD4
0C2A
0B79
0AC1
0A03
093F
0874
07A3
06CC
05EF
050D
0425
0338
0245
014E
0052
FF52
FE4E
FD46
FC3B
FB2C
FA1B
F907
F7F1
F6D9
F5C0
F4A6
F38C
F271
F157
F03D
EF25
EE0E
ECF9
EBE7
EAD8
E9CC
E8C3
E7C0
E6C0
E5C7
E4D2
E3E4
E2FC
E21C
E142
E071
DFA7
DEE6
DE2E
DD80
DCDB
DC40
DBB0
DB2B
DAB1
DA41
D9DD
D985
D938
D8F7
D8C2
D89A
D87E
D86E
D86B
D875
D88B
D8AF
D8DF
D91C
D965
D9BC
DA1E
DA8E
DB0A
DB92
DC26
DCC5
DD71
DE28
DEE9
DFB6
E08D
E16E
E25A
E34F
E44D
E554
E663
E779
E896
E9B9
EAE3
EC12
ED46
EE7E
EFBB
F0FA
F23D
F382
F4C8
F60F
F758
F8A0
F9E7
FB2D
FC72
FDB5
FEF4
0031
0169
029D
03CC
04F6
061A
0738
084F
095F
0A67
0B67
0C5F
0D4F
0E35
0F11
0FE4
10AD
116C
1220
12CA
1368
13FB
1483
1500
1571
15D6
1630
167E
16C0
16F7
1722
1742
1756
175F
175D
174F
1737
1714
16E7
16AF
166D
1622
15CE
1570
150B
149D
1428
13AC
1329
12A0
1211
117C
10E3
1045
0FA4
0EFF
0E57
0DAD
0D01
0C53
0BA5
0AF6
0A47
0999
08EC
0841
0798
06F1
064E
05AE
0512
047A
03E7
0358
02D0
024D
01D0
015A
00EA
0082
0021
FFC7
FF75
FF2C
FEEA
FEB1
FE80
FE58
FE38
FE22
FE14
FE0F
FE12
FE1F
FE34
FE52
FE78
FEA6
FEDD
FF1C
FF63
FFB1
0007
0065
00CB
0137
01A9
0221
029F
0322
03AA
0436
04C6
055A
05F0
068A
0725
07C3
0862
0901
09A1
0A41
0AE1
0B7F
0C1C
0CB6
0D4F
0DE4
0E77
0F05
0F90
1015
1096
1112
1187
11F8
1262
12C6
1323
1378
13C6
140C
144B
1481
14AF
14D5
14F2
1506
1512
1514
150E
14FF
14E7
14C7
149E
146C
1431
13EF
13A4
1351
12F6
1294
122B
11BA
1143
10C5
1042
0FB7
0F28
0E93
0DFA
0D5D
0CBD
0C18
0B72
0AC8
0A1D
0971
08C3
0815
0767
06B9
060D
0562
04B8
0411
036D
02CB
022E
0194
0100
006F
FFE5
FF5F
FEE0
FE67
FDF4
FD89
FD24
FCC7
FC71
FC23
FBDD
FB9F
FB69
FB3C
FB17
FAFB
FAE7
FADC
FAD9
FADF
FAEC
FB02
FB20
FB45
FB72
FBA7
FBE2
FC24
FC6D
FCBC
FD10
FD6A
FDC9
FE2D
FE95
FF00
FF6F
FFE1
0055
00CB
0143
01BC
0235
02AE
0327
039E
0414
0488
04F9
0567
05D1
0637
0699
06F6
074D
079E
07E9
082E
086B
08A1
08CF
08F6
0914
0929
0936
0939
0934
0925
090D
08EC
08C1
088C
084E
0806
07B5
075A
06F6
0689
0613
0594
050D
047E
03E7
0349
02A4
01F9
0148
0091
FFD5
FF15
FE51
FD89
FCBF
FBF3
FB25
FA56
F987
F8B9
F7EB
F720
F656
F590
F4CD
F40E
F354
F2A0
F1F1
F149
F0A8
F00F
EF7E
EEF6
EE78
EE03
ED99
ED39
ECE5
EC9C
EC60
EC2F
EC0C
EBF5
EBEB
EBEF
EC00
EC1E
EC4A
EC84
ECCB
ED20
ED82
EDF2
EE6F
EEF9
EF8F
F032
F0E1
F19B
F261
F331
F40C
F4F1
F5DE
F6D4
F7D2
F8D8
F9E4
FAF5
FC0C
FD27
FE46
FF67
008A
01AF
02D3
03F7
0519
0639
0756
086F
0983
0A91
0B98
0C98
0D8F
0E7E
0F63
103D
110C
11CF
1285
132F
13CA
1458
14D6
1545
15A4
15F3
1631
165E
167A
1685
167D
1664
1639
15FC
15AD
154C
14DA
1455
13BF
1319
1261
1198
10C0
0FD8
0EE1
0DDB
0CC7
0BA6
0A78
093F
07FA
06AB
0552
03F1
0287
0117
FFA0
FE25
FCA5
FB22
F99D
F816
F690
F50A
F386
F204
F087
EF0E
ED9B
EC2E
EACA
E96D
E81B
E6D2
E595
E464
E340
E22A
E121
E029
DF41
DE69
DDA2
DCEC
DC48
DBB6
DB37
DACB
DA72
DA2C
D9FA
D9DB
D9D0
D9D8
D9F4
DA23
DA65
DABA
DB21
DB9B
DC26
DCC3
DD70
DE2E
DEFB
DFD7
E0C1
E1B9
E2BE
E3CF
E4EB
E611
E742
E87A
E9BB
EB02
EC4F
EDA1
EEF7
F050
F1AA
F306
F461
F5BA
F712
F866
F9B7
FB02
FC47
FD85
FEBB
FFE9
010D
0226
0335
0438
052E
0617
06F3
07C0
087F
092E
09CE
0A5D
0ADD
0B4B
0BAA
0BF7
0C34
0C60
0C7C
0C87
0C81
0C6B
0C46
0C10
0BCC
0B78
0B17
0AA7
0A2B
09A1
090C
086B
07C0
070B
064D
0588
04BA
03E7
030E
0230
014F
006B
FF85
FE9F
FDBA
FCD5
FBF3
FB14
FA39
F963
F893
F7CA
F709
F650
F5A1
F4FC
F463
F3D4
F353
F2DE
F277
F21F
F1D5
F19A
F170
F155
F14A
F151
F168
F190
F1C9
F214
F26F
F2DC
F359
F3E9
F489
F53A
F5FA
F6CA
F7AA
F897
F994
FA9D
FBB3
FCD6
FE04
FF3D
007F
01CA
031E
0479
05DA
0740
08AA
0A18
0B88
0CFA
0E6C
0FDC
114C
12B8
1420
1584
16E1
1838
1987
1ACD
1C09
1D3B
1E61
1F7B
2088
2187
2277
2358
2429
24E9
2599
2636
26C2
273B
27A1
27F5
2834
2861
287A
287F
2870
284D
2817
27CE
2771
2701
267F
25EA
2543
248B
23C2
22E9
2200
2107
2000
1EEC
1DCA
1C9C
1B62
1A1F
18D1
177A
161C
14B7
134B
11DB
1066
0EEE
0D74
0BF9
0A7E
0903
0789
0612
049F
0330
01C6
0061
FF04
FDAE
FC60
FB1C
F9E0
F8B0
F78B
F671
F562
F460
F36B
F283
F1A8
F0DA
F01A
EF68
EEC4
EE2E
EDA6
ED2C
ECC0
EC62
EC11
EBCE
EB97
EB6E
EB50
EB3F
EB39
EB3E
EB4D
EB66
EB89
EBB4
EBE8
EC23
EC64
ECAB
ECF8
ED49
ED9F
EDF7
EE52
EEAE
EF0C
EF6A
EFC7
F023
F07D
F0D4
F128
F178
F1C4
F20A
F24B
F285
F2B9
F2E5
F309
F325
F339
F344
F346
F33E
F32D
F312
F2ED
F2BE
F286
F242
F1F4
F19D
F13C
F0D2
F05E
EFE2
EF5E
EED1
EE3D
EDA1
ECFF
EC57
EBA9
EAF7
EA40
E985
E8C7
E807
E745
E683
E5C0
E4FE
E43D
E37F
E2C3
E20A
E157
E0A8
DFFF
DF5C
DEC1
DE2E
DDA3
DD22
DCAA
DC3C
DBD9
DB82
DB36
DAF7
DAC4
DA9F
DA87
DA7C
DA80
DA92
DAB2
DAE0
DB1E
DB69
DBC3
DC2C
DCA3
DD28
DDBB
DE5B
DF08
DFC3
E08A
E15C
E23B
E324
E417
E515
E61C
E72C
E842
E960
EA83
EBAB
ECD8
EE08
EF3A
F06E
F1A3
F2D7
F40A
F53C
F66A
F794
F8BA
F9DA
FAF3
FC05
FD0F
FE10
FF07
FFF3
00D5
01AA
0272
032D
03DA
0479
0509
0589
05FA
065B
06AB
06EB
0719
0737
0744
073F
072A
0703
06CB
0683
062A
05C0
0547
04BE
0426
037F
02CA
0207
0137
005B
FF73
FE80
FD84
FC7E
FB6F
FA59
F93B
F819
F6F1
F5C5
F497
F366
F234
F103
EFD2
EEA3
ED77
EC4F
EB2B
EA0E
E8F7
E7E8
E6E1
E5E3
E4F0
E408
E32B
E25A
E197
E0E2
E03B
DFA2
DF19
DEA0
DE37
DDDF
DD98
DD62
DD3D
DD29
DD28
DD38
DD5A
DD8D
DDD2
DE27
DE8E
DF05
DF8D
E024
E0CA
E180
E244
E316
E3F4
E4E0
E5D7
E6D9
E7E5
E8FB
EA1A
EB40
EC6D
EDA0
EED9
F015
F155
F297
F3DB
F51F
F662
F7A4
F8E4
FA1F
FB57
FC8A
FDB7
FEDD
FFFB
0111
021F
0322
041B
0508
05EA
06BF
0788
0842
08EF
098E
0A1E
0A9F
0B11
0B73
0BC6
0C09
0C3C
0C60
0C73
0C78
0C6C
0C52
0C29
0BF0
0BAA
0B55
0AF2
0A82
0A06
097E
08EB
084D
07A6
06F6
063D
057D
04B6
03E9
0317
0240
0166
008A
FFAC
FECD
FDEE
FD10
FC33
FB5A
FA84
F9B2
F8E5
F81E
F75E
F6A6
F5F5
F54E
F4B0
F41B
F391
F313
F2A0
F23A
F1E0
F194
F156
F125
F102
F0EE
F0E9
F0F3
F10C
F133
F16A
F1B0
F205
F268
F2DA
F35B
F3EA
F487
F532
F5E9
F6AE
F77F
F85B
F943
FA35
FB32
FC38
FD47
FE5E
FF7C
00A0
01CB
02FB
042E
0566
06A0
07DB
0918
0A55
0B92
0CCD
0E06
0F3C
106E
119C
12C4
13E6
1502
1616
1723
1826
1920
1A11
1AF6
1BD1
1CA0
1D64
1E1B
1EC5
1F63
1FF4
2077
20EC
2153
21AC
21F6
2232
225E
227D
228C
228D
2280
2264
223A
2202
21BC
2169
2108
209A
2020
1F9A
1F07
1E6A
1DC1
1D0E
1C51
1B8B
1ABB
19E3
1904
181D
1731
163F
1547
144B
134A
1245
113D
1033
0F26
0E19
0D0A
0BFC
0AEE
09E0
08D5
07CB
06C4
05C0
04C0
03C4
02CC
01D9
00EB
0003
FF21
FE46
FD71
FCA3
FBDC
FB1D
FA65
F9B5
F90D
F86E
F7D6
F747
F6BF
F640
F5CA
F55B
F4F5
F498
F442
F3F5
F3AF
F372
F33C
F30E
F2E7
F2C8
F2B0
F29E
F294
F290
F292
F29A
F2A8
F2BC
F2D4
F2F2
F314
F33B
F366
F395
F3C6
F3FB
F433
F46D
F4AA
F4E9
F52A
F56C
F5B0
F5F4
F63A
F67F
F6C5
F70B
F751
F796
F7DB
F81E
F861
F8A2
F8E2
F920
F95C
F996
F9CF
FA05
FA38
FA69
FA98
FAC4
FAED
FB13
FB37
FB57
FB75
FB90
FBA7
FBBC
FBCE
FBDC
FBE8
FBF0
FBF6
FBF8
FBF8
FBF5
FBF0
FBE8
FBDD
FBD0
FBC0
FBAE
FB9B
FB85
FB6D
FB53
FB38
FB1B
FAFD
FADE
FABD
FA9C
FA7A
FA57
FA34
FA10
F9EC
F9C8
F9A4
F980
F95D
F93A
F918
F8F7
F8D8
F8BA
F89D
F883
F86A
F854
F841
F830
F823
F818
F811
F80E
F80F
F814
F81D
F82A
F83C
F854
F870
F891
F8B8
F8E4
F915
F94C
F988
F9CB
FA13
FA62
FAB7
FB12
FB73
FBDB
FC49
FCBD
FD38
FDB9
FE41
FECF
FF63
FFFD
009D
0143
01EE
02A0
0356
0412
04D3
0598
0662
0731
0803
08D9
09B2
0A8E
0B6C
0C4C
0D2E
0E12
0EF6
0FDB
10C1
11A5
1289
136C
144C
152A
1606
16DE
17B2
1881
194B
1A10
1ACF
1B87
1C37
1CE0
1D81
1E19
1EA8
1F2D
1FA8
2017
207C
20D5
2123
2163
2198
21BF
21D9
21E5
21E3
21D3
21B4
2187
214A
20FF
20A5
203C
1FC4
1F3C
1EA6
1E01
1D4E
1C8B
1BBB
1ADC
19F0
18F6
17F0
16DD
15BD
1492
135C
121B
10D0
0F7C
0E1F
0CB9
0B4E
09DB
0863
06E6
0564
03DF
0257
00CE
FF43
FDB9
FC2F
FAA7
F921
F79F
F621
F4A8
F336
F1CA
F066
EF0B
EDB9
EC72
EB36
EA05
E8E1
E7CB
E6C2
E5C8
E4DE
E403
E339
E280
E1D8
E142
E0BF
E04F
DFF1
DFA8
DF71
DF4E
DF3F
DF44
DF5D
DF8A
DFCA
E01D
E084
E0FE
E18B
E229
E2DA
E39C
E470
E553
E646
E749
E85A
E978
EAA4
EBDB
ED1E
EE6C
EFC3
F123
F28A
F3F8
F56C
F6E5
F863
F9E3
FB65
FCE8
FE6C
FFEF
016F
02ED
0468
05DD
074D
08B6
0A18
0B72
0CC3
0E09
0F45
1076
119B
12B3
13BD
14BA
15A8
1687
1757
1818
18C8
1968
19F7
1A76
1AE3
1B40
1B8B
1BC6
1BF0
1C09
1C12
1C0B
1BF4
1BCD
1B97
1B53
1B00
1AA0
1A33
19B9
1934
18A3
1808
1764
16B7
1602
1545
1483
13BB
12EE
121E
114B
1076
0FA0
0ECB
0DF7
0D25
0C56
0B89
0AC2
09FF
0943
088D
07DE
0738
069B
0607
057E
04FF
048B
0424
03C8
0379
0337
0303
02DC
02C3
02B8
02BA
02CB
02EB
0318
0354
039D
03F4
0459
04CC
054C
05D8
0671
0716
07C6
0880
0945
0A14
0AEB
0BCB
0CB2
0DA0
0E94
0F8E
108C
118E
1293
139A
14A2
15AB
16B3
17BA
18BF
19C2
1AC0
1BBA
1CAF
1D9E
1E87
1F67
2040
2110
21D7
2293
2345
23EB
2486
2515
2597
260D
2675
26CF
271C
275A
278A
27AC
27C0
27C5
27BC
27A4
277F
274B
2709
26BA
265D
25F3
257C
24F9
246A
23D0
232A
227A
21C0
20FD
2031
1F5D
1E82
1D9F
1CB6
1BC7
1AD3
19DB
18DF
17DF
16DE
15DA
14D6
13D1
12CC
11C8
10C5
0FC4
0EC6
0DCA
0CD3
0BDF
0AEF
0A04
091F
083F
0765
0692
05C5
04FE
043F
0387
02D6
022D
018B
00F0
005D
FFD2
FF4D
FED0
FE5A
FDEB
FD82
FD20
FCC3
FC6D
FC1C
FBD0
FB89
FB46
FB08
FACD
FA95
FA60
FA2D
F9FC
F9CC
F99D
F96F
F941
F913
F8E3
F8B3
F880
F84B
F814
F7DB
F79E
F75F
F71B
F6D4
F68A
F63A
F5E7
F58F
F532
F4D1
F46B
F400
F391
F31D
F2A4
F227
F1A5
F120
F096
F009
EF79
EEE6
EE50
EDB7
ED1D
EC82
EBE5
EB48
EAAB
EA0E
E972
E8D8
E840
E7AB
E71A
E68C
E603
E580
E502
E48B
E41B
E3B2
E352
E2FB
E2AC
E268
E22E
E1FE
E1DA
E1C2
E1B6
E1B5
E1C2
E1DC
E203
E237
E279
E2C8
E326
E391
E40A
E491
E526
E5C8
E677
E733
E7FC
E8D1
E9B2
EA9F
EB97
EC99
EDA6
EEBD
EFDC
F104
F233
F369
F4A6
F5E8
F72F
F879
F9C7
FB17
FC68
FDB9
FF0A
0059
01A6
02F0
0436
0576
06B1
07E4
090F
0A32
0B4B
0C59
0D5D
0E54
0F3F
101C
10EB
11AB
125B
12FC
138D
140C
147A
14D7
1521
1559
157F
1592
1592
1580
155B
1523
14D8
147C
140D
138C
12F9
1255
11A0
10DB
1006
0F22
0E30
0D30
0C22
0B09
09E4
08B4
077B
0638
04EE
039C
0244
00E7
FF85
FE20
FCB9
FB50
F9E8
F87F
F719
F5B5
F454
F2F8
F1A2
F051
EF09
EDC8
EC90
EB62
EA3F
E926
E81A
E71B
E628
E544
E46F
E3A8
E2F1
E249
E1B2
E12C
E0B5
E050
DFFC
DFB9
DF87
DF66
DF56
DF57
DF68
DF8A
DFBC
DFFE
E04F
E0AF
E11E
E19A
E224
E2BA
E35D
E40B
E4C2
E584
E64E
E721
E7FC
E8DE
E9C5
EAB2
EBA3
EC97
ED8F
EE88
EF82
F07C
F175
F26D
F362
F455
F544
F62E
F713
F7F2
F8CA
F99B
FA64
FB25
FBDD
FC8C
FD30
FDCB
FE5B
FEDF
FF57
FFC4
0024
0079
00C3
0100
0131
0156
016F
017D
017F
0176
0161
0141
0117
00E3
00A4
005C
000C
FFB2
FF50
FEE7
FE77
FE00
FD83
FD01
FC7B
FBF0
FB61
FAD0
FA3D
F9A8
F911
F87A
F7E3
F74D
F6B9
F627
F598
F50D
F485
F402
F384
F30B
F298
F22C
F1C6
F167
F110
F0C1
F079
F03A
F004
EFD6
EFB0
EF94
EF81
EF76
EF75
EF7C
EF8D
EFA6
EFC8
EFF2
F024
F05E
F0A0
F0EA
F13B
F193
F1F1
F257
F2C2
F332
F3A9
F424
F4A3
F527
F5AE
F639
F6C6
F756
F7E8
F87C
F910
F9A6
FA3C
FAD2
FB67
FBFC
FC90
FD23
FDB3
FE42
FECE
FF58
FFDF
0062
00E2
015E
01D7
024C
02BE
032B
0394
03F9
045A
04B7
0510
0565
05B6
0603
064D
0693
06D5
0715
0751
078B
07C2
07F6
0829
085A
0889
08B6
08E3
090E
0939
0964
0990
09BB
09E8
0A15
0A42
0A71
0AA1
0AD3
0B06
0B3B
0B72
0BAB
0BE6
0C24
0C63
0CA5
0CEA
0D30
0D79
0DC5
0E12
0E62
0EB4
0F07
0F5D
0FB4
100C
1065
10BF
111A
1175
11D0
122D
1288
12E3
133D
1395
13EB
143E
148F
14DD
1527
156D
15AE
15EB
1623
1656
1682
16A9
16C9
16E2
16F4
16FF
1702
16FD
16F1
16DB
16BE
1698
1669
1632
15F2
15A8
1557
14FC
1498
142C
13B8
133B
12B6
122A
1196
10FB
1059
0FB0
0F01
0E4D
0D93
0CD5
0C12
0B4C
0A83
09B7
08E9
081A
074A
067A
05AA
04DC
0410
0346
0280
01BD
00FF
0047
FF94
FEE7
FE41
FDA3
FD0D
FC81
FBFE
FB85
FB17
FAB5
FA5E
FA13
F9D4
F9A3
F97E
F967
F95E
F963
F976
F997
F9C6
FA04
FA50
FAAA
FB12
FB89
FC0D
FC9E
FD3D
FDE9
FEA1
FF65
0035
0110
01F6
02E5
03DE
04DF
05E8
06F8
080F
092C
0A4E
0B74
0C9E
0DCA
0EF8
1026
1155
1284
13B0
14DA
1601
1724
1842
195A
1A6C
1B76
1C78
1D72
1E62
1F47
2022
20F2
21B5
226D
2317
23B4
2443
24C4
2535
2598
25EB
262F
2663
2688
269D
26A2
2697
267D
2654
261B
25D3
257D
2519
24A7
2427
239B
2302
225D
21AE
20F3
202F
1F62
1E8D
1DAF
1CCC
1BE3
1AF4
1A02
190C
1814
171A
161F
1524
142A
1332
123C
114A
105C
0F74
0E91
0DB4
0CDF
0C12
0B4E
0A93
09E1
093B
089F
080E
078A
0712
06A6
0647
05F6
05B2
057B
0552
0536
0528
0527
0534
054E
0575
05A9
05EA
0637
068F
06F4
0763
07DC
0860
08ED
0983
0A20
0AC6
0B72
0C23
0CDB
0D96
0E55
0F17
0FDB
10A1
1166
122B
12EF
13B1
146F
152A
15DF
168E
1737
17D9
1873
1904
198C
1A09
1A7C
1AE4
1B40
1B8F
1BD2
1C07
1C2E
1C48
1C53
1C4F
1C3D
1C1B
1BEA
1BAB
1B5B
1AFD
1A90
1A13
1988
18EE
1845
178E
16CA
15F8
151A
142E
1337
1235
1127
100F
0EEE
0DC3
0C90
0B55
0A14
08CC
077F
062D
04D7
037F
0224
00C7
FF6A
FE0C
FCB0
FB56
F9FD
F8A9
F758
F60B
F4C5
F384
F24A
F118
EFEE
EECD
EDB5
ECA8
EBA5
EAAD
E9C0
E8DF
E80B
E743
E688
E5DB
E53A
E4A8
E423
E3AC
E344
E2E9
E29D
E25E
E22E
E20C
E1F7
E1F0
E1F7
E20B
E22C
E25A
E295
E2DB
E32E
E38C
E3F5
E468
E4E6
E56D
E5FE
E697
E73A
E7E4
E896
E950
EA10
EAD6
EBA2
EC74
ED4B
EE25
EF04
EFE7
F0CD
F1B5
F2A0
F38C
F47B
F56A
F65A
F74B
F83C
F92D
FA1D
FB0D
FBFB
FCE9
FDD5
FEBF
FFA7
008C
016F
0250
032F
040B
04E4
05BB
068E
075F
082D
08F8
09C0
0A85
0B47
0C06
0CC1
0D79
0E2E
0EE0
0F8E
1039
10E1
1185
1226
12C3
135D
13F3
1485
1513
159D
1624
16A5
1722
179A
180E
187D
18E7
194C
19AC
1A06
1A5B
1AAA
1AF3
1B36
1B72
1BA8
1BD7
1BFF
1C20
1C39
1C4B
1C55
1C56
1C50
1C40
1C28
1C07
1BDD
1BA9
1B6C
1B26
1AD5
1A7B
1A15
19A4
192A
18A5
1816
177C
16D8
162A
1572
14B0
13E4
130E
122F
1147
1056
0F5D
0E5B
0D51
0C40
0B28
0A0A
08E6
07BC
068D
055A
0423
02EA
01AD
0070
FF31
FDF2
FCB3
FB74
FA37
F8FD
F7C6
F693
F566
F43F
F31E
F205
F0F5
EFED
EEF0
EDFD
ED15
EC39
EB6B
EAA9
E9F6
E952
E8BD
E837
E7C2
E75E
E70C
E6CB
E69C
E67F
E676
E67F
E69B
E6CA
E70D
E763
E7CC
E848
E8D8
E97A
EA30
EAF8
EBD2
ECBE
EDBB
EEC8
EFE6
F114
F251
F39B
F4F3
F658
F7C9
F944
FACA
FC59
FDEF
FF8D
0131
02D9
0486
0635
07E6
0997
0B48
0CF7
0EA3
104B
11EE
138A
151F
16AC
182F
19A8
1B15
1C75
1DC8
1F0C
2041
2165
2279
237B
246A
2546
260F
26C3
2762
27EC
2861
28C0
2908
293A
2956
295B
294A
2922
28E4
2890
2826
27A6
2711
2667
25A9
24D8
23F3
22FD
21F4
20DB
1FB2
1E7A
1D34
1BE1
1A81
1916
17A1
1623
149D
130F
117C
0FE4
0E49
0CAB
0B0C
096D
07CF
0633
049A
0306
0177
FFEF
FE6E
FCF5
FB85
FA1F
F8C5
F778
F637
F504
F3E0
F2CC
F1C7
F0D3
EFEF
EF1E
EE5E
EDB0
ED16
EC8E
EC19
EBB7
EB68
EB2D
EB04
EAEF
EAEC
EAFD
EB1F
EB53
EB9A
EBF1
EC59
ECD1
ED59
EDEF
EE94
EF46
F005
F0D0
F1A7
F288
F372
F466
F562
F664
F76E
F87C
F990
FAA7
FBC1
FCDE
FDFB
FF19
0037
0154
026F
0387
049C
05AD
06BA
07C1
08C3
09BE
0AB2
0BA0
0C85
0D64
0E3B
0F09
0FCE
108A
113D
11E6
1286
131D
13AA
142D
14A8
1519
1581
15E1
1638
1687
16CF
170E
1747
1779
17A5
17CC
17ED
1809
1822
1837
1849
1858
1865
1872
187D
188A
1898
18A6
18B6
18C8
18DD
18F6
1911
1931
1956
197F
19AE
19E2
1A1C
1A5C
1AA2
1AEF
1B43
1B9D
1BFF
1C67
1CD6
1D4C
1DC8
1E4B
1ED5
1F65
1FFA
2095
2136
21DB
2285
2332
23E3
2497
254D
2606
26C0
277B
2836
28F1
29AB
2A64
2B1A
2BCD
2C7D
2D29
2DCF
2E70
2F0B
2F9F
302B
30B0
312B
319D
3205
3262
32B5
32FC
3336
3365
3386
339B
33A1
3398
3381
335B
3327
32E4
3292
3231
31C2
3144
30B7
301C
2F73
2EBB
2DF5
2D22
2C42
2B55
2A5C
2957
2846
272B
2605
24D5
239D
225C
2114
1FC4
1E6E
1D13
1BB3
1A4F
18E7
177E
1613
14A7
133B
11D0
1066
0EFF
0D9A
0C3A
0ADE
0987
0836
06EC
05A8
046D
033A
0210
00EF
FFD9
FECD
FDCB
FCD5
FBEA
FB0C
FA39
F972
F8B8
F80B
F76B
F6D7
F650
F5D6
F56A
F50B
F4B9
F473
F439
F40B
F3E8
F3D1
F3C6
F3C5
F3CE
F3E1
F3FE
F424
F453
F48A
F4C9
F50F
F55C
F5AF
F608
F667
F6CA
F731
F79D
F80C
F87D
F8F1
F968
F9DF
FA58
FAD2
FB4C
FBC6
FC40
FCB9
FD31
FDA8
FE1E
FE92
FF05
FF75
FFE3
004F
00B9
0120
0185
01E7
0247
02A5
0300
0359
03B0
0405
0458
04A9
04F9
0548
0596
05E3
062F
067B
06C7
0713
0760
07AE
07FD
084E
08A0
08F5
094B
09A4
0A00
0A5E
0AC0
0B24
0B8B
0BF6
0C64
0CD5
0D49
0DC1
0E3C
0EBA
0F3A
0FBE
1044
10CC
1157
11E3
1271
1300
1390
1420
14B0
153F
15CE
165C
16E7
1770
17F6
1879
18F6
1970
19E3
1A51
1AB8
1B17
1B6E
1BBD
1C03
1C3E
1C70
1C96
1CB0
1CBF
1CC0
1CB5
1C9B
1C74
1C3D
1BF8
1BA3
1B3F
1ACA
1A45
19B0
190A
1853
178A
16B1
15C7
14CB
13C0
12A4
1178
103C
0EF0
0D96
0C2E
0AB7
0934
07A4
0608
0461
02B1
00F7
FF34
FD6A
FB9A
F9C5
F7EC
F60F
F431
F252
F073
EE96
ECBC
EAE6
E916
E74C
E589
E3D0
E221
E07D
DEE7
DD5F
DBE5
DA7D
D925
D7E0
D6AF
D592
D48B
D39A
D2C0
D1FE
D155
D0C5
D04F
CFF4
CFB4
CF8E
CF85
CF97
CFC5
D00F
D076
D0F8
D197
D250
D326
D416
D522
D647
D786
D8DD
DA4D
DBD4
DD71
DF23
E0EA
E2C4
E4B0
E6AC
E8B8
EAD3
ECFA
EF2C
F169
F3AE
F5F9
F84B
FAA0
FCF8
FF50
01A8
03FD
064E
089A
0ADF
0D1C
0F4E
1175
138E
159A
1796
1981
1B5A
1D20
1ED1
206D
21F3
2361
24B7
25F4
2716
281F
290C
29DE
2A94
2B2E
2BAB
2C0B
2C4F
2C75
2C80
2C6D
2C3F
2BF4
2B8E
2B0D
2A72
29BD
28EF
2809
270A
25F4
24C9
238A
2238
20D4
1F5F
1DDB
1C48
1AA8
18FD
1746
1587
13C1
11F4
1022
0E4C
0C74
0A9C
08C4
06EE
051B
034C
0183
FFC0
FE06
FC55
FAAE
F912
F782
F600
F48B
F324
F1CC
F084
EF4D
EE27
ED13
EC11
EB21
EA44
E97A
E8C2
E81D
E78B
E70C
E69F
E644
E5FB
E5C4
E59D
E586
E580
E588
E59F
E5C4
E5F5
E632
E67B
E6CD
E729
E78D
E7F9
E86A
E8E0
E95A
E9D7
EA56
EAD5
EB55
EBD3
EC50
ECC9
ED3E
EDAE
EE18
EE7B
EED6
EF2A
EF74
EFB5
EFEB
F016
F036
F04A
F052
F04D
F03C
F01D
EFF2
EFB9
EF73
EF20
EEC0
EE54
EDDB
ED56
ECC6
EC2A
EB83
EAD3
EA19
E956
E88C
E7BA
E6E2
E604
E523
E43D
E356
E26C
E183
E09A
DFB3
DECF
DDEF
DD14
DC3F
DB72
DAAE
D9F2
D942
D89D
D805
D77B
D700
D694
D639
D5F0
D5B9
D595
D584
D588
D5A1
D5CF
D613
D66D
D6DD
D764
D802
D8B6
D980
DA62
DB59
DC67
DD8B
DEC4
E012
E174
E2EA
E473
E60E
E7BB
E978
EB45
ED20
EF09
F0FE
F2FE
F508
F71A
F934
FB54
FD78
FFA1
01CB
03F5
061F
0847
0A6B
0C8A
0EA2
10B3
12BA
14B7
16A7
188B
1A5F
1C24
1DD8
1F7A
2108
2282
23E7
2536
266D
278D
2894
2981
2A55
2B0F
2BAD
2C2F
2C95
2CDF
2D0D
2D20
2D16
2CF2
2CB1
2C55
2BDF
2B4E
2AA3
29DF
2902
280E
2702
25DF
24A8
235C
21FC
208A
1F07
1D74
1BD1
1A22
1865
169E
14CC
12F2
1111
0F2A
0D3F
0B50
095F
076E
057D
038F
01A3
FFBD
FDDC
FC02
FA30
F868
F6AA
F4F7
F351
F1B9
F02F
EEB4
ED49
EBEF
EAA6
E96F
E84A
E739
E63B
E550
E47A
E3B7
E309
E270
E1EA
E179
E11C
E0D4
E0A0
E07E
E070
E074
E08A
E0B1
E0EA
E132
E18A
E1F1
E267
E2EA
E379
E415
E4BB
E56C
E626
E6E9
E7B4
E885
E95C
EA39
EB1A
EBFE
ECE5
EDCD
EEB7
EFA1
F08A
F172
F258
F33B
F41B
F4F7
F5CF
F6A1
F76F
F837
F8F8
F9B4
FA68
FB16
FBBC
FC5B
FCF2
FD82
FE0A
FE8B
FF04
FF76
FFE1
0044
00A1
00F8
0148
0192
01D7
0217
0252
0289
02BC
02EB
0319
0343
036B
0393
03BA
03E1
0409
0432
045C
0489
04B8
04EB
0521
055B
0599
05DD
0625
0673
06C6
071F
077F
07E5
0851
08C4
093D
09BE
0A44
0AD1
0B65
0BFE
0C9E
0D44
0DEF
0E9F
0F55
100F
10CD
118E
1253
1319
13E2
14AC
1576
1640
170A
17D2
1897
195A
1A1A
1AD5
1B8B
1C3B
1CE4
1D86
1E20
1EB1
1F38
1FB6
2028
208F
20EA
2138
2178
21AB
21CF
21E6
21EE
21E5
21CD
21A5
216B
2122
20C7
205B
1FDE
1F50
1EB1
1E01
1D40
1C6F
1B8E
1A9C
199B
188C
176D
1641
1507
13C1
126E
1110
0FA8
0E36
0CBB
0B38
09AE
081D
0688
04F0
0355
01B8
001A
FE7D
FCE0
FB46
F9AF
F81C
F68F
F508
F389
F213
F0A6
EF43
EDED
ECA2
EB65
EA37
E917
E807
E708
E61A
E53F
E475
E3BF
E31C
E28E
E213
E1AE
E15D
E122
E0FD
E0EE
E0F4
E10F
E140
E186
E1E1
E251
E2D5
E36D
E419
E4D8
E5AA
E68E
E784
E88A
E9A1
EAC7
EBFC
ED3F
EE8F
EFEB
F153
F2C5
F440
F5C4
F750
F8E2
FA7A
FC16
FDB6
FF59
00FD
02A1
0445
05E7
0787
0924
0ABC
0C4F
0DDC
0F62
10E1
1257
13C3
1526
167F
17CC
190D
1A42
1B6A
1C85
1D92
1E92
1F83
2065
2139
21FD
22B3
2359
23F0
2478
24F1
255B
25B5
2600
263D
266C
268D
26A1
26A7
26A1
268F
2670
2646
2612
25D2
2589
2537
24DB
2477
240C
2399
231F
22A0
221A
2190
2101
206E
1FD8
1F3F
1EA4
1E07
1D68
1CC9
1C29
1B88
1AE8
1A49
19AB
190E
1873
17DA
1744
16B0
161F
1591
1506
147E
13FA
1379
12FC
1282
120C
1199
112A
10BE
1055
0FEF
0F8D
0F2D
0ED0
0E76
0E1E
0DC8
0D74
0D21
0CD0
0C81
0C32
0BE3
0B95
0B47
0AF9
0AAB
0A5C
0A0C
09BB
0969
0915
08C0
086A
0811
07B7
075A
06FB
069A
0637
05D2
056A
0500
0494
0425
03B4
0341
02CC
0256
01DD
0162
00E6
0069
FFEA
FF6A
FEEA
FE68
FDE6
FD64
FCE2
FC60
FBDF
FB5E
FADE
FA60
F9E3
F968
F8EE
F878
F803
F791
F722
F6B7
F64E
F5E9
F588
F52B
F4D1
F47C
F42B
F3DE
F396
F352
F312
F2D8
F2A1
F26F
F242
F219
F1F4
F1D4
F1B7
F19F
F18A
F178
F16A
F15F
F157
F151
F14E
F14C
F14D
F14F
F152
F155
F15A
F15E
F162
F166
F168
F16A
F16A
F168
F164
F15D
F154
F148
F139
F127
F110
F0F6
F0D8
F0B5
F08E
F062
F031
EFFB
EFC1
EF81
EF3C
EEF2
EEA3
EE4F
EDF6
ED99
ED37
ECD0
EC65
EBF6
EB83
EB0D
EA94
EA18
E999
E918
E896
E813
E78F
E70B
E688
E606
E585
E507
E48B
E412
E39C
E32B
E2BF
E257
E1F6
E19B
E146
E0F9
E0B4
E077
E042
E017
DFF5
DFDD
DFD0
DFCD
DFD5
DFE8
E006
E031
E067
E0A9
E0F8
E152
E1B9
E22D
E2AD
E33A
E3D3
E478
E528
E5E5
E6AD
E77F
E85D
E945
EA37
EB33
EC38
ED45
EE5A
EF77
F09A
F1C4
F2F3
F427
F55F
F69B
F7D9
F919
FA5A
FB9B
FCDC
FE1C
FF5A
0095
01CC
02FF
042C
0553
0674
078C
089D
09A5
0AA3
0B96
0C7F
0D5D
0E2E
0EF3
0FAC
1057
10F4
1184
1205
1278
12DC
1331
1377
13AF
13D7
13F1
13FB
13F7
13E5
13C4
1395
1359
130F
12B7
1254
11E4
1168
10E2
1051
0FB7
0F13
0E67
0DB3
0CF8
0C37
0B70
0AA5
09D6
0903
082F
0759
0682
05AC
04D6
0403
0332
0264
019B
00D7
0019
FF61
FEB0
FE08
FD68
FCD1
FC44
FBC2
FB4A
FADE
FA7E
FA2B
F9E4
F9AB
F97E
F960
F94F
F94B
F956
F96E
F995
F9C9
FA0A
FA5A
FAB6
FB20
FB96
FC18
FCA6
FD40
FDE5
FE94
FF4E
0010
00DC
01B0
028B
036D
0455
0542
0634
072B
0824
0920
0A1F
0B1E
0C1D
0D1C
0E19
0F15
100E
1103
11F4
12E0
13C7
14A7
1580
1652
171C
17DD
1895
1943
19E7
1A81
1B10
1B93
1C0B
1C78
1CD8
1D2C
1D74
1DAF
1DDE
1E01
1E17
1E21
1E1E
1E0F
1DF4
1DCD
1D9B
1D5D
1D14
1CC0
1C62
1BF9
1B87
1B0C
1A87
19FA
1965
18C9
1825
177B
16CB
1615
155A
149A
13D7
1310
1246
1179
10AC
0FDD
0F0D
0E3D
0D6C
0C9C
0BCC
0AFD
0A2F
0963
0898
07D0
0709
0645
0583
04C4
0408
034E
0298
01E4
0133
0084
FFD8
FF2F
FE88
FDE3
FD40
FCA0
FC00
FB62
FAC6
FA2A
F990
F8F6
F85C
F7C2
F727
F68C
F5EF
F550
F4B0
F40E
F369
F2C2
F217
F16A
F0B8
F004
EF4B
EE8E
EDCD
ED08
EC3F
EB70
EA9E
E9C7
E8EB
E80B
E726
E63E
E551
E460
E36C
E274
E179
E07C
DF7C
DE7A
DD77
DC72
DB6C
DA67
D962
D85E
D75C
D65B
D55E
D465
D36F
D27F
D195
D0B1
CFD4
CEFF
CE33
CD71
CCB8
CC0B
CB69
CAD4
CA4C
C9D2
C966
C90A
C8BD
C881
C857
C83E
C838
C844
C862
C894
C8DA
C932
C99F
CA20
CAB5
CB5F
CC1C
CCEE
CDD3
CECD
CFDA
D0FB
D22E
D374
D4CD
D637
D7B1
D93D
DAD8
DC82
DE3A
E000
E1D2
E3AF
E598
E78A
E986
EB8B
ED95
EFA5
F1BA
F3D1
F5EA
F803
FA1C
FC33
FE46
0056
025F
0462
065D
084E
0A35
0C11
0DDF
0FA0
1152
12F4
1485
1605
1771
18CA
1A0E
1B3D
1C57
1D59
1E45
1F19
1FD5
2079
2104
2176
21CE
220E
2234
2241
2235
2210
21D2
217C
210E
2088
1FEB
1F38
1E6F
1D91
1C9E
1B98
1A7F
1954
1819
16CE
1574
140C
1298
1118
0F8F
0DFC
0C61
0AC0
0919
076D
05BE
040E
025E
00AE
FF01
FD57
FBB1
FA11
F878
F6E7
F55E
F3E0
F26C
F105
EFAA
EE5D
ED1E
EBEE
EACE
E9BE
E8BF
E7D1
E6F6
E62C
E574
E4CF
E43D
E3BE
E351
E2F7
E2B0
E27A
E257
E246
E246
E257
E278
E2A9
E2EA
E339
E395
E3FF
E476
E4F8
E584
E61A
E6B9
E75F
E80C
E8BF
E977
EA33
EAF1
EBB0
EC71
ED30
EDEE
EEAA
EF62
F015
F0C3
F16B
F20B
F2A2
F331
F3B6
F430
F49F
F501
F557
F5A0
F5DB
F608
F626
F636
F636
F626
F607
F5D9
F59B
F54D
F4EF
F483
F407
F37C
F2E3
F23B
F186
F0C4
EFF5
EF1B
EE35
ED45
EC4B
EB47
EA3B
E929
E810
E6F2
E5D0
E4AB
E383
E25A
E132
E00A
DEE4
DDC1
DCA3
DB89
DA76
D96A
D866
D76B
D67B
D595
D4BB
D3EE
D32F
D27E
D1DC
D149
D0C7
D056
CFF6
CFA8
CF6D
CF42
CF2B
CF27
CF36
CF58
CF8E
CFD7
D034
D0A3
D126
D1BC
D263
D31D
D3E8
D4C5
D5B1
D6AE
D7B9
D8D3
D9FA
DB2F
DC6F
DDBA
DF0F
E06E
E1D4
E341
E4B5
E62D
E7A9
E927
EAA7
EC27
EDA6
EF23
F09D
F213
F383
F4ED
F64F
F7A9
F8F9
FA3F
FB79
FCA7
FDC7
FED9
FFDD
00D0
01B3
0285
0345
03F3
048E
0517
058B
05EC
0639
0671
0695
06A5
06A0
0686
0659
0619
05C5
055D
04E2
0454
03B4
0303
0240
016C
0088
FF95
FE94
FD84
FC68
FB40
FA0D
F8D0
F789
F63B
F4E5
F389
F228
F0C2
EF5A
EDF0
EC84
EB19
E9AF
E848
E6E4
E584
E429
E2D7
E18D
E04B
DF12
DDE3
DCBE
DBA6
DA99
D99A
D8A8
D7C5
D6F1
D62D
D578
D4D5
D442
D3C1
D351
D2F3
D2A8
D26F
D248
D234
D232
D243
D266
D29C
D2E4
D33D
D3A8
D425
D4B2
D551
D5FF
D6BD
D78A
D865
D94F
DA45
DB48
DC58
DD72
DE97
DFC6
E0FF
E23F
E388
E4D7
E62D
E788
E8E8
EA4B
EBB2
ED1B
EE86
EFF2
F15E
F2C9
F433
F59C
F701
F864
F9C2
FB1C
FC6F
FDBD
FF04
0045
017E
02B0
03DA
04FB
0614
0723
0829
0925
0A18
0B00
0BDD
0CB1
0D79
0E37
0EEA
0F91
102E
10C0
1147
11C3
1234
129B
12F6
1348
138E
13CB
13FE
1426
1445
145A
1466
1469
1463
1455
143F
1421
13FB
13CE
139B
1360
131F
12D8
128C
123A
11E2
1186
1125
10C0
1057
0FEA
0F79
0F05
0E8F
0E15
0D99
0D1B
0C9B
0C18
0B95
0B10
0A8B
0A05
097E
08F7
086F
07E8
0760
06D8
0651
05CA
0544
04BF
043B
03B8
0337
02B7
0239
01BD
0143
00CB
0056
FFE4
FF74
FF08
FE9F
FE39
FDD6
FD78
FD1D
FCC7
FC75
FC27
FBDF
FB9C
FB5F
FB26
FAF3
FAC5
FA9E
FA7C
FA60
FA4B
FA3C
FA34
FA32
FA37
FA44
FA57
FA72
FA94
FABD
FAEE
FB27
FB67
FBAF
FBFF
FC56
FCB5
FD1B
FD89
FDFF
FE7C
FF01
FF8C
0020
00BB
015C
0204
02B3
0367
0421
04E0
05A5
066E
073C
080E
08E4
09BD
0A99
0B77
0C57
0D38
0E1B
0EFD
0FE0
10C2
11A3
1281
135E
1437
150D
15DF
16AC
1773
1835
18F0
19A4
1A51
1AF6
1B91
1C23
1CAA
1D27
1D98
1DFE
1E58
1EA4
1EE4
1F17
1F3B
1F51
1F59
1F52
1F3C
1F16
1EE2
1E9D
1E49
1DE6
1D72
1CEF
1C5C
1BB9
1B07
1A45
1974
1894
17A6
16A9
159E
1485
135F
122D
10ED
0FA3
0E4C
0CEB
0B80
0A0C
088F
070B
057F
03EC
0255
00B8
FF17
FD74
FBCE
FA27
F880
F6D9
F533
F390
F1F0
F055
EEBE
ED2D
EBA3
EA21
E8A8
E738
E5D2
E478
E329
E1E7
E0B3
DF8C
DE75
DD6D
DC74
DB8D
DAB6
D9F1
D93E
D89E
D810
D796
D72F
D6DB
D69C
D670
D658
D654
D665
D689
D6C2
D70E
D76E
D7E1
D868
D901
D9AD
DA6D
DB3F
DC22
DD15
DE19
DF2C
E04E
E17F
E2BD
E408
E55E
E6C1
E82D
E9A4
EB23
ECAA
EE39
EFCE
F168
F307
F4AA
F64F
F7F7
F99F
FB48
FCF0
FE96
003A
01DB
0378
0510
06A2
0832
09BA
0B3A
0CB2
0E21
0F86
10E1
1231
1376
14AF
15DB
16FA
180D
1911
1A08
1AF0
1BCA
1C96
1D52
1E00
1E9E
1F2D
1FAD
201E
2080
20D3
2116
214B
2171
2189
2192
218E
217C
215D
2132
20F9
20B4
2063
2007
1FA0
1F2E
1EB1
1E2B
1D9C
1D04
1C64
1BBC
1B0D
1A57
199B
18D8
1811
1745
1674
15A0
14C9
13EE
1311
1233
1152
1071
0F8F
0EAC
0DCA
0CE7
0C04
0B23
0A43
0965
0889
07AF
06D7
0603
0531
0463
0398
02D1
020D
014D
0091
FFD9
FF25
FE76
FDCB
FD23
FC81
FBE2
FB48
FAB2
FA20
F993
F90A
F885
F804
F787
F70F
F699
F627
F5B8
F54E
F4E7
F483
F423
F3C7
F36D
F317
F2C4
F274
F228
F1DE
F197
F153
F112
F0D4
F098
F060
F02A
EFF6
EFC6
EF98
EF6D
EF45
EF20
EEFD
EEDD
EEC1
EEA7
EE90
EE7C
EE6B
EE5D
EE53
EE4B
EE48
EE47
EE4A
EE51
EE5C
EE6A
EE7C
EE92
EEAD
EECB
EEED
EF14
EF40
EF6F
EFA3
EFDC
F019
F05B
F0A1
F0EC
F13C
F190
F1E9
F246
F2A8
F30F
F37A
F3E8
F45A
F4D1
F54C
F5CB
F64D
F6D3
F75D
F7EA
F87B
F90E
F9A5
FA3E
FADA
FB78
FC18
FCBA
FD5E
FE03
FEA9
FF50
FFF8
00A1
0149
01F1
0299
0340
03E6
048B
052D
05CE
066D
0707
079E
0833
08C3
0950
09D8
0A5C
0ADC
0B56
0BCB
0C3B
0CA4
0D08
0D65
0DBC
0E0B
0E54
0E95
0ECF
0F01
0F2C
0F4E
0F68
0F79
0F82
0F83
0F7A
0F69
0F4E
0F2B
0EFE
0EC9
0E89
0E41
0DF0
0D95
0D31
0CC4
0C4E
0BCE
0B46
0AB5
0A1B
0978
08CC
0818
075B
0696
05C9
04F3
0416
0331
0245
0151
0056
FF54
FE4B
FD3C
FC27
FB0C
F9EB
F8C5
F799
F669
F537
F400
F2C6
F188
F047
EF03
EDBD
EC75
EB2B
E9DF
E893
E746
E5F8
E4AB
E35E
E212
E0C8
DF7F
DE38
DCF4
DBB3
DA75
D93A
D804
D6D2
D5A6
D47E
D35D
D241
D12D
D01F
CF18
CE1C
CD27
CC3C
CB59
CA7F
C9AF
C8E9
C82D
C77C
C6D6
C63C
C5AD
C52A
C4B3
C448
C3EB
C39A
C357
C321
C2F9
C2DF
C2D2
C2D4
C2E5
C303
C331
C36C
C3B7
C410
C478
C4EF
C574
C608
C6AC
C75D
C81D
C8EB
C9C7
CAB1
CBA9
CCAD
CDBF
CEDE
D009
D13F
D282
D3D0
D528
D68B
D7F7
D96D
DAEC
DC73
DE02
DF98
E135
E2D8
E480
E62D
E7DE
E993
EB4A
ED04
EEBF
F07B
F237
F3F3
F5AE
F768
F91F
FAD3
FC83
FE2F
FFD6
0177
0312
04A6
0632
07B7
0932
0AA4
0C0C
0D6A
0EBC
1003
113F
126E
1390
14A5
15AC
16A6
1792
186F
193E
19FE
1AB0
1B52
1BE5
1C69
1CDE
1D44
1D9B
1DE4
1E1E
1E49
1E66
1E75
1E76
1E6A
1E51
1E2B
1DF9
1DBB
1D72
1D1E
1CBF
1C57
1BE6
1B6C
1AEA
1A61
19D1
193B
189F
17FF
175B
16B4
160A
155E
14B1
1403
1356
12A9
11FE
1155
10B0
100E
0F70
0ED8
0E45
0DB8
0D33
0CB4
0C3E
0BD0
0B6B
0B10
0ABE
0A77
0A3A
0A08
09E1
09C6
09B7
09B3
09BB
09D0
09F0
0A1D
0A55
0A9A
0AEB
0B48
0BB0
0C23
0CA1
0D2A
0DBD
0E5B
0F02
0FB2
106A
112B
11F4
12C3
1399
1475
1556
163B
1724
1810
18FF
19EF
1AE0
1BD1
1CC2
1DB1
1E9E
1F88
206E
2150
222D
2304
23D4
249D
255E
2615
26C3
2767
2800
288D
290D
2981
29E8
2A40
2A8B
2AC6
2AF2
2B0F
2B1C
2B18
2B04
2ADF
2AA9
2A62
2A0A
29A0
2925
2899
27FC
274E
268E
25BE
24DE
23ED
22EC
21DC
20BD
1F8F
1E53
1D09
1BB1
1A4D
18DD
1761
15DB
144A
12AF
110C
0F60
0DAE
0BF4
0A35
0870
06A8
04DC
030D
013C
FF6A
FD98
FBC7
F9F7
F829
F65F
F497
F2D5
F118
EF61
EDB0
EC07
EA67
E8CF
E740
E5BC
E442
E2D3
E170
E019
DECF
DD91
DC61
DB3E
DA29
D923
D82B
D742
D667
D59B
D4DE
D431
D392
D302
D282
D210
D1AD
D159
D113
D0DB
D0B2
D097
D089
D088
D094
D0AC
D0D0
D100
D13A
D17F
D1CE
D227
D288
D2F2
D363
D3DC
D45C
D4E1
D56D
D5FD
D692
D72A
D7C6
D864
D905
D9A7
DA49
DAED
DB90
DC32
DCD4
DD74
DE12
DEAE
DF47
DFDC
E06D
E0FA
E182
E206
E284
E2FC
E36F
E3DC
E443
E4A4
E4FE
E552
E59F
E5E6
E626
E660
E694
E6C1
E6E8
E709
E724
E739
E748
E752
E757
E757
E752
E749
E73B
E729
E713
E6F9
E6DD
E6BE
E69C
E679
E654
E62E
E608
E5E1
E5BA
E595
E570
E54D
E52C
E50E
E4F2
E4DA
E4C5
E4B5
E4A9
E4A3
E4A1
E4A6
E4B0
E4C1
E4D8
E4F7
E51C
E549
E57C
E5B8
E5FB
E646
E698
E6F4
E757
E7C2
E836
E8B2
E937
E9C3
EA58
EAF5
EB99
EC46
ECFA
EDB5
EE77
EF40
F010
F0E7
F1C3
F2A5
F38D
F479
F56A
F660
F759
F856
F956
FA58
FB5D
FC63
FD6B
FE74
FF7D
0085
018E
0295
039A
049D
059E
069B
0794
088A
097A
0A66
0B4C
0C2B
0D04
0DD6
0EA0
0F63
101D
10CE
1176
1215
12AA
1335
13B6
142C
1497
14F8
154D
1596
15D5
1607
162F
164A
165B
165F
1658
1645
1627
15FE
15CA
158A
1540
14EB
148B
1422
13AE
1331
12AB
121C
1185
10E5
103D
0F8E
0ED9
0E1C
0D5A
0C92
0BC5
0AF3
0A1C
0941
0863
0783
06A0
05BB
04D6
03EF
0309
0223
013E
005B
FF79
FE9A
FDBD
FCE4
FC0F
FB3E
FA71
F9AA
F8E8
F82B
F775
F6C5
F61C
F57A
F4DE
F44B
F3BF
F33B
F2BF
F24A
F1DD
F178
F11B
F0C7
F07B
F037
EFFB
EFC8
EF9C
EF79
EF5D
EF48
EF3A
EF34
EF34
EF3A
EF47
EF59
EF70
EF8D
EFAE
EFD3
EFFC
F028
F058
F089
F0BD
F0F2
F129
F160
F197
F1CF
F205
F23A
F26E
F2A0
F2D0
F2FE
F328
F34F
F373
F392
F3AD
F3C4
F3D5
F3E1
F3E8
F3E9
F3E5
F3DA
F3CA
F3B3
F396
F372
F348
F318
F2E2
F2A6
F263
F21B
F1CD
F17A
F121
F0C4
F062
EFFC
EF93
EF26
EEB6
EE43
EDCF
ED59
ECE2
EC6B
EBF4
EB7E
EB09
EA97
EA27
E9BB
E953
E8F0
E893
E83C
E7EC
E7A3
E763
E72C
E6FF
E6DC
E6C4
E6B8
E6B7
E6C4
E6DE
E706
E73E
E784
E7D9
E83E
E8B3
E938
E9CE
EA74
EB2C
EBF5
ECD0
EDBC
EEBA
EFC9
F0EA
F21C
F360
F4B4
F61A
F790
F916
FAAC
FC51
FE06
FFC8
0198
0375
055E
0753
0953
0B5D
0D6F
0F8A
11AC
13D5
1602
1833
1A67
1C9C
1ED3
2108
233C
256D
279A
29C2
2BE3
2DFD
300D
3213
340F
35FD
37DE
39B1
3B73
3D24
3EC4
4050
41C8
432B
4478
45AE
46CC
47D2
48BF
4991
4A49
4AE5
4B66
4BCA
4C11
4C3C
4C49
4C38
4C0A
4BBF
4B55
4ACE
4A2A
4969
488A
478F
4678
4546
43F9
4291
4110
3F75
3DC3
3BFA
3A1B
3827
361E
3403
31D6
2F98
2D4B
2AF1
288A
2617
239A
2115
1E89
1BF6
1960
16C7
142D
1193
0EFA
0C65
09D5
074B
04C9
024F
FFE1
FD7E
FB28
F8E1
F6AA
F484
F271
F071
EE85
ECB0
EAF0
E949
E7BA
E643
E4E7
E3A6
E281
E176
E089
DFB7
DF03
DE6B
DDF1
DD94
DD54
DD31
DD2B
DD42
DD75
DDC5
DE30
DEB5
DF56
E010
E0E3
E1CE
E2D0
E3E9
E518
E65A
E7B0
E919
EA92
EC1B
EDB3
EF57
F108
F2C4
F488
F655
F828
FA01
FBDD
FDBC
FF9C
017C
035A
0535
070B
08DC
0AA6
0C68
0E1F
0FCD
116E
1302
1488
15FF
1766
18BB
19FF
1B30
1C4D
1D56
1E4B
1F2A
1FF3
20A6
2142
21C7
2235
228B
22CB
22F2
2303
22FC
22DE
22A9
225E
21FD
2186
20FA
205A
1FA5
1EDD
1E03
1D16
1C19
1B0B
19EF
18C4
178B
1647
14F7
139C
1239
10CD
0F5B
0DE3
0C66
0AE5
0964
07E1
065E
04DC
035D
01E0
0068
FEF5
FD88
FC22
FAC5
F970
F826
F6E7
F5B3
F48B
F370
F263
F165
F075
EF95
EEC5
EE05
ED55
ECB7
EC29
EBAD
EB43
EAEA
EAA3
EA6D
EA49
EA39
EA3A
EA4C
EA6F
EAA3
EAE6
EB3A
EB9C
EC0E
EC8E
ED1B
EDB5
EE5C
EF0F
EFCD
F095
F167
F241
F324
F40E
F4FE
F5F5
F6F0
F7EF
F8F2
F9F7
FAFE
FC06
FD0F
FE16
FF1D
0022
0125
0225
0321
0419
050C
05F9
06DF
07C0
0899
096A
0A33
0AF5
0BAD
0C5D
0D03
0DA1
0E34
0EBF
0F3F
0FB6
1023
1087
10E1
1132
1179
11B7
11EC
1219
123D
1259
126D
127A
1281
1281
127B
126E
125D
1246
122B
120C
11E9
11C3
119B
1170
1144
1116
10E8
10B9
108B
105D
1031
1006
0FDC
0FB5
0F90
0F6F
0F50
0F35
0F1E
0F0A
0EFB
0EF0
0EE9
0EE7
0EE9
0EF0
0EFB
0F0B
0F1F
0F39
0F56
0F78
0F9E
0FC9
0FF7
1028
105D
1095
10D0
110D
114C
118D
11CF
1212
1255
1299
12DC
131F
1360
13A0
13DD
1418
1450
1485
14B6
14E3
1507
1527
1541
1556
1564
156D
156E
1569
155C
1548
152D
1509
14DD
14AA
146E
1429
13DC
1387
132A
12C4
1255
11DF
1160
10DA
104C
0FB7
0F1A
0E76
0DCC
0D1C
0C66
0BAA
0AE6
0A1F
0952
0883
07B0
06DA
0603
0529
044F
0374
029A
01C0
00E7
0010
FF3B
FE6A
FD9B
FCD1
FC0B
FB4B
FA90
F9DA
F92C
F884
F7E3
F74B
F6BA
F632
F5B2
F53C
F4CF
F46C
F412
F3C2
F37D
F341
F30F
F2E8
F2CA
F2B7
F2AD
F2AE
F2B8
F2CB
F2E8
F30E
F33C
F373
F3B3
F3F9
F448
F49D
F4F8
F559
F5C0
F62C
F69C
F70F
F786
F7FF
F87A
F8F7
F974
F9F0
FA6D
FAE7
FB60
FBD6
FC48
FCB7
FD20
FD85
FDE3
FE3B
FE8C
FED5
FF16
FF4E
FF7D
FFA2
FFBE
FFCF
FFD5
FFD0
FFBF
FFA3
FF7B
FF46
FF06
FEB9
FE5F
FDF9
FD87
FD08
FC7D
FBE5
FB40
FA8F
F9D2
F90A
F837
F759
F670
F57E
F483
F37E
F271
F15B
F03F
EF1B
EDF1
ECC2
EB8D
EA54
E917
E7D7
E695
E551
E40D
E2C8
E183
E040
DEFE
DDBF
DC84
DB4C
DA19
D8EB
D7C3
D6A2
D588
D476
D36D
D26C
D175
D088
CFA6
CECE
CE02
CD42
CC8E
CBE7
CB4C
CABE
CA3E
C9CA
C965
C90C
C8C2
C885
C856
C835
C821
C81A
C821
C835
C856
C883
C8BD
C903
C955
C9B2
CA1A
CA8D
CB09
CB90
CC1F
CCB7
CD58
CE00
CEAF
CF65
D021
D0E3
D1AA
D276
D346
D419
D4EF
D5C8
D6A3
D780
D85D
D93C
DA1A
DAF8
DBD6
DCB2
DD8D
DE66
DF3D
E012
E0E2
E1B0
E27A
E341
E404
E4C3
E57E
E634
E6E7
E795
E840
E8E5
E987
EA25
EABE
EB54
EBE6
EC74
ECFF
ED87
EE0B
EE8D
EF0D
EF8A
F006
F080
F0F8
F170
F1E8
F25F
F2D6
F34E
F3C6
F43F
F4BA
F537
F5B6
F637
F6BC
F744
F7D0
F85F
F8F3
F98B
FA28
FACA
FB70
FC1D
FCCE
FD85
FE42
FF04
FFCD
009B
016F
0248
0328
040D
04F7
05E7
06DC
07D7
08D5
09D9
0AE0
0BEB
0CF9
0E0B
0F20
1038
1151
126C
1389
14A6
15C4
16E1
17FE
1919
1A33
1B4B
1C5F
1D71
1E7E
1F87
208B
218A
2282
2374
245F
2543
261E
26F0
27BA
287A
2930
29DC
2A7C
2B10
2B99
2C17
2C88
2CEE
2D47
2D93
2DD3
2E06
2E2B
2E44
2E51
2E50
2E42
2E27
2E00
2DCD
2D8D
2D41
2CE9
2C86
2C17
2B9E
2B1A
2A8D
29F5
2955
28AC
27FA
2741
2681
25BA
24EC
2419
2342
2266
2187
20A4
1FC0
1ED9
1DF2
1D0A
1C23
1B3C
1A57
1974
1893
17B6
16DC
1607
1537
146B
13A6
12E7
122E
117D
10D3
1031
0F97
0F06
0E7D
0DFD
0D86
0D1A
0CB7
0C5D
0C0D
0BC7
0B8A
0B57
0B2D
0B0C
0AF5
0AE6
0AE0
0AE3
0AEE
0B01
0B1B
0B3D
0B65
0B94
0BC9
0C03
0C42
0C86
0CCF
0D1A
0D69
0DBA
0E0E
0E62
0EB8
0F0E
0F64
0FBA
100F
1062
10B3
1101
114C
1193
11D7
1215
124F
1283
12B1
12DA
12FB
1317
132B
1338
133D
133B
1332
1320
1307
12E5
12BC
128B
1252
1211
11C9
1179
1122
10C4
105F
0FF3
0F82
0F0B
0E8E
0E0C
0D86
0CFB
0C6D
0BDB
0B47
0AB0
0A18
097F
08E5
084B
07B2
071A
0684
05F0
055F
04D1
0448
03C3
0343
02C9
0255
01E7
0181
0123
00CC
007E
0039
FFFE
FFCD
FFA6
FF89
FF76
FF6D
FF6F
FF7C
FF94
FFB6
FFE4
001C
005F
00AE
0106
0169
01D7
024E
02D0
035A
03EE
048B
0530
05DD
0691
074C
080E
08D5
09A2
0A73
0B49
0C21
0CFF
0DDE
0EBF
0FA0
1081
1162
1241
131D
13F7
14CE
15A0
166E
1736
17F8
18B3
1967
1A13
1AB7
1B52
1BE3
1C6B
1CE9
1D5B
1DC3
1E1F
1E70
1EB5
1EEE
1F1A
1F3A
1F4E
1F55
1F50
1F3E
1F1F
1EF4
1EBD
1E79
1E2A
1DCF
1D69
1CF7
1C7C
1BF6
1B67
1ACE
1A2D
1985
18D5
181E
1761
169F
15D8
150D
1440
136F
129D
11CB
10F8
1026
0F55
0E87
0DBB
0CF4
0C31
0B73
0ABC
0A0B
0961
08BF
0826
0797
0711
0695
0624
05BF
0565
0517
04D6
04A2
047B
0462
0456
0457
0466
0483
04AE
04E7
052D
0581
05E1
064F
06CA
0751
07E4
0882
092D
09E2
0AA1
0B6A
0C3B
0D15
0DF6
0EDE
0FCC
10BF
11B6
12B1
13AF
14AE
15AE
16AE
17AD
18AB
19A5
1A9C
1B8E
1C7A
1D60
1E3F
1F15
1FE3
20A6
215F
220C
22AD
2342
23C8
2441
24AB
2505
2550
258B
25B5
25CE
25D6
25CC
25B1
2583
2543
24F1
248D
2417
238E
22F3
2246
2188
20B9
1FD8
1EE7
1DE6
1CD5
1BB5
1A86
194A
1800
16AA
1549
13DC
1266
10E5
0F5D
0DCE
0C38
0A9D
08FE
075B
05B6
0410
0269
00C4
FF1F
FD7E
FBE0
FA47
F8B3
F726
F5A0
F423
F2AF
F145
EFE6
EE93
ED4D
EC13
EAE8
E9CB
E8BD
E7BE
E6D0
E5F3
E526
E46B
E3C1
E329
E2A4
E231
E1D0
E181
E146
E11C
E104
E0FF
E10B
E129
E158
E198
E1E9
E249
E2B8
E337
E3C3
E45D
E504
E5B7
E676
E73F
E812
E8EF
E9D3
EABF
EBB1
ECA8
EDA5
EEA4
EFA6
F0AA
F1AF
F2B4
F3B8
F4BB
F5BC
F6B9
F7B2
F8A6
F994
FA7C
FB5D
FC36
FD07
FDCE
FE8C
FF40
FFE9
0086
0119
019F
021A
0288
02E9
033D
0385
03C0
03ED
040E
0421
0427
0420
040D
03EE
03C3
038C
034B
02FF
02A8
0248
01DF
016E
00F4
0073
FFEC
FF5E
FECB
FE34
FD99
FCFA
FC5A
FBB8
FB15
FA72
F9CF
F92F
F890
F7F5
F75D
F6C9
F63B
F5B3
F532
F4B8
F445
F3DC
F37B
F323
F2D6
F293
F25A
F22D
F20C
F1F6
F1EC
F1EF
F1FE
F219
F241
F276
F2B7
F305
F35F
F3C6
F438
F4B6
F540
F5D5
F674
F71E
F7D2
F890
F956
FA25
FAFB
FBD9
FCBD
FDA8
FE97
FF8B
0083
017E
027B
0379
0479
0578
0676
0773
086D
0964
0A56
0B44
0C2D
0D0F
0DEA
0EBD
0F88
1049
1101
11AF
1252
12E9
1374
13F3
1465
14C9
151F
1568
15A2
15CE
15EB
15FA
15F9
15EA
15CC
159E
1561
1516
14BC
1453
13DB
1356
12C2
1221
1172
10B7
0FEF
0F1B
0E3C
0D51
0C5C
0B5D
0A54
0943
0829
0708
05E0
04B2
037E
0245
0109
FFC8
FE85
FD40
FBFA
FAB2
F96B
F825
F6DF
F59C
F45B
F31E
F1E4
F0AE
EF7E
EE52
ED2D
EC0E
EAF6
E9E5
E8DC
E7DA
E6E1
E5F1
E509
E42B
E356
E28A
E1C8
E110
E061
DFBB
DF20
DE8E
DE06
DD88
DD14
DCA9
DC48
DBF0
DBA2
DB5C
DB1F
DAEA
DABE
DA9A
DA7D
DA68
DA5B
DA54
DA53
DA59
DA64
DA75
DA8C
DAA7
DAC7
DAEB
DB13
DB3F
DB6E
DBA0
DBD3
DC08
DC40
DC7A
DCB5
DCF2
DD31
DD70
DDB1
DDF3
DE35
DE78
DEBB
DEFF
DF43
DF88
DFCD
E012
E058
E09E
E0E4
E12C
E173
E1BC
E205
E24F
E29A
E2E7
E335
E385
E3D6
E42A
E480
E4D9
E534
E593
E5F4
E659
E6C2
E72E
E79E
E813
E88B
E908
E98A
EA10
EA9B
EB2B
EBBF
EC59
ECF8
ED9C
EE45
EEF4
EFA7
F060
F11D
F1DF
F2A6
F372
F442
F516
F5EF
F6CB
F7AE
F895
F97F
FA6B
FB5B
FC4C
FD40
FE35
FF2B
0021
0118
020F
0305
03FA
04ED
05DE
06CD
07B9
08A1
0985
0A64
0B3F
0C14
0CE3
0DAC
0E6E
0F28
0FDB
1085
1127
11C1
1250
12D9
1357
13CB
1435
1494
14E8
1531
156E
15A0
15C7
15E1
15F0
15F2
15E9
15D4
15B3
1586
154E
150A
14BB
1461
13FC
138C
1312
128E
1200
1169
10C9
1020
0F6F
0EB7
0DF7
0D31
0C64
0B92
0ABB
09DF
08FF
081B
0734
064B
0561
0474
0388
029B
01AE
00C2
FFD8
FEF0
FE0A
FD27
FC48
FB6C
FA95
F9C3
F8F5
F82E
F76C
F6B0
F5FB
F54D
F4A6
F406
F36E
F2DC
F253
F1D1
F156
F0E4
F07A
F018
EFBD
EF6B
EF21
EEDE
EEA3
EE70
EE44
EE1F
EE01
EDEA
EDD9
EDCF
EDCB
EDCC
EDD3
EDDF
EDF0
EE05
EE1E
EE3B
EE5B
EE7F
EEA5
EECD
EEF7
EF22
EF4E
EF7B
EFA9
EFD7
F004
F031
F05E
F089
F0B3
F0DC
F103
F128
F14B
F16C
F18B
F1A7
F1C1
F1D9
F1ED
F200
F210
F21D
F228
F231
F238
F23D
F240
F241
F241
F240
F23E
F23B
F237
F234
F231
F22F
F22E
F22E
F22F
F233
F239
F242
F24E
F25D
F270
F287
F2A3
F2C4
F2E9
F314
F345
F37C
F3B9
F3FD
F447
F499
F4F2
F552
F5BA
F629
F6A1
F720
F7A7
F837
F8CF
F96F
FA16
FAC6
FB7D
FC3C
FD02
FDD0
FEA4
FF7F
005F
0146
0232
0324
041A
0514
0612
0713
0816
091C
0A22
0B2A
0C32
0D3A
0E40
0F44
1046
1145
1240
1336
1427
1513
15F9
16D6
17AC
1879
193C
19F5
1AA3
1B45
1BDC
1C65
1CE2
1D50
1DB0
1E02
1E43
1E76
1E97
1EA9
1EA9
1E99
1E77
1E43
1DFD
1DA6
1D3C
1CC0
1C32
1B91
1ADF
1A1A
1943
185C
1763
1658
153C
140F
12D2
1185
1028
0EBC
0D42
0BB9
0A23
0880
06D1
0516
0350
0181
FFA8
FDC6
FBDC
F9EC
F7F5
F5F8
F3F7
F1F3
EFEB
EDE2
EBD7
E9CC
E7C1
E5B8
E3B1
E1AD
DFAD
DDB1
DBBB
D9CB
D7E2
D600
D427
D257
D090
CED5
CD24
CB7F
C9E6
C85A
C6DC
C56C
C40A
C2B7
C173
C03F
BF1B
BE07
BD04
BC12
BB31
BA62
B9A4
B8F8
B85D
B7D4
B75D
B6F8
B6A4
B662
B632
B613
B605
B609
B61E
B643
B67A
B6C0
B717
B77E
B7F5
B87B
B910
B9B3
BA65
BB25
BBF3
BCCD
BDB5
BEA9
BFAA
C0B6
C1CD
C2F0
C41C
C553
C694
C7DE
C931
CA8B
CBEE
CD58
CEC9
D041
D1C0
D345
D4D0
D660
D7F4
D98E
DB2B
DCCC
DE71
E019
E1C3
E370
E51F
E6CF
E881
EA34
EBE7
ED9A
EF4E
F101
F2B3
F464
F614
F7C2
F96E
FB17
FCBE
FE61
0001
019D
0335
04C9
0659
07E3
0968
0AE7
0C61
0DD4
0F41
10A6
1205
135C
14AA
15F1
172F
1864
1990
1AB2
1BCA
1CD8
1DDC
1ED4
1FC2
20A3
2179
2243
2301
23B2
2456
24ED
2576
25F1
265F
26BE
2710
2753
2787
27AC
27C3
27CB
27C4
27AF
278A
2756
2714
26C2
2663
25F4
2577
24EC
2452
23AB
22F6
2234
2164
2088
1FA0
1EAB
1DAB
1C9F
1B89
1A68
193E
180A
16CE
1588
143C
12E7
118D
102C
0EC6
0D5B
0BEC
0A79
0904
078D
0614
049B
0321
01A9
0031
FEBC
FD49
FBDA
FA6F
F909
F7A8
F64D
F4F9
F3AC
F267
F12A
EFF6
EECD
EDAD
EC98
EB8E
EA8F
E99C
E8B5
E7DB
E70E
E64D
E59A
E4F4
E45C
E3D2
E356
E2E8
E287
E235
E1F2
E1BC
E194
E17A
E16D
E16E
E17C
E198
E1C0
E1F4
E235
E281
E2D9
E33C
E3A9
E421
E4A2
E52C
E5C0
E65B
E6FE
E7A8
E859
E90F
E9CC
EA8D
EB53
EC1C
ECE9
EDB9
EE8B
EF5F
F034
F10A
F1E0
F2B6
F38B
F45F
F531
F602
F6D0
F79B
F863
F928
F9E9
FAA5
FB5D
FC11
FCC0
FD69
FE0E
FEAE
FF48
FFDD
006D
00F7
017C
01FB
0275
02E9
0359
03C3
0428
0488
04E3
053A
058C
05DB
0625
066C
06AF
06EF
072C
0767
079F
07D5
0809
083C
086E
089F
08CF
08FF
092F
0960
0991
09C3
09F6
0A2A
0A5F
0A96
0ACF
0B0A
0B46
0B85
0BC6
0C09
0C4F
0C97
0CE1
0D2D
0D7C
0DCD
0E20
0E75
0ECC
0F25
0F7F
0FDB
1038
1096
10F6
1157
11B8
1219
1279
12DA
1339
1397
13F3
144E
14A7
14FD
1551
15A1
15EE
1638
167D
16BF
16FB
1733
1766
1793
17BB
17DD
17F9
180E
181E
1826
1828
1823
1817
1805
17ED
17CD
17A7
1779
1744
1708
16C4
167A
1629
15D2
1574
150F
14A5
1436
13C1
1347
12C9
1246
11C0
1136
10A9
101A
0F88
0EF5
0E61
0DCC
0D37
0CA3
0C0F
0B7D
0AEC
0A5E
09D4
094D
08C9
084A
07CF
0759
06E9
067E
0619
05BB
0564
0514
04CB
048A
0451
0420
03F8
03D8
03C1
03B3
03AE
03B2
03BF
03D4
03F3
041A
044B
0483
04C4
050E
055F
05B7
0617
067D
06EA
075E
07D6
0854
08D7
095F
09EA
0A78
0B09
0B9D
0C32
0CC8
0D5E
0DF5
0E8B
0F1F
0FB2
1042
10D0
1159
11DF
1260
12DB
1351
13C0
1428
148A
14E3
1534
157D
15BA
15EE
1619
1639
164F
165B
165D
1653
163F
1620
15F6
15C1
1581
1536
14E1
1481
1416
13A2
1323
129B
1209
116F
10CB
1020
0F6D
0EB3
0DF2
0D2A
0C5D
0B8B
0AB5
09DA
08FB
0819
0735
064F
0569
0483
039D
02B9
01D6
00F7
001A
FF41
FE6D
FD9E
FCD4
FC11
FB54
FA9F
F9F1
F94C
F8B0
F81C
F792
F712
F69C
F631
F5D0
F57A
F52F
F4EF
F4BB
F492
F474
F462
F45B
F460
F46F
F489
F4AD
F4DC
F515
F557
F5A3
F5F8
F655
F6BA
F727
F79B
F816
F896
F91C
F9A7
FA36
FAC9
FB5F
FBF7
FC90
FD2B
FDC6
FE61
FEFB
FF93
0029
00BC
014C
01D8
025F
02E1
035D
03D2
0440
04A6
0505
055B
05A8
05EB
0626
0656
067C
0697
06A8
06AE
06A9
0699
067F
0659
0628
05EC
05A5
0554
04F8
0493
0423
03A9
0326
029A
0206
0169
00C4
0019
FF66
FEAE
FDF0
FD2C
FC65
FB99
FACA
F9F9
F925
F851
F77B
F6A6
F5D1
F4FE
F42C
F35D
F292
F1CA
F106
F048
EF8F
EEDD
EE31
ED8D
ECF0
EC5B
EBCF
EB4C
EAD1
EA60
E9F9
E99C
E94A
E902
E8C6
E894
E86D
E852
E842
E83D
E843
E854
E870
E897
E8C9
E905
E94B
E99B
E9F5
EA58
EAC4
EB38
EBB4
EC38
ECC3
ED55
EDEC
EE8A
EF2D
EFD4
F07E
F12C
F1DC
F28F
F344
F3FA
F4B1
F568
F61F
F6D4
F789
F83B
F8EB
F998
FA42
FAE8
FB89
FC27
FCBF
FD52
FDDF
FE67
FEE8
FF64
FFD8
0046
00AD
010E
0167
01B9
0204
0249
0286
02BC
02EB
0314
0337
0354
036B
037D
0389
0390
0393
0391
038C
0382
0376
0367
0356
0343
032F
031A
0304
02EE
02D9
02C4
02B1
02A0
0290
0284
027A
0275
0273
0275
027B
0287
0298
02AF
02CB
02EE
0317
0348
037F
03BD
0402
044F
04A3
04FF
0562
05CC
063E
06B8
0739
07C0
084F
08E5
0981
0A23
0ACC
0B7A
0C2D
0CE6
0DA3
0E65
0F2A
0FF3
10BD
118A
1259
1329
13FB
14CC
159E
166F
173F
180D
18D9
19A2
1A68
1B2B
1BE9
1CA2
1D56
1E04
1EAC
1F4E
1FE8
207B
2106
2189
2204
2275
22DE
233D
2392
23DD
241F
2456
2482
24A4
24BB
24C8
24CA
24C2
24AF
2491
2469
2437
23FA
23B4
2363
2309
22A5
2238
21C2
2143
20BC
202D
1F97
1EF8
1E53
1DA8
1CF6
1C3F
1B82
1AC0
19FA
1930
1862
1792
16C0
15ED
1518
1442
136B
1294
11BD
10E8
1013
0F3F
0E6E
0D9E
0CD1
0C07
0B41
0A7D
09BE
0902
084B
0798
06EA
0641
059D
04FE
0465
03D1
0342
02B9
0236
01B9
0142
00D0
0065
0001
FFA2
FF49
FEF6
FEA8
FE60
FE1E
FDE1
FDA9
FD77
FD49
FD21
FCFE
FCDF
FCC5
FCAF
FC9D
FC90
FC87
FC82
FC80
FC83
FC88
FC91
FC9E
FCAD
FCC0
FCD6
FCEE
FD09
FD27
FD47
FD6A
FD8F
FDB7
FDE0
FE0D
FE3B
FE6C
FE9F
FED4
FF0B
FF45
FF81
FFBF
0000
0042
0087
00CF
0118
0165
01B3
0204
0258
02AE
0306
0361
03BF
041F
0482
04E7
054F
05BA
0626
0696
0707
077B
07F1
086A
08E4
0961
09DF
0A5F
0AE0
0B63
0BE7
0C6D
0CF2
0D79
0E00
0E87
0F0D
0F94
1019
109E
1121
11A3
1222
12A0
131B
1393
1408
1479
14E6
154F
15B4
1613
166E
16C3
1712
175A
179C
17D7
180B
1838
185D
187A
188F
189B
189F
189B
188E
1878
1859
1831
1800
17C6
1783
1738
16E3
1686
1620
15B1
153A
14BC
1435
13A7
1311
1274
11D1
1128
1078
0FC3
0F09
0E4B
0D88
0CC3
0BFA
0B2F
0A62
0993
08C5
07F6
0728
065B
0590
04C8
0403
0342
0285
01CE
011C
0071
FFCC
FF2F
FE9B
FE0F
FD8C
FD13
FCA3
FC3F
FBE5
FB97
FB55
FB1E
FAF5
FAD8
FAC7
FAC4
FACE
FAE5
FB0A
FB3C
FB7B
FBC8
FC21
FC88
FCFB
FD7B
FE06
FE9E
FF41
FFEE
00A7
0169
0235
0309
03E5
04CA
05B4
06A5
079C
0897
0996
0A98
0B9C
0CA1
0DA6
0EAB
0FAE
10AE
11AB
12A4
1397
1484
156A
1647
171C
17E6
18A6
195A
1A01
1A9B
1B27
1BA5
1C12
1C6F
1CBC
1CF6
1D1F
1D35
1D39
1D28
1D04
1CCC
1C7F
1C1F
1BA9
1B1F
1A80
19CC
1904
1827
1737
1632
1519
13ED
12AF
115E
0FFB
0E87
0D02
0B6E
09CA
0818
0658
048C
02B4
00D2
FEE5
FCF0
FAF4
F8F0
F6E7
F4DA
F2C8
F0B4
EE9F
EC8A
EA77
E867
E65A
E453
E251
E058
DE66
DC7F
DAA2
D8D1
D70D
D557
D3B0
D219
D093
CF1E
CDBB
CC6C
CB31
CA0B
C8F9
C7FE
C718
C64A
C593
C4F3
C46B
C3FB
C3A1
C360
C336
C325
C32C
C34B
C382
C3D0
C435
C4B2
C544
C5ED
C6AB
C77D
C864
C95E
CA6B
CB8A
CCBA
CDFA
CF4A
D0A7
D213
D38B
D50E
D69C
D833
D9D3
DB79
DD26
DED9
E08F
E247
E401
E5BB
E775
E92E
EAE5
EC98
EE46
EFF0
F193
F32F
F4C2
F64D
F7CF
F945
FAB1
FC11
FD64
FEAB
FFE4
010F
022B
0339
0438
0527
0606
06D5
0795
0844
08E4
0973
09F2
0A62
0AC1
0B12
0B52
0B84
0BA8
0BBD
0BC4
0BBE
0BAB
0B8C
0B61
0B2B
0AEA
0AA0
0A4C
09EF
098B
0920
08AF
0837
07BB
073B
06B8
0631
05AA
0521
0497
040E
0387
0301
027D
01FD
0181
010A
0097
002B
FFC4
FF65
FF0D
FEBC
FE74
FE34
FDFD
FDCF
FDAB
FD90
FD7F
FD78
FD7C
FD89
FDA1
FDC2
FDEE
FE24
FE64
FEAE
FF01
FF5D
FFC2
0030
00A6
0124
01A9
0236
02C9
0362
0401
04A5
054E
05FA
06AA
075D
0812
08C8
097F
0A36
0AED
0BA3
0C57
0D09
0DB7
0E62
0F09
0FAB
1048
10DE
116F
11F8
1279
12F3
1364
13CD
142C
1482
14CE
1510
1547
1574
1595
15AD
15B9
15BA
15AF
159A
1579
154D
1516
14D4
1487
142F
13CD
1360
12E9
1269
11DE
114A
10AE
1008
0F5B
0EA5
0DE8
0D23
0C58
0B87
0AB0
09D4
08F3
080D
0723
0636
0545
0453
035E
0268
0172
007A
FF83
FE8D
FD98
FCA5
FBB3
FAC5
F9DA
F8F2
F80F
F731
F657
F584
F4B6
F3EF
F32F
F277
F1C6
F11D
F07E
EFE7
EF59
EED6
EE5C
EDEC
ED87
ED2D
ECDE
EC9A
EC62
EC35
EC15
EC00
EBF7
EBFB
EC0A
EC26
EC4E
EC82
ECC2
ED0E
ED66
EDCA
EE39
EEB3
EF39
EFC9
F064
F10A
F1B9
F271
F333
F3FE
F4D1
F5AC
F68E
F778
F869
F960
FA5C
FB5E
FC64
FD6F
FE7D
FF8E
00A1
01B7
02CE
03E6
04FE
0617
072E
0845
095A
0A6D
0B7D
0C8B
0D96
0E9D
0FA0
10A0
119B
1291
1382
146F
1556
1638
1714
17ED
18C1
198F
1A57
1B1A
1BD8
1C90
1D43
1DF0
1E98
1F3B
1FD9
2072
2105
2194
221E
22A3
2324
23A0
2417
248A
24F8
2562
25C7
2628
2683
26DA
272D
277A
27C2
2805
2842
287D
28B1
28DF
2907
2929
2943
2957
2963
2967
2964
2959
2945
2929
2904
28D6
289E
285E
2814
27C0
2762
26FB
268A
260F
258A
24FB
2463
23C0
2315
2260
21A2
20DB
200C
1F35
1E57
1D71
1C84
1B91
1A97
1998
1894
178C
1680
1571
1460
134D
1238
1123
100F
0EFB
0DE8
0CD8
0BCB
0AC1
09BB
08B9
07BD
06C6
05D5
04EB
0408
032C
0258
018C
00C8
000C
FF58
FEAD
FE0B
FD71
FCE0
FC58
FBD8
FB61
FAF1
FA8A
FA2A
F9D1
F97F
F934
F8EF
F8AF
F875
F840
F80F
F7E2
F7B8
F790
F76C
F749
F727
F706
F6E6
F6C6
F6A5
F684
F661
F63C
F615
F5EC
F5C1
F593
F562
F52E
F4F7
F4BD
F480
F440
F3FD
F3B7
F36E
F322
F2D4
F283
F231
F1DD
F187
F131
F0D9
F082
F02A
EFD3
EF7D
EF28
EED5
EE84
EE36
EDEB
EDA3
ED60
ED20
ECE6
ECB0
EC80
EC57
EC33
EC16
EC00
EBF1
EBE9
EBE9
EBF1
EC01
EC19
EC3A
EC63
EC94
ECCE
ED11
ED5C
EDB0
EE0C
EE70
EEDC
EF51
EFCD
F052
F0DD
F170
F20A
F2AA
F351
F3FE
F4B0
F568
F625
F6E7
F7AD
F877
F944
FA15
FAE8
FBBD
FC93
FD6B
FE43
FF1B
FFF3
00CA
019F
0273
0343
0411
04DB
05A1
0662
071E
07D5
0885
092E
09D0
0A6A
0AFB
0B84
0C03
0C79
0CE5
0D45
0D9B
0DE5
0E23
0E55
0E7A
0E92
0E9D
0E9A
0E8A
0E6B
0E3E
0E02
0DB8
0D5F
0CF7
0C80
0BFB
0B67
0AC4
0A12
0952
0884
07A8
06BE
05C7
04C2
03B1
0295
016E
003B
FEFE
FDB6
FC65
FB0C
F9AA
F840
F6D0
F55A
F3DE
F25E
F0DB
EF54
EDCC
EC42
EAB9
E92F
E7A7
E622
E49F
E321
E1A7
E033
DEC6
DD60
DC01
DAAC
D960
D81F
D6E8
D5BE
D4A0
D390
D28C
D197
D0B0
CFD7
CF0E
CE54
CDAA
CD11
CC87
CC0E
CBA6
CB4E
CB07
CAD0
CAAB
CA95
CA91
CA9C
CAB8
CAE3
CB1D
CB67
CBC0
CC27
CC9C
CD1E
CDAE
CE4A
CEF2
CFA5
D062
D12A
D1FB
D2D6
D3B9
D4A4
D596
D68F
D78E
D892
D99A
DAA7
DBB7
DCCA
DDDF
DEF5
E00D
E124
E23C
E353
E468
E57C
E68E
E79D
E8A9
E9B1
EAB6
EBB6
ECB2
EDA9
EE9B
EF86
F06C
F14C
F226
F2FA
F3C9
F491
F553
F60F
F6C5
F775
F81F
F8C3
F961
F9FA
FA8D
FB1A
FBA2
FC26
FCA4
FD1E
FD94
FE05
FE72
FEDC
FF43
FFA7
0008
0066
00C3
011D
0176
01CE
0224
027A
02D0
0325
037B
03D0
0427
047E
04D6
052F
0589
05E4
0640
069E
06FD
075E
07C0
0823
0888
08EE
0955
09BD
0A26
0A8F
0AFA
0B65
0BCF
0C3A
0CA5
0D0F
0D78
0DE1
0E49
0EAE
0F12
0F74
0FD3
1030
1089
10DF
1131
117E
11C8
120C
124C
1286
12BA
12E9
1311
1333
134F
1363
1371
1377
1376
136D
135D
1345
1325
12FD
12CE
1297
1257
1210
11C1
116B
110D
10A8
103B
0FC8
0F4E
0ECD
0E47
0DBA
0D28
0C90
0BF4
0B53
0AAF
0A06
095B
08AC
07FB
0749
0694
05DF
052A
0474
03BE
030A
0257
01A5
00F6
004A
FFA0
FEFA
FE58
FDBA
FD21
FC8C
FBFD
FB73
FAEF
FA71
F9F9
F988
F91D
F8B9
F85C
F806
F7B7
F76F
F72E
F6F4
F6C1
F695
F670
F652
F63A
F628
F61C
F616
F616
F61A
F624
F632
F645
F65B
F675
F692
F6B1
F6D2
F6F5
F719
F73D
F761
F786
F7A9
F7CA
F7EA
F808
F823
F83A
F84E
F85E
F869
F86F
F870
F86B
F860
F84F
F837
F818
F7F2
F7C5
F790
F754
F70F
F6C4
F670
F614
F5B1
F545
F4D3
F459
F3D7
F34F
F2BF
F229
F18D
F0EB
F043
EF97
EEE5
EE2F
ED76
ECB9
EBFA
EB38
EA75
E9B1
E8ED
E828
E765
E6A3
E5E4
E527
E46E
E3B9
E309
E25E
E1B9
E11B
E085
DFF6
DF71
DEF4
DE81
DE19
DDBB
DD69
DD23
DCE9
DCBB
DC9B
DC87
DC82
DC8A
DCA1
DCC5
DCF8
DD3A
DD89
DDE8
DE55
DED0
DF59
DFF0
E095
E148
E208
E2D4
E3AD
E493
E584
E680
E787
E897
E9B0
EAD1
EBFA
ED2A
EE61
EF9D
F0DD
F222
F36A
F4B4
F5FF
F74B
F897
F9E2
FB2B
FC71
FDB4
FEF2
002B
015E
0289
03AE
04C9
05DC
06E4
07E2
08D5
09BE
0A99
0B68
0C29
0CDC
0D80
0E14
0E99
0F0F
0F74
0FC9
100D
1041
1063
1075
1076
1066
1045
1014
0FD2
0F81
0F1F
0EAE
0E2D
0D9E
0D01
0C56
0B9D
0AD8
0A07
092A
0843
0753
0659
0557
044D
033D
0225
0109
FFE8
FEC3
FD9B
FC71
FB46
FA1B
F8F0
F7C6
F69F
F57A
F459
F33D
F226
F115
F00B
EF08
EE0E
ED1D
EC34
EB57
EA83
E9BB
E8FF
E84E
E7AB
E714
E68B
E60F
E5A1
E541
E4F0
E4AD
E479
E453
E43C
E433
E439
E44E
E471
E4A2
E4E1
E52E
E588
E5F0
E664
E6E4
E771
E809
E8AC
E95A
EA12
EAD3
EB9D
EC70
ED4B
EE2C
EF15
F002
F0F5
F1EC
F2E8
F3E6
F4E8
F5EC
F6F1
F7F7
F8FD
FA03
FB09
FC0C
FD0E
FE0C
FF08
FFFF
00F3
01E2
02CB
03AF
048C
0563
0634
06FC
07BE
0877
0928
09D1
0A71
0B08
0B96
0C1A
0C93
0D04
0D6B
0DC8
0E1C
0E66
0EA7
0EDE
0F0B
0F2F
0F4A
0F5C
0F65
0F65
0F5C
0F4B
0F32
0F11
0EE9
0EB8
0E81
0E43
0DFE
0DB2
0D61
0D0A
0CAE
0C4C
0BE6
0B7B
0B0C
0A99
0A22
09A7
092A
08AA
0828
07A3
071E
0696
060E
0585
04FB
0471
03E7
035E
02D5
024D
01C5
0140
00BB
0039
FFB8
FF3A
FEBE
FE45
FDCE
FD5A
FCE9
FC7C
FC12
FBAB
FB48
FAE9
FA8D
FA36
F9E2
F992
F947
F900
F8BE
F87F
F846
F811
F7E0
F7B4
F78D
F76B
F74D
F735
F721
F712
F708
F703
F702
F707
F711
F71F
F733
F74B
F769
F78B
F7B2
F7DE
F80E
F844
F87E
F8BD
F900
F948
F994
F9E4
FA38
FA90
FAEC
FB4C
FBAF
FC15
FC7F
FCEB
FD5B
FDCD
FE41
FEB8
FF31
FFAB
0027
00A4
0123
01A2
0221
02A1
0320
039F
041E
049B
0517
0592
060C
0682
06F7
0768
07D5
083F
08A5
0907
0964
09BB
0A0E
0A5B
0AA2
0AE2
0B1C
0B50
0B7C
0BA1
0BBE
0BD4
0BE1
0BE7
0BE4
0BD8
0BC4
0BA7
0B81
0B52
0B1A
0AD9
0A8E
0A3C
09E0
097B
090D
0896
0815
078C
06FB
0661
05BE
0513
0461
03A7
02E6
021E
014F
007A
FF9F
FEBE
FDD9
FCEE
FC00
FB0E
FA19
F921
F827
F72C
F62F
F531
F434
F337
F23C
F142
F04A
EF55
EE64
ED77
EC8E
EBAA
EACC
E9F4
E923
E859
E797
E6DD
E62B
E583
E4E4
E44F
E3C5
E345
E2D0
E266
E208
E1B6
E170
E136
E108
E0E8
E0D4
E0CC
E0D2
E0E5
E104
E130
E168
E1AD
E1FF
E25D
E2C8
E33E
E3C1
E44F
E4E9
E58E
E63E
E6F8
E7BC
E88A
E962
EA42
EB2B
EC1C
ED14
EE14
EF1A
F027
F139
F250
F36C
F48C
F5AF
F6D6
F7FF
F92A
FA56
FB83
FCB0
FDDD
FF09
0034
015D
0284
03A9
04CA
05E8
0702
0818
0929
0A36
0B3D
0C3F
0D3B
0E31
0F21
100A
10ED
11C9
129E
136C
1432
14F2
15AA
165C
1705
17A8
1843
18D7
1964
19EA
1A69
1AE1
1B52
1BBC
1C1F
1C7D
1CD3
1D24
1D6E
1DB3
1DF2
1E2B
1E60
1E8F
1EB9
1EDF
1F00
1F1C
1F35
1F49
1F5A
1F67
1F71
1F78
1F7B
1F7B
1F79
1F74
1F6C
1F62
1F55
1F46
1F35
1F22
1F0C
1EF5
1EDC
1EC1
1EA3
1E84
1E63
1E40
1E1B
1DF4
1DCA
1D9F
1D71
1D41
1D0F
1CDA
1CA2
1C68
1C2C
1BEC
1BAA
1B64
1B1C
1AD0
1A81
1A2F
19D9
1980
1922
18C1
185C
17F4
1788
1718
16A4
162D
15B2
1533
14B1
142B
13A1
1314
1284
11F1
115A
10C1
1025
0F86
0EE5
0E41
0D9C
0CF5
0C4C
0BA1
0AF6
0A4A
099D
08F0
0843
0796
06EA
063E
0594
04EB
0444
039F
02FC
025C
01BF
0124
008E
FFFB
FF6C
FEE1
FE5A
FDD8
FD5C
FCE4
FC71
FC04
FB9C
FB3A
FADE
FA88
FA38
F9ED
F9A9
F96B
F933
F901
F8D5
F8AF
F890
F876
F862
F853
F849
F845
F845
F84B
F854
F862
F874
F889
F8A1
F8BD
F8DB
F8FC
F91F
F943
F969
F98F
F9B6
F9DE
FA05
FA2C
FA52
FA76
FA99
FABB
FADA
FAF7
FB10
FB27
FB3A
FB4A
FB55
FB5D
FB60
FB5F
FB59
FB4F
FB3F
FB2B
FB12
FAF3
FAD0
FAA8
FA7B
FA49
FA12
F9D7
F998
F954
F90C
F8C1
F872
F81F
F7CA
F773
F719
F6BE
F662
F604
F5A6
F549
F4EB
F48F
F435
F3DC
F386
F333
F2E4
F299
F252
F211
F1D5
F1A0
F171
F149
F129
F111
F101
F0FA
F0FD
F109
F11F
F13F
F16A
F19F
F1DF
F22B
F282
F2E5
F353
F3CC
F451
F4E2
F580
F629
F6DD
F79D
F867
F93C
FA1B
FB05
FBF8
FCF4
FDF9
FF07
001C
0138
025C
0385
04B3
05E7
071E
0859
0997
0AD6
0C17
0D58
0E98
0FD7
1114
124E
1385
14B7
15E4
170A
182B
1944
1A54
1B5B
1C58
1D4B
1E32
1F0C
1FDB
209C
214F
21F4
228A
2311
2388
23F0
2447
248D
24C3
24E8
24FC
24FF
24F0
24D1
24A1
245F
240D
23AB
2338
22B5
2223
2182
20D2
2014
1F48
1E70
1D8A
1C99
1B9D
1A97
1986
186D
174C
1624
14F5
13C0
1287
114A
100A
0EC8
0D85
0C42
0AFF
09BE
0880
0745
060E
04DC
03B0
028B
016E
0059
FF4D
FE4A
FD52
FC65
FB84
FAAF
F9E7
F92C
F87F
F7E0
F74F
F6CD
F65A
F5F6
F5A1
F55B
F524
F4FD
F4E4
F4DB
F4E1
F4F4
F517
F547
F584
F5CF
F627
F68A
F6F9
F774
F7F8
F887
F91F
F9BF
FA65
FB13
FBC8
FC81
FD40
FE02
FEC8
FF90
005A
0124
01EE
02B7
037F
0444
0506
05C4
067D
0731
07DF
0886
0925
09BD
0A4C
0AD2
0B4E
0BC0
0C28
0C86
0CD8
0D1F
0D5A
0D89
0DAB
0DC1
0DCB
0DC9
0DBB
0DA1
0D7B
0D49
0D0D
0CC4
0C71
0C14
0BAC
0B3B
0AC0
0A3D
09B1
091E
0884
07E3
073C
068F
05DF
052A
0472
03B7
02FB
023D
017F
00C1
0004
FF49
FE90
FDDA
FD29
FC7B
FBD3
FB30
FA93
F9FD
F96E
F8E7
F868
F7F1
F784
F71F
F6C4
F673
F62C
F5F0
F5BD
F595
F578
F564
F55C
F55D
F569
F57F
F59F
F5C8
F5FB
F636
F67B
F6C7
F71C
F779
F7DC
F846
F8B6
F92B
F9A5
FA22
FAA3
FB27
FBAD
FC35
FCBD
FD45
FDCD
FE54
FED8
FF5A
FFD9
0054
00CA
013B
01A7
020C
026B
02C2
0311
0358
0396
03CB
03F6
0417
042F
043C
043E
0436
0423
0405
03DB
03A7
0368
031E
02C9
0269
0200
018C
010E
0087
FFF7
FF5E
FEBD
FE15
FD65
FCAF
FBF3
FB31
FA6B
F9A0
F8D2
F802
F72F
F65B
F587
F4B2
F3E0
F30F
F240
F174
F0AD
EFEA
EF2C
EE74
EDC2
ED18
EC76
EBDB
EB4A
EAC3
EA45
E9D2
E96A
E90D
E8BC
E876
E83D
E810
E7F0
E7DD
E7D6
E7DC
E7F0
E810
E83C
E876
E8BC
E90E
E96D
E9D8
EA4E
EACF
EB5B
EBF0
EC8F
ED37
EDE7
EE9F
EF5E
F024
F0EF
F1BF
F293
F36B
F445
F522
F5FF
F6DD
F7BB
F897
F971
FA48
FB1C
FBEC
FCB6
FD7B
FE39
FEF0
FF9F
0045
00E2
0176
01FF
027E
02F2
035A
03B7
0407
044B
0482
04AC
04C9
04D9
04DC
04D2
04BA
0495
0464
0425
03DB
0384
0321
02B2
0239
01B4
0126
008E
FFED
FF44
FE93
FDDB
FD1D
FC58
FB8E
FAC0
F9EF
F91C
F847
F772
F69C
F5C8
F4F5
F425
F359
F290
F1CD
F110
F05A
EFAA
EF03
EE65
EDD0
ED46
ECC6
EC52
EBE9
EB8D
EB3D
EAFB
EAC6
EAA0
EA87
EA7D
EA81
EA95
EAB7
EAE9
EB29
EB78
EBD5
EC41
ECBB
ED43
EDD8
EE7B
EF2A
EFE6
F0AD
F180
F25D
F344
F435
F52E
F62F
F737
F845
F959
FA71
FB8D
FCAC
FDCC
FEEE
0010
0131
0250
036D
0487
059C
06AB
07B5
08B7
09B2
0AA4
0B8C
0C6A
0D3D
0E05
0EC0
0F6E
100E
10A1
1125
119A
11FF
1255
129B
12D0
12F5
130A
130D
1300
12E2
12B3
1274
1224
11C4
1154
10D4
1044
0FA6
0EF9
0E3E
0D76
0CA1
0BC0
0AD3
09DC
08DB
07D0
06BD
05A3
0482
035B
022E
00FE
FFCB
FE95
FD5D
FC26
FAEE
F9B8
F884
F753
F627
F4FF
F3DC
F2C0
F1AC
F09F
EF9C
EEA1
EDB0
ECCA
EBF0
EB21
EA5F
E9AA
E902
E868
E7DC
E75E
E6EF
E68F
E63D
E5FB
E5C8
E5A4
E58F
E589
E592
E5AA
E5D0
E604
E645
E694
E6F0
E758
E7CD
E84C
E8D7
E96C
EA0A
EAB1
EB61
EC18
ECD5
ED99
EE62
EF2F
EFFF
F0D2
F1A7
F27E
F354
F42A
F4FF
F5D1
F6A0
F76C
F833
F8F5
F9B1
FA66
FB14
FBB9
FC57
FCEB
FD75
FDF5
FE6B
FED5
FF34
FF87
FFCD
0008
0035
0056
006A
0071
006B
0058
0037
000A
FFCF
FF88
FF35
FED6
FE6A
FDF3
FD71
FCE4
FC4D
FBAC
FB01
FA4E
F993
F8D0
F806
F736
F660
F585
F4A7
F3C4
F2DF
F1F8
F10F
F027
EF3E
EE57
ED71
EC8D
EBAD
EAD1
E9F9
E926
E85A
E793
E6D5
E61E
E56F
E4C9
E42D
E39B
E313
E296
E224
E1BE
E164
E116
E0D5
E0A0
E078
E05D
E04E
E04D
E059
E072
E097
E0CA
E108
E153
E1AB
E20D
E27C
E2F5
E379
E407
E4A0
E541
E5EC
E69F
E75A
E81C
E8E5
E9B4
EA89
EB63
EC41
ED23
EE07
EEEF
EFD7
F0C1
F1AC
F296
F37F
F467
F54C
F62F
F70F
F7E9
F8BF
F990
FA5B
FB1F
FBDD
FC94
FD43
FDEA
FE89
FF1F
FFAB
002E
00A8
0117
017D
01D8
0229
026F
02AB
02DC
0303
031F
0331
0339
0336
0329
0313
02F3
02CA
0298
025E
021B
01D1
017F
0126
00C7
0061
FFF6
FF86
FF11
FE97
FE1B
FD9B
FD18
FC94
FC0E
FB87
FB00
FA7A
F9F4
F96F
F8EC
F86C
F7EE
F774
F6FE
F68C
F61F
F5B7
F555
F4F9
F4A3
F455
F40F
F3D1
F39A
F36B
F345
F328
F313
F307
F304
F30A
F31A
F332
F354
F37F
F3B4
F3F1
F438
F488
F4E0
F541
F5AB
F61C
F696
F718
F7A1
F831
F8C8
F966
FA09
FAB3
FB61
FC15
FCCE
FD8B
FE4B
FF0F
FFD6
009F
016A
0236
0304
03D2
04A0
056E
063A
0706
07D0
0897
095C
0A1E
0ADD
0B97
0C4E
0D00
0DAD
0E54
0EF6
0F92
1028
10B8
1140
11C2
123D
12B0
131C
137F
13DC
1430
147C
14C1
14FD
1531
155E
1582
159E
15B1
15BD
15C1
15BD
15B2
159E
1584
1562
1538
1508
14D1
1493
144F
1405
13B5
135E
1303
12A2
123C
11D2
1163
10F0
107A
1000
0F82
0F01
0E7E
0DF8
0D6F
0CE5
0C58
0BCB
0B3C
0AAC
0A1B
098A
08F8
0867
07D5
0744
06B4
0625
0596
0509
047D
03F3
036A
02E3
025E
01DC
015B
00DD
0062
FFE8
FF72
FEFE
FE8C
FE1E
FDB2
FD49
FCE3
FC80
FC20
FBC3
FB6A
FB14
FAC1
FA71
FA25
F9DC
F996
F954
F916
F8DB
F8A4
F871
F841
F815
F7ED
F7C9
F7A8
F78C
F773
F75E
F74E
F741
F738
F733
F733
F736
F73E
F74B
F75B
F770
F78A
F7A8
F7CA
F7F1
F81C
F84C
F881
F8BB
F8F9
F93C
F983
F9CF
FA20
FA76
FAD1
FB30
FB94
FBFD
FC6A
FCDC
FD53
FDCE
FE4E
FED4
FF5E
FFEC
007F
0115
01B0
024E
02EF
0394
043D
04E8
0596
0646
06F9
07AE
0865
091D
09D6
0A90
0B4B
0C06
0CC1
0D7B
0E35
0EED
0FA4
1059
110C
11BC
126A
1313
13B9
145D
14FC
1596
162A
16B9
1742
17C4
183F
18B3
1920
1985
19E1
1A35
1A80
1AC3
1AFB
1B2B
1B50
1B6B
1B7D
1B83
1B80
1B71
1B58
1B34
1B05
1ACB
1A86
1A36
19DB
1975
1904
1887
1800
176E
16D2
162B
157B
14C1
13FD
1330
125A
117C
1096
0FA9
0EB4
0DB8
0CB6
0BAE
0AA1
0990
0879
0760
0643
0523
0402
02DF
01BB
0097
FF73
FE50
FD2F
FC0F
FAF3
F9D9
F8C2
F7B0
F6A3
F59B
F499
F39D
F2A9
F1BB
F0D6
EFF9
EF24
EE58
ED96
ECDE
EC2F
EB8B
EAF1
EA63
E9DF
E966
E8F8
E896
E83F
E7F3
E7B3
E77E
E754
E736
E723
E71A
E71C
E72A
E741
E762
E78D
E7C2
E7FF
E845
E893
E8E8
E945
E9A9
EA14
EA84
EAF9
EB74
EBF3
EC76
ECFC
ED84
EE0F
EE9C
EF2A
EFB9
F047
F0D5
F162
F1EE
F278
F2FF
F383
F404
F481
F4F9
F56D
F5DB
F645
F6A8
F706
F75E
F7AF
F7F9
F83D
F87B
F8B1
F8E0
F909
F92A
F945
F959
F966
F96D
F96E
F969
F95E
F94D
F937
F91D
F8FE
F8DB
F8B4
F88A
F85D
F82E
F7FD
F7CA
F796
F762
F72F
F6FC
F6CB
F69B
F66F
F645
F61F
F5FD
F5E0
F5C8
F5B6
F5AA
F5A5
F5A6
F5B0
F5C1
F5DB
F5FD
F628
F65D
F69B
F6E2
F734
F790
F7F5
F865
F8E0
F964
F9F3
FA8C
FB2F
FBDC
FC93
FD53
FE1C
FEED
FFC7
00A9
0192
0281
0377
0473
0573
0678
0780
088B
0998
0AA6
0BB4
0CC3
0DCF
0EDA
0FE2
10E6
11E5
12DE
13D1
14BC
159E
1678
1747
180C
18C5
1971
1A10
1AA1
1B23
1B95
1BF8
1C49
1C89
1CB7
1CD2
1CDB
1CD0
1CB2
1C80
1C3A
1BE0
1B71
1AEE
1A56
19AA
18EA
1816
172E
1632
1524
1403
12D0
118B
1036
0ED0
0D5B
0BD6
0A44
08A5
06FA
0543
0383
01BA
FFE8
FE11
FC33
FA51
F86D
F686
F49F
F2B9
F0D5
EEF4
ED18
EB42
E974
E7AE
E5F2
E441
E29D
E107
DF7F
DE08
DCA1
DB4D
DA0D
D8E0
D7C9
D6C8
D5DE
D50C
D452
D3B1
D32A
D2BE
D26C
D235
D219
D219
D235
D26C
D2BF
D32E
D3B8
D45E
D51F
D5FA
D6EF
D7FE
D926
DA66
DBBE
DD2C
DEB0
E048
E1F5
E3B4
E585
E766
E956
EB53
ED5D
EF72
F192
F3B9
F5E8
F81D
FA56
FC91
FECE
010B
0346
057E
07B1
09DE
0C04
0E21
1034
123B
1436
1622
1800
19CD
1B88
1D31
1EC7
2048
21B4
230A
2449
2570
267E
2774
2851
2914
29BE
2A4E
2AC5
2B22
2B65
2B8E
2B9E
2B95
2B73
2B39
2AE8
2A7F
2A00
296B
28C1
2803
2731
264E
2559
2455
2341
2220
20F1
1FB8
1E74
1D27
1BD3
1A79
1919
17B6
1651
14EB
1385
1221
10C0
0F63
0E0B
0CBB
0B72
0A32
08FC
07D1
06B3
05A2
049F
03AB
02C6
01F2
012F
007E
FFDF
FF52
FED9
FE73
FE20
FDE1
FDB6
FD9F
FD9B
FDAB
FDCF
FE06
FE50
FEAC
FF1A
FF98
0027
00C6
0173
022F
02F8
03CD
04AE
0599
068D
078A
088D
0997
0AA5
0BB7
0CCC
0DE1
0EF7
100B
111D
122B
1335
1438
1534
1628
1712
17F2
18C7
198F
1A49
1AF5
1B92
1C1F
1C9B
1D05
1D5C
1DA1
1DD3
1DF1
1DFA
1DEF
1DD0
1D9C
1D52
1CF4
1C81
1BF9
1B5C
1AAC
19E7
190F
1824
1726
1617
14F6
13C5
1285
1136
0FD9
0E71
0CFD
0B7E
09F5
0864
06CC
052E
038A
01E3
0039
FE8E
FCE3
FB38
F991
F7ED
F64D
F4B4
F322
F198
F018
EEA3
ED39
EBDC
EA8C
E94B
E81A
E6F8
E5E8
E4EA
E3FE
E326
E261
E1B1
E116
E090
E01F
DFC3
DF7D
DF4D
DF32
DF2D
DF3E
DF64
DF9F
DFEF
E052
E0CA
E156
E1F3
E2A4
E365
E437
E51A
E60B
E70B
E818
E931
EA56
EB85
ECBD
EDFE
EF46
F095
F1E8
F33F
F498
F5F4
F750
F8AB
FA06
FB5E
FCB2
FE02
FF4D
0091
01CE
0303
042F
0551
0668
0775
0875
0969
0A50
0B2A
0BF5
0CB3
0D61
0E01
0E92
0F14
0F87
0FEA
103F
1084
10BA
10E3
10FC
1108
1107
10F8
10DD
10B5
1082
1044
0FFC
0FAA
0F4F
0EEC
0E81
0E10
0D98
0D1C
0C9B
0C17
0B90
0B07
0A7D
09F3
096A
08E2
085C
07DA
075B
06E0
066B
05FB
0592
0533
04DB
048B
0444
0406
03D2
03A7
0386
0370
0365
0364
036F
0384
03A4
03CF
0405
0445
0490
04E6
0545
05AE
0620
069A
071E
07A9
083B
08D5
0974
0A19
0AC2
0B70
0C22
0CD7
0D8D
0E45
0EFE
0FB6
106D
1122
11D5
1284
132F
13D5
1475
150F
15A3
162E
16B2
172C
179D
1805
1862
18B4
18FB
1936
1966
1989
19A0
19AB
19A8
1999
197D
1954
191E
18DB
188C
1830
17C8
1754
16D5
164B
15B6
1517
146E
13BC
1301
123E
1173
10A1
0FC9
0EEC
0E09
0D21
0C37
0B49
0A59
0967
0874
0782
0690
059F
04B0
03C4
02DB
01F6
0116
003B
FF66
FE98
FDD1
FD11
FC59
FBA9
FB02
FA64
F9CF
F944
F8C2
F84A
F7DC
F778
F71E
F6CE
F688
F64B
F618
F5EF
F5CE
F5B6
F5A7
F5A0
F5A0
F5A7
F5B6
F5CA
F5E4
F604
F628
F650
F67C
F6AA
F6DB
F70D
F740
F773
F7A5
F7D7
F806
F833
F85D
F883
F8A5
F8C2
F8DA
F8EC
F8F7
F8FB
F8F9
F8EE
F8DB
F8C0
F89D
F870
F83A
F7FB
F7B3
F761
F706
F6A2
F634
F5BD
F53C
F4B4
F422
F389
F2E8
F23F
F190
F0DA
F01E
EF5D
EE97
EDCD
ECFF
EC2F
EB5C
EA88
E9B3
E8DF
E80B
E738
E668
E59C
E4D3
E40F
E350
E298
E1E7
E13E
E09D
E006
DF79
DEF7
DE80
DE15
DDB7
DD66
DD23
DCED
DCC6
DCAE
DCA5
DCAB
DCC0
DCE5
DD1A
DD5F
DDB3
DE16
DE89
DF0B
DF9C
E03C
E0E9
E1A5
E26D
E342
E423
E510
E607
E708
E813
E926
EA40
EB61
EC88
EDB4
EEE3
F015
F149
F27D
F3B1
F4E3
F612
F73E
F866
F987
FAA2
FBB6
FCC0
FDC1
FEB8
FFA3
0081
0153
0216
02CB
0370
0406
048A
04FE
0560
05AF
05EC
0616
062D
0631
0621
05FE
05C7
057C
051E
04AD
0429
0392
02E9
022F
0163
0087
FF9B
FEA0
FD96
FC7E
FB5A
FA2A
F8EF
F7AA
F65C
F507
F3AA
F248
F0E2
EF78
EE0D
ECA0
EB34
E9C9
E861
E6FC
E59D
E444
E2F3
E1AA
E06B
DF37
DE0E
DCF2
DBE4
DAE4
D9F4
D914
D845
D787
D6DC
D643
D5BE
D54C
D4EF
D4A6
D471
D451
D446
D450
D46E
D4A1
D4E9
D544
D5B4
D637
D6CC
D774
D82E
D8F9
D9D5
DAC0
DBBA
DCC2
DDD7
DEF8
E024
E15B
E29A
E3E1
E52F
E683
E7DB
E936
EA93
EBF1
ED4F
EEAC
F006
F15C
F2AD
F3F8
F53C
F677
F7AA
F8D2
F9EE
FAFF
FC02
FCF7
FDDC
FEB3
FF79
002E
00D3
0165
01E5
0253
02AE
02F6
032B
034D
035B
0357
033F
0314
02D7
0288
0227
01B4
0131
009D
FFFA
FF48
FE87
FDB9
FCDF
FBF9
FB08
FA0D
F90A
F7FE
F6EB
F5D2
F4B5
F394
F271
F14D
F028
EF04
EDE2
ECC3
EBA8
EA91
E981
E878
E777
E67E
E590
E4AB
E3D2
E305
E245
E192
E0EC
E055
DFCD
DF54
DEEB
DE92
DE48
DE0F
DDE7
DDCF
DDC7
DDD0
DDE8
DE11
DE49
DE91
DEE7
DF4C
DFBF
E03F
E0CB
E164
E208
E2B7
E370
E432
E4FC
E5CD
E6A5
E782
E864
E94A
EA32
EB1C
EC07
ECF2
EDDB
EEC3
EFA7
F087
F163
F23A
F30A
F3D2
F493
F54B
F5F9
F69D
F736
F7C4
F845
F8BB
F923
F97E
F9CC
FA0C
FA3E
FA63
FA79
FA81
FA7B
FA67
FA46
FA17
F9DB
F992
F93D
F8DC
F870
F7F9
F777
F6EC
F659
F5BE
F51C
F474
F3C6
F314
F25D
F1A4
F0E9
F02D
EF70
EEB4
EDFB
ED43
EC90
EBE1
EB37
EA94
E9F8
E965
E8DA
E859
E7E2
E776
E717
E6C3
E67D
E644
E61A
E5FD
E5F0
E5F2
E603
E625
E657
E698
E6E9
E74A
E7BA
E83A
E8CA
E968
EA15
EAD0
EB99
EC70
ED53
EE42
EF3D
F042
F152
F26B
F38C
F4B5
F5E5
F71A
F854
F992
FAD3
FC16
FD59
FE9D
FFDE
011E
025A
0392
04C3
05EF
0712
082E
0940
0A47
0B43
0C34
0D17
0DED
0EB5
0F6E
1017
10B1
113A
11B2
1218
126E
12B1
12E3
1302
130F
130A
12F3
12CA
128F
1243
11E6
1178
10FA
106C
0FCE
0F23
0E69
0DA2
0CCE
0BEF
0B05
0A11
0914
080F
0702
05F0
04D8
03BD
029E
017D
005B
FF39
FE18
FCF9
FBDD
FAC6
F9B4
F8A8
F7A3
F6A6
F5B2
F4C8
F3E9
F316
F24E
F194
F0E9
F04C
EFBE
EF40
EED1
EE72
EE24
EDE7
EDBB
EDA0
ED97
ED9F
EDB8
EDE2
EE1E
EE6A
EEC7
EF34
EFB1
F03D
F0D8
F182
F23A
F2FE
F3CF
F4AC
F594
F685
F780
F884
F98E
FAA0
FBB7
FCD3
FDF2
FF14
0037
015B
027E
03A0
04BF
05DB
06F3
0806
0912
0A18
0B16
0C0B
0CF7
0DD9
0EB0
0F7C
103B
10EF
1195
122E
12B8
1335
13A3
1402
1452
1493
14C4
14E7
14F8
14FB
14EE
14D2
14A7
146E
1426
13D0
136D
12FD
1280
11F7
1162
10C2
1018
0F65
0EA8
0DE3
0D17
0C44
0B6A
0A8C
09A9
08C2
07D8
06EC
05FE
0510
0422
0335
024A
0160
007B
FF9A
FEBD
FDE5
FD12
FC45
FB7E
FABF
FA07
F956
F8AD
F80D
F775
F6E6
F65F
F5E2
F56D
F501
F49F
F445
F3F4
F3AB
F36B
F333
F302
F2D9
F2B8
F29D
F288
F27A
F271
F26D
F270
F277
F282
F290
F2A0
F2B2
F2C6
F2D9
F2EE
F301
F314
F324
F333
F33F
F348
F34E
F34F
F34C
F344
F336
F323
F30A
F2EC
F2C6
F29A
F268
F22E
F1EE
F1A7
F159
F104
F0A9
F049
EFE2
EF75
EF03
EE8B
EE0F
ED8E
ED09
EC80
EBF4
EB66
EAD6
EA44
E9B2
E920
E88F
E7FF
E772
E6E7
E660
E5DE
E561
E4EA
E479
E410
E3B0
E358
E30A
E2C6
E28E
E261
E240
E22D
E227
E22F
E245
E26A
E29F
E2E3
E336
E39A
E40E
E493
E527
E5CD
E682
E748
E81E
E904
E9F9
EAFE
EC12
ED34
EE63
EFA0
F0EA
F240
F3A0
F50C
F680
F7FE
F983
FB0F
FCA1
FE37
FFD2
016F
030D
04AB
0649
07E4
097C
0B0F
0C9D
0E24
0FA3
1118
1283
13E3
1536
167B
17B2
18D9
19EF
1AF3
1BE5
1CC4
1D8F
1E44
1EE5
1F6F
1FE2
203E
2083
20B0
20C4
20C0
20A3
206E
2020
1FBA
1F3B
1EA5
1DF6
1D31
1C55
1B62
1A5A
193D
180C
16C7
1571
1408
1290
1108
0F72
0DCF
0C20
0A67
08A5
06DB
050A
0335
015C
FF80
FDA5
FBCA
F9F1
F81B
F64B
F481
F2C0
F108
EF5B
EDBB
EC28
EAA5
E932
E7D0
E681
E546
E41F
E30F
E215
E133
E06A
DFB9
DF23
DEA7
DE45
DE00
DDD5
DDC7
DDD5
DDFE
DE44
DEA6
DF24
DFBE
E072
E142
E22C
E330
E44D
E582
E6CF
E832
E9AB
EB38
ECD8
EE8B
F04F
F222
F404
F5F3
F7EE
F9F2
FC00
FE15
0030
024E
0470
0692
08B4
0AD3
0CEF
0F06
1116
131D
151B
170D
18F2
1ACA
1C92
1E49
1FEE
217F
22FC
2463
25B3
26EA
280A
290F
29FA
2AC9
2B7C
2C13
2C8D
2CEA
2D28
2D49
2D4B
2D2F
2CF5
2C9C
2C25
2B91
2ADE
2A0F
2923
281A
26F6
25B7
245E
22EC
2161
1FBF
1E06
1C38
1A56
1860
1659
1441
121A
0FE4
0DA2
0B54
08FC
069B
0433
01C5
FF52
FCDC
FA65
F7ED
F576
F301
F091
EE25
EBBF
E961
E70C
E4C1
E282
E04E
DE28
DC10
DA07
D80F
D628
D453
D290
D0E2
CF47
CDC1
CC51
CAF6
C9B1
C883
C76C
C66C
C584
C4B3
C3F9
C356
C2CB
C258
C1FB
C1B5
C186
C16E
C16B
C17D
C1A4
C1E0
C230
C293
C309
C391
C42B
C4D5
C58F
C658
C72F
C813
C905
CA02
CB0A
CC1D
CD38
CE5D
CF89
D0BB
D1F4
D332
D475
D5BB
D704
D84F
D99B
DAE8
DC35
DD81
DECC
E015
E15C
E29F
E3DF
E51A
E652
E785
E8B2
E9DA
EAFC
EC18
ED2D
EE3B
EF42
F041
F13A
F22A
F313
F3F5
F4CE
F5A0
F66B
F72D
F7E8
F89C
F948
F9ED
FA8B
FB22
FBB3
FC3D
FCC0
FD3E
FDB6
FE28
FE95
FEFD
FF60
FFC0
001B
0072
00C6
0116
0163
01AD
01F4
0239
027B
02BB
02FA
0337
0373
03AE
03E8
0421
0459
0491
04C9
0500
0538
056F
05A7
05DF
0616
064F
0687
06C0
06F9
0732
076C
07A6
07DF
0819
0853
088C
08C6
08FF
0938
0970
09A8
09DF
0A15
0A4B
0A7F
0AB2
0AE4
0B14
0B43
0B70
0B9B
0BC5
0BEC
0C11
0C34
0C55
0C73
0C8E
0CA7
0CBD
0CD1
0CE1
0CEE
0CF8
0CFF
0D02
0D03
0D00
0CFB
0CF2
0CE6
0CD7
0CC4
0CAE
0C95
0C79
0C5A
0C37
0C11
0BE8
0BBB
0B8C
0B59
0B23
0AEA
0AAE
0A6F
0A2D
09E8
09A1
0956
0909
08B9
0867
0812
07BB
0763
0708
06AB
064C
05EB
0588
0523
04BD
0454
03E9
037D
0310
02A0
0230
01BE
014A
00D5
005F
FFE8
FF6F
FEF6
FE7B
FDFF
FD83
FD06
FC88
FC0A
FB8A
FB0B
FA8B
FA0B
F98C
F90C
F88D
F80E
F78F
F711
F692
F615
F598
F51C
F4A1
F427
F3AE
F337
F2C1
F24D
F1DC
F16C
F0FF
F094
F02D
EFC8
EF66
EF08
EEAE
EE57
EE04
EDB6
ED6C
ED27
ECE6
ECAB
EC74
EC42
EC17
EBF1
EBD1
EBB8
EBA4
EB98
EB92
EB93
EB9A
EBA9
EBBE
EBDB
EBFF
EC2A
EC5D
EC97
ECD8
ED20
ED6F
EDC6
EE24
EE88
EEF4
EF66
EFDF
F05F
F0E4
F170
F202
F299
F335
F3D6
F47C
F527
F5D6
F68A
F740
F7FA
F8B8
F977
FA39
FAFC
FBC0
FC86
FD4B
FE11
FED6
FF99
005C
011C
01D9
0294
034B
03FE
04AD
0557
05FB
069A
0733
07C4
084F
08D2
094F
09C4
0A30
0A93
0AEC
0B3D
0B83
0BC0
0BF2
0C1A
0C38
0C4A
0C53
0C50
0C43
0C2B
0C08
0BDA
0BA2
0B5F
0B12
0ABA
0A59
09EE
0979
08FB
0875
07E5
074E
06AE
0608
055A
04A6
03ED
032D
0268
019E
00D1
FFFF
FF2A
FE53
FD7B
FCA0
FBC6
FAEB
FA11
F938
F861
F78D
F6BB
F5EE
F525
F461
F3A3
F2EB
F23A
F18F
F0ED
F053
EFC2
EF3A
EEBC
EE48
EDDE
ED7E
ED29
ECDF
ECA1
EC6E
EC47
EC2B
EC1C
EC19
EC22
EC36
EC57
EC84
ECBD
ED02
ED52
EDAE
EE15
EE87
EF03
EF89
F01A
F0B4
F157
F202
F2B6
F371
F433
F4FC
F5CB
F69F
F777
F854
F934
FA17
FAFC
FBE2
FCC9
FDB0
FE96
FF7B
005E
013E
021A
02F3
03C6
0494
055C
061D
06D6
0788
0831
08D0
0967
09F2
0A73
0AE9
0B54
0BB2
0C04
0C4A
0C82
0CAD
0CCB
0CDC
0CDF
0CD4
0CBB
0C95
0C61
0C1E
0BCE
0B70
0B04
0A8B
0A05
0972
08D2
0826
076E
06AA
05DB
0501
041D
032F
0238
0138
0030
FF20
FE0A
FCED
FBCA
FAA3
F977
F847
F715
F5E0
F4AB
F374
F23E
F108
EFD4
EEA1
ED72
EC47
EB20
E9FD
E8E1
E7CA
E6BB
E5B3
E4B4
E3BD
E2CF
E1EB
E112
E043
DF7F
DEC8
DE1C
DD7D
DCEA
DC65
DBEC
DB82
DB25
DAD6
DA95
DA63
DA3F
DA2A
DA23
DA2A
DA3F
DA63
DA94
DAD3
DB1F
DB79
DBE0
DC53
DCD2
DD5E
DDF5
DE97
DF43
DFFA
E0BA
E183
E254
E32E
E40F
E4F7
E5E4
E6D8
E7D0
E8CC
E9CC
EACF
EBD4
ECDC
EDE5
EEEF
EFF9
F101
F208
F30D
F40F
F50D
F607
F6FD
F7ED
F8D8
F9BC
FA99
FB6F
FC3D
FD03
FDC0
FE73
FF1E
FFBE
0054
00DF
0160
01D6
0240
029F
02F3
033B
0377
03A8
03CD
03E7
03F5
03F7
03EE
03DA
03BB
0391
035D
031E
02D5
0283
0228
01C4
0158
00E4
0068
FFE6
FF5E
FED0
FE3D
FDA5
FD0A
FC6B
FBCA
FB26
FA81
F9DC
F936
F891
F7EE
F74C
F6AC
F60F
F576
F4E1
F451
F3C7
F343
F2C6
F251
F1E4
F17F
F124
F0D2
F08B
F04E
F01C
EFF6
EFDC
EFCF
EFCE
EFDA
EFF4
F01B
F04F
F092
F0E2
F141
F1AE
F229
F2B2
F34A
F3EF
F4A2
F562
F62F
F70A
F7F2
F8E6
F9E7
FAF4
FC0B
FD2E
FE5B
FF93
00D3
021C
036E
04C6
0626
078C
08F7
0A66
0BDA
0D50
0EC9
1044
11BF
133A
14B3
162B
17A1
1913
1A80
1BE8
1D4B
1EA7
1FFB
2147
228A
23C3
24F1
2614
272B
2834
2931
2A1F
2AFE
2BCE
2C8F
2D3E
2DDD
2E6B
2EE7
2F51
2FA8
2FED
301F
303E
304A
3042
3027
2FF8
2FB6
2F60
2EF7
2E7C
2DED
2D4C
2C99
2BD4
2AFD
2A15
291C
2812
26FA
25D1
249B
2356
2205
20A7
1F3D
1DC8
1C4A
1AC2
1931
1799
15FA
1455
12AC
10FE
0F4D
0D9A
0BE6
0A31
087D
06CA
051A
036D
01C3
001F
FE80
FCE8
FB58
F9CF
F84F
F6D8
F56C
F40B
F2B5
F16B
F02D
EEFD
EDDA
ECC5
EBBE
EAC6
E9DD
E903
E839
E77E
E6D2
E636
E5AA
E52D
E4C0
E463
E414
E3D5
E3A5
E383
E36F
E369
E371
E386
E3A7
E3D4
E40C
E44F
E49C
E4F3
E552
E5B9
E627
E69C
E716
E796
E819
E8A0
E929
E9B4
EA40
EACC
EB58
EBE2
EC69
ECEE
ED6E
EDEB
EE62
EED3
EF3E
EFA1
EFFE
F054
F0A0
F0E3
F11D
F14C
F171
F18C
F19B
F19F
F197
F184
F165
F13A
F103
F0C0
F072
F019
EFB3
EF43
EEC8
EE42
EDB2
ED19
EC76
EBCA
EB15
EA59
E996
E8CD
E7FD
E729
E651
E576
E497
E3B7
E2D5
E1F3
E111
E030
DF52
DE77
DD9F
DCCD
DC00
DB3A
DA7B
D9C5
D918
D875
D7DD
D750
D6D0
D65D
D5F9
D5A2
D55B
D524
D4FD
D4E7
D4E2
D4EF
D50E
D540
D584
D5DC
D646
D6C4
D754
D7F8
D8B0
D97A
DA58
DB48
DC4B
DD60
DE87
DFC0
E109
E264
E3CE
E547
E6CF
E866
EA09
EBB9
ED75
EF3C
F10D
F2E6
F4C8
F6B1
F8A0
FA94
FC8D
FE88
0085
0283
0480
067D
0877
0A6D
0C5F
0E4B
1030
120D
13E2
15AD
176D
1921
1AC8
1C61
1DEC
1F67
20D3
222D
2375
24AB
25CD
26DC
27D7
28BD
298E
2A4A
2AEF
2B7E
2BF7
2C5A
2CA6
2CDB
2CF9
2D01
2CF2
2CCD
2C92
2C41
2BDB
2B5F
2ACF
2A2A
2972
28A7
27CA
26DB
25DB
24CB
23AB
227D
2141
1FF9
1EA4
1D45
1BDC
1A69
18EF
176E
15E7
145B
12CB
1138
0FA3
0E0D
0C77
0AE3
0951
07C1
0636
04B1
0331
01B8
0048
FEE0
FD81
FC2D
FAE4
F9A7
F877
F754
F63F
F538
F440
F358
F27F
F1B7
F0FF
F059
EFC3
EF3F
EECC
EE6A
EE1A
EDDC
EDAE
ED92
ED87
ED8D
EDA4
EDCB
EE03
EE4A
EEA0
EF06
EF79
EFFA
F088
F123
F1C9
F27A
F336
F3FB
F4CA
F5A0
F67D
F760
F84A
F937
FA29
FB1D
FC14
FD0C
FE04
FEFB
FFF2
00E5
01D7
02C4
03AD
0491
056F
0646
0715
07DD
089B
094F
09FA
0A99
0B2D
0BB4
0C30
0C9E
0CFE
0D51
0D95
0DCB
0DF1
0E09
0E11
0E09
0DF2
0DCB
0D94
0D4E
0CF7
0C91
0C1B
0B96
0B03
0A61
09B0
08F1
0824
074A
0663
0570
0471
0367
0252
0133
000A
FED9
FD9F
FC5E
FB17
F9CA
F877
F720
F5C6
F469
F30A
F1AA
F04A
EEEA
ED8C
EC30
EAD6
E981
E830
E6E5
E59F
E460
E329
E1FA
E0D4
DFB8
DEA6
DD9F
DCA3
DBB4
DAD2
D9FD
D936
D87E
D7D5
D73A
D6B0
D636
D5CC
D573
D52B
D4F4
D4CF
D4BB
D4B8
D4C8
D4E9
D51B
D55F
D5B5
D61C
D694
D71D
D7B6
D85F
D919
D9E1
DAB9
DBA0
DC94
DD96
DEA5
DFC1
E0E9
E21B
E359
E4A0
E5F1
E74A
E8AB
EA13
EB82
ECF5
EE6E
EFEA
F16A
F2EB
F46F
F5F2
F776
F8F9
FA7A
FBF8
FD73
FEEA
005D
01C9
0330
048F
05E6
0734
0879
09B4
0AE5
0C0A
0D24
0E31
0F32
1026
110C
11E4
12AE
136A
1416
14B4
1542
15C1
1631
1691
16E1
1722
1753
1775
1788
178B
1780
1768
1741
170D
16CA
167B
161E
15B6
1541
14C2
1438
13A3
1306
125F
11B1
10FB
103E
0F7C
0EB5
0DE9
0D1A
0C48
0B75
0AA0
09CA
08F6
0822
0751
0682
05B7
04F1
042F
0374
02BF
0211
016B
00CE
0039
FFAF
FF2E
FEB9
FE4E
FDEF
FD9C
FD56
FD1C
FCEF
FCCF
FCBD
FCB8
FCC0
FCD6
FCFA
FD2B
FD69
FDB5
FE0E
FE73
FEE5
FF63
FFED
0082
0122
01CD
0281
033D
0401
04CD
05A0
067A
075A
083F
0927
0A13
0B02
0BF2
0CE3
0DD4
0EC3
0FB1
109B
1181
1263
133E
1413
14E0
15A5
1660
1711
17B6
1850
18DD
195C
19CD
1A2E
1A80
1AC2
1AF2
1B11
1B1D
1B18
1AFF
1AD4
1A95
1A43
19DD
1963
18D5
1833
177D
16B3
15D6
14E6
13E2
12CB
11A2
1067
0F1B
0DBE
0C51
0AD4
0948
07AE
0607
0454
0295
00CC
FEF9
FD1E
FB3D
F956
F769
F579
F385
F190
EF9B
EDA6
EBB3
E9C3
E7D7
E5F1
E412
E23A
E06C
DEA8
DCF0
DB44
D9A5
D816
D696
D527
D3C9
D27F
D147
D025
CF17
CE1F
CD3E
CC74
CBC1
CB27
CAA6
CA3E
C9F0
C9BB
C9A1
C9A0
C9BA
C9ED
CA3B
CAA3
CB24
CBBF
CC74
CD41
CE26
CF24
D038
D164
D2A5
D3FC
D567
D6E6
D878
DA1B
DBD0
DD94
DF67
E148
E336
E52F
E732
E93F
EB52
ED6B
EF8A
F1AD
F3D4
F5FC
F824
FA4C
FC72
FE95
00B4
02CD
04E0
06EB
08EE
0AE6
0CD5
0EB7
108D
1255
140F
15BA
1754
18DF
1A57
1BBE
1D13
1E54
1F82
209C
21A2
2293
2370
2437
24EA
2587
260E
2681
26DF
2727
275B
277B
2786
277E
2762
2733
26F2
269E
263A
25C4
253F
24AA
2406
2354
2295
21C9
20F1
200E
1F21
1E2B
1D2C
1C25
1B17
1A03
18EC
17CF
16AF
158C
1467
1341
1219
10F2
0FCB
0EA6
0D83
0C63
0B45
0A2C
0918
0808
06FE
05F9
04FB
0404
0314
022C
014B
0073
FFA2
FEDB
FE1C
FD65
FCB8
FC13
FB78
FAE6
FA5C
F9DC
F965
F8F6
F891
F834
F7DF
F793
F74E
F712
F6DD
F6B0
F68A
F66B
F653
F642
F636
F631
F631
F637
F642
F652
F667
F680
F69E
F6C0
F6E5
F70E
F73B
F76B
F79E
F7D3
F80B
F846
F883
F8C2
F904
F948
F98F
F9D7
FA22
FA6F
FABE
FB0F
FB63
FBB8
FC0F
FC69
FCC5
FD23
FD83
FDE5
FE4A
FEB1
FF1B
FF87
FFF5
0066
00D9
014F
01C7
0242
02C0
0340
03C2
0447
04CE
0558
05E3
0671
0701
0793
0826
08BB
0951
09E8
0A80
0B18
0BB1
0C49
0CE1
0D79
0E0F
0EA4
0F38
0FC9
1057
10E2
1169
11ED
126C
12E6
135B
13CA
1432
1493
14EC
153E
1587
15C7
15FD
162A
164D
1665
1672
1674
166A
1654
1632
1603
15C7
157E
1528
14C5
1455
13D7
134B
12B2
120C
1158
1097
0FC9
0EEF
0E08
0D15
0C16
0B0C
09F7
08D7
07AC
0678
053C
03F7
02AC
015A
0002
FEA5
FD44
FBE0
FA7A
F912
F7AA
F643
F4DC
F379
F218
F0BD
EF66
EE16
ECCE
EB8E
EA58
E92D
E80D
E6F9
E5F3
E4FB
E413
E33B
E273
E1BE
E11C
E08D
E012
DFAB
DF5A
DF1E
DEF9
DEEA
DEF2
DF11
DF48
DF96
DFFC
E07A
E10F
E1BC
E280
E35C
E44E
E557
E676
E7AB
E8F4
EA52
EBC3
ED47
EEDE
F085
F23C
F403
F5D8
F7BB
F9AA
FBA3
FDA6
FFB1
01C2
03DA
05F5
0814
0A34
0C54
0E73
1090
12A9
14BD
16CA
18CF
1ACB
1CBD
1EA3
207B
2246
2402
25AD
2746
28CD
2A40
2B9E
2CE8
2E1B
2F36
303B
3125
31F7
32AF
334D
33D0
3439
3487
34BA
34D1
34CE
34B0
3477
3424
33B7
3330
3290
31D8
3107
3020
2F22
2E0E
2CE5
2BA9
2A5A
28F9
2787
2606
2477
22DA
2132
1F7F
1DC2
1BFC
1A2F
185D
1686
14AD
12D3
10F8
0F1F
0D49
0B76
09A9
07E2
0622
046C
02BF
011E
FF88
FDFF
FC85
FB19
F9BC
F871
F736
F60D
F4F6
F3F3
F302
F225
F15D
F0A8
F008
EF7C
EF04
EEA1
EE52
EE17
EDF0
EDDD
EDDE
EDF1
EE17
EE4E
EE98
EEF1
EF5B
EFD4
F05B
F0F0
F192
F23F
F2F8
F3BA
F485
F558
F633
F713
F7F8
F8E1
F9CC
FABA
FBA8
FC96
FD83
FE6E
FF55
0039
0117
01F0
02C2
038D
044F
0509
05BA
0660
06FD
078E
0814
088E
08FC
095E
09B4
09FD
0A39
0A69
0A8D
0AA3
0AAE
0AAD
0AA0
0A87
0A63
0A35
09FD
09BB
0970
091D
08C2
0860
07F8
078A
0717
06A0
0626
05A9
052B
04AB
042C
03AE
0331
02B7
0240
01CE
0160
00F8
0097
003D
FFEA
FFA0
FF5F
FF28
FEFB
FED8
FEC1
FEB5
FEB6
FEC2
FEDA
FEFF
FF32
FF70
FFBC
0014
0079
00EA
0168
01F2
0287
0327
03D2
0487
0546
060E
06DF
07B7
0896
097C
0A67
0B57
0C4A
0D40
0E39
0F32
102C
1125
121C
1310
1400
14EC
15D2
16B2
178A
1859
191F
19DB
1A8D
1B32
1BCB
1C57
1CD5
1D44
1DA4
1DF5
1E35
1E65
1E84
1E91
1E8D
1E78
1E50
1E17
1DCC
1D6E
1D00
1C7F
1BEE
1B4B
1A99
19D6
1903
1822
1733
1636
152C
1417
12F6
11CC
1098
0F5C
0E19
0CD0
0B82
0A30
08DC
0786
0630
04DA
0387
0237
00EB
FFA5
FE66
FD2F
FC01
FADE
F9C6
F8BA
F7BC
F6CC
F5EC
F51D
F45E
F3B2
F318
F292
F222
F1C5
F17F
F14D
F132
F12E
F140
F169
F1A8
F1FF
F26D
F2F2
F38E
F440
F508
F5E6
F6D9
F7E1
F8FD
FA2D
FB70
FCC4
FE2A
FFA0
0125
02B9
0459
0606
07BE
0980
0B4A
0D1C
0EF3
10CF
12AF
1490
1673
1855
1A35
1C12
1DEB
1FBE
218A
234D
2508
26B8
285C
29F3
2B7C
2CF7
2E61
2FBB
3103
3239
335C
346A
3564
3649
3719
37D2
3875
3902
3977
39D6
3A1D
3A4C
3A65
3A67
3A52
3A27
39E7
3990
3925
38A5
3811
3769
36AF
35E3
3506
3418
331A
320E
30F4
2FCD
2E9B
2D5D
2C16
2AC7
296F
2811
26AE
2546
23DB
226D
20FF
1F91
1E24
1CB9
1B52
19EF
1891
1739
15E9
14A0
1360
122A
10FE
0FDC
0EC7
0DBD
0CBF
0BCF
0AEC
0A17
0950
0897
07ED
0751
06C4
0646
05D6
0574
0521
04DC
04A4
047B
045E
044E
044B
0454
0469
0488
04B1
04E4
051F
0563
05AE
0600
0658
06B5
0717
077D
07E5
0850
08BD
092A
0997
0A04
0A6F
0AD8
0B3E
0BA1
0BFF
0C59
0CAD
0CFC
0D44
0D86
0DC0
0DF2
0E1C
0E3E
0E57
0E66
0E6D
0E6A
0E5E
0E48
0E28
0DFF
0DCB
0D8F
0D49
0CF9
0CA1
0C3F
0BD5
0B63
0AE9
0A67
09DE
094E
08B7
081B
077A
06D3
0629
057A
04C8
0414
035D
02A5
01EC
0133
007A
FFC2
FF0B
FE56
FDA3
FCF4
FC47
FB9F
FAFA
FA5A
F9BF
F92A
F89A
F810
F78D
F710
F699
F62A
F5C2
F560
F506
F4B4
F468
F424
F3E7
F3B1
F382
F35A
F338
F31D
F30A
F2FC
F2F4
F2F2
F2F4
F2FC
F308
F318
F32C
F344
F35E
F37B
F39A
F3BA
F3DC
F3FF
F422
F446
F469
F48B
F4AC
F4CC
F4EA
F506
F520
F537
F54B
F55C
F569
F574
F57A
F57D
F57C
F577
F56E
F562
F552
F53E
F527
F50C
F4EE
F4CC
F4A8
F482
F459
F42E
F401
F3D3
F3A4
F374
F344
F315
F2E6
F2B8
F28C
F262
F23A
F216
F1F5
F1D8
F1C0
F1AD
F19F
F197
F195
F19A
F1A6
F1BA
F1D7
F1FB
F229
F260
F2A0
F2EA
F33D
F39B
F402
F474
F4F1
F577
F608
F6A3
F748
F7F6
F8AF
F970
FA3B
FB0F
FBEB
FCCF
FDBB
FEAD
FFA6
00A5
01A9
02B2
03BE
04CD
05DE
06F1
0805
0919
0A2C
0B3D
0C4C
0D57
0E5E
0F60
105C
1152
123F
1325
1400
14D2
1599
1654
1703
17A4
1838
18BD
1933
1999
19EF
1A33
1A67
1A89
1A98
1A96
1A7F
1A55
1A18
19C8
1965
18EE
1864
17C7
1716
1654
157E
1497
139E
1293
1178
104D
0F12
0DC9
0C71
0B0C
099B
081D
0696
0504
036A
01C7
001E
FE70
FCBD
FB06
F94D
F792
F5D7
F41E
F266
F0B3
EF04
ED5A
EBB8
EA1E
E88D
E707
E58B
E41C
E2B9
E165
E01F
DEEA
DDC4
DCB0
DBAD
DABD
D9E0
D917
D861
D7C0
D733
D6BC
D659
D60C
D5D4
D5B1
D5A4
D5AC
D5CA
D5FC
D644
D6A0
D70F
D793
D829
D8D2
D98C
DA58
DB34
DC1F
DD1A
DE22
DF37
E058
E184
E2BA
E3F8
E53F
E68D
E7E0
E938
EA94
EBF2
ED51
EEB0
F00E
F16B
F2C4
F419
F569
F6B4
F7F6
F931
FA63
FB8B
FCA8
FDBA
FEBF
FFB7
00A2
017E
024B
0309
03B7
0454
04E1
055D
05C8
0621
0669
069F
06C3
06D6
06D8
06C8
06A8
0676
0634
05E2
0580
050F
0490
0402
0367
02BF
020A
014A
0080
FFAB
FECD
FDE7
FCF9
FC04
FB09
FA09
F904
F7FC
F6F2
F5E6
F4D8
F3CB
F2BE
F1B3
F0AA
EFA4
EEA2
EDA5
ECAC
EBBA
EACE
E9E9
E90C
E837
E76A
E6A7
E5EE
E53F
E49B
E400
E371
E2ED
E274
E207
E1A5
E14E
E103
E0C3
E08F
E065
E047
E034
E02B
E02D
E039
E04F
E06D
E095
E0C6
E0FF
E13F
E187
E1D6
E22B
E285
E2E6
E34B
E3B5
E422
E494
E508
E57E
E5F6
E670
E6EA
E765
E7E1
E85C
E8D6
E94F
E9C7
EA3E
EAB2
EB25
EB95
EC02
EC6D
ECD6
ED3B
ED9D
EDFD
EE59
EEB3
EF0A
EF5E
EFAF
EFFE
F04B
F095
F0DE
F126
F16C
F1B1
F1F5
F239
F27D
F2C1
F306
F34B
F393
F3DC
F427
F475
F4C6
F51A
F572
F5CE
F62F
F694
F6FF
F76F
F7E5
F861
F8E3
F96C
F9FC
FA92
FB30
FBD4
FC80
FD33
FDEF
FEB1
FF7A
004B
0122
0200
02E5
03D0
04C1
05B7
06B3
07B4
08B9
09C2
0ACE
0BDE
0CF0
0E03
0F18
102D
1142
1256
1369
1479
1586
1690
1795
1894
198E
1A80
1B6B
1C4E
1D27
1DF7
1EBB
1F75
2022
20C3
2156
21DB
2251
22B8
230F
2356
238C
23B0
23C3
23C4
23B3
238F
2358
230E
22B1
2240
21BD
2126
207C
1FC0
1EF0
1E0E
1D1A
1C14
1AFC
19D3
1899
174F
15F6
148E
1318
1195
1005
0E69
0CC3
0B12
0958
0796
05CD
03FD
0228
004F
FE72
FC93
FAB3
F8D2
F6F2
F514
F339
F161
EF8F
EDC2
EBFD
EA3F
E88A
E6DE
E53D
E3A8
E21F
E0A3
DF35
DDD6
DC86
DB45
DA15
D8F6
D7E9
D6ED
D604
D52D
D469
D3B9
D31B
D292
D21B
D1B9
D16A
D12E
D106
D0F0
D0EE
D0FE
D120
D154
D19A
D1F0
D257
D2CE
D353
D3E8
D48B
D53B
D5F8
D6C0
D793
D86F
D955
DA43
DB38
DC34
DD36
DE3C
DF46
E054
E163
E274
E386
E497
E5A6
E6B4
E7C0
E8C7
E9CB
EAC9
EBC2
ECB5
EDA1
EE85
EF62
F036
F101
F1C2
F27A
F328
F3CB
F463
F4F0
F572
F5E9
F654
F6B3
F708
F750
F78E
F7C0
F7E7
F802
F814
F81A
F817
F80A
F7F3
F7D3
F7AB
F77A
F742
F702
F6BC
F670
F61E
F5C6
F56B
F50B
F4A8
F442
F3DA
F370
F305
F299
F22E
F1C4
F15B
F0F3
F08F
F02D
EFCE
EF74
EF1D
EECC
EE80
EE39
EDF8
EDBE
ED8A
ED5D
ED37
ED18
ED01
ECF1
ECE9
ECE9
ECF1
ED00
ED17
ED36
ED5D
ED8C
EDC2
EDFF
EE44
EE8F
EEE0
EF38
EF96
EFF9
F062
F0D0
F142
F1B9
F233
F2B1
F331
F3B5
F43A
F4C1
F54A
F5D3
F65C
F6E6
F76F
F7F8
F87F
F904
F987
FA07
FA85
FB00
FB76
FBEB
FC5B
FCC7
FD2E
FD90
FDEC
FE43
FE93
FEDE
FF23
FF62
FF9A
FFCC
FFF7
001C
003A
0052
0063
006E
0072
0071
0069
005B
0048
002F
0010
FFED
FFC5
FF98
FF67
FF32
FEF9
FEBF
FE82
FE42
FE00
FDBB
FD76
FD2F
FCE6
FC9E
FC55
FC0C
FBC3
FB7B
FB34
FAEE
FAAA
FA68
FA27
F9EA
F9AE
F976
F941
F90F
F8E0
F8B5
F88E
F86A
F84B
F830
F819
F806
F7F8
F7EF
F7EA
F7EA
F7EE
F7F6
F803
F813
F828
F841
F85E
F87F
F8A3
F8CA
F8F5
F923
F954
F987
F9BD
F9F5
FA30
FA6C
FAA9
FAE8
FB28
FB69
FBAB
FBED
FC2F
FC71
FCB3
FCF4
FD35
FD73
FDB1
FDEE
FE29
FE62
FE9A
FED0
FF03
FF35
FF64
FF91
FFBB
FFE2
0007
0029
0048
0064
007E
0094
00A8
00B8
00C6
00D1
00DA
00DF
00E2
00E3
00E1
00DD
00D6
00CE
00C4
00B7
00AA
009B
008A
0079
0067
0055
0041
002E
001A
0007
FFF3
FFE0
FFCD
FFBB
FFAA
FF99
FF8A
FF7C
FF6F
FF63
FF59
FF51
FF4B
FF46
FF43
FF42
FF43
FF46
FF4B
FF52
FF5B
FF68
FF77
FF88
FF9C
FFB1
FFC9
FFE2
FFFE
001B
003B
005C
007F
00A4
00CA
00F2
011C
0146
0172
01A0
01CE
01FE
022E
025F
0291
02C4
02F7
032A
035E
0392
03C6
03FA
042F
0464
0499
04CD
0501
0535
0568
059A
05CC
05FD
062D
065D
068C
06BA
06E8
0715
0741
076D
0798
07C2
07EC
0815
083E
0867
088F
08B7
08DF
0907
092F
0956
097E
09A6
09CE
09F5
0A1D
0A45
0A6E
0A96
0ABF
0AE8
0B11
0B3B
0B64
0B8E
0BB8
0BE3
0C0D
0C37
0C62
0C8C
0CB6
0CE0
0D0A
0D33
0D5C
0D83
0DAA
0DD0
0DF5
0E18
0E3A
0E5A
0E78
0E94
0EAE
0EC4
0ED8
0EE9
0EF7
0F00
0F06
0F08
0F05
0EFE
0EF2
0EE0
0EC9
0EAD
0E8B
0E62
0E33
0DFE
0DC2
0D7F
0D34
0CE3
0C8A
0C29
0BC0
0B4F
0AD7
0A56
09CD
093B
08A1
07FF
0755
06A2
05E6
0523
0457
0382
02A6
01C2
00D7
FFE4
FEE9
FDE8
FCE0
FBD2
FABE
F9A4
F885
F761
F639
F50C
F3DC
F2A9
F174
F03C
EF02
EDC8
EC8D
EB52
EA17
E8DE
E7A6
E671
E53E
E40E
E2E2
E1BA
E097
DF7A
DE62
DD52
DC49
DB47
DA4E
D95E
D877
D79A
D6C7
D5FF
D543
D491
D3EC
D353
D2C7
D247
D1D5
D171
D11A
D0D0
D095
D068
D04A
D039
D037
D043
D05E
D086
D0BC
D100
D152
D1B1
D21E
D298
D31E
D3B0
D44F
D4F9
D5AE
D66D
D737
D80B
D8E8
D9CD
DABB
DBB0
DCAC
DDAE
DEB6
DFC2
E0D3
E1E8
E2FF
E419
E535
E651
E76E
E88A
E9A5
EAC0
EBD7
ECEC
EDFD
EF0A
F012
F115
F211
F306
F3F5
F4DB
F5BA
F68F
F75C
F81E
F8D7
F986
FA29
FAC2
FB50
FBD2
FC48
FCB3
FD11
FD64
FDAA
FDE4
FE12
FE34
FE4A
FE54
FE52
FE45
FE2D
FE0A
FDDC
FDA4
FD61
FD15
FCBF
FC60
FBF8
FB89
FB11
FA93
FA0D
F982
F8F1
F85B
F7C1
F723
F682
F5DE
F538
F490
F3E8
F33F
F297
F1F0
F14B
F0A8
F007
EF6A
EED1
EE3D
EDAD
ED23
EC9F
EC22
EBAC
EB3D
EAD6
EA77
EA21
E9D4
E990
E955
E925
E8FF
E8E3
E8D1
E8CA
E8CE
E8DC
E8F6
E91A
E949
E983
E9C7
EA17
EA70
EAD4
EB43
EBBB
EC3C
ECC7
ED5B
EDF8
EE9D
EF4A
EFFE
F0BA
F17D
F246
F315
F3E9
F4C2
F5A0
F682
F767
F84F
F93A
FA26
FB14
FC02
FCF1
FDE0
FECE
FFBB
00A6
018E
0274
0357
0436
0511
05E7
06B8
0784
084A
090A
09C3
0A75
0B20
0BC4
0C60
0CF4
0D80
0E04
0E80
0EF3
0F5D
0FBF
1018
1068
10AF
10EE
1123
1151
1176
1192
11A6
11B3
11B7
11B4
11AA
1198
1180
1162
113D
1113
10E3
10AE
1075
1037
0FF6
0FB1
0F6A
0F20
0ED4
0E86
0E38
0DE9
0D99
0D4A
0CFC
0CAF
0C63
0C1A
0BD3
0B8E
0B4E
0B10
0AD7
0AA3
0A73
0A48
0A23
0A03
09EA
09D7
09CA
09C4
09C5
09CD
09DC
09F3
0A11
0A37
0A65
0A9A
0AD8
0B1D
0B69
0BBD
0C19
0C7C
0CE7
0D58
0DD0
0E4F
0ED4
0F60
0FF1
1087
1123
11C4
1269
1312
13BF
1470
1523
15D8
1690
1748
1802
18BC
1977
1A31
1AEA
1BA1
1C57
1D0A
1DBA
1E67
1F0F
1FB4
2053
20ED
2181
220E
2295
2314
238C
23FC
2463
24C1
2515
2561
25A2
25D9
2605
2627
263E
2649
2649
263D
2626
2604
25D5
259A
2553
2500
24A0
2435
23BE
233A
22AB
2210
216A
20B8
1FFC
1F34
1E62
1D86
1CA0
1BB1
1AB8
19B7
18AD
179B
1682
1562
143B
130E
11DB
10A3
0F67
0E26
0CE3
0B9C
0A53
0908
07BB
066D
051E
03D0
0282
0136
FFEB
FEA3
FD5E
FC1C
FADE
F9A5
F870
F741
F619
F4F6
F3DB
F2C7
F1BB
F0B7
EFBC
EECA
EDE1
ED02
EC2D
EB62
EAA2
E9EC
E941
E8A0
E80B
E781
E702
E68F
E627
E5CB
E57A
E536
E4FC
E4CF
E4AD
E496
E48B
E48B
E495
E4AB
E4CC
E4F7
E52D
E56C
E5B6
E609
E666
E6CB
E739
E7B0
E82E
E8B5
E942
E9D7
EA72
EB13
EBBA
EC66
ED17
EDCD
EE87
EF45
F006
F0CA
F191
F25A
F325
F3F1
F4BF
F58C
F65B
F729
F7F6
F8C3
F98E
FA58
FB20
FBE6
FCAA
FD6B
FE28
FEE3
FF9A
004D
00FC
01A7
024F
02F2
0391
042B
04BF
054F
05D9
065D
06DC
0756
07CA
0838
08A0
0903
095F
09B6
0A07
0A52
0A97
0AD6
0B10
0B43
0B72
0B9A
0BBD
0BDB
0BF3
0C06
0C14
0C1D
0C20
0C20
0C1B
0C12
0C04
0BF3
0BDD
0BC3
0BA5
0B83
0B5E
0B36
0B0A
0ADB
0AA9
0A74
0A3D
0A03
09C7
0988
0948
0906
08C1
087C
0834
07EC
07A2
0757
070C
06BF
0672
0624
05D6
0588
0538
04E9
049A
044B
03FC
03AD
035F
0311
02C4
0278
022C
01E1
0197
014F
0107
00C0
007B
0037
FFF4
FFB2
FF73
FF34
FEF7
FEBC
FE83
FE4B
FE14
FDE0
FDAE
FD7D
FD4E
FD21
FCF6
FCCC
FCA5
FC80
FC5C
FC3B
FC1C
FBFF
FBE3
FBCA
FBB3
FB9E
FB8B
FB79
FB6A
FB5D
FB51
FB47
FB3F
FB38
FB33
FB30
FB2E
FB2E
FB2F
FB31
FB34
FB39
FB3F
FB46
FB4E
FB57
FB61
FB6B
FB76
FB83
FB8F
FB9C
FBAA
FBB8
FBC7
FBD5
FBE4
FBF3
FC03
FC12
FC21
FC30
FC3F
FC4E
FC5D
FC6B
FC7A
FC88
FC96
FCA3
FCB1
FCBE
FCCB
FCD8
FCE4
FCF1
FCFD
FD09
FD15
FD21
FD2D
FD3A
FD47
FD55
FD63
FD72
FD82
FD93
FDA6
FDB9
FDCE
FDE5
FDFD
FE18
FE34
FE53
FE74
FE97
FEBE
FEE7
FF14
FF44
FF78
FFAF
FFEA
0029
006C
00B4
0100
0151
01A6
0201
0260
02C6
0330
03A0
0416
0492
0513
059A
0627
06BA
0752
07F0
0894
093E
09EC
0AA1
0B5A
0C19
0CDC
0DA4
0E71
0F41
1016
10EF
11CA
12A9
138B
146F
1555
163C
1726
1810
18FB
19E5
1AD0
1BB9
1CA1
1D87
1E6B
1F4C
2029
2103
21D8
22A8
2372
2436
24F3
25A9
2658
26FE
279B
282F
28B8
2938
29AC
2A15
2A72
2AC3
2B08
2B3F
2B68
2B84
2B92
2B91
2B82
2B63
2B36
2AF8
2AAC
2A4F
29E3
2967
28DB
2840
2795
26DB
2611
2538
2450
235A
2255
2142
2022
1EF5
1DBB
1C75
1B24
19C7
1860
16EF
1575
13F3
1269
10D7
0F41
0DA4
0C03
0A5E
08B6
070B
055F
03B2
0206
005B
FEB1
FD0B
FB68
F9CA
F832
F69F
F514
F391
F217
F0A6
EF40
EDE4
EC95
EB52
EA1C
E8F4
E7DB
E6D0
E5D5
E4EA
E410
E346
E290
E1EB
E159
E0D9
E06B
E010
DFC7
DF91
DF6E
DF5E
DF60
DF74
DF9B
DFD3
E01D
E078
E0E4
E160
E1EC
E287
E331
E3E9
E4AE
E581
E65F
E749
E83D
E93B
EA42
EB51
EC67
ED84
EEA7
EFCF
F0FB
F229
F35A
F48C
F5BE
F6F0
F820
F94D
FA78
FB9E
FCBF
FDDB
FEF0
FFFD
0103
0200
02F3
03DD
04BB
058F
0657
0712
07C1
0863
08F8
097E
09F7
0A62
0ABE
0B0C
0B4B
0B7B
0B9D
0BB0
0BB5
0BAB
0B94
0B6F
0B3D
0AFE
0AB2
0A5A
09F6
0987
090E
088A
07FD
0767
06C9
0624
0578
04C5
040E
0351
0291
01CE
0109
0042
FF7A
FEB2
FDEB
FD25
FC62
FBA2
FAE5
FA2D
F979
F8CB
F823
F782
F6E8
F655
F5CB
F549
F4D0
F461
F3FB
F39F
F34D
F305
F2C8
F295
F26C
F24E
F23A
F231
F232
F23D
F251
F26F
F297
F2C7
F300
F340
F38A
F3DB
F433
F491
F4F4
F55D
F5C9
F63A
F6AE
F724
F79B
F814
F88D
F906
F97E
F9F3
FA67
FAD7
FB43
FBAB
FC0D
FC6A
FCC0
FD0F
FD57
FD96
FDCD
FDFB
FE1F
FE39
FE49
FE4F
FE49
FE39
FE1D
FDF6
FDC4
FD86
FD3C
FCE7
FC87
FC1C
FBA6
FB25
FA9A
FA05
F967
F8BF
F80F
F757
F698
F5D1
F505
F433
F35C
F282
F1A4
F0C3
EFE1
EEFE
EE1C
ED3A
EC5A
EB7D
EAA2
E9CB
E8F9
E82E
E76A
E6AD
E5F9
E54F
E4AE
E419
E38F
E312
E2A2
E23F
E1EB
E1A6
E170
E14A
E134
E12F
E13A
E157
E185
E1C4
E215
E277
E2EB
E370
E406
E4AC
E564
E62B
E702
E7E8
E8DD
E9E0
EAF1
EC0F
ED38
EE6D
EFAC
F0F5
F246
F39E
F4FE
F662
F7CB
F936
FAA4
FC13
FD81
FEED
0057
01BD
031D
0477
05C9
0713
0852
0986
0AAD
0BC7
0CD2
0DCE
0EB8
0F91
1057
110A
11A9
1233
12A8
1306
134D
137D
1395
1395
137C
134A
1300
129C
121F
1189
10D9
1011
0F31
0E38
0D27
0BFF
0AC0
096B
0801
0682
04EF
034A
0193
FFCA
FDF2
FC0A
FA15
F814
F609
F3F3
F1D6
EFB2
ED89
EB5C
E92D
E6FD
E4CE
E2A1
E078
DE54
DC37
DA22
D817
D618
D425
D240
D06A
CEA5
CCF3
CB53
C9C8
C853
C6F4
C5AD
C47F
C36A
C26F
C18F
C0CA
C022
BF97
BF28
BED7
BEA3
BE8E
BE96
BEBD
BF01
BF63
BFE3
C080
C13A
C210
C302
C410
C537
C679
C7D3
C945
CACE
CC6C
CE20
CFE7
D1C0
D3AA
D5A3
D7AB
D9BF
DBDF
DE09
E03B
E273
E4B1
E6F2
E935
EB78
EDBB
EFFA
F235
F46B
F699
F8BE
FAD9
FCE8
FEE9
00DD
02C0
0493
0653
0800
0998
0B1B
0C88
0DDD
0F1A
103E
1148
1239
130F
13C9
1468
14EC
1553
159F
15CE
15E2
15DA
15B7
1578
151F
14AB
141E
1377
12B8
11E1
10F4
0FF0
0ED8
0DAB
0C6C
0B1B
09B9
0848
06C9
053D
03A5
0203
0059
FEA7
FCF0
FB34
F975
F7B5
F5F5
F436
F27A
F0C3
EF11
ED66
EBC3
EA2A
E89D
E71B
E5A7
E442
E2ED
E1A8
E076
DF56
DE4A
DD53
DC71
DBA5
DAF0
DA53
D9CD
D960
D90C
D8D0
D8AE
D8A5
D8B5
D8DF
D922
D980
D9F7
DA86
DB2E
DBEE
DCC5
DDB3
DEB7
DFD1
E0FF
E242
E397
E4FF
E677
E800
E998
EB3E
ECF1
EEAF
F078
F24A
F425
F606
F7EC
F9D7
FBC5
FDB5
FFA5
0194
0381
056A
074F
092F
0B08
0CD9
0EA1
105E
120F
13B4
154C
16D5
184F
19B8
1B10
1C57
1D8B
1EAB
1FB8
20B1
2194
2263
231B
23BE
244B
24C1
2521
256A
259D
25B9
25BF
25AF
2588
254D
24FC
2496
241C
238D
22EC
2237
2171
2099
1FB1
1EB8
1DB1
1C9B
1B79
1A49
190F
17CA
167C
1525
13C7
1262
10F8
0F8A
0E19
0CA5
0B31
09BC
0848
06D6
0567
03FC
0296
0136
FFDC
FE8B
FD41
FC01
FACB
F9A0
F880
F76C
F665
F56C
F480
F3A3
F2D5
F216
F167
F0C8
F03A
EFBC
EF50
EEF4
EEAA
EE71
EE49
EE32
EE2D
EE39
EE56
EE83
EEC1
EF10
EF6E
EFDC
F05A
F0E6
F181
F22A
F2E0
F3A3
F472
F54E
F634
F725
F81F
F922
FA2E
FB42
FC5C
FD7D
FEA3
FFCE
00FD
022F
0363
0499
05D0
0707
083D
0973
0AA6
0BD7
0D04
0E2E
0F52
1072
118C
129F
13AC
14B2
15AF
16A4
1791
1874
194E
1A1D
1AE3
1B9E
1C4E
1CF4
1D8E
1E1D
1EA0
1F18
1F84
1FE5
203A
2083
20C1
20F4
211B
2136
2147
214D
2148
2138
211F
20FB
20CD
2097
2058
200F
1FBE
1F65
1F04
1E9B
1E2B
1DB5
1D39
1CB6
1C2F
1BA2
1B11
1A7D
19E4
1949
18AB
180B
1769
16C6
1623
157E
14DA
1436
1393
12F0
1250
11B0
1113
1078
0FE0
0F4B
0EB8
0E29
0D9C
0D13
0C8D
0C0B
0B8D
0B12
0A9B
0A27
09B8
094C
08E3
087F
081E
07C0
0766
070F
06BC
066B
061D
05D1
0588
0541
04FC
04B9
0477
0436
03F7
03B7
0379
033A
02FB
02BB
027B
023A
01F8
01B4
016E
0126
00DC
008F
003F
FFEC
FF96
FF3C
FEDF
FE7D
FE17
FDAD
FD3E
FCCA
FC52
FBD5
FB54
FACD
FA41
F9B1
F91B
F881
F7E2
F73F
F696
F5EB
F53B
F487
F3CF
F314
F255
F194
F0D0
F009
EF41
EE77
EDAC
ECE0
EC13
EB47
EA7B
E9B0
E8E7
E81F
E75A
E698
E5D9
E51F
E468
E3B7
E30B
E266
E1C6
E12E
E09D
E015
DF94
DF1F
DEB2
DE50
DDF8
DDAA
DD67
DD30
DD04
DCE5
DCD1
DCCA
DCD0
DCE3
DD03
DD31
DD6B
DDB4
DE0A
DE6D
DEDF
DF5D
DFEA
E083
E12A
E1DE
E29E
E36C
E445
E52A
E61B
E717
E81E
E92F
EA4A
EB6F
EC9C
EDD1
EF0E
F052
F19C
F2EB
F43F
F597
F6F3
F851
F9B1
FB11
FC72
FDD2
FF31
008D
01E6
033B
048B
05D6
071B
0858
098D
0ABA
0BDD
0CF6
0E04
0F06
0FFD
10E6
11C2
1290
134F
1400
14A2
1534
15B6
1628
1689
16D9
1718
1746
1762
176D
1766
174E
1724
16E9
169D
163F
15D1
1553
14C4
1426
1378
12BC
11F1
1119
1033
0F41
0E43
0D3A
0C27
0B0A
09E5
08B7
0783
0648
0508
03C3
027B
0131
FFE5
FE98
FD4B
FC00
FAB7
F971
F830
F6F3
F5BD
F48D
F366
F247
F131
F026
EF26
EE32
ED4B
EC71
EBA5
EAE8
EA3A
E99C
E90E
E891
E824
E7CA
E781
E74A
E726
E714
E714
E728
E74E
E787
E7D2
E830
E8A1
E923
E9B8
EA5E
EB15
EBDD
ECB5
ED9D
EE95
EF9B
F0AF
F1D0
F2FF
F439
F57E
F6CE
F827
F987
FAEF
FC5E
FDD3
FF4D
00CB
024C
03CF
0554
06D9
085E
09E1
0B62
0CDF
0E58
0FCC
1139
12A0
13FF
1556
16A3
17E6
191E
1A4A
1B6B
1C7E
1D85
1E7D
1F66
2041
210C
21C8
2272
230B
2394
240B
2472
24C8
250C
253F
2561
2572
2572
2560
253F
250C
24C9
2477
2415
23A3
2323
2294
21F8
214E
2097
1FD4
1F05
1E2C
1D47
1C59
1B61
1A61
195A
184B
1735
1619
14F8
13D3
12AB
117F
1052
0F22
0DF2
0CC2
0B92
0A63
0936
080C
06E4
05C0
049F
0383
026C
015B
004F
FF49
FE4A
FD52
FC62
FB79
FA97
F9BE
F8EC
F823
F763
F6AB
F5FB
F554
F4B6
F420
F393
F30F
F293
F21F
F1B3
F14F
F0F3
F09F
F052
F00C
EFCD
EF95
EF63
EF37
EF10
EEEF
EED3
EEBC
EEA9
EE9A
EE8F
EE87
EE82
EE80
EE80
EE82
EE86
EE8C
EE92
EE99
EEA1
EEA8
EEB0
EEB7
EEBE
EEC4
EEC9
EECC
EECF
EED0
EECF
EECC
EEC8
EEC2
EEB9
EEAF
EEA3
EE94
EE83
EE71
EE5C
EE45
EE2D
EE12
EDF6
EDD8
EDB9
ED98
ED76
ED52
ED2F
ED0C
ECE7
ECC2
EC9C
EC77
EC51
EC2B
EC05
EBE0
EBBC
EB98
EB76
EB54
EB34
EB15
EAF8
EADC
EAC3
EAAB
EA96
EA82
EA72
EA63
EA57
EA4E
EA47
EA43
EA41
EA43
EA47
EA4E
EA59
EA67
EA78
EA8C
EAA2
EABB
EAD7
EAF5
EB15
EB37
EB5C
EB83
EBAC
EBD7
EC04
EC33
EC63
EC94
ECC7
ECFC
ED31
ED68
EDA0
EDD8
EE12
EE4C
EE87
EEC3
EEFF
EF3C
EF7A
EFB8
EFF7
F037
F077
F0B8
F0FA
F13D
F180
F1C4
F209
F24F
F296
F2DE
F327
F371
F3BD
F40A
F459
F4A9
F4FC
F550
F5A7
F600
F65B
F6B9
F71A
F77E
F7E5
F84F
F8BD
F92E
F9A3
FA1C
FA99
FB1B
FBA1
FC2B
FCBA
FD4E
FDE7
FE84
FF27
FFCE
007B
012C
01E3
029F
035F
0424
04EF
05BE
0691
0769
0845
0925
0A09
0AF1
0BDB
0CC9
0DBA
0EAE
0FA3
109B
1193
128D
1388
1483
157E
1678
1771
1869
195E
1A51
1B41
1C2E
1D17
1DFC
1EDC
1FB7
208C
215B
2224
22E5
239F
2452
24FB
259D
2635
26C3
2748
27C3
2834
2899
28F4
2943
2987
29C0
29EC
2A0C
2A20
2A28
2A23
2A12
29F5
29CB
2995
2953
2905
28AB
2846
27D5
2759
26D1
2640
25A4
24FE
244E
2396
22D5
220B
213A
2062
1F83
1E9E
1DB3
1CC3
1BCF
1AD7
19DC
18DD
17DC
16DB
15D8
14D6
13D4
12D3
11D4
10D8
0FDF
0EE9
0DF7
0D0A
0C22
0B40
0A65
0990
08C2
07FB
073D
0687
05D9
0534
0499
0407
037F
0301
028C
0222
01C3
016D
0122
00E0
00A9
007B
0058
003F
0030
002B
002F
003C
0053
0072
0099
00C9
0100
013E
0183
01CF
0220
0277
02D2
0332
0396
03FE
0468
04D5
0543
05B2
0623
0693
0703
0772
07DF
0849
08B1
0915
0975
09D2
0A29
0A7C
0AC9
0B10
0B51
0B8C
0BBF
0BEC
0C10
0C2D
0C42
0C4F
0C53
0C4F
0C42
0C2D
0C0E
0BE7
0BB7
0B7F
0B3D
0AF3
0AA0
0A45
09E1
0975
0902
0886
0802
0777
06E4
064B
05AB
0505
0458
03A6
02EF
0233
0172
00AE
FFE5
FF19
FE4A
FD78
FCA4
FBCE
FAF7
FA1E
F945
F86B
F792
F6B9
F5E0
F509
F432
F35E
F28B
F1BB
F0ED
F022
EF59
EE94
EDD2
ED13
EC58
EBA1
EAEE
EA3E
E993
E8EC
E849
E7AB
E711
E67B
E5EA
E55D
E4D5
E451
E3D1
E356
E2DF
E26D
E1FE
E194
E12D
E0CB
E06C
E011
DFBA
DF66
DF16
DEC9
DE7F
DE38
DDF4
DDB3
DD75
DD3A
DD02
DCCC
DC99
DC69
DC3B
DC10
DBE8
DBC2
DB9F
DB80
DB63
DB49
DB32
DB1E
DB0E
DB01
DAF7
DAF2
DAF0
DAF2
DAF8
DB03
DB12
DB26
DB3F
DB5C
DB7F
DBA7
DBD5
DC08
DC41
DC80
DCC6
DD12
DD65
DDBF
DE1F
DE87
DEF7
DF6D
DFEC
E071
E0FF
E195
E232
E2D7
E385
E43A
E4F7
E5BC
E688
E75D
E838
E91C
EA06
EAF8
EBF0
ECEF
EDF4
EEFF
F00F
F125
F240
F35F
F483
F5AA
F6D5
F802
F932
FA64
FB96
FCCA
FDFE
FF32
0065
0196
02C5
03F2
051C
0642
0763
0880
0997
0AA9
0BB3
0CB7
0DB3
0EA6
0F91
1072
1149
1216
12D9
1391
143D
14DE
1572
15FB
1676
16E5
1747
179C
17E4
181E
184A
186A
187B
1880
1877
1860
183D
180D
17D1
1788
1733
16D3
1667
15F0
1570
14E5
1451
13B3
130C
125E
11AA
10EF
102E
0F69
0E9F
0DD2
0D03
0C31
0B5E
0A8B
09B8
08E6
0816
0749
067F
05B9
04F7
043B
0385
02D7
022F
0190
00F9
006C
FFE9
FF70
FF02
FE9F
FE48
FDFC
FDBC
FD89
FD64
FD4C
FD41
FD45
FD56
FD75
FDA2
FDDE
FE27
FE7E
FEE3
FF55
FFD5
0062
00FC
01A2
0254
0312
03DB
04AF
058C
0674
0765
085E
095E
0A66
0B75
0C89
0DA2
0EBF
0FDF
1103
1228
134E
1475
159C
16C1
17E5
1906
1A24
1B3E
1C54
1D63
1E6D
1F70
206C
2160
224B
232D
2405
24D3
2596
264F
26FC
279D
2831
28BA
2936
29A5
2A06
2A5B
2AA2
2ADB
2B07
2B25
2B36
2B3A
2B31
2B1C
2AF9
2ACA
2A90
2A49
29F7
299A
2933
28C1
2846
27C2
2735
26A0
2603
2560
24B6
2407
2352
2299
21DC
211C
2059
1F94
1ECE
1E07
1D3F
1C77
1BB1
1AEC
1A29
1969
18AD
17F5
1741
1692
15E9
1545
14A8
1412
1383
12FB
127C
1204
1195
112E
10D0
107C
1030
0FED
0FB4
0F84
0F5D
0F40
0F2C
0F21
0F1E
0F25
0F34
0F4A
0F69
0F90
0FBE
0FF4
1030
1073
10BC
110B
1160
11B9
1217
1279
12E0
1349
13B6
1424
1495
1508
157C
15F0
1664
16D9
174D
17BF
1831
18A0
190D
1978
19DF
1A43
1AA5
1B02
1B5B
1BAF
1BFE
1C48
1C8C
1CCB
1D04
1D37
1D63
1D89
1DA9
1DC2
1DD5
1DE1
1DE6
1DE4
1DDC
1DCE
1DB8
1D9C
1D7A
1D52
1D23
1CEE
1CB4
1C73
1C2E
1BE2
1B92
1B3D
1AE4
1A86
1A24
19BE
1955
18E7
1876
1803
178C
1713
1698
161A
159B
151B
1499
1417
1393
1310
128C
1209
1185
1103
1081
1000
0F80
0F02
0E85
0E0B
0D92
0D1B
0CA6
0C33
0BC3
0B54
0AE8
0A7F
0A19
09B5
0954
08F6
089B
0844
07EF
079E
0750
0706
06BE
067B
063B
05FE
05C5
058F
055D
052F
0504
04DD
04BA
049A
047E
0466
0451
0440
0433
0429
0422
041E
041D
0420
0427
0431
043F
0451
0466
047E
049B
04BB
04DE
0505
052F
055D
058E
05C3
05FB
0637
0676
06B8
06FD
0745
0791
07DF
0831
0885
08DC
0936
0992
09F1
0A51
0AB3
0B17
0B7D
0BE5
0C4E
0CB9
0D26
0D93
0E02
0E71
0EE0
0F51
0FC1
1031
10A1
1110
117F
11ED
125A
12C5
132E
1396
13FB
145E
14BF
151D
1577
15CE
1622
1672
16BE
1705
1748
1787
17C0
17F5
1824
184F
1874
1894
18AF
18C4
18D4
18DE
18E2
18E2
18DB
18D0
18BF
18A8
188D
186D
1848
181E
17F0
17BD
1787
174D
170F
16CE
168A
1644
15FB
15B0
1563
1515
14C6
1476
1427
13D8
138A
133C
12F1
12A7
1260
121B
11DA
119C
1162
112D
10FC
10D0
10AA
108A
1070
105C
104F
1049
104A
1052
1063
107B
109B
10C3
10F4
112C
116D
11B6
1208
1262
12C5
1330
13A3
141E
14A0
152A
15BB
1653
16F1
1795
183F
18EE
19A2
1A5A
1B15
1BD4
1C95
1D58
1E1C
1EE1
1FA6
206A
212D
21ED
22AC
2367
241D
24CF
257C
2622
26C2
275A
27EB
2873
28F2
2967
29D1
2A31
2A85
2ACD
2B09
2B37
2B59
2B6C
2B72
2B69
2B52
2B2B
2AF6
2AB1
2A5E
29FA
2988
2907
2876
27D6
2728
266B
25A0
24C7
23E0
22ED
21ED
20E1
1FCA
1EA8
1D7C
1C46
1B08
19C2
1874
1721
15C8
146A
1308
11A4
103E
0ED7
0D70
0C0B
0AA7
0946
07EA
0692
0541
03F6
02B4
017A
004A
FF25
FE0C
FCFF
FBFF
FB0E
FA2C
F959
F897
F7E6
F747
F6BA
F640
F5D9
F586
F547
F51C
F505
F503
F516
F53E
F57B
F5CC
F632
F6AD
F73B
F7DE
F894
F95D
FA39
FB28
FC27
FD38
FE59
FF8A
00C7
0213
036C
04D1
0641
07BC
0940
0ACD
0C61
0DFC
0F9B
113F
12E6
148F
163A
17E4
198C
1B33
1CD6
1E74
200D
21A0
232B
24AD
2626
2795
28F9
2A50
2B9A
2CD7
2E06
2F25
3033
3131
321E
32FA
33C4
347C
3522
35B5
3636
36A3
36FE
3745
377A
379C
37AC
37A9
3794
376D
3735
36EC
3693
3629
35B1
352A
3494
33F2
3343
3288
31C2
30F1
3018
2F36
2E4D
2D5D
2C67
2B6D
2A6F
296D
286A
2765
2660
255C
2458
2358
225A
2160
206A
1F7A
1E90
1DAC
1CD0
1BFC
1B30
1A6D
19B3
1903
185E
17C2
1732
16AC
1632
15C2
155E
1506
14B9
1477
1440
1415
13F4
13DE
13D1
13CF
13D6
13E6
13FE
141E
1446
1474
14A9
14E3
1522
1565
15AC
15F5
1641
168D
16DB
1728
1773
17BE
1806
184A
188B
18C7
18FD
192E
1957
1979
1992
19A4
19AC
19AB
19A0
198B
196C
1941
190B
18C9
187C
1822
17BD
174C
16CE
1645
15AF
150E
1461
13A8
12E4
1216
113D
1059
0F6C
0E76
0D77
0C70
0B61
0A4B
092F
080C
06E5
05BA
048B
035A
0226
00F1
FFBB
FE86
FD51
FC1F
FAEE
F9C1
F898
F773
F654
F53B
F428
F31C
F219
F11D
F02B
EF42
EE63
ED8E
ECC5
EC06
EB53
EAAB
EA10
E981
E8FF
E889
E821
E7C5
E775
E732
E6FC
E6D2
E6B4
E6A2
E69C
E6A1
E6B0
E6CB
E6EF
E71D
E753
E793
E7DA
E829
E87E
E8DA
E93B
E9A1
EA0C
EA79
EAEA
EB5D
EBD2
EC47
ECBD
ED32
EDA5
EE17
EE86
EEF3
EF5D
EFC2
F024
F081
F0D8
F12A
F176
F1BC
F1FB
F234
F265
F28F
F2B2
F2CE
F2E3
F2F0
F2F5
F2F4
F2EB
F2DC
F2C7
F2AA
F288
F261
F234
F203
F1CD
F193
F155
F115
F0D2
F08E
F049
F005
EFC1
EF7F
EF3E
EF01
EEC7
EE92
EE61
EE36
EE12
EDF4
EDDF
EDD1
EDCD
EDD3
EDE3
EDFD
EE23
EE55
EE93
EEDE
EF36
EF9B
F00E
F08F
F11E
F1BB
F267
F321
F3E9
F4C0
F5A5
F698
F798
F8A6
F9C1
FAE8
FC1B
FD59
FEA2
FFF6
0153
02B8
0426
059B
0716
0896
0A1B
0BA3
0D2D
0EB9
1045
11D0
135A
14E0
1662
17DF
1955
1AC4
1C2B
1D88
1EDA
2020
215A
2285
23A1
24AD
25A9
2693
276A
282D
28DC
2977
29FC
2A6B
2AC3
2B04
2B2E
2B40
2B39
2B1B
2AE4
2A95
2A2D
29AD
2916
2866
279E
26C0
25CB
24C0
239E
2267
211D
1FBF
1E4F
1CCE
1B3C
199B
17EC
1630
1468
1295
10B8
0ED3
0CE8
0AF7
0901
0709
050F
0316
011D
FF27
FD35
FB49
F964
F786
F5B2
F3E9
F22C
F07C
EEDA
ED48
EBC6
EA56
E8F9
E7B0
E67B
E55C
E453
E361
E286
E1C3
E119
E087
E00F
DFAF
DF69
DF3D
DF29
DF2F
DF4E
DF85
DFD5
E03C
E0BB
E151
E1FC
E2BD
E393
E47B
E577
E684
E7A2
E8D0
EA0C
EB55
ECAB
EE0B
EF75
F0E6
F25F
F3DD
F55F
F6E4
F86A
F9F0
FB74
FCF5
FE71
FFE8
0158
02BF
041C
056E
06B4
07ED
0916
0A31
0B3A
0C32
0D18
0DEA
0EA7
0F50
0FE4
1061
10C8
1117
1150
1171
117A
116C
1146
1108
10B3
1047
0FC4
0F2A
0E7A
0DB5
0CDA
0BEC
0AEA
09D5
08AE
0776
062F
04D9
0374
0204
0087
FF01
FD71
FBDA
FA3D
F89A
F6F4
F54C
F3A3
F1FA
F054
EEB1
ED12
EB79
E9E8
E85F
E6E0
E56C
E404
E2A9
E15D
E021
DEF5
DDDB
DCD3
DBDE
DAFD
DA31
D97A
D8D9
D84F
D7DB
D77E
D739
D70B
D6F5
D6F6
D710
D741
D789
D7EA
D861
D8F0
D994
DA4D
DB1B
DBFD
DCF3
DDFB
DF15
E03F
E17A
E2C3
E41A
E57D
E6EC
E866
E9E8
EB73
ED04
EE9B
F036
F1D4
F374
F514
F6B3
F850
F9EA
FB7F
FD0E
FE96
0016
018D
02FA
045B
05B0
06F7
0830
095A
0A73
0B7C
0C73
0D58
0E2A
0EE9
0F95
102C
10AF
111E
1178
11BD
11ED
1208
120F
1201
11DE
11A8
115E
1101
1091
100F
0F7B
0ED6
0E21
0D5D
0C8A
0BA9
0ABA
09C0
08BA
07AA
0691
056F
0447
0318
01E4
00AB
FF70
FE33
FCF5
FBB7
FA7A
F940
F809
F6D6
F5A8
F480
F360
F248
F138
F032
EF36
EE45
ED60
EC88
EBBC
EAFE
EA4E
E9AD
E91A
E896
E821
E7BB
E765
E71F
E6E8
E6C1
E6A9
E6A1
E6A7
E6BD
E6E1
E713
E753
E7A0
E7FB
E861
E8D3
E951
E9D9
EA6A
EB05
EBA8
EC53
ED04
EDBC
EE78
EF39
EFFD
F0C3
F18C
F255
F31E
F3E7
F4AF
F574
F636
F6F4
F7AD
F862
F910
F9B7
FA57
FAEE
FB7E
FC03
FC80
FCF1
FD59
FDB5
FE06
FE4B
FE84
FEB1
FED1
FEE5
FEED
FEE8
FED6
FEB8
FE8C
FE54
FE10
FDC0
FD65
FCFF
FC8E
FC13
FB8E
FB00
FA68
F9C9
F922
F873
F7BE
F704
F644
F57F
F4B6
F3EA
F31C
F24C
F17B
F0A9
EFD7
EF07
EE38
ED6B
ECA2
EBDC
EB1A
EA5D
E9A6
E8F5
E84A
E7A6
E70A
E676
E5EA
E567
E4EE
E47D
E417
E3BA
E368
E320
E2E3
E2B1
E289
E26C
E259
E252
E255
E262
E27A
E29C
E2C7
E2FC
E33B
E382
E3D2
E429
E489
E4EF
E55E
E5D2
E64C
E6CB
E74F
E7D6
E861
E8EF
E97F
EA10
EAA3
EB36
EBC8
EC5A
ECEA
ED78
EE04
EE8D
EF11
EF92
F00E
F085
F0F6
F161
F1C6
F224
F27B
F2CA
F311
F350
F387
F3B5
F3DB
F3F7
F40B
F415
F417
F410
F400
F3E7
F3C6
F39C
F369
F32F
F2ED
F2A3
F252
F1FA
F19B
F136
F0CB
F05B
EFE6
EF6D
EEEF
EE6E
EDEA
ED64
ECDC
EC53
EBC9
EB3F
EAB5
EA2C
E9A4
E91F
E89C
E81C
E7A0
E728
E6B5
E648
E5E0
E57E
E523
E4CF
E483
E43F
E403
E3D0
E3A6
E385
E36E
E361
E35D
E364
E375
E391
E3B7
E3E7
E422
E468
E4B8
E512
E576
E5E5
E65E
E6E0
E76B
E7FF
E89C
E940
E9ED
EAA1
EB5C
EC1E
ECE6
EDB4
EE87
EF5E
F03A
F11A
F1FC
F2E2
F3C9
F4B2
F59C
F687
F771
F85B
F944
FA2B
FB10
FBF2
FCD0
FDAB
FE82
FF53
0020
00E6
01A7
0261
0314
03C0
0464
0500
0594
0620
06A3
071C
078D
07F4
0852
08A6
08F1
0932
096A
0997
09BB
09D6
09E7
09EF
09EE
09E3
09D0
09B5
0991
0965
0932
08F7
08B5
086C
081D
07C8
076D
070E
06AA
0642
05D6
0568
04F6
0482
040D
0396
031F
02A7
022F
01B8
0142
00CE
005B
FFEB
FF7E
FF14
FEAE
FE4B
FDEE
FD95
FD41
FCF3
FCAA
FC67
FC2C
FBF6
FBC7
FBA0
FB7F
FB65
FB53
FB49
FB45
FB4A
FB56
FB6A
FB85
FBA8
FBD3
FC05
FC3E
FC7F
FCC7
FD16
FD6C
FDC8
FE2B
FE94
FF03
FF77
FFF1
006F
00F2
017A
0206
0295
0327
03BD
0455
04EF
058A
0627
06C4
0762
0800
089D
093A
09D5
0A6F
0B06
0B9B
0C2E
0CBD
0D49
0DD1
0E54
0ED3
0F4E
0FC3
1032
109C
1100
115E
11B5
1205
124F
1292
12CD
1301
132D
1352
136F
1385
1393
1399
1397
138D
137C
1363
1342
131A
12EA
12B4
1276
1231
11E5
1193
113A
10DB
1076
100B
0F9B
0F26
0EAC
0E2D
0DAA
0D23
0C99
0C0B
0B7A
0AE7
0A52
09BA
0921
0887
07EC
0750
06B4
0619
057D
04E3
044A
03B2
031D
0289
01F9
016B
00E0
005A
FFD7
FF58
FEDE
FE68
FDF8
FD8C
FD27
FCC7
FC6C
FC18
FBCB
FB84
FB43
FB0A
FAD8
FAAC
FA88
FA6A
FA54
FA45
FA3D
FA3C
FA42
FA50
FA65
FA80
FAA3
FACD
FAFD
FB34
FB72
FBB7
FC01
FC52
FCA9
FD06
FD68
FDCF
FE3C
FEAE
FF25
FFA0
001F
00A2
0129
01B4
0241
02D1
0364
03F9
048F
0528
05C1
065C
06F7
0792
082E
08C9
0964
09FE
0A96
0B2E
0BC3
0C57
0CE8
0D77
0E03
0E8B
0F11
0F93
1011
108A
1100
1171
11DE
1245
12A8
1305
135C
13AE
13FA
1440
1480
14BA
14ED
151B
1542
1563
157E
1592
15A0
15A8
15A9
15A5
159A
1589
1572
1555
1533
150B
14DD
14AA
1472
1435
13F3
13AC
1360
1311
12BD
1265
1209
11A9
1146
10DF
1075
1009
0F9A
0F29
0EB5
0E40
0DC9
0D51
0CD8
0C5E
0BE3
0B68
0AED
0A72
09F8
097E
0905
088D
0817
07A2
072F
06BE
064F
05E2
0578
0511
04AC
044B
03EE
0393
033C
02E9
0299
024E
0206
01C2
0182
0146
010E
00DB
00AB
0080
0059
0036
0017
FFFC
FFE6
FFD3
FFC4
FFBA
FFB3
FFB0
FFB0
FFB4
FFBC
FFC7
FFD5
FFE7
FFFB
0014
002F
004D
006E
0092
00B7
00DF
010A
0136
0163
0193
01C4
01F6
0229
025E
0293
02C8
02FF
0335
036C
03A2
03D9
040F
0445
047B
04B0
04E3
0517
0549
057A
05A9
05D8
0606
0632
065E
0687
06AF
06D5
06FA
071D
073E
075D
077B
0796
07B0
07C7
07DD
07F1
0803
0813
0822
082E
0839
0842
0849
084F
0853
0855
0856
0855
0853
0850
084B
0845
083E
0837
082E
0824
081A
080E
0802
07F5
07E8
07DA
07CB
07BC
07AC
079C
078C
077B
076A
0759
0747
0735
0723
0711
06FF
06EC
06DA
06C7
06B4
06A1
068F
067C
0669
0656
0643
0631
061F
060D
05FB
05E9
05D7
05C5
05B3
05A1
058E
057C
056A
0557
0544
0531
051D
0509
04F5
04E0
04CB
04B6
04A0
0489
0472
045A
0442
042A
0410
03F7
03DC
03C2
03A7
038C
0371
0356
033A
031F
0303
02E7
02CC
02B1
0295
027B
0260
0246
022D
0215
01FD
01E6
01D1
01BC
01A9
0197
0187
0179
016D
0162
015A
0154
0151
0150
0152
0157
015E
0169
0177
0189
019E
01B7
01D4
01F5
021A
0243
0271
02A3
02D9
0314
0354
0399
03E3
0432
0485
04DE
053C
059F
0607
0674
06E7
075E
07DA
085B
08E1
096C
09FB
0A8F
0B27
0BC3
0C63
0D07
0DAE
0E59
0F08
0FB9
106C
1123
11DB
1295
1351
140E
14CD
158B
164A
1709
17C7
1885
1941
19FC
1AB4
1B6A
1C1E
1CCE
1D7A
1E23
1EC7
1F66
1FFF
2093
2120
21A7
2227
229F
2310
2379
23D9
2431
247F
24C4
24FF
2530
2557
2573
2584
258A
2584
2573
2556
252C
24F7
24B6
2468
240D
23A6
2333
22B3
2226
218D
20E7
2035
1F77
1EAC
1DD5
1CF2
1C04
1B0A
1A06
18F7
17DE
16BA
158E
1458
1319
11D2
1083
0F2C
0DCF
0C6B
0B02
0993
081F
06A7
052C
03AE
022D
00AA
FF26
FDA2
FC1E
FA9A
F918
F798
F61A
F49E
F327
F1B3
F045
EEDC
ED79
EC1D
EAC9
E97C
E837
E6FB
E5C9
E4A0
E381
E26D
E165
E067
DF75
DE90
DDB7
DCEA
DC2A
DB77
DAD2
DA3A
D9AF
D932
D8C2
D860
D80C
D7C5
D78B
D75E
D73F
D72C
D726
D72C
D73F
D75D
D787
D7BC
D7FC
D846
D89B
D8F8
D95F
D9CE
DA46
DAC4
DB4A
DBD6
DC68
DCFE
DD9A
DE39
DEDC
DF81
E028
E0D1
E17B
E224
E2CE
E376
E41C
E4C0
E560
E5FD
E696
E72A
E7BA
E843
E8C7
E944
E9BA
EA28
EA8F
EAED
EB43
EB90
EBD4
EC0F
EC40
EC68
EC86
EC99
ECA3
ECA3
EC98
EC84
EC65
EC3D
EC0B
EBCF
EB8A
EB3C
EAE4
EA83
EA1A
E9A9
E931
E8B1
E82A
E79D
E70A
E672
E5D5
E534
E48F
E3E7
E33C
E290
E1E2
E134
E085
DFD7
DF2B
DE80
DDD7
DD32
DC91
DBF4
DB5C
DAC9
DA3D
D9B8
D93A
D8C3
D856
D7F0
D795
D743
D6FB
D6BF
D68D
D666
D64C
D63D
D63B
D645
D65C
D67F
D6B0
D6ED
D738
D790
D7F4
D866
D8E4
D96F
DA07
DAAB
DB5B
DC17
DCDF
DDB1
DE8F
DF77
E068
E164
E268
E376
E48B
E5A8
E6CC
E7F6
E926
EA5C
EB95
ECD3
EE14
EF57
F09C
F1E3
F32A
F471
F5B7
F6FC
F83E
F97E
FABA
FBF3
FD26
FE55
FF7D
009F
01BB
02CE
03DA
04DE
05D8
06CA
07B1
088F
0963
0A2D
0AEB
0B9F
0C47
0CE4
0D75
0DFA
0E74
0EE2
0F44
0F9A
0FE5
1024
1057
107F
109C
10AF
10B6
10B3
10A7
1090
1070
1047
1016
0FDC
0F9B
0F52
0F03
0EAD
0E52
0DF2
0D8D
0D24
0CB8
0C48
0BD6
0B62
0AED
0A77
0A01
098B
0916
08A2
082F
07BF
0752
06E8
0681
061E
05C0
0566
0512
04C3
047A
0436
03F9
03C3
0393
036A
0348
032E
031A
030E
0309
030B
0315
0327
0340
0360
0387
03B6
03EB
0427
0469
04B2
0501
0555
05AF
060D
0671
06D8
0744
07B4
0826
089C
0914
098E
0A0A
0A87
0B05
0B84
0C02
0C81
0CFE
0D7B
0DF6
0E6F
0EE6
0F5B
0FCD
103C
10A8
1111
1175
11D5
1231
1289
12DB
1329
1371
13B5
13F2
142B
145E
148B
14B2
14D4
14F0
1507
1518
1524
152A
152B
1527
151F
1511
14FF
14E9
14CF
14B1
1490
146B
1443
1418
13EB
13BB
138A
1357
1322
12ED
12B7
1281
124B
1215
11E0
11AB
1178
1147
1117
10E9
10BD
1094
106E
104A
102A
100D
0FF3
0FDD
0FCC
0FBE
0FB3
0FAD
0FAA
0FAB
0FB0
0FB9
0FC6
0FD7
0FEB
1004
1020
103F
1062
1088
10B2
10DE
110D
113F
1172
11A9
11E1
121A
1255
1292
12CF
130C
134A
1388
13C5
1402
143D
1477
14AF
14E5
1519
154A
1578
15A2
15C9
15ED
160C
1626
163C
164E
165A
1661
1662
165E
1654
1644
162E
1613
15F1
15C8
159A
1565
152A
14E8
14A0
1452
13FE
13A4
1345
12DF
1274
1204
118D
1112
1091
100B
0F81
0EF2
0E5E
0DC7
0D2B
0C8C
0BEA
0B45
0A9C
09F2
0945
0895
07E5
0733
067F
05CB
0516
0461
03AC
02F7
0243
018F
00DD
002B
FF7D
FED1
FE26
FD7E
FCD8
FC34
FB93
FAF5
FA5A
F9C1
F92C
F89B
F80C
F782
F6FA
F677
F5F7
F57B
F503
F48E
F41E
F3B1
F348
F2E3
F281
F223
F1C9
F172
F11F
F0CF
F082
F039
EFF3
EFB0
EF6F
EF32
EEF6
EEBE
EE87
EE53
EE21
EDF1
EDC2
ED96
ED6B
ED42
ED1A
ECF4
ECCF
ECAB
EC89
EC68
EC48
EC29
EC0B
EBEE
EBD2
EBB7
EB9D
EB84
EB6C
EB55
EB3F
EB2A
EB15
EB01
EAEE
EADC
EACB
EABB
EAAD
EAA0
EA94
EA89
EA80
EA78
EA72
EA6D
EA6A
EA69
EA6A
EA6C
EA70
EA76
EA7E
EA88
EA93
EAA1
EAB1
EAC3
EAD7
EAED
EB05
EB1E
EB3A
EB58
EB78
EB99
EBBD
EBE2
EC08
EC31
EC5B
EC86
ECB3
ECE1
ED10
ED40
ED70
EDA2
EDD4
EE06
EE38
EE6A
EE9C
EECE
EEFF
EF2F
EF5F
EF8D
EFBA
EFE6
F010
F038
F05E
F082
F0A4
F0C3
F0E0
F0FA
F111
F125
F136
F144
F14F
F157
F15B
F15D
F15B
F156
F14E
F143
F135
F124
F110
F0FA
F0E1
F0C6
F0A9
F089
F068
F045
F021
EFFD
EFD7
EFB1
EF8A
EF64
EF3F
EF1A
EEF5
EED2
EEB0
EE91
EE74
EE5A
EE44
EE32
EE23
EE19
EE14
EE15
EE1B
EE27
EE39
EE52
EE73
EE9A
EEC9
EF00
EF40
EF87
EFD8
F031
F094
F0FF
F174
F1F2
F27A
F30C
F3A6
F44B
F4F8
F5AE
F66E
F737
F809
F8E3
F9C7
FAB2
FBA6
FCA1
FDA3
FEAC
FFBC
00D2
01ED
030D
0431
0559
0684
07B2
08E2
0A13
0B45
0C76
0DA7
0ED6
1003
112C
1252
1374
1490
15A6
16B5
17BC
18BB
19B1
1A9E
1B80
1C57
1D22
1DE1
1E93
1F38
1FCE
2056
20CE
2138
2191
21D9
2211
2238
224D
2251
2243
2224
21F2
21AE
2158
20F0
2077
1FEB
1F4F
1EA0
1DE1
1D11
1C30
1B40
1A41
1933
1816
16EC
15B6
1473
1324
11CB
1068
0EFC
0D88
0C0D
0A8B
0904
0778
05E9
0457
02C4
0130
FF9D
FE0B
FC7C
FAF1
F96A
F7E9
F66E
F4FB
F391
F230
F0D9
EF8E
EE50
ED1E
EBFA
EAE6
E9E0
E8EB
E806
E733
E672
E5C4
E528
E49F
E42B
E3CA
E37D
E345
E321
E312
E317
E331
E35F
E3A2
E3F9
E463
E4E1
E572
E616
E6CC
E793
E86C
E956
EA4F
EB58
EC6F
ED93
EEC5
F002
F14A
F29D
F3F8
F55C
F6C7
F838
F9AF
FB29
FCA7
FE27
FFA7
0128
02A8
0425
05A0
0716
0888
09F3
0B57
0CB4
0E07
0F51
1090
11C4
12EC
1407
1514
1613
1704
17E5
18B6
1977
1A27
1AC6
1B54
1BD1
1C3C
1C95
1CDC
1D11
1D35
1D47
1D47
1D36
1D14
1CE1
1C9D
1C4A
1BE7
1B76
1AF5
1A67
19CC
1923
186F
17B0
16E7
1614
1538
1454
1368
1277
117F
1083
0F84
0E81
0D7D
0C78
0B72
0A6E
096B
086B
076E
0675
0581
0494
03AD
02CD
01F6
0127
0062
FFA7
FEF6
FE51
FDB8
FD2A
FCAA
FC36
FBCF
FB77
FB2C
FAEF
FAC0
FA9F
FA8C
FA88
FA91
FAA9
FACE
FB02
FB42
FB90
FBEB
FC53
FCC7
FD46
FDD1
FE66
FF06
FFB0
0063
011E
01E1
02AC
037D
0454
0530
0611
06F5
07DD
08C7
09B1
0A9D
0B88
0C72
0D5B
0E42
0F26
1007
10E3
11BA
128C
1358
141E
14DC
1593
1641
16E7
1784
1818
18A2
1922
1998
1A04
1A64
1ABA
1B05
1B45
1B7A
1BA3
1BC1
1BD4
1BDD
1BD9
1BCA
1BB0
1B8C
1B5E
1B25
1AE3
1A98
1A43
19E6
1980
1913
189F
1824
17A2
171A
168E
15FC
1566
14CC
142F
138F
12EE
124A
11A5
1100
105B
0FB6
0F12
0E6F
0DCE
0D2F
0C93
0BFA
0B64
0AD2
0A44
09BA
0935
08B5
083A
07C4
0753
06E8
0683
0623
05CA
0576
0528
04E0
049D
0460
0429
03F7
03CB
03A3
0381
0363
034A
0334
0323
0315
030A
0303
02FE
02FB
02FA
02FB
02FD
0301
0304
0308
030C
030F
0311
0311
0310
030D
0308
02FF
02F4
02E6
02D3
02BD
02A3
0285
0262
023A
020D
01DC
01A5
0169
0128
00E1
0095
0044
FFED
FF90
FF2F
FEC9
FE5E
FDEE
FD7B
FD03
FC87
FC08
FB86
FB00
FA78
F9EE
F962
F8D5
F846
F7B7
F728
F698
F60A
F57C
F4F0
F466
F3DE
F359
F2D7
F259
F1DF
F169
F0F9
F08D
F027
EFC7
EF6E
EF1B
EECF
EE8B
EE4E
EE19
EDED
EDC9
EDAE
ED9C
ED92
ED92
ED9C
EDAE
EDCB
EDF0
EE20
EE59
EE9B
EEE6
EF3B
EF99
F000
F06F
F0E7
F168
F1F0
F280
F317
F3B5
F45A
F505
F5B6
F66C
F726
F7E6
F8A8
F96F
FA38
FB03
FBD0
FC9F
FD6E
FE3D
FF0C
FFDB
00A8
0173
023C
0302
03C4
0483
053D
05F3
06A4
074F
07F4
0893
092B
09BC
0A46
0AC9
0B43
0BB6
0C20
0C82
0CDC
0D2D
0D75
0DB5
0DEC
0E1B
0E40
0E5D
0E72
0E7E
0E81
0E7D
0E71
0E5D
0E42
0E20
0DF7
0DC8
0D92
0D57
0D17
0CD2
0C88
0C3B
0BEA
0B97
0B41
0AE9
0A8F
0A35
09DB
0981
0928
08D0
087B
0828
07D8
078D
0745
0702
06C4
068C
065A
062F
060A
05EE
05D9
05CC
05C8
05CC
05DA
05F2
0613
063E
0673
06B2
06FB
074F
07AD
0816
0889
0907
098F
0A21
0ABD
0B63
0C13
0CCC
0D8E
0E59
0F2C
1007
10EA
11D5
12C6
13BD
14BB
15BD
16C5
17D1
18E0
19F2
1B07
1C1E
1D35
1E4D
1F65
207D
2192
22A6
23B6
24C3
25CB
26CF
27CC
28C4
29B5
2A9E
2B7F
2C57
2D25
2DEA
2EA4
2F53
2FF6
308E
3118
3196
3206
3268
32BC
3302
3339
3360
3379
3381
337A
3364
333D
3306
32C0
3269
3203
318D
3106
3070
2FCB
2F17
2E54
2D83
2CA4
2BB7
2ABD
29B6
28A3
2784
265A
2525
23E6
229E
214C
1FF3
1E91
1D29
1BBB
1A47
18CE
1751
15D1
144E
12CA
1145
0FBF
0E3A
0CB7
0B36
09B7
083C
06C6
0555
03EA
0286
0129
FFD4
FE89
FD46
FC0E
FAE0
F9BE
F8A7
F79D
F6A0
F5B0
F4CE
F3FA
F335
F27E
F1D7
F140
F0B8
F040
EFD9
EF82
EF3B
EF05
EEDF
EECA
EEC5
EED1
EEED
EF1A
EF56
EFA3
EFFE
F069
F0E3
F16C
F203
F2A7
F359
F418
F4E3
F5B9
F69C
F788
F87F
F97F
FA89
FB9A
FCB3
FDD2
FEF8
0023
0153
0287
03BE
04F8
0633
0770
08AC
09E8
0B23
0C5C
0D93
0EC6
0FF5
111F
1244
1363
147B
158C
1695
1795
188D
197B
1A5E
1B37
1C06
1CC8
1D7F
1E2A
1EC8
1F59
1FDD
2054
20BD
2118
2165
21A4
21D5
21F7
220B
2212
2209
21F3
21CF
219C
215C
210E
20B2
204A
1FD4
1F52
1EC4
1E2A
1D84
1CD3
1C18
1B52
1A83
19AA
18C9
17DF
16EE
15F5
14F6
13F1
12E7
11D7
10C4
0FAC
0E92
0D75
0C56
0B36
0A15
08F4
07D4
06B4
0596
047A
0360
0249
0136
0027
FF1D
FE18
FD18
FC1D
FB2A
FA3C
F956
F877
F7A0
F6D1
F60A
F54B
F495
F3E8
F344
F2AA
F218
F190
F112
F09D
F032
EFD1
EF79
EF2A
EEE5
EEAA
EE78
EE4F
EE30
EE19
EE0B
EE06
EE09
EE15
EE28
EE43
EE65
EE8E
EEBE
EEF5
EF32
EF75
EFBD
F00B
F05D
F0B4
F110
F16F
F1D2
F238
F2A1
F30D
F37B
F3EB
F45C
F4CF
F543
F5B8
F62E
F6A3
F719
F78E
F803
F877
F8EA
F95C
F9CD
FA3C
FAA9
FB14
FB7D
FBE4
FC48
FCAB
FD0A
FD67
FDC1
FE19
FE6D
FEBF
FF0E
FF5A
FFA3
FFE9
002C
006E
00AC
00E8
0122
0159
018D
01BF
01EF
021C
0247
0270
0297
02BC
02DF
0300
031F
033D
0359
0373
038C
03A3
03B9
03CE
03E1
03F3
0404
0413
0421
042E
043A
0445
044E
0456
045C
0461
0466
0469
046B
046B
046B
0469
0466
0461
045B
0453
044A
043F
0432
0424
0413
0401
03EC
03D5
03BC
03A1
0383
0363
0340
031A
02F2
02C7
0299
0269
0236
01FD
01C1
0182
0140
00FC
00B5
006B
001E
FFCF
FF7D
FF29
FED2
FE79
FE1E
FDC1
FD62
FD02
FCA0
FC3C
FBD8
FB72
FB0C
FAA5
FA3E
F9D6
F96F
F908
F8A2
F83D
F7D9
F776
F715
F6B5
F657
F5FC
F5A4
F54E
F4FC
F4AD
F462
F41B
F3D9
F39A
F361
F32D
F2FE
F2D4
F2B0
F291
F279
F266
F25A
F254
F254
F25B
F269
F27D
F297
F2B8
F2E0
F30F
F344
F37F
F3C1
F40B
F45A
F4B0
F50C
F56D
F5D4
F640
F6B1
F727
F7A2
F820
F8A3
F929
F9B3
FA40
FACF
FB61
FBF4
FC89
FD1F
FDB6
FE4E
FEE5
FF7C
0012
00A7
013B
01CC
025B
02E7
0371
03F6
0478
04F6
056F
05E3
0653
06BD
0721
0780
07D8
082A
0876
08BA
08F9
0930
0960
0989
09AA
09C5
09D8
09E4
09E9
09E7
09DD
09CD
09B6
0998
0974
0949
0918
08E1
08A5
0863
081B
07CE
077C
0726
06CD
0670
0610
05AD
0548
04E1
0479
0410
03A5
033B
02D0
0266
01FC
0193
012C
00C7
0064
0004
FFA6
FF4B
FEF4
FEA0
FE50
FE05
FDBD
FD7A
FD3C
FD03
FCCE
FC9E
FC74
FC4E
FC2E
FC13
FBFD
FBED
FBE1
FBDA
FBD8
FBDA
FBE1
FBEC
FBFB
FC0D
FC23
FC3C
FC57
FC75
FC95
FCB7
FCDA
FCFE
FD22
FD47
FD6A
FD8E
FDAF
FDD0
FDEE
FE09
FE22
FE38
FE4A
FE58
FE61
FE65
FE63
FE5C
FE4F
FE3B
FE20
FDFE
FDD5
FDA5
FD6C
FD2C
FCE4
FC94
FC3C
FBDB
FB72
FB01
FA88
FA07
F97E
F8EE
F855
F7B6
F710
F663
F5AF
F4F6
F438
F374
F2AC
F1E0
F111
F03E
EF69
EE92
EDBA
ECE1
EC09
EB31
EA5B
E987
E8B7
E7EA
E722
E65E
E5A1
E4EB
E43C
E396
E2F9
E265
E1DC
E15E
E0EB
E086
E02D
DFE2
DFA5
DF77
DF59
DF4B
DF4D
DF5F
DF83
DFB8
DFFE
E056
E0C0
E13D
E1CB
E26B
E31E
E3E3
E4B9
E5A2
E69C
E7A7
E8C2
E9EE
EB2B
EC76
EDD1
EF39
F0B0
F233
F3C3
F55E
F703
F8B3
FA6B
FC2B
FDF2
FFBF
0190
0366
053F
0719
08F4
0ACE
0CA7
0E7E
1050
121E
13E6
15A7
175F
190E
1AB3
1C4D
1DDA
1F5A
20CB
222D
237F
24C0
25EE
270B
2814
2908
29E8
2AB3
2B68
2C07
2C8E
2CFD
2D55
2D96
2DBF
2DCF
2DC8
2DA9
2D72
2D23
2CBD
2C3F
2BAB
2B00
2A3F
2969
287D
277E
266B
2545
240D
22C4
216B
2003
1E8C
1D08
1B78
19DC
1837
1689
14D3
1316
1155
0F8F
0DC6
0BFC
0A31
0867
069F
04DA
031A
015F
FFAA
FDFD
FC5A
FAC0
F931
F7AE
F638
F4D0
F377
F22E
F0F5
EFCD
EEB6
EDB2
ECC2
EBE4
EB1B
EA66
E9C6
E93A
E8C4
E863
E819
E7E5
E7C5
E7BC
E7C7
E7E7
E81B
E864
E8C1
E931
E9B4
EA49
EAEF
EBA7
EC6E
ED45
EE2B
EF1E
F01E
F12A
F241
F362
F48B
F5BD
F6F6
F834
F977
FABE
FC08
FD53
FE9F
FFE9
0132
0279
03BB
04F9
0631
0762
088C
09AE
0AC6
0BD4
0CD7
0DCE
0EBA
0F98
1068
112B
11DF
1283
1319
139E
1413
1478
14CD
1511
1544
1566
1578
1579
1569
154A
151A
14DA
148A
142A
13BC
1340
12B6
121F
117B
10CC
1011
0F4C
0E7C
0DA4
0CC4
0BDC
0AED
09F9
08FF
0801
0700
05FC
04F7
03F1
02EA
01E4
00E0
FFDE
FEDF
FDE4
FCEE
FBFD
FB11
FA2C
F94F
F879
F7AB
F6E6
F62A
F577
F4CF
F430
F39D
F314
F296
F223
F1BC
F160
F10F
F0C9
F08F
F060
F03C
F023
F014
F010
F016
F025
F03E
F05F
F089
F0BC
F0F5
F136
F17D
F1CA
F21D
F275
F2D1
F330
F393
F3F8
F45F
F4C7
F530
F599
F602
F669
F6CF
F732
F793
F7F1
F84B
F8A0
F8F2
F93E
F985
F9C6
FA02
FA37
FA66
FA8E
FAB0
FACA
FADE
FAEA
FAF0
FAEE
FAE5
FAD6
FABF
FAA2
FA7F
FA55
FA26
F9F1
F9B8
F979
F937
F8F1
F8A7
F85B
F80C
F7BC
F76B
F719
F6C7
F676
F627
F5D9
F58E
F546
F501
F4C2
F487
F452
F423
F3FB
F3DA
F3C1
F3B0
F3A8
F3AA
F3B4
F3C9
F3E8
F411
F446
F485
F4D0
F526
F588
F5F5
F66E
F6F3
F784
F81F
F8C7
F979
FA37
FAFF
FBD1
FCAE
FD94
FE83
FF7B
007A
0181
028F
03A3
04BD
05DB
06FD
0822
094A
0A73
0B9D
0CC7
0DEF
0F16
1039
1159
1274
138A
1499
15A0
16A0
1796
1882
1963
1A38
1B01
1BBD
1C6B
1D0A
1D9A
1E1A
1E89
1EE7
1F34
1F6F
1F97
1FAC
1FAF
1F9C
1F76
1F3D
1EF0
1E8F
1E1B
1D93
1CF8
1C4A
1B8A
1AB6
19D1
18DB
17D3
16BA
1592
145B
1315
11C1
1060
0EF3
0D7B
0BF9
0A6D
08DA
073E
059D
03F7
024C
009F
FEF0
FD41
FB91
F9E3
F838
F692
F4F0
F355
F1C2
F038
EEB8
ED42
EBD9
EA7D
E92E
E7EF
E6C0
E5A2
E495
E39B
E2B4
E1E1
E123
E07A
DFE6
DF69
DF02
DEB2
DE79
DE57
DE4D
DE5B
DE80
DEBD
DF12
DF7F
E003
E09E
E14F
E215
E2F2
E3E3
E4E8
E601
E72C
E869
E9B8
EB17
EC85
EE02
EF8C
F122
F2C4
F46F
F624
F7E1
F9A4
FB6D
FD3A
FF0A
00DC
02AE
0480
0650
081E
09E7
0BAC
0D6A
0F22
10D0
1275
140F
159C
171E
1891
19F5
1B4A
1C8F
1DC2
1EE4
1FF3
20EF
21D7
22AB
236A
2414
24A9
2528
2592
25E6
2623
264B
265E
265A
2641
2613
25D0
2579
250D
248E
23FD
2359
22A4
21DD
2107
2021
1F2C
1E2A
1D1B
1C00
1ADA
19AB
1872
1731
15EA
149C
134A
11F4
109B
0F41
0DE6
0C8C
0B33
09DD
088A
073C
05F3
04B1
0376
0243
0119
FFF9
FEE3
FDD9
FCDB
FBEA
FB07
FA31
F96A
F8B1
F809
F770
F6E7
F66F
F607
F5B0
F56A
F536
F512
F4FF
F4FD
F50C
F52C
F55C
F59C
F5EB
F64A
F6B8
F734
F7BE
F856
F8FA
F9A9
FA64
FB29
FBF8
FCD0
FDB1
FE99
FF88
007E
0178
0277
0379
047F
0586
068E
0797
089F
09A6
0AAB
0BAD
0CAC
0DA6
0E9C
0F8C
1075
1158
1233
1306
13D0
1492
154A
15F7
169A
1732
17BF
1841
18B7
1921
197F
19D2
1A18
1A51
1A7F
1AA1
1AB6
1AC0
1ABE
1AB1
1A98
1A74
1A46
1A0D
19CB
197F
1929
18CC
1866
17F8
1783
1708
1686
15FF
1573
14E3
1450
13BA
1321
1286
11EA
114D
10B1
1014
0F79
0EDF
0E48
0DB3
0D21
0C93
0C09
0B84
0B04
0A8A
0A15
09A6
093E
08DD
0883
0830
07E5
07A1
0766
0732
0706
06E2
06C7
06B3
06A7
06A3
06A7
06B2
06C5
06DF
0700
0727
0756
078A
07C4
0803
0848
0891
08DE
092F
0983
09DA
0A34
0A8F
0AEC
0B49
0BA7
0C05
0C62
0CBE
0D18
0D70
0DC5
0E17
0E65
0EAF
0EF3
0F31
0F6A
0F9D
0FCA
0FEF
100E
1025
1033
103A
1038
102E
101A
0FFD
0FD6
0FA6
0F6C
0F28
0EDB
0E82
0E20
0DB4
0D3D
0CBD
0C32
0B9D
0AFF
0A57
09A5
08EA
0826
0758
0683
05A4
04BE
03D0
02DB
01DE
00DB
FFD1
FEC2
FDAD
FC92
FB74
FA51
F92A
F800
F6D3
F5A3
F472
F33F
F20B
F0D7
EFA3
EE6F
ED3C
EC0A
EADA
E9AC
E881
E75A
E635
E515
E3F9
E2E3
E1D2
E0C7
DFC1
DEC2
DDC9
DCD7
DBED
DB09
DA2E
D95A
D88F
D7CC
D713
D662
D5BA
D51C
D488
D3FD
D37D
D306
D29A
D238
D1E1
D194
D152
D11B
D0EF
D0CD
D0B7
D0AB
D0AB
D0B5
D0CA
D0EA
D116
D14C
D18D
D1D9
D230
D292
D2FE
D375
D3F7
D483
D519
D5BA
D665
D719
D7D8
D8A0
D972
DA4D
DB32
DC20
DD16
DE16
DF1E
E02E
E147
E268
E390
E4C0
E5F7
E735
E879
E9C4
EB16
EC6D
EDCB
EF2E
F096
F203
F375
F4EC
F666
F7E4
F964
FAE8
FC6F
FDF7
FF81
010C
0298
0424
05B0
073B
08C6
0A4E
0BD5
0D5A
0EDB
1059
11D3
1349
14B9
1624
1789
18E8
1A40
1B90
1CD9
1E19
1F50
207E
21A2
22BC
23CB
24D0
25C8
26B5
2795
2869
2930
29E9
2A94
2B32
2BC1
2C42
2CB4
2D17
2D6B
2DB0
2DE5
2E0A
2E20
2E27
2E1D
2E04
2DDC
2DA3
2D5B
2D04
2C9E
2C28
2BA4
2B11
2A70
29C1
2904
283A
2763
2680
2591
2496
2390
2280
2166
2043
1F18
1DE4
1CA9
1B67
1A1F
18D2
1780
162A
14D1
1376
121A
10BC
0F5E
0E01
0CA5
0B4C
09F5
08A3
0755
060B
04C8
038C
0256
0129
0004
FEE8
FDD6
FCCE
FBD0
FADE
F9F8
F91E
F851
F791
F6DE
F638
F5A1
F518
F49D
F431
F3D3
F384
F344
F312
F2F0
F2DC
F2D7
F2E0
F2F8
F31E
F352
F394
F3E3
F43F
F4A8
F51E
F59F
F62B
F6C2
F763
F80E
F8C3
F97F
FA44
FB10
FBE2
FCBB
FD98
FE7B
FF61
004A
0136
0223
0311
0400
04ED
05D9
06C3
07AB
088F
096F
0A4B
0B22
0BF3
0CBD
0D81
0E3D
0EF1
0F9C
103F
10D8
1168
11EE
1269
12D9
133F
1399
13E7
142B
1462
148E
14AE
14C2
14CA
14C7
14B8
149D
1477
1446
1409
13C2
1371
1315
12B0
1241
11C9
1149
10C0
1030
0F98
0EF9
0E55
0DAA
0CFA
0C45
0B8C
0ACF
0A0F
094C
0887
07C1
06F9
0632
056A
04A3
03DD
0318
0256
0196
00DA
0022
FF6E
FEBE
FE13
FD6D
FCCD
FC33
FB9F
FB12
FA8B
FA0C
F993
F922
F8B9
F857
F7FD
F7AA
F760
F71D
F6E2
F6AF
F684
F660
F644
F62F
F621
F61A
F61A
F621
F62E
F641
F65B
F679
F69D
F6C6
F6F3
F725
F75A
F793
F7CF
F80E
F850
F893
F8D9
F920
F969
F9B2
F9FC
FA47
FA91
FADB
FB24
FB6D
FBB5
FBFB
FC40
FC83
FCC4
FD04
FD40
FD7B
FDB3
FDE8
FE1B
FE4B
FE77
FEA1
FEC7
FEEA
FF0A
FF27
FF41
FF57
FF6A
FF7B
FF89
FF93
FF9C
FFA2
FFA5
FFA7
FFA7
FFA4
FFA1
FF9C
FF95
FF8E
FF86
FF7D
FF75
FF6B
FF62
FF59
FF51
FF49
FF43
FF3E
FF39
FF36
FF35
FF34
FF35
FF38
FF3C
FF42
FF4A
FF53
FF5F
FF6C
FF7A
FF8B
FF9D
FFB1
FFC6
FFDD
FFF5
000E
0029
0044
0061
007D
009B
00B8
00D6
00F3
0110
012D
0149
0164
017E
0196
01AD
01C3
01D6
01E7
01F5
0200
0209
020E
020F
020E
0208
01FE
01F0
01DE
01C7
01AC
018C
0167
013D
010F
00DB
00A3
0066
0024
FFDD
FF91
FF41
FEED
FE93
FE36
FDD4
FD6F
FD07
FC9C
FC2E
FBBE
FB4C
FAD8
FA62
F9EC
F975
F8FD
F886
F80F
F799
F725
F6B2
F642
F5D4
F569
F502
F49F
F440
F3E6
F391
F342
F2F9
F2B6
F27A
F246
F218
F1F1
F1D3
F1BE
F1B1
F1AC
F1B1
F1C0
F1D7
F1F9
F224
F258
F296
F2DF
F330
F38C
F3F1
F45F
F4D7
F557
F5E0
F672
F70C
F7AE
F858
F908
F9C0
FA7D
FB41
FC09
FCD6
FDA8
FE7D
FF55
002F
010B
01E8
02C6
03A3
047F
055A
0633
0708
07DB
08A9
0972
0A35
0AF2
0BA9
0C58
0CFF
0D9D
0E33
0EBE
0F40
0FB6
1022
1082
10D6
111D
1158
1186
11A7
11BA
11BF
11B6
119F
117A
1147
1106
10B8
105B
0FF1
0F7A
0EF5
0E64
0DC7
0D1D
0C68
0BA7
0ADC
0A07
0928
0840
0750
0659
055A
0456
034B
023D
012A
0014
FEFC
FDE3
FCC9
FBB0
FA96
F97E
F86A
F759
F64D
F546
F445
F34C
F25B
F172
F093
EFBE
EEF4
EE36
ED84
ECDF
EC48
EBBE
EB43
EAD7
EA7B
EA2E
E9F1
E9C5
E9A9
E99F
E9A5
E9BD
E9E5
EA1F
EA69
EAC5
EB31
EBAE
EC3B
ECD9
ED85
EE41
EF0C
EFE5
F0CC
F1C0
F2C0
F3CC
F4E4
F605
F731
F865
F9A1
FAE4
FC2E
FD7C
FED0
0026
0180
02DA
0436
0591
06EB
0842
0996
0AE6
0C31
0D76
0EB5
0FEC
111A
123E
1358
1467
1569
165F
1748
1822
18EE
19AB
1A57
1AF3
1B7E
1BF9
1C61
1CB8
1CFC
1D2E
1D4E
1D5A
1D55
1D3C
1D11
1CD3
1C83
1C20
1BAC
1B25
1A8E
19E5
192C
1863
178B
16A3
15AD
14AA
1399
127B
1152
101E
0EE0
0D98
0C48
0AF0
0991
082C
06C1
0553
03E1
026C
00F6
FF7F
FE08
FC92
FB1E
F9AC
F83F
F6D5
F571
F412
F2BA
F16A
F021
EEE1
EDAA
EC7E
EB5C
EA45
E93A
E83B
E748
E662
E58A
E4BF
E403
E354
E2B4
E222
E19F
E12B
E0C5
E06F
E027
DFED
DFC2
DFA6
DF98
DF98
DFA6
DFC1
DFE9
E01E
E060
E0AD
E106
E16A
E1D9
E252
E2D5
E361
E3F6
E492
E537
E5E3
E695
E74D
E80A
E8CD
E993
EA5D
EB2B
EBFB
ECCD
EDA1
EE76
EF4B
F020
F0F5
F1CA
F29D
F36E
F43D
F50A
F5D4
F69A
F75E
F81E
F8DA
F992
FA45
FAF4
FB9F
FC44
FCE5
FD80
FE17
FEA8
FF34
FFBB
003D
00BA
0131
01A4
0212
027C
02E1
0341
039E
03F6
044A
049B
04E9
0533
057A
05BF
0601
0641
067F
06BB
06F7
0731
076A
07A2
07DA
0811
0849
0880
08B8
08F1
092B
0965
09A0
09DD
0A1B
0A5B
0A9D
0AE0
0B25
0B6D
0BB6
0C01
0C4F
0C9E
0CF0
0D43
0D99
0DF1
0E4B
0EA7
0F04
0F63
0FC4
1025
1089
10ED
1152
11B8
121F
1286
12ED
1354
13BB
1421
1487
14EC
154F
15B2
1612
1671
16CE
1728
1780
17D5
1828
1877
18C2
190A
194E
198E
19CA
1A01
1A34
1A61
1A89
1AAB
1AC9
1AE2
1AF5
1B02
1B0A
1B0C
1B08
1AFF
1AEF
1ADA
1ABF
1A9D
1A76
1A49
1A16
19DD
199E
1959
190E
18BE
1868
180C
17AB
1745
16D9
1668
15F2
1578
14F8
1473
13EA
135C
12CA
1234
119A
10FC
105B
0FB6
0F0F
0E64
0DB7
0D08
0C56
0BA1
0AEC
0A34
097B
08C1
0805
0749
068D
05D0
0512
0455
0398
02DC
0220
0165
00AB
FFF2
FF3B
FE85
FDD2
FD20
FC70
FBC2
FB17
FA6F
F9C9
F927
F887
F7EB
F753
F6BE
F62D
F5A0
F518
F494
F414
F399
F324
F2B3
F247
F1E1
F180
F125
F0D0
F080
F037
EFF4
EFB7
EF80
EF50
EF27
EF04
EEE9
EED4
EEC6
EEBF
EEBF
EEC6
EED5
EEEA
EF07
EF2A
EF55
EF87
EFBF
EFFF
F045
F092
F0E5
F140
F1A0
F207
F273
F2E6
F35F
F3DD
F460
F4E8
F576
F608
F69F
F739
F7D8
F87A
F91F
F9C8
FA74
FB22
FBD3
FC85
FD39
FDEF
FEA5
FF5B
0012
00C9
017F
0234
02E8
039A
044A
04F8
05A3
064B
06EF
078F
082B
08C2
0954
09E2
0A69
0AEB
0B66
0BDB
0C49
0CB0
0D10
0D68
0DB8
0E00
0E41
0E79
0EA9
0ED0
0EEF
0F05
0F12
0F17
0F14
0F08
0EF3
0ED6
0EB0
0E82
0E4C
0E0F
0DC9
0D7C
0D27
0CCC
0C69
0C00
0B91
0B1C
0AA1
0A20
099B
0912
0884
07F2
075C
06C3
0628
058A
04E9
0448
03A5
0302
025E
01BA
0117
0075
FFD4
FF35
FE99
FDFF
FD68
FCD4
FC44
FBB8
FB31
FAAE
FA31
F9B8
F946
F8D9
F872
F812
F7B8
F765
F719
F6D3
F695
F65D
F62D
F604
F5E3
F5C8
F5B5
F5A9
F5A4
F5A6
F5AF
F5BF
F5D5
F5F2
F615
F63F
F66E
F6A4
F6DE
F71E
F763
F7AD
F7FC
F84E
F8A5
F8FF
F95C
F9BD
FA20
FA85
FAED
FB56
FBC1
FC2E
FC9B
FD09
FD78
FDE7
FE56
FEC5
FF33
FFA1
000E
007A
00E5
014E
01B6
021D
0282
02E5
0346
03A5
0403
045E
04B8
050F
0565
05B9
060B
065C
06AA
06F7
0743
078D
07D7
081F
0867
08AE
08F5
093C
0982
09C8
0A0F
0A56
0A9E
0AE6
0B30
0B7B
0BC7
0C14
0C63
0CB4
0D07
0D5B
0DB2
0E0B
0E67
0EC4
0F24
0F87
0FEC
1053
10BC
1128
1196
1207
1279
12EE
1365
13DE
1458
14D4
1551
15CE
164D
16CC
174B
17CA
1848
18C5
1942
19BC
1A34
1AAA
1B1D
1B8D
1BF9
1C61
1CC4
1D22
1D7B
1DCE
1E1B
1E60
1E9E
1ED4
1F01
1F27
1F44
1F57
1F62
1F62
1F59
1F45
1F27
1EFD
1EC9
1E8A
1E3F
1DE9
1D87
1D1A
1CA1
1C1D
1B8D
1AF2
1A4B
1999
18DC
1814
1742
1665
157F
148F
1395
1293
1189
1076
0F5C
0E3C
0D15
0BE8
0AB7
0981
0847
070A
05CB
048A
0349
0207
00C6
FF86
FE48
FD0D
FBD5
FAA2
F974
F84C
F72A
F60F
F4FD
F3F3
F2F2
F1FC
F110
F02F
EF5A
EE92
EDD7
ED29
EC89
EBF7
EB74
EAFF
EA9A
EA44
E9FE
E9C7
E9A1
E98A
E984
E98D
E9A7
E9D0
EA09
EA52
EAAB
EB12
EB88
EC0C
EC9F
ED3F
EDEC
EEA6
EF6C
F03D
F119
F200
F2F0
F3E9
F4E9
F5F0
F6FF
F812
F92B
FA48
FB68
FC8B
FDB0
FED6
FFFC
0121
0244
0366
0484
059F
06B5
07C6
08D1
09D6
0AD3
0BC9
0CB6
0D9A
0E75
0F45
100C
10C7
1177
121C
12B4
1341
13BF
1431
1497
14EF
153B
157A
15AC
15D1
15E9
15F6
15F6
15EA
15D2
15AF
1580
1547
1504
14B7
1461
1402
139B
132C
12B6
1239
11B6
112E
10A1
1011
0F7C
0EE5
0E4C
0DB1
0D15
0C79
0BDD
0B42
0AA9
0A12
097E
08ED
0860
07D7
0753
06D4
065B
05E7
057A
0514
04B4
045C
040B
03C1
0380
0345
0313
02E8
02C5
02AA
0297
028B
0286
0289
0293
02A3
02BA
02D7
02F9
0321
034E
0380
03B6
03EF
042B
046B
04AC
04EF
0534
0579
05BF
0604
0648
068B
06CC
070B
0747
0780
07B5
07E6
0813
083A
085C
0879
088F
08A0
08A9
08AC
08A8
089C
0889
086E
084C
0822
07F1
07B8
0778
0731
06E2
068D
0630
05CE
0565
04F6
0482
0409
038C
030A
0284
01FB
016F
00E1
0052
FFC1
FF30
FE9F
FE0E
FD7F
FCF2
FC67
FBDE
FB58
FAD7
FA5B
F9E3
F972
F907
F8A3
F846
F7F1
F7A5
F761
F726
F6F5
F6CE
F6B1
F69E
F696
F698
F6A6
F6BE
F6E2
F711
F74A
F78F
F7DF
F839
F89E
F90D
F986
FA09
FA95
FB28
FBC4
FC68
FD14
FDC6
FE7F
FF3D
0001
00C9
0195
0265
0337
040A
04DF
05B4
0689
075C
082E
08FD
09C9
0A90
0B53
0C11
0CC8
0D78
0E21
0EC2
0F5A
0FE9
106E
10E9
1159
11BD
1215
1261
12A2
12D6
12FD
1317
1324
1325
1318
12FF
12D8
12A4
1264
1218
11BF
115A
10EA
106E
0FE8
0F58
0EBE
0E1A
0D6F
0CBB
0C01
0B3F
0A79
09AD
08DD
080A
0735
065E
0588
04B1
03DC
0309
0239
016C
00A5
FFE3
FF27
FE73
FDC6
FD23
FC89
FBF9
FB74
FAFA
FA8D
FA2D
F9DA
F995
F95E
F936
F91C
F912
F918
F92D
F952
F987
F9CC
FA21
FA85
FAFB
FB81
FC15
FCB9
FD6B
FE2C
FEFB
FFD6
00BF
01B4
02B4
03BF
04D4
05F2
0719
0848
097D
0AB9
0BF9
0D3D
0E85
0FCF
1119
1264
13AE
14F6
163C
177D
18BA
19F1
1B21
1C49
1D69
1E7E
1F8A
208A
217E
2265
233E
2409
24C5
2571
260D
2698
2713
277B
27D2
2817
2849
2869
2876
2871
2859
282E
27F1
27A1
2740
26CC
2648
25B2
250C
2455
2390
22BB
21D9
20E9
1FED
1EE5
1DD2
1CB4
1B8E
1A5F
1928
17EA
16A7
155F
1414
12C5
1175
1024
0ED3
0D83
0C34
0AE9
09A2
085F
0722
05EC
04BD
0395
0277
0163
0059
FF59
FE66
FD7F
FCA5
FBD9
FB1B
FA6B
F9CA
F937
F8B4
F841
F7DC
F788
F743
F70E
F6E9
F6D3
F6CC
F6D5
F6ED
F713
F748
F78A
F7DB
F838
F8A2
F918
F99A
FA26
FABE
FB5E
FC08
FCBB
FD75
FE37
FEFE
FFCC
009F
0176
0251
032E
040E
04F0
05D2
06B5
0797
0879
0958
0A36
0B11
0BE9
0CBD
0D8D
0E59
0F1F
0FE1
109C
1152
1202
12AB
134E
13EA
147F
150E
1596
1616
1690
1704
1771
17D7
1837
1891
18E5
1933
197C
19C0
19FE
1A39
1A6E
1AA0
1ACE
1AF9
1B21
1B47
1B6A
1B8B
1BAB
1BC9
1BE6
1C03
1C20
1C3D
1C5A
1C77
1C95
1CB5
1CD5
1CF7
1D1A
1D41
1D69
1D93
1DBF
1DEC
1E1C
1E4D
1E80
1EB4
1EEA
1F20
1F57
1F8F
1FC7
1FFF
2037
206E
20A3
20D6
2108
2136
2162
2189
21AC
21CB
21E4
21F7
2203
2209
2206
21FC
21E8
21CB
21A5
2174
2138
20F0
209D
203D
1FD1
1F57
1ED1
1E3C
1D9A
1CE9
1C2A
1B5D
1A81
1996
189D
1796
1680
155C
1429
12EA
119C
1042
0EDB
0D67
0BE8
0A5E
08CA
072B
0584
03D3
021A
005A
FE95
FCCA
FAFB
F92A
F756
F581
F3AC
F1D8
F006
EE37
EC6C
EAA7
E8E8
E731
E582
E3DD
E243
E0B4
DF32
DDBE
DC59
DB03
D9BE
D88B
D76A
D65C
D561
D47B
D3AB
D2F0
D24B
D1BD
D147
D0E7
D09F
D06F
D057
D057
D06F
D09E
D0E5
D144
D1B9
D245
D2E8
D39F
D46C
D54E
D642
D74A
D864
D98E
DAC9
DC13
DD6B
DECF
E03F
E1BA
E33E
E4CA
E65D
E7F6
E993
EB34
ECD5
EE77
F017
F1B5
F34E
F4E3
F670
F7F6
F972
FAE4
FC4A
FDA3
FEEE
002A
0156
0270
0379
046E
0550
061D
06D5
0777
0803
0878
08D6
091C
094A
0961
0960
0946
0914
08CB
086A
07F2
0764
06BF
0605
0536
0453
035D
0253
0138
000C
FED1
FD86
FC2E
FACA
F95A
F7E0
F65D
F4D3
F343
F1AE
F015
EE7B
ECDF
EB44
E9AC
E816
E686
E4FB
E377
E1FB
E089
DF22
DDC8
DC7B
DB3D
DA0F
D8F1
D7E5
D6EB
D604
D532
D473
D3CA
D337
D2BA
D253
D203
D1C9
D1A7
D19C
D1A7
D1CA
D203
D253
D2B8
D333
D3C3
D467
D51F
D5EA
D6C6
D7B4
D8B2
D9BF
DADB
DC04
DD38
DE78
DFC2
E114
E26E
E3CD
E531
E699
E803
E96D
EAD7
EC3F
EDA4
EF04
F05F
F1B2
F2FE
F43F
F577
F6A2
F7C1
F8D1
F9D3
FAC6
FBA7
FC77
FD34
FDDE
FE74
FEF6
FF64
FFBD
0000
002E
0047
0049
0037
000E
FFD0
FF7D
FF16
FE99
FE09
FD66
FCB0
FBE8
FB0F
FA25
F92C
F824
F70F
F5ED
F4C0
F389
F249
F100
EFB2
EE5E
ED04
EBA9
EA4B
E8EE
E793
E63A
E4E5
E396
E24D
E10C
DFD5
DEA8
DD87
DC73
DB6D
DA77
D990
D8BB
D7F7
D747
D6AB
D622
D5B0
D553
D50C
D4DC
D4C3
D4C2
D4D9
D507
D54D
D5AB
D620
D6AD
D751
D80C
D8DE
D9C7
DAC5
DBD8
DD00
DE3B
DF8A
E0EA
E25C
E3DD
E56E
E70C
E8B8
EA6F
EC30
EDFB
EFCD
F1A6
F384
F566
F74A
F930
FB15
FCF9
FED9
00B6
028C
045C
0622
07DE
0990
0B36
0CCF
0E59
0FD4
113F
1299
13E0
1514
1635
1740
1837
1917
19E1
1A95
1B30
1BB4
1C21
1C75
1CB1
1CD4
1CDF
1CD3
1CAE
1C72
1C1E
1BB3
1B32
1A9A
19EE
192C
1856
176D
1671
1564
1445
1317
11DB
1090
0F38
0DD5
0C67
0AF0
0971
07EA
065D
04CB
0336
019E
0005
FE6C
FCD4
FB3D
F9AA
F81C
F692
F50F
F394
F221
F0B7
EF57
EE02
ECBB
EB80
EA53
E933
E821
E71F
E62C
E54A
E477
E3B5
E305
E265
E1D7
E15A
E0EF
E096
E04E
E018
DFF3
DFDF
DFDC
DFEA
E008
E036
E073
E0C0
E11B
E185
E1FC
E280
E310
E3AC
E455
E507
E5C4
E689
E757
E82D
E909
E9EB
EAD3
EBC0
ECB0
EDA4
EE9A
EF92
F08C
F186
F280
F379
F471
F568
F65C
F74D
F83B
F925
FA0C
FAEE
FBCB
FCA3
FD76
FE43
FF0A
FFCC
0087
013D
01EC
0296
0339
03D5
046C
04FD
0588
060E
068D
0708
077D
07ED
0859
08C0
0924
0983
09DF
0A37
0A8D
0AE0
0B31
0B81
0BCE
0C1A
0C66
0CB1
0CFB
0D46
0D91
0DDC
0E29
0E77
0EC6
0F17
0F6A
0FBE
1014
106D
10C8
1126
1186
11E8
124E
12B6
1320
138E
13FE
1470
14E5
155D
15D6
1652
16CF
174E
17CF
1850
18D3
1956
19DA
1A5E
1AE2
1B65
1BE8
1C6A
1CEA
1D68
1DE4
1E5C
1ED2
1F45
1FB3
201E
2083
20E5
2141
2197
21E8
2233
2278
22B6
22EE
231F
2349
236C
2387
239B
23A8
23AD
23AA
23A0
238E
2374
2353
232B
22FC
22C7
228A
2246
21FC
21AB
2154
20F6
2093
202A
1FBC
1F49
1ED1
1E54
1DD4
1D4F
1CC8
1C3D
1BAF
1B1F
1A8D
19F9
1964
18CE
1837
17A0
170A
1674
15DE
154A
14B8
1427
139A
1310
1289
1205
1184
1107
108E
1018
0FA7
0F3A
0ED2
0E6E
0E0F
0DB5
0D5F
0D0F
0CC3
0C7C
0C3A
0BFD
0BC5
0B91
0B62
0B38
0B12
0AF0
0AD2
0AB9
0AA3
0A90
0A81
0A75
0A6E
0A69
0A66
0A66
0A67
0A6A
0A6E
0A74
0A7A
0A81
0A87
0A8E
0A95
0A9B
0AA1
0AA6
0AA9
0AAB
0AAC
0AAB
0AA8
0AA3
0A9B
0A92
0A86
0A77
0A65
0A51
0A3A
0A20
0A02
09E2
09BF
0998
096E
0942
0912
08DF
08A9
0871
0835
07F7
07B6
0772
072C
06E4
0699
064C
05FD
05AC
055A
0506
04B0
0459
0401
03A8
034D
02F3
0297
023B
01DF
0182
0125
00C8
006A
000D
FFB0
FF53
FEF7
FE9B
FE40
FDE6
FD8C
FD34
FCDC
FC85
FC2F
FBDA
FB86
FB33
FAE1
FA8F
FA3F
F9EF
F9A0
F952
F905
F8B8
F86B
F820
F7D4
F78A
F73F
F6F5
F6AB
F661
F617
F5CD
F584
F53A
F4F0
F4A5
F45B
F410
F3C6
F37B
F330
F2E5
F29A
F24F
F205
F1BA
F170
F126
F0DD
F094
F04D
F006
EFC1
EF7C
EF3A
EEF9
EEBA
EE7D
EE42
EE0B
EDD5
EDA3
ED75
ED4B
ED24
ED01
ECE2
ECC8
ECB3
ECA2
EC96
EC90
EC90
EC95
ECA0
ECB2
ECCA
ECE9
ED0E
ED3B
ED6E
EDA9
EDEB
EE34
EE85
EEDD
EF3D
EFA4
F013
F089
F107
F18C
F217
F2AA
F344
F3E5
F48C
F539
F5EC
F6A4
F761
F824
F8EB
F9B6
FA84
FB56
FC2A
FD00
FDD8
FEB1
FF8B
0065
013E
0216
02EC
03C0
0491
055E
0627
06EB
07AA
0862
0914
09BE
0A61
0AFB
0B8C
0C13
0C91
0D03
0D6B
0DC6
0E16
0E59
0E8F
0EB8
0ED3
0EE0
0EDF
0ECF
0EB0
0E82
0E45
0DF9
0D9E
0D33
0CB9
0C30
0B97
0AEF
0A39
0974
08A0
07BE
06CF
05D2
04C8
03B1
028F
0161
0028
FEE5
FD99
FC43
FAE5
F980
F814
F6A1
F529
F3AC
F22B
F0A8
EF21
ED9A
EC12
EA89
E902
E77D
E5FA
E47B
E2FF
E189
E019
DEAF
DD4D
DBF2
DAA1
D959
D81B
D6E8
D5C0
D4A5
D396
D294
D1A1
D0BB
CFE4
CF1D
CE64
CDBB
CD22
CC99
CC21
CBB9
CB61
CB1A
CAE3
CABD
CAA7
CAA1
CAAC
CAC6
CAF0
CB2A
CB72
CBC9
CC2F
CCA2
CD23
CDB1
CE4C
CEF2
CFA3
D05F
D126
D1F6
D2CF
D3B1
D49B
D58D
D685
D783
D886
D98E
DA9B
DBAA
DCBD
DDD2
DEE9
E001
E119
E231
E348
E45F
E573
E686
E796
E8A3
E9AC
EAB2
EBB3
ECB0
EDA8
EE9B
EF88
F06F
F151
F22C
F302
F3D2
F49B
F55E
F61B
F6D1
F782
F82C
F8D0
F96E
FA06
FA99
FB26
FBAD
FC30
FCAE
FD27
FD9C
FE0C
FE79
FEE2
FF48
FFAB
000B
0069
00C4
011E
0176
01CE
0224
027A
02D0
0325
037B
03D0
0427
047E
04D6
052F
0589
05E4
0640
069E
06FD
075E
07C0
0823
0888
08EE
0955
09BD
0A26
0A8F
0AFA
0B65
0BCF
0C3A
0CA5
0D0F
0D78
0DE1
0E49
0EAE
0F12
0F74
0FD3
1030
1089
10DF
1131
117E
11C8
120C
124C
1286
12BA
12E9
1311
1333
134F
1363
1371
1377
1376
136D
135D
1345
1325
12FD
12CE
1297
1257
1210
11C1
116B
110D
10A8
103B
0FC8
0F4E
0ECD
0E47
0DBA
0D28
0C90
0BF4
0B53
0AAF
0A06
095B
08AC
07FB
0749
0694
05DF
052A
0474
03BE
030A
0257
01A5
00F6
004A
FFA0
FEFA
FE58
FDBA
FD21
FC8C
FBFD
FB73
FAEF
FA71
F9F9
F988
F91D
F8B9
F85C
F806
F7B7
F76F
F72E
F6F4
F6C1
F695
F670
F652
F63A
F628
F61C
F616
F616
F61A
F624
F632
F645
F65B
F675
F692
F6B1
F6D2
F6F5
F719
F73D
F761
F786
F7A9
F7CA
F7EA
F808
F823
F83A
F84E
F85E
F869
F86F
F870
F86B
F860
F84F
F837
F818
F7F2
F7C5
F790
F754
F70F
F6C4
F670
F614
F5B1
F545
F4D3
F459
F3D7
F34F
F2BF
F229
F18D
F0EB
F043
EF97
EEE5
EE2F
ED76
ECB9
EBFA
EB38
EA75
E9B1
E8ED
E828
E765
E6A3
E5E4
E527
E46E
E3B9
E309
E25E
E1B9
E11B
E085
DFF6
DF71
DEF4
DE81
DE19
DDBB
DD69
DD23
DCE9
DCBB
DC9B
DC87
DC82
DC8A
DCA1
DCC5
DCF8
DD3A
DD89
DDE8
DE55
DED0
DF59
DFF0
E095
E148
E208
E2D4
E3AD
E493
E584
E680
E787
E897
E9B0
EAD1
EBFA
ED2A
EE61
EF9D
F0DD
F222
F36A
F4B4
F5FF
F74B
F897
F9E2
FB2B
FC71
FDB4
FEF2
002B
015E
0289
03AE
04C9
05DC
06E4
07E2
08D5
09BE
0A99
0B68
0C29
0CDC
0D80
0E14
0E99
0F0F
0F74
0FC9
100D
1041
1063
1075
1076
1066
1045
1014
0FD2
0F81
0F1F
0EAE
0E2D
0D9E
0D01
0C56
0B9D
0AD8
0A07
092A
0843
0753
0659
0557
044D
033D
0225
0109
FFE8
FEC3
FD9B
FC71
FB46
FA1B
F8F0
F7C6
F69F
F57A
F459
F33D
F226
F115
F00B
EF08
EE0E
ED1D
EC34
EB57
EA83
E9BB
E8FF
E84E
E7AB
E714
E68B
E60F
E5A1
E541
E4F0
E4AD
E479
E453
E43C
E433
E439
E44E
E471
E4A2
E4E1
E52E
E588
E5F0
E664
E6E4
E771
E809
E8AC
E95A
EA12
EAD3
EB9D
EC70
ED4B
EE2C
EF15
F002
F0F5
F1EC
F2E8
F3E6
F4E8
F5EC
F6F1
F7F7
F8FD
FA03
FB09
FC0C
FD0E
FE0C
FF08
FFFF
00F3
01E2
02CB
03AF
048C
0563
0634
06FC
07BE
0877
0928
09D1
0A71
0B08
0B96
0C1A
0C93
0D04
0D6B
0DC8
0E1C
0E66
0EA7
0EDE
0F0B
0F2F
0F4A
0F5C
0F65
0F65
0F5C
0F4B
0F32
0F11
0EE9
0EB8
0E81
0E43
0DFE
0DB2
0D61
0D0A
0CAE
0C4C
0BE6
0B7B
0B0C
0A99
0A22
09A7
092A
08AA
0828
07A3
071E
0696
060E
0585
04FB
0471
03E7
035E
02D5
024D
01C5
0140
00BB
0039
FFB8
FF3A
FEBE
FE45
FDCE
FD5A
FCE9
FC7C
FC12
FBAB
FB48
FAE9
FA8D
FA36
F9E2
F992
F947
F900
F8BE
F87F
F846
F811
F7E0
F7B4
F78D
F76B
F74D
F735
F721
F712
F708
F703
F702
F707
F711
F71F
F733
F74B
F769
F78B
F7B2
F7DE
F80E
F844
F87E
F8BD
F900
F948
F994
F9E4
FA38
FA90
FAEC
FB4C
FBAF
FC15
FC7F
FCEB
FD5B
FDCD
FE41
FEB8
FF31
FFAB
0027
00A4
0123
01A2
0221
02A1
0320
039F
041E
049B
0517
0592
060C
0682
06F7
0768
07D5
083F
08A5
0907
0964
09BB
0A0E
0A5B
0AA2
0AE2
0B1C
0B50
0B7C
0BA1
0BBE
0BD4
0BE1
0BE7
0BE4
0BD8
0BC4
0BA7
0B81
0B52
0B1A
0AD9
0A8E
0A3B
09DF
097A
090B
0894
0813
078A
06F8
065D
05BA
050F
045C
03A2
02E0
0218
0149
0074
FF99
FEB8
FDD3
FCE9
FBFA
FB09
FA14
F91C
F823
F728
F62C
F52F
F432
F336
F23C
F141
F049
EF53
EE61
ED73
EC89
EBA4
EAC5
E9EC
E91A
E84F
E78C
E6D1
E61F
E575
E4D6
E441
E3B6
E335
E2C0
E257
E1F9
E1A7
E162
E129
E0FD
E0DE
E0CB
E0C6
E0CD
E0E2
E104
E132
E16D
E1B5
E20A
E26B
E2D8
E352
E3D7
E468
E504
E5AC
E65E
E71A
E7E0
E8B0
E988
EA69
EB53
EC44
ED3C
EE3B
EF40
F04A
F15A
F26F
F387
F4A4
F5C3
F6E5
F809
F92F
FA56
FB7E
FCA6
FDCE
FEF5
001B
013F
0261
0381
049D
05B7
06CD
07E0
08EE
09F8
0AFD
0BFE
0CF9
0DEF
0EDF
0FC9
10AE
118D
1265
1337
1402
14C7
1585
163D
16EE
1798
183B
18D7
196C
19FB
1A83
1B04
1B7D
1BF0
1C5C
1CC1
1D1F
1D77
1DC8
1E12
1E56
1E94
1ECB
1EFC
1F28
1F4D
1F6D
1F88
1F9D
1FAD
1FB8
1FBF
1FC1
1FBE
1FB8
1FAE
1FA0
1F8E
1F7A
1F62
1F48
1F2B
1F0D
1EEC
1EC9
1EA5
1E7F
1E57
1E2F
1E05
1DDB
1DAF
1D83
1D56
1D28
1CFA
1CCB
1C9B
1C6B
1C3A
1C08
1BD5
1BA1
1B6B
1B35
1AFD
1AC3
1A87
1A49
1A08
19C6
1980
1937
18EB
189B
1847
17F0
1794
1734
16CF
1666
15F7
1583
150A
148C
1408
137E
12EF
125B
11C1
1122
107D
0FD4
0F26
0E73
0DBC
0D01
0C42
0B80
0ABB
09F4
092B
0861
0796
06C9
05FD
0532
0469
03A1
02DC
021B
015D
00A4
FFF1
FF43
FE9B
FDFA
FD61
FCD0
FC47
FBC6
FB4F
FAE1
FA7C
FA21
F9D0
F989
F94B
F918
F8EE
F8CE
F8B6
F8A8
F8A3
F8A5
F8AF
F8BF
F8D6
F8F2
F913
F939
F963
F98F
F9BF
F9F0
FA22
FA54
FA86
FAB7
FAE6
FB12
FB3C
FB62
FB84
FBA1
FBBA
FBCD
FBDB
FBE2
FBE4
FBE0
FBD6
FBC6
FBB1
FB96
FB75
FB50
FB27
FAF9
FAC7
FA93
FA5D
FA26
F9EF
F9B9
F984
F952
F924
F8FA
F8D6
F8B9
F8A3
F897
F893
F89B
F8AE
F8CE
F8FB
F936
F980
F9D9
FA41
FABA
FB44
FBDF
FC8A
FD47
FE15
FEF3
FFE2
00E1
01EF
030C
0437
0571
06B7
0809
0965
0ACB
0C3A
0DAF
0F2B
10AA
122D
13B1
1534
16B6
1836
19B0
1B24
1C90
1DF4
1F4C
2099
21D8
2308
2429
2539
2637
2722
27F9
28BB
2968
2A00
2A82
2AEC
2B40
2B7D
2BA4
2BB3
2BAC
2B8E
2B5B
2B13
2AB6
2A45
29C2
292C
2885
27CE
2707
2633
2553
2467
2370
2271
216A
205D
1F4A
1E34
1D1B
1C01
1AE6
19CD
18B6
17A3
1693
1589
1484
1385
128F
119F
10B9
0FDB
0F07
0E3D
0D7D
0CC7
0C1B
0B7A
0AE2
0A56
09D3
095A
08EA
0883
0826
07D0
0782
073C
06FC
06C2
068E
065F
0634
060C
05E7
05C4
05A3
0582
0562
0542
0521
04FE
04DA
04B3
0489
045C
042C
03F7
03BE
0380
033E
02F6
02A9
0257
0200
01A3
0141
00DA
006D
FFFB
FF84
FF08
FE88
FE03
FD79
FCEC
FC5A
FBC5
FB2D
FA91
F9F4
F955
F8B3
F811
F76E
F6CA
F626
F582
F4DF
F43D
F39C
F2FE
F261
F1C7
F130
F09D
F00D
EF81
EEFA
EE78
EDFC
ED85
ED14
ECA9
EC46
EBE9
EB94
EB47
EB01
EAC3
EA8F
EA64
EA42
EA2B
EA1D
EA1B
EA23
EA36
EA55
EA7F
EAB5
EAF7
EB45
EBA0
EC07
EC7B
ECFB
ED89
EE23
EEC9
EF7D
F03D
F10A
F1E3
F2C9
F3BB
F4B9
F5C2
F6D7
F7F7
F920
FA54
FB91
FCD8
FE29
FF81
00E2
024A
03B9
052E
06A9
0828
09AC
0B34
0CBF
0E4C
0FDA
1169
12F9
1488
1615
17A1
192A
1AAF
1C30
1DAD
1F24
2095
2200
2363
24BF
2612
275D
289F
29D7
2B05
2C29
2D41
2E4F
2F51
3047
3131
320F
32E1
33A6
345E
350A
35A9
363C
36C1
373A
37A7
3807
385A
38A2
38DD
390D
3931
3949
3957
395A
3952
3940
3924
3900
38D3
389D
385F
3819
37CB
3775
3718
36B5
364B
35DB
3566
34EB
346A
33E6
335C
32CF
323D
31A8
3110
3074
2FD6
2F35
2E91
2DEC
2D44
2C9B
2BF0
2B44
2A96
29E7
2937
2887
27D6
2725
2673
25C0
250E
245A
23A7
22F3
2240
218C
20D8
2024
1F70
1EBD
1E09
1D55
1CA2
1BEE
1B3B
1A88
19D5
1923
1871
17BF
170D
165C
15AB
14FA
144A
139B
12EC
123E
1191
10E5
1039
0F8F
0EE6
0E3E
0D97
0CF2
0C4E
0BAC
0B0C
0A6E
09D2
0939
08A2
080D
077C
06ED
0662
05DA
0555
04D5
0458
03E0
036B
02FC
0291
022B
01C9
016D
0117
00C6
007A
0035
FFF6
FFBD
FF8A
FF5D
FF38
FF18
FEFF
FEED
FEE1
FEDC
FEDE
FEE5
FEF4
FF08
FF23
FF43
FF6A
FF97
FFC8
0000
003C
007E
00C4
010F
015E
01B1
0208
0262
02C0
0320
0382
03E7
044E
04B6
0520
058B
05F7
0663
06CF
073A
07A5
080F
0878
08DF
0944
09A7
0A07
0A65
0ABF
0B16
0B6A
0BBA
0C06
0C4E
0C91
0CD0
0D0B
0D41
0D71
0D9D
0DC5
0DE6
0E02
0E19
0E2B
0E38
0E41
0E45
0E44
0E3F
0E35
0E28
0E16
0E01
0DE9
0DCD
0DAF
0D8E
0D6B
0D46
0D1F
0CF7
0CCE
0CA4
0C7B
0C51
0C27
0BFF
0BD7
0BB1
0B8C
0B6A
0B4A
0B2C
0B11
0AFA
0AE5
0AD5
0AC8
0ABF
0ABB
0ABB
0AC0
0AC9
0AD7
0AEB
0B03
0B20
0B42
0B69
0B95
0BC5
0BFB
0C34
0C72
0CB5
0CFB
0D44
0D91
0DE1
0E34
0E89
0EE0
0F38
0F92
0FED
1049
10A4
10FF
1158
11AF
1204
1256
12A5
12F0
1336
1376
13B1
13E6
1414
143B
145A
1471
147E
1483
147D
146E
1453
142E
13FD
13C1
1378
1324
12C2
1254
11DA
1152
10BE
101D
0F70
0EB5
0DED
0D18
0C37
0B49
0A4E
0948
0836
0718
05F0
04BD
0380
0239
00E9
FF91
FE31
FCCA
FB5D
F9E9
F871
F6F4
F574
F3F1
F26C
F0E7
EF61
EDDC
EC58
EAD7
E958
E7DE
E669
E4FA
E393
E233
E0DC
DF8E
DE4B
DD12
DBE6
DAC6
D9B4
D8B0
D7BA
D6D3
D5FC
D536
D480
D3DB
D348
D2C7
D258
D1FB
D1B1
D17A
D156
D144
D146
D15A
D181
D1BA
D203
D25F
D2CC
D34A
D3DA
D47A
D52A
D5E9
D6B7
D794
D87E
D974
DA77
DB85
DC9D
DDBF
DEE9
E01B
E154
E292
E3D5
E51D
E667
E7B2
E8FF
EA4C
EB97
ECE1
EE27
EF69
F0A6
F1DD
F30C
F433
F551
F666
F771
F871
F965
FA4D
FB28
FBF5
FCB4
FD65
FE06
FE98
FF1B
FF8C
FFEE
003F
007F
00AE
00CC
00D9
00D5
00C1
009C
0067
0021
FFCC
FF68
FEF5
FE73
FDE4
FD47
FC9D
FBE8
FB27
FA5C
F987
F8A9
F7C4
F6D7
F5E3
F4EB
F3ED
F2ED
F1E9
F0E4
EFDE
EED8
EDD4
ECD1
EBD2
EAD7
E9E0
E8F0
E806
E724
E64A
E579
E4B3
E3F7
E347
E2A3
E20C
E183
E108
E09B
E03E
DFF0
DFB3
DF85
DF69
DF5D
DF62
DF79
DFA1
DFDB
E026
E083
E0F1
E170
E200
E2A1
E352
E413
E4E5
E5C5
E6B5
E7B2
E8BE
E9D7
EAFC
EC2D
ED6A
EEB1
F001
F15B
F2BC
F425
F595
F70A
F884
FA02
FB83
FD06
FE8B
0010
0194
0317
0497
0615
078E
0903
0A72
0BDA
0D3C
0E95
0FE5
112C
1268
139A
14C0
15DA
16E8
17E8
18DA
19BF
1A94
1B5B
1C12
1CB9
1D50
1DD8
1E4E
1EB5
1F0A
1F50
1F84
1FA7
1FBA
1FBC
1FAD
1F8E
1F5F
1F20
1ED0
1E71
1E03
1D86
1CF9
1C5F
1BB7
1B01
1A3E
196F
1893
17AC
16BA
15BC
14B5
13A4
1289
1165
103A
0F08
0DCF
0C90
0B4B
0A02
08B4
0762
060E
04B7
035E
0203
00A8
FF4D
FDF2
FC99
FB40
F9EA
F896
F745
F5F8
F4AE
F36A
F22A
F0EF
EFBA
EE8B
ED63
EC42
EB26
EA11
E905
E800
E704
E611
E527
E446
E36F
E2A2
E1DF
E126
E077
DFD3
DF3A
DEAC
DE29
DDB1
DD45
DCE4
DC8F
DC45
DC07
DBD5
DBAF
DB95
DB86
DB84
DB8D
DBA2
DBC3
DBF0
DC28
DC6B
DCB9
DD14
DD79
DDEA
DE67
DEEE
DF80
E01D
E0C5
E177
E233
E2F9
E3C9
E4A3
E585
E671
E765
E862
E966
EA73
EB86
ECA1
EDC2
EEE9
F016
F149
F280
F3BC
F4FC
F63F
F785
F8CD
FA17
FB63
FCAF
FDFC
FF48
0094
01DF
0328
046E
05B2
06F3
0830
0968
0A9C
0BCA
0CF2
0E14
0F2F
1042
114E
1251
134C
143D
1524
1601
16D4
179C
1858
1909
19AE
1A46
1AD1
1B4F
1BBF
1C22
1C78
1CBF
1CF9
1D24
1D42
1D51
1D53
1D46
1D2C
1D04
1CCE
1C8C
1C3C
1BDF
1B75
1B00
1A7F
19F2
195A
18B7
180B
1755
1695
15CD
14FD
1426
1347
1263
1178
1089
0F95
0E9E
0DA3
0CA5
0BA6
0AA6
09A5
08A4
07A4
06A6
05A9
04B0
03B9
02C7
01D9
00F0
000D
FF30
FE5A
FD8B
FCC3
FC04
FB4D
FAA0
F9FB
F960
F8CF
F848
F7CC
F75B
F6F5
F69A
F64A
F606
F5CC
F59D
F57A
F561
F553
F54F
F556
F567
F582
F5A6
F5D4
F60A
F649
F690
F6DE
F734
F790
F7F2
F85A
F8C7
F938
F9AE
FA27
FAA2
FB20
FBA0
FC21
FCA3
FD25
FDA7
FE27
FEA6
FF23
FF9C
0013
0086
00F5
0160
01C5
0226
0281
02D6
0325
036E
03B1
03EC
0421
0450
0477
0497
04B1
04C3
04CF
04D5
04D3
04CC
04BE
04AB
0492
0474
0450
0429
03FC
03CD
039A
0364
032B
02F1
02B6
027A
023D
0201
01C6
018D
0155
0121
00EF
00C2
0099
0075
0056
003E
002C
0021
001E
0023
0030
0046
0066
008F
00C2
00FF
0146
0198
01F5
025D
02D0
034F
03D8
046C
050C
05B6
066B
072A
07F4
08C7
09A4
0A8A
0B79
0C70
0D6E
0E74
0F80
1092
11AA
12C6
13E7
150A
1631
1759
1882
19AC
1AD5
1BFC
1D22
1E45
1F64
2080
2196
22A6
23B0
24B3
25AE
26A0
2789
2868
293D
2A07
2AC5
2B77
2C1C
2CB5
2D40
2DBD
2E2D
2E8E
2EE1
2F26
2F5C
2F83
2F9C
2FA6
2FA1
2F8F
2F6E
2F3F
2F03
2EBA
2E64
2E02
2D93
2D1A
2C96
2C08
2B71
2AD2
2A2B
297C
28C8
280E
2751
268F
25CB
2506
243F
2379
22B4
21F2
2132
2076
1FC0
1F0F
1E65
1DC3
1D29
1C98
1C11
1B96
1B26
1AC2
1A6A
1A20
19E3
19B5
1995
1985
1983
1992
19B0
19DE
1A1B
1A69
1AC7
1B35
1BB2
1C3F
1CDB
1D85
1E3E
1F05
1FD9
20B9
21A6
229E
23A0
24AB
25C0
26DC
27FF
2928
2A55
2B86
2CB9
2DEE
2F22
3056
3187
32B5
33DE
3501
361D
3731
383B
393B
3A2E
3B14
3BEC
3CB5
3D6D
3E14
3EA9
3F2A
3F97
3FEF
4031
405D
4072
406E
4053
401E
3FD1
3F69
3EE7
3E4B
3D96
3CC6
3BDD
3ADA
39BD
3888
3739
35D2
3453
32BE
3111
2F4F
2D78
2B8C
298E
277D
255C
232A
20EA
1E9C
1C43
19DE
1770
14FA
127D
0FFB
0D75
0AED
0864
05DC
0356
00D4
FE57
FBE1
F974
F711
F4B9
F26E
F031
EE04
EBE8
E9DD
E7E6
E604
E437
E281
E0E2
DF5C
DDEF
DC9C
DB64
DA47
D947
D863
D79B
D6F1
D664
D5F4
D5A2
D56D
D555
D55B
D57D
D5BC
D616
D68C
D71D
D7C8
D88C
D969
DA5E
DB69
DC8A
DDC0
DF09
E064
E1D1
E34E
E4D9
E672
E816
E9C5
EB7D
ED3D
EF03
F0CE
F29D
F46D
F63E
F80E
F9DB
FBA5
FD6A
FF28
00DF
028C
042F
05C7
0752
08CF
0A3E
0B9D
0CEB
0E27
0F52
1069
116C
125B
1336
13FB
14AA
1543
15C7
1634
168A
16CA
16F4
1707
1705
16ED
16BF
167D
1626
15BC
153E
14AE
140D
135B
1298
11C6
10E6
0FF9
0EFF
0DFA
0CEB
0BD3
0AB3
098B
085E
072C
05F7
04BF
0386
024D
0115
FFDF
FEAD
FD7E
FC55
FB33
FA17
F904
F7FB
F6FB
F607
F51E
F441
F373
F2B2
F1FF
F15C
F0C8
F043
EFD0
EF6C
EF1A
EED8
EEA8
EE89
EE7B
EE7E
EE93
EEB8
EEEE
EF34
EF8B
EFF1
F066
F0EB
F17D
F21D
F2CB
F385
F44A
F51B
F5F6
F6DB
F7C8
F8BE
F9B9
FABA
FBC1
FCCD
FDDD
FEEF
0003
0119
022F
0345
0459
056B
067B
0787
088E
0990
0A8D
0B83
0C72
0D59
0E38
0F0E
0FDC
109F
1159
1208
12AD
1347
13D5
1459
14D0
153D
159C
15EF
1637
1674
16A5
16CC
16E7
16F8
16FF
16FC
16EE
16D8
16B9
1691
1660
1629
15EA
15A4
1558
1506
14AF
1454
13F5
1392
132B
12C3
1259
11ED
1180
1113
10A6
103A
0FCF
0F65
0EFD
0E98
0E36
0DD7
0D7C
0D25
0CD2
0C84
0C3A
0BF6
0BB6
0B7C
0B47
0B18
0AEE
0AC9
0AAA
0A90
0A7C
0A6D
0A63
0A5E
0A5D
0A61
0A6A
0A76
0A86
0A9A
0AB1
0ACA
0AE6
0B03
0B23
0B44
0B66
0B89
0BAC
0BD0
0BF3
0C16
0C38
0C58
0C76
0C93
0CAD
0CC4
0CD8
0CE9
0CF7
0D00
0D06
0D07
0D04
0CFC
0CF0
0CDF
0CC9
0CAE
0C8E
0C69
0C3F
0C11
0BDB
0BA1
0B63
0B21
0ADB
0A90
0A43
09F2
099E
0947
08ED
0892
0834
07D5
0775
0714
06B3
0652
05F0
0590
0530
04D2
0476
041C
03C4
036F
031E
02CF
0285
023F
01FD
01C1
0189
0156
0129
0101
00DF
00C4
00AE
009E
0095
0092
0096
009F
00AF
00C5
00E1
0103
012B
0158
018A
01C2
01FE
023E
0283
02CC
0317
0366
03B7
040B
0460
04B6
050D
0564
05BC
0613
0669
06BD
070E
075D
07A8
07EF
0831
086F
08A7
08DA
0906
092B
094A
0961
0970
0978
0977
096D
095A
093F
091A
08EC
08B5
0874
082A
07D6
0778
0711
06A1
0628
05A6
051C
0488
03ED
034A
029F
01EE
0135
0077
FFB2
FEE9
FE1A
FD48
FC72
FB9A
FABE
F9E2
F904
F826
F748
F66C
F591
F4B9
F3E4
F313
F246
F17F
F0BD
F003
EF4F
EEA4
EE01
ED68
ECD9
EC54
EBDA
EB6C
EB0A
EAB4
EA6B
EA30
EA02
E9E2
E9D0
E9CC
E9D7
E9F0
EA18
EA4F
EA94
EAE8
EB4B
EBBC
EC3B
ECC8
ED62
EE0A
EEBF
EF80
F04E
F127
F20B
F2FA
F3F3
F4F6
F602
F717
F832
F955
FA7D
FBAA
FCDC
FE11
FF49
0083
01BE
02F9
0433
056C
06A2
07D6
0905
0A30
0B55
0C74
0D8B
0E9B
0FA2
10A0
1194
127D
135C
142E
14F4
15AD
1659
16F8
1789
180C
1880
18E4
193A
1980
19B7
19DF
19F6
19FF
19F7
19E1
19BB
1986
1942
18F0
1890
1822
17A6
171E
1688
15E7
153B
1483
13C1
12F6
1221
1144
1060
0F74
0E82
0D8A
0C8D
0B8C
0A88
0981
0878
076F
0665
055C
0454
034E
024B
014B
004E
FF57
FE65
FD78
FC93
FBB4
FADC
FA0D
F946
F888
F7D3
F728
F687
F5F0
F563
F4E1
F46A
F3FF
F39E
F348
F2FD
F2BE
F28A
F261
F243
F230
F228
F22A
F237
F24D
F26D
F296
F2C8
F302
F345
F38F
F3E0
F439
F497
F4FB
F564
F5D2
F644
F6BA
F733
F7AF
F82C
F8AB
F92B
F9AB
FA2C
FAAC
FB2B
FBA8
FC24
FC9D
FD14
FD87
FDF7
FE62
FECA
FF2C
FF8A
FFE2
0035
0083
00CA
010B
0146
017B
01A9
01D1
01F2
020D
0222
0230
0237
0239
0234
0229
0219
0203
01E8
01C7
01A2
0178
014A
0118
00E2
00A9
006E
0030
FFF0
FFAE
FF6B
FF27
FEE2
FE9D
FE59
FE14
FDD1
FD8F
FD4F
FD11
FCD5
FC9C
FC66
FC33
FC03
FBD7
FBAF
FB8C
FB6D
FB52
FB3C
FB2B
FB1E
FB16
FB13
FB16
FB1D
FB2A
FB3C
FB52
FB6E
FB8F
FBB4
FBDE
FC0C
FC3F
FC76
FCB0
FCEE
FD30
FD74
FDBB
FE05
FE50
FE9D
FEEC
FF3C
FF8C
FFDD
002D
007D
00CC
0119
0165
01AE
01F5
0239
0279
02B6
02EF
0323
0352
037C
03A1
03C0
03D9
03EB
03F6
03FB
03F8
03EE
03DC
03C3
03A1
0378
0346
030C
02CA
027F
022C
01D1
016D
0101
008D
0011
FF8D
FF02
FE6F
FDD5
FD34
FC8C
FBDE
FB2A
FA6F
F9AF
F8EA
F820
F752
F67F
F5A9
F4CF
F3F3
F314
F233
F151
F06D
EF89
EEA5
EDC1
ECDE
EBFC
EB1C
EA3F
E964
E88C
E7B7
E6E7
E61C
E555
E494
E3D9
E323
E274
E1CD
E12C
E093
E002
DF79
DEF8
DE81
DE12
DDAD
DD51
DCFF
DCB7
DC79
DC45
DC1C
DBFC
DBE8
DBDD
DBDE
DBE8
DBFE
DC1D
DC47
DC7B
DCBA
DD02
DD53
DDAE
DE12
DE7F
DEF4
DF73
DFF9
E088
E11F
E1BD
E262
E30D
E3C0
E478
E536
E5F9
E6C2
E78E
E85F
E934
EA0C
EAE7
EBC4
ECA4
ED85
EE67
EF4A
F02D
F111
F1F3
F2D5
F3B5
F491
F56B
F642
F716
F7E6
F8B3
F97B
FA3F
FAFE
FBB7
FC6B
FD18
FDC0
FE61
FEFB
FF8E
0019
009D
011A
018E
01FA
025E
02BA
030D
0357
0399
03D1
0401
0428
0446
045B
0467
046A
0464
0455
043D
041D
03F4
03C3
038B
034A
0302
02B2
025C
01FE
019A
012F
00BE
0047
FFCB
FF4A
FEC4
FE3A
FDAB
FD19
FC84
FBEC
FB51
FAB4
FA16
F976
F8D5
F834
F793
F6F4
F655
F5B7
F51B
F482
F3EB
F357
F2C6
F23A
F1B1
F12E
F0AF
F036
EFC3
EF56
EEEF
EE90
EE37
EDE7
ED9D
ED5D
ED24
ECF4
ECCD
ECAF
EC9A
EC8E
EC8C
EC94
ECA5
ECC1
ECE6
ED15
ED4E
ED91
EDDE
EE35
EE95
EF00
EF73
EFF0
F077
F106
F19E
F23F
F2E8
F39A
F453
F513
F5DB
F6A9
F77E
F859
F939
FA1E
FB09
FBF7
FCEA
FDDF
FED8
FFD3
00D0
01CE
02CD
03CB
04C9
05C7
06C3
07BD
08B4
09A9
0A9A
0B87
0C70
0D53
0E31
0F09
0FDA
10A5
1168
1223
12D5
1380
1420
14B8
1546
15C9
1642
16B0
1714
176C
17B8
17F9
182E
1858
1875
1886
188A
1883
186F
184F
1822
17EA
17A5
1755
16F9
1691
161F
15A1
1518
1485
13E8
1341
1291
11D7
1115
104B
0F78
0E9F
0DBF
0CD8
0BEC
0AFA
0A03
0909
080A
0709
0605
04FF
03F7
02EF
01E7
00DF
FFD8
FED3
FDCF
FCCF
FBD2
FAD9
F9E5
F8F5
F80C
F728
F64B
F576
F4A8
F3E2
F325
F271
F1C6
F126
F08F
F004
EF83
EF0E
EEA4
EE46
EDF5
EDAF
ED77
ED4A
ED2A
ED18
ED12
ED19
ED2E
ED50
ED7F
EDBB
EE05
EE5B
EEBF
EF2F
EFAC
F036
F0CC
F16E
F21C
F2D6
F39B
F46B
F546
F62C
F71B
F815
F918
FA23
FB38
FC54
FD79
FEA4
FFD6
0110
024F
0394
04DD
062B
077D
08D2
0A29
0B83
0CDF
0E3C
0F9A
10F8
1256
13B3
150F
1668
17C0
1915
1A66
1BB4
1CFD
1E42
1F81
20BB
21EE
231B
2442
2560
2677
2786
288D
298B
2A80
2B6C
2C4E
2D25
2DF2
2EB4
2F6A
3016
30B6
314A
31D2
324E
32BD
3320
3377
33C0
33FE
342E
3451
3468
3471
346E
345E
3441
3417
33E1
339E
334E
32F2
328A
3216
3195
3109
3071
2FCD
2F1F
2E66
2DA2
2CD4
2BFC
2B1B
2A31
293D
2842
273E
2633
2521
2408
22E8
21C4
2099
1F6A
1E37
1D00
1BC6
1A88
1949
1808
16C6
1583
1440
12FE
11BD
107C
0F3D
0E00
0CC7
0B91
0A5F
0932
080A
06E8
05CB
04B6
03A7
02A0
01A0
00A9
FFBB
FED6
FDFA
FD28
FC60
FBA3
FAF0
FA49
F9AD
F91C
F897
F81E
F7B0
F74F
F6FA
F6B2
F676
F646
F623
F60D
F603
F604
F612
F62C
F651
F682
F6BE
F705
F756
F7B2
F818
F888
F901
F983
FA0D
FA9F
FB39
FBDA
FC82
FD2F
FDE2
FE9A
FF57
0018
00DB
01A2
026B
0335
0401
04CE
059C
0668
0734
07FD
08C5
0989
0A4A
0B07
0BC0
0C74
0D22
0DCB
0E6D
0F09
0F9E
102B
10B1
112F
11A4
1211
1275
12D1
1323
136C
13AB
13E1
140E
1431
144A
145B
1462
1460
1455
1441
1424
13FF
13D2
139D
1361
131D
12D2
1281
1229
11CC
1169
1102
1096
1027
0FB3
0F3D
0EC5
0E4A
0DCF
0D52
0CD5
0C58
0BDC
0B61
0AE8
0A71
09FC
098B
091E
08B5
0851
07F2
0798
0745
06F7
06B1
0671
0638
0606
05DC
05BA
059F
058C
0582
057F
0584
0592
05A7
05C4
05E9
0615
0648
0683
06C4
070C
075A
07AE
0808
0867
08CA
0931
099D
0A0C
0A7E
0AF3
0B69
0BE0
0C59
0CD1
0D49
0DC0
0E36
0EA9
0F1A
0F88
0FF1
1057
10B8
1113
1168
11B7
11FF
1240
1279
12A9
12D1
12F1
1307
1313
1316
130F
12FD
12E2
12BB
1289
124D
1207
11B5
1159
10F3
1082
1007
0F83
0EF5
0E5E
0DBE
0D16
0C66
0BAF
0AF0
0A2C
0961
0892
07BE
06E6
060B
052E
044F
036F
028E
01AF
00D0
FFF4
FF1B
FE45
FD73
FCA5
FBDE
FB1D
FA64
F9B2
F90A
F86B
F7D6
F74C
F6CD
F65B
F5F5
F59C
F551
F513
F4E4
F4C4
F4B3
F4B2
F4C0
F4DD
F50B
F549
F597
F5F4
F662
F6DF
F76D
F809
F8B5
F970
FA37
FB0E
FBF1
FCE2
FDDF
FEE9
FFFE
011D
0246
0379
04B4
05F6
073F
088E
09E1
0B39
0C93
0DEF
0F4C
10A9
1205
135F
14B6
1608
1756
189D
19DD
1B16
1C45
1D6A
1E85
1F94
2095
218A
2270
2349
2411
24CA
2572
260A
268F
2703
2763
27B1
27EC
2814
2827
2827
2813
27EB
27AF
275F
26FB
2684
25F9
255C
24AC
23E9
2315
2230
213A
2034
1F1E
1DFA
1CC8
1B89
1A3E
18E7
1786
161B
14A8
132D
11AB
1023
0E96
0D06
0B73
09DE
0848
06B3
051E
038C
01FD
0072
FEEC
FD6C
FBF2
FA80
F917
F7B7
F661
F515
F3D5
F2A1
F179
F05F
EF53
EE55
ED65
EC84
EBB2
EAEF
EA3C
E998
E904
E880
E80B
E7A6
E751
E70A
E6D3
E6AA
E690
E684
E685
E693
E6AE
E6D5
E708
E745
E78C
E7DD
E837
E899
E902
E971
E9E7
EA61
EADF
EB60
EBE4
EC69
ECF0
ED76
EDFB
EE7F
EF00
EF7E
EFF9
F06E
F0DF
F149
F1AD
F209
F25D
F2AA
F2ED
F327
F358
F37E
F39A
F3AB
F3B2
F3AE
F39E
F383
F35D
F32C
F2EF
F2A8
F255
F1F8
F191
F120
F0A5
F021
EF95
EF00
EE64
EDC0
ED16
EC66
EBB1
EAF7
EA39
E979
E8B6
E7F1
E72C
E666
E5A2
E4DF
E41F
E362
E2AA
E1F6
E148
E0A1
E001
DF6A
DEDB
DE56
DDDC
DD6D
DD0A
DCB3
DC6A
DC2E
DC00
DBE1
DBD1
DBD1
DBE1
DC01
DC31
DC72
DCC4
DD27
DD9B
DE21
DEB7
DF5F
E017
E0E0
E1BA
E2A4
E39E
E4A7
E5C0
E6E7
E81C
E95F
EAB0
EC0C
ED74
EEE7
F064
F1EB
F37B
F512
F6B1
F857
FA02
FBB2
FD65
FF1B
00D4
028D
0447
0600
07B7
096C
0B1E
0CCB
0E73
1015
11B0
1343
14CE
1650
17C8
1935
1A97
1BED
1D36
1E72
1F9F
20BE
21CE
22CF
23C1
24A2
2574
2634
26E4
2784
2812
288F
28FA
2955
299E
29D6
29FD
2A13
2A18
2A0D
29F1
29C5
2989
293E
28E3
287A
2803
277E
26EB
264B
259F
24E7
2423
2354
227A
2197
20AA
1FB5
1EB8
1DB3
1CA8
1B96
1A7E
1961
1840
171A
15F1
14C5
1397
1267
1135
1003
0ED0
0D9E
0C6C
0B3B
0A0B
08DD
07B1
0687
0561
043D
031D
0200
00E7
FFD2
FEC1
FDB5
FCAD
FBAA
FAAC
F9B3
F8BF
F7D0
F6E6
F602
F523
F449
F375
F2A7
F1DD
F119
F05B
EFA2
EEEE
EE40
ED97
ECF4
EC56
EBBC
EB29
EA9A
EA10
E98C
E90C
E892
E81C
E7AB
E73F
E6D8
E676
E619
E5C1
E56F
E521
E4D8
E494
E456
E41C
E3E8
E3B9
E38E
E369
E34A
E32F
E31A
E30A
E300
E2FB
E2FB
E301
E30D
E31E
E334
E351
E373
E39B
E3C9
E3FC
E435
E474
E4B9
E503
E554
E5AA
E606
E668
E6CF
E73C
E7AE
E825
E8A1
E922
E9A8
EA32
EAC1
EB54
EBEA
EC84
ED21
EDC1
EE64
EF09
EFB0
F059
F104
F1AF
F25B
F307
F3B3
F460
F50B
F5B5
F65D
F704
F7A8
F849
F8E6
F981
FA17
FAA9
FB36
FBBE
FC41
FCBE
FD35
FDA5
FE0F
FE72
FECE
FF23
FF70
FFB5
FFF3
0028
0055
007A
0097
00AB
00B6
00BA
00B4
00A7
0092
0074
004F
0021
FFEC
FFAF
FF6A
FF1F
FECC
FE73
FE14
FDB0
FD45
FCD6
FC62
FBEA
FB6E
FAEE
FA6C
F9E8
F961
F8DA
F851
F7C9
F740
F6B9
F632
F5AE
F52C
F4AC
F431
F3BA
F348
F2DA
F272
F210
F1B5
F160
F112
F0CB
F08D
F057
F029
F004
EFE8
EFD6
EFCD
EFCE
EFD8
EFED
F00B
F034
F067
F0A3
F0EA
F13B
F196
F1FB
F269
F2E0
F361
F3EA
F47D
F519
F5BD
F668
F71B
F7D5
F895
F95B
FA27
FAF7
FBCD
FCA6
FD83
FE63
FF46
002B
0111
01F8
02E0
03C8
04AF
0595
0679
075B
083B
0917
09F0
0AC5
0B96
0C62
0D28
0DE9
0EA4
0F58
1007
10AE
114E
11E6
1276
12FF
137F
13F8
1467
14CF
152E
1584
15D2
1618
1655
168A
16B7
16DC
16F9
170E
171D
1723
1724
171D
1710
16FD
16E5
16C7
16A5
167E
1652
1623
15F1
15BB
1584
154A
150E
14D1
1494
1455
1417
13D8
139A
135D
1321
12E6
12AD
1276
1241
120E
11DE
11B0
1186
115E
1139
1118
10F9
10DE
10C6
10B1
10A0
1091
1086
107E
1079
1077
1077
107A
1080
1087
1090
109B
10A6
10B3
10C0
10CE
10DB
10E8
10F4
10FE
1108
110F
1113
1115
1114
110F
1106
10FA
10E8
10D2
10B6
1095
106E
1041
100D
0FD4
0F94
0F4D
0EFF
0EAA
0E4E
0DEA
0D7F
0D0D
0C93
0C12
0B89
0AFA
0A63
09C5
0921
0876
07C5
070E
0651
058F
04C7
03FB
032B
0257
0180
00A5
FFC8
FEE9
FE09
FD27
FC45
FB64
FA83
F9A4
F8C6
F7EA
F711
F63C
F56A
F49D
F3D5
F312
F256
F1A0
F0F1
F04A
EFAA
EF14
EE86
EE01
ED86
ED15
ECAE
EC52
EC01
EBBA
EB7F
EB4F
EB2B
EB12
EB04
EB02
EB0C
EB21
EB41
EB6C
EBA1
EBE2
EC2C
EC81
ECE0
ED47
EDB8
EE32
EEB4
EF3D
EFCE
F065
F103
F1A6
F24F
F2FB
F3AC
F460
F517
F5D0
F68A
F744
F7FF
F8B9
F972
FA29
FADE
FB8F
FC3C
FCE4
FD86
FE22
FEB8
FF47
FFCF
004F
00C6
0134
019A
01F5
0247
028E
02CB
02FD
0324
0340
0351
0357
0351
0340
0324
02FC
02C9
028C
0243
01F1
0193
012C
00BB
0041
FFBE
FF31
FE9C
FDFF
FD5C
FCB1
FC00
FB4A
FA90
F9D1
F90E
F848
F780
F6B7
F5EC
F521
F457
F38D
F2C6
F200
F13E
F080
EFC5
EF10
EE61
EDB7
ED14
EC79
EBE5
EB59
EAD6
EA5C
E9EC
E985
E928
E8D6
E88E
E851
E81F
E7F8
E7DC
E7CC
E7C7
E7CE
E7E0
E7FD
E825
E859
E897
E8E0
E933
E98F
E9F6
EA66
EADE
EB60
EBE9
EC79
ED10
EDAE
EE51
EEFA
EFA7
F058
F10D
F1C4
F27C
F336
F3F1
F4AB
F565
F61D
F6D3
F786
F836
F8E1
F988
FA29
FAC4
FB58
FBE6
FC6B
FCE9
FD5D
FDC9
FE2B
FE82
FECF
FF12
FF49
FF75
FF95
FFA9
FFB1
FFAE
FF9D
FF81
FF57
FF21
FEDE
FE8F
FE34
FDCD
FD5A
FCDC
FC52
FBBE
FB1E
FA75
F9C1
F904
F83D
F76E
F697
F5B9
F4D3
F3E6
F2F4
F1FC
F0FF
EFFE
EEFA
EDF3
ECE9
EBDE
EAD1
E9C5
E8B8
E7AD
E6A2
E59B
E496
E394
E297
E19E
E0AB
DFBE
DED7
DDF6
DD1D
DC4C
DB83
DAC3
DA0C
D95E
D8BA
D820
D791
D70C
D692
D623
D5BF
D567
D51A
D4D8
D4A3
D478
D45A
D447
D440
D445
D455
D472
D49A
D4CD
D50B
D553
D5A7
D604
D66C
D6DD
D758
D7DC
D869
D8FE
D99B
DA40
DAEC
DBA0
DC5A
DD1A
DDDF
DEAB
DF7B
E050
E129
E206
E2E7
E3CB
E4B2
E59B
E687
E774
E864
E956
EA48
EB3C
EC30
ED24
EE19
EF0D
F002
F0F6
F1EA
F2DC
F3CE
F4BF
F5AF
F69E
F78C
F878
F963
FA4C
FB34
FC1B
FD00
FDE4
FEC6
FFA7
0086
0164
0241
031D
03F7
04D1
05A9
0680
0756
082C
0900
09D5
0AA8
0B7B
0C4E
0D20
0DF3
0EC5
0F97
1069
113B
120D
12DF
13B1
1484
1556
1629
16FC
17CF
18A2
1976
1A49
1B1C
1BF0
1CC2
1D95
1E67
1F39
200A
20DA
21A8
2276
2342
240C
24D5
259C
2660
2722
27E2
289E
2958
2A0E
2AC1
2B70
2C1C
2CC3
2D66
2E05
2E9E
2F33
2FC3
304D
30D1
3150
31C9
323C
32A9
330F
336E
33C7
3419
3465
34A9
34E5
351B
3549
3570
358F
35A7
35B7
35C0
35C0
35BA
35AC
3596
3579
3555
3529
34F6
34BC
347B
3433
33E5
3390
3335
32D3
326C
31FE
318C
3114
3096
3014
2F8E
2F03
2E74
2DE1
2D4B
2CB1
2C15
2B76
2AD4
2A30
298B
28E4
283C
2793
26E9
263F
2595
24EB
2441
2398
22F1
224A
21A5
2102
2061
1FC2
1F25
1E8B
1DF4
1D5F
1CCE
1C40
1BB6
1B2F
1AAB
1A2C
19B0
1938
18C4
1853
17E7
177F
171B
16BC
1660
1608
15B5
1565
151A
14D2
148F
144F
1413
13DA
13A5
1373
1345
1319
12F1
12CB
12A7
1286
1267
124A
122F
1216
11FD
11E6
11D0
11B9
11A4
118E
1177
1161
1149
1130
1116
10FA
10DC
10BC
109A
1074
104C
1020
0FF1
0FBE
0F87
0F4C
0F0C
0EC7
0E7E
0E2F
0DDB
0D81
0D21
0CBC
0C50
0BDE
0B66
0AE7
0A61
09D5
0942
08A8
0807
075E
06AF
05F9
053B
0477
03AB
02D9
01FF
011F
0038
FF4B
FE57
FD5D
FC5C
FB56
FA4A
F939
F823
F707
F5E7
F4C3
F39B
F26F
F140
F00E
EEDA
EDA3
EC6B
EB31
E9F7
E8BB
E781
E646
E50D
E3D5
E29F
E16C
E03C
DF0F
DDE7
DCC4
DBA6
DA8E
D97C
D871
D76E
D673
D580
D497
D3B7
D2E1
D216
D157
D0A2
CFFA
CF61
CED4
CE54
CDE2
CD7E
CD29
CCE2
CCAA
CC81
CC67
CC5D
CC63
CC79
CC9F
CCD5
CD1B
CD71
CDD8
CE4F
CED6
CF6C
D013
D0C9
D18F
D264
D348
D43A
D53B
D649
D765
D88E
D9C4
DB08
DC57
DDB1
DF16
E084
E1FC
E37C
E504
E692
E828
E9C2
EB62
ED05
EEAC
F055
F200
F3AC
F557
F702
F8AB
FA52
FBF5
FD94
FF2E
00C2
0250
03D6
0554
06CA
0836
0998
0AEF
0C3A
0D79
0EAC
0FD1
10E9
11F2
12ED
13D8
14B4
1580
163C
16E8
1783
180D
1887
18EF
1947
198E
19C3
19E8
19FC
19FF
19F3
19D6
19A9
196D
1922
18C9
1861
17EC
176A
16DB
163E
1597
14E4
1428
1363
1295
11BF
10E2
0FFF
0F17
0E2A
0D39
0C46
0B50
0A58
0961
0869
0772
067E
058C
049D
03B2
02CD
01ED
0113
0040
FF75
FEB2
FDF8
FD47
FCA1
FC04
FB71
FAE9
FA6D
F9FD
F999
F942
F8F8
F8BA
F889
F866
F850
F846
F84A
F85A
F877
F8A0
F8D6
F917
F964
F9BD
FA20
FA8D
FB04
FB84
FC0D
FC9F
FD38
FDD8
FE7E
FF2A
FFDB
0090
0148
0204
02C1
0381
0441
0501
05C1
0680
073C
07F6
08AD
095F
0A0D
0AB5
0B57
0BF3
0C87
0D14
0D98
0E13
0E85
0EED
0F4B
0F9F
0FE8
1025
1058
107F
109A
10AA
10AE
10A5
1092
1072
1047
1011
0FD0
0F84
0F2D
0ECC
0E61
0DEC
0D6F
0CE8
0C59
0BC3
0B25
0A81
09D7
0927
0872
07BA
06FD
063E
057D
04BA
03F6
0333
0270
01AE
00EE
0031
FF77
FEC1
FE10
FD65
FCC0
FC21
FB89
FAF9
FA71
F9F2
F97C
F90F
F8AB
F852
F803
F7BF
F785
F756
F732
F719
F70C
F709
F711
F724
F741
F769
F79B
F7D7
F81D
F86B
F8C3
F923
F98A
F9F9
FA70
FAEC
FB6F
FBF6
FC82
FD12
FDA4
FE39
FED0
FF67
FFFF
0096
012C
01BF
024F
02DC
0364
03E7
0464
04DB
054A
05B1
060F
0664
06AF
06EF
0725
074E
076C
077D
0782
0779
0764
0740
070F
06CF
0681
0625
05BA
0541
04BA
0425
0382
02D1
0213
0148
0070
FF8B
FE9C
FDA0
FC9A
FB8A
FA71
F94F
F825
F6F3
F5BB
F47D
F33B
F1F4
F0AA
EF5E
EE11
ECC3
EB77
EA2D
E8E5
E7A0
E65F
E524
E3EE
E2C0
E199
E07B
DF67
DE5D
DD5E
DC6B
DB86
DAAE
D9E4
D929
D87E
D7E3
D759
D6DF
D678
D622
D5DF
D5AF
D591
D586
D58F
D5AB
D5DA
D61D
D674
D6DE
D75A
D7EA
D88B
D93E
DA03
DAD9
DBBF
DCB5
DDBA
DECE
DFF0
E11F
E25B
E3A3
E4F6
E653
E7B9
E927
EA9D
EC1A
ED9C
EF23
F0AD
F23B
F3CA
F559
F6E9
F877
FA03
FB8C
FD11
FE91
000C
017F
02EB
044E
05A9
06F9
083E
0978
0AA6
0BC7
0CDB
0DE0
0ED8
0FC0
1099
1162
121B
12C4
135C
13E3
1459
14BF
1513
1556
1588
15AA
15BA
15BA
15AA
158A
1559
151A
14CC
146F
1405
138D
1308
1277
11DA
1131
107E
0FC1
0EFB
0E2C
0D56
0C77
0B93
0AA8
09B8
08C4
07CC
06D1
05D3
04D3
03D3
02D1
01D0
00D0
FFD1
FED4
FDDA
FCE2
FBEF
FAFF
FA14
F92D
F84C
F771
F69B
F5CC
F503
F441
F386
F2D1
F225
F17F
F0E1
F04A
EFBB
EF33
EEB3
EE3A
EDC8
ED5C
ECF8
EC9B
EC44
EBF3
EBA7
EB62
EB22
EAE7
EAB0
EA7E
EA4F
EA23
E9FA
E9D4
E9B1
E990
E970
E951
E934
E917
E8FB
E8DE
E8C1
E8A3
E885
E865
E843
E820
E7FB
E7D4
E7AA
E77E
E74F
E71E
E6EA
E6B3
E679
E63C
E5FC
E5B9
E573
E52B
E4DE
E48F
E43D
E3E9
E393
E33B
E2E1
E286
E22A
E1CD
E170
E113
E0B5
E058
DFFC
DFA1
DF48
DEF0
DE9B
DE49
DDF9
DDAD
DD65
DD20
DCE0
DCA5
DC6F
DC3F
DC14
DBEF
DBD1
DBB9
DBA8
DB9E
DB9B
DB9F
DBAB
DBBF
DBDB
DBFE
DC2A
DC5E
DC9A
DCDE
DD2A
DD7F
DDDB
DE3F
DEAB
DF1F
DF9A
E01C
E0A5
E135
E1CB
E267
E30A
E3B1
E45E
E510
E5C6
E680
E73E
E7FE
E8C1
E986
EA4D
EB14
EBDD
ECA6
ED6F
EE37
EEFE
EFC4
F088
F14A
F209
F2C5
F37D
F432
F4E2
F58D
F634
F6D5
F771
F807
F897
F921
F9A4
FA21
FA96
FB05
FB6D
FBCD
FC26
FC78
FCC2
FD04
FD3E
FD71
FD9E
FDC3
FDE1
FDF8
FE09
FE13
FE17
FE15
FE0E
FE01
FDEF
FDD8
FDBC
FD9C
FD78
FD51
FD27
FCF9
FCC9
FC97
FC63
FC2E
FBF8
FBC1
FB89
FB52
FB1A
FAE4
FAAF
FA7B
FA49
FA18
F9E9
F9BD
F993
F96C
F947
F925
F907
F8EC
F8D4
F8BF
F8AE
F8A0
F896
F88F
F88C
F88C
F88F
F895
F89F
F8AB
F8BA
F8CB
F8DF
F8F5
F90C
F925
F940
F95B
F97A
F998
F9B7
F9D5
F9F3
FA10
FA2C
FA46
FA5E
FA74
FA88
FA98
FAA6
FAB1
FAB7
FABA
FAB8
FAB3
FAA8
FA99
FA84
FA6B
FA4C
FA28
F9FE
F9CF
F99A
F95F
F91F
F8D9
F88D
F83C
F7E6
F78A
F729
F6C3
F658
F5E9
F576
F4FF
F485
F407
F387
F304
F27F
F1F9
F172
F0EA
F062
EFDB
EF55
EED0
EE4D
EDCD
ED51
ECD8
EC63
EBF4
EB8A
EB26
EAC8
EA72
EA24
E9DD
E99E
E969
E93D
E91B
E905
E8F9
E8F8
E903
E91B
E93F
E970
E9AD
E9F8
EA50
EAB6
EB29
EBA9
EC38
ECD4
ED7D
EE34
EEF9
EFCA
F0A9
F194
F28B
F38F
F49E
F5B9
F6DE
F80E
F948
FA8B
FBD7
FD2B
FE86
FFE9
0151
02BF
0432
05A9
0723
08A0
0A1E
0B9E
0D1D
0E9B
1019
1193
130B
147F
15ED
1757
18BA
1A16
1B6A
1CB5
1DF8
1F30
205E
2180
2297
23A1
249E
258E
2671
2744
2809
28BF
2965
29FC
2A82
2AF9
2B5F
2BB5
2BFA
2C2F
2C54
2C68
2C6D
2C61
2C46
2C1C
2BE3
2B9B
2B45
2AE1
2A6F
29F1
2967
28D2
2831
2786
26D1
2613
254E
2481
23AD
22D3
21F3
2110
2028
1F3F
1E53
1D66
1C78
1B8C
1AA0
19B7
18D1
17EF
1712
163A
1567
149C
13D8
131D
126A
11C0
1121
108C
1002
0F83
0F10
0EA9
0E4F
0E01
0DC0
0D8D
0D67
0D4E
0D43
0D45
0D53
0D6F
0D98
0DCE
0E10
0E5E
0EB8
0F1D
0F8E
1009
108F
111E
11B6
1256
12FF
13AF
1465
1521
15E2
16A8
1771
183D
190A
19D9
1AA9
1B78
1C45
1D11
1DDB
1EA0
1F61
201C
20D1
217E
2224
22C2
2356
23E0
2460
24D4
253C
2598
25E8
2629
265D
2682
2699
26A0
2699
2682
265B
2624
25DD
2586
251F
24A8
2421
238B
22E4
222F
216A
2097
1FB6
1EC6
1DC9
1CBF
1BA8
1A86
1958
181F
16DD
1591
143D
12E1
117F
1016
0EA7
0D35
0BBF
0A46
08CB
074F
05D4
0459
02E0
016A
FFF8
FE8A
FD21
FBBF
FA64
F911
F7C7
F686
F54F
F424
F304
F1F1
F0EB
EFF2
EF08
EE2C
ED60
ECA4
EBF7
EB5C
EAD0
EA57
E9EE
E997
E951
E91E
E8FC
E8EC
E8ED
E900
E925
E95B
E9A2
E9FA
EA62
EADA
EB62
EBF9
EC9F
ED54
EE15
EEE4
EFBF
F0A6
F198
F294
F39A
F4A9
F5C0
F6DE
F802
F92C
FA5B
FB8E
FCC4
FDFC
FF36
0070
01AB
02E4
041B
054F
0680
07AC
08D4
09F5
0B10
0C24
0D30
0E33
0F2C
101C
1102
11DC
12AB
136E
1425
14CF
156D
15FC
167F
16F3
175A
17B2
17FD
1839
1866
1886
1898
189B
1891
1879
1854
1821
17E2
1796
173E
16DA
166B
15F1
156D
14DF
1448
13A8
1300
1250
119A
10DC
101A
0F52
0E86
0DB6
0CE3
0C0D
0B36
0A5F
0987
08AF
07D8
0704
0631
0562
0497
03CF
030D
0250
019A
00EA
0040
FF9F
FF06
FE75
FDED
FD6E
FCF9
FC8E
FC2E
FBD7
FB8B
FB4A
FB14
FAE9
FAC9
FAB4
FAAA
FAAB
FAB7
FACE
FAF0
FB1C
FB53
FB94
FBDF
FC34
FC92
FCF9
FD68
FDE1
FE61
FEE8
FF77
000C
00A7
0148
01EE
0299
0347
03FA
04AF
0568
0622
06DE
079B
0859
0917
09D4
0A90
0B4A
0C02
0CB8
0D6A
0E18
0EC3
0F69
1009
10A5
113A
11C9
1252
12D3
134E
13C0
142B
148E
14E9
153B
1584
15C4
15FA
1628
164D
166A
167D
1687
1688
1681
1671
1658
1637
160D
15DB
15A2
1560
1518
14C8
1471
1413
13AF
1345
12D6
1261
11E7
1168
10E5
105E
0FD3
0F46
0EB5
0E23
0D8D
0CF7
0C5F
0BC6
0B2D
0A94
09FB
0963
08CC
0836
07A2
0710
0680
05F3
0569
04E1
045D
03DD
0361
02E8
0274
0204
0199
0132
00D0
0073
001A
FFC7
FF79
FF30
FEEC
FEAD
FE73
FE3E
FE0F
FDE4
FDBF
FD9E
FD82
FD6B
FD58
FD49
FD3F
FD38
FD36
FD36
FD3B
FD42
FD4C
FD59
FD68
FD7A
FD8E
FDA3
FDBA
FDD2
FDEC
FE06
FE21
FE3C
FE58
FE74
FE90
FEAB
FEC6
FEE1
FEFB
FF14
FF2D
FF44
FF5B
FF70
FF84
FF97
FFA8
FFB8
FFC7
FFD3
FFDF
FFE8
FFF1
FFF7
FFFC
0000
0002
0003
0002
0000
FFFD
FFF9
FFF4
FFEE
FFE7
FFE0
FFD8
FFD0
FFC8
FFC0
FFB7
FFAF
FFA8
FFA1
FF9B
FF96
FF92
FF8F
FF8E
FF8F
FF91
FF95
FF9B
FFA4
FFAF
FFBC
FFCC
FFDF
FFF5
000E
0029
0048
006A
0090
00B8
00E4
0113
0145
017A
01B3
01EE
022C
026D
02B1
02F8
0341
038C
03D9
0429
047B
04CE
0523
0579
05D1
0629
0683
06DD
0737
0791
07EB
0845
089E
08F6
094D
09A3
09F7
0A49
0A99
0AE6
0B31
0B78
0BBD
0BFD
0C3A
0C72
0CA7
0CD7
0D03
0D29
0D4B
0D67
0D7E
0D8F
0D9B
0DA1
0DA0
0D9A
0D8D
0D7A
0D60
0D40
0D1A
0CEC
0CB9
0C7E
0C3E
0BF6
0BA9
0B54
0AFA
0A9A
0A33
09C6
0954
08DC
085F
07DD
0755
06CA
063A
05A5
050D
0472
03D3
0331
028C
01E6
013D
0092
FFE6
FF3A
FE8C
FDDE
FD30
FC83
FBD6
FB2B
FA81
F9D8
F932
F88E
F7ED
F74F
F6B4
F61E
F58B
F4FC
F472
F3EC
F36C
F2F1
F27C
F20D
F1A4
F141
F0E4
F08E
F040
EFF8
EFB7
EF7D
EF4B
EF21
EEFD
EEE2
EECD
EEC1
EEBC
EEBE
EEC8
EEDA
EEF3
EF13
EF3A
EF68
EF9D
EFD8
F01A
F062
F0B0
F103
F15C
F1BB
F21E
F286
F2F2
F362
F3D6
F44D
F4C8
F545
F5C4
F645
F6C8
F74C
F7D1
F856
F8DB
F960
F9E4
FA67
FAE8
FB67
FBE4
FC5E
FCD6
FD49
FDB9
FE25
FE8D
FEEF
FF4C
FFA4
FFF6
0042
0088
00C7
00FF
0130
015A
017D
0198
01AA
01B5
01B8
01B2
01A4
018D
016D
0145
0114
00DA
0097
004C
FFF8
FF9B
FF36
FEC8
FE52
FDD4
FD4E
FCC0
FC2A
FB8D
FAE8
FA3D
F98B
F8D3
F816
F752
F68A
F5BD
F4EB
F415
F33C
F260
F181
F0A0
EFBD
EED9
EDF4
ED0F
EC2A
EB45
EA62
E981
E8A1
E7C5
E6EC
E616
E545
E479
E3B1
E2F0
E234
E17E
E0D0
E029
DF8A
DEF4
DE66
DDE2
DD68
DCF8
DC93
DC38
DBE9
DBA5
DB6D
DB41
DB22
DB0F
DB09
DB10
DB25
DB47
DB76
DBB3
DBFD
DC55
DCBB
DD2F
DDB0
DE3E
DEDA
DF82
E037
E0F9
E1C7
E2A2
E388
E47A
E577
E67F
E792
E8AF
E9D5
EB05
EC3D
ED7D
EEC5
F014
F169
F2C5
F425
F58B
F6F4
F861
F9D0
FB41
FCB4
FE27
FF9B
010D
027E
03ED
0559
06C2
0826
0985
0ADE
0C31
0D7E
0EC2
0FFF
1132
125C
137C
1491
159B
169A
178C
1871
194A
1A15
1AD2
1B81
1C21
1CB3
1D35
1DA8
1E0C
1E60
1EA4
1ED8
1EFD
1F11
1F16
1F0B
1EF0
1EC6
1E8D
1E44
1DED
1D87
1D13
1C91
1C01
1B65
1ABC
1A07
1947
187C
17A6
16C6
15DE
14ED
13F4
12F4
11ED
10E1
0FD0
0EBB
0DA3
0C87
0B6A
0A4C
092E
0810
06F3
05D8
04C1
03AC
029C
0191
008C
FF8D
FE96
FDA6
FCBF
FBE1
FB0D
FA43
F984
F8D0
F828
F78C
F6FC
F67A
F605
F59D
F543
F4F7
F4B9
F489
F467
F454
F44F
F459
F470
F496
F4C9
F50A
F559
F5B4
F61C
F690
F710
F79C
F833
F8D4
F980
FA35
FAF3
FBB9
FC86
FD5B
FE36
FF16
FFFB
00E4
01D0
02BF
03B0
04A1
0593
0684
0773
0861
094B
0A32
0B15
0BF2
0CC9
0D99
0E62
0F23
0FDB
1089
112E
11C8
1256
12DA
1351
13BD
141B
146D
14B1
14E7
1510
152B
1537
1536
1526
1509
14DD
14A3
145C
1407
13A4
1334
12B8
122F
119A
10FA
104E
0F98
0ED7
0E0D
0D3A
0C5E
0B7B
0A90
099F
08A9
07AE
06AF
05AC
04A7
03A1
0299
0192
008B
FF86
FE84
FD84
FC89
FB93
FAA3
F9B9
F8D6
F7FB
F729
F660
F5A2
F4EE
F445
F3A8
F318
F295
F21F
F1B7
F15D
F112
F0D6
F0A9
F08B
F07D
F07F
F091
F0B2
F0E4
F125
F176
F1D6
F246
F2C5
F354
F3F0
F49B
F554
F61B
F6EF
F7CF
F8BB
F9B2
FAB4
FBC1
FCD7
FDF6
FF1D
004C
0181
02BD
03FD
0542
068B
07D7
0924
0A73
0BC2
0D10
0E5E
0FA9
10F2
1237
1378
14B3
15E9
1718
1840
1961
1A78
1B87
1C8C
1D86
1E76
1F5B
2034
2100
21C1
2274
231A
23B3
243F
24BD
252D
258F
25E3
2628
265F
2688
26A2
26AF
26AD
269E
2681
2657
2620
25DD
258D
2531
24CA
2458
23DB
2354
22C4
222A
2188
20DE
202C
1F73
1EB4
1DF0
1D26
1C57
1B85
1AAF
19D7
18FC
181F
1741
1662
1582
14A3
13C5
12E8
120D
1134
105D
0F8A
0EBA
0DEE
0D26
0C62
0BA4
0AEA
0A36
0987
08DE
083A
079D
0706
0675
05EA
0566
04E7
046F
03FD
0390
0329
02C9
026E
0218
01C8
017E
0138
00F7
00BB
0084
0050
0021
FFF5
FFCC
FFA7
FF84
FF64
FF46
FF2B
FF11
FEF8
FEE1
FECB
FEB6
FEA1
FE8D
FE79
FE65
FE51
FE3C
FE26
FE0F
FDF8
FDE0
FDC7
FDAE
FD93
FD78
FD5B
FD3E
FD20
FD01
FCE1
FCC1
FCA1
FC7F
FC5E
FC3D
FC1B
FBFA
FBDA
FBBA
FB9B
FB7D
FB61
FB46
FB2D
FB16
FB02
FAF1
FAE2
FAD7
FAD0
FACD
FACF
FAD5
FADF
FAEF
FB04
FB1E
FB3F
FB65
FB91
FBC3
FBFC
FC3C
FC82
FCCF
FD23
FD7D
FDDF
FE48
FEB8
FF2E
FFAC
0030
00BB
014D
01E5
0283
0328
03D2
0481
0536
05F1
06B1
0775
083D
0909
09D8
0AA9
0B7E
0C54
0D2C
0E05
0EDF
0FB9
1092
116B
1243
1318
13EC
14BC
158A
1653
1719
17D9
1895
194B
19FA
1AA3
1B46
1BE0
1C73
1CFE
1D80
1DF9
1E69
1ECF
1F2C
1F7E
1FC7
2005
2038
2061
207F
2092
209A
2098
208A
2072
204E
2020
1FE7
1FA3
1F56
1EFE
1E9C
1E30
1DBB
1D3D
1CB6
1C26
1B8F
1AEF
1A48
199B
18E7
182C
176C
16A7
15DD
150F
143E
1369
1292
11B8
10DD
1001
0F24
0E47
0D6A
0C8D
0BB2
0AD9
0A02
092D
085B
078C
06C1
05FA
0537
047A
03C1
030D
025F
01B7
0114
0078
FFE3
FF55
FECE
FE4D
FDD4
FD61
FCF6
FC91
FC34
FBDD
FB8D
FB45
FB02
FAC7
FA92
FA64
FA3B
FA19
F9FD
F9E6
F9D4
F9C8
F9C1
F9BF
F9C1
F9C7
F9D2
F9E0
F9F1
FA06
FA1E
FA38
FA55
FA75
FA97
FABB
FAE0
FB07
FB2E
FB57
FB80
FBAA
FBD4
FBFE
FC28
FC52
FC7B
FCA5
FCCE
FCF6
FD1E
FD45
FD6C
FD92
FDB7
FDDB
FDFF
FE23
FE46
FE68
FE8B
FEAD
FECF
FEF1
FF13
FF36
FF59
FF7D
FFA1
FFC7
FFEF
0018
0042
006F
009D
00CD
0100
0135
016D
01A7
01E5
0225
0268
02AE
02F8
0344
0394
03E8
043E
0498
04F6
0556
05BA
0621
068B
06F8
0768
07DB
0850
08C8
0942
09BF
0A3D
0ABC
0B3E
0BC0
0C42
0CC6
0D49
0DCC
0E4E
0ED0
0F4F
0FCD
1049
10C2
1138
11AA
1218
1282
12E7
1347
13A1
13F5
1443
148A
14C9
1501
1530
1558
1577
158D
1599
159C
1596
1585
156A
1544
1514
14D9
1494
1443
13E8
1381
1310
1294
120C
117B
10DE
1037
0F86
0ECB
0E07
0D38
0C61
0B81
0A99
09A9
08B1
07B3
06AD
05A2
0492
037D
0263
0146
0025
FF02
FDDD
FCB7
FB90
FA69
F943
F81E
F6FC
F5DB
F4BF
F3A6
F292
F184
F07B
EF79
EE7E
ED8B
ECA0
EBBE
EAE5
EA17
E953
E899
E7EB
E749
E6B2
E629
E5AC
E53C
E4D9
E484
E43C
E402
E3D5
E3B7
E3A6
E3A3
E3AE
E3C7
E3ED
E420
E461
E4AE
E509
E56F
E5E2
E660
E6E9
E77D
E81B
E8C3
E975
EA2F
EAF1
EBBA
EC8B
ED62
EE3F
EF20
F006
F0F0
F1DD
F2CC
F3BC
F4AE
F5A0
F691
F781
F870
F95B
FA44
FB29
FC0A
FCE5
FDBB
FE8B
FF54
0015
00CF
0180
0229
02C8
035E
03EA
046C
04E2
054E
05AF
0604
064E
068C
06BE
06E4
06FE
070C
070E
0705
06F0
06D0
06A4
066D
062B
05DE
0586
0525
04B9
0444
03C6
033E
02AF
0217
0178
00D2
0025
FF72
FEB9
FDFB
FD39
FC72
FBA8
FADA
FA0A
F939
F866
F792
F6BE
F5EB
F518
F446
F375
F2A7
F1DB
F113
F04D
EF8B
EECE
EE14
ED60
ECB0
EC06
EB62
EAC3
EA2A
E997
E90B
E885
E806
E78D
E71B
E6B0
E64C
E5EF
E598
E548
E501
E4C1
E487
E454
E427
E401
E3E0
E3C5
E3B1
E3A1
E397
E391
E390
E394
E39B
E3A7
E3B5
E3C8
E3DC
E3F4
E40E
E42A
E447
E466
E486
E4A7
E4C8
E4EA
E50C
E52D
E54E
E56F
E58F
E5AF
E5CE
E5EB
E607
E621
E63A
E650
E664
E677
E687
E694
E6A0
E6A9
E6B0
E6B4
E6B6
E6B6
E6B4
E6AF
E6A9
E6A0
E695
E689
E67B
E66C
E65B
E649
E635
E621
E60C
E5F7
E5E1
E5CB
E5B5
E59F
E589
E574
E560
E54C
E53A
E529
E51A
E50D
E501
E4F7
E4F0
E4EB
E4E9
E4E9
E4EC
E4F2
E4FB
E508
E517
E52A
E540
E55A
E577
E597
E5BB
E5E3
E60E
E63C
E66D
E6A1
E6D9
E713
E751
E792
E7D5
E81C
E865
E8B0
E8FE
E94E
E9A0
E9F4
EA4A
EAA1
EAFA
EB54
EBAF
EC0B
EC67
ECC4
ED21
ED7E
EDDB
EE38
EE95
EEF1
EF4C
EFA6
EFFF
F056
F0AC
F101
F154
F1A5
F1F5
F243
F28E
F2D8
F31F
F364
F3A6
F3E6
F424
F45F
F498
F4CE
F502
F533
F561
F58D
F5B7
F5DE
F602
F624
F645
F662
F67E
F698
F6B0
F6C6
F6DB
F6EE
F700
F711
F721
F730
F73E
F74C
F759
F766
F773
F77F
F78C
F799
F7A7
F7B5
F7C3
F7D3
F7E3
F7F4
F806
F81A
F82F
F845
F85C
F876
F890
F8AD
F8CB
F8EA
F90C
F92F
F954
F97B
F9A4
F9D0
F9FC
FA2B
FA5B
FA8C
FABF
FAF3
FB28
FB5F
FB96
FBCE
FC07
FC41
FC7B
FCB6
FCF0
FD2B
FD66
FDA0
FDD9
FE13
FE4B
FE82
FEB8
FEEC
FF1F
FF50
FF7E
FFAB
FFD5
FFFC
0021
0043
0062
007D
0094
00A7
00B7
00C1
00C7
00C8
00C5
00BC
00AE
009A
0081
0062
003D
0011
FFE0
FFA9
FF6A
FF26
FEDB
FE89
FE30
FDD1
FD6B
FCFD
FC89
FC0E
FB8C
FB04
FA74
F9DE
F941
F89D
F7F3
F742
F68B
F5CD
F50A
F440
F370
F29A
F1BF
F0DE
EFF8
EF0D
EE1E
ED29
EC30
EB33
EA32
E92D
E826
E71A
E60D
E4FC
E3EA
E2D6
E1C0
E0A9
DF92
DE7A
DD62
DC4B
DB35
DA20
D90C
D7FA
D6EA
D5DE
D4D4
D3CE
D2CC
D1CE
D0D5
CFE1
CEF2
CE0A
CD28
CC4D
CB7A
CAAE
C9EA
C92E
C87C
C7D2
C733
C69D
C611
C591
C51B
C4B1
C452
C400
C3BB
C383
C358
C33A
C32A
C326
C331
C349
C36F
C3A3
C3E5
C435
C494
C500
C57B
C604
C69C
C741
C7F4
C8B5
C984
CA61
CB4A
CC41
CD44
CE54
CF70
D098
D1CC
D30A
D454
D5A8
D707
D870
D9E1
DB5B
DCDD
DE66
DFF5
E18B
E326
E4C6
E66A
E811
E9BC
EB68
ED16
EEC5
F074
F222
F3CF
F57A
F721
F8C6
FA66
FC01
FD96
FF25
00AD
022E
03A5
0514
0679
07D4
0923
0A67
0B9E
0CC9
0DE7
0EF6
0FF8
10EA
11CE
12A2
1367
141B
14BF
1553
15D6
1648
16A9
16F9
1738
1766
1783
178F
178A
1775
174F
1719
16D2
167C
1617
15A2
151F
148E
13EE
1340
1286
11BF
10EC
100E
0F25
0E32
0D35
0C30
0B23
0A0E
08F3
07D2
06AC
0581
0453
0321
01EE
00B9
FF84
FE4F
FD1A
FBE8
FAB7
F98A
F861
F73C
F61C
F501
F3ED
F2E1
F1DC
F0DF
EFEB
EEFF
EE1E
ED46
EC78
EBB5
EAFD
EA50
E9AF
E919
E88F
E811
E79F
E73A
E6E0
E693
E651
E61C
E5F3
E5D5
E5C3
E5BC
E5C1
E5D0
E5EA
E60E
E63C
E673
E6B3
E6FC
E74E
E7A7
E808
E870
E8DD
E950
E9C9
EA46
EAC7
EB4C
EBD4
EC5E
ECEA
ED77
EE06
EE94
EF22
EFB0
F03C
F0C7
F14F
F1D5
F258
F2D7
F353
F3CA
F43D
F4AB
F514
F578
F5D5
F62D
F67F
F6CB
F711
F750
F789
F7BB
F7E6
F80B
F82A
F842
F854
F860
F866
F866
F860
F855
F844
F82F
F815
F7F7
F7D5
F7AF
F785
F759
F72A
F6F9
F6C5
F690
F65A
F623
F5EB
F5B3
F57C
F546
F511
F4DD
F4AA
F479
F44B
F41E
F3F5
F3CE
F3AA
F389
F36C
F352
F33B
F328
F319
F30E
F306
F302
F301
F304
F30A
F314
F320
F330
F342
F357
F36E
F387
F3A1
F3BD
F3DB
F3F9
F418
F437
F456
F474
F490
F4AB
F4C4
F4DB
F4EE
F4FF
F50B
F514
F518
F517
F511
F505
F4F3
F4DB
F4BC
F496
F469
F434
F3F8
F3B4
F367
F313
F2B6
F250
F1E2
F16C
F0ED
F066
EFD7
EF3F
EE9F
EDF7
ED48
EC91
EBD4
EB10
EA45
E975
E8A0
E7C6
E6E8
E606
E522
E43B
E352
E269
E180
E097
DFAF
DECA
DDE7
DD09
DC2E
DB5A
DA8B
D9C3
D904
D84C
D7A0
D6FD
D665
D5D8
D558
D4E5
D47F
D428
D3E0
D3A8
D380
D369
D363
D36F
D38D
D3BE
D402
D459
D4C4
D542
D5D5
D67B
D736
D805
D8E7
D9DD
DAE7
DC05
DD35
DE79
DFCE
E136
E2B0
E43A
E5D5
E77F
E938
EAFE
ECD1
EEB0
F09B
F28F
F48D
F693
F8A0
FAB3
FCCA
FEE6
0104
0324
0543
0762
097F
0B98
0DAD
0FBC
11C4
13C4
15BB
17A8
1989
1B5D
1D24
1EDC
2084
221C
23A2
2516
2677
27C4
28FC
2A1E
2B2B
2C20
2CFF
2DC6
2E76
2F0D
2F8B
2FF1
303E
3072
308D
308F
3078
3049
3002
2FA3
2F2D
2E9F
2DFB
2D42
2C72
2B8F
2A97
298D
286F
2741
2602
24B4
2357
21ED
2077
1EF7
1D6C
1BD8
1A3D
189C
16F5
154B
139D
11EE
103F
0E90
0CE4
0B3A
0995
07F5
065B
04C9
0340
01C0
004A
FEE0
FD82
FC31
FAEE
F9BA
F895
F77F
F67A
F586
F4A2
F3D1
F311
F263
F1C8
F13F
F0C8
F064
F013
EFD3
EFA6
EF8B
EF81
EF88
EFA0
EFC8
F000
F047
F09D
F100
F171
F1EE
F276
F30A
F3A7
F44D
F4FB
F5B0
F66C
F72E
F7F3
F8BC
F987
FA53
FB1F
FBEA
FCB3
FD7A
FE3C
FEFA
FFB2
0063
010D
01AF
0248
02D7
035B
03D4
0441
04A2
04F6
053C
0575
059F
05BB
05C7
05C5
05B3
0592
0562
0524
04D6
0479
040D
0393
030A
0273
01CE
011D
005E
FF94
FEBE
FDDD
FCF2
FBFE
FB01
F9FC
F8F0
F7DE
F6C6
F5AA
F48B
F369
F246
F122
EFFE
EEDC
EDBC
EC9F
EB87
EA74
E967
E863
E767
E673
E58A
E4AC
E3D8
E312
E258
E1AC
E10F
E081
E002
DF93
DF35
DEE9
DEAD
DE84
DE6C
DE67
DE74
DE94
DEC6
DF0B
DF62
DFCC
E048
E0D6
E176
E227
E2EA
E3BD
E4A0
E594
E697
E7A8
E8C7
E9F3
EB2C
EC70
EDBF
EF17
F079
F1E3
F354
F4CC
F648
F7CA
F94E
FAD5
FC5E
FDE7
FF6F
00F6
027A
03FB
0578
06EF
0860
09CA
0B2C
0C85
0DD4
0F19
1053
1181
12A3
13B8
14BE
15B7
16A0
177A
1844
18FE
19A7
1A40
1AC7
1B3D
1BA2
1BF6
1C38
1C68
1C87
1C95
1C92
1C7D
1C58
1C23
1BDE
1B88
1B24
1AB1
1A2F
19A0
1903
1859
17A4
16E3
1618
1542
1462
137A
128A
1192
1094
0F90
0E87
0D7A
0C6A
0B57
0A42
092C
0816
0700
05EC
04DA
03CB
02BF
01B7
00B5
FFB7
FEC0
FDD0
FCE7
FC06
FB2C
FA5C
F995
F8D7
F822
F778
F6D7
F641
F5B6
F536
F4C1
F457
F3F8
F3A5
F35D
F321
F2EF
F2C9
F2AF
F29F
F29A
F29F
F2AF
F2CA
F2EE
F31C
F353
F393
F3DB
F42C
F485
F4E5
F54C
F5BA
F62D
F6A6
F722
F7A3
F828
F8B0
F93B
F9CA
FA5A
FAEC
FB7F
FC14
FCA8
FD3C
FDD0
FE63
FEF4
FF84
0011
009C
0123
01A8
0228
02A5
031E
0391
0401
046B
04CF
052F
0588
05DC
062A
0671
06B1
06EB
071E
074B
0772
0792
07AC
07C0
07CD
07D4
07D5
07D0
07C5
07B4
079E
0781
075F
0738
070B
06DA
06A3
0668
0628
05E4
059B
054F
04FE
04AA
0453
03F8
039A
0339
02D5
026F
0206
019C
012F
00C0
0050
FFDE
FF6A
FEF6
FE80
FE0A
FD93
FD1B
FCA2
FC29
FBB0
FB37
FABE
FA45
F9CB
F953
F8DA
F862
F7EA
F773
F6FC
F687
F611
F59D
F529
F4B6
F445
F3D4
F364
F2F6
F288
F21B
F1AF
F145
F0DB
F072
F00B
EFA4
EF3F
EEDB
EE78
EE16
EDB5
ED56
ECF7
EC9A
EC3F
EBE4
EB8B
EB34
EADE
EA89
EA36
E9E4
E994
E945
E8F8
E8AD
E864
E81C
E7D6
E792
E750
E710
E6D2
E696
E65C
E625
E5EF
E5BB
E58A
E55B
E52E
E504
E4DC
E4B6
E492
E471
E453
E436
E41C
E405
E3F0
E3DE
E3CD
E3C0
E3B5
E3AC
E3A6
E3A2
E3A2
E3A4
E3A9
E3B0
E3B9
E3C5
E3D3
E3E4
E3F6
E40C
E423
E43D
E459
E477
E498
E4BB
E4E0
E508
E532
E55E
E58C
E5BD
E5F0
E626
E65D
E698
E6D4
E713
E755
E799
E7DF
E828
E876
E8C6
E919
E96F
E9C7
EA23
EA82
EAE3
EB48
EBB0
EC1B
EC8A
ECFC
ED71
EDEB
EE67
EEE8
EF6D
EFF5
F082
F113
F1A8
F241
F2DF
F381
F428
F4D3
F584
F639
F6F2
F7B1
F875
F93D
FA0B
FADE
FBB6
FC94
FD76
FE5E
FF4A
003C
0132
022E
032E
0433
053C
064A
075C
0873
098D
0AAB
0BCD
0CF2
0E1A
0F45
1073
11A3
12D5
140A
153F
1676
17AE
18E7
1A1F
1B57
1C8E
1DC4
1EF9
202C
215E
228E
23BA
24E4
260A
272D
284B
2965
2A7A
2B8A
2C93
2D97
2E94
2F8B
307A
3162
3242
331A
33E9
34B0
356D
3621
36CB
376C
3802
388E
390F
3984
39EF
3A4E
3AA1
3AEA
3B26
3B58
3B7D
3B97
3BA5
3BA7
3B9E
3B89
3B69
3B3D
3B06
3AC4
3A77
3A1F
39BD
3950
38D9
3859
37CF
373B
369F
35FA
354D
3497
33DB
3316
324B
317A
30A3
2FC6
2EE4
2DFC
2D10
2C20
2B2D
2A36
293C
283F
2741
2640
253F
243C
2339
2235
2132
202F
1F2D
1E2D
1D2E
1C30
1B35
1A3C
1946
1853
1763
1676
158D
14A8
13C7
12EB
1214
1141
1072
0FA9
0EE4
0E24
0D6A
0CB4
0C04
0B58
0AB2
0A11
0974
08DD
084B
07BD
0734
06B0
0630
05B5
053E
04CB
045D
03F2
038B
0328
02C8
026B
0212
01BB
0167
0117
00C9
007D
0033
FFEC
FFA7
FF63
FF21
FEE1
FEA2
FE65
FE29
FDEE
FDB4
FD7B
FD42
FD0B
FCD4
FC9E
FC69
FC34
FC00
FBCC
FB99
FB66
FB34
FB02
FAD0
FA9F
FA6F
FA3F
FA0F
F9E0
F9B2
F984
F957
F92A
F8FE
F8D2
F8A7
F87E
F854
F82C
F805
F7DE
F7B8
F794
F770
F74D
F72C
F70B
F6EB
F6CD
F6AF
F693
F677
F65D
F643
F62A
F612
F5FB
F5E5
F5CF
F5BA
F5A6
F592
F57F
F56C
F559
F546
F532
F51E
F50A
F4F5
F4DF
F4C8
F4B0
F496
F47C
F45F
F441
F421
F3FF
F3DB
F3B5
F38C
F360
F332
F301
F2CD
F297
F25D
F220
F1E0
F19C
F156
F10D
F0C2
F073
F021
EFCB
EF73
EF17
EEB9
EE57
EDF2
ED8B
ED22
ECB6
EC47
EBD7
EB65
EAF2
EA7E
EA08
E992
E91C
E8A5
E82F
E7BA
E746
E6D3
E662
E5F3
E586
E51D
E4B7
E455
E3F9
E3A1
E34F
E302
E2BB
E27B
E241
E20F
E1E4
E1C1
E1A7
E196
E18D
E18F
E19A
E1B0
E1CF
E1FA
E230
E271
E2BE
E316
E37A
E3EA
E466
E4EE
E583
E623
E6D0
E789
E84E
E91F
E9FC
EAE4
EBD8
ECD7
EDE1
EEF5
F014
F13C
F26E
F3A9
F4ED
F639
F78C
F8E7
FA48
FBAF
FD1B
FE8C
0000
0178
02F3
0470
05EE
076C
08EA
0A67
0BE2
0D5B
0ED0
1041
11AD
1314
1472
15C9
1717
185E
199A
1ACD
1BF4
1D10
1E20
1F23
2019
2100
21D9
22A3
235E
2408
24A2
252B
25A2
2609
265D
269F
26D0
26ED
26F9
26F2
26D8
26AB
266C
261B
25B7
2542
24B8
241D
2370
22B3
21E5
2107
201A
1F1E
1E13
1CFA
1BD4
1AA2
1963
1819
16C4
1565
13FE
128D
1116
0F97
0E13
0C89
0AFB
096A
07D6
0640
04A9
0313
017D
FFEA
FE58
FCCA
FB40
F9BA
F83B
F6C2
F551
F3E9
F289
F133
EFE8
EEA7
ED72
EC4A
EB2E
EA1F
E91E
E82B
E746
E670
E5A9
E4F2
E44A
E3B2
E32A
E2B2
E24A
E1F2
E1AB
E173
E14B
E133
E12B
E132
E148
E16D
E1A1
E1E4
E234
E292
E2FD
E375
E3F9
E489
E524
E5C9
E679
E732
E7F4
E8BE
E98F
EA68
EB46
EC2B
ED14
EE01
EEF2
EFE5
F0DB
F1D2
F2CA
F3C2
F4B9
F5AF
F6A4
F795
F884
F96E
FA55
FB36
FC12
FCE9
FDB8
FE81
FF43
FFFD
00AE
0158
01F8
028F
031D
03A1
041B
048B
04F1
054C
059C
05E2
061E
064E
0674
068F
069F
06A5
06A0
0691
0678
0654
0627
05F0
05AF
0565
0512
04B7
0453
03E7
0373
02F8
0276
01ED
015E
00C9
002E
FF8F
FEEA
FE41
FD95
FCE4
FC31
FB7B
FAC3
FA08
F94C
F88F
F7D1
F713
F655
F597
F4DA
F41E
F364
F2AC
F1F5
F141
F090
EFE2
EF36
EE8F
EDEB
ED4A
ECAF
EC17
EB84
EAF6
EA6D
E9E9
E96A
E8F1
E87D
E80F
E7A7
E745
E6E9
E693
E643
E5F9
E5B5
E578
E542
E511
E4E7
E4C4
E4A8
E492
E483
E47A
E477
E47B
E486
E497
E4AE
E4CB
E4EF
E519
E549
E580
E5BD
E600
E649
E697
E6EC
E747
E7A8
E80F
E87B
E8EE
E965
E9E3
EA66
EAEF
EB7D
EC10
ECA9
ED47
EDEB
EE95
EF43
EFF6
F0AE
F16B
F22C
F2F1
F3BB
F489
F55C
F632
F70C
F7E9
F8CA
F9AF
FA96
FB81
FC6E
FD5E
FE50
FF45
003B
0134
022D
0329
0425
0522
061F
071C
081A
0917
0A14
0B10
0C0B
0D04
0DFC
0EF1
0FE3
10D2
11BE
12A7
138B
146B
1547
161E
16EF
17BB
1880
1940
19F9
1AAB
1B55
1BF9
1C94
1D28
1DB3
1E35
1EAF
1F1F
1F86
1FE4
2038
2082
20C0
20F5
211F
213E
2153
215D
215C
2151
213B
2119
20EE
20B7
2076
202A
1FD3
1F72
1F07
1E92
1E13
1D8A
1CF8
1C5C
1BB8
1B0B
1A55
1998
18D3
1806
1733
1658
1578
1492
13A5
12B3
11BC
10C2
0FC4
0EC3
0DBF
0CBA
0BB3
0AAC
09A3
089B
0794
068D
0588
0486
0385
0288
018E
0099
FFA8
FEBB
FDD4
FCF3
FC18
FB44
FA76
F9B0
F8F2
F83B
F78D
F6E7
F649
F5B5
F529
F4A7
F42F
F3C0
F35C
F301
F2B1
F26A
F22E
F1FC
F1D4
F1B7
F1A4
F19A
F19B
F1A6
F1BA
F1D8
F1FF
F230
F269
F2AB
F2F6
F349
F3A3
F405
F46E
F4DE
F555
F5D1
F654
F6DC
F769
F7FA
F88E
F927
F9C2
FA60
FB01
FBA3
FC46
FCEA
FD8F
FE34
FED8
FF7C
001F
00C0
015F
01FC
0296
032E
03C2
0452
04DE
0566
05EA
0668
06E2
0756
07C5
082E
0892
08EF
0947
0997
09E2
0A26
0A63
0A99
0AC9
0AF2
0B14
0B2F
0B44
0B52
0B59
0B59
0B54
0B47
0B35
0B1C
0AFE
0AD9
0AAF
0A80
0A4B
0A11
09D3
098F
0948
08FC
08AC
0859
0802
07A9
074D
06EE
068C
0629
05C4
055D
04F5
048C
0421
03B7
034B
02E0
0274
0209
019E
0134
00CA
0062
FFFA
FF94
FF2F
FECB
FE69
FE09
FDAA
FD4E
FCF3
FC9A
FC44
FBEF
FB9D
FB4E
FB00
FAB5
FA6C
FA25
F9E0
F99E
F95D
F91F
F8E3
F8A9
F871
F83B
F807
F7D5
F7A4
F776
F749
F71D
F6F4
F6CC
F6A5
F67F
F65B
F639
F617
F5F7
F5D7
F5B9
F59C
F580
F564
F54A
F530
F517
F4FF
F4E7
F4D1
F4BB
F4A5
F491
F47D
F46A
F458
F447
F437
F428
F41A
F40D
F402
F3F9
F3F1
F3EA
F3E6
F3E3
F3E2
F3E4
F3E8
F3EE
F3F7
F402
F410
F422
F436
F44E
F468
F486
F4A8
F4CD
F4F6
F523
F554
F588
F5C1
F5FE
F63F
F685
F6CF
F71D
F770
F7C8
F824
F885
F8EA
F954
F9C2
FA35
FAAD
FB29
FBAA
FC2E
FCB7
FD45
FDD6
FE6B
FF03
FF9F
003E
00E1
0186
022F
02DB
0389
0439
04EC
05A0
0657
070E
07C8
0882
093D
09F8
0AB4
0B70
0C2B
0CE6
0DA0
0E5A
0F12
0FC8
107D
112F
11DF
128D
1338
13E0
1485
1524
15BF
1656
16EA
1779
1803
1889
190B
1987
19FE
1A71
1ADE
1B45
1BA8
1C05
1C5C
1CAE
1CFA
1D41
1D82
1DBD
1DF3
1E24
1E4F
1E74
1E95
1EB0
1EC6
1ED7
1EE3
1EEA
1EEC
1EE9
1EE2
1ED6
1EC7
1EB3
1E9C
1E81
1E63
1E41
1E1D
1DF5
1DCB
1D9E
1D6F
1D3D
1D0A
1CD5
1C9D
1C65
1C2B
1BEF
1BB2
1B75
1B36
1AF6
1AB6
1A75
1A34
19F2
19AF
196D
192A
18E9
18A7
1866
1824
17E2
17A1
175F
171D
16DA
1698
1655
1612
15CE
158A
1545
14FF
14B8
1470
1427
13DD
1391
1344
12F5
12A4
1252
11FD
11A5
114C
10F0
1091
102F
0FCB
0F64
0EFB
0E8E
0E1E
0DAA
0D34
0CB9
0C3C
0BBA
0B36
0AAD
0A21
0992
08FF
0869
07CF
0732
0692
05EE
0548
049F
03F4
0346
0296
01E3
012F
007A
FFC3
FF0B
FE52
FD99
FCDF
FC25
FB6C
FAB3
F9FB
F945
F890
F7DE
F72E
F681
F5D8
F532
F490
F3F3
F35A
F2C7
F239
F1B1
F12F
F0B4
F040
EFD3
EF6E
EF11
EEBC
EE6F
EE2B
EDF0
EDBE
ED96
ED77
ED62
ED57
ED56
ED5E
ED71
ED8F
EDB6
EDE8
EE24
EE6A
EEBA
EF14
EF78
EFE5
F05C
F0DC
F164
F1F6
F28F
F331
F3DB
F48B
F543
F601
F6C6
F790
F85F
F933
FA0B
FAE6
FBC5
FCA7
FD8B
FE71
FF59
0042
012B
0214
02FC
03E2
04C6
05A8
0687
0762
0838
090B
09D8
0A9F
0B61
0C1C
0CD1
0D7E
0E23
0EC1
0F56
0FE3
1067
10E2
1154
11BD
121C
1271
12BD
12FF
1338
1366
138D
13AA
13BE
13C8
13CA
13C3
13B3
139B
137C
1355
1326
12F1
12B5
1274
122D
11E1
1191
113D
10E5
108A
102E
0FCF
0F70
0F0F
0EAF
0E50
0DF2
0D96
0D3C
0CE5
0C92
0C43
0BF9
0BB5
0B77
0B3F
0B0D
0AE3
0AC1
0AA6
0A94
0A8B
0A8A
0A93
0AA6
0AC2
0AE8
0B19
0B53
0B98
0BE7
0C40
0CA4
0D11
0D89
0E0A
0E94
0F28
0FC4
106A
1117
11CC
1288
134B
1415
14E5
15B9
1692
176F
184F
1931
1A15
1AF9
1BDE
1CC2
1DA5
1E86
1F63
203C
2111
21DF
22A8
2369
2422
24D1
2578
2613
26A3
2727
279F
2809
2864
28B1
28EE
291B
2938
2943
293C
2923
28F8
28BA
286A
2806
278F
2704
2666
25B5
24F0
2418
232C
222D
211C
1FF8
1EC2
1D7A
1C21
1AB8
193E
17B5
161C
1476
12C2
1102
0F36
0D5F
0B7E
0994
07A3
05A9
03A9
01A5
FF9C
FD92
FB85
F979
F76D
F564
F35E
F15C
EF5F
ED6A
EB7C
E997
E7BC
E5EC
E428
E272
E0CA
DF31
DDA8
DC30
DACA
D977
D837
D70B
D5F5
D4F4
D409
D335
D278
D1D1
D143
D0CD
D06F
D02A
CFFD
CFE9
CFEE
D00C
D041
D08F
D0F5
D173
D207
D2B2
D374
D44A
D536
D636
D749
D86F
D9A6
DAEE
DC46
DDAD
DF22
E0A3
E231
E3C8
E56A
E713
E8C4
EA7A
EC35
EDF3
EFB3
F175
F336
F4F6
F6B3
F86C
FA21
FBCF
FD75
FF13
00A7
0231
03AF
0520
0683
07D8
091D
0A51
0B74
0C86
0D85
0E70
0F48
100B
10BA
1153
11D6
1244
129C
12DD
1309
131E
131C
1304
12D6
1292
1238
11C9
1145
10AD
1000
0F40
0E6D
0D87
0C90
0B87
0A6F
0947
0811
06CD
057C
041F
02B7
0145
FFCB
FE48
FCBF
FB2F
F99B
F803
F668
F4CC
F330
F194
EFF9
EE60
ECCB
EB3A
E9AE
E828
E6A9
E532
E3C4
E25F
E104
DFB3
DE6F
DD36
DC0A
DAEC
D9DB
D8D8
D7E5
D700
D62A
D564
D4AE
D407
D371
D2EB
D275
D20F
D1B9
D174
D13E
D117
D101
D0F9
D100
D115
D138
D169
D1A7
D1F2
D248
D2AB
D318
D390
D411
D49C
D52F
D5CA
D66C
D715
D7C4
D878
D931
D9EE
DAAE
DB71
DC35
DCFB
DDC2
DE89
DF4F
E013
E0D6
E196
E254
E30F
E3C6
E47A
E529
E5D4
E679
E71A
E7B5
E84A
E8DA
E963
E9E7
EA64
EADB
EB4B
EBB6
EC1A
EC77
ECCF
ED21
ED6D
EDB4
EDF5
EE31
EE68
EE9B
EEC9
EEF3
EF19
EF3B
EF5A
EF77
EF91
EFAA
EFC2
EFD8
EFEE
F004
F01A
F031
F049
F062
F07D
F09B
F0BB
F0DE
F104
F12E
F15C
F18E
F1C5
F200
F240
F286
F2D0
F320
F376
F3D1
F432
F499
F505
F576
F5ED
F66A
F6ED
F775
F802
F894
F92B
F9C7
FA67
FB0B
FBB4
FC5F
FD0E
FDBF
FE73
FF29
FFE0
0099
0152
020C
02C6
037E
0436
04ED
05A1
0653
0702
07AE
0856
08FA
0998
0A31
0AC5
0B54
0BDC
0C5D
0CD8
0D4C
0DB9
0E1E
0E7B
0ECF
0F1C
0F60
0F9B
0FCD
0FF6
1016
102E
103C
1041
103C
102F
1019
0FFA
0FD2
0FA2
0F6A
0F29
0EE1
0E91
0E39
0DDB
0D76
0D0B
0C9A
0C24
0BA8
0B28
0AA3
0A1B
0990
0901
0870
07DE
0749
06B4
061E
0588
04F3
045E
03CA
0339
02A9
021C
0191
010A
0087
0008
FF8D
FF16
FEA5
FE39
FDD2
FD72
FD18
FCC4
FC76
FC2F
FBED
FBB2
FB7D
FB4F
FB26
FB04
FAE9
FAD3
FAC4
FABA
FAB6
FAB8
FABF
FACB
FADC
FAF2
FB0C
FB29
FB4B
FB70
FB98
FBC3
FBEF
FC1E
FC4E
FC80
FCB2
FCE5
FD17
FD49
FD7B
FDAA
FDD8
FE04
FE2D
FE54
FE77
FE96
FEB2
FEC9
FEDC
FEEA
FEF3
FEF7
FEF5
FEEE
FEE1
FECE
FEB5
FE96
FE71
FE45
FE14
FDDC
FD9F
FD5B
FD11
FCC2
FC6E
FC12
FBB2
FB4D
FAE3
FA75
FA02
F98C
F913
F897
F818
F797
F714
F690
F60C
F586
F501
F47D
F3FA
F378
F2F8
F27B
F201
F18B
F118
F0AB
F042
EFDF
EF81
EF2B
EEDB
EE92
EE51
EE19
EDE8
EDC1
EDA2
ED8D
ED82
ED80
ED89
ED9C
EDBA
EDE3
EE16
EE54
EE9D
EEF1
EF50
EFBA
F02F
F0AF
F139
F1CE
F26D
F316
F3C9
F485
F54B
F619
F6F0
F7CF
F8B6
F9A4
FA99
FB95
FC97
FD9F
FEAA
FFBA
00CD
01E4
02FC
0416
0531
064D
0768
0883
099C
0AB3
0BC8
0CD9
0DE7
0EF1
0FF5
10F4
11EE
12E0
13CC
14B0
158C
1660
172B
17EC
18A4
1952
19F6
1A90
1B1F
1BA3
1C1C
1C89
1CEA
1D3F
1D88
1DC5
1DF6
1E1B
1E34
1E41
1E42
1E37
1E20
1DFE
1DD0
1D98
1D54
1D06
1CAE
1C4C
1BE0
1B6C
1AEE
1A68
19DA
1945
18A8
1805
175C
16AE
15FB
1543
1488
13C8
1305
1240
1178
10AF
0FE5
0F1A
0E4F
0D84
0CBA
0BF1
0B2A
0A64
09A2
08E2
0825
076C
06B7
0606
055A
04B3
0410
0373
02DC
024A
01BE
0138
00B8
003F
FFCD
FF60
FEFA
FE9B
FE42
FDEF
FDA2
FD5B
FD1B
FCE0
FCAB
FC7C
FC52
FC2D
FC0E
FBF3
FBDD
FBCB
FBBD
FBB3
FBAD
FBAA
FBA9
FBAC
FBB1
FBB8
FBC0
FBCA
FBD6
FBE2
FBEF
FBFB
FC08
FC14
FC20
FC2B
FC35
FC3E
FC45
FC4B
FC4F
FC51
FC51
FC4E
FC49
FC42
FC37
FC2A
FC1B
FC08
FBF3
FBDA
FBBF
FBA1
FB80
FB5D
FB37
FB0E
FAE3
FAB6
FA86
FA55
FA21
F9EB
F9B4
F97B
F941
F907
F8CC
F891
F855
F81A
F7E0
F7A6
F76D
F736
F700
F6CD
F69B
F66C
F640
F616
F5F0
F5CE
F5AF
F595
F57E
F56C
F55F
F557
F554
F556
F55E
F56B
F57E
F597
F5B6
F5DB
F606
F638
F66F
F6AD
F6F1
F73B
F78B
F7E1
F83C
F89E
F905
F972
F9E4
FA5C
FAD8
FB59
FBDF
FC68
FCF6
FD88
FE1D
FEB5
FF50
FFEE
008E
0130
01D3
0278
031D
03C4
046C
0513
05B9
065F
0704
07A7
0848
08E6
0982
0A1B
0AB0
0B42
0BCF
0C58
0CDD
0D5C
0DD6
0E4B
0EB9
0F22
0F84
0FE0
1035
1083
10CA
1109
1142
1173
119C
11BE
11D8
11EB
11F6
11F9
11F4
11E8
11D5
11BA
1197
116D
113C
1105
10C6
1081
1035
0FE3
0F8B
0F2E
0ECB
0E62
0DF5
0D83
0D0D
0C93
0C15
0B94
0B0F
0A88
09FE
0972
08E4
0855
07C4
0733
06A0
060D
057B
04E8
0456
03C5
0335
02A7
021A
018F
0107
0081
FFFD
FF7D
FF00
FE86
FE0F
FD9D
FD2E
FCC3
FC5C
FBFA
FB9B
FB41
FAEC
FA9B
FA4F
FA07
F9C3
F985
F94A
F914
F8E2
F8B5
F88B
F866
F844
F827
F80D
F7F6
F7E3
F7D3
F7C6
F7BC
F7B5
F7B0
F7AE
F7AD
F7AE
F7B1
F7B6
F7BB
F7C2
F7C9
F7D2
F7DA
F7E3
F7EC
F7F5
F7FD
F805
F80C
F813
F818
F81C
F81F
F820
F821
F820
F81D
F819
F813
F80B
F802
F7F7
F7EA
F7DB
F7CB
F7B9
F7A5
F78F
F778
F75F
F745
F72A
F70D
F6EF
F6D0
F6B1
F690
F670
F64F
F62E
F60C
F5EC
F5CA
F5A9
F589
F56A
F54D
F531
F517
F4FF
F4EA
F4D7
F4C8
F4BB
F4B2
F4AC
F4AB
F4AD
F4B4
F4BF
F4CE
F4E3
F4FD
F51C
F540
F56A
F599
F5CE
F609
F64A
F691
F6DD
F730
F789
F7E6
F848
F8B1
F91F
F993
FA0D
FA8B
FB10
FB99
FC27
FCBA
FD52
FDEE
FE8E
FF32
FFDA
0084
0132
01E3
0296
034B
0402
04BA
0573
062D
06E7
07A0
0859
0911
09C7
0A7B
0B2D
0BDC
0C87
0D2F
0DD2
0E71
0F0A
0F9E
102C
10B4
1135
11AE
1220
128A
12EC
1345
1395
13DC
1419
144C
1474
1493
14A6
14AF
14AC
149F
1486
1462
1432
13F6
13AF
135C
12FE
1295
1221
11A2
1117
1082
0FE2
0F37
0E82
0DC2
0CF9
0C26
0B4A
0A65
0977
0882
0785
0680
0575
0463
034C
022F
010E
FFE8
FEBF
FD92
FC64
FB33
FA01
F8CE
F79B
F669
F538
F40A
F2DE
F1B6
F091
EF71
EE55
ED40
EC30
EB28
EA27
E92D
E83D
E755
E677
E5A3
E4DA
E41B
E369
E2C2
E227
E199
E118
E0A5
E03F
DFE7
DF9E
DF62
DF35
DF17
DF08
DF07
DF16
DF33
DF5F
DF9A
DFE4
E03C
E0A3
E118
E19C
E22D
E2CC
E379
E432
E4F8
E5CA
E6A8
E792
E886
E985
EA8E
EBA0
ECBB
EDDE
EF09
F03B
F174
F2B2
F3F6
F53D
F689
F7D8
F929
FA7C
FBCF
FD23
FE76
FFC9
0119
0267
03B2
04FA
063C
077A
08B2
09E3
0B0E
0C30
0D4B
0E5C
0F64
1063
1157
1240
131D
13EF
14B5
156E
161B
16BA
174C
17D0
1846
18AF
1909
1955
1992
19C1
19E2
19F4
19F8
19EF
19D7
19B1
197E
193D
18F0
1895
182E
17BC
173D
16B3
161F
1580
14D8
1426
136C
12A9
11DF
110F
1038
0F5B
0E7A
0D94
0CAB
0BBF
0AD1
09E1
08F1
0801
0712
0624
0538
044F
036A
028A
01AE
00D8
0009
FF40
FE80
FDC8
FD19
FC73
FBD8
FB47
FAC2
FA48
F9DB
F97A
F927
F8E1
F8A8
F87E
F862
F855
F856
F867
F887
F8B6
F8F4
F941
F99E
FA0A
FA85
FB0F
FBA7
FC4E
FD04
FDC8
FE99
FF77
0063
015B
025F
036F
048A
05AF
06DE
0817
0958
0AA1
0BF1
0D48
0EA5
1007
116D
12D6
1443
15B1
1720
1890
19FF
1B6D
1CD8
1E40
1FA4
2103
225D
23B0
24FB
263E
2779
28A9
29CF
2AEA
2BF9
2CFB
2DEF
2ED6
2FAD
3076
312E
31D7
326E
32F4
3368
33CA
3419
3456
347F
3495
3497
3485
345F
3425
33D8
3376
32FF
3275
31D8
3126
3061
2F89
2E9E
2DA0
2C91
2B70
2A3D
28FA
27A6
2643
24D1
2351
21C3
2028
1E81
1CCE
1B11
1949
1779
15A1
13C1
11DB
0FEF
0DFF
0C0A
0A13
081A
0620
0427
022E
0037
FE43
FC52
FA67
F880
F6A0
F4C7
F2F7
F12F
EF71
EDBD
EC14
EA78
E8E8
E765
E5F0
E48A
E332
E1EA
E0B3
DF8B
DE75
DD70
DC7D
DB9B
DACC
DA0F
D965
D8CE
D849
D7D8
D779
D72E
D6F5
D6CF
D6BB
D6BA
D6CB
D6ED
D722
D767
D7BD
D823
D899
D91E
D9B2
DA54
DB03
DBC0
DC89
DD5E
DE3D
DF27
E01A
E116
E21B
E326
E438
E550
E66C
E78D
E8B1
E9D7
EB00
EC29
ED53
EE7C
EFA4
F0CB
F1EF
F30F
F42C
F544
F657
F764
F86C
F96C
FA65
FB56
FC3F
FD1F
FDF6
FEC4
FF88
0042
00F1
0196
0230
02C0
0344
03BD
042A
048C
04E2
052D
056D
05A2
05CB
05EA
05FE
0608
0608
05FE
05EA
05CE
05A8
057B
0545
0508
04C4
047A
0429
03D3
0379
0319
02B6
0250
01E6
017A
010D
009E
002F
FFC0
FF51
FEE2
FE76
FE0A
FDA2
FD3C
FCD9
FC7A
FC1F
FBC8
FB76
FB29
FAE1
FA9F
FA63
FA2E
F9FE
F9D6
F9B4
F999
F985
F978
F972
F974
F97C
F98C
F9A3
F9C1
F9E6
FA11
FA44
FA7D
FABC
FB02
FB4D
FB9F
FBF6
FC51
FCB2
FD18
FD81
FDEE
FE5F
FED2
FF49
FFC1
003C
00B7
0134
01B2
022F
02AD
0329
03A5
0420
0498
050F
0582
05F4
0661
06CC
0732
0795
07F3
084D
08A2
08F2
093E
0983
09C4
09FF
0A34
0A63
0A8D
0AB1
0ACF
0AE7
0AFA
0B07
0B0E
0B10
0B0D
0B04
0AF7
0AE4
0ACD
0AB1
0A91
0A6E
0A46
0A1B
09ED
09BC
0989
0953
091C
08E3
08AA
086F
0833
07F7
07BC
0780
0746
070C
06D3
069C
0667
0634
0603
05D5
05AA
0581
055C
053A
051C
0501
04EA
04D7
04C8
04BD
04B6
04B3
04B4
04B9
04C2
04CF
04DF
04F4
050B
0527
0545
0567
058B
05B2
05DC
0607
0634
0662
0692
06C2
06F3
0724
0754
0784
07B2
07E0
080B
0835
085B
087F
08A0
08BD
08D6
08EB
08FC
0907
090E
090F
0909
08FE
08ED
08D6
08B9
0896
086C
083B
0804
07C6
0782
0736
06E5
068C
062D
05C7
055C
04EA
0472
03F5
0372
02EA
025D
01CC
0137
009E
0002
FF63
FEC1
FE1E
FD79
FCD4
FC2E
FB88
FAE3
FA40
F99E
F8FF
F864
F7CC
F738
F6A9
F620
F59D
F521
F4AC
F43F
F3DA
F37E
F32B
F2E2
F2A3
F270
F247
F22A
F219
F214
F21B
F22F
F251
F27F
F2BB
F304
F35B
F3C0
F433
F4B3
F540
F5DB
F683
F737
F7F9
F8C6
F9A0
FA85
FB76
FC72
FD79
FE89
FFA3
00C6
01F1
0324
045E
059E
06E5
0830
097F
0AD3
0C28
0D80
0ED9
1032
118B
12E3
1438
158A
16D8
1822
1965
1AA2
1BD8
1D06
1E2A
1F45
2056
215B
2254
2341
2421
24F2
25B5
266A
270F
27A3
2828
289C
28FE
294F
298F
29BC
29D8
29E1
29D8
29BC
298E
294E
28FC
2897
2821
2799
2700
2656
259B
24D0
23F4
230A
2210
2108
1FF3
1ED0
1DA1
1C65
1B1F
19CE
1873
1710
15A4
1431
12B7
1137
0FB3
0E2A
0C9E
0B10
0980
07EF
065F
04D0
0342
01B8
0031
FEAF
FD31
FBBA
FA49
F8DF
F77D
F624
F4D3
F38D
F250
F11F
EFF9
EEDE
EDD0
ECCE
EBD9
EAF1
EA16
E949
E88A
E7D9
E736
E6A0
E619
E5A0
E536
E4D9
E489
E448
E414
E3EE
E3D5
E3C9
E3C9
E3D5
E3EC
E40F
E43D
E475
E4B7
E502
E556
E5B2
E616
E681
E6F3
E76B
E7E8
E86A
E8F1
E97B
EA08
EA98
EB29
EBBD
EC51
ECE5
ED79
EE0C
EE9E
EF2E
EFBC
F047
F0D0
F155
F1D6
F253
F2CC
F33F
F3AC
F415
F477
F4D3
F529
F578
F5C0
F601
F63C
F66F
F69B
F6BF
F6DD
F6F3
F701
F709
F709
F703
F6F5
F6E0
F6C5
F6A4
F67C
F64E
F61A
F5E1
F5A4
F561
F51A
F4CE
F47E
F42A
F3D2
F378
F31A
F2B9
F256
F1F2
F18B
F123
F0B9
F04F
EFE4
EF78
EF0D
EEA2
EE37
EDCC
ED63
ECFB
EC94
EC2F
EBCB
EB6A
EB0A
EAAD
EA53
E9FB
E9A6
E954
E905
E8B9
E870
E82B
E7E9
E7AB
E770
E739
E706
E6D6
E6AA
E683
E65F
E63F
E622
E60A
E5F6
E5E5
E5D9
E5D0
E5CC
E5CB
E5CE
E5D6
E5E1
E5F0
E603
E61A
E635
E653
E675
E69B
E6C5
E6F2
E724
E75A
E793
E7D1
E813
E858
E8A2
E8F0
E942
E998
E9F3
EA51
EAB4
EB1B
EB87
EBF6
EC6A
ECE3
ED60
EDE1
EE66
EEF0
EF7E
F011
F0A8
F143
F1E2
F286
F32E
F3D9
F489
F53D
F5F4
F6AF
F76D
F82F
F8F4
F9BC
FA87
FB54
FC24
FCF6
FDCA
FE9F
FF76
004E
0127
0200
02D9
03B2
048B
0563
0639
070E
07E0
08B1
097E
0A48
0B0E
0BD1
0C8F
0D48
0DFC
0EAA
0F52
0FF3
108D
1120
11AB
122D
12A7
1318
1380
13DE
1432
147C
14BC
14F0
151A
1538
154B
1553
154E
153E
1522
14FA
14C6
1485
1439
13E1
137D
130D
1291
120A
1177
10DA
1032
0F7F
0EC2
0DFC
0D2C
0C52
0B70
0A86
0994
089B
079A
0694
0587
0476
0360
0245
0127
0007
FEE4
FDBF
FC99
FB73
FA4D
F929
F805
F6E4
F5C6
F4AB
F395
F283
F177
F071
EF71
EE78
ED87
EC9E
EBBE
EAE6
EA17
E953
E898
E7E7
E741
E6A5
E614
E58F
E514
E4A5
E441
E3E8
E39B
E359
E321
E2F5
E2D4
E2BD
E2B1
E2AE
E2B6
E2C8
E2E4
E309
E336
E36B
E3A8
E3EB
E435
E485
E4DB
E535
E594
E5F6
E65B
E6C3
E72C
E796
E801
E86C
E8D6
E93E
E9A5
EA09
EA69
EAC6
EB1E
EB72
EBC0
EC08
EC49
EC83
ECB7
ECE4
ED08
ED25
ED38
ED43
ED44
ED3C
ED2A
ED0E
ECE9
ECBA
EC81
EC3E
EBF2
EB9C
EB3D
EAD5
EA63
E9EA
E968
E8DE
E84D
E7B4
E715
E670
E5C6
E517
E463
E3AC
E2F1
E234
E175
E0B7
DFF7
DF38
DE7A
DDBE
DD05
DC4E
DB9C
DAEF
DA46
D9A4
D909
D875
D7EA
D767
D6EE
D67F
D61A
D5C1
D573
D532
D4FD
D4D6
D4BC
D4B0
D4B1
D4C2
D4E1
D50F
D54B
D597
D5F2
D65C
D6D6
D75E
D7F5
D89B
D950
DA12
DAE2
DBC0
DCAB
DDA3
DEA7
DFB6
E0D1
E1F6
E325
E45E
E59F
E6E9
E839
E990
EAED
EC4F
EDB5
EF1E
F08A
F1F7
F365
F4D3
F641
F7AC
F916
FA7B
FBDD
FD39
FE8F
FFDF
0127
0268
039F
04CE
05F2
070B
081A
091D
0A13
0AFD
0BDA
0CA9
0D6B
0E1F
0EC5
0F5C
0FE5
105F
10CA
1127
1175
11B4
11E5
1207
121C
1222
121B
1207
11E5
11B7
117D
1137
10E6
108A
1024
0FB4
0F3B
0EB9
0E30
0D9F
0D08
0C6B
0BC9
0B22
0A78
09CA
091A
0868
07B6
0702
064F
059D
04EC
043E
0392
02E9
0244
01A3
0107
0072
FFE1
FF57
FED3
FE55
FDDF
FD6F
FD07
FCA6
FC4D
FBFC
FBB2
FB70
FB36
FB03
FAD7
FAB3
FA96
FA80
FA70
FA67
FA64
FA66
FA6E
FA7A
FA8B
FAA0
FAB8
FAD3
FAF0
FB0F
FB2F
FB50
FB72
FB92
FBB2
FBD0
FBED
FC06
FC1C
FC2E
FC3C
FC45
FC48
FC46
FC3C
FC2C
FC15
FBF5
FBCD
FB9D
FB64
FB22
FAD6
FA80
FA21
F9B7
F943
F8C5
F83D
F7AA
F70D
F666
F5B5
F4F9
F434
F365
F28D
F1AD
F0C3
EFD2
EED9
EDD9
ECD2
EBC5
EAB2
E99A
E87E
E75D
E639
E513
E3EA
E2C0
E196
E06B
DF42
DE19
DCF3
DBD0
DAB1
D996
D87F
D76F
D665
D561
D466
D374
D28A
D1AA
D0D4
D009
CF48
CE94
CDEB
CD4E
CCBF
CC3C
CBC7
CB5F
CB06
CABA
CA7D
CA4D
CA2C
CA1A
CA15
CA1F
CA37
CA5D
CA91
CAD2
CB21
CB7C
CBE5
CC59
CCD9
CD65
CDFB
CE9D
CF49
CFFE
D0BC
D182
D24F
D324
D3FE
D4DE
D5C4
D6AD
D79B
D88B
D97E
DA72
DB68
DC5E
DD54
DE49
DF3C
E02E
E11D
E209
E2F2
E3D6
E4B6
E591
E667
E736
E800
E8C3
E97F
EA34
EAE2
EB88
EC27
ECBE
ED4D
EDD4
EE53
EECA
EF39
EFA1
F001
F05A
F0AB
F0F6
F13A
F178
F1AF
F1E1
F20E
F236
F259
F279
F294
F2AD
F2C3
F2D8
F2EA
F2FC
F30D
F31E
F32F
F343
F357
F36E
F387
F3A3
F3C3
F3E6
F40E
F43B
F46C
F4A3
F4E0
F524
F56E
F5BE
F616
F675
F6DB
F749
F7BF
F83D
F8C2
F94F
F9E4
FA81
FB25
FBD1
FC84
FD3F
FE00
FEC7
FF95
006A
0145
0224
0308
03F0
04DC
05CA
06BB
07AF
08A3
0998
0A8E
0B83
0C77
0D69
0E5A
0F47
1030
1116
11F7
12D2
13A7
1475
153D
15FC
16B3
1761
1805
18A0
1930
19B6
1A30
1A9E
1B01
1B57
1BA1
1BDD
1C0D
1C2F
1C43
1C4A
1C43
1C2F
1C0D
1BDD
1B9F
1B55
1AFC
1A97
1A25
19A6
191B
1885
17E2
1735
167D
15BB
14EF
141B
133D
1258
116C
1079
0F80
0E81
0D7F
0C78
0B6E
0A62
0954
0845
0736
0627
0519
040D
0303
01FD
00FA
FFFC
FF03
FE10
FD22
FC3C
FB5C
FA85
F9B5
F8EF
F831
F77D
F6D2
F632
F59C
F511
F490
F41A
F3B0
F350
F2FC
F2B3
F276
F243
F21B
F1FF
F1ED
F1E5
F1E8
F1F5
F20C
F22C
F255
F286
F2C0
F302
F34B
F39B
F3F1
F44D
F4AF
F515
F57F
F5ED
F65E
F6D2
F748
F7BF
F836
F8AE
F926
F99C
FA10
FA82
FAF2
FB5E
FBC7
FC2C
FC8C
FCE8
FD3E
FD8F
FDDA
FE1F
FE5D
FE94
FEC4
FEED
FF0F
FF2A
FF3D
FF49
FF4D
FF49
FF3E
FF2C
FF12
FEF1
FEC9
FE9B
FE66
FE2A
FDE9
FDA1
FD53
FD01
FCA9
FC4D
FBED
FB8A
FB23
FABA
FA4F
F9E2
F975
F906
F897
F829
F7BC
F750
F6E6
F67E
F61A
F5B9
F55B
F502
F4AE
F45F
F416
F3D3
F396
F35F
F330
F309
F2E8
F2D1
F2C1
F2B9
F2BA
F2C3
F2D5
F2EF
F312
F33D
F372
F3AE
F3F4
F441
F497
F4F6
F55C
F5CA
F63F
F6BC
F740
F7CB
F85C
F8F3
F98F
FA31
FAD8
FB83
FC32
FCE4
FD9A
FE52
FF0C
FFC9
0087
0145
0204
02C1
037E
0439
04F2
05A8
065C
070C
07B8
0860
0903
09A1
0A3A
0ACD
0B5A
0BE0
0C60
0CD9
0D4B
0DB5
0E18
0E73
0EC6
0F11
0F55
0F90
0FC3
0FED
1010
102B
103D
1048
104A
1045
1038
1024
1008
0FE6
0FBD
0F8D
0F57
0F1A
0ED9
0E92
0E46
0DF5
0DA0
0D47
0CEB
0C8B
0C28
0BC3
0B5C
0AF4
0A8A
0A1E
09B3
0947
08DB
086F
0805
079B
0733
06CC
0668
0605
05A4
0546
04EB
0493
043E
03EB
039C
0351
0309
02C4
0283
0246
020C
01D6
01A3
0173
0147
011E
00F8
00D5
00B4
0097
007B
0062
004B
0036
0022
000F
FFFE
FFED
FFDC
FFCC
FFBC
FFAC
FF9B
FF89
FF76
FF62
FF4B
FF34
FF1A
FEFD
FEDE
FEBC
FE98
FE70
FE45
FE16
FDE4
FDAE
FD74
FD36
FCF5
FCAF
FC66
FC18
FBC7
FB72
FB19
FABB
FA5A
F9F5
F98D
F922
F8B5
F845
F7D2
F75E
F6E7
F66F
F5F6
F57D
F502
F488
F40E
F395
F31C
F2A6
F231
F1BE
F14E
F0E1
F078
F013
EFB3
EF57
EF01
EEB0
EE66
EE22
EDE5
EDAF
ED81
ED5B
ED3E
ED29
ED1E
ED1C
ED24
ED35
ED51
ED78
EDA9
EDE5
EE2B
EE7D
EEDA
EF42
EFB5
F034
F0BD
F151
F1F1
F29B
F350
F410
F4D9
F5AD
F68B
F772
F862
F95B
FA5D
FB67
FC79
FD92
FEB1
FFD7
0103
0234
036A
04A4
05E2
0723
0866
09AC
0AF2
0C3A
0D81
0EC9
100F
1154
1296
13D6
1512
164A
177E
18AD
19D6
1AF8
1C15
1D2A
1E37
1F3C
2039
212D
2217
22F8
23CE
249A
255B
2610
26BB
275A
27ED
2874
28EF
295E
29C1
2A17
2A61
2A9F
2AD0
2AF5
2B0E
2B1B
2B1C
2B11
2AFB
2AD9
2AAC
2A75
2A33
29E7
2990
2931
28C8
2856
27DC
2759
26D0
263E
25A7
2509
2465
23BC
230F
225C
21A7
20ED
2031
1F73
1EB3
1DF1
1D2F
1C6C
1BA9
1AE6
1A25
1964
18A6
17EA
1730
1679
15C5
1515
1468
13C0
131D
127E
11E5
1150
10C1
1037
0FB3
0F35
0EBD
0E4A
0DDE
0D78
0D18
0CBF
0C6B
0C1E
0BD7
0B96
0B5A
0B25
0AF5
0ACB
0AA7
0A87
0A6D
0A57
0A47
0A3A
0A32
0A2E
0A2E
0A31
0A37
0A41
0A4D
0A5B
0A6C
0A7E
0A92
0AA7
0ABE
0AD5
0AEC
0B03
0B1B
0B31
0B48
0B5D
0B71
0B84
0B95
0BA4
0BB1
0BBC
0BC4
0BCA
0BCD
0BCE
0BCB
0BC5
0BBC
0BAF
0BA0
0B8C
0B76
0B5B
0B3D
0B1B
0AF6
0ACD
0AA1
0A72
0A40
0A0A
09D2
0996
0958
0917
08D3
088E
0846
07FB
07B0
0762
0713
06C3
0671
061F
05CD
0579
0526
04D3
0480
042D
03DB
038A
033A
02EB
029E
0252
0208
01C0
017B
0138
00F8
00BB
0081
004A
0017
FFE7
FFBB
FF92
FF6D
FF4C
FF2F
FF17
FF02
FEF1
FEE5
FEDC
FED8
FED8
FEDD
FEE5
FEF1
FF02
FF16
FF2E
FF49
FF68
FF8B
FFB0
FFD9
0005
0033
0065
0098
00CF
0107
0141
017D
01BA
01F9
0239
0279
02BB
02FC
033E
0380
03C2
0403
0443
0483
04C1
04FE
0539
0573
05AB
05E0
0613
0644
0671
069B
06C2
06E6
0706
0723
073D
0752
0764
0772
077B
0781
0783
0781
077A
0770
0761
074E
0738
071D
06FF
06DD
06B7
068E
0661
0630
05FD
05C6
058D
0551
0512
04D1
048E
0449
0402
03BA
0370
0325
02D8
028C
023F
01F1
01A4
0157
010B
00C0
0076
002D
FFE5
FFA0
FF5D
FF1C
FEDE
FEA2
FE6A
FE35
FE03
FDD5
FDAB
FD85
FD63
FD46
FD2D
FD18
FD09
FCFF
FCFA
FCF9
FCFE
FD08
FD17
FD2B
FD45
FD63
FD87
FDB0
FDDD
FE10
FE48
FE84
FEC5
FF0A
FF54
FFA1
FFF3
0048
00A2
00FE
015D
01C0
0225
028C
02F6
0362
03CF
043D
04AC
051C
058C
05FD
066E
06DE
074E
07BD
082A
0896
0900
0967
09CD
0A2F
0A8E
0AEA
0B42
0B97
0BE7
0C32
0C79
0CBB
0CF8
0D30
0D62
0D8E
0DB5
0DD5
0DF0
0E04
0E12
0E1A
0E1B
0E15
0E09
0DF7
0DDF
0DC0
0D9C
0D71
0D40
0D09
0CCD
0C8B
0C44
0BF7
0BA5
0B4E
0AF3
0A93
0A2E
09C6
095A
08EB
0878
0802
078A
0710
0693
0615
0596
0515
0494
0412
0390
030F
028E
020E
0190
0113
0098
0020
FFAB
FF38
FEC9
FE5D
FDF5
FD91
FD31
FCD6
FC7F
FC2E
FBE2
FB9B
FB5A
FB1E
FAE8
FAB8
FA8E
FA6A
FA4C
FA35
FA23
FA18
FA13
FA15
FA1C
FA2A
FA3E
FA57
FA77
FA9D
FAC8
FAF9
FB2F
FB6A
FBAA
FBEF
FC39
FC87
FCD9
FD2E
FD88
FDE5
FE45
FEA8
FF0D
FF75
FFDF
004A
00B7
0125
0194
0204
0274
02E4
0354
03C4
0432
04A1
050E
0579
05E3
064C
06B2
0717
0779
07D8
0835
088F
08E7
093B
098C
09DA
0A25
0A6C
0AB0
0AF1
0B2E
0B68
0B9F
0BD2
0C02
0C2E
0C58
0C7E
0CA1
0CC1
0CDF
0CFA
0D13
0D29
0D3E
0D50
0D60
0D6F
0D7C
0D89
0D93
0D9D
0DA7
0DAF
0DB8
0DC0
0DC8
0DD0
0DD9
0DE2
0DEC
0DF7
0E02
0E0F
0E1D
0E2D
0E3E
0E51
0E65
0E7C
0E94
0EAE
0ECA
0EE9
0F09
0F2B
0F50
0F76
0F9F
0FCA
0FF6
1024
1054
1086
10B9
10EE
1124
115B
1193
11CC
1205
123F
1279
12B3
12EC
1326
135E
1396
13CC
1401
1435
1466
1495
14C2
14EC
1514
1537
1558
1574
158D
15A2
15B2
15BE
15C5
15C7
15C3
15BB
15AC
1598
157E
155F
1539
150D
14DA
14A1
1462
141D
13D1
137E
1325
12C6
1260
11F4
1182
1109
108B
1007
0F7D
0EEF
0E5B
0DC2
0D24
0C81
0BDB
0B30
0A81
09CE
0919
0860
07A4
06E6
0626
0564
04A0
03DC
0316
0250
0189
00C3
FFFD
FF38
FE74
FDB1
FCF1
FC32
FB75
FABC
FA05
F951
F8A1
F7F6
F74F
F6AD
F60F
F576
F4E2
F453
F3CA
F347
F2C9
F251
F1DF
F173
F10D
F0AD
F054
F001
EFB4
EF6E
EF2E
EEF4
EEC1
EE94
EE6D
EE4C
EE31
EE1C
EE0D
EE03
EDFF
EE00
EE06
EE11
EE22
EE36
EE50
EE6D
EE8F
EEB4
EEDD
EF09
EF39
EF6B
EFA0
EFD8
F012
F04D
F08B
F0CA
F10B
F14C
F18F
F1D2
F216
F25A
F29E
F2E2
F326
F36A
F3AD
F3F0
F431
F472
F4B1
F4EF
F52B
F566
F5A0
F5D8
F60F
F643
F676
F6A8
F6D7
F705
F731
F75A
F782
F7A8
F7CD
F7EF
F80F
F82E
F84B
F866
F87F
F896
F8AC
F8C0
F8D3
F8E4
F8F3
F901
F90E
F919
F923
F92B
F932
F939
F93D
F941
F944
F946
F946
F946
F944
F942
F93F
F93B
F935
F92F
F928
F920
F917
F90D
F902
F8F6
F8E9
F8DB
F8CC
F8BC
F8AA
F897
F883
F86E
F858
F840
F827
F80C
F7F0
F7D3
F7B4
F794
F772
F74E
F729
F702
F6DA
F6B0
F685
F658
F62A
F5FA
F5C9
F596
F562
F52D
F4F6
F4BF
F486
F44D
F412
F3D7
F39C
F360
F324
F2E8
F2AB
F26F
F233
F1F8
F1BD
F184
F14B
F114
F0DE
F0AA
F077
F047
F019
EFEE
EFC5
EF9F
EF7D
EF5D
EF41
EF29
EF15
EF04
EEF8
EEF1
EEED
EEEF
EEF5
EF00
EF11
EF26
EF40
EF60
EF85
EFAF
EFDF
F014
F04D
F08C
F0D1
F11B
F169
F1BD
F216
F273
F2D6
F33C
F3A7
F416
F489
F500
F57A
F5F7
F676
F6F8
F77D
F803
F88A
F913
F99C
FA26
FAB0
FB39
FBC1
FC48
FCCD
FD50
FDD1
FE4E
FEC7
FF3C
FFAD
0019
0081
00E2
013E
0194
01E3
022B
026C
02A5
02D6
02FF
031F
0337
0345
034A
0346
0338
0321
0300
02D4
029F
0260
0216
01C3
0165
00FE
008D
0012
FF8D
FEFE
FE67
FDC7
FD1E
FC6D
FBB4
FAF4
FA2C
F95D
F888
F7AC
F6CB
F5E5
F4FB
F40C
F319
F224
F12C
F031
EF36
EE39
ED3C
EC40
EB44
EA4A
E952
E85C
E76A
E67B
E591
E4AC
E3CD
E2F3
E221
E156
E092
DFD6
DF24
DE7A
DDDA
DD43
DCB7
DC36
DBBF
DB53
DAF3
DA9F
DA57
DA1A
D9EA
D9C6
D9AE
D9A3
D9A4
D9B1
D9CB
D9F1
DA23
DA61
DAAA
DB00
DB60
DBCC
DC43
DCC4
DD50
DDE5
DE84
DF2B
DFDC
E094
E154
E21B
E2E9
E3BE
E498
E577
E65B
E743
E82E
E91D
EA0E
EB01
EBF5
ECEB
EDE0
EED6
EFCB
F0BE
F1B0
F29F
F38C
F475
F55B
F63D
F71A
F7F1
F8C3
F990
FA56
FB16
FBCF
FC81
FD2B
FDCF
FE6A
FEFE
FF8A
000E
0089
00FD
0168
01CB
0226
0279
02C4
0307
0342
0375
03A1
03C5
03E2
03F8
0408
0410
0413
040F
0405
03F6
03E1
03C8
03A9
0387
0360
0336
0308
02D8
02A5
0270
0238
01FF
01C5
018A
014E
0112
00D6
009A
005F
0024
FFEA
FFB2
FF7B
FF46
FF13
FEE2
FEB3
FE86
FE5C
FE35
FE0F
FDED
FDCD
FDB0
FD96
FD7F
FD6A
FD59
FD4B
FD3F
FD36
FD30
FD2C
FD2C
FD2D
FD31
FD38
FD40
FD4B
FD58
FD66
FD77
FD89
FD9C
FDB1
FDC7
FDDE
FDF6
FE0E
FE28
FE42
FE5C
FE77
FE92
FEAE
FEC9
FEE4
FEFF
FF1A
FF35
FF4F
FF69
FF82
FF9B
FFB4
FFCC
FFE4
FFFC
0013
002A
0041
0058
006E
0085
009C
00B3
00CA
00E2
00FA
0113
012D
0148
0164
0182
01A3
01C5
01E9
020F
0237
0261
028D
02BC
02ED
0321
0358
0392
03CE
040D
044F
0495
04DD
0528
0576
05C7
061B
0672
06CB
0727
0786
07E7
084B
08B0
0918
0981
09EB
