split,held_group,profile_id,waveform_id,simulation_seed,fixed_package_3_candidates,fixed_package_3_cost,fixed_package_3_regret,fixed_package_3_evm_pct,fixed_package_3_aclr_db,knn_seed,knn_seed_candidates,knn_seed_cost,knn_seed_regret,knn_seed_evm_pct,knn_seed_aclr_db,unconditional_local_candidates,unconditional_local_final_cost,unconditional_local_regret,unconditional_local_evm_pct,unconditional_local_aclr_db,best_seed,best_final_cost,predicted_regret,predicted_uncertainty,nearest_feature_distance_ppm,safe_neighbor_count,safety_neighbor_count,regret_budget,action,gated_candidates,gated_final_cost,gated_regret,gated_evm_pct,gated_aclr_db,direct_actual_regret,direct_validation_ok
profile,baseline,baseline,qam16_bw20_bo058,41,1,33776.0789945911,343.5929329776045,6.96532900218151,-134.628954137516,2,1,33765.1716422918,332.685580678306,6.96476686668249,-134.625090931535,14,33432.4860616135,0.0,6.94740187877875,-134.520402813007,2,33432.4860616135,301,15,26761,0,5,100,local_search,14,33432.4860616135,0.0,6.94740187877875,-134.520402813007,332.685580678306,1
profile,baseline,baseline,qam16_bw20_bo058,53,1,34813.307385831,321.88962264190195,8.09733989921187,-142.79792757703,2,1,34802.8330669952,311.41530380609765,8.09699184132653,-142.798545213397,14,34491.4177631891,0.0,8.08025120318752,-143.176768324499,2,34491.4177631891,318,6,52430,0,5,100,local_search,14,34491.4177631891,0.0,8.08025120318752,-143.176768324499,311.41530380609765,1
profile,baseline,baseline,qam16_bw20_bo058,67,1,33765.9313998525,-78.29864998079574,8.34051666702172,-132.979036437967,2,1,33752.4204388569,-91.80961097640102,8.33951591449065,-132.982008131373,14,33844.2300498333,0.0,8.33968162032492,-132.941504376413,2,33844.2300498333,0,0,17270,0,5,100,local_search,14,33844.2300498333,0.0,8.33968162032492,-132.941504376413,-91.80961097640102,1
profile,baseline,baseline,qam16_bw20_bo070,41,1,41693.0704655915,829.9906204428044,7.22579668771264,-134.440329043243,5,1,41474.8867450672,611.806899918498,7.21763348423564,-134.443621192898,14,40863.0798451487,0.0,7.18713562750675,-134.345660122929,5,40863.0798451487,496,39,34797,0,5,100,local_search,14,40863.0798451487,0.0,7.18713562750675,-134.345660122929,611.806899918498,1
profile,baseline,baseline,qam16_bw20_bo070,53,1,42433.0650355569,404.7807425889987,8.33347913844835,-142.642498433262,5,1,42239.6260077915,211.3417148235967,8.32690132441137,-142.643495387518,14,42028.2842929679,0.0,8.31287298610174,-143.030956191776,5,42028.2842929679,226,1,47467,0,5,100,local_search,14,42028.2842929679,0.0,8.31287298610174,-143.030956191776,211.3417148235967,1
profile,baseline,baseline,qam16_bw20_bo070,67,1,35556.719076799,273.612255644206,8.36553203992152,-133.018926644782,5,1,35416.1672423613,133.0604212065009,8.36227374795816,-133.016633974161,14,35283.1068211548,0.0,8.35398627537275,-132.976468977957,5,35283.1068211548,105,7,33651,0,5,100,local_search,14,35283.1068211548,0.0,8.35398627537275,-132.976468977957,133.0604212065009,1
profile,baseline,baseline,qam16_bw40_bo058,41,1,30414.7830628006,-77.38154685289919,4.83552955198147,-144.346828097881,2,1,30387.4947631635,-104.66984649000005,4.83293490781343,-144.339172118347,14,30492.1646096535,0.0,4.8287812651613,-144.363494009346,2,30492.1646096535,0,0,19772,5,5,100,direct,1,30387.4947631635,-104.66984649000005,4.83293490781343,-144.339172118347,-104.66984649000005,1
profile,baseline,baseline,qam16_bw40_bo058,53,1,32246.4167149805,60.49707767799919,6.0502319812486,-144.488993139032,2,1,32226.1759750106,40.25633770809873,6.05043368194156,-144.474635876523,14,32185.9196373025,0.0,6.05352376435562,-144.406797867634,2,32185.9196373025,0,0,43834,5,5,100,direct,1,32226.1759750106,40.25633770809873,6.05043368194156,-144.474635876523,40.25633770809873,1
profile,baseline,baseline,qam16_bw40_bo058,67,1,31736.1588841192,-20.465225773499697,6.18358400859091,-147.821909495936,2,1,31713.9375824184,-42.68652747429951,6.18238694134138,-147.815774021666,14,31756.6241098927,0.0,6.1787531810694,-147.793771131623,2,31756.6241098927,1,2,27723,5,5,100,direct,1,31713.9375824184,-42.68652747429951,6.18238694134138,-147.815774021666,-42.68652747429951,1
profile,baseline,baseline,qam16_bw40_bo070,41,1,36730.7006011846,628.3831349631,5.08801836450413,-144.002252432902,5,1,36530.1102373662,427.7927711446973,5.07816707429609,-144.008217503896,14,36105.8699103567,3.552444135195401,5.05215824293779,-144.035757325998,1,36102.3174662215,406,5,32129,0,5,100,local_search,14,36105.8699103567,3.552444135195401,5.05215824293779,-144.035757325998,427.7927711446973,1
profile,baseline,baseline,qam16_bw40_bo070,53,1,37207.2429343367,714.5819841626944,6.28179052285301,-144.10135860851,5,1,36976.7630673847,484.10211721069936,6.27139270532972,-144.111184328866,14,36492.660950174,0.0,6.25794173972314,-144.075762169471,5,36492.660950174,470,7,37231,0,5,100,local_search,14,36492.660950174,0.0,6.25794173972314,-144.075762169471,484.10211721069936,1
profile,baseline,baseline,qam16_bw40_bo070,67,1,38172.6053028506,760.183501925203,6.40670015578603,-147.639033676863,5,1,37901.346600067,488.92479914160504,6.3957703191465,-147.642527366803,14,37412.4218009254,0.0,6.37135239029213,-147.630258912893,5,37412.4218009254,474,8,46315,0,5,100,local_search,14,37412.4218009254,0.0,6.37135239029213,-147.630258912893,488.92479914160504,1
profile,baseline,baseline,qam64_bw20_bo058,41,1,32916.3339122534,205.67122389430006,7.42679715214792,-135.25854931667,2,1,32904.1461594549,193.4834710957948,7.42704005980802,-135.261143454425,14,32710.7590850872,0.09639672809862532,7.41240641611406,-135.130300931988,4,32710.6626883591,208,3,142797,0,5,100,local_search,14,32710.7590850872,0.09639672809862532,7.41240641611406,-135.130300931988,193.4834710957948,1
profile,baseline,baseline,qam64_bw20_bo058,53,1,33276.1154585573,60.96308019020216,8.04972994239318,-138.171257384135,2,1,33261.3155238019,46.16314543480257,8.04953094591746,-138.175065189369,14,33215.8885512316,0.7361728644973482,8.03858614038192,-138.323068454085,0,33215.1523783671,37,11,25359,0,5,100,local_search,14,33215.8885512316,0.7361728644973482,8.03858614038192,-138.323068454085,46.16314543480257,1
profile,baseline,baseline,qam64_bw20_bo058,67,1,33925.0037782231,-62.63442783609935,7.89616448325159,-142.811336293165,2,1,33892.6532746902,-94.98493136899924,7.89509870646304,-142.815825057891,14,33987.6382060592,0.0,7.90310770906058,-142.585539797252,2,33987.6382060592,0,0,154845,5,5,100,direct,1,33892.6532746902,-94.98493136899924,7.89509870646304,-142.815825057891,-94.98493136899924,1
profile,baseline,baseline,qam64_bw20_bo070,41,1,38924.6260869118,897.9453026316987,7.65189181529414,-135.393133079613,5,1,38690.8808653495,664.2000810694008,7.64302718833596,-135.391167145211,14,38026.6807842801,0.0,7.60968887165152,-135.2505609709,5,38026.6807842801,604,6,48199,0,5,100,local_search,14,38026.6807842801,0.0,7.60968887165152,-135.2505609709,664.2000810694008,1
profile,baseline,baseline,qam64_bw20_bo070,53,1,33996.023530802,183.14200661209907,8.06536191337594,-138.202405520889,5,1,33909.2358279268,96.35430373690178,8.06322362937801,-138.200872601449,14,33812.8815241899,0.0,8.05113522981405,-138.341248891374,5,33812.8815241899,51,20,18654,0,5,100,local_search,14,33812.8815241899,0.0,8.05113522981405,-138.341248891374,96.35430373690178,1
profile,baseline,baseline,qam64_bw20_bo070,67,1,40048.6804144404,624.757772946803,8.0810975451061,-143.033950648891,5,1,39787.0947974246,363.17215593100264,8.07211068842873,-143.026769522219,14,39423.9226414936,0.0,8.06206103796039,-142.791369268556,5,39423.9226414936,317,56,2820276,0,5,100,local_search,14,39423.9226414936,0.0,8.06206103796039,-142.791369268556,363.17215593100264,1
profile,baseline,baseline,qam64_bw40_bo058,41,1,31633.4779970398,-1.7130163840993191,5.09261393764723,-150.294585776713,2,1,31634.3485158258,-0.842497598099726,5.09278379845196,-150.293081056915,14,31639.5629117716,4.3718983477010624,5.08982511341472,-150.283919341699,3,31635.1910134239,2,1,20671,5,5,100,direct,1,31634.3485158258,-0.842497598099726,5.09278379845196,-150.293081056915,-0.842497598099726,1
profile,baseline,baseline,qam64_bw40_bo058,53,1,32205.7776346789,116.3957537671995,5.78574678839397,-148.157882034571,2,1,32188.0750376048,98.69315669310163,5.78525740602855,-148.157403202767,14,32089.3818809117,0.0,5.78147992986161,-148.092942096524,2,32089.3818809117,90,29,27686,1,5,100,local_search,14,32089.3818809117,0.0,5.78147992986161,-148.092942096524,98.69315669310163,1
profile,baseline,baseline,qam64_bw40_bo058,67,1,30780.4467070693,-57.91189006189961,5.64682326170484,-151.464447590421,2,1,30775.1012794787,-63.257317652500205,5.64646316037796,-151.467877799449,14,30838.3585971312,0.0,5.63713223370153,-151.498381562802,2,30838.3585971312,0,0,11062,5,5,100,direct,1,30775.1012794787,-63.257317652500205,5.64646316037796,-151.467877799449,-63.257317652500205,1
profile,baseline,baseline,qam64_bw40_bo070,41,1,38436.4421595295,431.1943238433014,5.41232619268048,-150.229242875502,5,1,38251.4068408638,246.1590051776002,5.40288871661004,-150.230467487296,14,38005.7108213192,0.4629856329993345,5.38572627158451,-150.220252589675,1,38005.2478356862,87,2,54193,1,5,100,local_search,14,38005.7108213192,0.4629856329993345,5.38572627158451,-150.220252589675,246.1590051776002,1
profile,baseline,baseline,qam64_bw40_bo070,53,1,33984.8406290392,352.47904496909905,5.85211178558196,-148.119722472655,5,1,33831.5453969846,199.18381291449623,5.84563359728879,-148.120559027132,14,33632.3615840701,0.0,5.8333116077774,-148.057985288895,5,33632.3615840701,165,35,39944,1,5,100,local_search,14,33632.3615840701,0.0,5.8333116077774,-148.057985288895,199.18381291449623,1
profile,baseline,baseline,qam64_bw40_bo070,67,1,31874.8293912379,234.79390106040228,5.678554133048,-151.538698342573,5,1,31773.8381989511,133.8027087736009,5.6746634792389,-151.535253648877,14,31640.0354901775,0.0,5.65737265960379,-151.559865568527,5,31640.0354901775,111,17,26565,1,5,100,local_search,14,31640.0354901775,0.0,5.65737265960379,-151.559865568527,133.8027087736009,1
profile,combined_stress,combined_stress,qam16_bw20_bo058,41,1,79619.2020289,1472.3808557082084,9.52286986547662,-135.219387529029,2,1,79497.9248403789,1351.103667187097,9.51602843924334,-135.215462499856,14,78146.8211731918,0.0,9.34864134539889,-134.615611802039,2,78146.8211731918,548,3,2129928,0,5,100,local_search,14,78146.8211731918,0.0,9.34864134539889,-134.615611802039,1351.103667187097,1
profile,combined_stress,combined_stress,qam16_bw20_bo058,53,1,81155.3631409689,1670.404743279796,10.4243965723292,-141.655562227056,2,1,81019.4012640774,1534.442866388301,10.4169789287895,-141.656600053789,14,79484.9583976891,0.0,10.2054760961773,-143.336687057505,2,79484.9583976891,660,10,816723,0,5,100,local_search,14,79484.9583976891,0.0,10.2054760961773,-143.336687057505,1534.442866388301,1
profile,combined_stress,combined_stress,qam16_bw20_bo058,67,1,78495.4433786621,-291.90287099190755,10.4256882801666,-133.148258698487,2,1,78368.7667870411,-418.57946261290635,10.4187154082869,-133.151892865254,14,78787.346249654,0.0,10.4488538024214,-132.923072537298,2,78787.346249654,0,0,495677,0,5,100,local_search,14,78787.346249654,0.0,10.4488538024214,-132.923072537298,-418.57946261290635,1
profile,combined_stress,combined_stress,qam16_bw20_bo070,41,1,78922.5104854694,1413.5840498913894,9.46129862891473,-135.067760872035,5,1,78888.381654212,1379.4552186340006,9.45966552867446,-135.070952480991,14,77508.926435578,0.0,9.2906240167412,-134.470933777573,5,77508.926435578,444,11,2147071,0,5,100,local_search,14,77508.926435578,0.0,9.2906240167412,-134.470933777573,1379.4552186340006,1
profile,combined_stress,combined_stress,qam16_bw20_bo070,53,1,79858.3600045702,837.579155350104,10.3373937402945,-141.66186909723,5,1,79837.9492437879,817.1683945677942,10.3363533488541,-141.661299876441,14,79024.9997892183,4.218939998201677,10.1683876189284,-143.431023103859,1,79020.7808492201,265,2,523361,0,5,100,local_search,14,79024.9997892183,4.218939998201677,10.1683876189284,-143.431023103859,817.1683945677942,1
profile,combined_stress,combined_stress,qam16_bw20_bo070,67,1,78279.0218743806,-220.25963367980148,10.4102588048673,-133.151867334585,5,1,78347.1348518919,-152.14665616850834,10.4143314223129,-133.1493083103,14,78691.0910363111,191.80952825069835,10.4309737593234,-132.919109500991,2,78499.2815080604,0,0,472079,0,5,100,local_search,14,78691.0910363111,191.80952825069835,10.4309737593234,-132.919109500991,-152.14665616850834,1
profile,combined_stress,combined_stress,qam16_bw40_bo058,41,1,78218.1417546263,39.84721510930103,8.07730358911617,-144.654664318884,2,1,78103.1867853861,-75.10775413089141,8.06789756869535,-144.645794457009,14,78178.294539517,0.0,8.02288491526189,-144.773539671965,2,78178.294539517,682,4,7529485,0,5,100,local_search,14,78178.294539517,0.0,8.02288491526189,-144.773539671965,-75.10775413089141,1
profile,combined_stress,combined_stress,qam16_bw40_bo058,53,1,78337.6491647566,-2.028711661696434,8.67405118717315,-144.902207861526,2,1,78216.8978479422,-122.78002847610333,8.66646060821583,-144.885318887077,14,78339.6778764183,0.0,8.65280210591787,-144.559227751405,2,78339.6778764183,203,4,828863,0,5,100,local_search,14,78339.6778764183,0.0,8.65280210591787,-144.559227751405,-122.78002847610333,1
profile,combined_stress,combined_stress,qam16_bw40_bo058,67,1,77290.362340565,99.34266618019319,8.76758807360068,-147.932690953392,2,1,77151.4841771609,-39.535497223900165,8.75888140095804,-147.925828616918,14,77191.0196743848,0.0,8.74935444505888,-147.826161796854,2,77191.0196743848,181,5,642192,0,5,100,local_search,14,77191.0196743848,0.0,8.74935444505888,-147.826161796854,-39.535497223900165,1
profile,combined_stress,combined_stress,qam16_bw40_bo070,41,1,77338.4656865928,-46.30763725000725,7.97286779825637,-144.3562688655,5,1,77313.6910393924,-71.08228445040004,7.97181360355475,-144.36248403288,14,77387.9996198042,3.2262959614017745,7.93614340347088,-144.491076442297,1,77384.7733238428,622,3,4901933,0,5,100,local_search,14,77387.9996198042,3.2262959614017745,7.93614340347088,-144.491076442297,-71.08228445040004,1
profile,combined_stress,combined_stress,qam16_bw40_bo070,53,1,77243.6472898524,-28.29467365120945,8.59997535534083,-144.693220151112,5,1,77234.3044361099,-37.63752739370102,8.59914073650297,-144.703829565977,14,77279.4531205144,7.5111570107983425,8.59574815494096,-144.389023533103,4,77271.9419635036,5,10,869516,5,5,100,direct,1,77234.3044361099,-37.63752739370102,8.59914073650297,-144.703829565977,-37.63752739370102,0
profile,combined_stress,combined_stress,qam16_bw40_bo070,67,1,76195.4732227263,-112.6361661520059,8.67755024472838,-147.836695948361,5,1,76181.8610715156,-126.24831736271153,8.67692019154687,-147.840069868791,14,76313.3658760231,5.256487144797575,8.67555288880354,-147.745249566243,1,76308.1093888783,0,0,550186,5,5,100,direct,1,76181.8610715156,-126.24831736271153,8.67692019154687,-147.840069868791,-126.24831736271153,0
profile,combined_stress,combined_stress,qam64_bw20_bo058,41,1,77655.3546795514,516.1501270878944,9.70961220234478,-136.101159273693,2,1,77551.1036054859,411.8990530223964,9.70460575565612,-136.104217039443,14,77139.2045524635,0.0,9.59562636034042,-135.2975416922,2,77139.2045524635,359,3,3770381,0,5,100,local_search,14,77139.2045524635,0.0,9.59562636034042,-135.2975416922,411.8990530223964,1
profile,combined_stress,combined_stress,qam64_bw20_bo058,53,1,76778.6172689594,-75.14837269121199,10.1545494369361,-137.913665715109,2,1,76688.1205865118,-165.64505513881159,10.1501076068093,-137.917927742521,14,76853.7656416506,0.0,10.0565476294178,-138.756736564875,2,76853.7656416506,305,7,366810,0,5,100,local_search,14,76853.7656416506,0.0,10.0565476294178,-138.756736564875,-165.64505513881159,1
profile,combined_stress,combined_stress,qam64_bw20_bo058,67,1,79466.7264688829,11.637126228408306,10.0988855443367,-144.319049750914,2,1,79315.5958540697,-139.4934885847906,10.0904320008099,-144.328012467375,14,79455.0893426545,0.0,10.1152765976952,-142.956707620217,2,79455.0893426545,305,6,714761,0,5,100,local_search,14,79455.0893426545,0.0,10.1152765976952,-142.956707620217,-139.4934885847906,1
profile,combined_stress,combined_stress,qam64_bw20_bo070,41,1,76877.6726633803,422.52259866210807,9.68423799475329,-136.228795527312,5,1,76853.0432971984,397.8932324802008,9.68236260733425,-136.226907931214,14,76455.1500647182,0.0,9.57897192078166,-135.406915290267,5,76455.1500647182,338,43,3920475,0,5,100,local_search,14,76455.1500647182,0.0,9.57897192078166,-135.406915290267,397.8932324802008,1
profile,combined_stress,combined_stress,qam64_bw20_bo070,53,1,76534.1751934479,-103.02891129840282,10.13635000752,-137.920459110923,5,1,76590.0103354196,-47.193769326695474,10.1395080309157,-137.918706157445,14,76761.9817565084,124.77765176209505,10.0463048372432,-138.755383602286,2,76637.2041047463,242,11,407920,0,5,100,local_search,14,76761.9817565084,124.77765176209505,10.0463048372432,-138.755383602286,-47.193769326695474,1
profile,combined_stress,combined_stress,qam64_bw20_bo070,67,1,78135.9793552465,-172.15962175860477,10.0117971383379,-144.568046779196,5,1,78127.4136784116,-180.7252985935047,10.0114235353035,-144.560889361268,14,78319.354560408,11.2155834028963,10.0309393411641,-143.168809044204,1,78308.1389770051,238,9,1031474,0,5,100,local_search,14,78319.354560408,11.2155834028963,10.0309393411641,-143.168809044204,-180.7252985935047,1
profile,combined_stress,combined_stress,qam64_bw40_bo058,41,1,77482.7682621234,278.9058770249976,8.08677832530118,-150.594169122289,2,1,77394.0712095138,190.20882441540016,8.08085239538137,-150.591661343079,14,77203.8623850984,0.0,8.06004473506564,-150.596730065225,2,77203.8623850984,31,1,1673653,1,5,100,local_search,14,77203.8623850984,0.0,8.06004473506564,-150.596730065225,190.20882441540016,1
profile,combined_stress,combined_stress,qam64_bw40_bo058,53,1,77939.903881673,199.82419325130468,8.48571670621182,-148.383455625074,2,1,77821.8015795449,81.72189112320484,8.4780116874347,-148.382749397685,14,77740.0796884217,0.0,8.43750688955011,-148.004168697561,2,77740.0796884217,92,4,1526568,1,5,100,local_search,14,77740.0796884217,0.0,8.43750688955011,-148.004168697561,81.72189112320484,1
profile,combined_stress,combined_stress,qam64_bw40_bo058,67,1,75289.8378981895,-262.7720967651112,8.31418570348076,-150.899551205661,2,1,75208.0757949293,-344.5342000253004,8.30852373915507,-150.90351202438,14,75552.6099949546,0.0,8.26281754431144,-151.114992683749,2,75552.6099949546,79,4,609385,1,5,100,local_search,14,75552.6099949546,0.0,8.26281754431144,-151.114992683749,-344.5342000253004,1
profile,combined_stress,combined_stress,qam64_bw40_bo070,41,1,77100.1797885782,77.96163690929825,8.05761246380969,-150.496234281562,5,1,77067.1185271535,44.90037548460532,8.05528227731136,-150.497999432073,14,77025.129527313,2.9113756440929137,8.03527815312648,-150.51274544697,1,77022.2181516689,68,2,1652061,2,5,100,local_search,14,77025.129527313,2.9113756440929137,8.03527815312648,-150.51274544697,44.90037548460532,1
profile,combined_stress,combined_stress,qam64_bw40_bo070,53,1,77397.056427463,46.999758305508294,8.43603341869508,-148.33989247775,5,1,77446.8834131681,96.82674401061377,8.43928223764399,-148.340917689808,14,77476.9106010244,126.85393186690635,8.3957527244117,-147.965370937581,2,77350.0566691575,0,0,1618739,5,5,100,direct,1,77446.8834131681,96.82674401061377,8.43928223764399,-148.340917689808,96.82674401061377,0
profile,combined_stress,combined_stress,qam64_bw40_bo070,67,1,75109.4880325785,-221.75640713029134,8.2968108577717,-150.948051514306,5,1,75151.6377764906,-179.60666321819008,8.29991142286514,-150.944368749131,14,75447.2910503476,116.04661063880485,8.25060681739047,-151.155665371771,2,75331.2444397088,74,8,593753,1,5,100,local_search,14,75447.2910503476,116.04661063880485,8.25060681739047,-151.155665371771,-179.60666321819008,1
profile,gain_high,gain_high,qam16_bw20_bo058,41,1,33921.327245212,363.6013696713999,6.96861926051792,-134.608109949273,2,1,33976.9707026635,419.24482712290046,6.97024375514425,-134.604301370498,14,33642.9776154163,85.25173987569724,6.95237042489213,-134.499569120535,5,33557.7258755406,328,10,980977,0,5,100,local_search,14,33642.9776154163,85.25173987569724,6.95237042489213,-134.499569120535,419.24482712290046,1
profile,gain_high,gain_high,qam16_bw20_bo058,53,1,34981.1050927924,301.9178898559985,8.10125813214339,-142.768036806554,2,1,35028.9530914952,349.76588855879527,8.10260404764641,-142.768644507702,14,34759.209003534,80.02180059759849,8.08711510207432,-143.14794272595,5,34679.1872029364,313,3,986140,0,5,100,local_search,14,34759.209003534,80.02180059759849,8.08711510207432,-143.14794272595,349.76588855879527,1
profile,gain_high,gain_high,qam16_bw20_bo058,67,1,33911.2059683379,-19.348421553899243,8.34085743477889,-132.99874042626,2,1,33963.1021493721,32.547759480301465,8.34169075638373,-133.001614044938,14,33987.0710694469,56.51667955510493,8.33990564507176,-132.962866505094,5,33930.5543898918,0,0,922461,0,5,100,local_search,14,33987.0710694469,56.51667955510493,8.33990564507176,-132.962866505094,32.547759480301465,1
profile,gain_high,gain_high,qam16_bw20_bo070,41,1,44619.8348396048,865.7528243776032,7.34242735920941,-134.414859231609,5,1,44379.681396729,625.599381501801,7.33287888403066,-134.418166661714,14,43754.0820152272,0.0,7.3000354062348,-134.320175937983,5,43754.0820152272,584,113,983453,0,5,100,local_search,14,43754.0820152272,0.0,7.3000354062348,-134.320175937983,625.599381501801,1
profile,gain_high,gain_high,qam16_bw20_bo070,53,1,45237.9049383641,413.61904185960157,8.43327348503084,-142.595410849428,5,1,45023.5378618784,199.25196537390002,8.42556331749145,-142.596509718999,14,44824.2858965045,0.0,8.4118136843431,-142.984076908649,5,44824.2858965045,210,1,991950,0,5,100,local_search,14,44824.2858965045,0.0,8.4118136843431,-142.984076908649,199.25196537390002,1
profile,gain_high,gain_high,qam16_bw20_bo070,67,1,37480.7941076259,424.4556872500034,8.41421259760062,-133.04802448082,5,1,37282.7203440742,226.38192369830358,8.4089676929859,-133.045756499755,14,37056.3384203759,0.0,8.39713710738756,-133.005449081403,5,37056.3384203759,99,9,912694,0,5,100,local_search,14,37056.3384203759,0.0,8.39713710738756,-133.005449081403,226.38192369830358,1
profile,gain_high,gain_high,qam16_bw40_bo058,41,1,30383.3703470665,-36.57430040120016,4.82597067840454,-144.315110551329,2,1,30417.6307340895,-2.3139133781987766,4.82627137567242,-144.307467625109,14,30456.7475554888,36.80290802110176,4.8201067962371,-144.331554443552,5,30419.9446474677,0,0,940044,5,5,100,direct,1,30417.6307340895,-2.3139133781987766,4.82627137567242,-144.307467625109,-2.3139133781987766,1
profile,gain_high,gain_high,qam16_bw40_bo058,53,1,32299.8295619202,28.706420671500382,6.06061060734915,-144.414372752383,2,1,32340.8991655617,69.77602431299965,6.06311061477253,-144.400256385962,14,32345.7895844565,74.6664432077996,6.06888525608646,-144.333440754633,5,32271.1231412487,17,21,973913,5,5,100,direct,1,32340.8991655617,69.77602431299965,6.06311061477253,-144.400256385962,69.77602431299965,1
profile,gain_high,gain_high,qam16_bw40_bo058,67,1,31839.3485312174,41.49227847090151,6.18558164835644,-147.77951059713,2,1,31893.4668631062,95.61061035970124,6.18712300901008,-147.773570726265,14,31852.9623311125,55.106078365999565,6.1809423346749,-147.757415613432,5,31797.8562527465,0,0,942717,5,5,100,direct,1,31893.4668631062,95.61061035970124,6.18712300901008,-147.773570726265,95.61061035970124,1
profile,gain_high,gain_high,qam16_bw40_bo070,41,1,39221.3148150886,733.082626385396,5.2132091726745,-143.963108606614,5,1,38997.5537821103,509.3215934070977,5.20162809022228,-143.969119519713,14,38490.3789182227,2.146729519496148,5.17159805351342,-143.996402504945,1,38488.2321887032,435,5,938435,0,5,100,local_search,14,38490.3789182227,2.146729519496148,5.17159805351342,-143.996402504945,509.3215934070977,1
profile,gain_high,gain_high,qam16_bw40_bo070,53,1,39641.9125398415,909.7624560312979,6.40090152045055,-144.001879700091,5,1,39379.4002987149,647.2502149046995,6.38862093207686,-144.01169799965,14,38732.1500838102,0.0,6.36825738381035,-143.979260787733,5,38732.1500838102,499,7,967999,0,5,100,local_search,14,38732.1500838102,0.0,6.36825738381035,-143.979260787733,647.2502149046995,1
profile,gain_high,gain_high,qam16_bw40_bo070,67,1,41188.449139197,901.4330415082004,6.53383781510563,-147.5769397295,5,1,40882.6293337891,595.6132361002965,6.52073150964678,-147.580408582494,14,40287.0160976888,0.0,6.49066369531412,-147.568443941358,5,40287.0160976888,466,55,937188,0,5,100,local_search,14,40287.0160976888,0.0,6.49066369531412,-147.568443941358,595.6132361002965,1
profile,gain_high,gain_high,qam64_bw20_bo058,41,1,33006.6997563394,182.92275313620485,7.43561087165744,-135.272232462862,2,1,33051.9892076951,228.2122044919015,7.43764329733066,-135.274781585595,14,32900.9976189667,77.22061576350097,7.42446827713635,-135.143693935304,5,32823.7770032032,197,3,952728,0,5,100,local_search,14,32900.9976189667,77.22061576350097,7.42446827713635,-135.143693935304,228.2122044919015,1
profile,gain_high,gain_high,qam64_bw20_bo058,53,1,33322.9577866909,40.73535507610359,8.05194827093462,-138.184188684558,2,1,33350.0878811094,67.86544949460222,8.05282767429006,-138.187931048015,14,33335.5648096056,53.34237799080438,8.04254770657585,-138.335705820954,5,33282.2224316148,7,10,964180,0,5,100,local_search,14,33335.5648096056,53.34237799080438,8.04254770657585,-138.335705820954,67.86544949460222,1
profile,gain_high,gain_high,qam64_bw20_bo058,67,1,33907.5616071304,-13.040600352098409,7.89688467065553,-142.84708638255,2,1,33946.5862622795,25.98405479700159,7.89798405097414,-142.850994593452,14,33965.5541318358,44.951924353299546,7.90331938889058,-142.619812393499,1,33920.6022074825,0,0,994508,5,5,100,direct,1,33946.5862622795,25.98405479700159,7.89798405097414,-142.850994593452,25.98405479700159,1
profile,gain_high,gain_high,qam64_bw20_bo070,41,1,41435.4196483116,982.2402881277012,7.75539507279731,-135.407750997285,5,1,41174.0157667495,720.8364065655987,7.74501615486986,-135.405782622626,14,40453.1793601839,0.0,7.70852632281062,-135.265034399812,5,40453.1793601839,654,32,937838,0,5,100,local_search,14,40453.1793601839,0.0,7.70852632281062,-135.265034399812,720.8364065655987,1
profile,gain_high,gain_high,qam64_bw20_bo070,53,1,35100.5634061188,273.2619697767004,8.09535921528366,-138.219859088199,5,1,34971.2775060276,143.976069685501,8.09199539211228,-138.218341166641,14,34827.3014363421,0.0,8.07834321477204,-138.36084912843,5,34827.3014363421,20,24,954017,0,5,100,local_search,14,34827.3014363421,0.0,8.07834321477204,-138.36084912843,143.976069685501,1
profile,gain_high,gain_high,qam64_bw20_bo070,67,1,42781.9196459586,741.2496445108991,8.18080205923966,-143.060953830768,5,1,42485.9203804504,445.2503790026967,8.16999755118883,-143.054188548351,14,42040.6700014477,0.0,8.15562205912247,-142.818985841613,5,42040.6700014477,275,120,1041707,1,5,100,local_search,14,42040.6700014477,0.0,8.15562205912247,-142.818985841613,445.2503790026967,1
profile,gain_high,gain_high,qam64_bw40_bo058,41,1,31810.4513580722,57.539082164999854,5.10093692609472,-150.286169554066,2,1,31861.3206715842,108.40839567699732,5.10333755553663,-150.284734207415,14,31818.2999531942,65.38767728699895,5.0982222422773,-150.27336327236,5,31752.9122759072,0,0,949620,5,5,100,direct,1,31861.3206715842,108.40839567699732,5.10333755553663,-150.284734207415,108.40839567699732,0
profile,gain_high,gain_high,qam64_bw40_bo058,53,1,32258.9505337441,106.13019160210024,5.79057692124866,-148.152367884522,2,1,32299.8252072435,147.00486510149858,5.79236743473931,-148.151958188675,14,32180.1360073457,27.31566520369961,5.78674592384279,-148.08833599867,5,32152.820342142,84,32,968269,2,5,100,local_search,14,32180.1360073457,27.31566520369961,5.78674592384279,-148.08833599867,147.00486510149858,1
profile,gain_high,gain_high,qam64_bw40_bo058,67,1,30900.8934036639,-2.338579923398356,5.65080989026571,-151.485080175825,2,1,30939.3831273419,36.151143754599616,5.65224051794296,-151.488367022379,14,30951.7940423038,48.56205871650309,5.64092579567044,-151.515840067637,5,30903.2319835873,0,0,937573,5,5,100,direct,1,30939.3831273419,36.151143754599616,5.65224051794296,-151.488367022379,36.151143754599616,1
profile,gain_high,gain_high,qam64_bw40_bo070,41,1,40796.8838066925,515.3176971807043,5.53567177331073,-150.220251505603,5,1,40593.6798179715,312.1137084596994,5.52490564278918,-150.221464592211,14,40281.5661095118,0.0,5.50390346924252,-150.211768060408,5,40281.5661095118,246,3,946322,0,5,100,local_search,14,40281.5661095118,0.0,5.50390346924252,-150.211768060408,312.1137084596994,1
profile,gain_high,gain_high,qam64_bw40_bo070,53,1,35738.8816511392,458.1183739190019,5.93082893245007,-148.113036146118,5,1,35536.468119111,255.70484189080162,5.92202327707798,-148.113824802587,14,35280.7632772202,0.0,5.9059967653752,-148.051459047315,5,35280.7632772202,190,42,958540,0,5,100,local_search,14,35280.7632772202,0.0,5.9059967653752,-148.051459047315,255.70484189080162,1
profile,gain_high,gain_high,qam64_bw40_bo070,67,1,33183.8185050752,367.3261415461966,5.73084595088411,-151.565022208872,5,1,33039.8016362736,223.30927274459827,5.72495168591757,-151.561652177691,14,32816.492363529,0.0,5.7035207235298,-151.586321424562,5,32816.492363529,50,21,932158,1,5,100,local_search,14,32816.492363529,0.0,5.7035207235298,-151.586321424562,223.30927274459827,1
profile,gain_low,gain_low,qam16_bw20_bo058,41,1,36687.4501192272,807.0603504749015,7.06774350461328,-134.708278860082,2,1,36421.7163358364,541.3265670840992,7.05824255498507,-134.703948710595,14,35880.3897687523,0.0,7.03388725831989,-134.595253854904,2,35880.3897687523,0,0,1907124,0,5,100,local_search,14,35880.3897687523,0.0,7.03388725831989,-134.595253854904,541.3265670840992,1
profile,gain_low,gain_low,qam16_bw20_bo058,53,1,37318.9061309505,883.4451819394963,8.17394331050239,-142.906852679188,2,1,37082.7985784858,647.3376294748014,8.1666626342181,-142.907312184219,14,36435.460949011,0.0,8.13939936014791,-143.277755999388,2,36435.460949011,1557,15,823908,0,5,100,local_search,14,36435.460949011,0.0,8.13939936014791,-143.277755999388,647.3376294748014,1
profile,gain_low,gain_low,qam16_bw20_bo058,67,1,36539.4967049518,175.74349347940006,8.43183316635513,-132.912592629267,2,1,36278.4237795263,-85.32943194609834,8.42341534707585,-132.915948682546,14,36363.7532114724,0.0,8.42401850063938,-132.878379677122,2,36363.7532114724,0,0,481592,0,5,100,local_search,14,36363.7532114724,0.0,8.42401850063938,-132.878379677122,-85.32943194609834,1
profile,gain_low,gain_low,qam16_bw20_bo070,41,1,35234.1495567174,559.5634083789992,6.98830100095207,-134.544270971641,5,1,35146.7603640599,472.1742157214976,6.98574538625203,-134.547573163397,14,34674.5861483384,0.0,6.96481476176179,-134.44859207453,5,34674.5861483384,476,389,2007830,0,5,100,local_search,14,34674.5861483384,0.0,6.96481476176179,-134.44859207453,472.1742157214976,1
profile,gain_low,gain_low,qam16_bw20_bo070,53,1,36108.123469963,343.63391346950084,8.12345122228731,-142.825616212178,5,1,36034.0452404254,269.55568393190333,8.12132727389279,-142.826355984017,14,35766.4808332082,1.9912767147034174,8.10674935393793,-143.209310532223,1,35764.4895564935,802,11,524783,0,5,100,local_search,14,35766.4808332082,1.9912767147034174,8.10674935393793,-143.209310532223,269.55568393190333,1
profile,gain_low,gain_low,qam16_bw20_bo070,67,1,36036.1903141129,180.8064098422983,8.40612349908294,-132.914294760654,5,1,36171.0506070325,315.6667027618969,8.41098372725216,-132.911907765552,14,36227.4907383174,372.1068340467973,8.40853357632389,-132.874146642434,2,35855.3839042706,0,0,483801,0,5,100,local_search,14,36227.4907383174,372.1068340467973,8.40853357632389,-132.874146642434,315.6667027618969,1
profile,gain_low,gain_low,qam16_bw40_bo058,41,1,33567.7474039142,342.3819033312029,5.01135833601767,-144.473566682846,2,1,33312.5342062478,87.16870566480065,4.99740537835807,-144.465418568355,14,33225.365500583,0.0,4.97916607373439,-144.474746277239,2,33225.365500583,87,3,1543131,0,5,100,local_search,14,33225.365500583,0.0,4.97916607373439,-144.474746277239,87.16870566480065,1
profile,gain_low,gain_low,qam16_bw40_bo058,53,1,35031.1407994007,444.50413242979994,6.13369523005648,-144.793230078344,2,1,34782.6843259258,196.04765895489982,6.12465593164881,-144.777011974168,14,34586.6366669709,0.0,6.11815975512955,-144.704594549817,2,34586.6366669709,0,0,817924,0,5,100,local_search,14,34586.6366669709,0.0,6.11815975512955,-144.704594549817,196.04765895489982,1
profile,gain_low,gain_low,qam16_bw40_bo058,67,1,35236.1241318564,481.8220717660006,6.31844372883947,-147.970072242301,2,1,34928.2964452332,173.99438514280337,6.30614849284134,-147.963031221786,14,34754.3020600904,0.0,6.29396900842314,-147.932476158801,2,34754.3020600904,0,0,629510,0,5,100,local_search,14,34754.3020600904,0.0,6.29396900842314,-147.932476158801,173.99438514280337,1
profile,gain_low,gain_low,qam16_bw40_bo070,41,1,31999.9557336507,38.27628287530024,4.87589125726147,-144.179038097879,5,1,31929.6031287333,-32.07632204209949,4.87333083001084,-144.184880866942,14,31970.1790596274,8.499608852001984,4.86564594590401,-144.207029667668,1,31961.6794507754,0,0,1581099,0,5,100,local_search,14,31970.1790596274,8.499608852001984,4.86564594590401,-144.207029667668,-32.07632204209949,1
profile,gain_low,gain_low,qam16_bw40_bo070,53,1,32998.4425688552,22.078784926299704,6.06450328308768,-144.567970600933,5,1,32955.834170243,-20.529613685903314,6.06218047927432,-144.578321050959,14,32981.4341467077,5.070362778802519,6.06845141684367,-144.510450459113,1,32976.3637839289,0,0,872584,0,5,100,local_search,14,32981.4341467077,5.070362778802519,6.06845141684367,-144.510450459113,-20.529613685903314,1
profile,gain_low,gain_low,qam16_bw40_bo070,67,1,32848.1412681555,-24.168700860296667,6.19742334896966,-147.867515701446,5,1,32801.8608744953,-70.44909452049615,6.19605527553968,-147.871230341601,14,32888.0474469028,15.73747788699984,6.19510424172682,-147.857594770842,1,32872.3099690158,0,0,564897,0,5,100,local_search,14,32888.0474469028,15.73747788699984,6.19510424172682,-147.857594770842,-70.44909452049615,1
profile,gain_low,gain_low,qam64_bw20_bo058,41,1,35515.5494331959,583.5607409225995,7.49299223753965,-135.205310842545,2,1,35284.6615163635,352.6728240902012,7.48593885174661,-135.208206294906,14,34931.9886922733,0.0,7.46442474119432,-135.080754862981,2,34931.9886922733,89,3,1720632,0,5,100,local_search,14,34931.9886922733,0.0,7.46442474119432,-135.080754862981,352.6728240902012,1
profile,gain_low,gain_low,qam64_bw20_bo058,53,1,35097.2724514191,467.96910447010305,8.09473397794411,-138.123972685075,2,1,34924.0232673458,294.7199203968048,8.09024119165436,-138.12809627433,14,34629.303346949,0.0,8.07320976841435,-138.274516469965,2,34629.303346949,0,0,354797,0,5,100,local_search,14,34629.303346949,0.0,8.07320976841435,-138.274516469965,294.7199203968048,1
profile,gain_low,gain_low,qam64_bw20_bo058,67,1,37523.4283178008,522.2943549696938,8.00645388160335,-142.687266594732,2,1,37227.0941364058,225.96017357469827,7.99655595097356,-142.693833118561,14,37001.1339628311,0.0,7.99533893845037,-142.474279422046,2,37001.1339628311,0,0,2527023,0,5,100,local_search,14,37001.1339628311,0.0,7.99533893845037,-142.474279422046,225.96017357469827,1
profile,gain_low,gain_low,qam64_bw20_bo070,41,1,33905.6947619639,252.3836958200045,7.44532826790801,-135.325251884425,5,1,33834.8526868945,181.54162075059867,7.44277205028222,-135.323252866288,14,33728.8342577052,75.52319156130397,7.43130579921105,-135.191287658588,3,33653.3110661439,0,0,1747785,0,5,100,local_search,14,33728.8342577052,75.52319156130397,7.43130579921105,-135.191287658588,181.54162075059867,1
profile,gain_low,gain_low,qam64_bw20_bo070,53,1,34497.7819137531,378.2488676981957,8.07637501550035,-138.130939709044,5,1,34592.9061260234,473.37307996849995,8.07907514480531,-138.129316926347,14,34336.8530447098,217.3199986549007,8.06281164475849,-138.277436082729,2,34119.5330460549,0,0,419818,0,5,100,local_search,14,34336.8530447098,217.3199986549007,8.06281164475849,-138.277436082729,473.37307996849995,1
profile,gain_low,gain_low,qam64_bw20_bo070,67,1,35400.1506139545,-28.635011088801548,7.92084277160151,-142.932858306448,5,1,35348.8639738558,-79.92165118750563,7.91948025094677,-142.924219684394,14,35444.1052332942,15.319608250894817,7.92736076747728,-142.688921351657,1,35428.7856250433,0,0,1835943,0,5,100,local_search,14,35444.1052332942,15.319608250894817,7.92736076747728,-142.688921351657,-79.92165118750563,1
profile,gain_low,gain_low,qam64_bw40_bo058,41,1,33481.7861235887,220.03772684230353,5.17450495615587,-150.317105891738,2,1,33291.1976573368,29.449260590401536,5.16584420976102,-150.315425712222,14,33261.7483967464,0.0,5.16192316004567,-150.305342682964,2,33261.7483967464,0,0,1489247,0,5,100,local_search,14,33261.7483967464,0.0,5.16192316004567,-150.305342682964,29.449260590401536,1
profile,gain_low,gain_low,qam64_bw40_bo058,53,1,34804.6597158073,570.7876447460003,5.88035683776873,-148.170448633231,2,1,34568.4859413051,334.61387024380383,5.87082093708361,-148.169797436742,14,34233.8720710613,0.0,5.85954360712516,-148.10468738675,2,34233.8720710613,0,0,1176055,0,5,100,local_search,14,34233.8720710613,0.0,5.85954360712516,-148.10468738675,334.61387024380383,1
profile,gain_low,gain_low,qam64_bw40_bo058,67,1,32467.4242725506,243.25441533679987,5.71921586366467,-151.400192250283,2,1,32296.2179147146,72.0480575008005,5.71183870501464,-151.40411046025,14,32224.1698572138,0.0,5.69691559053587,-151.438528293825,2,32224.1698572138,0,0,594372,0,5,100,local_search,14,32224.1698572138,0.0,5.69691559053587,-151.438528293825,72.0480575008005,1
profile,gain_low,gain_low,qam64_bw40_bo070,41,1,32994.9670883515,159.98372168849892,5.14296576437622,-150.251409177085,5,1,32907.0657346329,72.0823679699024,5.13894705365871,-150.252664068231,14,32840.9236552798,5.940288616802718,5.13094038304784,-150.242184372063,1,32834.983366663,0,0,1605156,0,5,100,local_search,14,32840.9236552798,5.940288616802718,5.13094038304784,-150.242184372063,72.0823679699024,1
profile,gain_low,gain_low,qam64_bw40_bo070,53,1,33624.107368684,385.20890529490134,5.81148667518652,-148.12888254883,5,1,33711.4921791621,472.59371577300044,5.81485672799343,-148.129866225913,14,33444.3430945794,205.44463119030115,5.80429023158117,-148.064904334401,2,33238.8984633891,0,0,1258187,0,5,100,local_search,14,33444.3430945794,205.44463119030115,5.80429023158117,-148.064904334401,472.59371577300044,1
profile,gain_low,gain_low,qam64_bw40_bo070,67,1,31916.5432056136,209.8834617122011,5.68872750766767,-151.454089005858,5,1,32006.4699634397,299.81021953829986,5.69285732107542,-151.450373970868,14,31918.7379172521,212.07817335069922,5.67665649915444,-151.486409070091,2,31706.6597439014,0,0,600328,0,5,100,local_search,14,31918.7379172521,212.07817335069922,5.67665649915444,-151.486409070091,299.81021953829986,1
profile,gain_mid_low,gain_mid_low,qam16_bw20_bo058,41,1,34421.6832243565,447.23397299349745,6.98848460890158,-134.662720669832,2,1,34301.7058022722,327.25655090919463,6.98429824429022,-134.65868027408,14,33974.449251363,0.0,6.96753484127387,-134.554020117161,2,33974.449251363,275,1,2362387,0,5,100,local_search,14,33974.449251363,0.0,6.96753484127387,-134.554020117161,327.25655090919463,1
profile,gain_mid_low,gain_mid_low,qam16_bw20_bo058,53,1,35340.2749160209,572.0206813783952,8.11370543704427,-142.84482201415,2,1,35233.7072856897,465.4530510471959,8.11054703148532,-142.845387038895,14,34768.2542346425,0.0,8.08928659123138,-143.219245907525,2,34768.2542346425,247,5,1772560,0,5,100,local_search,14,34768.2542346425,0.0,8.08928659123138,-143.219245907525,465.4530510471959,1
profile,gain_mid_low,gain_mid_low,qam16_bw20_bo058,67,1,34379.826666521,35.50059412819974,8.36288435957844,-132.950021877569,2,1,34260.1567165106,-84.16935588220076,8.35887097060518,-132.953155966453,14,34344.3260723928,0.0,8.35892504138125,-132.917116228181,2,34344.3260723928,0,0,1659373,0,5,100,local_search,14,34344.3260723928,0.0,8.35892504138125,-132.917116228181,-84.16935588220076,1
profile,gain_mid_low,gain_mid_low,qam16_bw20_bo070,41,1,37988.7417861658,813.5762745484026,7.08660990112075,-134.483967327637,5,1,37817.1166543259,641.9511427085017,7.08077854247927,-134.48725866332,14,37175.1655116174,0.0,7.05180302763848,-134.387935540106,5,37175.1655116174,540,55,1926822,0,5,100,local_search,14,37175.1655116174,0.0,7.05180302763848,-134.387935540106,641.9511427085017,1
profile,gain_mid_low,gain_mid_low,qam16_bw20_bo070,53,1,38844.6559874769,386.30211572229746,8.21255892730239,-142.720390814661,5,1,38694.6473071629,236.29343540829723,8.20785573219481,-142.721266730638,14,38458.3538717546,0.0,8.19352583217239,-143.107538792988,5,38458.3538717546,157,1,1850588,0,5,100,local_search,14,38458.3538717546,0.0,8.19352583217239,-143.107538792988,236.29343540829723,1
profile,gain_mid_low,gain_mid_low,qam16_bw20_bo070,67,1,34270.2338227426,-8.950305361802748,8.34158487210232,-132.973823385695,5,1,34243.1654764507,-36.01865165370691,8.34169029163596,-132.971491246313,14,34285.1721187638,5.987990659399657,8.33916421964288,-132.929520134536,1,34279.1841281044,328,7,1703617,0,5,100,local_search,14,34285.1721187638,5.987990659399657,8.33916421964288,-132.929520134536,-36.01865165370691,1
profile,gain_mid_low,gain_mid_low,qam16_bw40_bo058,41,1,31235.4329499244,36.622801781202725,4.8854308165999,-144.400869997646,2,1,31109.4171445215,-89.39300362169888,4.8781285956125,-144.393033151664,14,31198.8101481432,0.0,4.87091760447256,-144.410544694412,2,31198.8101481432,0,0,1673764,5,5,100,direct,1,31109.4171445215,-89.39300362169888,4.8781285956125,-144.393033151664,-89.39300362169888,1
profile,gain_mid_low,gain_mid_low,qam16_bw40_bo058,53,1,32922.7520838026,228.27194430680174,6.0645142867804,-144.616224622728,2,1,32804.1886375991,109.70849810330037,6.06095091248984,-144.601163334653,14,32694.4801394958,0.0,6.0599452047611,-144.531469157048,2,32694.4801394958,6,13,1746122,5,5,100,direct,1,32804.1886375991,109.70849810330037,6.06095091248984,-144.601163334653,109.70849810330037,0
profile,gain_mid_low,gain_mid_low,qam16_bw40_bo058,67,1,32561.9636504519,179.24496243219983,6.21567669990539,-147.885746819332,2,1,32415.6987167474,32.98002872769939,6.20995325164272,-147.87924354213,14,32382.7186880197,0.0,6.20319909911621,-147.851760648427,2,32382.7186880197,45,6,1709796,3,5,100,local_search,14,32382.7186880197,0.0,6.20319909911621,-147.851760648427,32.98002872769939,1
profile,gain_mid_low,gain_mid_low,qam16_bw40_bo070,41,1,33742.7629130148,394.4938695265955,4.94776069730588,-144.076512635951,5,1,33590.2869823468,242.0179388585966,4.94090668737488,-144.082422501562,14,33353.3877800538,5.118736565600557,4.92255211538734,-144.111129797818,1,33348.2690434882,595,4,1702298,0,5,100,local_search,14,33353.3877800538,5.118736565600557,4.92255211538734,-144.111129797818,242.0179388585966,1
profile,gain_mid_low,gain_mid_low,qam16_bw40_bo070,53,1,34406.2169322332,480.2630694965992,6.14677831098002,-144.291080493242,5,1,34243.5564509454,317.6025882087997,6.13962435082209,-144.301082830213,14,33925.9538627366,0.0,6.13197052043023,-144.264134137861,5,33925.9538627366,755,6,1839477,0,5,100,local_search,14,33925.9538627366,0.0,6.13197052043023,-144.264134137861,317.6025882087997,1
profile,gain_mid_low,gain_mid_low,qam16_bw40_bo070,67,1,34621.03775353,466.96884269749717,6.26608620724779,-147.736101226429,5,1,34428.1896763927,274.12076556019747,6.25899492654112,-147.739677233877,14,34154.0689108325,0.0,6.24419917409629,-147.727135400297,5,34154.0689108325,653,56,1758643,0,5,100,local_search,14,34154.0689108325,0.0,6.24419917409629,-147.727135400297,274.12076556019747,1
profile,gain_mid_low,gain_mid_low,qam64_bw20_bo058,41,1,33517.63240946,371.2322833340004,7.43775910142827,-135.235912214709,2,1,33412.0408708588,265.640744732802,7.43504539270506,-135.238624432362,14,33146.400126126,0.0,7.41729145102043,-135.110745597533,2,33146.400126126,150,28,1731253,0,5,100,local_search,14,33146.400126126,0.0,7.41729145102043,-135.110745597533,265.640744732802,1
profile,gain_mid_low,gain_mid_low,qam64_bw20_bo058,53,1,33711.3789561966,241.16825426239666,8.05964389083871,-138.151023339091,2,1,33629.6499479861,159.43924605190114,8.05770064515999,-138.154958706758,14,33470.2107019342,0.0,8.04418733123186,-138.301009826222,2,33470.2107019342,0,0,1753780,5,5,100,direct,1,33629.6499479861,159.43924605190114,8.05770064515999,-138.154958706758,159.43924605190114,0
profile,gain_mid_low,gain_mid_low,qam64_bw20_bo058,67,1,34846.3359351219,119.61650505219586,7.92277851356659,-142.758302636381,2,1,34699.1667536813,-27.552676388404507,7.91812617587514,-142.76367543244,14,34726.7194300697,0.0,7.92461362726705,-142.525714960823,2,34726.7194300697,0,0,2313670,1,5,100,local_search,14,34726.7194300697,0.0,7.92461362726705,-142.525714960823,-27.552676388404507,1
profile,gain_mid_low,gain_mid_low,qam64_bw20_bo070,41,1,35889.6534420068,611.9287839034951,7.53084610344166,-135.365121803548,5,1,35714.5409874586,436.8163293552934,7.52456161977416,-135.363145495458,14,35277.7246581033,0.0,7.50052384316992,-135.225511404028,5,35277.7246581033,771,4,1788373,0,5,100,local_search,14,35277.7246581033,0.0,7.50052384316992,-135.225511404028,436.8163293552934,1
profile,gain_mid_low,gain_mid_low,qam64_bw20_bo070,53,1,33361.4995235404,50.36165476399765,8.04827894195239,-138.172489786421,5,1,33350.3746413324,39.23677255599614,8.0481427383642,-138.170922732222,14,33315.7839171243,4.646048347902251,8.03767398198414,-138.315585701619,1,33311.1378687764,118,3,1811117,0,5,100,local_search,14,33315.7839171243,4.646048347902251,8.03767398198414,-138.315585701619,39.23677255599614,1
profile,gain_mid_low,gain_mid_low,qam64_bw20_bo070,67,1,36860.8402296831,381.8830456789947,7.97151880874688,-142.99181843271,5,1,36674.4927935901,195.535609585997,7.965646838665,-142.984013494748,14,36478.9571840041,0.0,7.9628411173573,-142.74849470061,5,36478.9571840041,134,101,2404581,0,5,100,local_search,14,36478.9571840041,0.0,7.9628411173573,-142.74849470061,195.535609585997,1
profile,gain_mid_low,gain_mid_low,qam64_bw40_bo058,41,1,31992.7547946444,91.19241019299807,5.10789283738044,-150.305056365454,2,1,31912.6496730149,11.087288563499897,5.10444483763283,-150.303468203455,14,31901.5623844514,0.0,5.10102980620397,-150.293801969297,2,31901.5623844514,42,2,1698202,4,5,100,local_search,14,31901.5623844514,0.0,5.10102980620397,-150.293801969297,11.087288563499897,1
profile,gain_mid_low,gain_mid_low,qam64_bw40_bo058,53,1,32833.6663049492,328.1595515989975,5.80623567257324,-148.163902363731,2,1,32722.2515058827,216.74475253250057,5.80204636198782,-148.163343189257,14,32505.5067533502,0.0,5.79461993410482,-148.097975853817,2,32505.5067533502,102,3,1727717,1,5,100,local_search,14,32505.5067533502,0.0,5.79461993410482,-148.097975853817,216.74475253250057,1
profile,gain_mid_low,gain_mid_low,qam64_bw40_bo058,67,1,31137.0430087182,57.50296626659838,5.66252373225124,-151.43583170405,2,1,31061.5060246624,-18.034017789199424,5.65928456835816,-151.439475008554,14,31079.5400424516,0.0,5.64806198194864,-151.473672799633,2,31079.5400424516,0,0,1662475,5,5,100,direct,1,31061.5060246624,-18.034017789199424,5.65928456835816,-151.439475008554,-18.034017789199424,1
profile,gain_mid_low,gain_mid_low,qam64_bw40_bo070,41,1,35462.909379838,281.47404136649857,5.26307570272186,-150.239784389495,5,1,35313.4775503714,132.04221189989767,5.25585752309986,-150.241023515423,14,35184.5471955676,3.111857096097083,5.24469543800248,-150.231100415315,1,35181.4353384715,332,2,1714628,0,5,100,local_search,14,35184.5471955676,3.111857096097083,5.24469543800248,-150.231100415315,132.04221189989767,1
profile,gain_mid_low,gain_mid_low,qam64_bw40_bo070,53,1,32615.6417346576,139.84899481980028,5.78691861766297,-148.124858438451,5,1,32558.7868926799,82.99415284209681,5.78444828515302,-148.12576022018,14,32475.7927398378,0.0,5.77855373892738,-148.062738559216,5,32475.7927398378,275,11,1793018,0,5,100,local_search,14,32475.7927398378,0.0,5.77855373892738,-148.062738559216,82.99415284209681,1
profile,gain_mid_low,gain_mid_low,qam64_bw40_bo070,67,1,30978.0460136804,5.003493957399769,5.64595414922083,-151.501265899812,5,1,30955.7331914398,-17.309328283201467,5.64539358378443,-151.497704609967,14,30975.9392524762,2.896732753200922,5.63473073564122,-151.522294122306,1,30973.042519723,284,6,1706559,0,5,100,local_search,14,30975.9392524762,2.896732753200922,5.63473073564122,-151.522294122306,-17.309328283201467,1
profile,memory_short,memory_short,qam16_bw20_bo058,41,1,29883.1597744557,359.4423558620001,6.82931409216532,-134.582137630393,2,1,29968.1384503875,444.4210317938014,6.8316424999279,-134.57859058138,14,29659.2130751532,135.49565655949846,6.81411493901665,-134.475230575802,5,29523.7174185937,342,1,2061335,0,5,100,local_search,14,29659.2130751532,135.49565655949846,6.81411493901665,-134.475230575802,444.4210317938014,1
profile,memory_short,memory_short,qam16_bw20_bo058,53,1,30566.6406918862,289.5976958928004,7.99024951176727,-142.748782685429,2,1,30640.2897118785,363.24671588509955,7.99209179030314,-142.7496892467,14,30402.8424213061,125.7994253126999,7.97779690598172,-143.131904143178,5,30277.0429959934,317,7,264920,0,5,100,local_search,14,30402.8424213061,125.7994253126999,7.97779690598172,-143.131904143178,363.24671588509955,1
profile,memory_short,memory_short,qam16_bw20_bo058,67,1,29647.7743526112,27.860133663099987,8.22038074031156,-133.005156863691,2,1,29728.1961691063,108.28195015820165,8.22173565598441,-133.007993419258,14,29730.4392656177,110.52504666960158,8.21905906348849,-132.968973514843,5,29619.9142189481,0,0,252057,0,5,100,local_search,14,29730.4392656177,110.52504666960158,8.21905906348849,-132.968973514843,108.28195015820165,1
profile,memory_short,memory_short,qam16_bw20_bo070,41,1,43240.5443551904,890.1789404468,7.28121813249002,-134.380746337376,5,1,42972.1655414202,621.8001266766005,7.27072150879551,-134.384007893639,14,42350.3654147436,0.0,7.23714268635934,-134.287099736755,5,42350.3654147436,583,113,263560,0,5,100,local_search,14,42350.3654147436,0.0,7.23714268635934,-134.287099736755,621.8001266766005,1
profile,memory_short,memory_short,qam16_bw20_bo070,53,1,43398.167627761,399.3541746401024,8.3823528856849,-142.553052047289,5,1,43156.283778306,157.4703251851024,8.37389538530624,-142.554019744202,14,42998.8134531209,0.0,8.3610045263652,-142.942570817877,5,42998.8134531209,210,1,304430,0,5,100,local_search,14,42998.8134531209,0.0,8.3610045263652,-142.942570817877,157.4703251851024,1
profile,memory_short,memory_short,qam16_bw20_bo070,67,1,34955.0515706086,568.0900862479975,8.33129329300487,-133.062419840959,5,1,34706.6205567622,319.6590724015987,8.32486294613323,-133.060139363579,14,34386.9614843606,0.0,8.31051613733233,-133.019425335256,5,34386.9614843606,93,7,243983,0,5,100,local_search,14,34386.9614843606,0.0,8.31051613733233,-133.019425335256,319.6590724015987,1
profile,memory_short,memory_short,qam16_bw40_bo058,41,1,26562.1416154362,11.538064388802013,4.60280073705046,-144.301908890763,2,1,26622.0609682,71.4574171526001,4.6039600592255,-144.294429078691,14,26629.7623299928,79.15877894539881,4.59855181060483,-144.318994945241,5,26550.6035510474,0,0,251351,5,5,100,direct,1,26622.0609682,71.4574171526001,4.6039600592255,-144.294429078691,71.4574171526001,1
profile,memory_short,memory_short,qam16_bw40_bo058,53,1,28450.9992734748,28.61743690970252,5.91177048669755,-144.379241130859,2,1,28514.7953777065,92.41354114140267,5.91500638836758,-144.365592432546,14,28422.3818365651,0.0,5.91539698056408,-144.324276213945,2,28422.3818365651,64,5,253204,3,5,100,local_search,14,28422.3818365651,0.0,5.91539698056408,-144.324276213945,92.41354114140267,1
profile,memory_short,memory_short,qam16_bw40_bo058,67,1,28094.2517895834,88.38378636500056,6.03297779645681,-147.783736371758,2,1,28182.4680469016,176.60004368320006,6.03540517759207,-147.778103736295,14,28120.313704433,114.44570121460129,6.02891551982036,-147.75863332778,5,28005.8680032184,0,0,254630,5,5,100,direct,1,28182.4680469016,176.60004368320006,6.03540517759207,-147.778103736295,176.60004368320006,0
profile,memory_short,memory_short,qam16_bw40_bo070,41,1,37706.1606534845,841.2789724277973,5.08829500705968,-143.938342079892,5,1,37454.3016052935,589.4199242367977,5.0753753696269,-143.944406184161,14,36866.5172799065,1.6355988497962244,5.04386673413899,-143.972286030412,1,36864.8816810567,432,5,248575,0,5,100,local_search,14,36866.5172799065,1.6355988497962244,5.04386673413899,-143.972286030412,589.4199242367977,1
profile,memory_short,memory_short,qam16_bw40_bo070,53,1,37902.574477937,1043.0767420476986,6.32382480631224,-143.931592129104,5,1,37606.5419336381,747.0441977488008,6.31041977962415,-143.941263504534,14,36859.4977358893,0.0,6.28689120549369,-143.910779813463,5,36859.4977358893,642,8,369760,0,5,100,local_search,14,36859.4977358893,0.0,6.28689120549369,-143.910779813463,747.0441977488008,1
profile,memory_short,memory_short,qam16_bw40_bo070,67,1,40158.2536627915,946.1447230578997,6.46962179376687,-147.551873708855,5,1,39815.7570422798,603.6481025461981,6.45516814807138,-147.555288607999,14,39212.1089397336,0.0,6.42513880255263,-147.540700762154,5,39212.1089397336,504,10,263705,0,5,100,local_search,14,39212.1089397336,0.0,6.42513880255263,-147.540700762154,603.6481025461981,1
profile,memory_short,memory_short,qam64_bw20_bo058,41,1,28841.4770076685,183.0114194589005,7.31202789285715,-135.236158272821,2,1,28909.4764267106,251.01083850099894,7.31457943512664,-135.238646051139,14,28724.5384367478,66.07284853819874,7.30078153383667,-135.108997070149,3,28658.4655882096,199,3,388338,0,5,100,local_search,14,28724.5384367478,66.07284853819874,7.30078153383667,-135.108997070149,251.01083850099894,1
profile,memory_short,memory_short,qam64_bw20_bo058,53,1,29056.4771899543,15.41696392400263,7.94863476226339,-138.134571978982,2,1,29093.724482808,52.66425677770167,7.94968507953845,-138.138420847182,14,29112.8741703136,71.81394428330168,7.93861077328434,-138.282552327214,1,29041.0602260303,84,2,287707,0,5,100,local_search,14,29112.8741703136,71.81394428330168,7.93861077328434,-138.282552327214,52.66425677770167,1
profile,memory_short,memory_short,qam64_bw20_bo058,67,1,29715.4999001741,22.45476030589998,7.77801163914941,-142.919081019561,2,1,29784.8054280265,91.76028815829704,7.77980096136728,-142.922328466698,14,29785.9006471034,92.85550723519918,7.78276272257957,-142.689143258005,1,29693.0451398682,0,0,711874,1,5,100,local_search,14,29785.9006471034,92.85550723519918,7.78276272257957,-142.689143258005,91.76028815829704,1
profile,memory_short,memory_short,qam64_bw20_bo070,41,1,39533.6836502974,1062.2995256237991,7.6913973793545,-135.372908481026,5,1,39238.3099404219,766.9258157483055,7.68010466807336,-135.371024815612,14,38471.3841246736,0.0,7.64344981554535,-135.232151322739,5,38471.3841246736,512,48,327194,0,5,100,local_search,14,38471.3841246736,0.0,7.64344981554535,-135.232151322739,766.9258157483055,1
profile,memory_short,memory_short,qam64_bw20_bo070,53,1,31909.2647502246,276.50939034199837,8.01504945477412,-138.172023841504,5,1,31748.1073801261,115.35202024349928,8.01112036195427,-138.170412800424,14,31632.7553598826,0.0,7.9966674649853,-138.309927820164,5,31632.7553598826,10,13,300697,0,5,100,local_search,14,31632.7553598826,0.0,7.9966674649853,-138.309927820164,115.35202024349928,1
profile,memory_short,memory_short,qam64_bw20_bo070,67,1,41234.3554047323,831.9248207363999,8.13098777729679,-143.133581285707,5,1,40900.0744883165,497.64390432060463,8.11910984297622,-143.127169725025,14,40402.4305839959,0.0,8.10152553516063,-142.890641296418,5,40402.4305839959,276,7,293839,0,5,100,local_search,14,40402.4305839959,0.0,8.10152553516063,-142.890641296418,497.64390432060463,1
profile,memory_short,memory_short,qam64_bw40_bo058,41,1,27925.9684782546,80.93519459190065,4.906556733399,-150.239611585264,2,1,27999.2776747982,154.24439113550034,4.90967056248101,-150.23816762825,14,27950.6404006106,105.60711694790007,4.90544946926509,-150.228106190091,5,27845.0332836627,1,1,295948,5,5,100,direct,1,27999.2776747982,154.24439113550034,4.90967056248101,-150.23816762825,154.24439113550034,0
profile,memory_short,memory_short,qam64_bw40_bo058,53,1,28339.7848942995,133.7803557754014,5.62161583572193,-148.170136911979,2,1,28401.3276784495,195.32313992540003,5.62403338011183,-148.169704151612,14,28292.5963031776,86.59176465350174,5.61975013739319,-148.105754712686,5,28206.0045385241,24,2,271269,5,5,100,direct,1,28401.3276784495,195.32313992540003,5.62403338011183,-148.169704151612,195.32313992540003,0
profile,memory_short,memory_short,qam64_bw40_bo058,67,1,26880.3845742425,19.892895888799103,5.47725780409399,-151.487446007902,2,1,26935.0027245741,74.5110462203993,5.47909150278426,-151.490577922356,14,26936.0153009516,75.5236225978988,5.46856240182817,-151.516679906215,5,26860.4916783537,0,0,266276,5,5,100,direct,1,26935.0027245741,74.5110462203993,5.47909150278426,-151.490577922356,74.5110462203993,1
profile,memory_short,memory_short,qam64_bw40_bo070,41,1,39009.5076710984,560.6040375683006,5.42391099073967,-150.176285019536,5,1,38782.8930143871,333.98938085699774,5.41216280572443,-150.17749093129,14,38449.0906776136,0.18704408350458834,5.39120627632678,-150.168926082316,1,38448.9036335301,246,3,263389,0,5,100,local_search,14,38449.0906776136,0.18704408350458834,5.39120627632678,-150.168926082316,333.98938085699774,1
profile,memory_short,memory_short,qam64_bw40_bo070,53,1,33403.4468293074,509.5614108939044,5.82030306166191,-148.133849513879,5,1,33159.4037794452,265.51836103170353,5.81018247405195,-148.134620593607,14,32893.8854184135,0.0,5.79453303608119,-148.071911631968,5,32893.8854184135,155,50,306161,1,5,100,local_search,14,32893.8854184135,0.0,5.79453303608119,-148.071911631968,265.51836103170353,1
profile,memory_short,memory_short,qam64_bw40_bo070,67,1,30273.5082250466,454.7589675312993,5.59434560646874,-151.571426580441,5,1,30093.6213710392,274.8721135238993,5.58736736596376,-151.568104274656,14,29818.7492575153,0.0,5.56553662912837,-151.591406749688,5,29818.7492575153,137,9,263490,0,5,100,local_search,14,29818.7492575153,0.0,5.56553662912837,-151.591406749688,274.8721135238993,1
profile,noise_high,noise_high,qam16_bw20_bo058,41,1,53385.9670666445,1240.2492613370996,7.53337154425092,-134.844611254956,2,1,53378.4016836428,1232.683878335396,7.53304600217468,-134.84053101735,14,52145.881849975,0.16404466759559,7.43645725857446,-134.252944215418,4,52145.7178053074,687,1,1327830,0,5,100,local_search,14,52145.881849975,0.16404466759559,7.43645725857446,-134.252944215418,1232.683878335396,1
profile,noise_high,noise_high,qam16_bw20_bo058,53,1,54035.9714181541,576.5227191774975,8.60077100846155,-142.894159733864,2,1,54017.1757055661,557.7270065894991,8.60016451129596,-142.89504153407,14,53468.9743481074,9.5256491307955,8.50848491918322,-144.265492846558,5,53459.4486989766,452,12,641565,0,5,100,local_search,14,53468.9743481074,9.5256491307955,8.50848491918322,-144.265492846558,557.7270065894991,1
profile,noise_high,noise_high,qam16_bw20_bo058,67,1,52589.0391377472,-171.1412720994049,8.76896918681824,-133.058806358295,2,1,52584.1809675969,-175.99944224970386,8.7684533253894,-133.061842996907,14,52760.1804098466,0.0,8.7502251829101,-132.84763580527,2,52760.1804098466,0,0,550878,0,5,100,local_search,14,52760.1804098466,0.0,8.7502251829101,-132.84763580527,-175.99944224970386,1
profile,noise_high,noise_high,qam16_bw20_bo070,41,1,58665.643321766,1051.1049949480002,7.77856642663212,-134.645657464929,5,1,58512.4410811067,897.9027542886979,7.77090548098856,-134.649088069844,14,57614.538326818,0.0,7.68613674837558,-134.068562158584,5,57614.538326818,612,100,1786761,0,5,100,local_search,14,57614.538326818,0.0,7.68613674837558,-134.068562158584,897.9027542886979,1
profile,noise_high,noise_high,qam16_bw20_bo070,53,1,58693.827093121,-427.32085505239957,8.80569692402625,-142.760469341008,5,1,58563.5381107785,-557.6098373948989,8.79976401576162,-142.761318875662,14,59121.1479481734,0.0,8.76191794702337,-144.366109242013,5,59121.1479481734,262,2,448250,0,5,100,local_search,14,59121.1479481734,0.0,8.76191794702337,-144.366109242013,-557.6098373948989,1
profile,noise_high,noise_high,qam16_bw20_bo070,67,1,53814.3167882679,24.120524342397403,8.80395527598328,-133.100695994627,5,1,53718.0990202756,-72.09724364989961,8.80046659033679,-133.098339789545,14,53790.1962639255,0.0,8.76263667275344,-132.879765362321,5,53790.1962639255,99,9,529849,0,5,100,local_search,14,53790.1962639255,0.0,8.76263667275344,-132.879765362321,-72.09724364989961,1
profile,noise_high,noise_high,qam16_bw40_bo058,41,1,51183.828382192,261.8146288627977,5.5415460948594,-144.341628065245,2,1,51169.0009108454,246.9871575162033,5.53872798285695,-144.334058819525,14,50922.0137533292,0.0,5.47635352290866,-144.446770685709,2,50922.0137533292,0,0,1396784,5,5,100,direct,1,51169.0009108454,246.9871575162033,5.53872798285695,-144.334058819525,246.9871575162033,0
profile,noise_high,noise_high,qam16_bw40_bo058,53,1,51831.0440622003,413.5922333195995,6.59395720216735,-144.606858202119,2,1,51816.7215897344,399.26976085369824,6.59383988396048,-144.592075419071,14,51417.4518288807,0.0,6.56676335750693,-144.296619576935,2,51417.4518288807,126,2,735849,0,5,100,local_search,14,51417.4518288807,0.0,6.56676335750693,-144.296619576935,399.26976085369824,1
profile,noise_high,noise_high,qam16_bw40_bo058,67,1,50872.3841886604,-140.7995607937046,6.73642554787939,-148.041546610376,2,1,50864.001794349,-149.18195510510122,6.73557089272433,-148.035418630185,14,51013.1837494541,0.0,6.68853285803561,-147.905206026342,2,51013.1837494541,2,2,610358,0,5,100,local_search,14,51013.1837494541,0.0,6.68853285803561,-147.905206026342,-149.18195510510122,1
profile,noise_high,noise_high,qam16_bw40_bo070,41,1,55204.6474863157,528.5404124732959,5.74722508909308,-144.000706986168,5,1,55070.4101203948,394.3030465523989,5.73873041731306,-144.006701666691,14,54676.1070738424,0.0,5.68627404885071,-144.109364666645,5,54676.1070738424,118,3,985590,0,5,100,local_search,14,54676.1070738424,0.0,5.68627404885071,-144.109364666645,394.3030465523989,1
profile,noise_high,noise_high,qam16_bw40_bo070,53,1,54948.7078383186,871.4870831193984,6.7950335752457,-144.207962623693,5,1,54795.4703700575,718.2496148582941,6.78562990240732,-144.218021937226,14,54077.2207551992,0.0,6.76401381506739,-143.957460718892,5,54077.2207551992,642,8,710918,0,5,100,local_search,14,54077.2207551992,0.0,6.76401381506739,-143.957460718892,718.2496148582941,1
profile,noise_high,noise_high,qam16_bw40_bo070,67,1,55239.7175829807,477.5709679686988,6.94597981679712,-147.857107334489,5,1,55049.6356748651,287.4890598530983,6.93576580344842,-147.860578023799,14,54762.146615012,0.0,6.86804109269739,-147.745071070983,5,54762.146615012,679,56,488150,0,5,100,local_search,14,54762.146615012,0.0,6.86804109269739,-147.745071070983,287.4890598530983,1
profile,noise_high,noise_high,qam64_bw20_bo058,41,1,52472.9745411998,685.4603575942019,7.92692069737284,-135.48686989649,2,1,52470.4950076795,682.9808240739003,7.92776942731135,-135.489523963662,14,51788.0628176637,0.5486340580973774,7.84438063839259,-134.754137244509,4,51787.5141836056,0,0,3374162,5,5,100,direct,1,52470.4950076795,682.9808240739003,7.92776942731135,-135.489523963662,682.9808240739003,0
profile,noise_high,noise_high,qam64_bw20_bo058,53,1,52348.0404605615,-328.19385380420135,8.53190407799973,-138.195367535932,2,1,52333.2439379807,-342.9903763850016,8.53136137453265,-138.199199294424,14,52679.9785133762,3.7441990104998695,8.4686438174577,-139.038070614532,0,52676.2343143657,27,15,318040,0,5,100,local_search,14,52679.9785133762,3.7441990104998695,8.4686438174577,-139.038070614532,-342.9903763850016,1
profile,noise_high,noise_high,qam64_bw20_bo058,67,1,53027.5222096742,-120.08824112739967,8.34375465673869,-143.599556155565,2,1,53001.029161837,-146.58128896459675,8.34275189770334,-143.602648740451,14,53147.6104508016,0.0,8.36775754386628,-142.219511878048,2,53147.6104508016,0,0,1096488,5,5,100,direct,1,53001.029161837,-146.58128896459675,8.34275189770334,-143.602648740451,-146.58128896459675,0
profile,noise_high,noise_high,qam64_bw20_bo070,41,1,56555.8033585011,787.5610731311026,8.16186855347834,-135.624930431527,5,1,56393.6255012078,625.3832158378063,8.15317279191688,-135.622914667667,14,55768.24228537,0.0,8.08007343064255,-134.87662226233,5,55768.24228537,0,0,2725766,5,5,100,direct,1,56393.6255012078,625.3832158378063,8.15317279191688,-135.622914667667,625.3832158378063,0
profile,noise_high,noise_high,qam64_bw20_bo070,53,1,52711.0538770694,-491.1766317231013,8.53829324857256,-138.225509655766,5,1,52660.2375064364,-541.9930023560955,8.53660878406391,-138.224015499864,14,53202.2305087925,0.0,8.48109012374821,-139.05840022983,5,53202.2305087925,0,0,322238,0,5,100,local_search,14,53202.2305087925,0.0,8.48109012374821,-139.05840022983,-541.9930023560955,1
profile,noise_high,noise_high,qam64_bw20_bo070,67,1,56894.7581471718,316.8280267986993,8.51709653498942,-143.761569738747,5,1,56717.7362210641,139.8061006909993,8.50873457682265,-143.756491951129,14,56577.9301203731,0.0,8.50585533037956,-142.364725089908,5,56577.9301203731,505,5,1072698,0,5,100,local_search,14,56577.9301203731,0.0,8.50585533037956,-142.364725089908,139.8061006909993,1
profile,noise_high,noise_high,qam64_bw40_bo058,41,1,51607.7577994766,437.7212736714064,5.7396687008077,-150.296321959701,2,1,51607.6644465549,437.6279207497064,5.73990082056647,-150.294456356785,14,51172.533807037,2.4972812318010256,5.69585459537575,-150.278569078543,3,51170.0365258052,65,2,1182201,5,5,100,direct,1,51607.6644465549,437.6279207497064,5.73990082056647,-150.294456356785,437.6279207497064,0
profile,noise_high,noise_high,qam64_bw40_bo058,53,1,51924.8804766913,611.7836842083998,6.37566238467177,-148.323100771028,2,1,51908.5948059681,595.4980134852012,6.37494085213079,-148.322572961135,14,51313.0967924829,0.0,6.31186015275548,-147.962089398805,2,51313.0967924829,250,3,1142501,0,5,100,local_search,14,51313.0967924829,0.0,6.31186015275548,-147.962089398805,595.4980134852012,1
profile,noise_high,noise_high,qam64_bw40_bo058,67,1,50075.3060536145,-265.60113534559787,6.2478877482478,-151.330180449843,2,1,50072.8453872001,-268.06180175999907,6.2476098943582,-151.333794661874,14,50341.9443984509,1.0372094908016152,6.17314310185985,-151.516433058089,4,50340.9071889601,0,0,492729,5,5,100,direct,1,50072.8453872001,-268.06180175999907,6.2476098943582,-151.333794661874,-268.06180175999907,1
profile,noise_high,noise_high,qam64_bw40_bo070,41,1,56004.0014018386,448.4585055710995,6.02780133756704,-150.209592856251,5,1,55877.5098309943,321.9669347267991,6.01928659894906,-150.211068298548,14,55556.9506623986,1.4077661311021075,5.97186399958618,-150.203110987023,1,55555.5428962675,121,1,1383189,0,5,100,local_search,14,55556.9506623986,1.4077661311021075,5.97186399958618,-150.203110987023,321.9669347267991,1
profile,noise_high,noise_high,qam64_bw40_bo070,53,1,52875.1708098826,455.3054169160969,6.42937356514583,-148.283608289341,5,1,52780.2663831018,360.40099013529834,6.42364414040773,-148.284457382387,14,52419.8653929665,0.0,6.35444575935337,-147.928303076001,5,52419.8653929665,243,4,1032219,0,5,100,local_search,14,52419.8653929665,0.0,6.35444575935337,-147.928303076001,360.40099013529834,1
profile,noise_high,noise_high,qam64_bw40_bo070,67,1,50787.4236069579,-14.06591782720352,6.27839517962314,-151.403952452942,5,1,50721.368698178,-80.12082660710439,6.2747041747198,-151.400521221227,14,50801.4895247851,0.0,6.18744056072092,-151.580184342375,5,50801.4895247851,78,6,480834,1,5,100,local_search,14,50801.4895247851,0.0,6.18744056072092,-151.580184342375,-80.12082660710439,1
profile,noise_mid,noise_mid,qam16_bw20_bo058,41,1,37068.6223781364,695.891478073303,7.05303012851279,-134.686089818339,2,1,37058.4153080054,685.6844079423026,7.05253051736503,-134.682170187445,14,36372.7309000631,0.0,7.01339896463027,-134.448835698696,2,36372.7309000631,571,16,1018781,0,5,100,local_search,14,36372.7309000631,0.0,7.01339896463027,-134.448835698696,685.6844079423026,1
profile,noise_mid,noise_mid,qam16_bw20_bo058,53,1,38092.7312179305,556.2347791088032,8.17570673892455,-142.827973732376,2,1,38078.5026229373,542.0061841156057,8.17528331278058,-142.828656082261,14,37536.4964388217,0.0,8.13799435248307,-143.638595712506,2,37536.4964388217,296,4,247794,0,5,100,local_search,14,37536.4964388217,0.0,8.13799435248307,-143.638595712506,542.0061841156057,1
profile,noise_mid,noise_mid,qam16_bw20_bo058,67,1,36750.0888286419,-148.71169987809844,8.39714668031102,-132.999914015227,2,1,36739.1397617624,-159.6607667575954,8.39627463951366,-133.002902310352,14,36898.80052852,0.0,8.39383743844087,-132.915102748923,2,36898.80052852,0,0,78669,0,5,100,local_search,14,36898.80052852,0.0,8.39383743844087,-132.915102748923,-159.6607667575954,1
profile,noise_mid,noise_mid,qam16_bw20_bo070,41,1,44389.0232572791,1083.0484901715026,7.31144939185655,-134.494775824609,5,1,44184.5941896971,878.6194225895015,7.30335916424236,-134.49810422915,14,43305.9747671076,0.0,7.25204711241412,-134.273144924024,5,43305.9747671076,324,12,1567770,0,5,100,local_search,14,43305.9747671076,0.0,7.25204711241412,-134.273144924024,878.6194225895015,1
profile,noise_mid,noise_mid,qam16_bw20_bo070,53,1,44976.9022194689,283.84226538290386,8.40467806028545,-142.677473641146,5,1,44797.6138481171,104.55389403110166,8.39823766847661,-142.678438793376,14,44693.059954086,0.0,8.3759979352289,-143.523155746577,5,44693.059954086,222,1,245066,0,5,100,local_search,14,44693.059954086,0.0,8.3759979352289,-143.523155746577,104.55389403110166,1
profile,noise_mid,noise_mid,qam16_bw20_bo070,67,1,38425.5070718986,215.8502227463032,8.4251035223118,-133.040317636137,5,1,38294.0458072617,84.38895810939721,8.421757767986,-133.038008661882,14,38209.6568491523,0.0,8.40639098420864,-132.949725932944,5,38209.6568491523,148,9,75763,0,5,100,local_search,14,38209.6568491523,0.0,8.40639098420864,-132.949725932944,84.38895810939721,1
profile,noise_mid,noise_mid,qam16_bw40_bo058,41,1,33936.4735641501,-78.6927169026967,4.93643663784008,-144.346480439364,2,1,33912.600601995,-102.56567905779957,4.93372765283633,-144.338844718636,14,34015.1662810528,0.0,4.91786923249069,-144.385593996235,2,34015.1662810528,395,3,1122499,0,5,100,local_search,14,34015.1662810528,0.0,4.91786923249069,-144.385593996235,-102.56567905779957,1
profile,noise_mid,noise_mid,qam16_bw40_bo058,53,1,35434.7891882766,141.48543800699554,6.11885152540917,-144.520180569165,2,1,35415.6688570509,122.36510678129707,6.11896359933607,-144.505709246205,14,35293.3037502696,0.0,6.12050127973451,-144.376223714245,2,35293.3037502696,97,4,187287,1,5,100,local_search,14,35293.3037502696,0.0,6.12050127973451,-144.376223714245,122.36510678129707,1
profile,noise_mid,noise_mid,qam16_bw40_bo058,67,1,34848.8636958169,-68.72259880919592,6.25987530110883,-147.882659801742,2,1,34830.7493179094,-86.83697671669506,6.2587629295377,-147.876518649456,14,34917.5862946261,0.0,6.24737213797181,-147.826205917084,2,34917.5862946261,0,0,90887,5,5,100,direct,1,34830.7493179094,-86.83697671669506,6.2587629295377,-147.876518649456,-86.83697671669506,1
profile,noise_mid,noise_mid,qam16_bw40_bo070,41,1,39704.5079717516,332.19648198760115,5.17926542804944,-144.002766822466,5,1,39518.759366359,146.44787659500435,5.16965433363036,-144.008741755179,14,39372.311489764,0.0,5.14962358764868,-144.050450307673,5,39372.311489764,728,6,1165606,0,5,100,local_search,14,39372.311489764,0.0,5.14962358764868,-144.050450307673,146.44787659500435,1
profile,noise_mid,noise_mid,qam16_bw40_bo070,53,1,39965.9296237233,839.2537480848987,6.34446730375988,-144.129541029869,5,1,39752.2319999425,625.5561243041011,6.33423143733871,-144.139429256513,14,39126.6758756384,0.0,6.32100072036661,-144.047005739844,5,39126.6758756384,499,8,187680,0,5,100,local_search,14,39126.6758756384,0.0,6.32100072036661,-144.047005739844,625.5561243041011,1
profile,noise_mid,noise_mid,qam16_bw40_bo070,67,1,40844.485879481,676.9469374519977,6.48156387218746,-147.699146689182,5,1,40589.8842089274,422.3452668983955,6.47072147559273,-147.702638407305,14,40167.538942029,0.0,6.43900050858876,-147.661126938989,5,40167.538942029,488,16,247092,0,5,100,local_search,14,40167.538942029,0.0,6.43900050858876,-147.661126938989,422.3452668983955,1
profile,noise_mid,noise_mid,qam64_bw20_bo058,41,1,36145.6047489245,401.02254451189947,7.49933555840408,-135.318870294954,2,1,36136.5273027764,391.9450983637944,7.49975232654118,-135.321480390061,14,35744.5822044126,0.0,7.46627244377509,-135.028467029281,2,35744.5822044126,240,3,2120656,0,5,100,local_search,14,35744.5822044126,0.0,7.46627244377509,-135.028467029281,391.9450983637944,1
profile,noise_mid,noise_mid,qam64_bw20_bo058,53,1,36415.1958634958,37.47304980929766,8.12151174315161,-138.177075007007,2,1,36399.5412682024,21.818454515901976,8.1212139790349,-138.180889608844,14,36377.7228136865,0.0,8.09633394686305,-138.50859473217,2,36377.7228136865,31,18,95037,0,5,100,local_search,14,36377.7228136865,0.0,8.09633394686305,-138.50859473217,21.818454515901976,1
profile,noise_mid,noise_mid,qam64_bw20_bo058,67,1,37034.4009075107,-95.3422200148998,7.9556567901859,-143.018901069232,2,1,37002.4923995548,-127.25072797080065,7.95460022806312,-143.02313517271,14,37129.7431275256,0.0,7.96911317497827,-142.487693986868,2,37129.7431275256,377,61,1541297,0,5,100,local_search,14,37129.7431275256,0.0,7.96911317497827,-142.487693986868,-127.25072797080065,1
profile,noise_mid,noise_mid,qam64_bw20_bo070,41,1,41738.1678840004,402.99074336780177,7.72903833100682,-135.45437590571,5,1,41519.5658531792,184.38871254659898,7.72015225040134,-135.452396799467,14,41335.1771406326,0.0,7.6968975475927,-135.154723607549,5,41335.1771406326,672,8,2270239,0,5,100,local_search,14,41335.1771406326,0.0,7.6968975475927,-135.154723607549,184.38871254659898,1
profile,noise_mid,noise_mid,qam64_bw20_bo070,53,1,37036.5307862166,-38.41302176570025,8.13463063644117,-138.207966595157,5,1,36958.8225012757,-116.12130670659826,8.13260495292625,-138.206443447304,14,37074.9438079823,0.0,8.11133209920927,-138.532405283023,5,37074.9438079823,79,27,96847,0,5,100,local_search,14,37074.9438079823,0.0,8.11133209920927,-138.532405283023,-116.12130670659826,1
profile,noise_mid,noise_mid,qam64_bw20_bo070,67,1,42631.2566785073,534.7941490785961,8.13870835380392,-143.230881273855,5,1,42387.8397385799,291.3772091512001,8.12983125943123,-143.224065220759,14,42096.4625294287,0.0,8.12336443783807,-142.680774281922,5,42096.4625294287,365,38,458755,0,5,100,local_search,14,42096.4625294287,0.0,8.12336443783807,-142.680774281922,291.3772091512001,1
profile,noise_mid,noise_mid,qam64_bw40_bo058,41,1,34921.7062616893,66.47513681660348,5.18036805401524,-150.301513222261,2,1,34922.2371942272,67.00606935450196,5.18055942286105,-150.299910949231,14,34855.2311248727,0.0,5.17034015676011,-150.284322658158,2,34855.2311248727,0,0,351155,5,5,100,direct,1,34922.2371942272,67.00606935450196,5.18055942286105,-150.299910949231,67.00606935450196,1
profile,noise_mid,noise_mid,qam64_bw40_bo058,53,1,35449.8918541278,261.59227207500226,5.86424027577452,-148.201243176859,2,1,35431.7055135353,243.405931482499,5.86367625133818,-148.20075062887,14,35188.2995820528,0.0,5.85017436129818,-148.05787616163,2,35188.2995820528,121,66,353144,1,5,100,local_search,14,35188.2995820528,0.0,5.85017436129818,-148.05787616163,243.405931482499,1
profile,noise_mid,noise_mid,qam64_bw40_bo058,67,1,33895.0890511111,-134.5338869854022,5.73056574343626,-151.43705439978,2,1,33890.5430528066,-139.07988528990245,5.73022455295745,-151.440534969039,14,34029.6229380965,0.0,5.70639988514218,-151.510440591732,2,34029.6229380965,0,0,95974,5,5,100,direct,1,33890.5430528066,-139.07988528990245,5.73022455295745,-151.440534969039,-139.07988528990245,1
profile,noise_mid,noise_mid,qam64_bw40_bo070,41,1,41177.1070584617,296.3226460576989,5.49578362960736,-150.230341591298,5,1,41004.4639825092,123.67957010520331,5.48647670318069,-150.231635558719,14,40882.6672759013,1.8828634973033331,5.46890427885349,-150.216437404351,1,40880.784412404,137,2,403721,0,5,100,local_search,14,40882.6672759013,1.8828634973033331,5.46890427885349,-150.216437404351,123.67957010520331,1
profile,noise_mid,noise_mid,qam64_bw40_bo070,53,1,37008.5649144472,377.6003285050974,5.92781401277458,-148.162703696049,5,1,36869.0943767358,238.12979079369688,5.92146666226524,-148.163544328736,14,36630.9645859421,0.0,5.89919028405912,-148.023595416394,5,36630.9645859421,96,47,329313,0,5,100,local_search,14,36630.9645859421,0.0,5.89919028405912,-148.023595416394,238.12979079369688,1
profile,noise_mid,noise_mid,qam64_bw40_bo070,67,1,34905.0860696731,158.0141251498062,5.7623526225639,-151.511188428545,5,1,34811.7753304502,64.7033859268995,5.75846792155109,-151.507746974709,14,34747.0719445233,0.0,5.72532347687068,-151.571647336469,5,34747.0719445233,143,7,90528,0,5,100,local_search,14,34747.0719445233,0.0,5.72532347687068,-151.571647336469,64.7033859268995,1
profile,sat_early,sat_early,qam16_bw20_bo058,41,1,34370.2914426464,446.88979552909586,6.98553701962035,-134.670072328485,2,1,34281.7658056351,358.3641585177975,6.9824090513403,-134.665589156618,14,33923.4016471173,0.0,6.9639964619858,-134.560547787043,2,33923.4016471173,0,0,2156662,5,5,100,direct,1,34281.7658056351,358.3641585177975,6.9824090513403,-134.665589156618,358.3641585177975,0
profile,sat_early,sat_early,qam16_bw20_bo058,53,1,35417.5185545588,516.1858399651028,8.11383715352004,-142.835645887155,2,1,35337.7669336172,436.43421902349655,8.11147498241267,-142.835986618612,14,34901.3327145937,0.0,8.0918247786164,-143.209648193631,2,34901.3327145937,367,12,163294,0,5,100,local_search,14,34901.3327145937,0.0,8.0918247786164,-143.209648193631,436.43421902349655,1
profile,sat_early,sat_early,qam16_bw20_bo058,67,1,34288.3258511918,-72.6214153990004,8.35689160042923,-132.964950993423,2,1,34204.6669321299,-156.28033446090558,8.35391900459624,-132.968030929417,14,34360.9472665908,0.0,8.35596573527014,-132.927526548109,2,34360.9472665908,0,0,24671,0,5,100,local_search,14,34360.9472665908,0.0,8.35596573527014,-132.927526548109,-156.28033446090558,1
profile,sat_early,sat_early,qam16_bw20_bo070,41,1,39119.2283231301,916.0810528418006,7.12655863413304,-134.504669035246,5,1,38943.1675859819,740.0203156936041,7.12042730217055,-134.508044619306,14,38203.1472702883,0.0,7.08661495537471,-134.406720339685,5,38203.1472702883,580,112,264225,0,5,100,local_search,14,38203.1472702883,0.0,7.08661495537471,-134.406720339685,740.0203156936041,1
profile,sat_early,sat_early,qam16_bw20_bo070,53,1,40196.9302070833,417.99905581540224,8.253286687552,-142.707535546649,5,1,40042.6249415288,263.6937902608988,8.24829452707532,-142.708606717906,14,39778.9311512679,0.0,8.23406680295625,-143.093306872419,5,39778.9311512679,226,2,213499,0,5,100,local_search,14,39778.9311512679,0.0,8.23406680295625,-143.093306872419,263.6937902608988,1
profile,sat_early,sat_early,qam16_bw20_bo070,67,1,35306.6841733598,49.02423963580077,8.36551955647186,-132.992799403441,5,1,35266.3047732732,8.644839549204335,8.36516036627743,-132.990527827849,14,35259.0459891285,1.3860554045022582,8.36109238505952,-132.950546044125,1,35257.659933724,93,10,80015,0,5,100,local_search,14,35259.0459891285,1.3860554045022582,8.36109238505952,-132.950546044125,8.644839549204335,1
profile,sat_early,sat_early,qam16_bw40_bo058,41,1,30987.706189783,23.870978361799644,4.86836476708788,-144.429628785243,2,1,30892.2536898983,-71.58152152289767,4.86257758306625,-144.421061581609,14,30963.8352114212,0.0,4.8556824956102,-144.438512596382,2,30963.8352114212,0,0,26500,5,5,100,direct,1,30892.2536898983,-71.58152152289767,4.86257758306625,-144.421061581609,-71.58152152289767,1
profile,sat_early,sat_early,qam16_bw40_bo058,53,1,32737.5911238105,175.36860119710036,6.06512585241947,-144.642122704893,2,1,32652.5301452417,90.30762262830103,6.06292715031411,-144.626085683805,14,32562.2225226134,0.0,6.06361582008738,-144.556046932459,2,32562.2225226134,64,5,94714,3,5,100,local_search,14,32562.2225226134,0.0,6.06361582008738,-144.556046932459,90.30762262830103,1
profile,sat_early,sat_early,qam16_bw40_bo058,67,1,32433.2560442717,159.8229430331994,6.210102186268,-147.858541212157,2,1,32322.4212926915,48.98819145299785,6.20573075013586,-147.851950724279,14,32273.4331012385,0.0,6.19893567070687,-147.825010994961,2,32273.4331012385,2,3,40699,5,5,100,direct,1,32322.4212926915,48.98819145299785,6.20573075013586,-147.851950724279,48.98819145299785,1
profile,sat_early,sat_early,qam16_bw40_bo070,41,1,34600.5330884456,502.8960438817012,4.98684442556366,-144.142922909714,5,1,34441.2615054476,343.6244608837005,4.97946766625398,-144.148877020584,14,34104.8703989766,7.233354412703193,4.95808520687428,-144.176834772193,1,34097.6370445639,407,7,66281,0,5,100,local_search,14,34104.8703989766,7.233354412703193,4.95808520687428,-144.176834772193,343.6244608837005,1
profile,sat_early,sat_early,qam16_bw40_bo070,53,1,35312.4531190022,565.8154915339037,6.19547518747324,-144.363844529269,5,1,35137.4877193871,390.8500919188009,6.18762219935599,-144.374178251058,14,34746.6376274683,0.0,6.1776685253822,-144.338202248045,5,34746.6376274683,469,7,51320,0,5,100,local_search,14,34746.6376274683,0.0,6.1776685253822,-144.338202248045,390.8500919188009,1
profile,sat_early,sat_early,qam16_bw40_bo070,67,1,35788.7458445834,591.917654773395,6.31173656795569,-147.700367869552,5,1,35587.4818772531,390.6536874430967,6.30408752656709,-147.704008613111,14,35196.82818981,0.0,6.28521148746919,-147.692407199532,5,35196.82818981,473,8,95273,0,5,100,local_search,14,35196.82818981,0.0,6.28521148746919,-147.692407199532,390.6536874430967,1
profile,sat_early,sat_early,qam64_bw20_bo058,41,1,33396.865929098,311.23240516839724,7.4417943318948,-135.230798521429,2,1,33321.8679851945,236.2344612648958,7.44006309086757,-135.233690578993,14,33085.6335239296,0.0,7.42340185661112,-135.105500307053,2,33085.6335239296,211,2,317094,0,5,100,local_search,14,33085.6335239296,0.0,7.42340185661112,-135.105500307053,236.2344612648958,1
profile,sat_early,sat_early,qam64_bw20_bo058,53,1,33549.9579110612,128.16086740330502,8.05667897164622,-138.155160689056,2,1,33498.1581418972,76.36109823930019,8.05554913980998,-138.159140806902,14,33421.7970436579,0.0,8.04390680172368,-138.303790070222,2,33421.7970436579,66,2,46734,0,5,100,local_search,14,33421.7970436579,0.0,8.04390680172368,-138.303790070222,76.36109823930019,1
profile,sat_early,sat_early,qam64_bw20_bo058,67,1,34549.1332992765,69.14053584729845,7.91594891601604,-142.791016922781,2,1,34434.4821056772,-45.5106577520055,7.91235293696465,-142.796030172637,14,34479.9927634292,0.0,7.9191600101064,-142.565203319653,2,34479.9927634292,0,0,201927,0,5,100,local_search,14,34479.9927634292,0.0,7.9191600101064,-142.565203319653,-45.5106577520055,1
profile,sat_early,sat_early,qam64_bw20_bo070,41,1,37005.6761027732,636.4448747510978,7.58115502357349,-135.346203365066,5,1,36822.3220090328,453.0907810107019,7.57440063512816,-135.34417767451,14,36369.2312280221,0.0,7.54930186979927,-135.206388862648,5,36369.2312280221,609,7,141132,0,5,100,local_search,14,36369.2312280221,0.0,7.54930186979927,-135.206388862648,453.0907810107019,1
profile,sat_early,sat_early,qam64_bw20_bo070,53,1,33834.3936486085,64.06432733080146,8.06224094460448,-138.171330934877,5,1,33804.11556263,33.78624135230348,8.06154065252701,-138.169765101767,14,33783.3167564686,12.987435190902033,8.05119373859963,-138.313862762337,1,33770.3293212777,93,3,89638,0,5,100,local_search,14,33783.3167564686,12.987435190902033,8.05119373859963,-138.313862762337,33.78624135230348,1
profile,sat_early,sat_early,qam64_bw20_bo070,67,1,37621.1197368986,463.55450689650024,8.00002561248241,-143.012793629223,5,1,37424.874493841,267.3092638388989,7.99366990410277,-143.005292726088,14,37157.5652300021,0.0,7.98810929579214,-142.769332573404,5,37157.5652300021,505,5,295556,0,5,100,local_search,14,37157.5652300021,0.0,7.98810929579214,-142.769332573404,267.3092638388989,1
profile,sat_early,sat_early,qam64_bw40_bo058,41,1,31941.302111675,55.698336867699254,5.1053544893275,-150.291578869468,2,1,31894.3652183495,8.76144354220014,5.10340716076343,-150.290083311792,14,31885.6037748073,0.0,5.09993538317822,-150.280608032502,2,31885.6037748073,2,1,41189,5,5,100,direct,1,31894.3652183495,8.76144354220014,5.10340716076343,-150.290083311792,8.76144354220014,1
profile,sat_early,sat_early,qam64_bw40_bo058,53,1,32604.4110255591,203.3925326671997,5.79911073029061,-148.150281423049,2,1,32528.0398777876,127.02138489569916,5.79637733818342,-148.149818845789,14,32431.0034023769,29.984909484999662,5.79280009747273,-148.08599444434,4,32401.0184928919,106,2,48232,0,5,100,local_search,14,32431.0034023769,29.984909484999662,5.79280009747273,-148.08599444434,127.02138489569916,1
profile,sat_early,sat_early,qam64_bw40_bo058,67,1,31049.9787751388,21.895852122997894,5.65737743056356,-151.455900742468,2,1,31005.4353957502,-22.647527265602548,5.65542153085461,-151.459491941363,14,31028.0829230158,0.0,5.64414590779863,-151.493742175357,2,31028.0829230158,0,0,16309,5,5,100,direct,1,31005.4353957502,-22.647527265602548,5.65542153085461,-151.459491941363,-22.647527265602548,1
profile,sat_early,sat_early,qam64_bw40_bo070,41,1,36700.1139846923,298.4566655748058,5.32212826825801,-150.223253785635,5,1,36540.5402682639,138.88294914640574,5.31425070641043,-150.224487253338,14,36403.727816251,2.0704971334998845,5.30259178088106,-150.214396138904,1,36401.6573191175,202,53,266103,0,5,100,local_search,14,36403.727816251,2.0704971334998845,5.30259178088106,-150.214396138904,138.88294914640574,1
profile,sat_early,sat_early,qam64_bw40_bo070,53,1,33215.539587053,184.53025446480024,5.81341147311792,-148.103170603556,5,1,33143.4699927189,112.46066013070231,5.81026127023249,-148.104081671296,14,33031.0093325882,0.0,5.80237190104266,-148.042081976968,5,33031.0093325882,184,5,91302,0,5,100,local_search,14,33031.0093325882,0.0,5.80237190104266,-148.042081976968,112.46066013070231,1
profile,sat_early,sat_early,qam64_bw40_bo070,67,1,31663.6623749206,96.14035061059985,5.67019905309545,-151.521053880057,5,1,31623.2003786766,55.678354366598796,5.66885620207292,-151.517489268442,14,31567.52202431,0.0,5.6546646822784,-151.542320205394,5,31567.52202431,120,7,57112,0,5,100,local_search,14,31567.52202431,0.0,5.6546646822784,-151.542320205394,55.678354366598796,1
profile,sat_mid,sat_mid,qam16_bw20_bo058,41,1,33896.8554908749,375.3971904041973,6.96960509666499,-134.641358050905,2,1,33863.0417745071,341.58347403640073,6.96829406060388,-134.63730241074,14,33521.4583004707,0.0,6.95059509998844,-134.532509055043,2,33521.4583004707,328,10,754994,0,5,100,local_search,14,33521.4583004707,0.0,6.95059509998844,-134.532509055043,341.58347403640073,1
profile,sat_mid,sat_mid,qam16_bw20_bo058,53,1,34941.3266137395,371.7454509208983,8.10080374873529,-142.809831356466,2,1,34910.1191091453,340.5379463267018,8.09986224303056,-142.81035721604,14,34569.5811628186,0.0,8.08259721106323,-143.185853209811,2,34569.5811628186,329,4,104166,0,5,100,local_search,14,34569.5811628186,0.0,8.08259721106323,-143.185853209811,340.5379463267018,1
profile,sat_mid,sat_mid,qam16_bw20_bo058,67,1,33872.82950727,-76.74115174639883,8.34412559482077,-132.974626905883,2,1,33838.558074797,-111.01258421939565,8.34254602464584,-132.977635093802,14,33949.5706590164,0.0,8.34325604115635,-132.937128813521,2,33949.5706590164,0,0,10168,0,5,100,local_search,14,33949.5706590164,0.0,8.34325604115635,-132.937128813521,-111.01258421939565,1
profile,sat_mid,sat_mid,qam16_bw20_bo070,41,1,40768.2529111821,952.829991154802,7.18987613490547,-134.459847279308,5,1,40562.1784783309,746.755558303601,7.18234234011276,-134.463167608714,14,39815.4229200273,0.0,7.14746575046227,-134.361808741426,5,39815.4229200273,494,36,202429,0,5,100,local_search,14,39815.4229200273,0.0,7.14746575046227,-134.361808741426,746.755558303601,1
profile,sat_mid,sat_mid,qam16_bw20_bo070,53,1,41601.009494928,409.35152770920104,8.30379524093723,-142.663796770586,5,1,41419.1868239511,227.52885673230048,8.29771722883695,-142.664818070263,14,41191.6579672188,0.0,8.28364276267354,-143.051518647111,5,41191.6579672188,223,3,162064,0,5,100,local_search,14,41191.6579672188,0.0,8.28364276267354,-143.051518647111,227.52885673230048,1
profile,sat_mid,sat_mid,qam16_bw20_bo070,67,1,35288.213535274,206.25096439549816,8.36065848679426,-133.010428663502,5,1,35177.9268518128,95.96428093429859,8.35829701800757,-133.008140889278,14,35081.9625708785,0.0,8.35128008569725,-132.968032033342,5,35081.9625708785,141,7,36450,0,5,100,local_search,14,35081.9625708785,0.0,8.35128008569725,-132.968032033342,95.96428093429859,1
profile,sat_mid,sat_mid,qam16_bw40_bo058,41,1,30534.8635954043,-29.464416607803287,4.84325516763591,-144.372372272609,2,1,30487.2024943822,-77.12551762990188,4.83971584133079,-144.364421631422,14,30564.3280120121,0.0,4.83318719357173,-144.381690310106,2,30564.3280120121,0,0,12121,5,5,100,direct,1,30487.2024943822,-77.12551762990188,4.83971584133079,-144.364421631422,-77.12551762990188,1
profile,sat_mid,sat_mid,qam16_bw40_bo058,53,1,32348.5733879959,94.70172011700197,6.05311003366552,-144.536585785923,2,1,32309.2286747135,55.357006834601634,6.05261327261249,-144.521681430907,14,32253.8716678789,0.0,6.05498927749338,-144.453150640025,2,32253.8716678789,48,5,51373,5,5,100,direct,1,32309.2286747135,55.357006834601634,6.05261327261249,-144.521681430907,55.357006834601634,1
profile,sat_mid,sat_mid,qam16_bw40_bo058,67,1,31879.9417237873,42.01945499659996,6.18937406389105,-147.83307213771,2,1,31831.4016342486,-6.5206345420992875,6.18724647647603,-147.826792914927,14,31837.9222687907,0.0,6.18207292054656,-147.800006084766,2,31837.9222687907,0,0,21210,5,5,100,direct,1,31831.4016342486,-6.5206345420992875,6.18724647647603,-147.826792914927,-6.5206345420992875,1
profile,sat_mid,sat_mid,qam16_bw40_bo070,41,1,35934.7292942574,591.306367576195,5.04995366000947,-144.046620148498,5,1,35746.2889106677,402.8659839864995,5.04086822651369,-144.052585035273,14,35348.2563764755,4.833449794299668,5.01629175940078,-144.08026150149,1,35343.4229266812,433,6,35252,0,5,100,local_search,14,35348.2563764755,4.833449794299668,5.01629175940078,-144.08026150149,402.8659839864995,1
profile,sat_mid,sat_mid,qam16_bw40_bo070,53,1,36493.416886369,674.2311030466008,6.2499982872339,-144.185531071039,5,1,36278.5232194808,459.3374361583992,6.24036015342952,-144.195534613844,14,35819.1857833224,0.0,6.22791409875317,-144.159991236136,5,35819.1857833224,418,35,48377,0,5,100,local_search,14,35819.1857833224,0.0,6.22791409875317,-144.159991236136,459.3374361583992,1
profile,sat_mid,sat_mid,qam16_bw40_bo070,67,1,37263.4733237391,714.0932396572971,6.37038703921947,-147.658036007754,5,1,37011.757146034,462.3770619521965,6.3604487776038,-147.661579893866,14,36549.3800840818,0.0,6.33770580076821,-147.649527212893,5,36549.3800840818,498,8,51356,0,5,100,local_search,14,36549.3800840818,0.0,6.33770580076821,-147.649527212893,462.3770619521965,1
profile,sat_mid,sat_mid,qam64_bw20_bo058,41,1,33014.5177197332,234.95027972880052,7.42997343055364,-135.2499383539,2,1,32983.716223,204.14878299560223,7.42963680950906,-135.252628911081,14,32779.5674400044,0.0,7.41430488161085,-135.12371919137,2,32779.5674400044,199,3,90572,0,5,100,local_search,14,32779.5674400044,0.0,7.41430488161085,-135.12371919137,204.14878299560223,1
profile,sat_mid,sat_mid,qam64_bw20_bo058,53,1,33335.394105304,84.07111832720693,8.05127237885251,-138.166268124205,2,1,33309.7749676017,58.4519806249009,8.05080179931602,-138.170131341128,14,33251.3229869768,0.0,8.03963439238225,-138.314921254876,2,33251.3229869768,48,10,19027,0,5,100,local_search,14,33251.3229869768,0.0,8.03963439238225,-138.314921254876,58.4519806249009,1
profile,sat_mid,sat_mid,qam64_bw20_bo058,67,1,34048.6614967577,-57.54053590090189,7.90030231954461,-142.80527010199,2,1,33991.7726981798,-114.42933447880205,7.89849121732123,-142.809915555655,14,34106.2020326586,0.0,7.90720900084083,-142.579611772492,2,34106.2020326586,0,0,113985,3,5,100,local_search,14,34106.2020326586,0.0,7.90720900084083,-142.579611772492,-114.42933447880205,1
profile,sat_mid,sat_mid,qam64_bw20_bo070,41,1,38216.7610050491,818.4416226506,7.62594107600196,-135.378159577622,5,1,37997.6094441969,599.2900617984051,7.61772826159256,-135.376173530362,14,37398.3193823985,0.0,7.58674982571749,-135.238203102461,5,37398.3193823985,631,83,97407,0,5,100,local_search,14,37398.3193823985,0.0,7.58674982571749,-135.238203102461,599.2900617984051,1
profile,sat_mid,sat_mid,qam64_bw20_bo070,53,1,33857.0572331327,160.0054800450962,8.06241852095887,-138.192500643723,5,1,33787.1367389529,90.08498586529458,8.06071634106224,-138.190956255971,14,33697.0517530876,0.0,8.04878344970754,-138.331193036844,5,33697.0517530876,64,26,45334,0,5,100,local_search,14,33697.0517530876,0.0,8.04878344970754,-138.331193036844,90.08498586529458,1
profile,sat_mid,sat_mid,qam64_bw20_bo070,67,1,39128.6706849547,580.3743208460946,8.05019763281949,-143.02763268567,5,1,38885.5344914252,337.23812731659564,8.04201957167726,-143.020355465236,14,38548.2963641086,0.0,8.03330541226162,-142.784773571829,5,38548.2963641086,344,66,950475,0,5,100,local_search,14,38548.2963641086,0.0,8.03330541226162,-142.784773571829,337.23812731659564,1
profile,sat_mid,sat_mid,qam64_bw40_bo058,41,1,31693.4178500229,13.530628206899564,5.09506516608268,-150.293633666896,2,1,31680.2628945774,0.37567276140180184,5.09461830169094,-150.292133041763,14,31679.887221816,0.0,5.09145292875013,-150.282759901735,2,31679.887221816,0,0,17157,5,5,100,direct,1,31680.2628945774,0.37567276140180184,5.09461830169094,-150.292133041763,0.37567276140180184,1
profile,sat_mid,sat_mid,qam64_bw40_bo058,53,1,32285.0486973475,136.14476465890039,5.78829486361409,-148.155462510353,2,1,32250.1577472656,101.25381457699768,5.78715449937332,-148.154992272915,14,32148.9039326886,0.0,5.78328450921224,-148.090529826067,2,32148.9039326886,103,2,15904,0,5,100,local_search,14,32148.9039326886,0.0,5.78328450921224,-148.090529826067,101.25381457699768,1
profile,sat_mid,sat_mid,qam64_bw40_bo058,67,1,30836.5199353642,-44.54636226540242,5.64902421081968,-151.461880363015,2,1,30819.6865569463,-61.37974068330004,5.64819840213775,-151.465359255109,14,30881.0662976296,0.0,5.63875204264869,-151.495926812038,2,30881.0662976296,0,0,6222,5,5,100,direct,1,30819.6865569463,-61.37974068330004,5.64819840213775,-151.465359255109,-61.37974068330004,1
profile,sat_mid,sat_mid,qam64_bw40_bo070,41,1,37827.7342260231,342.0430972471004,5.38084086943831,-150.227312621259,5,1,37650.0839007475,164.39277197149931,5.37187727019465,-150.228539687935,14,37485.691128776,0.0,5.35870008231449,-150.219001029188,5,37485.691128776,246,3,93546,0,5,100,local_search,14,37485.691128776,0.0,5.35870008231449,-150.219001029188,164.39277197149931,1
profile,sat_mid,sat_mid,qam64_bw40_bo070,53,1,33589.41870774,306.89121659079683,5.8340417137462,-148.114155429366,5,1,33459.9406065532,177.41311540400056,5.82856618256765,-148.115011272428,14,33282.5274911492,0.0,5.81726961117134,-148.052454366939,5,33282.5274911492,185,40,45262,1,5,100,local_search,14,33282.5274911492,0.0,5.81726961117134,-148.052454366939,177.41311540400056,1
profile,sat_mid,sat_mid,qam64_bw40_bo070,67,1,31708.7430460121,193.9048562060998,5.67214160430371,-151.53335309248,5,1,31625.9096990036,111.0715091976017,5.66902652587287,-151.529871843682,14,31514.838189806,0.0,5.65263871832909,-151.554557673636,5,31514.838189806,117,29,26492,2,5,100,local_search,14,31514.838189806,0.0,5.65263871832909,-151.554557673636,111.0715091976017,1
profile,thermal_drift,thermal_drift,qam16_bw20_bo058,41,1,66289.6444116386,272.70016427119845,8.93876566805849,-134.918803262847,2,1,66292.1020006136,275.1577532461961,8.93885075701974,-134.915589002803,14,66017.3312862623,0.38703889489988796,8.90745521509646,-134.80901063616,3,66016.9442473674,314,10,240375,0,5,100,local_search,14,66017.3312862623,0.38703889489988796,8.90745521509646,-134.80901063616,275.1577532461961,1
profile,thermal_drift,thermal_drift,qam16_bw20_bo058,53,1,67464.7564302679,310.6751101171976,9.85342808128678,-141.460250809674,2,1,67445.0279038031,290.9465836524032,9.85220757382666,-141.461324046304,14,67154.8452985879,0.7639784372004215,9.81846334044363,-141.784518067223,4,67154.0813201507,323,6,72284,0,5,100,local_search,14,67154.8452985879,0.7639784372004215,9.81846334044363,-141.784518067223,290.9465836524032,1
profile,thermal_drift,thermal_drift,qam16_bw20_bo058,67,1,66017.0985613639,-86.83325002819765,10.0251389775103,-133.131484343301,2,1,66008.0711574088,-95.8606539832981,10.0241547971152,-133.134594147703,14,66103.9318113921,0.0,10.0308158801287,-133.093667838641,2,66103.9318113921,0,0,160953,0,5,100,local_search,14,66103.9318113921,0.0,10.0308158801287,-133.093667838641,-95.8606539832981,1
profile,thermal_drift,thermal_drift,qam16_bw20_bo070,41,1,70750.484709216,585.4903082253004,9.15267016100243,-134.751790287888,5,1,70622.4982031327,457.5038021419896,9.14623150353595,-134.754834974358,14,70164.9944009907,0.0,9.10486787815173,-134.653992220575,5,70164.9944009907,522,48,40545,0,5,100,local_search,14,70164.9944009907,0.0,9.10486787815173,-134.653992220575,457.5038021419896,1
profile,thermal_drift,thermal_drift,qam16_bw20_bo070,53,1,70996.9489114159,333.0400022190879,10.0068193458781,-141.385981203338,5,1,70886.3980585054,222.48914930858882,10.0015110424373,-141.385755398775,14,70663.9089091968,0.0,9.97201027190904,-141.713877506472,5,70663.9089091968,226,1,77343,0,5,100,local_search,14,70663.9089091968,0.0,9.97201027190904,-141.713877506472,222.48914930858882,1
profile,thermal_drift,thermal_drift,qam16_bw20_bo070,67,1,66822.0432752238,93.4831486109033,10.039614075386,-133.174488277331,5,1,66748.4750329548,19.91490634190268,10.036886690555,-133.172116810719,14,66728.5601266129,0.0,10.0374135854592,-133.128736648698,5,66728.5601266129,88,7,170483,0,5,100,local_search,14,66728.5601266129,0.0,10.0374135854592,-133.128736648698,19.91490634190268,1
profile,thermal_drift,thermal_drift,qam16_bw40_bo058,41,1,64645.1549757747,-82.68778483549977,7.49708974129704,-144.518123148468,2,1,64632.1085288524,-95.73423175780044,7.49560609878372,-144.509918575968,14,64727.8427606102,0.0,7.49293263961828,-144.529522752942,2,64727.8427606102,0,0,1244945,5,5,100,direct,1,64632.1085288524,-95.73423175780044,7.49560609878372,-144.509918575968,-95.73423175780044,1
profile,thermal_drift,thermal_drift,qam16_bw40_bo058,53,1,65750.654009213,-34.34938771650195,8.22269188756253,-144.436430141723,2,1,65738.0236872591,-46.979709670398734,8.22241896590591,-144.422219773215,14,65785.0033969295,0.0,8.22722384868111,-144.355633996257,2,65785.0033969295,0,0,65490,5,5,100,direct,1,65738.0236872591,-46.979709670398734,8.22241896590591,-144.422219773215,-46.979709670398734,0
profile,thermal_drift,thermal_drift,qam16_bw40_bo058,67,1,64577.7124900703,3.9220591412013164,8.29357254693112,-147.576130906954,2,1,64572.6330044447,-1.1574264843948185,8.29318031571226,-147.570256410374,14,64573.7904309291,0.0,8.29477140927834,-147.547886638461,2,64573.7904309291,0,0,97953,5,5,100,direct,1,64572.6330044447,-1.1574264843948185,8.29318031571226,-147.570256410374,-1.1574264843948185,0
profile,thermal_drift,thermal_drift,qam16_bw40_bo070,41,1,67994.6767001258,224.4995578537928,7.66876883684203,-144.149762130852,5,1,67883.0303488982,112.85320662619779,7.66220767235694,-144.156076318356,14,67770.177142272,0.0,7.65012122428852,-144.185730690009,5,67770.177142272,260,6,861486,0,5,100,local_search,14,67770.177142272,0.0,7.65012122428852,-144.185730690009,112.85320662619779,1
profile,thermal_drift,thermal_drift,qam16_bw40_bo070,53,1,68152.1117251974,294.19322123170423,8.378780951884,-144.052778579998,5,1,68029.2668555582,171.3483515925036,8.37115944613818,-144.062520320638,14,67857.9185039657,0.0,8.3658687386867,-144.027046974115,5,67857.9185039657,319,6,341938,0,5,100,local_search,14,67857.9185039657,0.0,8.3658687386867,-144.027046974115,171.3483515925036,1
profile,thermal_drift,thermal_drift,qam16_bw40_bo070,67,1,68150.1095913578,428.29805146870785,8.47688616330418,-147.398966776197,5,1,67998.2803968971,276.4688570080034,8.46850172110167,-147.402121318457,14,67721.8115398891,0.0,8.45506047733447,-147.392562189959,5,67721.8115398891,387,8,124996,0,5,100,local_search,14,67721.8115398891,0.0,8.45506047733447,-147.392562189959,276.4688570080034,1
profile,thermal_drift,thermal_drift,qam64_bw20_bo058,41,1,64740.9489833917,99.58987578400411,9.24339120919668,-135.912172953521,2,1,64737.9624597532,96.60335214550287,9.24385955201372,-135.914783439047,14,64641.3591076077,0.0,9.22474261998756,-135.772957806386,2,64641.3591076077,146,2,805875,0,5,100,local_search,14,64641.3591076077,0.0,9.22474261998756,-135.772957806386,96.60335214550287,1
profile,thermal_drift,thermal_drift,qam64_bw20_bo058,53,1,64479.187179603,10.479543449800985,9.68798742057635,-137.945264436466,2,1,64467.4181720295,-1.2894641236998723,9.68760488638152,-137.949109323798,14,64468.7076361532,0.0,9.67197413211763,-138.089661192192,2,64468.7076361532,33,5,28258,0,5,100,local_search,14,64468.7076361532,0.0,9.67197413211763,-138.089661192192,-1.2894641236998723,1
profile,thermal_drift,thermal_drift,qam64_bw20_bo058,67,1,66244.2785311795,-38.365492125594756,9.64459272925732,-143.675374285262,2,1,66227.1903604698,-55.45366283529438,9.64361769905851,-143.682172431369,14,66282.6440233051,0.0,9.64965344275801,-143.436653542764,2,66282.6440233051,0,0,181767,4,5,100,local_search,14,66282.6440233051,0.0,9.64965344275801,-143.436653542764,-55.45366283529438,1
profile,thermal_drift,thermal_drift,qam64_bw20_bo070,41,1,68024.6694518745,485.2547932433081,9.43414611225833,-136.0505607655,5,1,67894.1348992209,354.7202405896969,9.42700742450571,-136.048790962668,14,67539.4146586312,0.0,9.39366646297468,-135.89728586118,5,67539.4146586312,502,5,691432,0,5,100,local_search,14,67539.4146586312,0.0,9.39366646297468,-135.89728586118,354.7202405896969,1
profile,thermal_drift,thermal_drift,qam64_bw20_bo070,53,1,64837.5318198521,4.3169396832963685,9.69808884186743,-137.980688141285,5,1,64797.725269742,-35.489610426804575,9.69666015819598,-137.979031760843,14,64833.2148801688,0.0,9.68284689449962,-138.116947283493,5,64833.2148801688,52,18,39956,0,5,100,local_search,14,64833.2148801688,0.0,9.68284689449962,-138.116947283493,-35.489610426804575,1
profile,thermal_drift,thermal_drift,qam64_bw20_bo070,67,1,69494.1206951685,345.364200987402,9.79319768738594,-143.960030932197,5,1,69348.008171451,199.25167726990185,9.78587733463045,-143.951784066483,14,69148.7564941811,0.0,9.77685112030133,-143.698212994298,5,69148.7564941811,0,0,2041191,2,5,100,local_search,14,69148.7564941811,0.0,9.77685112030133,-143.698212994298,199.25167726990185,1
profile,thermal_drift,thermal_drift,qam64_bw40_bo058,41,1,65055.162067467,-34.067427245703584,7.58824295791022,-150.603974968998,2,1,65054.2831496481,-34.94634506459988,7.58830594610858,-150.602125873666,14,65090.1153319042,0.8858371914975578,7.58907909385063,-150.594442144153,4,65089.2294947127,0,0,213626,5,5,100,direct,1,65054.2831496481,-34.94634506459988,7.58830594610858,-150.602125873666,-34.94634506459988,1
profile,thermal_drift,thermal_drift,qam64_bw40_bo058,53,1,65285.8241043336,-37.23752745529782,7.99767013031051,-148.200146674184,2,1,65273.4183752433,-49.64325654559798,7.99691542141761,-148.199669469727,14,65323.0616317889,0.0,7.99559762051137,-148.132726496532,2,65323.0616317889,22,2,60489,5,5,100,direct,1,65273.4183752433,-49.64325654559798,7.99691542141761,-148.199669469727,-49.64325654559798,1
profile,thermal_drift,thermal_drift,qam64_bw40_bo058,67,1,63116.2561813147,-58.72286656120559,7.83176332754955,-151.083808526247,2,1,63108.8045797743,-66.1744681015989,7.83119604938807,-151.087072506301,14,63174.9790478759,0.0,7.82657840096657,-151.121697840589,2,63174.9790478759,0,0,48131,5,5,100,direct,1,63108.8045797743,-66.1744681015989,7.83119604938807,-151.087072506301,-66.1744681015989,1
profile,thermal_drift,thermal_drift,qam64_bw40_bo070,41,1,68572.109827184,141.38182939970284,7.80450893986862,-150.524478463277,5,1,68469.8011365998,39.07313881549635,7.79798976417986,-150.525955095067,14,68432.2476780682,1.5196802839054726,7.79282571845611,-150.522026691537,1,68430.7279977843,87,2,82828,2,5,100,local_search,14,68432.2476780682,1.5196802839054726,7.79282571845611,-150.522026691537,39.07313881549635,1
profile,thermal_drift,thermal_drift,qam64_bw40_bo070,53,1,66139.488574566,78.07502776669571,8.04218807314268,-148.161700947595,5,1,66064.3162333282,2.9026865288906265,8.03769685433219,-148.162540975986,14,66061.4135467993,0.0,8.0303011161778,-148.097279306339,5,66061.4135467993,97,4,61059,1,5,100,local_search,14,66061.4135467993,0.0,8.0303011161778,-148.097279306339,2.9026865288906265,1
profile,thermal_drift,thermal_drift,qam64_bw40_bo070,67,1,63563.970212958,81.077212610493,7.84901827337382,-151.156360105895,5,1,63513.3798719624,30.486871614899428,7.84620067531515,-151.152956271376,14,63482.8930003475,0.0,7.83606673433652,-151.181622008748,5,63482.8930003475,82,5,50636,2,5,100,local_search,14,63482.8930003475,0.0,7.83606673433652,-151.181622008748,30.486871614899428,1
profile,thermal_mild,thermal_mild,qam16_bw20_bo058,41,1,45338.3966082034,312.4383497532035,7.57013561009197,-134.740495863372,2,1,45335.3172205627,309.3589621124993,7.56988140717418,-134.736882223726,14,45025.9582584502,0.0,7.54527304994862,-134.631484599971,2,45025.9582584502,296,29,28062,0,5,100,local_search,14,45025.9582584502,0.0,7.54527304994862,-134.631484599971,309.3589621124993,1
profile,thermal_mild,thermal_mild,qam16_bw20_bo058,53,1,46229.7460579969,326.40044020849746,8.61434818627844,-142.244429364151,2,1,46213.0883162369,309.74269844849914,8.61357666382793,-142.245155906037,14,45904.159236134,0.8136183456008439,8.58868533595294,-142.606629535743,4,45903.3456177884,318,6,43774,0,5,100,local_search,14,45904.159236134,0.8136183456008439,8.58868533595294,-142.606629535743,309.74269844849914,1
profile,thermal_mild,thermal_mild,qam16_bw20_bo058,67,1,45140.7284516424,-89.62283575330366,8.8400031414573,-133.032855867539,2,1,45129.5515175216,-100.79976987410191,8.83899663337097,-133.035883696151,14,45230.3512873957,0.0,8.84288066620041,-132.995826382009,2,45230.3512873957,0,0,79388,0,5,100,local_search,14,45230.3512873957,0.0,8.84288066620041,-132.995826382009,-100.79976987410191,1
profile,thermal_mild,thermal_mild,qam16_bw20_bo070,41,1,51563.438626093,723.5428690447952,7.81564405314544,-134.560111864781,5,1,51387.3794298756,547.4836728273949,7.80808762399401,-134.563311175941,14,50839.8957570482,0.0,7.77160200606937,-134.464241847903,5,50839.8957570482,501,85,34640,0,5,100,local_search,14,50839.8957570482,0.0,7.77160200606937,-134.464241847903,547.4836728273949,1
profile,thermal_mild,thermal_mild,qam16_bw20_bo070,53,1,51803.1042277447,382.73110798059497,8.81732958637353,-142.123872965665,5,1,51647.7514800044,227.3783602402982,8.81119731119529,-142.124332680435,14,51420.3731197641,0.0,8.78971492293236,-142.492990314576,5,51420.3731197641,210,1,48835,0,5,100,local_search,14,51420.3731197641,0.0,8.78971492293236,-142.492990314576,227.3783602402982,1
profile,thermal_mild,thermal_mild,qam16_bw20_bo070,67,1,46421.1463823487,187.249950481797,8.86081638001056,-133.074034935715,5,1,46314.3102666577,80.41383479080105,8.85772800091303,-133.071708975446,14,46233.8964318669,0.0,8.85300410947655,-133.030037034052,5,46233.8964318669,18,8,76138,0,5,100,local_search,14,46233.8964318669,0.0,8.85300410947655,-133.030037034052,80.41383479080105,1
profile,thermal_mild,thermal_mild,qam16_bw40_bo058,41,1,42622.3928170853,-71.75490919009462,5.69629931803413,-144.419519797055,2,1,42602.7748568445,-91.37286943089566,5.69418926603825,-144.411654396657,14,42694.1477262754,0.0,5.68972001153279,-144.429229207215,2,42694.1477262754,0,0,372066,5,5,100,direct,1,42602.7748568445,-91.37286943089566,5.69418926603825,-144.411654396657,-91.37286943089566,1
profile,thermal_mild,thermal_mild,qam16_bw40_bo058,53,1,44191.3373740481,7.5238031975968624,6.71515040349895,-144.469552583123,2,1,44174.7424693343,-9.071101516201452,6.71511754110698,-144.455252527295,14,44183.8135708505,0.0,6.71896321764394,-144.388926396116,2,44183.8135708505,47,4,39375,5,5,100,direct,1,44174.7424693343,-9.071101516201452,6.71511754110698,-144.455252527295,-9.071101516201452,1
profile,thermal_mild,thermal_mild,qam16_bw40_bo058,67,1,43366.4243838187,-0.5526291054993635,6.82723070931509,-147.72307307281,2,1,43353.949675156,-13.027337768202415,6.82640299498119,-147.717034034561,14,43366.9770129242,0.0,6.8248265023306,-147.690876219886,2,43366.9770129242,0,0,71530,5,5,100,direct,1,43353.949675156,-13.027337768202415,6.82640299498119,-147.717034034561,-13.027337768202415,1
profile,thermal_mild,thermal_mild,qam16_bw40_bo070,41,1,47416.9129215126,411.12001648590376,5.91530651169017,-144.065739688783,5,1,47259.8482761818,254.05537115510378,5.906819573778,-144.071840257795,14,47006.8561522184,1.063247191705159,5.88752956251555,-144.10170188562,1,47005.7929050267,348,6,262945,0,5,100,local_search,14,47006.8561522184,1.063247191705159,5.88752956251555,-144.10170188562,254.05537115510378,1
profile,thermal_mild,thermal_mild,qam16_bw40_bo070,53,1,47820.1808335732,488.0036309888965,6.91666734625644,-144.083465479468,5,1,47643.0216266438,310.8444240594981,6.90731137144091,-144.093258349107,14,47332.1772025843,0.0,6.89813448974071,-144.058271282412,5,47332.1772025843,410,9,133908,0,5,100,local_search,14,47332.1772025843,0.0,6.89813448974071,-144.058271282412,310.8444240594981,1
profile,thermal_mild,thermal_mild,qam16_bw40_bo070,67,1,48379.9178696481,590.736173872705,7.03785675380768,-147.542211663859,5,1,48165.9932890991,376.8115933236986,7.02783551083278,-147.545569109551,14,47789.1816957754,0.0,7.00855911427194,-147.533920363167,5,47789.1816957754,493,9,86800,0,5,100,local_search,14,47789.1816957754,0.0,7.00855911427194,-147.533920363167,376.8115933236986,1
profile,thermal_mild,thermal_mild,qam64_bw20_bo058,41,1,44155.6508465706,149.3470124302985,7.97525819602474,-135.506294146852,2,1,44148.8528835648,142.5490494245023,7.97562906933812,-135.508890760881,14,44006.3038341403,0.0,7.95840523715199,-135.374785380369,2,44006.3038341403,185,51,741256,0,5,100,local_search,14,44006.3038341403,0.0,7.95840523715199,-135.374785380369,142.5490494245023,1
profile,thermal_mild,thermal_mild,qam64_bw20_bo058,53,1,44105.757403147,39.466906468296656,8.52772471148904,-138.076231683768,2,1,44092.220293714,25.9297970353,8.52744165376854,-138.080059706034,14,44066.2904966787,0.0,8.51391169075622,-138.221416366253,2,44066.2904966787,43,22,25174,0,5,100,local_search,14,44066.2904966787,0.0,8.51391169075622,-138.221416366253,25.9297970353,1
profile,thermal_mild,thermal_mild,qam64_bw20_bo058,67,1,45352.0789998689,-47.616771533401334,8.41671376783995,-143.157320509824,2,1,45328.0234075582,-71.67236384410353,8.41568622375785,-143.162623744898,14,45399.6957714023,0.0,8.42264792568763,-142.923250864733,2,45399.6957714023,0,0,81560,5,5,100,direct,1,45328.0234075582,-71.67236384410353,8.41568622375785,-143.162623744898,-71.67236384410353,0
profile,thermal_mild,thermal_mild,qam64_bw20_bo070,41,1,48823.5171403659,681.3816048609951,8.1901079779795,-135.642312803572,5,1,48638.9821052931,496.8465697881984,8.18183777306242,-135.6404212641,14,48142.1355355049,0.0,8.14838562359422,-135.497298965374,5,48142.1355355049,772,6,443717,0,5,100,local_search,14,48142.1355355049,0.0,8.14838562359422,-135.497298965374,496.8465697881984,1
profile,thermal_mild,thermal_mild,qam64_bw20_bo070,53,1,44641.5592983767,104.75941803889873,8.54110792950812,-138.10920564098,5,1,44578.9343117263,42.13443138849834,8.53923883840062,-138.107618670586,14,44536.7998803378,0.0,8.52540894311404,-138.243421742229,5,44536.7998803378,79,36,22795,0,5,100,local_search,14,44536.7998803378,0.0,8.52540894311404,-138.243421742229,42.13443138849834,1
profile,thermal_mild,thermal_mild,qam64_bw20_bo070,67,1,50053.0456125723,494.18285425529757,8.589550666152,-143.404067347955,5,1,49846.453755759,287.5909974419992,8.5811294704139,-143.396416447813,14,49558.862758317,0.0,8.57100626149986,-143.150543254469,5,49558.862758317,389,57,912652,0,5,100,local_search,14,49558.862758317,0.0,8.57100626149986,-143.150543254469,287.5909974419992,1
profile,thermal_mild,thermal_mild,qam64_bw40_bo058,41,1,43483.0694509984,-19.97675855580019,5.88720199343952,-150.42463460392,2,1,43483.0284711878,-20.017738366404956,5.88733213987866,-150.42299090585,14,43504.2229005624,1.176691008200578,5.88623094131107,-150.412134727039,4,43503.0462095542,4,4,150880,5,5,100,direct,1,43483.0284711878,-20.017738366404956,5.88733213987866,-150.42299090585,-20.017738366404956,1
profile,thermal_mild,thermal_mild,qam64_bw40_bo058,53,1,43942.1804464926,35.13494685780461,6.4634080686122,-148.180465199003,2,1,43927.0049242361,19.95942460130027,6.46277097486991,-148.179986232873,14,43907.0454996348,0.0,6.45973736783884,-148.114415668286,2,43907.0454996348,101,2,43340,1,5,100,local_search,14,43907.0454996348,0.0,6.45973736783884,-148.114415668286,19.95942460130027,1
profile,thermal_mild,thermal_mild,qam64_bw40_bo058,67,1,42168.5339556278,-62.18460884490196,6.31605137922965,-151.310252159194,2,1,42161.5334703109,-69.18509416180314,6.31556097036306,-151.313609224675,14,42230.7185644727,0.0,6.30835374879185,-151.346023310392,2,42230.7185644727,0,0,32066,5,5,100,direct,1,42161.5334703109,-69.18509416180314,6.31556097036306,-151.313609224675,-69.18509416180314,1
profile,thermal_mild,thermal_mild,qam64_bw40_bo070,41,1,48627.6197587839,233.36658091790014,6.16529533159917,-150.353436947036,5,1,48482.258161112,88.00498324599903,6.1570175089451,-150.354767073089,14,48396.0432703289,1.790092462899338,6.1482355572184,-150.347296751921,1,48394.253177866,207,80,63836,0,5,100,local_search,14,48396.0432703289,1.790092462899338,6.1482355572184,-150.347296751921,88.00498324599903,1
profile,thermal_mild,thermal_mild,qam64_bw40_bo070,53,1,45232.9673579615,204.88074178109673,6.521025162025,-148.142161151013,5,1,45120.1978078463,92.11119166589924,6.51532028040626,-148.142999041832,14,45028.0866161804,0.0,6.50490485373151,-148.079318409923,5,45028.0866161804,169,75,45995,0,5,100,local_search,14,45028.0866161804,0.0,6.50490485373151,-148.079318409923,92.11119166589924,1
profile,thermal_mild,thermal_mild,qam64_bw40_bo070,67,1,42914.0997620311,150.21628771610267,6.34134222323546,-151.383751268819,5,1,42839.283832633,75.40035831800196,6.33786253111735,-151.380326241261,14,42763.883474315,0.0,6.32365449412923,-151.40681536414,5,42763.883474315,130,11,35007,0,5,100,local_search,14,42763.883474315,0.0,6.32365449412923,-151.40681536414,75.40035831800196,1
