split,held_group,profile_id,waveform_id,simulation_seed,fixed_package_3_candidates,fixed_package_3_cost,fixed_package_3_regret,fixed_package_3_evm_pct,fixed_package_3_aclr_db,knn_seed,knn_seed_candidates,knn_seed_cost,knn_seed_regret,knn_seed_evm_pct,knn_seed_aclr_db,unconditional_local_candidates,unconditional_local_final_cost,unconditional_local_regret,unconditional_local_evm_pct,unconditional_local_aclr_db,best_seed,best_final_cost,predicted_regret,predicted_uncertainty,nearest_feature_distance_ppm,safe_neighbor_count,safety_neighbor_count,regret_budget,action,gated_candidates,gated_final_cost,gated_regret,gated_evm_pct,gated_aclr_db,direct_actual_regret,direct_validation_ok
waveform,qam16_bw20_bo058,baseline,qam16_bw20_bo058,41,1,33776.0789945911,343.5929329776045,6.96532900218151,-134.628954137516,5,1,33791.1182707688,358.6322091553011,6.96612008794967,-134.63264111718,14,33457.517616328,25.03155471450009,6.94880524857879,-134.527834595549,2,33432.4860616135,811,45,1523749,0,5,100,local_search,14,33457.517616328,25.03155471450009,6.94880524857879,-134.527834595549,358.6322091553011,1
waveform,qam16_bw20_bo058,baseline,qam16_bw20_bo058,53,1,34813.307385831,321.88962264190195,8.09733989921187,-142.79792757703,5,1,34832.1893888156,340.77162562649755,8.09781958157546,-142.799650011674,14,34497.3524984039,5.934735214803368,8.08048184657457,-143.17920247346,2,34491.4177631891,0,0,1150204,0,5,100,local_search,14,34497.3524984039,5.934735214803368,8.08048184657457,-143.17920247346,340.77162562649755,1
waveform,qam16_bw20_bo058,baseline,qam16_bw20_bo058,67,1,33765.9313998525,-78.29864998079574,8.34051666702172,-132.979036437967,5,1,33779.6648710792,-64.56517875409918,8.34136470985741,-132.977738053074,14,33889.8895058693,45.659456036002666,8.34222597599737,-132.936555632236,2,33844.2300498333,42,38,1089690,0,5,100,local_search,14,33889.8895058693,45.659456036002666,8.34222597599737,-132.936555632236,-64.56517875409918,1
waveform,qam16_bw20_bo058,combined_stress,qam16_bw20_bo058,41,1,79619.2020289,1472.3808557082084,9.52286986547662,-135.219387529029,5,1,79698.3628140719,1551.5416408800957,9.52758591631846,-135.223153077117,14,78346.0160875752,199.19491438340629,9.36044785486044,-134.623581350703,2,78146.8211731918,1376,2,1440010,0,5,100,local_search,14,78346.0160875752,199.19491438340629,9.36044785486044,-134.623581350703,1551.5416408800957,1
waveform,qam16_bw20_bo058,combined_stress,qam16_bw20_bo058,53,1,81155.3631409689,1670.404743279796,10.4243965723292,-141.655562227056,5,1,81238.7463997122,1753.788002023095,10.4288561565342,-141.656118920917,14,79664.7712062139,179.81280852480268,10.2152933483677,-143.339987183369,2,79484.9583976891,0,0,1567585,0,5,100,local_search,14,79664.7712062139,179.81280852480268,10.2152933483677,-143.339987183369,1753.788002023095,1
waveform,qam16_bw20_bo058,combined_stress,qam16_bw20_bo058,67,1,78495.4433786621,-291.90287099190755,10.4256882801666,-133.148258698487,5,1,78573.0179009813,-214.3283486727014,10.4300719023224,-133.146631755197,14,78992.4347962662,205.08854661219812,10.4608924802635,-132.91795405359,2,78787.346249654,0,0,1083501,0,5,100,local_search,14,78992.4347962662,205.08854661219812,10.4608924802635,-132.91795405359,-214.3283486727014,1
waveform,qam16_bw20_bo058,gain_high,qam16_bw20_bo058,41,1,33921.327245212,363.6013696713999,6.96861926051792,-134.608109949273,5,1,33894.0252362474,336.2993607067983,6.96802936127771,-134.611780036014,14,33557.7258755406,0.0,6.95018959995662,-134.506932390218,5,33557.7258755406,798,49,1892487,0,5,100,local_search,14,33557.7258755406,0.0,6.95018959995662,-134.506932390218,336.2993607067983,1
waveform,qam16_bw20_bo058,gain_high,qam16_bw20_bo058,53,1,34981.1050927924,301.9178898559985,8.10125813214339,-142.768036806554,5,1,34963.063192473,283.8759895365947,8.10067004107801,-142.76980204384,14,34679.1872029364,0.0,8.08490957690214,-143.151624000504,5,34679.1872029364,20,3,1283024,0,5,100,local_search,14,34679.1872029364,0.0,8.08490957690214,-143.151624000504,283.8759895365947,1
waveform,qam16_bw20_bo058,gain_high,qam16_bw20_bo058,67,1,33911.2059683379,-19.348421553899243,8.34085743477889,-132.99874042626,5,1,33882.886693179,-47.66769671279326,8.34052320508404,-132.997483741328,14,33930.5543898918,0.0,8.33925769819097,-132.956466205161,5,33930.5543898918,234,6,1103861,0,5,100,local_search,14,33930.5543898918,0.0,8.33925769819097,-132.956466205161,-47.66769671279326,1
waveform,qam16_bw20_bo058,gain_low,qam16_bw20_bo058,41,1,36687.4501192272,807.0603504749015,7.06774350461328,-134.708278860082,5,1,36854.45846917,974.0687004177016,7.07389273154274,-134.712154719128,14,36300.8510524909,420.4612837386012,7.04908612427298,-134.603005021587,2,35880.3897687523,451,15,1445490,0,5,100,local_search,14,36300.8510524909,420.4612837386012,7.04908612427298,-134.603005021587,974.0687004177016,1
waveform,qam16_bw20_bo058,gain_low,qam16_bw20_bo058,53,1,37318.9061309505,883.4451819394963,8.17394331050239,-142.906852679188,5,1,37471.2725013697,1035.8115523586966,8.17856872537811,-142.908520285498,14,36799.2580699203,363.79712090930116,8.1504694338658,-143.286500090178,2,36435.460949011,0,0,1147626,0,5,100,local_search,14,36799.2580699203,363.79712090930116,8.1504694338658,-143.286500090178,1035.8115523586966,1
waveform,qam16_bw20_bo058,gain_low,qam16_bw20_bo058,67,1,36539.4967049518,175.74349347940006,8.43183316635513,-132.912592629267,5,1,36702.6964526512,338.94324117880024,8.43721177296098,-132.911131740757,14,36787.6793419811,423.9261305086984,8.43797180273461,-132.873602868391,2,36363.7532114724,0,0,1084601,0,5,100,local_search,14,36787.6793419811,423.9261305086984,8.43797180273461,-132.873602868391,338.94324117880024,1
waveform,qam16_bw20_bo058,gain_mid_low,qam16_bw20_bo058,41,1,34421.6832243565,447.23397299349745,6.98848460890158,-134.662720669832,5,1,34503.6685109086,529.2192595455999,6.99150064803432,-134.666477690663,14,34177.56965627,203.1204049070002,6.97480931277461,-134.561693164982,2,33974.449251363,559,69,1666779,0,5,100,local_search,14,34177.56965627,203.1204049070002,6.97480931277461,-134.561693164982,529.2192595455999,1
waveform,qam16_bw20_bo058,gain_mid_low,qam16_bw20_bo058,53,1,35340.2749160209,572.0206813783952,8.11370543704427,-142.84482201415,5,1,35417.7256044637,649.4713698211999,8.1159064350181,-142.846513310743,14,34923.071374645,154.81714000249485,8.09382927477305,-143.228077269338,2,34768.2542346425,171,7,1327710,0,5,100,local_search,14,34923.071374645,154.81714000249485,8.09382927477305,-143.228077269338,649.4713698211999,1
waveform,qam16_bw20_bo058,gain_mid_low,qam16_bw20_bo058,67,1,34379.826666521,35.50059412819974,8.36288435957844,-132.950021877569,5,1,34459.4420972655,115.11602487269556,8.36561692189213,-132.948654831629,14,34542.7708586373,198.44478624449403,8.36574269797969,-132.912505350587,2,34344.3260723928,0,0,1091990,0,5,100,local_search,14,34542.7708586373,198.44478624449403,8.36574269797969,-132.912505350587,115.11602487269556,1
waveform,qam16_bw20_bo058,memory_short,qam16_bw20_bo058,41,1,29883.1597744557,359.4423558620001,6.82931409216532,-134.582137630393,5,1,29835.4939746949,311.77655610119837,6.82819163795456,-134.585686403605,14,29523.7174185937,0.0,6.8106740204786,-134.482234364387,5,29523.7174185937,163,81,2604961,0,5,100,local_search,14,29523.7174185937,0.0,6.8106740204786,-134.482234364387,311.77655610119837,1
waveform,qam16_bw20_bo058,memory_short,qam16_bw20_bo058,53,1,30566.6406918862,289.5976958928004,7.99024951176727,-142.748782685429,5,1,30530.9394614223,253.8964654288975,7.98925720878062,-142.750463490446,14,30277.0429959934,0.0,7.97469232643336,-143.135173130001,5,30277.0429959934,0,0,1169451,0,5,100,local_search,14,30277.0429959934,0.0,7.97469232643336,-143.135173130001,253.8964654288975,1
waveform,qam16_bw20_bo058,memory_short,qam16_bw20_bo058,67,1,29647.7743526112,27.860133663099987,8.22038074031156,-133.005156863691,5,1,29599.3045258967,-20.609693051399518,8.219633859074,-133.003882233616,14,29619.9142189481,0.0,8.21740744553937,-132.965273542181,5,29619.9142189481,46,42,1069609,0,5,100,local_search,14,29619.9142189481,0.0,8.21740744553937,-132.965273542181,-20.609693051399518,1
waveform,qam16_bw20_bo058,noise_high,qam16_bw20_bo058,41,1,53385.9670666445,1240.2492613370996,7.53337154425092,-134.844611254956,5,1,53395.4996657441,1249.7818604366985,7.53404417389674,-134.848471302777,14,52157.3740068492,11.656201541794871,7.43775548880612,-134.260212902904,4,52145.7178053074,893,4,1454639,0,5,100,local_search,14,52157.3740068492,11.656201541794871,7.43775548880612,-134.260212902904,1249.7818604366985,1
waveform,qam16_bw20_bo058,noise_high,qam16_bw20_bo058,53,1,54035.9714181541,576.5227191774975,8.60077100846155,-142.894159733864,5,1,54056.0326038464,596.5839048697962,8.60150205855441,-142.895606351827,14,53459.4486989766,0.0,8.50789486638113,-144.26108743961,5,53459.4486989766,106,129,1609515,0,5,100,local_search,14,53459.4486989766,0.0,8.50789486638113,-144.26108743961,596.5839048697962,1
waveform,qam16_bw20_bo058,noise_high,qam16_bw20_bo058,67,1,52589.0391377472,-171.1412720994049,8.76896918681824,-133.058806358295,5,1,52593.6206494001,-166.55976044650015,8.76946054416992,-133.057453577076,14,52770.3636560029,10.183246156295354,8.75172680777757,-132.843344341774,2,52760.1804098466,0,0,1099131,0,5,100,local_search,14,52770.3636560029,10.183246156295354,8.75172680777757,-132.843344341774,-166.55976044650015,1
waveform,qam16_bw20_bo058,noise_mid,qam16_bw20_bo058,41,1,37068.6223781364,695.891478073303,7.05303012851279,-134.686089818339,5,1,37082.3452537555,709.6143536923992,7.0537948769244,-134.689822043974,14,36394.3662844853,21.63538442220306,7.01478547478264,-134.45631927453,2,36372.7309000631,651,84,1475616,0,5,100,local_search,14,36394.3662844853,21.63538442220306,7.01478547478264,-134.45631927453,709.6143536923992,1
waveform,qam16_bw20_bo058,noise_mid,qam16_bw20_bo058,53,1,38092.7312179305,556.2347791088032,8.17570673892455,-142.827973732376,5,1,38113.0472199206,576.5507810989002,8.17626064030677,-142.829633132005,14,37543.3377946599,6.841355838201707,8.13823013016775,-143.641062833456,2,37536.4964388217,0,0,1156833,0,5,100,local_search,14,37543.3377946599,6.841355838201707,8.13823013016775,-143.641062833456,576.5507810989002,1
waveform,qam16_bw20_bo058,noise_mid,qam16_bw20_bo058,67,1,36750.0888286419,-148.71169987809844,8.39714668031102,-132.999914015227,5,1,36761.0790520361,-137.72147648390091,8.39790087981516,-132.998601595499,14,36936.8121988778,38.01167035780236,8.39630450139424,-132.910167398022,2,36898.80052852,69,51,1086884,0,5,100,local_search,14,36936.8121988778,38.01167035780236,8.39630450139424,-132.910167398022,-137.72147648390091,1
waveform,qam16_bw20_bo058,sat_early,qam16_bw20_bo058,41,1,34370.2914426464,446.88979552909586,6.98553701962035,-134.670072328485,5,1,34434.2874575869,510.88581046959735,6.98795540517398,-134.674040651309,14,34076.1636764899,152.7620293725995,6.96959156835922,-134.568866377532,2,33923.4016471173,174,148,2132191,2,5,100,local_search,14,34076.1636764899,152.7620293725995,6.96959156835922,-134.568866377532,510.88581046959735,1
waveform,qam16_bw20_bo058,sat_early,qam16_bw20_bo058,53,1,35417.5185545588,516.1858399651028,8.11383715352004,-142.835645887155,5,1,35479.2283038806,577.895589286898,8.11557759090295,-142.837482878986,14,35011.979402274,110.64668768030242,8.09507690581544,-143.218812569787,2,34901.3327145937,0,0,1252953,0,5,100,local_search,14,35011.979402274,110.64668768030242,8.09507690581544,-143.218812569787,577.895589286898,1
waveform,qam16_bw20_bo058,sat_early,qam16_bw20_bo058,67,1,34288.3258511918,-72.6214153990004,8.35689160042923,-132.964950993423,5,1,34346.4536529606,-14.4936136302058,8.35899705777702,-132.963609910985,14,34522.1632838806,161.21601728980022,8.3618092509476,-132.922427091222,2,34360.9472665908,40,34,1092239,0,5,100,local_search,14,34522.1632838806,161.21601728980022,8.3618092509476,-132.922427091222,-14.4936136302058,1
waveform,qam16_bw20_bo058,sat_mid,qam16_bw20_bo058,41,1,33896.8554908749,375.3971904041973,6.96960509666499,-134.641358050905,5,1,33926.6568003408,405.19849987010093,6.97088003330624,-134.645132550353,14,33584.4739838428,63.015683372097556,6.95323020896127,-134.540216362121,2,33521.4583004707,796,48,1754239,0,5,100,local_search,14,33584.4739838428,63.015683372097556,6.95323020896127,-134.540216362121,405.19849987010093,1
waveform,qam16_bw20_bo058,sat_mid,qam16_bw20_bo058,53,1,34941.3266137395,371.7454509208983,8.10080374873529,-142.809831356466,5,1,34973.2942058284,403.7130430098041,8.10166184143303,-142.811591915218,14,34592.3661911319,22.785028313301154,8.0832568589446,-143.194569360564,2,34569.5811628186,0,0,1189098,0,5,100,local_search,14,34592.3661911319,22.785028313301154,8.0832568589446,-143.194569360564,403.7130430098041,1
waveform,qam16_bw20_bo058,sat_mid,qam16_bw20_bo058,67,1,33872.82950727,-76.74115174639883,8.34412559482077,-132.974626905883,5,1,33899.9564572522,-49.61420176419779,8.34534896954083,-132.973314057387,14,34029.7757620664,80.20510305000062,8.34677611980559,-132.932129145656,2,33949.5706590164,42,38,1090189,0,5,100,local_search,14,34029.7757620664,80.20510305000062,8.34677611980559,-132.932129145656,-49.61420176419779,1
waveform,qam16_bw20_bo058,thermal_drift,qam16_bw20_bo058,41,1,66289.6444116386,272.70016427119845,8.93876566805849,-134.918803262847,5,1,66295.7846958142,278.84044844680466,8.93929973885556,-134.922189184705,14,66021.2253483363,4.281100968903047,8.90792122096417,-134.815446455577,3,66016.9442473674,811,45,1512963,0,5,100,local_search,14,66021.2253483363,4.281100968903047,8.90792122096417,-134.815446455577,278.84044844680466,1
waveform,qam16_bw20_bo058,thermal_drift,qam16_bw20_bo058,53,1,67464.7564302679,310.6751101171976,9.85342808128678,-141.460250809674,5,1,67479.5138707519,325.4325506012101,9.85413826341727,-141.460961603643,14,67174.4172562814,20.335936130708433,9.81968317043751,-141.787522591651,4,67154.0813201507,0,0,1122944,0,5,100,local_search,14,67174.4172562814,20.335936130708433,9.81968317043751,-141.787522591651,325.4325506012101,1
waveform,qam16_bw20_bo058,thermal_drift,qam16_bw20_bo058,67,1,66017.0985613639,-86.83325002819765,10.0251389775103,-133.131484343301,5,1,66024.7397123986,-79.19209899350244,10.0259074886539,-133.130110069265,14,66120.9387011399,17.00688974779041,10.0326816055227,-133.089218961127,2,66103.9318113921,26,5,1100287,0,5,100,local_search,14,66120.9387011399,17.00688974779041,10.0326816055227,-133.089218961127,-79.19209899350244,1
waveform,qam16_bw20_bo058,thermal_mild,qam16_bw20_bo058,41,1,45338.3966082034,312.4383497532035,7.57013561009197,-134.740495863372,5,1,45348.5409777571,322.58271930689807,7.5708170114246,-134.74406901463,14,45038.6882842284,12.730025778204435,7.54625792794269,-134.638549273641,2,45025.9582584502,811,45,1514923,0,5,100,local_search,14,45038.6882842284,12.730025778204435,7.54625792794269,-134.638549273641,322.58271930689807,1
waveform,qam16_bw20_bo058,thermal_mild,qam16_bw20_bo058,53,1,46229.7460579969,326.40044020849746,8.61434818627844,-142.244429364151,5,1,46247.0921322841,343.7465144957023,8.61495272558449,-142.245766552703,14,45915.6625198895,12.316902101098094,8.58924246321883,-142.610810113611,4,45903.3456177884,0,0,1136321,0,5,100,local_search,14,45915.6625198895,12.316902101098094,8.58924246321883,-142.610810113611,343.7465144957023,1
waveform,qam16_bw20_bo058,thermal_mild,qam16_bw20_bo058,67,1,45140.7284516424,-89.62283575330366,8.8400031414573,-133.032855867539,5,1,45151.2544224485,-79.0968649471979,8.84082733527522,-133.031525594183,14,45242.617824511,12.266537115297979,8.84374676363588,-132.993911320316,2,45230.3512873957,28,27,1097273,0,5,100,local_search,14,45242.617824511,12.266537115297979,8.84374676363588,-132.993911320316,-79.0968649471979,1
waveform,qam16_bw20_bo070,baseline,qam16_bw20_bo070,41,1,41693.0704655915,829.9906204428044,7.22579668771264,-134.440329043243,5,1,41474.8867450672,611.806899918498,7.21763348423564,-134.443621192898,14,40863.0798451487,0.0,7.18713562750675,-134.345660122929,5,40863.0798451487,687,1,1652489,0,5,100,local_search,14,40863.0798451487,0.0,7.18713562750675,-134.345660122929,611.806899918498,1
waveform,qam16_bw20_bo070,baseline,qam16_bw20_bo070,53,1,42433.0650355569,404.7807425889987,8.33347913844835,-142.642498433262,5,1,42239.6260077915,211.3417148235967,8.32690132441137,-142.643495387518,14,42028.2842929679,0.0,8.31287298610174,-143.030956191776,5,42028.2842929679,0,0,1635761,0,5,100,local_search,14,42028.2842929679,0.0,8.31287298610174,-143.030956191776,211.3417148235967,1
waveform,qam16_bw20_bo070,baseline,qam16_bw20_bo070,67,1,35556.719076799,273.612255644206,8.36553203992152,-133.018926644782,5,1,35416.1672423613,133.0604212065009,8.36227374795816,-133.016633974161,14,35283.1068211548,0.0,8.35398627537275,-132.976468977957,5,35283.1068211548,0,0,1093987,0,5,100,local_search,14,35283.1068211548,0.0,8.35398627537275,-132.976468977957,133.0604212065009,1
waveform,qam16_bw20_bo070,combined_stress,qam16_bw20_bo070,41,1,78922.5104854694,1413.5840498913894,9.46129862891473,-135.067760872035,5,1,78888.381654212,1379.4552186340006,9.45966552867446,-135.070952480991,14,77508.926435578,0.0,9.2906240167412,-134.470933777573,5,77508.926435578,1351,1,1529532,0,5,100,local_search,14,77508.926435578,0.0,9.2906240167412,-134.470933777573,1379.4552186340006,1
waveform,qam16_bw20_bo070,combined_stress,qam16_bw20_bo070,53,1,79858.3600045702,837.579155350104,10.3373937402945,-141.66186909723,5,1,79837.9492437879,817.1683945677942,10.3363533488541,-141.661299876441,14,79024.9997892183,4.218939998201677,10.1683876189284,-143.431023103859,1,79020.7808492201,1558,14,1732264,0,5,100,local_search,14,79024.9997892183,4.218939998201677,10.1683876189284,-143.431023103859,817.1683945677942,1
waveform,qam16_bw20_bo070,combined_stress,qam16_bw20_bo070,67,1,78279.0218743806,-220.25963367980148,10.4102588048673,-133.151867334585,5,1,78347.1348518919,-152.14665616850834,10.4143314223129,-133.1493083103,14,78691.0910363111,191.80952825069835,10.4309737593234,-132.919109500991,2,78499.2815080604,0,0,1100527,0,5,100,local_search,14,78691.0910363111,191.80952825069835,10.4309737593234,-132.919109500991,-152.14665616850834,1
waveform,qam16_bw20_bo070,gain_high,qam16_bw20_bo070,41,1,44619.8348396048,865.7528243776032,7.34242735920941,-134.414859231609,5,1,44379.681396729,625.599381501801,7.33287888403066,-134.418166661714,14,43754.0820152272,0.0,7.3000354062348,-134.320175937983,5,43754.0820152272,687,1,1875786,0,5,100,local_search,14,43754.0820152272,0.0,7.3000354062348,-134.320175937983,625.599381501801,1
waveform,qam16_bw20_bo070,gain_high,qam16_bw20_bo070,53,1,45237.9049383641,413.61904185960157,8.43327348503084,-142.595410849428,5,1,45023.5378618784,199.25196537390002,8.42556331749145,-142.596509718999,14,44824.2858965045,0.0,8.4118136843431,-142.984076908649,5,44824.2858965045,278,5,1743264,0,5,100,local_search,14,44824.2858965045,0.0,8.4118136843431,-142.984076908649,199.25196537390002,1
waveform,qam16_bw20_bo070,gain_high,qam16_bw20_bo070,67,1,37480.7941076259,424.4556872500034,8.41421259760062,-133.04802448082,5,1,37282.7203440742,226.38192369830358,8.4089676929859,-133.045756499755,14,37056.3384203759,0.0,8.39713710738756,-133.005449081403,5,37056.3384203759,0,0,1120503,0,5,100,local_search,14,37056.3384203759,0.0,8.39713710738756,-133.005449081403,226.38192369830358,1
waveform,qam16_bw20_bo070,gain_low,qam16_bw20_bo070,41,1,35234.1495567174,559.5634083789992,6.98830100095207,-134.544270971641,5,1,35146.7603640599,472.1742157214976,6.98574538625203,-134.547573163397,14,34674.5861483384,0.0,6.96481476176179,-134.44859207453,5,34674.5861483384,548,4,1533841,0,5,100,local_search,14,34674.5861483384,0.0,6.96481476176179,-134.44859207453,472.1742157214976,1
waveform,qam16_bw20_bo070,gain_low,qam16_bw20_bo070,53,1,36108.123469963,343.63391346950084,8.12345122228731,-142.825616212178,5,1,36034.0452404254,269.55568393190333,8.12132727389279,-142.826355984017,14,35766.4808332082,1.9912767147034174,8.10674935393793,-143.209310532223,1,35764.4895564935,0,0,1622233,0,5,100,local_search,14,35766.4808332082,1.9912767147034174,8.10674935393793,-143.209310532223,269.55568393190333,1
waveform,qam16_bw20_bo070,gain_low,qam16_bw20_bo070,67,1,36036.1903141129,180.8064098422983,8.40612349908294,-132.914294760654,5,1,36171.0506070325,315.6667027618969,8.41098372725216,-132.911907765552,14,36227.4907383174,372.1068340467973,8.40853357632389,-132.874146642434,2,35855.3839042706,0,0,1101595,0,5,100,local_search,14,36227.4907383174,372.1068340467973,8.40853357632389,-132.874146642434,315.6667027618969,1
waveform,qam16_bw20_bo070,gain_mid_low,qam16_bw20_bo070,41,1,37988.7417861658,813.5762745484026,7.08660990112075,-134.483967327637,5,1,37817.1166543259,641.9511427085017,7.08077854247927,-134.48725866332,14,37175.1655116174,0.0,7.05180302763848,-134.387935540106,5,37175.1655116174,326,1,1738147,0,5,100,local_search,14,37175.1655116174,0.0,7.05180302763848,-134.387935540106,641.9511427085017,1
waveform,qam16_bw20_bo070,gain_mid_low,qam16_bw20_bo070,53,1,38844.6559874769,386.30211572229746,8.21255892730239,-142.720390814661,5,1,38694.6473071629,236.29343540829723,8.20785573219481,-142.721266730638,14,38458.3538717546,0.0,8.19352583217239,-143.107538792988,5,38458.3538717546,482,11,1738971,0,5,100,local_search,14,38458.3538717546,0.0,8.19352583217239,-143.107538792988,236.29343540829723,1
waveform,qam16_bw20_bo070,gain_mid_low,qam16_bw20_bo070,67,1,34270.2338227426,-8.950305361802748,8.34158487210232,-132.973823385695,5,1,34243.1654764507,-36.01865165370691,8.34169029163596,-132.971491246313,14,34285.1721187638,5.987990659399657,8.33916421964288,-132.929520134536,1,34279.1841281044,0,0,1108848,0,5,100,local_search,14,34285.1721187638,5.987990659399657,8.33916421964288,-132.929520134536,-36.01865165370691,1
waveform,qam16_bw20_bo070,memory_short,qam16_bw20_bo070,41,1,43240.5443551904,890.1789404468,7.28121813249002,-134.380746337376,5,1,42972.1655414202,621.8001266766005,7.27072150879551,-134.384007893639,14,42350.3654147436,0.0,7.23714268635934,-134.287099736755,5,42350.3654147436,687,1,1640876,0,5,100,local_search,14,42350.3654147436,0.0,7.23714268635934,-134.287099736755,621.8001266766005,1
waveform,qam16_bw20_bo070,memory_short,qam16_bw20_bo070,53,1,43398.167627761,399.3541746401024,8.3823528856849,-142.553052047289,5,1,43156.283778306,157.4703251851024,8.37389538530624,-142.554019744202,14,42998.8134531209,0.0,8.3610045263652,-142.942570817877,5,42998.8134531209,0,0,1638344,0,5,100,local_search,14,42998.8134531209,0.0,8.3610045263652,-142.942570817877,157.4703251851024,1
waveform,qam16_bw20_bo070,memory_short,qam16_bw20_bo070,67,1,34955.0515706086,568.0900862479975,8.33129329300487,-133.062419840959,5,1,34706.6205567622,319.6590724015987,8.32486294613323,-133.060139363579,14,34386.9614843606,0.0,8.31051613733233,-133.019425335256,5,34386.9614843606,0,0,1121215,0,5,100,local_search,14,34386.9614843606,0.0,8.31051613733233,-133.019425335256,319.6590724015987,1
waveform,qam16_bw20_bo070,noise_high,qam16_bw20_bo070,41,1,58665.643321766,1051.1049949480002,7.77856642663212,-134.645657464929,5,1,58512.4410811067,897.9027542886979,7.77090548098856,-134.649088069844,14,57614.538326818,0.0,7.68613674837558,-134.068562158584,5,57614.538326818,1237,1,1543447,0,5,100,local_search,14,57614.538326818,0.0,7.68613674837558,-134.068562158584,897.9027542886979,1
waveform,qam16_bw20_bo070,noise_high,qam16_bw20_bo070,53,1,58693.827093121,-427.32085505239957,8.80569692402625,-142.760469341008,5,1,58563.5381107785,-557.6098373948989,8.79976401576162,-142.761318875662,14,59121.1479481734,0.0,8.76191794702337,-144.366109242013,5,59121.1479481734,577,18,1742225,0,5,100,local_search,14,59121.1479481734,0.0,8.76191794702337,-144.366109242013,-557.6098373948989,1
waveform,qam16_bw20_bo070,noise_high,qam16_bw20_bo070,67,1,53814.3167882679,24.120524342397403,8.80395527598328,-133.100695994627,5,1,53718.0990202756,-72.09724364989961,8.80046659033679,-133.098339789545,14,53790.1962639255,0.0,8.76263667275344,-132.879765362321,5,53790.1962639255,0,0,1115881,0,5,100,local_search,14,53790.1962639255,0.0,8.76263667275344,-132.879765362321,-72.09724364989961,1
waveform,qam16_bw20_bo070,noise_mid,qam16_bw20_bo070,41,1,44389.0232572791,1083.0484901715026,7.31144939185655,-134.494775824609,5,1,44184.5941896971,878.6194225895015,7.30335916424236,-134.49810422915,14,43305.9747671076,0.0,7.25204711241412,-134.273144924024,5,43305.9747671076,324,12,1600973,0,5,100,local_search,14,43305.9747671076,0.0,7.25204711241412,-134.273144924024,878.6194225895015,1
waveform,qam16_bw20_bo070,noise_mid,qam16_bw20_bo070,53,1,44976.9022194689,283.84226538290386,8.40467806028545,-142.677473641146,5,1,44797.6138481171,104.55389403110166,8.39823766847661,-142.678438793376,14,44693.059954086,0.0,8.3759979352289,-143.523155746577,5,44693.059954086,0,0,1622759,0,5,100,local_search,14,44693.059954086,0.0,8.3759979352289,-143.523155746577,104.55389403110166,1
waveform,qam16_bw20_bo070,noise_mid,qam16_bw20_bo070,67,1,38425.5070718986,215.8502227463032,8.4251035223118,-133.040317636137,5,1,38294.0458072617,84.38895810939721,8.421757767986,-133.038008661882,14,38209.6568491523,0.0,8.40639098420864,-132.949725932944,5,38209.6568491523,0,0,1105894,0,5,100,local_search,14,38209.6568491523,0.0,8.40639098420864,-132.949725932944,84.38895810939721,1
waveform,qam16_bw20_bo070,sat_early,qam16_bw20_bo070,41,1,39119.2283231301,916.0810528418006,7.12655863413304,-134.504669035246,5,1,38943.1675859819,740.0203156936041,7.12042730217055,-134.508044619306,14,38203.1472702883,0.0,7.08661495537471,-134.406720339685,5,38203.1472702883,687,1,1556634,0,5,100,local_search,14,38203.1472702883,0.0,7.08661495537471,-134.406720339685,740.0203156936041,1
waveform,qam16_bw20_bo070,sat_early,qam16_bw20_bo070,53,1,40196.9302070833,417.99905581540224,8.253286687552,-142.707535546649,5,1,40042.6249415288,263.6937902608988,8.24829452707532,-142.708606717906,14,39778.9311512679,0.0,8.23406680295625,-143.093306872419,5,39778.9311512679,0,0,1664634,0,5,100,local_search,14,39778.9311512679,0.0,8.23406680295625,-143.093306872419,263.6937902608988,1
waveform,qam16_bw20_bo070,sat_early,qam16_bw20_bo070,67,1,35306.6841733598,49.02423963580077,8.36551955647186,-132.992799403441,5,1,35266.3047732732,8.644839549204335,8.36516036627743,-132.990527827849,14,35259.0459891285,1.3860554045022582,8.36109238505952,-132.950546044125,1,35257.659933724,0,0,1087036,0,5,100,local_search,14,35259.0459891285,1.3860554045022582,8.36109238505952,-132.950546044125,8.644839549204335,1
waveform,qam16_bw20_bo070,sat_mid,qam16_bw20_bo070,41,1,40768.2529111821,952.829991154802,7.18987613490547,-134.459847279308,5,1,40562.1784783309,746.755558303601,7.18234234011276,-134.463167608714,14,39815.4229200273,0.0,7.14746575046227,-134.361808741426,5,39815.4229200273,687,1,1586044,0,5,100,local_search,14,39815.4229200273,0.0,7.14746575046227,-134.361808741426,746.755558303601,1
waveform,qam16_bw20_bo070,sat_mid,qam16_bw20_bo070,53,1,41601.009494928,409.35152770920104,8.30379524093723,-142.663796770586,5,1,41419.1868239511,227.52885673230048,8.29771722883695,-142.664818070263,14,41191.6579672188,0.0,8.28364276267354,-143.051518647111,5,41191.6579672188,0,0,1644503,0,5,100,local_search,14,41191.6579672188,0.0,8.28364276267354,-143.051518647111,227.52885673230048,1
waveform,qam16_bw20_bo070,sat_mid,qam16_bw20_bo070,67,1,35288.213535274,206.25096439549816,8.36065848679426,-133.010428663502,5,1,35177.9268518128,95.96428093429859,8.35829701800757,-133.008140889278,14,35081.9625708785,0.0,8.35128008569725,-132.968032033342,5,35081.9625708785,0,0,1090553,0,5,100,local_search,14,35081.9625708785,0.0,8.35128008569725,-132.968032033342,95.96428093429859,1
waveform,qam16_bw20_bo070,thermal_drift,qam16_bw20_bo070,41,1,70750.484709216,585.4903082253004,9.15267016100243,-134.751790287888,5,1,70622.4982031327,457.5038021419896,9.14623150353595,-134.754834974358,14,70164.9944009907,0.0,9.10486787815173,-134.653992220575,5,70164.9944009907,687,1,1685459,0,5,100,local_search,14,70164.9944009907,0.0,9.10486787815173,-134.653992220575,457.5038021419896,1
waveform,qam16_bw20_bo070,thermal_drift,qam16_bw20_bo070,53,1,70996.9489114159,333.0400022190879,10.0068193458781,-141.385981203338,5,1,70886.3980585054,222.48914930858882,10.0015110424373,-141.385755398775,14,70663.9089091968,0.0,9.97201027190904,-141.713877506472,5,70663.9089091968,0,0,1590972,0,5,100,local_search,14,70663.9089091968,0.0,9.97201027190904,-141.713877506472,222.48914930858882,1
waveform,qam16_bw20_bo070,thermal_drift,qam16_bw20_bo070,67,1,66822.0432752238,93.4831486109033,10.039614075386,-133.174488277331,5,1,66748.4750329548,19.91490634190268,10.036886690555,-133.172116810719,14,66728.5601266129,0.0,10.0374135854592,-133.128736648698,5,66728.5601266129,0,0,1112775,0,5,100,local_search,14,66728.5601266129,0.0,10.0374135854592,-133.128736648698,19.91490634190268,1
waveform,qam16_bw20_bo070,thermal_mild,qam16_bw20_bo070,41,1,51563.438626093,723.5428690447952,7.81564405314544,-134.560111864781,5,1,51387.3794298756,547.4836728273949,7.80808762399401,-134.563311175941,14,50839.8957570482,0.0,7.77160200606937,-134.464241847903,5,50839.8957570482,687,1,1665655,0,5,100,local_search,14,50839.8957570482,0.0,7.77160200606937,-134.464241847903,547.4836728273949,1
waveform,qam16_bw20_bo070,thermal_mild,qam16_bw20_bo070,53,1,51803.1042277447,382.73110798059497,8.81732958637353,-142.123872965665,5,1,51647.7514800044,227.3783602402982,8.81119731119529,-142.124332680435,14,51420.3731197641,0.0,8.78971492293236,-142.492990314576,5,51420.3731197641,0,0,1618140,0,5,100,local_search,14,51420.3731197641,0.0,8.78971492293236,-142.492990314576,227.3783602402982,1
waveform,qam16_bw20_bo070,thermal_mild,qam16_bw20_bo070,67,1,46421.1463823487,187.249950481797,8.86081638001056,-133.074034935715,5,1,46314.3102666577,80.41383479080105,8.85772800091303,-133.071708975446,14,46233.8964318669,0.0,8.85300410947655,-133.030037034052,5,46233.8964318669,0,0,1093435,0,5,100,local_search,14,46233.8964318669,0.0,8.85300410947655,-133.030037034052,80.41383479080105,1
waveform,qam16_bw40_bo058,baseline,qam16_bw40_bo058,41,1,30414.7830628006,-77.38154685289919,4.83552955198147,-144.346828097881,5,1,30435.8601989119,-56.304410741598986,4.83733727202178,-144.352710806611,14,30516.0221053671,23.857495713600656,4.83078279910696,-144.369800751852,2,30492.1646096535,606,4,1449730,0,5,100,local_search,14,30516.0221053671,23.857495713600656,4.83078279910696,-144.369800751852,-56.304410741598986,1
waveform,qam16_bw40_bo058,baseline,qam16_bw40_bo058,53,1,32246.4167149805,60.49707767799919,6.0502319812486,-144.488993139032,5,1,32263.6589502456,77.73931294310023,6.05030956517661,-144.497346378839,14,32211.7860850278,25.86644772530053,6.05276959937306,-144.42885323173,2,32185.9196373025,392,47,1352581,0,5,100,local_search,14,32211.7860850278,25.86644772530053,6.05276959937306,-144.42885323173,77.73931294310023,1
waveform,qam16_bw40_bo058,baseline,qam16_bw40_bo058,67,1,31736.1588841192,-20.465225773499697,6.18358400859091,-147.821909495936,5,1,31757.1158961366,0.49178624390333425,6.18455446099543,-147.824667528929,14,31806.3644240859,49.7403141932009,6.18117470522798,-147.80269535144,2,31756.6241098927,0,0,1151967,5,5,100,direct,1,31757.1158961366,0.49178624390333425,6.18455446099543,-147.824667528929,0.49178624390333425,1
waveform,qam16_bw40_bo058,combined_stress,qam16_bw40_bo058,41,1,78218.1417546263,39.84721510930103,8.07730358911617,-144.654664318884,5,1,78288.759701339,110.46516182200867,8.0829103770877,-144.661157148162,14,78364.7127253427,186.41818582570704,8.03722303937954,-144.789297659395,2,78178.294539517,682,4,7232107,0,5,100,local_search,14,78364.7127253427,186.41818582570704,8.03722303937954,-144.789297659395,110.46516182200867,1
waveform,qam16_bw40_bo058,combined_stress,qam16_bw40_bo058,53,1,78337.6491647566,-2.028711661696434,8.67405118717315,-144.902207861526,5,1,78412.7153201332,73.03744371490029,8.67883524915158,-144.911579827545,14,78544.8090173718,205.13114095349738,8.66492729341442,-144.583713269992,2,78339.6778764183,0,0,1353869,0,5,100,local_search,14,78544.8090173718,205.13114095349738,8.66492729341442,-144.583713269992,73.03744371490029,1
waveform,qam16_bw40_bo058,combined_stress,qam16_bw40_bo058,67,1,77290.362340565,99.34266618019319,8.76758807360068,-147.932690953392,5,1,77378.4214623291,187.40178794429812,8.77313153332937,-147.935553917127,14,77415.7931647111,224.7734903262899,8.76364166530826,-147.835087505212,2,77191.0196743848,0,0,1320387,0,5,100,local_search,14,77415.7931647111,224.7734903262899,8.76364166530826,-147.835087505212,187.40178794429812,1
waveform,qam16_bw40_bo058,gain_high,qam16_bw40_bo058,41,1,30383.3703470665,-36.57430040120016,4.82597067840454,-144.315110551329,5,1,30365.3587659957,-54.58588147199771,4.82595399557083,-144.321009800546,14,30419.9446474677,0.0,4.82035084049777,-144.34527207656,5,30419.9446474677,514,4,1539989,0,5,100,local_search,14,30419.9446474677,0.0,4.82035084049777,-144.34527207656,-54.58588147199771,1
waveform,qam16_bw40_bo058,gain_high,qam16_bw40_bo058,53,1,32299.8295619202,28.706420671500382,6.06061060734915,-144.414372752383,5,1,32277.7656033693,6.642462120598793,6.05919377123855,-144.422655311123,14,32271.1231412487,0.0,6.06434782190924,-144.355192690077,5,32271.1231412487,655,6,1385735,0,5,100,local_search,14,32271.1231412487,0.0,6.06434782190924,-144.355192690077,6.642462120598793,1
waveform,qam16_bw40_bo058,gain_high,qam16_bw40_bo058,67,1,31839.3485312174,41.49227847090151,6.18558164835644,-147.77951059713,5,1,31811.9039340647,14.047681318199466,6.18481549712234,-147.782202836882,14,31797.8562527465,0.0,6.17964660574751,-147.764967659717,5,31797.8562527465,361,294,1380971,2,5,100,local_search,14,31797.8562527465,0.0,6.17964660574751,-147.764967659717,14.047681318199466,1
waveform,qam16_bw40_bo058,gain_low,qam16_bw40_bo058,41,1,33567.7474039142,342.3819033312029,5.01135833601767,-144.473566682846,5,1,33724.8801487937,499.5146482107011,5.01995930753477,-144.479586332308,14,33627.4707182779,402.1052176949015,5.00101628341925,-144.489502586844,2,33225.365500583,87,3,1488783,0,5,100,local_search,14,33627.4707182779,402.1052176949015,5.00101628341925,-144.489502586844,499.5146482107011,1
waveform,qam16_bw40_bo058,gain_low,qam16_bw40_bo058,53,1,35031.1407994007,444.50413242979994,6.13369523005648,-144.793230078344,5,1,35186.0662340126,599.4295670416977,6.13945483546007,-144.802265228282,14,34980.5720164873,393.93534951639595,6.13230041074892,-144.72914373317,2,34586.6366669709,0,0,1355423,5,5,100,direct,1,35186.0662340126,599.4295670416977,6.13945483546007,-144.802265228282,599.4295670416977,0
waveform,qam16_bw40_bo058,gain_low,qam16_bw40_bo058,67,1,35236.1241318564,481.8220717660006,6.31844372883947,-147.970072242301,5,1,35426.8610006609,672.5589405705032,6.32609464896988,-147.973163393596,14,35238.995616373,484.6935562826038,6.31341729053557,-147.941794383285,2,34754.3020600904,0,0,1131237,0,5,100,local_search,14,35238.995616373,484.6935562826038,6.31341729053557,-147.941794383285,672.5589405705032,1
waveform,qam16_bw40_bo058,gain_mid_low,qam16_bw40_bo058,41,1,31235.4329499244,36.622801781202725,4.8854308165999,-144.400869997646,5,1,31317.0757292705,118.26558112729981,4.89012137991663,-144.40679791458,14,31407.1357679419,208.32561979870297,4.88272908450562,-144.424212592056,2,31198.8101481432,244,5,1534912,0,5,100,local_search,14,31407.1357679419,208.32561979870297,4.88272908450562,-144.424212592056,118.26558112729981,1
waveform,qam16_bw40_bo058,gain_mid_low,qam16_bw40_bo058,53,1,32922.7520838026,228.27194430680174,6.0645142867804,-144.616224622728,5,1,33000.9192617629,306.4391222671002,6.0669646939558,-144.624830120488,14,32880.0962245717,185.61608507590063,6.06531399854484,-144.55446209467,2,32694.4801394958,330,9,1366451,0,5,100,local_search,14,32880.0962245717,185.61608507590063,6.06531399854484,-144.55446209467,306.4391222671002,1
waveform,qam16_bw40_bo058,gain_mid_low,qam16_bw40_bo058,67,1,32561.9636504519,179.24496243219983,6.21567669990539,-147.885746819332,5,1,32658.7807904667,276.0621024469983,6.21943682137336,-147.88863809383,14,32614.1997003649,231.48101234520072,6.21237117884692,-147.860490953759,2,32382.7186880197,288,10,1352296,0,5,100,local_search,14,32614.1997003649,231.48101234520072,6.21237117884692,-147.860490953759,276.0621024469983,1
waveform,qam16_bw40_bo058,memory_short,qam16_bw40_bo058,41,1,26562.1416154362,11.538064388802013,4.60280073705046,-144.301908890763,5,1,26526.0525845908,-24.550966456597962,4.60211506159378,-144.307747594065,14,26550.6035510474,0.0,4.59726192982904,-144.33249776075,5,26550.6035510474,500,132,1533014,0,5,100,local_search,14,26550.6035510474,0.0,4.59726192982904,-144.33249776075,-24.550966456597962,1
waveform,qam16_bw40_bo058,memory_short,qam16_bw40_bo058,53,1,28450.9992734748,28.61743690970252,5.91177048669755,-144.379241130859,5,1,28412.8050196831,-9.576816881999548,5.9097968116602,-144.387327292693,14,28431.8755919884,9.493755423300172,5.91596411143256,-144.322634664355,2,28422.3818365651,423,32,1353816,0,5,100,local_search,14,28431.8755919884,9.493755423300172,5.91596411143256,-144.322634664355,-9.576816881999548,1
waveform,qam16_bw40_bo058,memory_short,qam16_bw40_bo058,67,1,28094.2517895834,88.38378636500056,6.03297779645681,-147.783736371758,5,1,28042.6783294423,36.81032622390194,6.03154867173256,-147.786297250515,14,28005.8680032184,0.0,6.02591512153347,-147.767043407964,5,28005.8680032184,0,0,1240972,5,5,100,direct,1,28042.6783294423,36.81032622390194,6.03154867173256,-147.786297250515,36.81032622390194,1
waveform,qam16_bw40_bo058,noise_high,qam16_bw40_bo058,41,1,51183.828382192,261.8146288627977,5.5415460948594,-144.341628065245,5,1,51194.9426315641,272.9288782349031,5.54327341818919,-144.347487861584,14,50958.2951782928,36.28142496359942,5.4806151662163,-144.460566727055,2,50922.0137533292,396,2,2009339,0,5,100,local_search,14,50958.2951782928,36.28142496359942,5.4806151662163,-144.460566727055,272.9288782349031,1
waveform,qam16_bw40_bo058,noise_high,qam16_bw40_bo058,53,1,51831.0440622003,413.5922333195995,6.59395720216735,-144.606858202119,5,1,51842.5913814289,425.1395525482003,6.59421091253481,-144.615438287566,14,51450.7196173491,33.267788468401704,6.56633677711384,-144.317889783593,2,51417.4518288807,152,28,1337668,0,5,100,local_search,14,51450.7196173491,33.267788468401704,6.56633677711384,-144.317889783593,425.1395525482003,1
waveform,qam16_bw40_bo058,noise_high,qam16_bw40_bo058,67,1,50872.3841886604,-140.7995607937046,6.73642554787939,-148.041546610376,5,1,50882.9292720983,-130.25447735580383,6.73718600096554,-148.044282157735,14,51041.6922564011,28.508506946993293,6.69095720665294,-147.914250213056,2,51013.1837494541,301,38,1301060,0,5,100,local_search,14,51041.6922564011,28.508506946993293,6.69095720665294,-147.914250213056,-130.25447735580383,1
waveform,qam16_bw40_bo058,noise_mid,qam16_bw40_bo058,41,1,33936.4735641501,-78.6927169026967,4.93643663784008,-144.346480439364,5,1,33954.7736167261,-60.39266432669683,4.93825302791352,-144.352359053655,14,34072.3824655835,57.21618453069823,4.9227690790533,-144.399351219915,2,34015.1662810528,149,2,1525636,0,5,100,local_search,14,34072.3824655835,57.21618453069823,4.9227690790533,-144.399351219915,-60.39266432669683,1
waveform,qam16_bw40_bo058,noise_mid,qam16_bw40_bo058,53,1,35434.7891882766,141.48543800699554,6.11885152540917,-144.520180569165,5,1,35450.8188539281,157.51510365850118,6.11898122805095,-144.528594551352,14,35324.8340449271,31.530294657495688,6.11989032310562,-144.398156702599,2,35293.3037502696,439,38,1350610,0,5,100,local_search,14,35324.8340449271,31.530294657495688,6.11989032310562,-144.398156702599,157.51510365850118,1
waveform,qam16_bw40_bo058,noise_mid,qam16_bw40_bo058,67,1,34848.8636958169,-68.72259880919592,6.25987530110883,-147.882659801742,5,1,34866.9797824887,-50.60651213739766,6.26079674820076,-147.885416111942,14,34962.2763344334,44.690039807304856,6.24981607547445,-147.83484637856,2,34917.5862946261,0,0,1179680,5,5,100,direct,1,34866.9797824887,-50.60651213739766,6.26079674820076,-147.885416111942,-50.60651213739766,1
waveform,qam16_bw40_bo058,sat_early,qam16_bw40_bo058,41,1,30987.706189783,23.870978361799644,4.86836476708788,-144.429628785243,5,1,31051.45812125,87.62290982880222,4.87218515055232,-144.435880464146,14,31123.5929482828,159.75773686160028,4.86509743209867,-144.453231420619,2,30963.8352114212,606,4,1462080,0,5,100,local_search,14,31123.5929482828,159.75773686160028,4.86509743209867,-144.453231420619,87.62290982880222,1
waveform,qam16_bw40_bo058,sat_early,qam16_bw40_bo058,53,1,32737.5911238105,175.36860119710036,6.06512585241947,-144.642122704893,5,1,32795.9470038394,233.72448122599963,6.06674739627628,-144.651163410528,14,32693.6996497517,131.4771271382997,6.06676541101582,-144.58044277432,2,32562.2225226134,427,38,1361616,0,5,100,local_search,14,32693.6996497517,131.4771271382997,6.06676541101582,-144.58044277432,233.72448122599963,1
waveform,qam16_bw40_bo058,sat_early,qam16_bw40_bo058,67,1,32433.2560442717,159.8229430331994,6.210102186268,-147.858541212157,5,1,32509.6448960224,236.21179478389968,6.21308419362272,-147.861488160303,14,32447.6970449653,174.2639437268008,6.20593394359992,-147.833891464287,2,32273.4331012385,0,0,1155263,5,5,100,direct,1,32509.6448960224,236.21179478389968,6.21308419362272,-147.861488160303,236.21179478389968,0
waveform,qam16_bw40_bo058,sat_mid,qam16_bw40_bo058,41,1,30534.8635954043,-29.464416607803287,4.84325516763591,-144.372372272609,5,1,30568.9500249788,4.622012966698094,4.84566917009427,-144.378374949562,14,30646.8420866271,82.51407461499912,4.8389491547996,-144.395544766907,2,30564.3280120121,606,4,1452720,0,5,100,local_search,14,30646.8420866271,82.51407461499912,4.8389491547996,-144.395544766907,4.622012966698094,1
waveform,qam16_bw40_bo058,sat_mid,qam16_bw40_bo058,53,1,32348.5733879959,94.70172011700197,6.05311003366552,-144.536585785923,5,1,32378.1762341995,124.30456632060304,6.05364508993295,-144.545163618004,14,32311.0481894475,57.176521568602766,6.05537845169751,-144.475968887241,2,32253.8716678789,423,32,1352872,0,5,100,local_search,14,32311.0481894475,57.176521568602766,6.05537845169751,-144.475968887241,124.30456632060304,1
waveform,qam16_bw40_bo058,sat_mid,qam16_bw40_bo058,67,1,31879.9417237873,42.01945499659996,6.18937406389105,-147.83307213771,5,1,31917.6988872544,79.77661846370029,6.1909445748031,-147.83589022413,14,31912.4081516085,74.4858828178003,6.18546772114006,-147.808444275531,2,31837.9222687907,0,0,1153408,5,5,100,direct,1,31917.6988872544,79.77661846370029,6.1909445748031,-147.83589022413,79.77661846370029,1
waveform,qam16_bw40_bo058,thermal_drift,qam16_bw40_bo058,41,1,64645.1549757747,-82.68778483549977,7.49708974129704,-144.518123148468,5,1,64655.1123344437,-72.73042616649764,7.49808286469678,-144.524398232704,14,64750.2967394265,22.45397881630197,7.4952978149819,-144.544127069255,2,64727.8427606102,227,137,1701839,0,5,100,local_search,14,64750.2967394265,22.45397881630197,7.4952978149819,-144.544127069255,-72.73042616649764,1
waveform,qam16_bw40_bo058,thermal_drift,qam16_bw40_bo058,53,1,65750.654009213,-34.34938771650195,8.22269188756253,-144.436430141723,5,1,65760.6707310859,-24.33266584359808,8.22301507472895,-144.444730433648,14,65805.2866391799,20.28324225039978,8.22762817236412,-144.377790172889,2,65785.0033969295,374,56,1371574,0,5,100,local_search,14,65805.2866391799,20.28324225039978,8.22762817236412,-144.377790172889,-24.33266584359808,1
waveform,qam16_bw40_bo058,thermal_drift,qam16_bw40_bo058,67,1,64577.7124900703,3.9220591412013164,8.29357254693112,-147.576130906954,5,1,64585.4828490049,11.692418075799651,8.29408072354058,-147.578643114219,14,64580.8072239754,7.016793046299426,8.29540636296144,-147.555554240276,2,64573.7904309291,0,0,1183654,5,5,100,direct,1,64585.4828490049,11.692418075799651,8.29408072354058,-147.578643114219,11.692418075799651,0
waveform,qam16_bw40_bo058,thermal_mild,qam16_bw40_bo058,41,1,42622.3928170853,-71.75490919009462,5.69629931803413,-144.419519797055,5,1,42637.5011581339,-56.6465681414993,5.69774837735668,-144.425553128782,14,42728.6144853242,34.46675904880249,5.69312925016011,-144.443215881839,2,42694.1477262754,466,173,1559060,0,5,100,local_search,14,42728.6144853242,34.46675904880249,5.69312925016011,-144.443215881839,-56.6465681414993,1
waveform,qam16_bw40_bo058,thermal_mild,qam16_bw40_bo058,53,1,44191.3373740481,7.5238031975968624,6.71515040349895,-144.469552583123,5,1,44204.9785482289,21.16497737840109,6.71535719435966,-144.477885024461,14,44209.4722534867,25.658682636203594,6.71884417446798,-144.411224545665,2,44183.8135708505,374,56,1359432,0,5,100,local_search,14,44209.4722534867,25.658682636203594,6.71884417446798,-144.411224545665,21.16497737840109,1
waveform,qam16_bw40_bo058,thermal_mild,qam16_bw40_bo058,67,1,43366.4243838187,-0.5526291054993635,6.82723070931509,-147.72307307281,5,1,43380.0510417658,13.074028841598192,6.82799972635292,-147.725734530228,14,43383.1324356452,16.155422720999923,6.82605749297312,-147.698818123027,2,43366.9770129242,0,0,1159674,5,5,100,direct,1,43380.0510417658,13.074028841598192,6.82799972635292,-147.725734530228,13.074028841598192,1
waveform,qam16_bw40_bo070,baseline,qam16_bw40_bo070,41,1,36730.7006011846,628.3831349631,5.08801836450413,-144.002252432902,5,1,36530.1102373662,427.7927711446973,5.07816707429609,-144.008217503896,14,36105.8699103567,3.552444135195401,5.05215824293779,-144.035757325998,1,36102.3174662215,361,5,1960116,0,5,100,local_search,14,36105.8699103567,3.552444135195401,5.05215824293779,-144.035757325998,427.7927711446973,1
waveform,qam16_bw40_bo070,baseline,qam16_bw40_bo070,53,1,37207.2429343367,714.5819841626944,6.28179052285301,-144.10135860851,5,1,36976.7630673847,484.10211721069936,6.27139270532972,-144.111184328866,14,36492.660950174,0.0,6.25794173972314,-144.075762169471,5,36492.660950174,160,39,1930133,0,5,100,local_search,14,36492.660950174,0.0,6.25794173972314,-144.075762169471,484.10211721069936,1
waveform,qam16_bw40_bo070,baseline,qam16_bw40_bo070,67,1,38172.6053028506,760.183501925203,6.40670015578603,-147.639033676863,5,1,37901.346600067,488.92479914160504,6.3957703191465,-147.642527366803,14,37412.4218009254,0.0,6.37135239029213,-147.630258912893,5,37412.4218009254,115,142,1568179,3,5,100,local_search,14,37412.4218009254,0.0,6.37135239029213,-147.630258912893,488.92479914160504,1
waveform,qam16_bw40_bo070,combined_stress,qam16_bw40_bo070,41,1,77338.4656865928,-46.30763725000725,7.97286779825637,-144.3562688655,5,1,77313.6910393924,-71.08228445040004,7.97181360355475,-144.36248403288,14,77387.9996198042,3.2262959614017745,7.93614340347088,-144.491076442297,1,77384.7733238428,621,4,3007296,0,5,100,local_search,14,77387.9996198042,3.2262959614017745,7.93614340347088,-144.491076442297,-71.08228445040004,1
waveform,qam16_bw40_bo070,combined_stress,qam16_bw40_bo070,53,1,77243.6472898524,-28.29467365120945,8.59997535534083,-144.693220151112,5,1,77234.3044361099,-37.63752739370102,8.59914073650297,-144.703829565977,14,77279.4531205144,7.5111570107983425,8.59574815494096,-144.389023533103,4,77271.9419635036,247,12,1605986,0,5,100,local_search,14,77279.4531205144,7.5111570107983425,8.59574815494096,-144.389023533103,-37.63752739370102,1
waveform,qam16_bw40_bo070,combined_stress,qam16_bw40_bo070,67,1,76195.4732227263,-112.6361661520059,8.67755024472838,-147.836695948361,5,1,76181.8610715156,-126.24831736271153,8.67692019154687,-147.840069868791,14,76313.3658760231,5.256487144797575,8.67555288880354,-147.745249566243,1,76308.1093888783,46,92,1745445,0,5,100,local_search,14,76313.3658760231,5.256487144797575,8.67555288880354,-147.745249566243,-126.24831736271153,1
waveform,qam16_bw40_bo070,gain_high,qam16_bw40_bo070,41,1,39221.3148150886,733.082626385396,5.2132091726745,-143.963108606614,5,1,38997.5537821103,509.3215934070977,5.20162809022228,-143.969119519713,14,38490.3789182227,2.146729519496148,5.17159805351342,-143.996402504945,1,38488.2321887032,358,3,2165394,0,5,100,local_search,14,38490.3789182227,2.146729519496148,5.17159805351342,-143.996402504945,509.3215934070977,1
waveform,qam16_bw40_bo070,gain_high,qam16_bw40_bo070,53,1,39641.9125398415,909.7624560312979,6.40090152045055,-144.001879700091,5,1,39379.4002987149,647.2502149046995,6.38862093207686,-144.01169799965,14,38732.1500838102,0.0,6.36825738381035,-143.979260787733,5,38732.1500838102,264,5,1876301,0,5,100,local_search,14,38732.1500838102,0.0,6.36825738381035,-143.979260787733,647.2502149046995,1
waveform,qam16_bw40_bo070,gain_high,qam16_bw40_bo070,67,1,41188.449139197,901.4330415082004,6.53383781510563,-147.5769397295,5,1,40882.6293337891,595.6132361002965,6.52073150964678,-147.580408582494,14,40287.0160976888,0.0,6.49066369531412,-147.568443941358,5,40287.0160976888,264,5,1636782,0,5,100,local_search,14,40287.0160976888,0.0,6.49066369531412,-147.568443941358,595.6132361002965,1
waveform,qam16_bw40_bo070,gain_low,qam16_bw40_bo070,41,1,31999.9557336507,38.27628287530024,4.87589125726147,-144.179038097879,5,1,31929.6031287333,-32.07632204209949,4.87333083001084,-144.184880866942,14,31970.1790596274,8.499608852001984,4.86564594590401,-144.207029667668,1,31961.6794507754,0,0,1993882,0,5,100,local_search,14,31970.1790596274,8.499608852001984,4.86564594590401,-144.207029667668,-32.07632204209949,1
waveform,qam16_bw40_bo070,gain_low,qam16_bw40_bo070,53,1,32998.4425688552,22.078784926299704,6.06450328308768,-144.567970600933,5,1,32955.834170243,-20.529613685903314,6.06218047927432,-144.578321050959,14,32981.4341467077,5.070362778802519,6.06845141684367,-144.510450459113,1,32976.3637839289,247,12,2020349,0,5,100,local_search,14,32981.4341467077,5.070362778802519,6.06845141684367,-144.510450459113,-20.529613685903314,1
waveform,qam16_bw40_bo070,gain_low,qam16_bw40_bo070,67,1,32848.1412681555,-24.168700860296667,6.19742334896966,-147.867515701446,5,1,32801.8608744953,-70.44909452049615,6.19605527553968,-147.871230341601,14,32888.0474469028,15.73747788699984,6.19510424172682,-147.857594770842,1,32872.3099690158,0,0,1544005,0,5,100,local_search,14,32888.0474469028,15.73747788699984,6.19510424172682,-147.857594770842,-70.44909452049615,1
waveform,qam16_bw40_bo070,gain_mid_low,qam16_bw40_bo070,41,1,33742.7629130148,394.4938695265955,4.94776069730588,-144.076512635951,5,1,33590.2869823468,242.0179388585966,4.94090668737488,-144.082422501562,14,33353.3877800538,5.118736565600557,4.92255211538734,-144.111129797818,1,33348.2690434882,358,4,2247492,0,5,100,local_search,14,33353.3877800538,5.118736565600557,4.92255211538734,-144.111129797818,242.0179388585966,1
waveform,qam16_bw40_bo070,gain_mid_low,qam16_bw40_bo070,53,1,34406.2169322332,480.2630694965992,6.14677831098002,-144.291080493242,5,1,34243.5564509454,317.6025882087997,6.13962435082209,-144.301082830213,14,33925.9538627366,0.0,6.13197052043023,-144.264134137861,5,33925.9538627366,93,5,2052866,1,5,100,local_search,14,33925.9538627366,0.0,6.13197052043023,-144.264134137861,317.6025882087997,1
waveform,qam16_bw40_bo070,gain_mid_low,qam16_bw40_bo070,67,1,34621.03775353,466.96884269749717,6.26608620724779,-147.736101226429,5,1,34428.1896763927,274.12076556019747,6.25899492654112,-147.739677233877,14,34154.0689108325,0.0,6.24419917409629,-147.727135400297,5,34154.0689108325,93,5,1661149,1,5,100,local_search,14,34154.0689108325,0.0,6.24419917409629,-147.727135400297,274.12076556019747,1
waveform,qam16_bw40_bo070,memory_short,qam16_bw40_bo070,41,1,37706.1606534845,841.2789724277973,5.08829500705968,-143.938342079892,5,1,37454.3016052935,589.4199242367977,5.0753753696269,-143.944406184161,14,36866.5172799065,1.6355988497962244,5.04386673413899,-143.972286030412,1,36864.8816810567,361,5,1963203,0,5,100,local_search,14,36866.5172799065,1.6355988497962244,5.04386673413899,-143.972286030412,589.4199242367977,1
waveform,qam16_bw40_bo070,memory_short,qam16_bw40_bo070,53,1,37902.574477937,1043.0767420476986,6.32382480631224,-143.931592129104,5,1,37606.5419336381,747.0441977488008,6.31041977962415,-143.941263504534,14,36859.4977358893,0.0,6.28689120549369,-143.910779813463,5,36859.4977358893,195,63,1777880,0,5,100,local_search,14,36859.4977358893,0.0,6.28689120549369,-143.910779813463,747.0441977488008,1
waveform,qam16_bw40_bo070,memory_short,qam16_bw40_bo070,67,1,40158.2536627915,946.1447230578997,6.46962179376687,-147.551873708855,5,1,39815.7570422798,603.6481025461981,6.45516814807138,-147.555288607999,14,39212.1089397336,0.0,6.42513880255263,-147.540700762154,5,39212.1089397336,115,142,1643146,3,5,100,local_search,14,39212.1089397336,0.0,6.42513880255263,-147.540700762154,603.6481025461981,1
waveform,qam16_bw40_bo070,noise_high,qam16_bw40_bo070,41,1,55204.6474863157,528.5404124732959,5.74722508909308,-144.000706986168,5,1,55070.4101203948,394.3030465523989,5.73873041731306,-144.006701666691,14,54676.1070738424,0.0,5.68627404885071,-144.109364666645,5,54676.1070738424,675,7,2017865,0,5,100,local_search,14,54676.1070738424,0.0,5.68627404885071,-144.109364666645,394.3030465523989,1
waveform,qam16_bw40_bo070,noise_high,qam16_bw40_bo070,53,1,54948.7078383186,871.4870831193984,6.7950335752457,-144.207962623693,5,1,54795.4703700575,718.2496148582941,6.78562990240732,-144.218021937226,14,54077.2207551992,0.0,6.76401381506739,-143.957460718892,5,54077.2207551992,115,59,1561343,0,5,100,local_search,14,54077.2207551992,0.0,6.76401381506739,-143.957460718892,718.2496148582941,1
waveform,qam16_bw40_bo070,noise_high,qam16_bw40_bo070,67,1,55239.7175829807,477.5709679686988,6.94597981679712,-147.857107334489,5,1,55049.6356748651,287.4890598530983,6.93576580344842,-147.860578023799,14,54762.146615012,0.0,6.86804109269739,-147.745071070983,5,54762.146615012,199,117,1758792,0,5,100,local_search,14,54762.146615012,0.0,6.86804109269739,-147.745071070983,287.4890598530983,1
waveform,qam16_bw40_bo070,noise_mid,qam16_bw40_bo070,41,1,39704.5079717516,332.19648198760115,5.17926542804944,-144.002766822466,5,1,39518.759366359,146.44787659500435,5.16965433363036,-144.008741755179,14,39372.311489764,0.0,5.14962358764868,-144.050450307673,5,39372.311489764,262,1,1803695,0,5,100,local_search,14,39372.311489764,0.0,5.14962358764868,-144.050450307673,146.44787659500435,1
waveform,qam16_bw40_bo070,noise_mid,qam16_bw40_bo070,53,1,39965.9296237233,839.2537480848987,6.34446730375988,-144.129541029869,5,1,39752.2319999425,625.5561243041011,6.33423143733871,-144.139429256513,14,39126.6758756384,0.0,6.32100072036661,-144.047005739844,5,39126.6758756384,160,39,1813689,0,5,100,local_search,14,39126.6758756384,0.0,6.32100072036661,-144.047005739844,625.5561243041011,1
waveform,qam16_bw40_bo070,noise_mid,qam16_bw40_bo070,67,1,40844.485879481,676.9469374519977,6.48156387218746,-147.699146689182,5,1,40589.8842089274,422.3452668983955,6.47072147559273,-147.702638407305,14,40167.538942029,0.0,6.43900050858876,-147.661126938989,5,40167.538942029,0,0,1574545,5,5,100,direct,1,40589.8842089274,422.3452668983955,6.47072147559273,-147.702638407305,422.3452668983955,0
waveform,qam16_bw40_bo070,sat_early,qam16_bw40_bo070,41,1,34600.5330884456,502.8960438817012,4.98684442556366,-144.142922909714,5,1,34441.2615054476,343.6244608837005,4.97946766625398,-144.148877020584,14,34104.8703989766,7.233354412703193,4.95808520687428,-144.176834772193,1,34097.6370445639,361,5,1969676,0,5,100,local_search,14,34104.8703989766,7.233354412703193,4.95808520687428,-144.176834772193,343.6244608837005,1
waveform,qam16_bw40_bo070,sat_early,qam16_bw40_bo070,53,1,35312.4531190022,565.8154915339037,6.19547518747324,-144.363844529269,5,1,35137.4877193871,390.8500919188009,6.18762219935599,-144.374178251058,14,34746.6376274683,0.0,6.1776685253822,-144.338202248045,5,34746.6376274683,160,39,1956448,0,5,100,local_search,14,34746.6376274683,0.0,6.1776685253822,-144.338202248045,390.8500919188009,1
waveform,qam16_bw40_bo070,sat_early,qam16_bw40_bo070,67,1,35788.7458445834,591.917654773395,6.31173656795569,-147.700367869552,5,1,35587.4818772531,390.6536874430967,6.30408752656709,-147.704008613111,14,35196.82818981,0.0,6.28521148746919,-147.692407199532,5,35196.82818981,175,143,1555683,2,5,100,local_search,14,35196.82818981,0.0,6.28521148746919,-147.692407199532,390.6536874430967,1
waveform,qam16_bw40_bo070,sat_mid,qam16_bw40_bo070,41,1,35934.7292942574,591.306367576195,5.04995366000947,-144.046620148498,5,1,35746.2889106677,402.8659839864995,5.04086822651369,-144.052585035273,14,35348.2563764755,4.833449794299668,5.01629175940078,-144.08026150149,1,35343.4229266812,361,5,1962364,0,5,100,local_search,14,35348.2563764755,4.833449794299668,5.01629175940078,-144.08026150149,402.8659839864995,1
waveform,qam16_bw40_bo070,sat_mid,qam16_bw40_bo070,53,1,36493.416886369,674.2311030466008,6.2499982872339,-144.185531071039,5,1,36278.5232194808,459.3374361583992,6.24036015342952,-144.195534613844,14,35819.1857833224,0.0,6.22791409875317,-144.159991236136,5,35819.1857833224,160,39,1952498,0,5,100,local_search,14,35819.1857833224,0.0,6.22791409875317,-144.159991236136,459.3374361583992,1
waveform,qam16_bw40_bo070,sat_mid,qam16_bw40_bo070,67,1,37263.4733237391,714.0932396572971,6.37038703921947,-147.658036007754,5,1,37011.757146034,462.3770619521965,6.3604487776038,-147.661579893866,14,36549.3800840818,0.0,6.33770580076821,-147.649527212893,5,36549.3800840818,116,142,1565310,3,5,100,local_search,14,36549.3800840818,0.0,6.33770580076821,-147.649527212893,462.3770619521965,1
waveform,qam16_bw40_bo070,thermal_drift,qam16_bw40_bo070,41,1,67994.6767001258,224.4995578537928,7.66876883684203,-144.149762130852,5,1,67883.0303488982,112.85320662619779,7.66220767235694,-144.156076318356,14,67770.177142272,0.0,7.65012122428852,-144.185730690009,5,67770.177142272,512,47,1890720,0,5,100,local_search,14,67770.177142272,0.0,7.65012122428852,-144.185730690009,112.85320662619779,1
waveform,qam16_bw40_bo070,thermal_drift,qam16_bw40_bo070,53,1,68152.1117251974,294.19322123170423,8.378780951884,-144.052778579998,5,1,68029.2668555582,171.3483515925036,8.37115944613818,-144.062520320638,14,67857.9185039657,0.0,8.3658687386867,-144.027046974115,5,67857.9185039657,10,21,2152916,3,5,100,local_search,14,67857.9185039657,0.0,8.3658687386867,-144.027046974115,171.3483515925036,1
waveform,qam16_bw40_bo070,thermal_drift,qam16_bw40_bo070,67,1,68150.1095913578,428.29805146870785,8.47688616330418,-147.398966776197,5,1,67998.2803968971,276.4688570080034,8.46850172110167,-147.402121318457,14,67721.8115398891,0.0,8.45506047733447,-147.392562189959,5,67721.8115398891,240,73,1498223,0,5,100,local_search,14,67721.8115398891,0.0,8.45506047733447,-147.392562189959,276.4688570080034,1
waveform,qam16_bw40_bo070,thermal_mild,qam16_bw40_bo070,41,1,47416.9129215126,411.12001648590376,5.91530651169017,-144.065739688783,5,1,47259.8482761818,254.05537115510378,5.906819573778,-144.071840257795,14,47006.8561522184,1.063247191705159,5.88752956251555,-144.10170188562,1,47005.7929050267,360,6,1971427,0,5,100,local_search,14,47006.8561522184,1.063247191705159,5.88752956251555,-144.10170188562,254.05537115510378,1
waveform,qam16_bw40_bo070,thermal_mild,qam16_bw40_bo070,53,1,47820.1808335732,488.0036309888965,6.91666734625644,-144.083465479468,5,1,47643.0216266438,310.8444240594981,6.90731137144091,-144.093258349107,14,47332.1772025843,0.0,6.89813448974071,-144.058271282412,5,47332.1772025843,195,63,2043485,0,5,100,local_search,14,47332.1772025843,0.0,6.89813448974071,-144.058271282412,310.8444240594981,1
waveform,qam16_bw40_bo070,thermal_mild,qam16_bw40_bo070,67,1,48379.9178696481,590.736173872705,7.03785675380768,-147.542211663859,5,1,48165.9932890991,376.8115933236986,7.02783551083278,-147.545569109551,14,47789.1816957754,0.0,7.00855911427194,-147.533920363167,5,47789.1816957754,197,121,1551353,1,5,100,local_search,14,47789.1816957754,0.0,7.00855911427194,-147.533920363167,376.8115933236986,1
waveform,qam64_bw20_bo058,baseline,qam64_bw20_bo058,41,1,32916.3339122534,205.67122389430006,7.42679715214792,-135.25854931667,5,1,32931.1452914035,220.4826030444019,7.42707582704947,-135.256343582461,14,32729.8191161511,19.156427791996975,7.41182444128167,-135.12680602408,4,32710.6626883591,655,28,1595482,0,5,100,local_search,14,32729.8191161511,19.156427791996975,7.41182444128167,-135.12680602408,220.4826030444019,1
waveform,qam64_bw20_bo058,baseline,qam64_bw20_bo058,53,1,33276.1154585573,60.96308019020216,8.04972994239318,-138.171257384135,5,1,33289.3034211327,74.15104276560305,8.05015303414538,-138.171987783627,14,33229.3828625454,14.230484178297047,8.03896678961898,-138.315149331449,0,33215.1523783671,54,35,1056846,0,5,100,local_search,14,33229.3828625454,14.230484178297047,8.03896678961898,-138.315149331449,74.15104276560305,1
waveform,qam64_bw20_bo058,baseline,qam64_bw20_bo058,67,1,33925.0037782231,-62.63442783609935,7.89616448325159,-142.811336293165,5,1,33947.3548415768,-40.28336448239861,7.8968328702837,-142.804355958301,14,34040.6283419868,52.990135927597294,7.90486239999214,-142.568613300078,2,33987.6382060592,342,108,1958671,0,5,100,local_search,14,34040.6283419868,52.990135927597294,7.90486239999214,-142.568613300078,-40.28336448239861,1
waveform,qam64_bw20_bo058,combined_stress,qam64_bw20_bo058,41,1,77655.3546795514,516.1501270878944,9.70961220234478,-136.101159273693,5,1,77723.3992133692,584.1946609056904,9.71309902557574,-136.098652277665,14,77314.2628096816,175.05825721810106,9.60385650519931,-135.292047941091,2,77139.2045524635,396,2,1462970,0,5,100,local_search,14,77314.2628096816,175.05825721810106,9.60385650519931,-135.292047941091,584.1946609056904,1
waveform,qam64_bw20_bo058,combined_stress,qam64_bw20_bo058,53,1,76778.6172689594,-75.14837269121199,10.1545494369361,-137.913665715109,5,1,76835.656918007,-18.108723643614212,10.1576832754181,-137.913912699856,14,76985.953248443,132.18760679238767,10.0637012056323,-138.752544799544,2,76853.7656416506,0,0,1068225,0,5,100,local_search,14,76985.953248443,132.18760679238767,10.0637012056323,-138.752544799544,-18.108723643614212,1
waveform,qam64_bw20_bo058,combined_stress,qam64_bw20_bo058,67,1,79466.7264688829,11.637126228408306,10.0988855443367,-144.319049750914,5,1,79557.1420290547,102.05268640020222,10.1040162675786,-144.30981332157,14,79693.5370714634,238.44772880891105,10.1292051182415,-142.943738780226,2,79455.0893426545,242,12,1253570,0,5,100,local_search,14,79693.5370714634,238.44772880891105,10.1292051182415,-142.943738780226,102.05268640020222,1
waveform,qam64_bw20_bo058,gain_high,qam64_bw20_bo058,41,1,33006.6997563394,182.92275313620485,7.43561087165744,-135.272232462862,5,1,32984.5886280401,160.81162483690423,7.43474312906047,-135.270043091923,14,32823.7770032032,0.0,7.42119606180657,-135.139684887339,5,32823.7770032032,726,4,1585969,0,5,100,local_search,14,32823.7770032032,0.0,7.42119606180657,-135.139684887339,160.81162483690423,1
waveform,qam64_bw20_bo058,gain_high,qam64_bw20_bo058,53,1,33322.9577866909,40.73535507610359,8.05194827093462,-138.184188684558,5,1,33308.6062980319,26.383866417098034,8.05166037471686,-138.184962588058,14,33282.2224316148,0.0,8.04113243072465,-138.332226491917,5,33282.2224316148,148,4,1059578,0,5,100,local_search,14,33282.2224316148,0.0,8.04113243072465,-138.332226491917,26.383866417098034,1
waveform,qam64_bw20_bo058,gain_high,qam64_bw20_bo058,67,1,33907.5616071304,-13.040600352098409,7.89688467065553,-142.84708638255,5,1,33885.0707699681,-35.53143751440075,7.89619440769271,-142.840459659609,14,33922.7985551117,2.196347629200318,7.90218892090556,-142.607214530676,1,33920.6022074825,386,86,1747744,0,5,100,local_search,14,33922.7985551117,2.196347629200318,7.90218892090556,-142.607214530676,-35.53143751440075,1
waveform,qam64_bw20_bo058,gain_low,qam64_bw20_bo058,41,1,35515.5494331959,583.5607409225995,7.49299223753965,-135.205310842545,5,1,35662.0701476519,730.081455378604,7.49769313768498,-135.202983733551,14,35299.168586885,367.1798946117051,7.47557351281865,-135.074934197233,2,34931.9886922733,196,75,1539624,0,5,100,local_search,14,35299.168586885,367.1798946117051,7.47557351281865,-135.074934197233,730.081455378604,1
waveform,qam64_bw20_bo058,gain_low,qam64_bw20_bo058,53,1,35097.2724514191,467.96910447010305,8.09473397794411,-138.123972685075,5,1,35208.5664221859,579.2630752369005,8.09784326073388,-138.124516754141,14,34894.0724621023,264.76911515329994,8.08022740372274,-138.271570169932,2,34629.303346949,245,8,1052924,0,5,100,local_search,14,34894.0724621023,264.76911515329994,8.08022740372274,-138.271570169932,579.2630752369005,1
waveform,qam64_bw20_bo058,gain_low,qam64_bw20_bo058,67,1,37523.4283178008,522.2943549696938,8.00645388160335,-142.687266594732,5,1,37702.0438164836,700.909853652498,8.0123926566604,-142.67907738489,14,37435.2030207462,434.0690579150978,8.00981045822627,-142.463702812175,2,37001.1339628311,0,0,1500666,5,5,100,direct,1,37702.0438164836,700.909853652498,8.0123926566604,-142.67907738489,700.909853652498,0
waveform,qam64_bw20_bo058,gain_mid_low,qam64_bw20_bo058,41,1,33517.63240946,371.2322833340004,7.43775910142827,-135.235912214709,5,1,33590.3059437115,443.9058175855025,7.43987378380367,-135.233659495428,14,33312.0693482007,165.66922207469906,7.42152797423756,-135.105171754223,2,33146.400126126,442,5,1576656,0,5,100,local_search,14,33312.0693482007,165.66922207469906,7.42152797423756,-135.105171754223,443.9058175855025,1
waveform,qam64_bw20_bo058,gain_mid_low,qam64_bw20_bo058,53,1,33711.3789561966,241.16825426239666,8.05964389083871,-138.151023339091,5,1,33767.061986156,296.85128422179696,8.06118287176446,-138.151676905794,14,33586.3594701041,116.1487681699,8.04709716367599,-138.298346889797,2,33470.2107019342,30,3,1054185,0,5,100,local_search,14,33586.3594701041,116.1487681699,8.04709716367599,-138.298346889797,296.85128422179696,1
waveform,qam64_bw20_bo058,gain_mid_low,qam64_bw20_bo058,67,1,34846.3359351219,119.61650505219586,7.92277851356659,-142.758302636381,5,1,34938.4965271344,211.77709706469614,7.92563705714596,-142.750799656704,14,34961.8936266055,235.17419653580146,7.9321244148528,-142.513553891881,2,34726.7194300697,205,7,1782810,0,5,100,local_search,14,34961.8936266055,235.17419653580146,7.9321244148528,-142.513553891881,211.77709706469614,1
waveform,qam64_bw20_bo058,memory_short,qam64_bw20_bo058,41,1,28841.4770076685,183.0114194589005,7.31202789285715,-135.236158272821,5,1,28802.8903863528,144.42479814319813,7.31074186048081,-135.234069276067,14,28673.7971924318,15.33160422219953,7.29921307859012,-135.105333883396,3,28658.4655882096,640,33,1504835,0,5,100,local_search,14,28673.7971924318,15.33160422219953,7.29921307859012,-135.105333883396,144.42479814319813,1
waveform,qam64_bw20_bo058,memory_short,qam64_bw20_bo058,53,1,29056.4771899543,15.41696392400263,7.94863476226339,-138.134571978982,5,1,29033.9595185818,-7.100707448498724,7.9481854115364,-138.135275397187,14,29041.9427493583,0.8825233280003886,7.93687700267552,-138.277694516423,1,29041.0602260303,41,25,1044564,0,5,100,local_search,14,29041.9427493583,0.8825233280003886,7.93687700267552,-138.277694516423,-7.100707448498724,1
waveform,qam64_bw20_bo058,memory_short,qam64_bw20_bo058,67,1,29715.4999001741,22.45476030589998,7.77801163914941,-142.919081019561,5,1,29671.5769993768,-21.468140491400845,7.77681650771355,-142.912782581544,14,29693.1457612806,0.10062141239905031,7.78041347399111,-142.677475847113,1,29693.0451398682,363,111,1403353,0,5,100,local_search,14,29693.1457612806,0.10062141239905031,7.78041347399111,-142.677475847113,-21.468140491400845,1
waveform,qam64_bw20_bo058,noise_high,qam64_bw20_bo058,41,1,52472.9745411998,685.4603575942019,7.92692069737284,-135.48686989649,5,1,52479.3631412415,691.8489576358988,7.92685541590696,-135.48460158451,14,51800.6356087818,13.12142517619941,7.84320132146302,-134.74754961527,4,51787.5141836056,622,3,1714957,0,5,100,local_search,14,51800.6356087818,13.12142517619941,7.84320132146302,-134.74754961527,691.8489576358988,1
waveform,qam64_bw20_bo058,noise_high,qam64_bw20_bo058,53,1,52348.0404605615,-328.19385380420135,8.53190407799973,-138.195367535932,5,1,52358.0405137232,-318.1938006424971,8.53255950408798,-138.196180630268,14,52679.009215767,2.774901401302486,8.46902923567782,-139.036099228533,0,52676.2343143657,64,27,1057848,0,5,100,local_search,14,52679.009215767,2.774901401302486,8.46902923567782,-139.036099228533,-318.1938006424971,1
waveform,qam64_bw20_bo058,noise_high,qam64_bw20_bo058,67,1,53027.5222096742,-120.08824112739967,8.34375465673869,-143.599556155565,5,1,53043.6758713801,-103.93457942149689,8.34447167930516,-143.593439405696,14,53187.4374782643,39.827027462699334,8.36984267945718,-142.214745976222,2,53147.6104508016,147,5,1435631,0,5,100,local_search,14,53187.4374782643,39.827027462699334,8.36984267945718,-142.214745976222,-103.93457942149689,1
waveform,qam64_bw20_bo058,noise_mid,qam64_bw20_bo058,41,1,36145.6047489245,401.02254451189947,7.49933555840408,-135.318870294954,5,1,36157.9607263602,413.3785219475976,7.4995191555688,-135.316648050389,14,35761.7278653855,17.14566097289935,7.46574088539202,-135.024741026945,2,35744.5822044126,178,4,1583872,0,5,100,local_search,14,35761.7278653855,17.14566097289935,7.46574088539202,-135.024741026945,413.3785219475976,1
waveform,qam64_bw20_bo058,noise_mid,qam64_bw20_bo058,53,1,36415.1958634958,37.47304980929766,8.12151174315161,-138.177075007007,5,1,36427.9009306124,50.178116925897484,8.12200367602206,-138.177826758248,14,36390.0363457181,12.313532031599607,8.09672613902997,-138.503902102909,2,36377.7228136865,0,0,1056922,0,5,100,local_search,14,36390.0363457181,12.313532031599607,8.09672613902997,-138.503902102909,50.178116925897484,1
waveform,qam64_bw20_bo058,noise_mid,qam64_bw20_bo058,67,1,37034.4009075107,-95.3422200148998,7.9556567901859,-143.018901069232,5,1,37055.6085626302,-74.13456489540113,7.95634413956252,-143.012032911059,14,37195.3084058435,65.56527831789572,7.97144876929416,-142.477070843053,2,37129.7431275256,387,57,1405771,0,5,100,local_search,14,37195.3084058435,65.56527831789572,7.97144876929416,-142.477070843053,-74.13456489540113,1
waveform,qam64_bw20_bo058,sat_early,qam64_bw20_bo058,41,1,33396.865929098,311.23240516839724,7.4417943318948,-135.230798521429,5,1,33451.2983953086,365.6648713789982,7.4433184412848,-135.228463779763,14,33205.1227242908,119.48920036119671,7.42618308705556,-135.099812447224,2,33085.6335239296,640,33,1708064,0,5,100,local_search,14,33205.1227242908,119.48920036119671,7.42618308705556,-135.099812447224,365.6648713789982,1
waveform,qam64_bw20_bo058,sat_early,qam64_bw20_bo058,53,1,33549.9579110612,128.16086740330502,8.05667897164622,-138.155160689056,5,1,33587.0594489714,165.2624053135005,8.05770961706566,-138.155813208648,14,33501.1492593965,79.35221573860326,8.04583913776178,-138.298766243999,2,33421.7970436579,53,31,1056281,0,5,100,local_search,14,33501.1492593965,79.35221573860326,8.04583913776178,-138.298766243999,165.2624053135005,1
waveform,qam64_bw20_bo058,sat_early,qam64_bw20_bo058,67,1,34549.1332992765,69.14053584729845,7.91594891601604,-142.791016922781,5,1,34622.9358392309,142.94307580169698,7.91820861905253,-142.783756147921,14,34657.9877857439,177.99502231469523,7.92487937095772,-142.544207714699,2,34479.9927634292,283,10,1564558,0,5,100,local_search,14,34657.9877857439,177.99502231469523,7.92487937095772,-142.544207714699,142.94307580169698,1
waveform,qam64_bw20_bo058,sat_mid,qam64_bw20_bo058,41,1,33014.5177197332,234.95027972880052,7.42997343055364,-135.2499383539,5,1,33041.3053227085,261.7378827040957,7.4306238279443,-135.247690899576,14,32828.0125902437,48.44515023929853,7.41487041049659,-135.118286620302,2,32779.5674400044,655,28,1640870,0,5,100,local_search,14,32828.0125902437,48.44515023929853,7.41487041049659,-135.118286620302,261.7378827040957,1
waveform,qam64_bw20_bo058,sat_mid,qam64_bw20_bo058,53,1,33335.394105304,84.07111832720693,8.05127237885251,-138.166268124205,5,1,33355.691878827,104.36889185020118,8.0518753802844,-138.166973523361,14,33287.5687612582,36.24577428140037,8.04047593057808,-138.31006811304,2,33251.3229869768,64,37,1056607,0,5,100,local_search,14,33287.5687612582,36.24577428140037,8.04047593057808,-138.31006811304,104.36889185020118,1
waveform,qam64_bw20_bo058,sat_mid,qam64_bw20_bo058,67,1,34048.6614967577,-57.54053590090189,7.90030231954461,-142.80527010199,5,1,34086.6623029292,-19.53972972939664,7.90144764365883,-142.798205948753,14,34199.5381697988,93.33613714019884,7.91019674744661,-142.562459616182,2,34106.2020326586,207,8,2001778,0,5,100,local_search,14,34199.5381697988,93.33613714019884,7.91019674744661,-142.562459616182,-19.53972972939664,1
waveform,qam64_bw20_bo058,thermal_drift,qam64_bw20_bo058,41,1,64740.9489833917,99.58987578400411,9.24339120919668,-135.912172953521,5,1,64747.9893314175,106.63022380979965,9.24351735734611,-135.909899796986,14,64647.2948427059,5.935735098202713,9.22407834776126,-135.767694162653,2,64641.3591076077,603,5,1305354,0,5,100,local_search,14,64647.2948427059,5.935735098202713,9.22407834776126,-135.767694162653,106.63022380979965,1
waveform,qam64_bw20_bo058,thermal_drift,qam64_bw20_bo058,53,1,64479.187179603,10.479543449800985,9.68798742057635,-137.945264436466,5,1,64488.8908911164,20.18325496320176,9.68858526899963,-137.945669380053,14,64478.7459680727,10.03833191949525,9.67252093111699,-138.086268403404,2,64468.7076361532,46,42,1057156,0,5,100,local_search,14,64478.7459680727,10.03833191949525,9.67252093111699,-138.086268403404,20.18325496320176,1
waveform,qam64_bw20_bo058,thermal_drift,qam64_bw20_bo058,67,1,66244.2785311795,-38.365492125594756,9.64459272925732,-143.675374285262,5,1,66256.0901208445,-26.553902460596873,9.64518191698141,-143.666668897039,14,66321.1629457532,38.51892244810006,9.65180541039724,-143.419618314166,2,66282.6440233051,283,10,1614668,0,5,100,local_search,14,66321.1629457532,38.51892244810006,9.65180541039724,-143.419618314166,-26.553902460596873,1
waveform,qam64_bw20_bo058,thermal_mild,qam64_bw20_bo058,41,1,44155.6508465706,149.3470124302985,7.97525819602474,-135.506294146852,5,1,44166.1682497769,159.864415636599,7.97546374993637,-135.504061726628,14,44017.5744452372,11.27061109690112,7.95786944971494,-135.369493057664,2,44006.3038341403,481,37,1612983,0,5,100,local_search,14,44017.5744452372,11.27061109690112,7.95786944971494,-135.369493057664,159.864415636599,1
waveform,qam64_bw20_bo058,thermal_mild,qam64_bw20_bo058,53,1,44105.757403147,39.466906468296656,8.52772471148904,-138.076231683768,5,1,44117.3613296255,51.070832946796145,8.52823299442469,-138.076825384922,14,44075.308226407,9.017729728300765,8.51418692718782,-138.218229892791,2,44066.2904966787,46,42,1056814,0,5,100,local_search,14,44075.308226407,9.017729728300765,8.51418692718782,-138.218229892791,51.070832946796145,1
waveform,qam64_bw20_bo058,thermal_mild,qam64_bw20_bo058,67,1,45352.0789998689,-47.616771533401334,8.41671376783995,-143.157320509824,5,1,45368.8107399674,-30.885031434903794,8.41735144260374,-143.149641983864,14,45454.6434210801,54.947649677800655,8.42495944992751,-142.908420550144,2,45399.6957714023,205,7,1927054,0,5,100,local_search,14,45454.6434210801,54.947649677800655,8.42495944992751,-142.908420550144,-30.885031434903794,1
waveform,qam64_bw20_bo070,baseline,qam64_bw20_bo070,41,1,38924.6260869118,897.9453026316987,7.65189181529414,-135.393133079613,5,1,38690.8808653495,664.2000810694008,7.64302718833596,-135.391167145211,14,38026.6807842801,0.0,7.60968887165152,-135.2505609709,5,38026.6807842801,162,27,1600052,0,5,100,local_search,14,38026.6807842801,0.0,7.60968887165152,-135.2505609709,664.2000810694008,1
waveform,qam64_bw20_bo070,baseline,qam64_bw20_bo070,53,1,33996.023530802,183.14200661209907,8.06536191337594,-138.202405520889,5,1,33909.2358279268,96.35430373690178,8.06322362937801,-138.200872601449,14,33812.8815241899,0.0,8.05113522981405,-138.341248891374,5,33812.8815241899,41,24,1066515,0,5,100,local_search,14,33812.8815241899,0.0,8.05113522981405,-138.341248891374,96.35430373690178,1
waveform,qam64_bw20_bo070,baseline,qam64_bw20_bo070,67,1,40048.6804144404,624.757772946803,8.0810975451061,-143.033950648891,5,1,39787.0947974246,363.17215593100264,8.07211068842873,-143.026769522219,14,39423.9226414936,0.0,8.06206103796039,-142.791369268556,5,39423.9226414936,133,173,6845254,3,5,100,local_search,14,39423.9226414936,0.0,8.06206103796039,-142.791369268556,363.17215593100264,1
waveform,qam64_bw20_bo070,combined_stress,qam64_bw20_bo070,41,1,76877.6726633803,422.52259866210807,9.68423799475329,-136.228795527312,5,1,76853.0432971984,397.8932324802008,9.68236260733425,-136.226907931214,14,76455.1500647182,0.0,9.57897192078166,-135.406915290267,5,76455.1500647182,411,2,1565227,0,5,100,local_search,14,76455.1500647182,0.0,9.57897192078166,-135.406915290267,397.8932324802008,1
waveform,qam64_bw20_bo070,combined_stress,qam64_bw20_bo070,53,1,76534.1751934479,-103.02891129840282,10.13635000752,-137.920459110923,5,1,76590.0103354196,-47.193769326695474,10.1395080309157,-137.918706157445,14,76761.9817565084,124.77765176209505,10.0463048372432,-138.755383602286,2,76637.2041047463,0,0,1074995,0,5,100,local_search,14,76761.9817565084,124.77765176209505,10.0463048372432,-138.755383602286,-47.193769326695474,1
waveform,qam64_bw20_bo070,combined_stress,qam64_bw20_bo070,67,1,78135.9793552465,-172.15962175860477,10.0117971383379,-144.568046779196,5,1,78127.4136784116,-180.7252985935047,10.0114235353035,-144.560889361268,14,78319.354560408,11.2155834028963,10.0309393411641,-143.168809044204,1,78308.1389770051,0,0,1496531,0,5,100,local_search,14,78319.354560408,11.2155834028963,10.0309393411641,-143.168809044204,-180.7252985935047,1
waveform,qam64_bw20_bo070,gain_high,qam64_bw20_bo070,41,1,41435.4196483116,982.2402881277012,7.75539507279731,-135.407750997285,5,1,41174.0157667495,720.8364065655987,7.74501615486986,-135.405782622626,14,40453.1793601839,0.0,7.70852632281062,-135.265034399812,5,40453.1793601839,157,3,1673967,0,5,100,local_search,14,40453.1793601839,0.0,7.70852632281062,-135.265034399812,720.8364065655987,1
waveform,qam64_bw20_bo070,gain_high,qam64_bw20_bo070,53,1,35100.5634061188,273.2619697767004,8.09535921528366,-138.219859088199,5,1,34971.2775060276,143.976069685501,8.09199539211228,-138.218341166641,14,34827.3014363421,0.0,8.07834321477204,-138.36084912843,5,34827.3014363421,23,3,1069947,0,5,100,local_search,14,34827.3014363421,0.0,8.07834321477204,-138.36084912843,143.976069685501,1
waveform,qam64_bw20_bo070,gain_high,qam64_bw20_bo070,67,1,42781.9196459586,741.2496445108991,8.18080205923966,-143.060953830768,5,1,42485.9203804504,445.2503790026967,8.16999755118883,-143.054188548351,14,42040.6700014477,0.0,8.15562205912247,-142.818985841613,5,42040.6700014477,112,166,1776559,3,5,100,local_search,14,42040.6700014477,0.0,8.15562205912247,-142.818985841613,445.2503790026967,1
waveform,qam64_bw20_bo070,gain_low,qam64_bw20_bo070,41,1,33905.6947619639,252.3836958200045,7.44532826790801,-135.325251884425,5,1,33834.8526868945,181.54162075059867,7.44277205028222,-135.323252866288,14,33728.8342577052,75.52319156130397,7.43130579921105,-135.191287658588,3,33653.3110661439,358,4,1628141,0,5,100,local_search,14,33728.8342577052,75.52319156130397,7.43130579921105,-135.191287658588,181.54162075059867,1
waveform,qam64_bw20_bo070,gain_low,qam64_bw20_bo070,53,1,34497.7819137531,378.2488676981957,8.07637501550035,-138.130939709044,5,1,34592.9061260234,473.37307996849995,8.07907514480531,-138.129316926347,14,34336.8530447098,217.3199986549007,8.06281164475849,-138.277436082729,2,34119.5330460549,309,4,1059980,0,5,100,local_search,14,34336.8530447098,217.3199986549007,8.06281164475849,-138.277436082729,473.37307996849995,1
waveform,qam64_bw20_bo070,gain_low,qam64_bw20_bo070,67,1,35400.1506139545,-28.635011088801548,7.92084277160151,-142.932858306448,5,1,35348.8639738558,-79.92165118750563,7.91948025094677,-142.924219684394,14,35444.1052332942,15.319608250894817,7.92736076747728,-142.688921351657,1,35428.7856250433,248,15,1606923,0,5,100,local_search,14,35444.1052332942,15.319608250894817,7.92736076747728,-142.688921351657,-79.92165118750563,1
waveform,qam64_bw20_bo070,gain_mid_low,qam64_bw20_bo070,41,1,35889.6534420068,611.9287839034951,7.53084610344166,-135.365121803548,5,1,35714.5409874586,436.8163293552934,7.52456161977416,-135.363145495458,14,35277.7246581033,0.0,7.50052384316992,-135.225511404028,5,35277.7246581033,274,3,1673739,0,5,100,local_search,14,35277.7246581033,0.0,7.50052384316992,-135.225511404028,436.8163293552934,1
waveform,qam64_bw20_bo070,gain_mid_low,qam64_bw20_bo070,53,1,33361.4995235404,50.36165476399765,8.04827894195239,-138.172489786421,5,1,33350.3746413324,39.23677255599614,8.0481427383642,-138.170922732222,14,33315.7839171243,4.646048347902251,8.03767398198414,-138.315585701619,1,33311.1378687764,174,5,1062540,0,5,100,local_search,14,33315.7839171243,4.646048347902251,8.03767398198414,-138.315585701619,39.23677255599614,1
waveform,qam64_bw20_bo070,gain_mid_low,qam64_bw20_bo070,67,1,36860.8402296831,381.8830456789947,7.97151880874688,-142.99181843271,5,1,36674.4927935901,195.535609585997,7.965646838665,-142.984013494748,14,36478.9571840041,0.0,7.9628411173573,-142.74849470061,5,36478.9571840041,0,0,1510634,3,5,100,local_search,14,36478.9571840041,0.0,7.9628411173573,-142.74849470061,195.535609585997,1
waveform,qam64_bw20_bo070,memory_short,qam64_bw20_bo070,41,1,39533.6836502974,1062.2995256237991,7.6913973793545,-135.372908481026,5,1,39238.3099404219,766.9258157483055,7.68010466807336,-135.371024815612,14,38471.3841246736,0.0,7.64344981554535,-135.232151322739,5,38471.3841246736,154,26,1721515,0,5,100,local_search,14,38471.3841246736,0.0,7.64344981554535,-135.232151322739,766.9258157483055,1
waveform,qam64_bw20_bo070,memory_short,qam64_bw20_bo070,53,1,31909.2647502246,276.50939034199837,8.01504945477412,-138.172023841504,5,1,31748.1073801261,115.35202024349928,8.01112036195427,-138.170412800424,14,31632.7553598826,0.0,7.9966674649853,-138.309927820164,5,31632.7553598826,0,0,1068414,5,5,100,direct,1,31748.1073801261,115.35202024349928,8.01112036195427,-138.170412800424,115.35202024349928,0
waveform,qam64_bw20_bo070,memory_short,qam64_bw20_bo070,67,1,41234.3554047323,831.9248207363999,8.13098777729679,-143.133581285707,5,1,40900.0744883165,497.64390432060463,8.11910984297622,-143.127169725025,14,40402.4305839959,0.0,8.10152553516063,-142.890641296418,5,40402.4305839959,0,0,1518824,5,5,100,direct,1,40900.0744883165,497.64390432060463,8.11910984297622,-143.127169725025,497.64390432060463,0
waveform,qam64_bw20_bo070,noise_high,qam64_bw20_bo070,41,1,56555.8033585011,787.5610731311026,8.16186855347834,-135.624930431527,5,1,56393.6255012078,625.3832158378063,8.15317279191688,-135.622914667667,14,55768.24228537,0.0,8.08007343064255,-134.87662226233,5,55768.24228537,682,3,1801971,0,5,100,local_search,14,55768.24228537,0.0,8.08007343064255,-134.87662226233,625.3832158378063,1
waveform,qam64_bw20_bo070,noise_high,qam64_bw20_bo070,53,1,52711.0538770694,-491.1766317231013,8.53829324857256,-138.225509655766,5,1,52660.2375064364,-541.9930023560955,8.53660878406391,-138.224015499864,14,53202.2305087925,0.0,8.48109012374821,-139.05840022983,5,53202.2305087925,0,0,1097334,0,5,100,local_search,14,53202.2305087925,0.0,8.48109012374821,-139.05840022983,-541.9930023560955,1
waveform,qam64_bw20_bo070,noise_high,qam64_bw20_bo070,67,1,56894.7581471718,316.8280267986993,8.51709653498942,-143.761569738747,5,1,56717.7362210641,139.8061006909993,8.50873457682265,-143.756491951129,14,56577.9301203731,0.0,8.50585533037956,-142.364725089908,5,56577.9301203731,0,0,1522443,0,5,100,local_search,14,56577.9301203731,0.0,8.50585533037956,-142.364725089908,139.8061006909993,1
waveform,qam64_bw20_bo070,noise_mid,qam64_bw20_bo070,41,1,41738.1678840004,402.99074336780177,7.72903833100682,-135.45437590571,5,1,41519.5658531792,184.38871254659898,7.72015225040134,-135.452396799467,14,41335.1771406326,0.0,7.6968975475927,-135.154723607549,5,41335.1771406326,395,2,1679789,0,5,100,local_search,14,41335.1771406326,0.0,7.6968975475927,-135.154723607549,184.38871254659898,1
waveform,qam64_bw20_bo070,noise_mid,qam64_bw20_bo070,53,1,37036.5307862166,-38.41302176570025,8.13463063644117,-138.207966595157,5,1,36958.8225012757,-116.12130670659826,8.13260495292625,-138.206443447304,14,37074.9438079823,0.0,8.11133209920927,-138.532405283023,5,37074.9438079823,42,10,1066474,0,5,100,local_search,14,37074.9438079823,0.0,8.11133209920927,-138.532405283023,-116.12130670659826,1
waveform,qam64_bw20_bo070,noise_mid,qam64_bw20_bo070,67,1,42631.2566785073,534.7941490785961,8.13870835380392,-143.230881273855,5,1,42387.8397385799,291.3772091512001,8.12983125943123,-143.224065220759,14,42096.4625294287,0.0,8.12336443783807,-142.680774281922,5,42096.4625294287,0,0,1514984,5,5,100,direct,1,42387.8397385799,291.3772091512001,8.12983125943123,-143.224065220759,291.3772091512001,0
waveform,qam64_bw20_bo070,sat_early,qam64_bw20_bo070,41,1,37005.6761027732,636.4448747510978,7.58115502357349,-135.346203365066,5,1,36822.3220090328,453.0907810107019,7.57440063512816,-135.34417767451,14,36369.2312280221,0.0,7.54930186979927,-135.206388862648,5,36369.2312280221,162,27,1633943,0,5,100,local_search,14,36369.2312280221,0.0,7.54930186979927,-135.206388862648,453.0907810107019,1
waveform,qam64_bw20_bo070,sat_early,qam64_bw20_bo070,53,1,33834.3936486085,64.06432733080146,8.06224094460448,-138.171330934877,5,1,33804.11556263,33.78624135230348,8.06154065252701,-138.169765101767,14,33783.3167564686,12.987435190902033,8.05119373859963,-138.313862762337,1,33770.3293212777,0,0,1052095,5,5,100,direct,1,33804.11556263,33.78624135230348,8.06154065252701,-138.169765101767,33.78624135230348,0
waveform,qam64_bw20_bo070,sat_early,qam64_bw20_bo070,67,1,37621.1197368986,463.55450689650024,8.00002561248241,-143.012793629223,5,1,37424.874493841,267.3092638388989,7.99366990410277,-143.005292726088,14,37157.5652300021,0.0,7.98810929579214,-142.769332573404,5,37157.5652300021,0,0,1491557,5,5,100,direct,1,37424.874493841,267.3092638388989,7.99366990410277,-143.005292726088,267.3092638388989,0
waveform,qam64_bw20_bo070,sat_mid,qam64_bw20_bo070,41,1,38216.7610050491,818.4416226506,7.62594107600196,-135.378159577622,5,1,37997.6094441969,599.2900617984051,7.61772826159256,-135.376173530362,14,37398.3193823985,0.0,7.58674982571749,-135.238203102461,5,37398.3193823985,162,27,1610841,0,5,100,local_search,14,37398.3193823985,0.0,7.58674982571749,-135.238203102461,599.2900617984051,1
waveform,qam64_bw20_bo070,sat_mid,qam64_bw20_bo070,53,1,33857.0572331327,160.0054800450962,8.06241852095887,-138.192500643723,5,1,33787.1367389529,90.08498586529458,8.06071634106224,-138.190956255971,14,33697.0517530876,0.0,8.04878344970754,-138.331193036844,5,33697.0517530876,0,0,1061157,5,5,100,direct,1,33787.1367389529,90.08498586529458,8.06071634106224,-138.190956255971,90.08498586529458,0
waveform,qam64_bw20_bo070,sat_mid,qam64_bw20_bo070,67,1,39128.6706849547,580.3743208460946,8.05019763281949,-143.02763268567,5,1,38885.5344914252,337.23812731659564,8.04201957167726,-143.020355465236,14,38548.2963641086,0.0,8.03330541226162,-142.784773571829,5,38548.2963641086,0,0,1519245,5,5,100,direct,1,38885.5344914252,337.23812731659564,8.04201957167726,-143.020355465236,337.23812731659564,0
waveform,qam64_bw20_bo070,thermal_drift,qam64_bw20_bo070,41,1,68024.6694518745,485.2547932433081,9.43414611225833,-136.0505607655,5,1,67894.1348992209,354.7202405896969,9.42700742450571,-136.048790962668,14,67539.4146586312,0.0,9.39366646297468,-135.89728586118,5,67539.4146586312,358,3,1307767,0,5,100,local_search,14,67539.4146586312,0.0,9.39366646297468,-135.89728586118,354.7202405896969,1
waveform,qam64_bw20_bo070,thermal_drift,qam64_bw20_bo070,53,1,64837.5318198521,4.3169396832963685,9.69808884186743,-137.980688141285,5,1,64797.725269742,-35.489610426804575,9.69666015819598,-137.979031760843,14,64833.2148801688,0.0,9.68284689449962,-138.116947283493,5,64833.2148801688,0,0,1063375,5,5,100,direct,1,64797.725269742,-35.489610426804575,9.69666015819598,-137.979031760843,-35.489610426804575,0
waveform,qam64_bw20_bo070,thermal_drift,qam64_bw20_bo070,67,1,69494.1206951685,345.364200987402,9.79319768738594,-143.960030932197,5,1,69348.008171451,199.25167726990185,9.78587733463045,-143.951784066483,14,69148.7564941811,0.0,9.77685112030133,-143.698212994298,5,69148.7564941811,0,0,2143113,2,5,100,local_search,14,69148.7564941811,0.0,9.77685112030133,-143.698212994298,199.25167726990185,1
waveform,qam64_bw20_bo070,thermal_mild,qam64_bw20_bo070,41,1,48823.5171403659,681.3816048609951,8.1901079779795,-135.642312803572,5,1,48638.9821052931,496.8465697881984,8.18183777306242,-135.6404212641,14,48142.1355355049,0.0,8.14838562359422,-135.497298965374,5,48142.1355355049,360,2,1628665,0,5,100,local_search,14,48142.1355355049,0.0,8.14838562359422,-135.497298965374,496.8465697881984,1
waveform,qam64_bw20_bo070,thermal_mild,qam64_bw20_bo070,53,1,44641.5592983767,104.75941803889873,8.54110792950812,-138.10920564098,5,1,44578.9343117263,42.13443138849834,8.53923883840062,-138.107618670586,14,44536.7998803378,0.0,8.52540894311404,-138.243421742229,5,44536.7998803378,22,24,1066346,1,5,100,local_search,14,44536.7998803378,0.0,8.52540894311404,-138.243421742229,42.13443138849834,1
waveform,qam64_bw20_bo070,thermal_mild,qam64_bw20_bo070,67,1,50053.0456125723,494.18285425529757,8.589550666152,-143.404067347955,5,1,49846.453755759,287.5909974419992,8.5811294704139,-143.396416447813,14,49558.862758317,0.0,8.57100626149986,-143.150543254469,5,49558.862758317,106,163,1592202,3,5,100,local_search,14,49558.862758317,0.0,8.57100626149986,-143.150543254469,287.5909974419992,1
waveform,qam64_bw40_bo058,baseline,qam64_bw40_bo058,41,1,31633.4779970398,-1.7130163840993191,5.09261393764723,-150.294585776713,5,1,31639.5334394504,4.342426026498288,5.0929306352352,-150.295073993559,14,31639.9433193189,4.752305894999154,5.08986853401545,-150.285688660027,3,31635.1910134239,56,23,1543574,4,5,100,local_search,14,31639.9433193189,4.752305894999154,5.08986853401545,-150.285688660027,4.342426026498288,1
waveform,qam64_bw40_bo058,baseline,qam64_bw40_bo058,53,1,32205.7776346789,116.3957537671995,5.78574678839397,-148.157882034571,5,1,32222.9561908298,133.57430991809815,5.78629053754324,-148.158153272957,14,32116.9658969012,27.584015989501495,5.78230858023099,-148.09375835716,2,32089.3818809117,174,32,1111441,0,5,100,local_search,14,32116.9658969012,27.584015989501495,5.78230858023099,-148.09375835716,133.57430991809815,1
waveform,qam64_bw40_bo058,baseline,qam64_bw40_bo058,67,1,30780.4467070693,-57.91189006189961,5.64682326170484,-151.464447590421,5,1,30786.762250554,-51.596346577200165,5.64717624915402,-151.461337968188,14,30850.9438258064,12.585228675201506,5.63782578977337,-151.491971894831,2,30838.3585971312,95,31,1083557,2,5,100,local_search,14,30850.9438258064,12.585228675201506,5.63782578977337,-151.491971894831,-51.596346577200165,1
waveform,qam64_bw40_bo058,combined_stress,qam64_bw40_bo058,41,1,77482.7682621234,278.9058770249976,8.08677832530118,-150.594169122289,5,1,77538.6983716124,334.8359865139937,8.09065582345006,-150.595427186256,14,77340.1530705996,136.290685501197,8.06966179360839,-150.600008561845,2,77203.8623850984,39,2,1581079,0,5,100,local_search,14,77340.1530705996,136.290685501197,8.06966179360839,-150.600008561845,334.8359865139937,1
waveform,qam64_bw40_bo058,combined_stress,qam64_bw40_bo058,53,1,77939.903881673,199.82419325130468,8.48571670621182,-148.383455625074,5,1,78013.5023681443,273.42267972260015,8.49053645572493,-148.383880258548,14,77921.1729779049,181.09328948320763,8.45007153425713,-148.005151678969,2,77740.0796884217,0,0,1124473,0,5,100,local_search,14,77921.1729779049,181.09328948320763,8.45007153425713,-148.005151678969,273.42267972260015,1
waveform,qam64_bw40_bo058,combined_stress,qam64_bw40_bo058,67,1,75289.8378981895,-262.7720967651112,8.31418570348076,-150.899551205661,5,1,75338.7409536583,-213.8690412963042,8.31756341708126,-150.896271582414,14,75669.0788720257,116.46887707109272,8.27088754136248,-151.108004744325,2,75552.6099949546,0,0,1079666,0,5,100,local_search,14,75669.0788720257,116.46887707109272,8.27088754136248,-151.108004744325,-213.8690412963042,1
waveform,qam64_bw40_bo058,gain_high,qam64_bw40_bo058,41,1,31810.4513580722,57.539082164999854,5.10093692609472,-150.286169554066,5,1,31783.997092584,31.084816676797345,5.0998094979723,-150.286632214256,14,31752.9122759072,0.0,5.09525932658176,-150.275009356786,5,31752.9122759072,311,2,1558177,0,5,100,local_search,14,31752.9122759072,0.0,5.09525932658176,-150.275009356786,31.084816676797345,1
waveform,qam64_bw40_bo058,gain_high,qam64_bw40_bo058,53,1,32258.9505337441,106.13019160210024,5.79057692124866,-148.152367884522,5,1,32238.3078059427,85.4874638006986,5.78963956846264,-148.152594369462,14,32152.820342142,0.0,5.78559675073188,-148.088545472885,5,32152.820342142,261,4,1117395,0,5,100,local_search,14,32152.820342142,0.0,5.78559675073188,-148.088545472885,85.4874638006986,1
waveform,qam64_bw40_bo058,gain_high,qam64_bw40_bo058,67,1,30900.8934036639,-2.338579923398356,5.65080989026571,-151.485080175825,5,1,30878.5832116642,-24.64877192309723,5.6499909246097,-151.482042801481,14,30903.2319835873,0.0,5.63913685267945,-151.508766204895,5,30903.2319835873,232,6,1093664,0,5,100,local_search,14,30903.2319835873,0.0,5.63913685267945,-151.508766204895,-24.64877192309723,1
waveform,qam64_bw40_bo058,gain_low,qam64_bw40_bo058,41,1,33481.7861235887,220.03772684230353,5.17450495615587,-150.317105891738,5,1,33604.8742432284,343.12584648199845,5.18024535137501,-150.317655056247,14,33572.3005998964,310.5522031500004,5.17629212019596,-150.307512012214,2,33261.7483967464,0,0,1507645,0,5,100,local_search,14,33572.3005998964,310.5522031500004,5.17629212019596,-150.307512012214,343.12584648199845,1
waveform,qam64_bw40_bo058,gain_low,qam64_bw40_bo058,53,1,34804.6597158073,570.7876447460003,5.88035683776873,-148.170448633231,5,1,34954.5770557781,720.7049847168018,5.88648558762427,-148.17084747053,14,34603.5500643633,369.6779933020007,5.87452132989357,-148.105470437631,2,34233.8720710613,255,10,1103677,0,5,100,local_search,14,34603.5500643633,369.6779933020007,5.87452132989357,-148.105470437631,720.7049847168018,1
waveform,qam64_bw40_bo058,gain_low,qam64_bw40_bo058,67,1,32467.4242725506,243.25441533679987,5.71921586366467,-151.400192250283,5,1,32575.9669900542,351.79713284039826,5.72393327705195,-151.396837448261,14,32491.8613387374,267.69148152359776,5.70860354803864,-151.430917259843,2,32224.1698572138,79,7,1080085,0,5,100,local_search,14,32491.8613387374,267.69148152359776,5.70860354803864,-151.430917259843,351.79713284039826,1
waveform,qam64_bw40_bo058,gain_mid_low,qam64_bw40_bo058,41,1,31992.7547946444,91.19241019299807,5.10789283738044,-150.305056365454,5,1,32049.6559369545,148.09355250309818,5.11048444219738,-150.305574248544,14,32035.3347014906,133.77231703919824,5.10703324497097,-150.295850127468,2,31901.5623844514,129,2,1562230,0,5,100,local_search,14,32035.3347014906,133.77231703919824,5.10703324497097,-150.295850127468,148.09355250309818,1
waveform,qam64_bw40_bo058,gain_mid_low,qam64_bw40_bo058,53,1,32833.6663049492,328.1595515989975,5.80623567257324,-148.163902363731,5,1,32909.3166432852,403.8098899350007,5.80911683874074,-148.164231246658,14,32671.910027105,166.40327375480047,5.80101783618089,-148.098386100578,2,32505.5067533502,89,5,1107691,2,5,100,local_search,14,32671.910027105,166.40327375480047,5.80101783618089,-148.098386100578,403.8098899350007,1
waveform,qam64_bw40_bo058,gain_mid_low,qam64_bw40_bo058,67,1,31137.0430087182,57.50296626659838,5.66252373225124,-151.43583170405,5,1,31187.7115857823,108.17154333069993,5.664707915274,-151.43261498576,14,31195.3895738192,115.84953136759941,5.65308182225585,-151.466764520293,2,31079.5400424516,0,0,1084210,5,5,100,direct,1,31187.7115857823,108.17154333069993,5.664707915274,-151.43261498576,108.17154333069993,0
waveform,qam64_bw40_bo058,memory_short,qam64_bw40_bo058,41,1,27925.9684782546,80.93519459190065,4.906556733399,-150.239611585264,5,1,27883.6213573589,38.58807369620263,4.90486780511249,-150.240058023177,14,27845.0332836627,0.0,4.90108967905043,-150.229497887958,5,27845.0332836627,92,51,1555494,3,5,100,local_search,14,27845.0332836627,0.0,4.90108967905043,-150.229497887958,38.58807369620263,1
waveform,qam64_bw40_bo058,memory_short,qam64_bw40_bo058,53,1,28339.7848942995,133.7803557754014,5.62161583572193,-148.170136911979,5,1,28303.7483182863,97.74377976220057,5.62015952726969,-148.170358830144,14,28206.0045385241,0.0,5.61647960002332,-148.106704680749,5,28206.0045385241,157,36,1098217,0,5,100,local_search,14,28206.0045385241,0.0,5.61647960002332,-148.106704680749,97.74377976220057,1
waveform,qam64_bw40_bo058,memory_short,qam64_bw40_bo058,67,1,26880.3845742425,19.892895888799103,5.47725780409399,-151.487446007902,5,1,26845.9457467984,-14.54593155530165,5.47610267947379,-151.484406929476,14,26860.4916783537,0.0,5.46602165706034,-151.509763582281,5,26860.4916783537,81,26,1086174,3,5,100,local_search,14,26860.4916783537,0.0,5.46602165706034,-151.509763582281,-14.54593155530165,1
waveform,qam64_bw40_bo058,noise_high,qam64_bw40_bo058,41,1,51607.7577994766,437.7212736714064,5.7396687008077,-150.296321959701,5,1,51611.4131294885,441.376603683304,5.73994388474663,-150.297147031457,14,51172.2123073886,2.1757815834062058,5.69620080408748,-150.281323409541,3,51170.0365258052,99,1,1507999,0,5,100,local_search,14,51172.2123073886,2.1757815834062058,5.69620080408748,-150.281323409541,441.376603683304,1
waveform,qam64_bw40_bo058,noise_high,qam64_bw40_bo058,53,1,51924.8804766913,611.7836842083998,6.37566238467177,-148.323100771028,5,1,51937.8919694198,624.7951769368956,6.37633935490524,-148.323349722449,14,51327.5707575488,14.473965065895754,6.31323785238979,-147.962774596054,2,51313.0967924829,360,2,1130424,0,5,100,local_search,14,51327.5707575488,14.473965065895754,6.31323785238979,-147.962774596054,624.7951769368956,1
waveform,qam64_bw40_bo058,noise_high,qam64_bw40_bo058,67,1,50075.3060536145,-265.60113534559787,6.2478877482478,-151.330180449843,5,1,50078.7806574077,-262.1265315523997,6.24814151829653,-151.327088293927,14,50348.9756027422,8.068413782100833,6.17350365381989,-151.5133422616,4,50340.9071889601,0,0,1090152,5,5,100,direct,1,50078.7806574077,-262.1265315523997,6.24814151829653,-151.327088293927,-262.1265315523997,1
waveform,qam64_bw40_bo058,noise_mid,qam64_bw40_bo058,41,1,34921.7062616893,66.47513681660348,5.18036805401524,-150.301513222261,5,1,34927.1798255248,71.94870065210125,5.18067757143694,-150.302091418712,14,34864.184486901,8.953362028303673,5.1709094171486,-150.286733190764,2,34855.2311248727,38,1,1573759,2,5,100,local_search,14,34864.184486901,8.953362028303673,5.1709094171486,-150.286733190764,71.94870065210125,1
waveform,qam64_bw40_bo058,noise_mid,qam64_bw40_bo058,53,1,35449.8918541278,261.59227207500226,5.86424027577452,-148.201243176859,5,1,35466.4379558696,278.1383738168006,5.86483062059796,-148.201509447705,14,35212.365934626,24.066352573201584,5.85117269010691,-148.058656070936,2,35188.2995820528,243,4,1113408,0,5,100,local_search,14,35212.365934626,24.066352573201584,5.85117269010691,-148.058656070936,278.1383738168006,1
waveform,qam64_bw40_bo058,noise_mid,qam64_bw40_bo058,67,1,33895.0890511111,-134.5338869854022,5.73056574343626,-151.43705439978,5,1,33900.68215404,-128.94078405650362,5.73089460450709,-151.433945416016,14,34040.6251274655,11.002189368999097,5.70705497516768,-151.504061119818,2,34029.6229380965,95,31,1081946,2,5,100,local_search,14,34040.6251274655,11.002189368999097,5.70705497516768,-151.504061119818,-128.94078405650362,1
waveform,qam64_bw40_bo058,sat_early,qam64_bw40_bo058,41,1,31941.302111675,55.698336867699254,5.1053544893275,-150.291578869468,5,1,31978.0371273696,92.43335256230057,5.10704942782968,-150.292063102088,14,31966.0504419934,80.44666718610097,5.10353811292554,-150.282527995168,2,31885.6037748073,46,9,1553254,2,5,100,local_search,14,31966.0504419934,80.44666718610097,5.10353811292554,-150.282527995168,92.43335256230057,1
waveform,qam64_bw40_bo058,sat_early,qam64_bw40_bo058,53,1,32604.4110255591,203.3925326671997,5.79911073029061,-148.150281423049,5,1,32659.1095591005,258.09106620859893,5.8011265331221,-148.150568848528,14,32485.0866060331,84.06811314119841,5.79478678080756,-148.085966014812,4,32401.0184928919,141,30,1110240,0,5,100,local_search,14,32485.0866060331,84.06811314119841,5.79478678080756,-148.085966014812,258.09106620859893,1
waveform,qam64_bw40_bo058,sat_early,qam64_bw40_bo058,67,1,31049.9787751388,21.895852122997894,5.65737743056356,-151.455900742468,5,1,31081.5001731906,53.41725017479985,5.65877297442808,-151.45271253375,14,31093.3728212354,65.2898982195984,5.64707238028155,-151.486921472265,2,31028.0829230158,81,26,1085333,3,5,100,local_search,14,31093.3728212354,65.2898982195984,5.64707238028155,-151.486921472265,53.41725017479985,1
waveform,qam64_bw40_bo058,sat_mid,qam64_bw40_bo058,41,1,31693.4178500229,13.530628206899564,5.09506516608268,-150.293633666896,5,1,31708.647971919,28.760750102999737,5.09579079659174,-150.294120069638,14,31705.1073636254,25.220141809400957,5.09258642723113,-150.28468963332,2,31679.887221816,56,23,1546569,4,5,100,local_search,14,31705.1073636254,25.220141809400957,5.09258642723113,-150.28468963332,28.760750102999737,1
waveform,qam64_bw40_bo058,sat_mid,qam64_bw40_bo058,53,1,32285.0486973475,136.14476465890039,5.78829486361409,-148.155462510353,5,1,32313.4395441799,164.53561149129746,5.78927379919193,-148.155736977615,14,32205.0053165195,56.10138383089725,5.78520314523367,-148.091340087262,2,32148.9039326886,157,36,1111854,0,5,100,local_search,14,32205.0053165195,56.10138383089725,5.78520314523367,-148.091340087262,164.53561149129746,1
waveform,qam64_bw40_bo058,sat_mid,qam64_bw40_bo058,67,1,30836.5199353642,-44.54636226540242,5.64902421081968,-151.461880363015,5,1,30850.3539885108,-30.712309118800476,5.64968665588164,-151.45874701019,14,30912.6280837532,31.561786123598722,5.64022160542069,-151.489446539135,2,30881.0662976296,81,26,1083950,3,5,100,local_search,14,30912.6280837532,31.561786123598722,5.64022160542069,-151.489446539135,-30.712309118800476,1
waveform,qam64_bw40_bo058,thermal_drift,qam64_bw40_bo058,41,1,65055.162067467,-34.067427245703584,7.58824295791022,-150.603974968998,5,1,65057.8895036799,-31.339991032800754,7.58842393273142,-150.604780656274,14,65092.4128336587,3.183338946000731,7.58911787081844,-150.597070130112,4,65089.2294947127,20,25,1462664,5,5,100,direct,1,65057.8895036799,-31.339991032800754,7.58842393273142,-150.604780656274,-31.339991032800754,1
waveform,qam64_bw40_bo058,thermal_drift,qam64_bw40_bo058,53,1,65285.8241043336,-37.23752745529782,7.99767013031051,-148.200146674184,5,1,65295.932160189,-27.1294715999029,7.99820079207526,-148.200453644826,14,65342.2381998226,19.17656803369755,7.99672609019234,-148.133512381814,2,65323.0616317889,174,32,1100240,0,5,100,local_search,14,65342.2381998226,19.17656803369755,7.99672609019234,-148.133512381814,-27.1294715999029,1
waveform,qam64_bw40_bo058,thermal_drift,qam64_bw40_bo058,67,1,63116.2561813147,-58.72286656120559,7.83176332754955,-151.083808526247,5,1,63119.0025631993,-55.97648467660474,7.83200174032792,-151.080774603521,14,63184.7640776116,9.785029735699936,7.82729507066633,-151.115344030805,2,63174.9790478759,66,27,1083501,4,5,100,local_search,14,63184.7640776116,9.785029735699936,7.82729507066633,-151.115344030805,-55.97648467660474,1
waveform,qam64_bw40_bo058,thermal_mild,qam64_bw40_bo058,41,1,43483.0694509984,-19.97675855580019,5.88720199343952,-150.42463460392,5,1,43487.2877431084,-15.758466445804515,5.88745763823139,-150.425251193252,14,43505.9281724476,2.881962893399759,5.88621041232047,-150.414335050894,4,43503.0462095542,46,9,1553769,2,5,100,local_search,14,43505.9281724476,2.881962893399759,5.88621041232047,-150.414335050894,-15.758466445804515,1
waveform,qam64_bw40_bo058,thermal_mild,qam64_bw40_bo058,53,1,43942.1804464926,35.13494685780461,6.4634080686122,-148.180465199003,5,1,43955.7548056952,48.709306060402014,6.4639654250521,-148.180751083782,14,43929.8052418858,22.759742251000716,6.46069503536515,-148.115243591905,2,43907.0454996348,174,32,1104922,0,5,100,local_search,14,43929.8052418858,22.759742251000716,6.46069503536515,-148.115243591905,48.709306060402014,1
waveform,qam64_bw40_bo058,thermal_mild,qam64_bw40_bo058,67,1,42168.5339556278,-62.18460884490196,6.31605137922965,-151.310252159194,5,1,42173.0094161985,-57.709148274196195,6.31636594217865,-151.307173086591,14,42242.3645492469,11.64598477420077,6.30910189590208,-151.33964156242,2,42230.7185644727,81,26,1082588,3,5,100,local_search,14,42242.3645492469,11.64598477420077,6.30910189590208,-151.33964156242,-57.709148274196195,1
waveform,qam64_bw40_bo070,baseline,qam64_bw40_bo070,41,1,38436.4421595295,431.1943238433014,5.41232619268048,-150.229242875502,5,1,38251.4068408638,246.1590051776002,5.40288871661004,-150.230467487296,14,38005.7108213192,0.4629856329993345,5.38572627158451,-150.220252589675,1,38005.2478356862,8,15,1631273,5,5,100,direct,1,38251.4068408638,246.1590051776002,5.40288871661004,-150.230467487296,246.1590051776002,0
waveform,qam64_bw40_bo070,baseline,qam64_bw40_bo070,53,1,33984.8406290392,352.47904496909905,5.85211178558196,-148.119722472655,5,1,33831.5453969846,199.18381291449623,5.84563359728879,-148.120559027132,14,33632.3615840701,0.0,5.8333116077774,-148.057985288895,5,33632.3615840701,20,39,1114395,5,5,100,direct,1,33831.5453969846,199.18381291449623,5.84563359728879,-148.120559027132,199.18381291449623,0
waveform,qam64_bw40_bo070,baseline,qam64_bw40_bo070,67,1,31874.8293912379,234.79390106040228,5.678554133048,-151.538698342573,5,1,31773.8381989511,133.8027087736009,5.6746634792389,-151.535253648877,14,31640.0354901775,0.0,5.65737265960379,-151.559865568527,5,31640.0354901775,0,0,1096962,5,5,100,direct,1,31773.8381989511,133.8027087736009,5.6746634792389,-151.535253648877,133.8027087736009,0
waveform,qam64_bw40_bo070,combined_stress,qam64_bw40_bo070,41,1,77100.1797885782,77.96163690929825,8.05761246380969,-150.496234281562,5,1,77067.1185271535,44.90037548460532,8.05528227731136,-150.497999432073,14,77025.129527313,2.9113756440929137,8.03527815312648,-150.51274544697,1,77022.2181516689,195,3,1652771,0,5,100,local_search,14,77025.129527313,2.9113756440929137,8.03527815312648,-150.51274544697,44.90037548460532,1
waveform,qam64_bw40_bo070,combined_stress,qam64_bw40_bo070,53,1,77397.056427463,46.999758305508294,8.43603341869508,-148.33989247775,5,1,77446.8834131681,96.82674401061377,8.43928223764399,-148.340917689808,14,77476.9106010244,126.85393186690635,8.3957527244117,-147.965370937581,2,77350.0566691575,87,3,1131730,0,5,100,local_search,14,77476.9106010244,126.85393186690635,8.3957527244117,-147.965370937581,96.82674401061377,1
waveform,qam64_bw40_bo070,combined_stress,qam64_bw40_bo070,67,1,75109.4880325785,-221.75640713029134,8.2968108577717,-150.948051514306,5,1,75151.6377764906,-179.60666321819008,8.29991142286514,-150.944368749131,14,75447.2910503476,116.04661063880485,8.25060681739047,-151.155665371771,2,75331.2444397088,0,0,1090799,0,5,100,local_search,14,75447.2910503476,116.04661063880485,8.25060681739047,-151.155665371771,-179.60666321819008,1
waveform,qam64_bw40_bo070,gain_high,qam64_bw40_bo070,41,1,40796.8838066925,515.3176971807043,5.53567177331073,-150.220251505603,5,1,40593.6798179715,312.1137084596994,5.52490564278918,-150.221464592211,14,40281.5661095118,0.0,5.50390346924252,-150.211768060408,5,40281.5661095118,36,4,1631379,4,5,100,local_search,14,40281.5661095118,0.0,5.50390346924252,-150.211768060408,312.1137084596994,1
waveform,qam64_bw40_bo070,gain_high,qam64_bw40_bo070,53,1,35738.8816511392,458.1183739190019,5.93082893245007,-148.113036146118,5,1,35536.468119111,255.70484189080162,5.92202327707798,-148.113824802587,14,35280.7632772202,0.0,5.9059967653752,-148.051459047315,5,35280.7632772202,91,14,1130843,2,5,100,local_search,14,35280.7632772202,0.0,5.9059967653752,-148.051459047315,255.70484189080162,1
waveform,qam64_bw40_bo070,gain_high,qam64_bw40_bo070,67,1,33183.8185050752,367.3261415461966,5.73084595088411,-151.565022208872,5,1,33039.8016362736,223.30927274459827,5.72495168591757,-151.561652177691,14,32816.492363529,0.0,5.7035207235298,-151.586321424562,5,32816.492363529,0,0,1105060,5,5,100,direct,1,33039.8016362736,223.30927274459827,5.72495168591757,-151.561652177691,223.30927274459827,0
waveform,qam64_bw40_bo070,gain_low,qam64_bw40_bo070,41,1,32994.9670883515,159.98372168849892,5.14296576437622,-150.251409177085,5,1,32907.0657346329,72.0823679699024,5.13894705365871,-150.252664068231,14,32840.9236552798,5.940288616802718,5.13094038304784,-150.242184372063,1,32834.983366663,13,16,1648663,0,5,100,local_search,14,32840.9236552798,5.940288616802718,5.13094038304784,-150.242184372063,72.0823679699024,1
waveform,qam64_bw40_bo070,gain_low,qam64_bw40_bo070,53,1,33624.107368684,385.20890529490134,5.81148667518652,-148.12888254883,5,1,33711.4921791621,472.59371577300044,5.81485672799343,-148.129866225913,14,33444.3430945794,205.44463119030115,5.80429023158117,-148.064904334401,2,33238.8984633891,344,6,1117034,0,5,100,local_search,14,33444.3430945794,205.44463119030115,5.80429023158117,-148.064904334401,472.59371577300044,1
waveform,qam64_bw40_bo070,gain_low,qam64_bw40_bo070,67,1,31916.5432056136,209.8834617122011,5.68872750766767,-151.454089005858,5,1,32006.4699634397,299.81021953829986,5.69285732107542,-151.450373970868,14,31918.7379172521,212.07817335069922,5.67665649915444,-151.486409070091,2,31706.6597439014,80,5,1091234,1,5,100,local_search,14,31918.7379172521,212.07817335069922,5.67665649915444,-151.486409070091,299.81021953829986,1
waveform,qam64_bw40_bo070,gain_mid_low,qam64_bw40_bo070,41,1,35462.909379838,281.47404136649857,5.26307570272186,-150.239784389495,5,1,35313.4775503714,132.04221189989767,5.25585752309986,-150.241023515423,14,35184.5471955676,3.111857096097083,5.24469543800248,-150.231100415315,1,35181.4353384715,13,1,1634944,3,5,100,local_search,14,35184.5471955676,3.111857096097083,5.24469543800248,-150.231100415315,132.04221189989767,1
waveform,qam64_bw40_bo070,gain_mid_low,qam64_bw40_bo070,53,1,32615.6417346576,139.84899481980028,5.78691861766297,-148.124858438451,5,1,32558.7868926799,82.99415284209681,5.78444828515302,-148.12576022018,14,32475.7927398378,0.0,5.77855373892738,-148.062738559216,5,32475.7927398378,228,5,1121098,0,5,100,local_search,14,32475.7927398378,0.0,5.77855373892738,-148.062738559216,82.99415284209681,1
waveform,qam64_bw40_bo070,gain_mid_low,qam64_bw40_bo070,67,1,30978.0460136804,5.003493957399769,5.64595414922083,-151.501265899812,5,1,30955.7331914398,-17.309328283201467,5.64539358378443,-151.497704609967,14,30975.9392524762,2.896732753200922,5.63473073564122,-151.522294122306,1,30973.042519723,0,0,1095444,4,5,100,local_search,14,30975.9392524762,2.896732753200922,5.63473073564122,-151.522294122306,-17.309328283201467,1
waveform,qam64_bw40_bo070,memory_short,qam64_bw40_bo070,41,1,39009.5076710984,560.6040375683006,5.42391099073967,-150.176285019536,5,1,38782.8930143871,333.98938085699774,5.41216280572443,-150.17749093129,14,38449.0906776136,0.18704408350458834,5.39120627632678,-150.168926082316,1,38448.9036335301,42,2,1633074,4,5,100,local_search,14,38449.0906776136,0.18704408350458834,5.39120627632678,-150.168926082316,333.98938085699774,1
waveform,qam64_bw40_bo070,memory_short,qam64_bw40_bo070,53,1,33403.4468293074,509.5614108939044,5.82030306166191,-148.133849513879,5,1,33159.4037794452,265.51836103170353,5.81018247405195,-148.134620593607,14,32893.8854184135,0.0,5.79453303608119,-148.071911631968,5,32893.8854184135,103,4,1141360,1,5,100,local_search,14,32893.8854184135,0.0,5.79453303608119,-148.071911631968,265.51836103170353,1
waveform,qam64_bw40_bo070,memory_short,qam64_bw40_bo070,67,1,30273.5082250466,454.7589675312993,5.59434560646874,-151.571426580441,5,1,30093.6213710392,274.8721135238993,5.58736736596376,-151.568104274656,14,29818.7492575153,0.0,5.56553662912837,-151.591406749688,5,29818.7492575153,0,0,1106097,5,5,100,direct,1,30093.6213710392,274.8721135238993,5.58736736596376,-151.568104274656,274.8721135238993,0
waveform,qam64_bw40_bo070,noise_high,qam64_bw40_bo070,41,1,56004.0014018386,448.4585055710995,6.02780133756704,-150.209592856251,5,1,55877.5098309943,321.9669347267991,6.01928659894906,-150.211068298548,14,55556.9506623986,1.4077661311021075,5.97186399958618,-150.203110987023,1,55555.5428962675,438,2,1672805,0,5,100,local_search,14,55556.9506623986,1.4077661311021075,5.97186399958618,-150.203110987023,321.9669347267991,1
waveform,qam64_bw40_bo070,noise_high,qam64_bw40_bo070,53,1,52875.1708098826,455.3054169160969,6.42937356514583,-148.283608289341,5,1,52780.2663831018,360.40099013529834,6.42364414040773,-148.284457382387,14,52419.8653929665,0.0,6.35444575935337,-147.928303076001,5,52419.8653929665,604,5,1143050,0,5,100,local_search,14,52419.8653929665,0.0,6.35444575935337,-147.928303076001,360.40099013529834,1
waveform,qam64_bw40_bo070,noise_high,qam64_bw40_bo070,67,1,50787.4236069579,-14.06591782720352,6.27839517962314,-151.403952452942,5,1,50721.368698178,-80.12082660710439,6.2747041747198,-151.400521221227,14,50801.4895247851,0.0,6.18744056072092,-151.580184342375,5,50801.4895247851,0,0,1101492,5,5,100,direct,1,50721.368698178,-80.12082660710439,6.2747041747198,-151.400521221227,-80.12082660710439,1
waveform,qam64_bw40_bo070,noise_mid,qam64_bw40_bo070,41,1,41177.1070584617,296.3226460576989,5.49578362960736,-150.230341591298,5,1,41004.4639825092,123.67957010520331,5.48647670318069,-150.231635558719,14,40882.6672759013,1.8828634973033331,5.46890427885349,-150.216437404351,1,40880.784412404,42,4,1738065,4,5,100,local_search,14,40882.6672759013,1.8828634973033331,5.46890427885349,-150.216437404351,123.67957010520331,1
waveform,qam64_bw40_bo070,noise_mid,qam64_bw40_bo070,53,1,37008.5649144472,377.6003285050974,5.92781401277458,-148.162703696049,5,1,36869.0943767358,238.12979079369688,5.92146666226524,-148.163544328736,14,36630.9645859421,0.0,5.89919028405912,-148.023595416394,5,36630.9645859421,250,4,1126866,0,5,100,local_search,14,36630.9645859421,0.0,5.89919028405912,-148.023595416394,238.12979079369688,1
waveform,qam64_bw40_bo070,noise_mid,qam64_bw40_bo070,67,1,34905.0860696731,158.0141251498062,5.7623526225639,-151.511188428545,5,1,34811.7753304502,64.7033859268995,5.75846792155109,-151.507746974709,14,34747.0719445233,0.0,5.72532347687068,-151.571647336469,5,34747.0719445233,0,0,1101427,5,5,100,direct,1,34811.7753304502,64.7033859268995,5.75846792155109,-151.507746974709,64.7033859268995,1
waveform,qam64_bw40_bo070,sat_early,qam64_bw40_bo070,41,1,36700.1139846923,298.4566655748058,5.32212826825801,-150.223253785635,5,1,36540.5402682639,138.88294914640574,5.31425070641043,-150.224487253338,14,36403.727816251,2.0704971334998845,5.30259178088106,-150.214396138904,1,36401.6573191175,42,4,1648451,4,5,100,local_search,14,36403.727816251,2.0704971334998845,5.30259178088106,-150.214396138904,138.88294914640574,1
waveform,qam64_bw40_bo070,sat_early,qam64_bw40_bo070,53,1,33215.539587053,184.53025446480024,5.81341147311792,-148.103170603556,5,1,33143.4699927189,112.46066013070231,5.81026127023249,-148.104081671296,14,33031.0093325882,0.0,5.80237190104266,-148.042081976968,5,33031.0093325882,81,41,1111821,2,5,100,local_search,14,33031.0093325882,0.0,5.80237190104266,-148.042081976968,112.46066013070231,1
waveform,qam64_bw40_bo070,sat_early,qam64_bw40_bo070,67,1,31663.6623749206,96.14035061059985,5.67019905309545,-151.521053880057,5,1,31623.2003786766,55.678354366598796,5.66885620207292,-151.517489268442,14,31567.52202431,0.0,5.6546646822784,-151.542320205394,5,31567.52202431,0,0,1092926,5,5,100,direct,1,31623.2003786766,55.678354366598796,5.66885620207292,-151.517489268442,55.678354366598796,1
waveform,qam64_bw40_bo070,sat_mid,qam64_bw40_bo070,41,1,37827.7342260231,342.0430972471004,5.38084086943831,-150.227312621259,5,1,37650.0839007475,164.39277197149931,5.37187727019465,-150.228539687935,14,37485.691128776,0.0,5.35870008231449,-150.219001029188,5,37485.691128776,24,20,1629574,5,5,100,direct,1,37650.0839007475,164.39277197149931,5.37187727019465,-150.228539687935,164.39277197149931,0
waveform,qam64_bw40_bo070,sat_mid,qam64_bw40_bo070,53,1,33589.41870774,306.89121659079683,5.8340417137462,-148.114155429366,5,1,33459.9406065532,177.41311540400056,5.82856618256765,-148.115011272428,14,33282.5274911492,0.0,5.81726961117134,-148.052454366939,5,33282.5274911492,40,49,1113394,4,5,100,local_search,14,33282.5274911492,0.0,5.81726961117134,-148.052454366939,177.41311540400056,1
waveform,qam64_bw40_bo070,sat_mid,qam64_bw40_bo070,67,1,31708.7430460121,193.9048562060998,5.67214160430371,-151.53335309248,5,1,31625.9096990036,111.0715091976017,5.66902652587287,-151.529871843682,14,31514.838189806,0.0,5.65263871832909,-151.554557673636,5,31514.838189806,0,0,1094828,5,5,100,direct,1,31625.9096990036,111.0715091976017,5.66902652587287,-151.529871843682,111.0715091976017,0
waveform,qam64_bw40_bo070,thermal_drift,qam64_bw40_bo070,41,1,68572.109827184,141.38182939970284,7.80450893986862,-150.524478463277,5,1,68469.8011365998,39.07313881549635,7.79798976417986,-150.525955095067,14,68432.2476780682,1.5196802839054726,7.79282571845611,-150.522026691537,1,68430.7279977843,1,2,1616932,5,5,100,direct,1,68469.8011365998,39.07313881549635,7.79798976417986,-150.525955095067,39.07313881549635,1
waveform,qam64_bw40_bo070,thermal_drift,qam64_bw40_bo070,53,1,66139.488574566,78.07502776669571,8.04218807314268,-148.161700947595,5,1,66064.3162333282,2.9026865288906265,8.03769685433219,-148.162540975986,14,66061.4135467993,0.0,8.0303011161778,-148.097279306339,5,66061.4135467993,0,0,1126836,5,5,100,direct,1,66064.3162333282,2.9026865288906265,8.03769685433219,-148.162540975986,2.9026865288906265,0
waveform,qam64_bw40_bo070,thermal_drift,qam64_bw40_bo070,67,1,63563.970212958,81.077212610493,7.84901827337382,-151.156360105895,5,1,63513.3798719624,30.486871614899428,7.84620067531515,-151.152956271376,14,63482.8930003475,0.0,7.83606673433652,-151.181622008748,5,63482.8930003475,0,0,1100561,5,5,100,direct,1,63513.3798719624,30.486871614899428,7.84620067531515,-151.152956271376,30.486871614899428,1
waveform,qam64_bw40_bo070,thermal_mild,qam64_bw40_bo070,41,1,48627.6197587839,233.36658091790014,6.16529533159917,-150.353436947036,5,1,48482.258161112,88.00498324599903,6.1570175089451,-150.354767073089,14,48396.0432703289,1.790092462899338,6.1482355572184,-150.347296751921,1,48394.253177866,1,2,1623917,5,5,100,direct,1,48482.258161112,88.00498324599903,6.1570175089451,-150.354767073089,88.00498324599903,1
waveform,qam64_bw40_bo070,thermal_mild,qam64_bw40_bo070,53,1,45232.9673579615,204.88074178109673,6.521025162025,-148.142161151013,5,1,45120.1978078463,92.11119166589924,6.51532028040626,-148.142999041832,14,45028.0866161804,0.0,6.50490485373151,-148.079318409923,5,45028.0866161804,20,39,1119186,5,5,100,direct,1,45120.1978078463,92.11119166589924,6.51532028040626,-148.142999041832,92.11119166589924,1
waveform,qam64_bw40_bo070,thermal_mild,qam64_bw40_bo070,67,1,42914.0997620311,150.21628771610267,6.34134222323546,-151.383751268819,5,1,42839.283832633,75.40035831800196,6.33786253111735,-151.380326241261,14,42763.883474315,0.0,6.32365449412923,-151.40681536414,5,42763.883474315,0,0,1098177,5,5,100,direct,1,42839.283832633,75.40035831800196,6.33786253111735,-151.380326241261,75.40035831800196,1
