Copyright 1986-2022 Xilinx, Inc. All Rights Reserved. Copyright 2022-2024 Advanced Micro Devices, Inc. All Rights Reserved.
----------------------------------------------------------------------------------------------------------------------------------------------------------
| Tool Version      : Vivado v.2024.1 (win64) Build 5076996 Wed May 22 18:37:14 MDT 2024
| Date              : Mon Sep 21 12:06:40 2026
| Host              : LAPTOP-KNBVGAN8 running 64-bit major release  (build 9200)
| Command           : report_timing -max_paths 20 -file E:/workspace/chip/dsm_ip/syn/out/tid32_thermo3_axis_frontend_20260921_104738/timing_max_paths.rpt
| Design            : tid32_thermo3_axis_frontend_tx_ooc
| Device            : xczu15eg-ffvb1156
| Speed File        : -2  PRODUCTION 1.30 05-15-2022
| Design State      : Routed
| Temperature Grade : I
----------------------------------------------------------------------------------------------------------------------------------------------------------

Timing Report

Slack (MET) :             0.290ns  (required time - arrival time)
  Source:                 u_dut/u_frontend/u_memory_dpd/g_lane[1].u_dpd/r4_full_s2[0]__1/DSP_A_B_DATA_INST/CLK
                            (rising edge-triggered cell DSP_A_B_DATA clocked by core_clk  {rise@0.000ns fall@2.286ns period=4.571ns})
  Destination:            u_dut/u_frontend/u_memory_dpd/g_lane[1].u_dpd/p_204_out__0/DSP_A_B_DATA_INST/B[17]
                            (rising edge-triggered cell DSP_A_B_DATA clocked by core_clk  {rise@0.000ns fall@2.286ns period=4.571ns})
  Path Group:             core_clk
  Path Type:              Setup (Max at Slow Process Corner)
  Requirement:            4.571ns  (core_clk rise@4.571ns - core_clk rise@0.000ns)
  Data Path Delay:        3.966ns  (logic 2.730ns (68.843%)  route 1.236ns (31.157%))
  Logic Levels:           10  (CARRY8=2 DSP_ALU=2 DSP_M_DATA=1 DSP_MULTIPLIER=1 DSP_OUTPUT=2 DSP_PREADD_DATA=1 LUT2=1)
  Clock Path Skew:        -0.017ns (DCD - SCD + CPR)
    Destination Clock Delay (DCD):    0.043ns = ( 4.614 - 4.571 ) 
    Source Clock Delay      (SCD):    0.060ns
    Clock Pessimism Removal (CPR):    0.000ns
  Clock Uncertainty:      0.035ns  ((TSJ^2 + TIJ^2)^1/2 + DJ) / 2 + PE
    Total System Jitter     (TSJ):    0.071ns
    Total Input Jitter      (TIJ):    0.000ns
    Discrete Jitter          (DJ):    0.000ns
    Phase Error              (PE):    0.000ns

    Location             Delay type                Incr(ns)  Path(ns)    Netlist Resource(s)
  -------------------------------------------------------------------    -------------------
                         (clock core_clk rise edge)
                                                      0.000     0.000 r  
                                                      0.000     0.000 r  clk218 (IN)
                         net (fo=103766, unset)       0.060     0.060    u_dut/u_frontend/u_memory_dpd/g_lane[1].u_dpd/r4_full_s2[0]__1/CLK
    DSP48E2_X22Y48       DSP_A_B_DATA                                 r  u_dut/u_frontend/u_memory_dpd/g_lane[1].u_dpd/r4_full_s2[0]__1/DSP_A_B_DATA_INST/CLK
  -------------------------------------------------------------------    -------------------
    DSP48E2_X22Y48       DSP_A_B_DATA (Prop_DSP_A_B_DATA_DSP48E2_CLK_B2_DATA[17])
                                                      0.212     0.272 r  u_dut/u_frontend/u_memory_dpd/g_lane[1].u_dpd/r4_full_s2[0]__1/DSP_A_B_DATA_INST/B2_DATA[17]
                         net (fo=1, routed)           0.000     0.272    u_dut/u_frontend/u_memory_dpd/g_lane[1].u_dpd/r4_full_s2[0]__1/DSP_A_B_DATA.B2_DATA<17>
    DSP48E2_X22Y48       DSP_PREADD_DATA (Prop_DSP_PREADD_DATA_DSP48E2_B2_DATA[17]_B2B1[17])
                                                      0.073     0.345 r  u_dut/u_frontend/u_memory_dpd/g_lane[1].u_dpd/r4_full_s2[0]__1/DSP_PREADD_DATA_INST/B2B1[17]
                         net (fo=1, routed)           0.000     0.345    u_dut/u_frontend/u_memory_dpd/g_lane[1].u_dpd/r4_full_s2[0]__1/DSP_PREADD_DATA.B2B1<17>
    DSP48E2_X22Y48       DSP_MULTIPLIER (Prop_DSP_MULTIPLIER_DSP48E2_B2B1[17]_V[43])
                                                      0.609     0.954 f  u_dut/u_frontend/u_memory_dpd/g_lane[1].u_dpd/r4_full_s2[0]__1/DSP_MULTIPLIER_INST/V[43]
                         net (fo=1, routed)           0.000     0.954    u_dut/u_frontend/u_memory_dpd/g_lane[1].u_dpd/r4_full_s2[0]__1/DSP_MULTIPLIER.V<43>
    DSP48E2_X22Y48       DSP_M_DATA (Prop_DSP_M_DATA_DSP48E2_V[43]_V_DATA[43])
                                                      0.046     1.000 r  u_dut/u_frontend/u_memory_dpd/g_lane[1].u_dpd/r4_full_s2[0]__1/DSP_M_DATA_INST/V_DATA[43]
                         net (fo=1, routed)           0.000     1.000    u_dut/u_frontend/u_memory_dpd/g_lane[1].u_dpd/r4_full_s2[0]__1/DSP_M_DATA.V_DATA<43>
    DSP48E2_X22Y48       DSP_ALU (Prop_DSP_ALU_DSP48E2_V_DATA[43]_ALU_OUT[47])
                                                      0.571     1.571 f  u_dut/u_frontend/u_memory_dpd/g_lane[1].u_dpd/r4_full_s2[0]__1/DSP_ALU_INST/ALU_OUT[47]
                         net (fo=1, routed)           0.000     1.571    u_dut/u_frontend/u_memory_dpd/g_lane[1].u_dpd/r4_full_s2[0]__1/DSP_ALU.ALU_OUT<47>
    DSP48E2_X22Y48       DSP_OUTPUT (Prop_DSP_OUTPUT_DSP48E2_ALU_OUT[47]_PCOUT[47])
                                                      0.122     1.693 r  u_dut/u_frontend/u_memory_dpd/g_lane[1].u_dpd/r4_full_s2[0]__1/DSP_OUTPUT_INST/PCOUT[47]
                         net (fo=1, routed)           0.014     1.707    u_dut/u_frontend/u_memory_dpd/g_lane[1].u_dpd/r4_full_s2[0]__2/PCIN[47]
    DSP48E2_X22Y49       DSP_ALU (Prop_DSP_ALU_DSP48E2_PCIN[47]_ALU_OUT[16])
                                                      0.546     2.253 f  u_dut/u_frontend/u_memory_dpd/g_lane[1].u_dpd/r4_full_s2[0]__2/DSP_ALU_INST/ALU_OUT[16]
                         net (fo=1, routed)           0.000     2.253    u_dut/u_frontend/u_memory_dpd/g_lane[1].u_dpd/r4_full_s2[0]__2/DSP_ALU.ALU_OUT<16>
    DSP48E2_X22Y49       DSP_OUTPUT (Prop_DSP_OUTPUT_DSP48E2_ALU_OUT[16]_P[16])
                                                      0.109     2.362 r  u_dut/u_frontend/u_memory_dpd/g_lane[1].u_dpd/r4_full_s2[0]__2/DSP_OUTPUT_INST/P[16]
                         net (fo=2, routed)           0.694     3.056    u_dut/u_frontend/u_memory_dpd/g_lane[1].u_dpd/r4_full_s2[0]__2_n_89
    SLICE_X93Y122        LUT2 (Prop_B6LUT_SLICEM_I0_O)
                                                      0.149     3.205 r  u_dut/u_frontend/u_memory_dpd/g_lane[1].u_dpd/p_204_out__0_i_16/O
                         net (fo=1, routed)           0.016     3.221    u_dut/u_frontend/u_memory_dpd/g_lane[1].u_dpd/p_204_out__0_i_16_n_0
    SLICE_X93Y122        CARRY8 (Prop_CARRY8_SLICEM_S[1]_CO[7])
                                                      0.190     3.411 r  u_dut/u_frontend/u_memory_dpd/g_lane[1].u_dpd/p_204_out__0_i_2/CO[7]
                         net (fo=1, routed)           0.026     3.437    u_dut/u_frontend/u_memory_dpd/g_lane[1].u_dpd/p_204_out__0_i_2_n_0
    SLICE_X93Y123        CARRY8 (Prop_CARRY8_SLICEM_CI_O[6])
                                                      0.103     3.540 r  u_dut/u_frontend/u_memory_dpd/g_lane[1].u_dpd/p_204_out__0_i_1/O[6]
                         net (fo=8, routed)           0.486     4.026    u_dut/u_frontend/u_memory_dpd/g_lane[1].u_dpd/p_204_out__0/B[17]
    DSP48E2_X17Y51       DSP_A_B_DATA                                 r  u_dut/u_frontend/u_memory_dpd/g_lane[1].u_dpd/p_204_out__0/DSP_A_B_DATA_INST/B[17]
  -------------------------------------------------------------------    -------------------

                         (clock core_clk rise edge)
                                                      4.571     4.571 r  
                                                      0.000     4.571 r  clk218 (IN)
                         net (fo=103766, unset)       0.043     4.614    u_dut/u_frontend/u_memory_dpd/g_lane[1].u_dpd/p_204_out__0/CLK
    DSP48E2_X17Y51       DSP_A_B_DATA                                 r  u_dut/u_frontend/u_memory_dpd/g_lane[1].u_dpd/p_204_out__0/DSP_A_B_DATA_INST/CLK
                         clock pessimism              0.000     4.614    
                         clock uncertainty           -0.035     4.579    
    DSP48E2_X17Y51       DSP_A_B_DATA (Setup_DSP_A_B_DATA_DSP48E2_CLK_B[17])
                                                     -0.263     4.316    u_dut/u_frontend/u_memory_dpd/g_lane[1].u_dpd/p_204_out__0/DSP_A_B_DATA_INST
  -------------------------------------------------------------------
                         required time                          4.316    
                         arrival time                          -4.026    
  -------------------------------------------------------------------
                         slack                                  0.290    

Slack (MET) :             0.293ns  (required time - arrival time)
  Source:                 u_dut/u_frontend/u_memory_dpd/g_lane[1].u_dpd/r4_full_s2[0]__1/DSP_A_B_DATA_INST/CLK
                            (rising edge-triggered cell DSP_A_B_DATA clocked by core_clk  {rise@0.000ns fall@2.286ns period=4.571ns})
  Destination:            u_dut/u_frontend/u_memory_dpd/g_lane[1].u_dpd/p_204_out/DSP_A_B_DATA_INST/A[14]
                            (rising edge-triggered cell DSP_A_B_DATA clocked by core_clk  {rise@0.000ns fall@2.286ns period=4.571ns})
  Path Group:             core_clk
  Path Type:              Setup (Max at Slow Process Corner)
  Requirement:            4.571ns  (core_clk rise@4.571ns - core_clk rise@0.000ns)
  Data Path Delay:        3.962ns  (logic 2.616ns (66.035%)  route 1.346ns (33.965%))
  Logic Levels:           10  (CARRY8=2 DSP_ALU=2 DSP_M_DATA=1 DSP_MULTIPLIER=1 DSP_OUTPUT=2 DSP_PREADD_DATA=1 LUT2=1)
  Clock Path Skew:        -0.017ns (DCD - SCD + CPR)
    Destination Clock Delay (DCD):    0.043ns = ( 4.614 - 4.571 ) 
    Source Clock Delay      (SCD):    0.060ns
    Clock Pessimism Removal (CPR):    0.000ns
  Clock Uncertainty:      0.035ns  ((TSJ^2 + TIJ^2)^1/2 + DJ) / 2 + PE
    Total System Jitter     (TSJ):    0.071ns
    Total Input Jitter      (TIJ):    0.000ns
    Discrete Jitter          (DJ):    0.000ns
    Phase Error              (PE):    0.000ns

    Location             Delay type                Incr(ns)  Path(ns)    Netlist Resource(s)
  -------------------------------------------------------------------    -------------------
                         (clock core_clk rise edge)
                                                      0.000     0.000 r  
                                                      0.000     0.000 r  clk218 (IN)
                         net (fo=103766, unset)       0.060     0.060    u_dut/u_frontend/u_memory_dpd/g_lane[1].u_dpd/r4_full_s2[0]__1/CLK
    DSP48E2_X22Y48       DSP_A_B_DATA                                 r  u_dut/u_frontend/u_memory_dpd/g_lane[1].u_dpd/r4_full_s2[0]__1/DSP_A_B_DATA_INST/CLK
  -------------------------------------------------------------------    -------------------
    DSP48E2_X22Y48       DSP_A_B_DATA (Prop_DSP_A_B_DATA_DSP48E2_CLK_B2_DATA[17])
                                                      0.212     0.272 r  u_dut/u_frontend/u_memory_dpd/g_lane[1].u_dpd/r4_full_s2[0]__1/DSP_A_B_DATA_INST/B2_DATA[17]
                         net (fo=1, routed)           0.000     0.272    u_dut/u_frontend/u_memory_dpd/g_lane[1].u_dpd/r4_full_s2[0]__1/DSP_A_B_DATA.B2_DATA<17>
    DSP48E2_X22Y48       DSP_PREADD_DATA (Prop_DSP_PREADD_DATA_DSP48E2_B2_DATA[17]_B2B1[17])
                                                      0.073     0.345 r  u_dut/u_frontend/u_memory_dpd/g_lane[1].u_dpd/r4_full_s2[0]__1/DSP_PREADD_DATA_INST/B2B1[17]
                         net (fo=1, routed)           0.000     0.345    u_dut/u_frontend/u_memory_dpd/g_lane[1].u_dpd/r4_full_s2[0]__1/DSP_PREADD_DATA.B2B1<17>
    DSP48E2_X22Y48       DSP_MULTIPLIER (Prop_DSP_MULTIPLIER_DSP48E2_B2B1[17]_V[43])
                                                      0.609     0.954 f  u_dut/u_frontend/u_memory_dpd/g_lane[1].u_dpd/r4_full_s2[0]__1/DSP_MULTIPLIER_INST/V[43]
                         net (fo=1, routed)           0.000     0.954    u_dut/u_frontend/u_memory_dpd/g_lane[1].u_dpd/r4_full_s2[0]__1/DSP_MULTIPLIER.V<43>
    DSP48E2_X22Y48       DSP_M_DATA (Prop_DSP_M_DATA_DSP48E2_V[43]_V_DATA[43])
                                                      0.046     1.000 r  u_dut/u_frontend/u_memory_dpd/g_lane[1].u_dpd/r4_full_s2[0]__1/DSP_M_DATA_INST/V_DATA[43]
                         net (fo=1, routed)           0.000     1.000    u_dut/u_frontend/u_memory_dpd/g_lane[1].u_dpd/r4_full_s2[0]__1/DSP_M_DATA.V_DATA<43>
    DSP48E2_X22Y48       DSP_ALU (Prop_DSP_ALU_DSP48E2_V_DATA[43]_ALU_OUT[47])
                                                      0.571     1.571 f  u_dut/u_frontend/u_memory_dpd/g_lane[1].u_dpd/r4_full_s2[0]__1/DSP_ALU_INST/ALU_OUT[47]
                         net (fo=1, routed)           0.000     1.571    u_dut/u_frontend/u_memory_dpd/g_lane[1].u_dpd/r4_full_s2[0]__1/DSP_ALU.ALU_OUT<47>
    DSP48E2_X22Y48       DSP_OUTPUT (Prop_DSP_OUTPUT_DSP48E2_ALU_OUT[47]_PCOUT[47])
                                                      0.122     1.693 r  u_dut/u_frontend/u_memory_dpd/g_lane[1].u_dpd/r4_full_s2[0]__1/DSP_OUTPUT_INST/PCOUT[47]
                         net (fo=1, routed)           0.014     1.707    u_dut/u_frontend/u_memory_dpd/g_lane[1].u_dpd/r4_full_s2[0]__2/PCIN[47]
    DSP48E2_X22Y49       DSP_ALU (Prop_DSP_ALU_DSP48E2_PCIN[47]_ALU_OUT[1])
                                                      0.546     2.253 f  u_dut/u_frontend/u_memory_dpd/g_lane[1].u_dpd/r4_full_s2[0]__2/DSP_ALU_INST/ALU_OUT[1]
                         net (fo=1, routed)           0.000     2.253    u_dut/u_frontend/u_memory_dpd/g_lane[1].u_dpd/r4_full_s2[0]__2/DSP_ALU.ALU_OUT<1>
    DSP48E2_X22Y49       DSP_OUTPUT (Prop_DSP_OUTPUT_DSP48E2_ALU_OUT[1]_P[1])
                                                      0.109     2.362 r  u_dut/u_frontend/u_memory_dpd/g_lane[1].u_dpd/r4_full_s2[0]__2/DSP_OUTPUT_INST/P[1]
                         net (fo=2, routed)           0.721     3.083    u_dut/u_frontend/u_memory_dpd/g_lane[1].u_dpd/r4_full_s2[0]__2_n_104
    SLICE_X93Y120        LUT2 (Prop_C6LUT_SLICEM_I0_O)
                                                      0.051     3.134 r  u_dut/u_frontend/u_memory_dpd/g_lane[1].u_dpd/p_204_out_i_16/O
                         net (fo=1, routed)           0.021     3.155    u_dut/u_frontend/u_memory_dpd/g_lane[1].u_dpd/p_204_out_i_16_n_0
    SLICE_X93Y120        CARRY8 (Prop_CARRY8_SLICEM_S[2]_CO[7])
                                                      0.161     3.316 r  u_dut/u_frontend/u_memory_dpd/g_lane[1].u_dpd/p_204_out_i_2/CO[7]
                         net (fo=1, routed)           0.026     3.342    u_dut/u_frontend/u_memory_dpd/g_lane[1].u_dpd/p_204_out_i_2_n_0
    SLICE_X93Y121        CARRY8 (Prop_CARRY8_SLICEM_CI_O[5])
                                                      0.116     3.458 r  u_dut/u_frontend/u_memory_dpd/g_lane[1].u_dpd/p_204_out_i_1/O[5]
                         net (fo=2, routed)           0.564     4.022    u_dut/u_frontend/u_memory_dpd/g_lane[1].u_dpd/p_204_out/A[14]
    DSP48E2_X17Y50       DSP_A_B_DATA                                 r  u_dut/u_frontend/u_memory_dpd/g_lane[1].u_dpd/p_204_out/DSP_A_B_DATA_INST/A[14]
  -------------------------------------------------------------------    -------------------

                         (clock core_clk rise edge)
                                                      4.571     4.571 r  
                                                      0.000     4.571 r  clk218 (IN)
                         net (fo=103766, unset)       0.043     4.614    u_dut/u_frontend/u_memory_dpd/g_lane[1].u_dpd/p_204_out/CLK
    DSP48E2_X17Y50       DSP_A_B_DATA                                 r  u_dut/u_frontend/u_memory_dpd/g_lane[1].u_dpd/p_204_out/DSP_A_B_DATA_INST/CLK
                         clock pessimism              0.000     4.614    
                         clock uncertainty           -0.035     4.579    
    DSP48E2_X17Y50       DSP_A_B_DATA (Setup_DSP_A_B_DATA_DSP48E2_CLK_A[14])
                                                     -0.264     4.315    u_dut/u_frontend/u_memory_dpd/g_lane[1].u_dpd/p_204_out/DSP_A_B_DATA_INST
  -------------------------------------------------------------------
                         required time                          4.315    
                         arrival time                          -4.022    
  -------------------------------------------------------------------
                         slack                                  0.293    

Slack (MET) :             0.304ns  (required time - arrival time)
  Source:                 u_dut/u_frontend/u_memory_dpd/g_lane[1].u_dpd/r4_full_s2[0]__1/DSP_A_B_DATA_INST/CLK
                            (rising edge-triggered cell DSP_A_B_DATA clocked by core_clk  {rise@0.000ns fall@2.286ns period=4.571ns})
  Destination:            u_dut/u_frontend/u_memory_dpd/g_lane[1].u_dpd/p_204_out__0/DSP_A_B_DATA_INST/B[9]
                            (rising edge-triggered cell DSP_A_B_DATA clocked by core_clk  {rise@0.000ns fall@2.286ns period=4.571ns})
  Path Group:             core_clk
  Path Type:              Setup (Max at Slow Process Corner)
  Requirement:            4.571ns  (core_clk rise@4.571ns - core_clk rise@0.000ns)
  Data Path Delay:        3.923ns  (logic 2.703ns (68.903%)  route 1.220ns (31.097%))
  Logic Levels:           10  (CARRY8=2 DSP_ALU=2 DSP_M_DATA=1 DSP_MULTIPLIER=1 DSP_OUTPUT=2 DSP_PREADD_DATA=1 LUT2=1)
  Clock Path Skew:        -0.017ns (DCD - SCD + CPR)
    Destination Clock Delay (DCD):    0.043ns = ( 4.614 - 4.571 ) 
    Source Clock Delay      (SCD):    0.060ns
    Clock Pessimism Removal (CPR):    0.000ns
  Clock Uncertainty:      0.035ns  ((TSJ^2 + TIJ^2)^1/2 + DJ) / 2 + PE
    Total System Jitter     (TSJ):    0.071ns
    Total Input Jitter      (TIJ):    0.000ns
    Discrete Jitter          (DJ):    0.000ns
    Phase Error              (PE):    0.000ns

    Location             Delay type                Incr(ns)  Path(ns)    Netlist Resource(s)
  -------------------------------------------------------------------    -------------------
                         (clock core_clk rise edge)
                                                      0.000     0.000 r  
                                                      0.000     0.000 r  clk218 (IN)
                         net (fo=103766, unset)       0.060     0.060    u_dut/u_frontend/u_memory_dpd/g_lane[1].u_dpd/r4_full_s2[0]__1/CLK
    DSP48E2_X22Y48       DSP_A_B_DATA                                 r  u_dut/u_frontend/u_memory_dpd/g_lane[1].u_dpd/r4_full_s2[0]__1/DSP_A_B_DATA_INST/CLK
  -------------------------------------------------------------------    -------------------
    DSP48E2_X22Y48       DSP_A_B_DATA (Prop_DSP_A_B_DATA_DSP48E2_CLK_B2_DATA[17])
                                                      0.212     0.272 r  u_dut/u_frontend/u_memory_dpd/g_lane[1].u_dpd/r4_full_s2[0]__1/DSP_A_B_DATA_INST/B2_DATA[17]
                         net (fo=1, routed)           0.000     0.272    u_dut/u_frontend/u_memory_dpd/g_lane[1].u_dpd/r4_full_s2[0]__1/DSP_A_B_DATA.B2_DATA<17>
    DSP48E2_X22Y48       DSP_PREADD_DATA (Prop_DSP_PREADD_DATA_DSP48E2_B2_DATA[17]_B2B1[17])
                                                      0.073     0.345 r  u_dut/u_frontend/u_memory_dpd/g_lane[1].u_dpd/r4_full_s2[0]__1/DSP_PREADD_DATA_INST/B2B1[17]
                         net (fo=1, routed)           0.000     0.345    u_dut/u_frontend/u_memory_dpd/g_lane[1].u_dpd/r4_full_s2[0]__1/DSP_PREADD_DATA.B2B1<17>
    DSP48E2_X22Y48       DSP_MULTIPLIER (Prop_DSP_MULTIPLIER_DSP48E2_B2B1[17]_V[43])
                                                      0.609     0.954 f  u_dut/u_frontend/u_memory_dpd/g_lane[1].u_dpd/r4_full_s2[0]__1/DSP_MULTIPLIER_INST/V[43]
                         net (fo=1, routed)           0.000     0.954    u_dut/u_frontend/u_memory_dpd/g_lane[1].u_dpd/r4_full_s2[0]__1/DSP_MULTIPLIER.V<43>
    DSP48E2_X22Y48       DSP_M_DATA (Prop_DSP_M_DATA_DSP48E2_V[43]_V_DATA[43])
                                                      0.046     1.000 r  u_dut/u_frontend/u_memory_dpd/g_lane[1].u_dpd/r4_full_s2[0]__1/DSP_M_DATA_INST/V_DATA[43]
                         net (fo=1, routed)           0.000     1.000    u_dut/u_frontend/u_memory_dpd/g_lane[1].u_dpd/r4_full_s2[0]__1/DSP_M_DATA.V_DATA<43>
    DSP48E2_X22Y48       DSP_ALU (Prop_DSP_ALU_DSP48E2_V_DATA[43]_ALU_OUT[47])
                                                      0.571     1.571 f  u_dut/u_frontend/u_memory_dpd/g_lane[1].u_dpd/r4_full_s2[0]__1/DSP_ALU_INST/ALU_OUT[47]
                         net (fo=1, routed)           0.000     1.571    u_dut/u_frontend/u_memory_dpd/g_lane[1].u_dpd/r4_full_s2[0]__1/DSP_ALU.ALU_OUT<47>
    DSP48E2_X22Y48       DSP_OUTPUT (Prop_DSP_OUTPUT_DSP48E2_ALU_OUT[47]_PCOUT[47])
                                                      0.122     1.693 r  u_dut/u_frontend/u_memory_dpd/g_lane[1].u_dpd/r4_full_s2[0]__1/DSP_OUTPUT_INST/PCOUT[47]
                         net (fo=1, routed)           0.014     1.707    u_dut/u_frontend/u_memory_dpd/g_lane[1].u_dpd/r4_full_s2[0]__2/PCIN[47]
    DSP48E2_X22Y49       DSP_ALU (Prop_DSP_ALU_DSP48E2_PCIN[47]_ALU_OUT[16])
                                                      0.546     2.253 f  u_dut/u_frontend/u_memory_dpd/g_lane[1].u_dpd/r4_full_s2[0]__2/DSP_ALU_INST/ALU_OUT[16]
                         net (fo=1, routed)           0.000     2.253    u_dut/u_frontend/u_memory_dpd/g_lane[1].u_dpd/r4_full_s2[0]__2/DSP_ALU.ALU_OUT<16>
    DSP48E2_X22Y49       DSP_OUTPUT (Prop_DSP_OUTPUT_DSP48E2_ALU_OUT[16]_P[16])
                                                      0.109     2.362 r  u_dut/u_frontend/u_memory_dpd/g_lane[1].u_dpd/r4_full_s2[0]__2/DSP_OUTPUT_INST/P[16]
                         net (fo=2, routed)           0.694     3.056    u_dut/u_frontend/u_memory_dpd/g_lane[1].u_dpd/r4_full_s2[0]__2_n_89
    SLICE_X93Y122        LUT2 (Prop_B6LUT_SLICEM_I0_O)
                                                      0.149     3.205 r  u_dut/u_frontend/u_memory_dpd/g_lane[1].u_dpd/p_204_out__0_i_16/O
                         net (fo=1, routed)           0.016     3.221    u_dut/u_frontend/u_memory_dpd/g_lane[1].u_dpd/p_204_out__0_i_16_n_0
    SLICE_X93Y122        CARRY8 (Prop_CARRY8_SLICEM_S[1]_CO[7])
                                                      0.190     3.411 r  u_dut/u_frontend/u_memory_dpd/g_lane[1].u_dpd/p_204_out__0_i_2/CO[7]
                         net (fo=1, routed)           0.026     3.437    u_dut/u_frontend/u_memory_dpd/g_lane[1].u_dpd/p_204_out__0_i_2_n_0
    SLICE_X93Y123        CARRY8 (Prop_CARRY8_SLICEM_CI_O[1])
                                                      0.076     3.513 r  u_dut/u_frontend/u_memory_dpd/g_lane[1].u_dpd/p_204_out__0_i_1/O[1]
                         net (fo=2, routed)           0.470     3.983    u_dut/u_frontend/u_memory_dpd/g_lane[1].u_dpd/p_204_out__0/B[9]
    DSP48E2_X17Y51       DSP_A_B_DATA                                 r  u_dut/u_frontend/u_memory_dpd/g_lane[1].u_dpd/p_204_out__0/DSP_A_B_DATA_INST/B[9]
  -------------------------------------------------------------------    -------------------

                         (clock core_clk rise edge)
                                                      4.571     4.571 r  
                                                      0.000     4.571 r  clk218 (IN)
                         net (fo=103766, unset)       0.043     4.614    u_dut/u_frontend/u_memory_dpd/g_lane[1].u_dpd/p_204_out__0/CLK
    DSP48E2_X17Y51       DSP_A_B_DATA                                 r  u_dut/u_frontend/u_memory_dpd/g_lane[1].u_dpd/p_204_out__0/DSP_A_B_DATA_INST/CLK
                         clock pessimism              0.000     4.614    
                         clock uncertainty           -0.035     4.579    
    DSP48E2_X17Y51       DSP_A_B_DATA (Setup_DSP_A_B_DATA_DSP48E2_CLK_B[9])
                                                     -0.292     4.287    u_dut/u_frontend/u_memory_dpd/g_lane[1].u_dpd/p_204_out__0/DSP_A_B_DATA_INST
  -------------------------------------------------------------------
                         required time                          4.287    
                         arrival time                          -3.983    
  -------------------------------------------------------------------
                         slack                                  0.304    

Slack (MET) :             0.306ns  (required time - arrival time)
  Source:                 u_dut/u_frontend/u_memory_dpd/g_lane[1].u_dpd/r4_full_s2[0]__1/DSP_A_B_DATA_INST/CLK
                            (rising edge-triggered cell DSP_A_B_DATA clocked by core_clk  {rise@0.000ns fall@2.286ns period=4.571ns})
  Destination:            u_dut/u_frontend/u_memory_dpd/g_lane[1].u_dpd/p_205_out__0/DSP_A_B_DATA_INST/B[13]
                            (rising edge-triggered cell DSP_A_B_DATA clocked by core_clk  {rise@0.000ns fall@2.286ns period=4.571ns})
  Path Group:             core_clk
  Path Type:              Setup (Max at Slow Process Corner)
  Requirement:            4.571ns  (core_clk rise@4.571ns - core_clk rise@0.000ns)
  Data Path Delay:        3.960ns  (logic 2.743ns (69.274%)  route 1.217ns (30.726%))
  Logic Levels:           10  (CARRY8=2 DSP_ALU=2 DSP_M_DATA=1 DSP_MULTIPLIER=1 DSP_OUTPUT=2 DSP_PREADD_DATA=1 LUT2=1)
  Clock Path Skew:        -0.017ns (DCD - SCD + CPR)
    Destination Clock Delay (DCD):    0.043ns = ( 4.614 - 4.571 ) 
    Source Clock Delay      (SCD):    0.060ns
    Clock Pessimism Removal (CPR):    0.000ns
  Clock Uncertainty:      0.035ns  ((TSJ^2 + TIJ^2)^1/2 + DJ) / 2 + PE
    Total System Jitter     (TSJ):    0.071ns
    Total Input Jitter      (TIJ):    0.000ns
    Discrete Jitter          (DJ):    0.000ns
    Phase Error              (PE):    0.000ns

    Location             Delay type                Incr(ns)  Path(ns)    Netlist Resource(s)
  -------------------------------------------------------------------    -------------------
                         (clock core_clk rise edge)
                                                      0.000     0.000 r  
                                                      0.000     0.000 r  clk218 (IN)
                         net (fo=103766, unset)       0.060     0.060    u_dut/u_frontend/u_memory_dpd/g_lane[1].u_dpd/r4_full_s2[0]__1/CLK
    DSP48E2_X22Y48       DSP_A_B_DATA                                 r  u_dut/u_frontend/u_memory_dpd/g_lane[1].u_dpd/r4_full_s2[0]__1/DSP_A_B_DATA_INST/CLK
  -------------------------------------------------------------------    -------------------
    DSP48E2_X22Y48       DSP_A_B_DATA (Prop_DSP_A_B_DATA_DSP48E2_CLK_B2_DATA[17])
                                                      0.212     0.272 r  u_dut/u_frontend/u_memory_dpd/g_lane[1].u_dpd/r4_full_s2[0]__1/DSP_A_B_DATA_INST/B2_DATA[17]
                         net (fo=1, routed)           0.000     0.272    u_dut/u_frontend/u_memory_dpd/g_lane[1].u_dpd/r4_full_s2[0]__1/DSP_A_B_DATA.B2_DATA<17>
    DSP48E2_X22Y48       DSP_PREADD_DATA (Prop_DSP_PREADD_DATA_DSP48E2_B2_DATA[17]_B2B1[17])
                                                      0.073     0.345 r  u_dut/u_frontend/u_memory_dpd/g_lane[1].u_dpd/r4_full_s2[0]__1/DSP_PREADD_DATA_INST/B2B1[17]
                         net (fo=1, routed)           0.000     0.345    u_dut/u_frontend/u_memory_dpd/g_lane[1].u_dpd/r4_full_s2[0]__1/DSP_PREADD_DATA.B2B1<17>
    DSP48E2_X22Y48       DSP_MULTIPLIER (Prop_DSP_MULTIPLIER_DSP48E2_B2B1[17]_V[43])
                                                      0.609     0.954 f  u_dut/u_frontend/u_memory_dpd/g_lane[1].u_dpd/r4_full_s2[0]__1/DSP_MULTIPLIER_INST/V[43]
                         net (fo=1, routed)           0.000     0.954    u_dut/u_frontend/u_memory_dpd/g_lane[1].u_dpd/r4_full_s2[0]__1/DSP_MULTIPLIER.V<43>
    DSP48E2_X22Y48       DSP_M_DATA (Prop_DSP_M_DATA_DSP48E2_V[43]_V_DATA[43])
                                                      0.046     1.000 r  u_dut/u_frontend/u_memory_dpd/g_lane[1].u_dpd/r4_full_s2[0]__1/DSP_M_DATA_INST/V_DATA[43]
                         net (fo=1, routed)           0.000     1.000    u_dut/u_frontend/u_memory_dpd/g_lane[1].u_dpd/r4_full_s2[0]__1/DSP_M_DATA.V_DATA<43>
    DSP48E2_X22Y48       DSP_ALU (Prop_DSP_ALU_DSP48E2_V_DATA[43]_ALU_OUT[47])
                                                      0.571     1.571 f  u_dut/u_frontend/u_memory_dpd/g_lane[1].u_dpd/r4_full_s2[0]__1/DSP_ALU_INST/ALU_OUT[47]
                         net (fo=1, routed)           0.000     1.571    u_dut/u_frontend/u_memory_dpd/g_lane[1].u_dpd/r4_full_s2[0]__1/DSP_ALU.ALU_OUT<47>
    DSP48E2_X22Y48       DSP_OUTPUT (Prop_DSP_OUTPUT_DSP48E2_ALU_OUT[47]_PCOUT[47])
                                                      0.122     1.693 r  u_dut/u_frontend/u_memory_dpd/g_lane[1].u_dpd/r4_full_s2[0]__1/DSP_OUTPUT_INST/PCOUT[47]
                         net (fo=1, routed)           0.014     1.707    u_dut/u_frontend/u_memory_dpd/g_lane[1].u_dpd/r4_full_s2[0]__2/PCIN[47]
    DSP48E2_X22Y49       DSP_ALU (Prop_DSP_ALU_DSP48E2_PCIN[47]_ALU_OUT[16])
                                                      0.546     2.253 f  u_dut/u_frontend/u_memory_dpd/g_lane[1].u_dpd/r4_full_s2[0]__2/DSP_ALU_INST/ALU_OUT[16]
                         net (fo=1, routed)           0.000     2.253    u_dut/u_frontend/u_memory_dpd/g_lane[1].u_dpd/r4_full_s2[0]__2/DSP_ALU.ALU_OUT<16>
    DSP48E2_X22Y49       DSP_OUTPUT (Prop_DSP_OUTPUT_DSP48E2_ALU_OUT[16]_P[16])
                                                      0.109     2.362 r  u_dut/u_frontend/u_memory_dpd/g_lane[1].u_dpd/r4_full_s2[0]__2/DSP_OUTPUT_INST/P[16]
                         net (fo=2, routed)           0.694     3.056    u_dut/u_frontend/u_memory_dpd/g_lane[1].u_dpd/r4_full_s2[0]__2_n_89
    SLICE_X93Y122        LUT2 (Prop_B6LUT_SLICEM_I0_O)
                                                      0.149     3.205 r  u_dut/u_frontend/u_memory_dpd/g_lane[1].u_dpd/p_204_out__0_i_16/O
                         net (fo=1, routed)           0.016     3.221    u_dut/u_frontend/u_memory_dpd/g_lane[1].u_dpd/p_204_out__0_i_16_n_0
    SLICE_X93Y122        CARRY8 (Prop_CARRY8_SLICEM_S[1]_CO[7])
                                                      0.190     3.411 r  u_dut/u_frontend/u_memory_dpd/g_lane[1].u_dpd/p_204_out__0_i_2/CO[7]
                         net (fo=1, routed)           0.026     3.437    u_dut/u_frontend/u_memory_dpd/g_lane[1].u_dpd/p_204_out__0_i_2_n_0
    SLICE_X93Y123        CARRY8 (Prop_CARRY8_SLICEM_CI_O[5])
                                                      0.116     3.553 r  u_dut/u_frontend/u_memory_dpd/g_lane[1].u_dpd/p_204_out__0_i_1/O[5]
                         net (fo=2, routed)           0.467     4.020    u_dut/u_frontend/u_memory_dpd/g_lane[1].u_dpd/p_205_out__0/B[13]
    DSP48E2_X17Y49       DSP_A_B_DATA                                 r  u_dut/u_frontend/u_memory_dpd/g_lane[1].u_dpd/p_205_out__0/DSP_A_B_DATA_INST/B[13]
  -------------------------------------------------------------------    -------------------

                         (clock core_clk rise edge)
                                                      4.571     4.571 r  
                                                      0.000     4.571 r  clk218 (IN)
                         net (fo=103766, unset)       0.043     4.614    u_dut/u_frontend/u_memory_dpd/g_lane[1].u_dpd/p_205_out__0/CLK
    DSP48E2_X17Y49       DSP_A_B_DATA                                 r  u_dut/u_frontend/u_memory_dpd/g_lane[1].u_dpd/p_205_out__0/DSP_A_B_DATA_INST/CLK
                         clock pessimism              0.000     4.614    
                         clock uncertainty           -0.035     4.579    
    DSP48E2_X17Y49       DSP_A_B_DATA (Setup_DSP_A_B_DATA_DSP48E2_CLK_B[13])
                                                     -0.253     4.326    u_dut/u_frontend/u_memory_dpd/g_lane[1].u_dpd/p_205_out__0/DSP_A_B_DATA_INST
  -------------------------------------------------------------------
                         required time                          4.326    
                         arrival time                          -4.020    
  -------------------------------------------------------------------
                         slack                                  0.306    

Slack (MET) :             0.310ns  (required time - arrival time)
  Source:                 u_dut/u_frontend/u_memory_dpd/g_lane[1].u_dpd/r4_full_s2[0]__1/DSP_A_B_DATA_INST/CLK
                            (rising edge-triggered cell DSP_A_B_DATA clocked by core_clk  {rise@0.000ns fall@2.286ns period=4.571ns})
  Destination:            u_dut/u_frontend/u_memory_dpd/g_lane[1].u_dpd/p_205_out__0/DSP_A_B_DATA_INST/B[15]
                            (rising edge-triggered cell DSP_A_B_DATA clocked by core_clk  {rise@0.000ns fall@2.286ns period=4.571ns})
  Path Group:             core_clk
  Path Type:              Setup (Max at Slow Process Corner)
  Requirement:            4.571ns  (core_clk rise@4.571ns - core_clk rise@0.000ns)
  Data Path Delay:        3.960ns  (logic 2.730ns (68.947%)  route 1.230ns (31.053%))
  Logic Levels:           10  (CARRY8=2 DSP_ALU=2 DSP_M_DATA=1 DSP_MULTIPLIER=1 DSP_OUTPUT=2 DSP_PREADD_DATA=1 LUT2=1)
  Clock Path Skew:        -0.017ns (DCD - SCD + CPR)
    Destination Clock Delay (DCD):    0.043ns = ( 4.614 - 4.571 ) 
    Source Clock Delay      (SCD):    0.060ns
    Clock Pessimism Removal (CPR):    0.000ns
  Clock Uncertainty:      0.035ns  ((TSJ^2 + TIJ^2)^1/2 + DJ) / 2 + PE
    Total System Jitter     (TSJ):    0.071ns
    Total Input Jitter      (TIJ):    0.000ns
    Discrete Jitter          (DJ):    0.000ns
    Phase Error              (PE):    0.000ns

    Location             Delay type                Incr(ns)  Path(ns)    Netlist Resource(s)
  -------------------------------------------------------------------    -------------------
                         (clock core_clk rise edge)
                                                      0.000     0.000 r  
                                                      0.000     0.000 r  clk218 (IN)
                         net (fo=103766, unset)       0.060     0.060    u_dut/u_frontend/u_memory_dpd/g_lane[1].u_dpd/r4_full_s2[0]__1/CLK
    DSP48E2_X22Y48       DSP_A_B_DATA                                 r  u_dut/u_frontend/u_memory_dpd/g_lane[1].u_dpd/r4_full_s2[0]__1/DSP_A_B_DATA_INST/CLK
  -------------------------------------------------------------------    -------------------
    DSP48E2_X22Y48       DSP_A_B_DATA (Prop_DSP_A_B_DATA_DSP48E2_CLK_B2_DATA[17])
                                                      0.212     0.272 r  u_dut/u_frontend/u_memory_dpd/g_lane[1].u_dpd/r4_full_s2[0]__1/DSP_A_B_DATA_INST/B2_DATA[17]
                         net (fo=1, routed)           0.000     0.272    u_dut/u_frontend/u_memory_dpd/g_lane[1].u_dpd/r4_full_s2[0]__1/DSP_A_B_DATA.B2_DATA<17>
    DSP48E2_X22Y48       DSP_PREADD_DATA (Prop_DSP_PREADD_DATA_DSP48E2_B2_DATA[17]_B2B1[17])
                                                      0.073     0.345 r  u_dut/u_frontend/u_memory_dpd/g_lane[1].u_dpd/r4_full_s2[0]__1/DSP_PREADD_DATA_INST/B2B1[17]
                         net (fo=1, routed)           0.000     0.345    u_dut/u_frontend/u_memory_dpd/g_lane[1].u_dpd/r4_full_s2[0]__1/DSP_PREADD_DATA.B2B1<17>
    DSP48E2_X22Y48       DSP_MULTIPLIER (Prop_DSP_MULTIPLIER_DSP48E2_B2B1[17]_V[43])
                                                      0.609     0.954 f  u_dut/u_frontend/u_memory_dpd/g_lane[1].u_dpd/r4_full_s2[0]__1/DSP_MULTIPLIER_INST/V[43]
                         net (fo=1, routed)           0.000     0.954    u_dut/u_frontend/u_memory_dpd/g_lane[1].u_dpd/r4_full_s2[0]__1/DSP_MULTIPLIER.V<43>
    DSP48E2_X22Y48       DSP_M_DATA (Prop_DSP_M_DATA_DSP48E2_V[43]_V_DATA[43])
                                                      0.046     1.000 r  u_dut/u_frontend/u_memory_dpd/g_lane[1].u_dpd/r4_full_s2[0]__1/DSP_M_DATA_INST/V_DATA[43]
                         net (fo=1, routed)           0.000     1.000    u_dut/u_frontend/u_memory_dpd/g_lane[1].u_dpd/r4_full_s2[0]__1/DSP_M_DATA.V_DATA<43>
    DSP48E2_X22Y48       DSP_ALU (Prop_DSP_ALU_DSP48E2_V_DATA[43]_ALU_OUT[47])
                                                      0.571     1.571 f  u_dut/u_frontend/u_memory_dpd/g_lane[1].u_dpd/r4_full_s2[0]__1/DSP_ALU_INST/ALU_OUT[47]
                         net (fo=1, routed)           0.000     1.571    u_dut/u_frontend/u_memory_dpd/g_lane[1].u_dpd/r4_full_s2[0]__1/DSP_ALU.ALU_OUT<47>
    DSP48E2_X22Y48       DSP_OUTPUT (Prop_DSP_OUTPUT_DSP48E2_ALU_OUT[47]_PCOUT[47])
                                                      0.122     1.693 r  u_dut/u_frontend/u_memory_dpd/g_lane[1].u_dpd/r4_full_s2[0]__1/DSP_OUTPUT_INST/PCOUT[47]
                         net (fo=1, routed)           0.014     1.707    u_dut/u_frontend/u_memory_dpd/g_lane[1].u_dpd/r4_full_s2[0]__2/PCIN[47]
    DSP48E2_X22Y49       DSP_ALU (Prop_DSP_ALU_DSP48E2_PCIN[47]_ALU_OUT[16])
                                                      0.546     2.253 f  u_dut/u_frontend/u_memory_dpd/g_lane[1].u_dpd/r4_full_s2[0]__2/DSP_ALU_INST/ALU_OUT[16]
                         net (fo=1, routed)           0.000     2.253    u_dut/u_frontend/u_memory_dpd/g_lane[1].u_dpd/r4_full_s2[0]__2/DSP_ALU.ALU_OUT<16>
    DSP48E2_X22Y49       DSP_OUTPUT (Prop_DSP_OUTPUT_DSP48E2_ALU_OUT[16]_P[16])
                                                      0.109     2.362 r  u_dut/u_frontend/u_memory_dpd/g_lane[1].u_dpd/r4_full_s2[0]__2/DSP_OUTPUT_INST/P[16]
                         net (fo=2, routed)           0.694     3.056    u_dut/u_frontend/u_memory_dpd/g_lane[1].u_dpd/r4_full_s2[0]__2_n_89
    SLICE_X93Y122        LUT2 (Prop_B6LUT_SLICEM_I0_O)
                                                      0.149     3.205 r  u_dut/u_frontend/u_memory_dpd/g_lane[1].u_dpd/p_204_out__0_i_16/O
                         net (fo=1, routed)           0.016     3.221    u_dut/u_frontend/u_memory_dpd/g_lane[1].u_dpd/p_204_out__0_i_16_n_0
    SLICE_X93Y122        CARRY8 (Prop_CARRY8_SLICEM_S[1]_CO[7])
                                                      0.190     3.411 r  u_dut/u_frontend/u_memory_dpd/g_lane[1].u_dpd/p_204_out__0_i_2/CO[7]
                         net (fo=1, routed)           0.026     3.437    u_dut/u_frontend/u_memory_dpd/g_lane[1].u_dpd/p_204_out__0_i_2_n_0
    SLICE_X93Y123        CARRY8 (Prop_CARRY8_SLICEM_CI_O[6])
                                                      0.103     3.540 r  u_dut/u_frontend/u_memory_dpd/g_lane[1].u_dpd/p_204_out__0_i_1/O[6]
                         net (fo=8, routed)           0.480     4.020    u_dut/u_frontend/u_memory_dpd/g_lane[1].u_dpd/p_205_out__0/B[15]
    DSP48E2_X17Y49       DSP_A_B_DATA                                 r  u_dut/u_frontend/u_memory_dpd/g_lane[1].u_dpd/p_205_out__0/DSP_A_B_DATA_INST/B[15]
  -------------------------------------------------------------------    -------------------

                         (clock core_clk rise edge)
                                                      4.571     4.571 r  
                                                      0.000     4.571 r  clk218 (IN)
                         net (fo=103766, unset)       0.043     4.614    u_dut/u_frontend/u_memory_dpd/g_lane[1].u_dpd/p_205_out__0/CLK
    DSP48E2_X17Y49       DSP_A_B_DATA                                 r  u_dut/u_frontend/u_memory_dpd/g_lane[1].u_dpd/p_205_out__0/DSP_A_B_DATA_INST/CLK
                         clock pessimism              0.000     4.614    
                         clock uncertainty           -0.035     4.579    
    DSP48E2_X17Y49       DSP_A_B_DATA (Setup_DSP_A_B_DATA_DSP48E2_CLK_B[15])
                                                     -0.249     4.330    u_dut/u_frontend/u_memory_dpd/g_lane[1].u_dpd/p_205_out__0/DSP_A_B_DATA_INST
  -------------------------------------------------------------------
                         required time                          4.330    
                         arrival time                          -4.020    
  -------------------------------------------------------------------
                         slack                                  0.310    

Slack (MET) :             0.312ns  (required time - arrival time)
  Source:                 u_dut/u_frontend/u_memory_dpd/g_lane[4].u_dpd/r4_full_s2[2]__1/DSP_A_B_DATA_INST/CLK
                            (rising edge-triggered cell DSP_A_B_DATA clocked by core_clk  {rise@0.000ns fall@2.286ns period=4.571ns})
  Destination:            u_dut/u_frontend/u_memory_dpd/g_lane[4].u_dpd/p_173_out__0/DSP_A_B_DATA_INST/B[14]
                            (rising edge-triggered cell DSP_A_B_DATA clocked by core_clk  {rise@0.000ns fall@2.286ns period=4.571ns})
  Path Group:             core_clk
  Path Type:              Setup (Max at Slow Process Corner)
  Requirement:            4.571ns  (core_clk rise@4.571ns - core_clk rise@0.000ns)
  Data Path Delay:        3.946ns  (logic 2.700ns (68.421%)  route 1.246ns (31.579%))
  Logic Levels:           12  (CARRY8=4 DSP_ALU=2 DSP_M_DATA=1 DSP_MULTIPLIER=1 DSP_OUTPUT=2 DSP_PREADD_DATA=1 LUT2=1)
  Clock Path Skew:        -0.017ns (DCD - SCD + CPR)
    Destination Clock Delay (DCD):    0.043ns = ( 4.614 - 4.571 ) 
    Source Clock Delay      (SCD):    0.060ns
    Clock Pessimism Removal (CPR):    0.000ns
  Clock Uncertainty:      0.035ns  ((TSJ^2 + TIJ^2)^1/2 + DJ) / 2 + PE
    Total System Jitter     (TSJ):    0.071ns
    Total Input Jitter      (TIJ):    0.000ns
    Discrete Jitter          (DJ):    0.000ns
    Phase Error              (PE):    0.000ns

    Location             Delay type                Incr(ns)  Path(ns)    Netlist Resource(s)
  -------------------------------------------------------------------    -------------------
                         (clock core_clk rise edge)
                                                      0.000     0.000 r  
                                                      0.000     0.000 r  clk218 (IN)
                         net (fo=103766, unset)       0.060     0.060    u_dut/u_frontend/u_memory_dpd/g_lane[4].u_dpd/r4_full_s2[2]__1/CLK
    DSP48E2_X14Y16       DSP_A_B_DATA                                 r  u_dut/u_frontend/u_memory_dpd/g_lane[4].u_dpd/r4_full_s2[2]__1/DSP_A_B_DATA_INST/CLK
  -------------------------------------------------------------------    -------------------
    DSP48E2_X14Y16       DSP_A_B_DATA (Prop_DSP_A_B_DATA_DSP48E2_CLK_B2_DATA[17])
                                                      0.212     0.272 r  u_dut/u_frontend/u_memory_dpd/g_lane[4].u_dpd/r4_full_s2[2]__1/DSP_A_B_DATA_INST/B2_DATA[17]
                         net (fo=1, routed)           0.000     0.272    u_dut/u_frontend/u_memory_dpd/g_lane[4].u_dpd/r4_full_s2[2]__1/DSP_A_B_DATA.B2_DATA<17>
    DSP48E2_X14Y16       DSP_PREADD_DATA (Prop_DSP_PREADD_DATA_DSP48E2_B2_DATA[17]_B2B1[17])
                                                      0.073     0.345 r  u_dut/u_frontend/u_memory_dpd/g_lane[4].u_dpd/r4_full_s2[2]__1/DSP_PREADD_DATA_INST/B2B1[17]
                         net (fo=1, routed)           0.000     0.345    u_dut/u_frontend/u_memory_dpd/g_lane[4].u_dpd/r4_full_s2[2]__1/DSP_PREADD_DATA.B2B1<17>
    DSP48E2_X14Y16       DSP_MULTIPLIER (Prop_DSP_MULTIPLIER_DSP48E2_B2B1[17]_V[43])
                                                      0.609     0.954 f  u_dut/u_frontend/u_memory_dpd/g_lane[4].u_dpd/r4_full_s2[2]__1/DSP_MULTIPLIER_INST/V[43]
                         net (fo=1, routed)           0.000     0.954    u_dut/u_frontend/u_memory_dpd/g_lane[4].u_dpd/r4_full_s2[2]__1/DSP_MULTIPLIER.V<43>
    DSP48E2_X14Y16       DSP_M_DATA (Prop_DSP_M_DATA_DSP48E2_V[43]_V_DATA[43])
                                                      0.046     1.000 r  u_dut/u_frontend/u_memory_dpd/g_lane[4].u_dpd/r4_full_s2[2]__1/DSP_M_DATA_INST/V_DATA[43]
                         net (fo=1, routed)           0.000     1.000    u_dut/u_frontend/u_memory_dpd/g_lane[4].u_dpd/r4_full_s2[2]__1/DSP_M_DATA.V_DATA<43>
    DSP48E2_X14Y16       DSP_ALU (Prop_DSP_ALU_DSP48E2_V_DATA[43]_ALU_OUT[47])
                                                      0.571     1.571 f  u_dut/u_frontend/u_memory_dpd/g_lane[4].u_dpd/r4_full_s2[2]__1/DSP_ALU_INST/ALU_OUT[47]
                         net (fo=1, routed)           0.000     1.571    u_dut/u_frontend/u_memory_dpd/g_lane[4].u_dpd/r4_full_s2[2]__1/DSP_ALU.ALU_OUT<47>
    DSP48E2_X14Y16       DSP_OUTPUT (Prop_DSP_OUTPUT_DSP48E2_ALU_OUT[47]_PCOUT[47])
                                                      0.122     1.693 r  u_dut/u_frontend/u_memory_dpd/g_lane[4].u_dpd/r4_full_s2[2]__1/DSP_OUTPUT_INST/PCOUT[47]
                         net (fo=1, routed)           0.014     1.707    u_dut/u_frontend/u_memory_dpd/g_lane[4].u_dpd/r4_full_s2[2]__2/PCIN[47]
    DSP48E2_X14Y17       DSP_ALU (Prop_DSP_ALU_DSP48E2_PCIN[47]_ALU_OUT[0])
                                                      0.546     2.253 f  u_dut/u_frontend/u_memory_dpd/g_lane[4].u_dpd/r4_full_s2[2]__2/DSP_ALU_INST/ALU_OUT[0]
                         net (fo=1, routed)           0.000     2.253    u_dut/u_frontend/u_memory_dpd/g_lane[4].u_dpd/r4_full_s2[2]__2/DSP_ALU.ALU_OUT<0>
    DSP48E2_X14Y17       DSP_OUTPUT (Prop_DSP_OUTPUT_DSP48E2_ALU_OUT[0]_P[0])
                                                      0.109     2.362 r  u_dut/u_frontend/u_memory_dpd/g_lane[4].u_dpd/r4_full_s2[2]__2/DSP_OUTPUT_INST/P[0]
                         net (fo=2, routed)           0.256     2.618    u_dut/u_frontend/u_memory_dpd/g_lane[4].u_dpd/r4_full_s2[2]__2_n_105
    SLICE_X70Y35         LUT2 (Prop_B6LUT_SLICEM_I0_O)
                                                      0.089     2.707 r  u_dut/u_frontend/u_memory_dpd/g_lane[4].u_dpd/p_172_out_i_17/O
                         net (fo=1, routed)           0.016     2.723    u_dut/u_frontend/u_memory_dpd/g_lane[4].u_dpd/p_172_out_i_17_n_0
    SLICE_X70Y35         CARRY8 (Prop_CARRY8_SLICEM_S[1]_CO[7])
                                                      0.190     2.913 r  u_dut/u_frontend/u_memory_dpd/g_lane[4].u_dpd/p_172_out_i_2/CO[7]
                         net (fo=1, routed)           0.026     2.939    u_dut/u_frontend/u_memory_dpd/g_lane[4].u_dpd/p_172_out_i_2_n_0
    SLICE_X70Y36         CARRY8 (Prop_CARRY8_SLICEM_CI_CO[7])
                                                      0.015     2.954 r  u_dut/u_frontend/u_memory_dpd/g_lane[4].u_dpd/p_172_out_i_1/CO[7]
                         net (fo=1, routed)           0.026     2.980    u_dut/u_frontend/u_memory_dpd/g_lane[4].u_dpd/p_172_out_i_1_n_0
    SLICE_X70Y37         CARRY8 (Prop_CARRY8_SLICEM_CI_CO[7])
                                                      0.015     2.995 r  u_dut/u_frontend/u_memory_dpd/g_lane[4].u_dpd/p_172_out__0_i_2/CO[7]
                         net (fo=1, routed)           0.026     3.021    u_dut/u_frontend/u_memory_dpd/g_lane[4].u_dpd/p_172_out__0_i_2_n_0
    SLICE_X70Y38         CARRY8 (Prop_CARRY8_SLICEM_CI_O[6])
                                                      0.103     3.124 r  u_dut/u_frontend/u_memory_dpd/g_lane[4].u_dpd/p_172_out__0_i_1/O[6]
                         net (fo=8, routed)           0.882     4.006    u_dut/u_frontend/u_memory_dpd/g_lane[4].u_dpd/p_173_out__0/B[14]
    DSP48E2_X15Y35       DSP_A_B_DATA                                 r  u_dut/u_frontend/u_memory_dpd/g_lane[4].u_dpd/p_173_out__0/DSP_A_B_DATA_INST/B[14]
  -------------------------------------------------------------------    -------------------

                         (clock core_clk rise edge)
                                                      4.571     4.571 r  
                                                      0.000     4.571 r  clk218 (IN)
                         net (fo=103766, unset)       0.043     4.614    u_dut/u_frontend/u_memory_dpd/g_lane[4].u_dpd/p_173_out__0/CLK
    DSP48E2_X15Y35       DSP_A_B_DATA                                 r  u_dut/u_frontend/u_memory_dpd/g_lane[4].u_dpd/p_173_out__0/DSP_A_B_DATA_INST/CLK
                         clock pessimism              0.000     4.614    
                         clock uncertainty           -0.035     4.579    
    DSP48E2_X15Y35       DSP_A_B_DATA (Setup_DSP_A_B_DATA_DSP48E2_CLK_B[14])
                                                     -0.260     4.319    u_dut/u_frontend/u_memory_dpd/g_lane[4].u_dpd/p_173_out__0/DSP_A_B_DATA_INST
  -------------------------------------------------------------------
                         required time                          4.319    
                         arrival time                          -4.006    
  -------------------------------------------------------------------
                         slack                                  0.312    

Slack (MET) :             0.327ns  (required time - arrival time)
  Source:                 u_dut/u_frontend/u_memory_dpd/g_lane[1].u_dpd/r4_full_s2[0]__1/DSP_A_B_DATA_INST/CLK
                            (rising edge-triggered cell DSP_A_B_DATA clocked by core_clk  {rise@0.000ns fall@2.286ns period=4.571ns})
  Destination:            u_dut/u_frontend/u_memory_dpd/g_lane[1].u_dpd/p_205_out__0/DSP_A_B_DATA_INST/B[17]
                            (rising edge-triggered cell DSP_A_B_DATA clocked by core_clk  {rise@0.000ns fall@2.286ns period=4.571ns})
  Path Group:             core_clk
  Path Type:              Setup (Max at Slow Process Corner)
  Requirement:            4.571ns  (core_clk rise@4.571ns - core_clk rise@0.000ns)
  Data Path Delay:        3.928ns  (logic 2.730ns (69.496%)  route 1.198ns (30.504%))
  Logic Levels:           10  (CARRY8=2 DSP_ALU=2 DSP_M_DATA=1 DSP_MULTIPLIER=1 DSP_OUTPUT=2 DSP_PREADD_DATA=1 LUT2=1)
  Clock Path Skew:        -0.017ns (DCD - SCD + CPR)
    Destination Clock Delay (DCD):    0.043ns = ( 4.614 - 4.571 ) 
    Source Clock Delay      (SCD):    0.060ns
    Clock Pessimism Removal (CPR):    0.000ns
  Clock Uncertainty:      0.035ns  ((TSJ^2 + TIJ^2)^1/2 + DJ) / 2 + PE
    Total System Jitter     (TSJ):    0.071ns
    Total Input Jitter      (TIJ):    0.000ns
    Discrete Jitter          (DJ):    0.000ns
    Phase Error              (PE):    0.000ns

    Location             Delay type                Incr(ns)  Path(ns)    Netlist Resource(s)
  -------------------------------------------------------------------    -------------------
                         (clock core_clk rise edge)
                                                      0.000     0.000 r  
                                                      0.000     0.000 r  clk218 (IN)
                         net (fo=103766, unset)       0.060     0.060    u_dut/u_frontend/u_memory_dpd/g_lane[1].u_dpd/r4_full_s2[0]__1/CLK
    DSP48E2_X22Y48       DSP_A_B_DATA                                 r  u_dut/u_frontend/u_memory_dpd/g_lane[1].u_dpd/r4_full_s2[0]__1/DSP_A_B_DATA_INST/CLK
  -------------------------------------------------------------------    -------------------
    DSP48E2_X22Y48       DSP_A_B_DATA (Prop_DSP_A_B_DATA_DSP48E2_CLK_B2_DATA[17])
                                                      0.212     0.272 r  u_dut/u_frontend/u_memory_dpd/g_lane[1].u_dpd/r4_full_s2[0]__1/DSP_A_B_DATA_INST/B2_DATA[17]
                         net (fo=1, routed)           0.000     0.272    u_dut/u_frontend/u_memory_dpd/g_lane[1].u_dpd/r4_full_s2[0]__1/DSP_A_B_DATA.B2_DATA<17>
    DSP48E2_X22Y48       DSP_PREADD_DATA (Prop_DSP_PREADD_DATA_DSP48E2_B2_DATA[17]_B2B1[17])
                                                      0.073     0.345 r  u_dut/u_frontend/u_memory_dpd/g_lane[1].u_dpd/r4_full_s2[0]__1/DSP_PREADD_DATA_INST/B2B1[17]
                         net (fo=1, routed)           0.000     0.345    u_dut/u_frontend/u_memory_dpd/g_lane[1].u_dpd/r4_full_s2[0]__1/DSP_PREADD_DATA.B2B1<17>
    DSP48E2_X22Y48       DSP_MULTIPLIER (Prop_DSP_MULTIPLIER_DSP48E2_B2B1[17]_V[43])
                                                      0.609     0.954 f  u_dut/u_frontend/u_memory_dpd/g_lane[1].u_dpd/r4_full_s2[0]__1/DSP_MULTIPLIER_INST/V[43]
                         net (fo=1, routed)           0.000     0.954    u_dut/u_frontend/u_memory_dpd/g_lane[1].u_dpd/r4_full_s2[0]__1/DSP_MULTIPLIER.V<43>
    DSP48E2_X22Y48       DSP_M_DATA (Prop_DSP_M_DATA_DSP48E2_V[43]_V_DATA[43])
                                                      0.046     1.000 r  u_dut/u_frontend/u_memory_dpd/g_lane[1].u_dpd/r4_full_s2[0]__1/DSP_M_DATA_INST/V_DATA[43]
                         net (fo=1, routed)           0.000     1.000    u_dut/u_frontend/u_memory_dpd/g_lane[1].u_dpd/r4_full_s2[0]__1/DSP_M_DATA.V_DATA<43>
    DSP48E2_X22Y48       DSP_ALU (Prop_DSP_ALU_DSP48E2_V_DATA[43]_ALU_OUT[47])
                                                      0.571     1.571 f  u_dut/u_frontend/u_memory_dpd/g_lane[1].u_dpd/r4_full_s2[0]__1/DSP_ALU_INST/ALU_OUT[47]
                         net (fo=1, routed)           0.000     1.571    u_dut/u_frontend/u_memory_dpd/g_lane[1].u_dpd/r4_full_s2[0]__1/DSP_ALU.ALU_OUT<47>
    DSP48E2_X22Y48       DSP_OUTPUT (Prop_DSP_OUTPUT_DSP48E2_ALU_OUT[47]_PCOUT[47])
                                                      0.122     1.693 r  u_dut/u_frontend/u_memory_dpd/g_lane[1].u_dpd/r4_full_s2[0]__1/DSP_OUTPUT_INST/PCOUT[47]
                         net (fo=1, routed)           0.014     1.707    u_dut/u_frontend/u_memory_dpd/g_lane[1].u_dpd/r4_full_s2[0]__2/PCIN[47]
    DSP48E2_X22Y49       DSP_ALU (Prop_DSP_ALU_DSP48E2_PCIN[47]_ALU_OUT[16])
                                                      0.546     2.253 f  u_dut/u_frontend/u_memory_dpd/g_lane[1].u_dpd/r4_full_s2[0]__2/DSP_ALU_INST/ALU_OUT[16]
                         net (fo=1, routed)           0.000     2.253    u_dut/u_frontend/u_memory_dpd/g_lane[1].u_dpd/r4_full_s2[0]__2/DSP_ALU.ALU_OUT<16>
    DSP48E2_X22Y49       DSP_OUTPUT (Prop_DSP_OUTPUT_DSP48E2_ALU_OUT[16]_P[16])
                                                      0.109     2.362 r  u_dut/u_frontend/u_memory_dpd/g_lane[1].u_dpd/r4_full_s2[0]__2/DSP_OUTPUT_INST/P[16]
                         net (fo=2, routed)           0.694     3.056    u_dut/u_frontend/u_memory_dpd/g_lane[1].u_dpd/r4_full_s2[0]__2_n_89
    SLICE_X93Y122        LUT2 (Prop_B6LUT_SLICEM_I0_O)
                                                      0.149     3.205 r  u_dut/u_frontend/u_memory_dpd/g_lane[1].u_dpd/p_204_out__0_i_16/O
                         net (fo=1, routed)           0.016     3.221    u_dut/u_frontend/u_memory_dpd/g_lane[1].u_dpd/p_204_out__0_i_16_n_0
    SLICE_X93Y122        CARRY8 (Prop_CARRY8_SLICEM_S[1]_CO[7])
                                                      0.190     3.411 r  u_dut/u_frontend/u_memory_dpd/g_lane[1].u_dpd/p_204_out__0_i_2/CO[7]
                         net (fo=1, routed)           0.026     3.437    u_dut/u_frontend/u_memory_dpd/g_lane[1].u_dpd/p_204_out__0_i_2_n_0
    SLICE_X93Y123        CARRY8 (Prop_CARRY8_SLICEM_CI_O[6])
                                                      0.103     3.540 r  u_dut/u_frontend/u_memory_dpd/g_lane[1].u_dpd/p_204_out__0_i_1/O[6]
                         net (fo=8, routed)           0.449     3.988    u_dut/u_frontend/u_memory_dpd/g_lane[1].u_dpd/p_205_out__0/B[17]
    DSP48E2_X17Y49       DSP_A_B_DATA                                 r  u_dut/u_frontend/u_memory_dpd/g_lane[1].u_dpd/p_205_out__0/DSP_A_B_DATA_INST/B[17]
  -------------------------------------------------------------------    -------------------

                         (clock core_clk rise edge)
                                                      4.571     4.571 r  
                                                      0.000     4.571 r  clk218 (IN)
                         net (fo=103766, unset)       0.043     4.614    u_dut/u_frontend/u_memory_dpd/g_lane[1].u_dpd/p_205_out__0/CLK
    DSP48E2_X17Y49       DSP_A_B_DATA                                 r  u_dut/u_frontend/u_memory_dpd/g_lane[1].u_dpd/p_205_out__0/DSP_A_B_DATA_INST/CLK
                         clock pessimism              0.000     4.614    
                         clock uncertainty           -0.035     4.579    
    DSP48E2_X17Y49       DSP_A_B_DATA (Setup_DSP_A_B_DATA_DSP48E2_CLK_B[17])
                                                     -0.263     4.316    u_dut/u_frontend/u_memory_dpd/g_lane[1].u_dpd/p_205_out__0/DSP_A_B_DATA_INST
  -------------------------------------------------------------------
                         required time                          4.316    
                         arrival time                          -3.988    
  -------------------------------------------------------------------
                         slack                                  0.327    

Slack (MET) :             0.335ns  (required time - arrival time)
  Source:                 u_dut/u_frontend/u_memory_dpd/g_lane[1].u_dpd/r4_full_s2[0]__1/DSP_A_B_DATA_INST/CLK
                            (rising edge-triggered cell DSP_A_B_DATA clocked by core_clk  {rise@0.000ns fall@2.286ns period=4.571ns})
  Destination:            u_dut/u_frontend/u_memory_dpd/g_lane[1].u_dpd/p_204_out__0/DSP_A_B_DATA_INST/B[15]
                            (rising edge-triggered cell DSP_A_B_DATA clocked by core_clk  {rise@0.000ns fall@2.286ns period=4.571ns})
  Path Group:             core_clk
  Path Type:              Setup (Max at Slow Process Corner)
  Requirement:            4.571ns  (core_clk rise@4.571ns - core_clk rise@0.000ns)
  Data Path Delay:        3.935ns  (logic 2.730ns (69.386%)  route 1.205ns (30.614%))
  Logic Levels:           10  (CARRY8=2 DSP_ALU=2 DSP_M_DATA=1 DSP_MULTIPLIER=1 DSP_OUTPUT=2 DSP_PREADD_DATA=1 LUT2=1)
  Clock Path Skew:        -0.017ns (DCD - SCD + CPR)
    Destination Clock Delay (DCD):    0.043ns = ( 4.614 - 4.571 ) 
    Source Clock Delay      (SCD):    0.060ns
    Clock Pessimism Removal (CPR):    0.000ns
  Clock Uncertainty:      0.035ns  ((TSJ^2 + TIJ^2)^1/2 + DJ) / 2 + PE
    Total System Jitter     (TSJ):    0.071ns
    Total Input Jitter      (TIJ):    0.000ns
    Discrete Jitter          (DJ):    0.000ns
    Phase Error              (PE):    0.000ns

    Location             Delay type                Incr(ns)  Path(ns)    Netlist Resource(s)
  -------------------------------------------------------------------    -------------------
                         (clock core_clk rise edge)
                                                      0.000     0.000 r  
                                                      0.000     0.000 r  clk218 (IN)
                         net (fo=103766, unset)       0.060     0.060    u_dut/u_frontend/u_memory_dpd/g_lane[1].u_dpd/r4_full_s2[0]__1/CLK
    DSP48E2_X22Y48       DSP_A_B_DATA                                 r  u_dut/u_frontend/u_memory_dpd/g_lane[1].u_dpd/r4_full_s2[0]__1/DSP_A_B_DATA_INST/CLK
  -------------------------------------------------------------------    -------------------
    DSP48E2_X22Y48       DSP_A_B_DATA (Prop_DSP_A_B_DATA_DSP48E2_CLK_B2_DATA[17])
                                                      0.212     0.272 r  u_dut/u_frontend/u_memory_dpd/g_lane[1].u_dpd/r4_full_s2[0]__1/DSP_A_B_DATA_INST/B2_DATA[17]
                         net (fo=1, routed)           0.000     0.272    u_dut/u_frontend/u_memory_dpd/g_lane[1].u_dpd/r4_full_s2[0]__1/DSP_A_B_DATA.B2_DATA<17>
    DSP48E2_X22Y48       DSP_PREADD_DATA (Prop_DSP_PREADD_DATA_DSP48E2_B2_DATA[17]_B2B1[17])
                                                      0.073     0.345 r  u_dut/u_frontend/u_memory_dpd/g_lane[1].u_dpd/r4_full_s2[0]__1/DSP_PREADD_DATA_INST/B2B1[17]
                         net (fo=1, routed)           0.000     0.345    u_dut/u_frontend/u_memory_dpd/g_lane[1].u_dpd/r4_full_s2[0]__1/DSP_PREADD_DATA.B2B1<17>
    DSP48E2_X22Y48       DSP_MULTIPLIER (Prop_DSP_MULTIPLIER_DSP48E2_B2B1[17]_V[43])
                                                      0.609     0.954 f  u_dut/u_frontend/u_memory_dpd/g_lane[1].u_dpd/r4_full_s2[0]__1/DSP_MULTIPLIER_INST/V[43]
                         net (fo=1, routed)           0.000     0.954    u_dut/u_frontend/u_memory_dpd/g_lane[1].u_dpd/r4_full_s2[0]__1/DSP_MULTIPLIER.V<43>
    DSP48E2_X22Y48       DSP_M_DATA (Prop_DSP_M_DATA_DSP48E2_V[43]_V_DATA[43])
                                                      0.046     1.000 r  u_dut/u_frontend/u_memory_dpd/g_lane[1].u_dpd/r4_full_s2[0]__1/DSP_M_DATA_INST/V_DATA[43]
                         net (fo=1, routed)           0.000     1.000    u_dut/u_frontend/u_memory_dpd/g_lane[1].u_dpd/r4_full_s2[0]__1/DSP_M_DATA.V_DATA<43>
    DSP48E2_X22Y48       DSP_ALU (Prop_DSP_ALU_DSP48E2_V_DATA[43]_ALU_OUT[47])
                                                      0.571     1.571 f  u_dut/u_frontend/u_memory_dpd/g_lane[1].u_dpd/r4_full_s2[0]__1/DSP_ALU_INST/ALU_OUT[47]
                         net (fo=1, routed)           0.000     1.571    u_dut/u_frontend/u_memory_dpd/g_lane[1].u_dpd/r4_full_s2[0]__1/DSP_ALU.ALU_OUT<47>
    DSP48E2_X22Y48       DSP_OUTPUT (Prop_DSP_OUTPUT_DSP48E2_ALU_OUT[47]_PCOUT[47])
                                                      0.122     1.693 r  u_dut/u_frontend/u_memory_dpd/g_lane[1].u_dpd/r4_full_s2[0]__1/DSP_OUTPUT_INST/PCOUT[47]
                         net (fo=1, routed)           0.014     1.707    u_dut/u_frontend/u_memory_dpd/g_lane[1].u_dpd/r4_full_s2[0]__2/PCIN[47]
    DSP48E2_X22Y49       DSP_ALU (Prop_DSP_ALU_DSP48E2_PCIN[47]_ALU_OUT[16])
                                                      0.546     2.253 f  u_dut/u_frontend/u_memory_dpd/g_lane[1].u_dpd/r4_full_s2[0]__2/DSP_ALU_INST/ALU_OUT[16]
                         net (fo=1, routed)           0.000     2.253    u_dut/u_frontend/u_memory_dpd/g_lane[1].u_dpd/r4_full_s2[0]__2/DSP_ALU.ALU_OUT<16>
    DSP48E2_X22Y49       DSP_OUTPUT (Prop_DSP_OUTPUT_DSP48E2_ALU_OUT[16]_P[16])
                                                      0.109     2.362 r  u_dut/u_frontend/u_memory_dpd/g_lane[1].u_dpd/r4_full_s2[0]__2/DSP_OUTPUT_INST/P[16]
                         net (fo=2, routed)           0.694     3.056    u_dut/u_frontend/u_memory_dpd/g_lane[1].u_dpd/r4_full_s2[0]__2_n_89
    SLICE_X93Y122        LUT2 (Prop_B6LUT_SLICEM_I0_O)
                                                      0.149     3.205 r  u_dut/u_frontend/u_memory_dpd/g_lane[1].u_dpd/p_204_out__0_i_16/O
                         net (fo=1, routed)           0.016     3.221    u_dut/u_frontend/u_memory_dpd/g_lane[1].u_dpd/p_204_out__0_i_16_n_0
    SLICE_X93Y122        CARRY8 (Prop_CARRY8_SLICEM_S[1]_CO[7])
                                                      0.190     3.411 r  u_dut/u_frontend/u_memory_dpd/g_lane[1].u_dpd/p_204_out__0_i_2/CO[7]
                         net (fo=1, routed)           0.026     3.437    u_dut/u_frontend/u_memory_dpd/g_lane[1].u_dpd/p_204_out__0_i_2_n_0
    SLICE_X93Y123        CARRY8 (Prop_CARRY8_SLICEM_CI_O[6])
                                                      0.103     3.540 r  u_dut/u_frontend/u_memory_dpd/g_lane[1].u_dpd/p_204_out__0_i_1/O[6]
                         net (fo=8, routed)           0.455     3.995    u_dut/u_frontend/u_memory_dpd/g_lane[1].u_dpd/p_204_out__0/B[15]
    DSP48E2_X17Y51       DSP_A_B_DATA                                 r  u_dut/u_frontend/u_memory_dpd/g_lane[1].u_dpd/p_204_out__0/DSP_A_B_DATA_INST/B[15]
  -------------------------------------------------------------------    -------------------

                         (clock core_clk rise edge)
                                                      4.571     4.571 r  
                                                      0.000     4.571 r  clk218 (IN)
                         net (fo=103766, unset)       0.043     4.614    u_dut/u_frontend/u_memory_dpd/g_lane[1].u_dpd/p_204_out__0/CLK
    DSP48E2_X17Y51       DSP_A_B_DATA                                 r  u_dut/u_frontend/u_memory_dpd/g_lane[1].u_dpd/p_204_out__0/DSP_A_B_DATA_INST/CLK
                         clock pessimism              0.000     4.614    
                         clock uncertainty           -0.035     4.579    
    DSP48E2_X17Y51       DSP_A_B_DATA (Setup_DSP_A_B_DATA_DSP48E2_CLK_B[15])
                                                     -0.249     4.330    u_dut/u_frontend/u_memory_dpd/g_lane[1].u_dpd/p_204_out__0/DSP_A_B_DATA_INST
  -------------------------------------------------------------------
                         required time                          4.330    
                         arrival time                          -3.995    
  -------------------------------------------------------------------
                         slack                                  0.335    

Slack (MET) :             0.336ns  (required time - arrival time)
  Source:                 u_dut/u_frontend/u_memory_dpd/g_lane[1].u_dpd/r4_full_s2[0]__1/DSP_A_B_DATA_INST/CLK
                            (rising edge-triggered cell DSP_A_B_DATA clocked by core_clk  {rise@0.000ns fall@2.286ns period=4.571ns})
  Destination:            u_dut/u_frontend/u_memory_dpd/g_lane[1].u_dpd/p_204_out__0/DSP_A_B_DATA_INST/B[13]
                            (rising edge-triggered cell DSP_A_B_DATA clocked by core_clk  {rise@0.000ns fall@2.286ns period=4.571ns})
  Path Group:             core_clk
  Path Type:              Setup (Max at Slow Process Corner)
  Requirement:            4.571ns  (core_clk rise@4.571ns - core_clk rise@0.000ns)
  Data Path Delay:        3.930ns  (logic 2.743ns (69.803%)  route 1.187ns (30.197%))
  Logic Levels:           10  (CARRY8=2 DSP_ALU=2 DSP_M_DATA=1 DSP_MULTIPLIER=1 DSP_OUTPUT=2 DSP_PREADD_DATA=1 LUT2=1)
  Clock Path Skew:        -0.017ns (DCD - SCD + CPR)
    Destination Clock Delay (DCD):    0.043ns = ( 4.614 - 4.571 ) 
    Source Clock Delay      (SCD):    0.060ns
    Clock Pessimism Removal (CPR):    0.000ns
  Clock Uncertainty:      0.035ns  ((TSJ^2 + TIJ^2)^1/2 + DJ) / 2 + PE
    Total System Jitter     (TSJ):    0.071ns
    Total Input Jitter      (TIJ):    0.000ns
    Discrete Jitter          (DJ):    0.000ns
    Phase Error              (PE):    0.000ns

    Location             Delay type                Incr(ns)  Path(ns)    Netlist Resource(s)
  -------------------------------------------------------------------    -------------------
                         (clock core_clk rise edge)
                                                      0.000     0.000 r  
                                                      0.000     0.000 r  clk218 (IN)
                         net (fo=103766, unset)       0.060     0.060    u_dut/u_frontend/u_memory_dpd/g_lane[1].u_dpd/r4_full_s2[0]__1/CLK
    DSP48E2_X22Y48       DSP_A_B_DATA                                 r  u_dut/u_frontend/u_memory_dpd/g_lane[1].u_dpd/r4_full_s2[0]__1/DSP_A_B_DATA_INST/CLK
  -------------------------------------------------------------------    -------------------
    DSP48E2_X22Y48       DSP_A_B_DATA (Prop_DSP_A_B_DATA_DSP48E2_CLK_B2_DATA[17])
                                                      0.212     0.272 r  u_dut/u_frontend/u_memory_dpd/g_lane[1].u_dpd/r4_full_s2[0]__1/DSP_A_B_DATA_INST/B2_DATA[17]
                         net (fo=1, routed)           0.000     0.272    u_dut/u_frontend/u_memory_dpd/g_lane[1].u_dpd/r4_full_s2[0]__1/DSP_A_B_DATA.B2_DATA<17>
    DSP48E2_X22Y48       DSP_PREADD_DATA (Prop_DSP_PREADD_DATA_DSP48E2_B2_DATA[17]_B2B1[17])
                                                      0.073     0.345 r  u_dut/u_frontend/u_memory_dpd/g_lane[1].u_dpd/r4_full_s2[0]__1/DSP_PREADD_DATA_INST/B2B1[17]
                         net (fo=1, routed)           0.000     0.345    u_dut/u_frontend/u_memory_dpd/g_lane[1].u_dpd/r4_full_s2[0]__1/DSP_PREADD_DATA.B2B1<17>
    DSP48E2_X22Y48       DSP_MULTIPLIER (Prop_DSP_MULTIPLIER_DSP48E2_B2B1[17]_V[43])
                                                      0.609     0.954 f  u_dut/u_frontend/u_memory_dpd/g_lane[1].u_dpd/r4_full_s2[0]__1/DSP_MULTIPLIER_INST/V[43]
                         net (fo=1, routed)           0.000     0.954    u_dut/u_frontend/u_memory_dpd/g_lane[1].u_dpd/r4_full_s2[0]__1/DSP_MULTIPLIER.V<43>
    DSP48E2_X22Y48       DSP_M_DATA (Prop_DSP_M_DATA_DSP48E2_V[43]_V_DATA[43])
                                                      0.046     1.000 r  u_dut/u_frontend/u_memory_dpd/g_lane[1].u_dpd/r4_full_s2[0]__1/DSP_M_DATA_INST/V_DATA[43]
                         net (fo=1, routed)           0.000     1.000    u_dut/u_frontend/u_memory_dpd/g_lane[1].u_dpd/r4_full_s2[0]__1/DSP_M_DATA.V_DATA<43>
    DSP48E2_X22Y48       DSP_ALU (Prop_DSP_ALU_DSP48E2_V_DATA[43]_ALU_OUT[47])
                                                      0.571     1.571 f  u_dut/u_frontend/u_memory_dpd/g_lane[1].u_dpd/r4_full_s2[0]__1/DSP_ALU_INST/ALU_OUT[47]
                         net (fo=1, routed)           0.000     1.571    u_dut/u_frontend/u_memory_dpd/g_lane[1].u_dpd/r4_full_s2[0]__1/DSP_ALU.ALU_OUT<47>
    DSP48E2_X22Y48       DSP_OUTPUT (Prop_DSP_OUTPUT_DSP48E2_ALU_OUT[47]_PCOUT[47])
                                                      0.122     1.693 r  u_dut/u_frontend/u_memory_dpd/g_lane[1].u_dpd/r4_full_s2[0]__1/DSP_OUTPUT_INST/PCOUT[47]
                         net (fo=1, routed)           0.014     1.707    u_dut/u_frontend/u_memory_dpd/g_lane[1].u_dpd/r4_full_s2[0]__2/PCIN[47]
    DSP48E2_X22Y49       DSP_ALU (Prop_DSP_ALU_DSP48E2_PCIN[47]_ALU_OUT[16])
                                                      0.546     2.253 f  u_dut/u_frontend/u_memory_dpd/g_lane[1].u_dpd/r4_full_s2[0]__2/DSP_ALU_INST/ALU_OUT[16]
                         net (fo=1, routed)           0.000     2.253    u_dut/u_frontend/u_memory_dpd/g_lane[1].u_dpd/r4_full_s2[0]__2/DSP_ALU.ALU_OUT<16>
    DSP48E2_X22Y49       DSP_OUTPUT (Prop_DSP_OUTPUT_DSP48E2_ALU_OUT[16]_P[16])
                                                      0.109     2.362 r  u_dut/u_frontend/u_memory_dpd/g_lane[1].u_dpd/r4_full_s2[0]__2/DSP_OUTPUT_INST/P[16]
                         net (fo=2, routed)           0.694     3.056    u_dut/u_frontend/u_memory_dpd/g_lane[1].u_dpd/r4_full_s2[0]__2_n_89
    SLICE_X93Y122        LUT2 (Prop_B6LUT_SLICEM_I0_O)
                                                      0.149     3.205 r  u_dut/u_frontend/u_memory_dpd/g_lane[1].u_dpd/p_204_out__0_i_16/O
                         net (fo=1, routed)           0.016     3.221    u_dut/u_frontend/u_memory_dpd/g_lane[1].u_dpd/p_204_out__0_i_16_n_0
    SLICE_X93Y122        CARRY8 (Prop_CARRY8_SLICEM_S[1]_CO[7])
                                                      0.190     3.411 r  u_dut/u_frontend/u_memory_dpd/g_lane[1].u_dpd/p_204_out__0_i_2/CO[7]
                         net (fo=1, routed)           0.026     3.437    u_dut/u_frontend/u_memory_dpd/g_lane[1].u_dpd/p_204_out__0_i_2_n_0
    SLICE_X93Y123        CARRY8 (Prop_CARRY8_SLICEM_CI_O[5])
                                                      0.116     3.553 r  u_dut/u_frontend/u_memory_dpd/g_lane[1].u_dpd/p_204_out__0_i_1/O[5]
                         net (fo=2, routed)           0.437     3.990    u_dut/u_frontend/u_memory_dpd/g_lane[1].u_dpd/p_204_out__0/B[13]
    DSP48E2_X17Y51       DSP_A_B_DATA                                 r  u_dut/u_frontend/u_memory_dpd/g_lane[1].u_dpd/p_204_out__0/DSP_A_B_DATA_INST/B[13]
  -------------------------------------------------------------------    -------------------

                         (clock core_clk rise edge)
                                                      4.571     4.571 r  
                                                      0.000     4.571 r  clk218 (IN)
                         net (fo=103766, unset)       0.043     4.614    u_dut/u_frontend/u_memory_dpd/g_lane[1].u_dpd/p_204_out__0/CLK
    DSP48E2_X17Y51       DSP_A_B_DATA                                 r  u_dut/u_frontend/u_memory_dpd/g_lane[1].u_dpd/p_204_out__0/DSP_A_B_DATA_INST/CLK
                         clock pessimism              0.000     4.614    
                         clock uncertainty           -0.035     4.579    
    DSP48E2_X17Y51       DSP_A_B_DATA (Setup_DSP_A_B_DATA_DSP48E2_CLK_B[13])
                                                     -0.253     4.326    u_dut/u_frontend/u_memory_dpd/g_lane[1].u_dpd/p_204_out__0/DSP_A_B_DATA_INST
  -------------------------------------------------------------------
                         required time                          4.326    
                         arrival time                          -3.990    
  -------------------------------------------------------------------
                         slack                                  0.336    

Slack (MET) :             0.339ns  (required time - arrival time)
  Source:                 u_dut/u_frontend/u_memory_dpd/g_lane[1].u_dpd/r4_full_s2[0]__1/DSP_A_B_DATA_INST/CLK
                            (rising edge-triggered cell DSP_A_B_DATA clocked by core_clk  {rise@0.000ns fall@2.286ns period=4.571ns})
  Destination:            u_dut/u_frontend/u_memory_dpd/g_lane[1].u_dpd/p_204_out/DSP_A_B_DATA_INST/A[13]
                            (rising edge-triggered cell DSP_A_B_DATA clocked by core_clk  {rise@0.000ns fall@2.286ns period=4.571ns})
  Path Group:             core_clk
  Path Type:              Setup (Max at Slow Process Corner)
  Requirement:            4.571ns  (core_clk rise@4.571ns - core_clk rise@0.000ns)
  Data Path Delay:        3.907ns  (logic 2.586ns (66.184%)  route 1.321ns (33.816%))
  Logic Levels:           10  (CARRY8=2 DSP_ALU=2 DSP_M_DATA=1 DSP_MULTIPLIER=1 DSP_OUTPUT=2 DSP_PREADD_DATA=1 LUT2=1)
  Clock Path Skew:        -0.017ns (DCD - SCD + CPR)
    Destination Clock Delay (DCD):    0.043ns = ( 4.614 - 4.571 ) 
    Source Clock Delay      (SCD):    0.060ns
    Clock Pessimism Removal (CPR):    0.000ns
  Clock Uncertainty:      0.035ns  ((TSJ^2 + TIJ^2)^1/2 + DJ) / 2 + PE
    Total System Jitter     (TSJ):    0.071ns
    Total Input Jitter      (TIJ):    0.000ns
    Discrete Jitter          (DJ):    0.000ns
    Phase Error              (PE):    0.000ns

    Location             Delay type                Incr(ns)  Path(ns)    Netlist Resource(s)
  -------------------------------------------------------------------    -------------------
                         (clock core_clk rise edge)
                                                      0.000     0.000 r  
                                                      0.000     0.000 r  clk218 (IN)
                         net (fo=103766, unset)       0.060     0.060    u_dut/u_frontend/u_memory_dpd/g_lane[1].u_dpd/r4_full_s2[0]__1/CLK
    DSP48E2_X22Y48       DSP_A_B_DATA                                 r  u_dut/u_frontend/u_memory_dpd/g_lane[1].u_dpd/r4_full_s2[0]__1/DSP_A_B_DATA_INST/CLK
  -------------------------------------------------------------------    -------------------
    DSP48E2_X22Y48       DSP_A_B_DATA (Prop_DSP_A_B_DATA_DSP48E2_CLK_B2_DATA[17])
                                                      0.212     0.272 r  u_dut/u_frontend/u_memory_dpd/g_lane[1].u_dpd/r4_full_s2[0]__1/DSP_A_B_DATA_INST/B2_DATA[17]
                         net (fo=1, routed)           0.000     0.272    u_dut/u_frontend/u_memory_dpd/g_lane[1].u_dpd/r4_full_s2[0]__1/DSP_A_B_DATA.B2_DATA<17>
    DSP48E2_X22Y48       DSP_PREADD_DATA (Prop_DSP_PREADD_DATA_DSP48E2_B2_DATA[17]_B2B1[17])
                                                      0.073     0.345 r  u_dut/u_frontend/u_memory_dpd/g_lane[1].u_dpd/r4_full_s2[0]__1/DSP_PREADD_DATA_INST/B2B1[17]
                         net (fo=1, routed)           0.000     0.345    u_dut/u_frontend/u_memory_dpd/g_lane[1].u_dpd/r4_full_s2[0]__1/DSP_PREADD_DATA.B2B1<17>
    DSP48E2_X22Y48       DSP_MULTIPLIER (Prop_DSP_MULTIPLIER_DSP48E2_B2B1[17]_V[43])
                                                      0.609     0.954 f  u_dut/u_frontend/u_memory_dpd/g_lane[1].u_dpd/r4_full_s2[0]__1/DSP_MULTIPLIER_INST/V[43]
                         net (fo=1, routed)           0.000     0.954    u_dut/u_frontend/u_memory_dpd/g_lane[1].u_dpd/r4_full_s2[0]__1/DSP_MULTIPLIER.V<43>
    DSP48E2_X22Y48       DSP_M_DATA (Prop_DSP_M_DATA_DSP48E2_V[43]_V_DATA[43])
                                                      0.046     1.000 r  u_dut/u_frontend/u_memory_dpd/g_lane[1].u_dpd/r4_full_s2[0]__1/DSP_M_DATA_INST/V_DATA[43]
                         net (fo=1, routed)           0.000     1.000    u_dut/u_frontend/u_memory_dpd/g_lane[1].u_dpd/r4_full_s2[0]__1/DSP_M_DATA.V_DATA<43>
    DSP48E2_X22Y48       DSP_ALU (Prop_DSP_ALU_DSP48E2_V_DATA[43]_ALU_OUT[47])
                                                      0.571     1.571 f  u_dut/u_frontend/u_memory_dpd/g_lane[1].u_dpd/r4_full_s2[0]__1/DSP_ALU_INST/ALU_OUT[47]
                         net (fo=1, routed)           0.000     1.571    u_dut/u_frontend/u_memory_dpd/g_lane[1].u_dpd/r4_full_s2[0]__1/DSP_ALU.ALU_OUT<47>
    DSP48E2_X22Y48       DSP_OUTPUT (Prop_DSP_OUTPUT_DSP48E2_ALU_OUT[47]_PCOUT[47])
                                                      0.122     1.693 r  u_dut/u_frontend/u_memory_dpd/g_lane[1].u_dpd/r4_full_s2[0]__1/DSP_OUTPUT_INST/PCOUT[47]
                         net (fo=1, routed)           0.014     1.707    u_dut/u_frontend/u_memory_dpd/g_lane[1].u_dpd/r4_full_s2[0]__2/PCIN[47]
    DSP48E2_X22Y49       DSP_ALU (Prop_DSP_ALU_DSP48E2_PCIN[47]_ALU_OUT[1])
                                                      0.546     2.253 f  u_dut/u_frontend/u_memory_dpd/g_lane[1].u_dpd/r4_full_s2[0]__2/DSP_ALU_INST/ALU_OUT[1]
                         net (fo=1, routed)           0.000     2.253    u_dut/u_frontend/u_memory_dpd/g_lane[1].u_dpd/r4_full_s2[0]__2/DSP_ALU.ALU_OUT<1>
    DSP48E2_X22Y49       DSP_OUTPUT (Prop_DSP_OUTPUT_DSP48E2_ALU_OUT[1]_P[1])
                                                      0.109     2.362 r  u_dut/u_frontend/u_memory_dpd/g_lane[1].u_dpd/r4_full_s2[0]__2/DSP_OUTPUT_INST/P[1]
                         net (fo=2, routed)           0.721     3.083    u_dut/u_frontend/u_memory_dpd/g_lane[1].u_dpd/r4_full_s2[0]__2_n_104
    SLICE_X93Y120        LUT2 (Prop_C6LUT_SLICEM_I0_O)
                                                      0.051     3.134 r  u_dut/u_frontend/u_memory_dpd/g_lane[1].u_dpd/p_204_out_i_16/O
                         net (fo=1, routed)           0.021     3.155    u_dut/u_frontend/u_memory_dpd/g_lane[1].u_dpd/p_204_out_i_16_n_0
    SLICE_X93Y120        CARRY8 (Prop_CARRY8_SLICEM_S[2]_CO[7])
                                                      0.161     3.316 r  u_dut/u_frontend/u_memory_dpd/g_lane[1].u_dpd/p_204_out_i_2/CO[7]
                         net (fo=1, routed)           0.026     3.342    u_dut/u_frontend/u_memory_dpd/g_lane[1].u_dpd/p_204_out_i_2_n_0
    SLICE_X93Y121        CARRY8 (Prop_CARRY8_SLICEM_CI_O[4])
                                                      0.086     3.428 r  u_dut/u_frontend/u_memory_dpd/g_lane[1].u_dpd/p_204_out_i_1/O[4]
                         net (fo=2, routed)           0.540     3.967    u_dut/u_frontend/u_memory_dpd/g_lane[1].u_dpd/p_204_out/A[13]
    DSP48E2_X17Y50       DSP_A_B_DATA                                 r  u_dut/u_frontend/u_memory_dpd/g_lane[1].u_dpd/p_204_out/DSP_A_B_DATA_INST/A[13]
  -------------------------------------------------------------------    -------------------

                         (clock core_clk rise edge)
                                                      4.571     4.571 r  
                                                      0.000     4.571 r  clk218 (IN)
                         net (fo=103766, unset)       0.043     4.614    u_dut/u_frontend/u_memory_dpd/g_lane[1].u_dpd/p_204_out/CLK
    DSP48E2_X17Y50       DSP_A_B_DATA                                 r  u_dut/u_frontend/u_memory_dpd/g_lane[1].u_dpd/p_204_out/DSP_A_B_DATA_INST/CLK
                         clock pessimism              0.000     4.614    
                         clock uncertainty           -0.035     4.579    
    DSP48E2_X17Y50       DSP_A_B_DATA (Setup_DSP_A_B_DATA_DSP48E2_CLK_A[13])
                                                     -0.272     4.307    u_dut/u_frontend/u_memory_dpd/g_lane[1].u_dpd/p_204_out/DSP_A_B_DATA_INST
  -------------------------------------------------------------------
                         required time                          4.307    
                         arrival time                          -3.967    
  -------------------------------------------------------------------
                         slack                                  0.339    

Slack (MET) :             0.342ns  (required time - arrival time)
  Source:                 u_dut/u_frontend/u_memory_dpd/g_lane[1].u_dpd/r4_full_s2[0]__1/DSP_A_B_DATA_INST/CLK
                            (rising edge-triggered cell DSP_A_B_DATA clocked by core_clk  {rise@0.000ns fall@2.286ns period=4.571ns})
  Destination:            u_dut/u_frontend/u_memory_dpd/g_lane[1].u_dpd/p_204_out/DSP_A_B_DATA_INST/A[16]
                            (rising edge-triggered cell DSP_A_B_DATA clocked by core_clk  {rise@0.000ns fall@2.286ns period=4.571ns})
  Path Group:             core_clk
  Path Type:              Setup (Max at Slow Process Corner)
  Requirement:            4.571ns  (core_clk rise@4.571ns - core_clk rise@0.000ns)
  Data Path Delay:        3.922ns  (logic 2.616ns (66.708%)  route 1.306ns (33.292%))
  Logic Levels:           10  (CARRY8=2 DSP_ALU=2 DSP_M_DATA=1 DSP_MULTIPLIER=1 DSP_OUTPUT=2 DSP_PREADD_DATA=1 LUT2=1)
  Clock Path Skew:        -0.017ns (DCD - SCD + CPR)
    Destination Clock Delay (DCD):    0.043ns = ( 4.614 - 4.571 ) 
    Source Clock Delay      (SCD):    0.060ns
    Clock Pessimism Removal (CPR):    0.000ns
  Clock Uncertainty:      0.035ns  ((TSJ^2 + TIJ^2)^1/2 + DJ) / 2 + PE
    Total System Jitter     (TSJ):    0.071ns
    Total Input Jitter      (TIJ):    0.000ns
    Discrete Jitter          (DJ):    0.000ns
    Phase Error              (PE):    0.000ns

    Location             Delay type                Incr(ns)  Path(ns)    Netlist Resource(s)
  -------------------------------------------------------------------    -------------------
                         (clock core_clk rise edge)
                                                      0.000     0.000 r  
                                                      0.000     0.000 r  clk218 (IN)
                         net (fo=103766, unset)       0.060     0.060    u_dut/u_frontend/u_memory_dpd/g_lane[1].u_dpd/r4_full_s2[0]__1/CLK
    DSP48E2_X22Y48       DSP_A_B_DATA                                 r  u_dut/u_frontend/u_memory_dpd/g_lane[1].u_dpd/r4_full_s2[0]__1/DSP_A_B_DATA_INST/CLK
  -------------------------------------------------------------------    -------------------
    DSP48E2_X22Y48       DSP_A_B_DATA (Prop_DSP_A_B_DATA_DSP48E2_CLK_B2_DATA[17])
                                                      0.212     0.272 r  u_dut/u_frontend/u_memory_dpd/g_lane[1].u_dpd/r4_full_s2[0]__1/DSP_A_B_DATA_INST/B2_DATA[17]
                         net (fo=1, routed)           0.000     0.272    u_dut/u_frontend/u_memory_dpd/g_lane[1].u_dpd/r4_full_s2[0]__1/DSP_A_B_DATA.B2_DATA<17>
    DSP48E2_X22Y48       DSP_PREADD_DATA (Prop_DSP_PREADD_DATA_DSP48E2_B2_DATA[17]_B2B1[17])
                                                      0.073     0.345 r  u_dut/u_frontend/u_memory_dpd/g_lane[1].u_dpd/r4_full_s2[0]__1/DSP_PREADD_DATA_INST/B2B1[17]
                         net (fo=1, routed)           0.000     0.345    u_dut/u_frontend/u_memory_dpd/g_lane[1].u_dpd/r4_full_s2[0]__1/DSP_PREADD_DATA.B2B1<17>
    DSP48E2_X22Y48       DSP_MULTIPLIER (Prop_DSP_MULTIPLIER_DSP48E2_B2B1[17]_V[43])
                                                      0.609     0.954 f  u_dut/u_frontend/u_memory_dpd/g_lane[1].u_dpd/r4_full_s2[0]__1/DSP_MULTIPLIER_INST/V[43]
                         net (fo=1, routed)           0.000     0.954    u_dut/u_frontend/u_memory_dpd/g_lane[1].u_dpd/r4_full_s2[0]__1/DSP_MULTIPLIER.V<43>
    DSP48E2_X22Y48       DSP_M_DATA (Prop_DSP_M_DATA_DSP48E2_V[43]_V_DATA[43])
                                                      0.046     1.000 r  u_dut/u_frontend/u_memory_dpd/g_lane[1].u_dpd/r4_full_s2[0]__1/DSP_M_DATA_INST/V_DATA[43]
                         net (fo=1, routed)           0.000     1.000    u_dut/u_frontend/u_memory_dpd/g_lane[1].u_dpd/r4_full_s2[0]__1/DSP_M_DATA.V_DATA<43>
    DSP48E2_X22Y48       DSP_ALU (Prop_DSP_ALU_DSP48E2_V_DATA[43]_ALU_OUT[47])
                                                      0.571     1.571 f  u_dut/u_frontend/u_memory_dpd/g_lane[1].u_dpd/r4_full_s2[0]__1/DSP_ALU_INST/ALU_OUT[47]
                         net (fo=1, routed)           0.000     1.571    u_dut/u_frontend/u_memory_dpd/g_lane[1].u_dpd/r4_full_s2[0]__1/DSP_ALU.ALU_OUT<47>
    DSP48E2_X22Y48       DSP_OUTPUT (Prop_DSP_OUTPUT_DSP48E2_ALU_OUT[47]_PCOUT[47])
                                                      0.122     1.693 r  u_dut/u_frontend/u_memory_dpd/g_lane[1].u_dpd/r4_full_s2[0]__1/DSP_OUTPUT_INST/PCOUT[47]
                         net (fo=1, routed)           0.014     1.707    u_dut/u_frontend/u_memory_dpd/g_lane[1].u_dpd/r4_full_s2[0]__2/PCIN[47]
    DSP48E2_X22Y49       DSP_ALU (Prop_DSP_ALU_DSP48E2_PCIN[47]_ALU_OUT[1])
                                                      0.546     2.253 f  u_dut/u_frontend/u_memory_dpd/g_lane[1].u_dpd/r4_full_s2[0]__2/DSP_ALU_INST/ALU_OUT[1]
                         net (fo=1, routed)           0.000     2.253    u_dut/u_frontend/u_memory_dpd/g_lane[1].u_dpd/r4_full_s2[0]__2/DSP_ALU.ALU_OUT<1>
    DSP48E2_X22Y49       DSP_OUTPUT (Prop_DSP_OUTPUT_DSP48E2_ALU_OUT[1]_P[1])
                                                      0.109     2.362 r  u_dut/u_frontend/u_memory_dpd/g_lane[1].u_dpd/r4_full_s2[0]__2/DSP_OUTPUT_INST/P[1]
                         net (fo=2, routed)           0.721     3.083    u_dut/u_frontend/u_memory_dpd/g_lane[1].u_dpd/r4_full_s2[0]__2_n_104
    SLICE_X93Y120        LUT2 (Prop_C6LUT_SLICEM_I0_O)
                                                      0.051     3.134 r  u_dut/u_frontend/u_memory_dpd/g_lane[1].u_dpd/p_204_out_i_16/O
                         net (fo=1, routed)           0.021     3.155    u_dut/u_frontend/u_memory_dpd/g_lane[1].u_dpd/p_204_out_i_16_n_0
    SLICE_X93Y120        CARRY8 (Prop_CARRY8_SLICEM_S[2]_CO[7])
                                                      0.161     3.316 r  u_dut/u_frontend/u_memory_dpd/g_lane[1].u_dpd/p_204_out_i_2/CO[7]
                         net (fo=1, routed)           0.026     3.342    u_dut/u_frontend/u_memory_dpd/g_lane[1].u_dpd/p_204_out_i_2_n_0
    SLICE_X93Y121        CARRY8 (Prop_CARRY8_SLICEM_CI_O[7])
                                                      0.116     3.458 r  u_dut/u_frontend/u_memory_dpd/g_lane[1].u_dpd/p_204_out_i_1/O[7]
                         net (fo=2, routed)           0.524     3.982    u_dut/u_frontend/u_memory_dpd/g_lane[1].u_dpd/p_204_out/A[16]
    DSP48E2_X17Y50       DSP_A_B_DATA                                 r  u_dut/u_frontend/u_memory_dpd/g_lane[1].u_dpd/p_204_out/DSP_A_B_DATA_INST/A[16]
  -------------------------------------------------------------------    -------------------

                         (clock core_clk rise edge)
                                                      4.571     4.571 r  
                                                      0.000     4.571 r  clk218 (IN)
                         net (fo=103766, unset)       0.043     4.614    u_dut/u_frontend/u_memory_dpd/g_lane[1].u_dpd/p_204_out/CLK
    DSP48E2_X17Y50       DSP_A_B_DATA                                 r  u_dut/u_frontend/u_memory_dpd/g_lane[1].u_dpd/p_204_out/DSP_A_B_DATA_INST/CLK
                         clock pessimism              0.000     4.614    
                         clock uncertainty           -0.035     4.579    
    DSP48E2_X17Y50       DSP_A_B_DATA (Setup_DSP_A_B_DATA_DSP48E2_CLK_A[16])
                                                     -0.255     4.324    u_dut/u_frontend/u_memory_dpd/g_lane[1].u_dpd/p_204_out/DSP_A_B_DATA_INST
  -------------------------------------------------------------------
                         required time                          4.324    
                         arrival time                          -3.982    
  -------------------------------------------------------------------
                         slack                                  0.342    

Slack (MET) :             0.344ns  (required time - arrival time)
  Source:                 u_dut/u_frontend/u_memory_dpd/g_lane[1].u_dpd/r4_full_s2[0]__1/DSP_A_B_DATA_INST/CLK
                            (rising edge-triggered cell DSP_A_B_DATA clocked by core_clk  {rise@0.000ns fall@2.286ns period=4.571ns})
  Destination:            u_dut/u_frontend/u_memory_dpd/g_lane[1].u_dpd/p_205_out__0/DSP_A_B_DATA_INST/B[5]
                            (rising edge-triggered cell DSP_A_B_DATA clocked by core_clk  {rise@0.000ns fall@2.286ns period=4.571ns})
  Path Group:             core_clk
  Path Type:              Setup (Max at Slow Process Corner)
  Requirement:            4.571ns  (core_clk rise@4.571ns - core_clk rise@0.000ns)
  Data Path Delay:        3.914ns  (logic 2.631ns (67.228%)  route 1.283ns (32.772%))
  Logic Levels:           11  (CARRY8=3 DSP_ALU=2 DSP_M_DATA=1 DSP_MULTIPLIER=1 DSP_OUTPUT=2 DSP_PREADD_DATA=1 LUT2=1)
  Clock Path Skew:        -0.017ns (DCD - SCD + CPR)
    Destination Clock Delay (DCD):    0.043ns = ( 4.614 - 4.571 ) 
    Source Clock Delay      (SCD):    0.060ns
    Clock Pessimism Removal (CPR):    0.000ns
  Clock Uncertainty:      0.035ns  ((TSJ^2 + TIJ^2)^1/2 + DJ) / 2 + PE
    Total System Jitter     (TSJ):    0.071ns
    Total Input Jitter      (TIJ):    0.000ns
    Discrete Jitter          (DJ):    0.000ns
    Phase Error              (PE):    0.000ns

    Location             Delay type                Incr(ns)  Path(ns)    Netlist Resource(s)
  -------------------------------------------------------------------    -------------------
                         (clock core_clk rise edge)
                                                      0.000     0.000 r  
                                                      0.000     0.000 r  clk218 (IN)
                         net (fo=103766, unset)       0.060     0.060    u_dut/u_frontend/u_memory_dpd/g_lane[1].u_dpd/r4_full_s2[0]__1/CLK
    DSP48E2_X22Y48       DSP_A_B_DATA                                 r  u_dut/u_frontend/u_memory_dpd/g_lane[1].u_dpd/r4_full_s2[0]__1/DSP_A_B_DATA_INST/CLK
  -------------------------------------------------------------------    -------------------
    DSP48E2_X22Y48       DSP_A_B_DATA (Prop_DSP_A_B_DATA_DSP48E2_CLK_B2_DATA[17])
                                                      0.212     0.272 r  u_dut/u_frontend/u_memory_dpd/g_lane[1].u_dpd/r4_full_s2[0]__1/DSP_A_B_DATA_INST/B2_DATA[17]
                         net (fo=1, routed)           0.000     0.272    u_dut/u_frontend/u_memory_dpd/g_lane[1].u_dpd/r4_full_s2[0]__1/DSP_A_B_DATA.B2_DATA<17>
    DSP48E2_X22Y48       DSP_PREADD_DATA (Prop_DSP_PREADD_DATA_DSP48E2_B2_DATA[17]_B2B1[17])
                                                      0.073     0.345 r  u_dut/u_frontend/u_memory_dpd/g_lane[1].u_dpd/r4_full_s2[0]__1/DSP_PREADD_DATA_INST/B2B1[17]
                         net (fo=1, routed)           0.000     0.345    u_dut/u_frontend/u_memory_dpd/g_lane[1].u_dpd/r4_full_s2[0]__1/DSP_PREADD_DATA.B2B1<17>
    DSP48E2_X22Y48       DSP_MULTIPLIER (Prop_DSP_MULTIPLIER_DSP48E2_B2B1[17]_V[43])
                                                      0.609     0.954 f  u_dut/u_frontend/u_memory_dpd/g_lane[1].u_dpd/r4_full_s2[0]__1/DSP_MULTIPLIER_INST/V[43]
                         net (fo=1, routed)           0.000     0.954    u_dut/u_frontend/u_memory_dpd/g_lane[1].u_dpd/r4_full_s2[0]__1/DSP_MULTIPLIER.V<43>
    DSP48E2_X22Y48       DSP_M_DATA (Prop_DSP_M_DATA_DSP48E2_V[43]_V_DATA[43])
                                                      0.046     1.000 r  u_dut/u_frontend/u_memory_dpd/g_lane[1].u_dpd/r4_full_s2[0]__1/DSP_M_DATA_INST/V_DATA[43]
                         net (fo=1, routed)           0.000     1.000    u_dut/u_frontend/u_memory_dpd/g_lane[1].u_dpd/r4_full_s2[0]__1/DSP_M_DATA.V_DATA<43>
    DSP48E2_X22Y48       DSP_ALU (Prop_DSP_ALU_DSP48E2_V_DATA[43]_ALU_OUT[47])
                                                      0.571     1.571 f  u_dut/u_frontend/u_memory_dpd/g_lane[1].u_dpd/r4_full_s2[0]__1/DSP_ALU_INST/ALU_OUT[47]
                         net (fo=1, routed)           0.000     1.571    u_dut/u_frontend/u_memory_dpd/g_lane[1].u_dpd/r4_full_s2[0]__1/DSP_ALU.ALU_OUT<47>
    DSP48E2_X22Y48       DSP_OUTPUT (Prop_DSP_OUTPUT_DSP48E2_ALU_OUT[47]_PCOUT[47])
                                                      0.122     1.693 r  u_dut/u_frontend/u_memory_dpd/g_lane[1].u_dpd/r4_full_s2[0]__1/DSP_OUTPUT_INST/PCOUT[47]
                         net (fo=1, routed)           0.014     1.707    u_dut/u_frontend/u_memory_dpd/g_lane[1].u_dpd/r4_full_s2[0]__2/PCIN[47]
    DSP48E2_X22Y49       DSP_ALU (Prop_DSP_ALU_DSP48E2_PCIN[47]_ALU_OUT[1])
                                                      0.546     2.253 f  u_dut/u_frontend/u_memory_dpd/g_lane[1].u_dpd/r4_full_s2[0]__2/DSP_ALU_INST/ALU_OUT[1]
                         net (fo=1, routed)           0.000     2.253    u_dut/u_frontend/u_memory_dpd/g_lane[1].u_dpd/r4_full_s2[0]__2/DSP_ALU.ALU_OUT<1>
    DSP48E2_X22Y49       DSP_OUTPUT (Prop_DSP_OUTPUT_DSP48E2_ALU_OUT[1]_P[1])
                                                      0.109     2.362 r  u_dut/u_frontend/u_memory_dpd/g_lane[1].u_dpd/r4_full_s2[0]__2/DSP_OUTPUT_INST/P[1]
                         net (fo=2, routed)           0.721     3.083    u_dut/u_frontend/u_memory_dpd/g_lane[1].u_dpd/r4_full_s2[0]__2_n_104
    SLICE_X93Y120        LUT2 (Prop_C6LUT_SLICEM_I0_O)
                                                      0.051     3.134 r  u_dut/u_frontend/u_memory_dpd/g_lane[1].u_dpd/p_204_out_i_16/O
                         net (fo=1, routed)           0.021     3.155    u_dut/u_frontend/u_memory_dpd/g_lane[1].u_dpd/p_204_out_i_16_n_0
    SLICE_X93Y120        CARRY8 (Prop_CARRY8_SLICEM_S[2]_CO[7])
                                                      0.161     3.316 r  u_dut/u_frontend/u_memory_dpd/g_lane[1].u_dpd/p_204_out_i_2/CO[7]
                         net (fo=1, routed)           0.026     3.342    u_dut/u_frontend/u_memory_dpd/g_lane[1].u_dpd/p_204_out_i_2_n_0
    SLICE_X93Y121        CARRY8 (Prop_CARRY8_SLICEM_CI_CO[7])
                                                      0.015     3.357 r  u_dut/u_frontend/u_memory_dpd/g_lane[1].u_dpd/p_204_out_i_1/CO[7]
                         net (fo=1, routed)           0.026     3.383    u_dut/u_frontend/u_memory_dpd/g_lane[1].u_dpd/p_204_out_i_1_n_0
    SLICE_X93Y122        CARRY8 (Prop_CARRY8_SLICEM_CI_O[5])
                                                      0.116     3.499 r  u_dut/u_frontend/u_memory_dpd/g_lane[1].u_dpd/p_204_out__0_i_2/O[5]
                         net (fo=2, routed)           0.475     3.974    u_dut/u_frontend/u_memory_dpd/g_lane[1].u_dpd/p_205_out__0/B[5]
    DSP48E2_X17Y49       DSP_A_B_DATA                                 r  u_dut/u_frontend/u_memory_dpd/g_lane[1].u_dpd/p_205_out__0/DSP_A_B_DATA_INST/B[5]
  -------------------------------------------------------------------    -------------------

                         (clock core_clk rise edge)
                                                      4.571     4.571 r  
                                                      0.000     4.571 r  clk218 (IN)
                         net (fo=103766, unset)       0.043     4.614    u_dut/u_frontend/u_memory_dpd/g_lane[1].u_dpd/p_205_out__0/CLK
    DSP48E2_X17Y49       DSP_A_B_DATA                                 r  u_dut/u_frontend/u_memory_dpd/g_lane[1].u_dpd/p_205_out__0/DSP_A_B_DATA_INST/CLK
                         clock pessimism              0.000     4.614    
                         clock uncertainty           -0.035     4.579    
    DSP48E2_X17Y49       DSP_A_B_DATA (Setup_DSP_A_B_DATA_DSP48E2_CLK_B[5])
                                                     -0.261     4.318    u_dut/u_frontend/u_memory_dpd/g_lane[1].u_dpd/p_205_out__0/DSP_A_B_DATA_INST
  -------------------------------------------------------------------
                         required time                          4.318    
                         arrival time                          -3.974    
  -------------------------------------------------------------------
                         slack                                  0.344    

Slack (MET) :             0.346ns  (required time - arrival time)
  Source:                 u_dut/u_frontend/u_memory_dpd/g_lane[1].u_dpd/r4_full_s2[0]__1/DSP_A_B_DATA_INST/CLK
                            (rising edge-triggered cell DSP_A_B_DATA clocked by core_clk  {rise@0.000ns fall@2.286ns period=4.571ns})
  Destination:            u_dut/u_frontend/u_memory_dpd/g_lane[1].u_dpd/p_204_out__0/DSP_A_B_DATA_INST/B[5]
                            (rising edge-triggered cell DSP_A_B_DATA clocked by core_clk  {rise@0.000ns fall@2.286ns period=4.571ns})
  Path Group:             core_clk
  Path Type:              Setup (Max at Slow Process Corner)
  Requirement:            4.571ns  (core_clk rise@4.571ns - core_clk rise@0.000ns)
  Data Path Delay:        3.912ns  (logic 2.631ns (67.262%)  route 1.281ns (32.738%))
  Logic Levels:           11  (CARRY8=3 DSP_ALU=2 DSP_M_DATA=1 DSP_MULTIPLIER=1 DSP_OUTPUT=2 DSP_PREADD_DATA=1 LUT2=1)
  Clock Path Skew:        -0.017ns (DCD - SCD + CPR)
    Destination Clock Delay (DCD):    0.043ns = ( 4.614 - 4.571 ) 
    Source Clock Delay      (SCD):    0.060ns
    Clock Pessimism Removal (CPR):    0.000ns
  Clock Uncertainty:      0.035ns  ((TSJ^2 + TIJ^2)^1/2 + DJ) / 2 + PE
    Total System Jitter     (TSJ):    0.071ns
    Total Input Jitter      (TIJ):    0.000ns
    Discrete Jitter          (DJ):    0.000ns
    Phase Error              (PE):    0.000ns

    Location             Delay type                Incr(ns)  Path(ns)    Netlist Resource(s)
  -------------------------------------------------------------------    -------------------
                         (clock core_clk rise edge)
                                                      0.000     0.000 r  
                                                      0.000     0.000 r  clk218 (IN)
                         net (fo=103766, unset)       0.060     0.060    u_dut/u_frontend/u_memory_dpd/g_lane[1].u_dpd/r4_full_s2[0]__1/CLK
    DSP48E2_X22Y48       DSP_A_B_DATA                                 r  u_dut/u_frontend/u_memory_dpd/g_lane[1].u_dpd/r4_full_s2[0]__1/DSP_A_B_DATA_INST/CLK
  -------------------------------------------------------------------    -------------------
    DSP48E2_X22Y48       DSP_A_B_DATA (Prop_DSP_A_B_DATA_DSP48E2_CLK_B2_DATA[17])
                                                      0.212     0.272 r  u_dut/u_frontend/u_memory_dpd/g_lane[1].u_dpd/r4_full_s2[0]__1/DSP_A_B_DATA_INST/B2_DATA[17]
                         net (fo=1, routed)           0.000     0.272    u_dut/u_frontend/u_memory_dpd/g_lane[1].u_dpd/r4_full_s2[0]__1/DSP_A_B_DATA.B2_DATA<17>
    DSP48E2_X22Y48       DSP_PREADD_DATA (Prop_DSP_PREADD_DATA_DSP48E2_B2_DATA[17]_B2B1[17])
                                                      0.073     0.345 r  u_dut/u_frontend/u_memory_dpd/g_lane[1].u_dpd/r4_full_s2[0]__1/DSP_PREADD_DATA_INST/B2B1[17]
                         net (fo=1, routed)           0.000     0.345    u_dut/u_frontend/u_memory_dpd/g_lane[1].u_dpd/r4_full_s2[0]__1/DSP_PREADD_DATA.B2B1<17>
    DSP48E2_X22Y48       DSP_MULTIPLIER (Prop_DSP_MULTIPLIER_DSP48E2_B2B1[17]_V[43])
                                                      0.609     0.954 f  u_dut/u_frontend/u_memory_dpd/g_lane[1].u_dpd/r4_full_s2[0]__1/DSP_MULTIPLIER_INST/V[43]
                         net (fo=1, routed)           0.000     0.954    u_dut/u_frontend/u_memory_dpd/g_lane[1].u_dpd/r4_full_s2[0]__1/DSP_MULTIPLIER.V<43>
    DSP48E2_X22Y48       DSP_M_DATA (Prop_DSP_M_DATA_DSP48E2_V[43]_V_DATA[43])
                                                      0.046     1.000 r  u_dut/u_frontend/u_memory_dpd/g_lane[1].u_dpd/r4_full_s2[0]__1/DSP_M_DATA_INST/V_DATA[43]
                         net (fo=1, routed)           0.000     1.000    u_dut/u_frontend/u_memory_dpd/g_lane[1].u_dpd/r4_full_s2[0]__1/DSP_M_DATA.V_DATA<43>
    DSP48E2_X22Y48       DSP_ALU (Prop_DSP_ALU_DSP48E2_V_DATA[43]_ALU_OUT[47])
                                                      0.571     1.571 f  u_dut/u_frontend/u_memory_dpd/g_lane[1].u_dpd/r4_full_s2[0]__1/DSP_ALU_INST/ALU_OUT[47]
                         net (fo=1, routed)           0.000     1.571    u_dut/u_frontend/u_memory_dpd/g_lane[1].u_dpd/r4_full_s2[0]__1/DSP_ALU.ALU_OUT<47>
    DSP48E2_X22Y48       DSP_OUTPUT (Prop_DSP_OUTPUT_DSP48E2_ALU_OUT[47]_PCOUT[47])
                                                      0.122     1.693 r  u_dut/u_frontend/u_memory_dpd/g_lane[1].u_dpd/r4_full_s2[0]__1/DSP_OUTPUT_INST/PCOUT[47]
                         net (fo=1, routed)           0.014     1.707    u_dut/u_frontend/u_memory_dpd/g_lane[1].u_dpd/r4_full_s2[0]__2/PCIN[47]
    DSP48E2_X22Y49       DSP_ALU (Prop_DSP_ALU_DSP48E2_PCIN[47]_ALU_OUT[1])
                                                      0.546     2.253 f  u_dut/u_frontend/u_memory_dpd/g_lane[1].u_dpd/r4_full_s2[0]__2/DSP_ALU_INST/ALU_OUT[1]
                         net (fo=1, routed)           0.000     2.253    u_dut/u_frontend/u_memory_dpd/g_lane[1].u_dpd/r4_full_s2[0]__2/DSP_ALU.ALU_OUT<1>
    DSP48E2_X22Y49       DSP_OUTPUT (Prop_DSP_OUTPUT_DSP48E2_ALU_OUT[1]_P[1])
                                                      0.109     2.362 r  u_dut/u_frontend/u_memory_dpd/g_lane[1].u_dpd/r4_full_s2[0]__2/DSP_OUTPUT_INST/P[1]
                         net (fo=2, routed)           0.721     3.083    u_dut/u_frontend/u_memory_dpd/g_lane[1].u_dpd/r4_full_s2[0]__2_n_104
    SLICE_X93Y120        LUT2 (Prop_C6LUT_SLICEM_I0_O)
                                                      0.051     3.134 r  u_dut/u_frontend/u_memory_dpd/g_lane[1].u_dpd/p_204_out_i_16/O
                         net (fo=1, routed)           0.021     3.155    u_dut/u_frontend/u_memory_dpd/g_lane[1].u_dpd/p_204_out_i_16_n_0
    SLICE_X93Y120        CARRY8 (Prop_CARRY8_SLICEM_S[2]_CO[7])
                                                      0.161     3.316 r  u_dut/u_frontend/u_memory_dpd/g_lane[1].u_dpd/p_204_out_i_2/CO[7]
                         net (fo=1, routed)           0.026     3.342    u_dut/u_frontend/u_memory_dpd/g_lane[1].u_dpd/p_204_out_i_2_n_0
    SLICE_X93Y121        CARRY8 (Prop_CARRY8_SLICEM_CI_CO[7])
                                                      0.015     3.357 r  u_dut/u_frontend/u_memory_dpd/g_lane[1].u_dpd/p_204_out_i_1/CO[7]
                         net (fo=1, routed)           0.026     3.383    u_dut/u_frontend/u_memory_dpd/g_lane[1].u_dpd/p_204_out_i_1_n_0
    SLICE_X93Y122        CARRY8 (Prop_CARRY8_SLICEM_CI_O[5])
                                                      0.116     3.499 r  u_dut/u_frontend/u_memory_dpd/g_lane[1].u_dpd/p_204_out__0_i_2/O[5]
                         net (fo=2, routed)           0.473     3.972    u_dut/u_frontend/u_memory_dpd/g_lane[1].u_dpd/p_204_out__0/B[5]
    DSP48E2_X17Y51       DSP_A_B_DATA                                 r  u_dut/u_frontend/u_memory_dpd/g_lane[1].u_dpd/p_204_out__0/DSP_A_B_DATA_INST/B[5]
  -------------------------------------------------------------------    -------------------

                         (clock core_clk rise edge)
                                                      4.571     4.571 r  
                                                      0.000     4.571 r  clk218 (IN)
                         net (fo=103766, unset)       0.043     4.614    u_dut/u_frontend/u_memory_dpd/g_lane[1].u_dpd/p_204_out__0/CLK
    DSP48E2_X17Y51       DSP_A_B_DATA                                 r  u_dut/u_frontend/u_memory_dpd/g_lane[1].u_dpd/p_204_out__0/DSP_A_B_DATA_INST/CLK
                         clock pessimism              0.000     4.614    
                         clock uncertainty           -0.035     4.579    
    DSP48E2_X17Y51       DSP_A_B_DATA (Setup_DSP_A_B_DATA_DSP48E2_CLK_B[5])
                                                     -0.261     4.318    u_dut/u_frontend/u_memory_dpd/g_lane[1].u_dpd/p_204_out__0/DSP_A_B_DATA_INST
  -------------------------------------------------------------------
                         required time                          4.318    
                         arrival time                          -3.972    
  -------------------------------------------------------------------
                         slack                                  0.346    

Slack (MET) :             0.347ns  (required time - arrival time)
  Source:                 u_dut/u_frontend/u_memory_dpd/g_lane[1].u_dpd/r4_full_s2[0]__1/DSP_A_B_DATA_INST/CLK
                            (rising edge-triggered cell DSP_A_B_DATA clocked by core_clk  {rise@0.000ns fall@2.286ns period=4.571ns})
  Destination:            u_dut/u_frontend/u_memory_dpd/g_lane[1].u_dpd/p_205_out__0/DSP_A_B_DATA_INST/B[11]
                            (rising edge-triggered cell DSP_A_B_DATA clocked by core_clk  {rise@0.000ns fall@2.286ns period=4.571ns})
  Path Group:             core_clk
  Path Type:              Setup (Max at Slow Process Corner)
  Requirement:            4.571ns  (core_clk rise@4.571ns - core_clk rise@0.000ns)
  Data Path Delay:        3.907ns  (logic 2.709ns (69.339%)  route 1.198ns (30.661%))
  Logic Levels:           10  (CARRY8=2 DSP_ALU=2 DSP_M_DATA=1 DSP_MULTIPLIER=1 DSP_OUTPUT=2 DSP_PREADD_DATA=1 LUT2=1)
  Clock Path Skew:        -0.017ns (DCD - SCD + CPR)
    Destination Clock Delay (DCD):    0.043ns = ( 4.614 - 4.571 ) 
    Source Clock Delay      (SCD):    0.060ns
    Clock Pessimism Removal (CPR):    0.000ns
  Clock Uncertainty:      0.035ns  ((TSJ^2 + TIJ^2)^1/2 + DJ) / 2 + PE
    Total System Jitter     (TSJ):    0.071ns
    Total Input Jitter      (TIJ):    0.000ns
    Discrete Jitter          (DJ):    0.000ns
    Phase Error              (PE):    0.000ns

    Location             Delay type                Incr(ns)  Path(ns)    Netlist Resource(s)
  -------------------------------------------------------------------    -------------------
                         (clock core_clk rise edge)
                                                      0.000     0.000 r  
                                                      0.000     0.000 r  clk218 (IN)
                         net (fo=103766, unset)       0.060     0.060    u_dut/u_frontend/u_memory_dpd/g_lane[1].u_dpd/r4_full_s2[0]__1/CLK
    DSP48E2_X22Y48       DSP_A_B_DATA                                 r  u_dut/u_frontend/u_memory_dpd/g_lane[1].u_dpd/r4_full_s2[0]__1/DSP_A_B_DATA_INST/CLK
  -------------------------------------------------------------------    -------------------
    DSP48E2_X22Y48       DSP_A_B_DATA (Prop_DSP_A_B_DATA_DSP48E2_CLK_B2_DATA[17])
                                                      0.212     0.272 r  u_dut/u_frontend/u_memory_dpd/g_lane[1].u_dpd/r4_full_s2[0]__1/DSP_A_B_DATA_INST/B2_DATA[17]
                         net (fo=1, routed)           0.000     0.272    u_dut/u_frontend/u_memory_dpd/g_lane[1].u_dpd/r4_full_s2[0]__1/DSP_A_B_DATA.B2_DATA<17>
    DSP48E2_X22Y48       DSP_PREADD_DATA (Prop_DSP_PREADD_DATA_DSP48E2_B2_DATA[17]_B2B1[17])
                                                      0.073     0.345 r  u_dut/u_frontend/u_memory_dpd/g_lane[1].u_dpd/r4_full_s2[0]__1/DSP_PREADD_DATA_INST/B2B1[17]
                         net (fo=1, routed)           0.000     0.345    u_dut/u_frontend/u_memory_dpd/g_lane[1].u_dpd/r4_full_s2[0]__1/DSP_PREADD_DATA.B2B1<17>
    DSP48E2_X22Y48       DSP_MULTIPLIER (Prop_DSP_MULTIPLIER_DSP48E2_B2B1[17]_V[43])
                                                      0.609     0.954 f  u_dut/u_frontend/u_memory_dpd/g_lane[1].u_dpd/r4_full_s2[0]__1/DSP_MULTIPLIER_INST/V[43]
                         net (fo=1, routed)           0.000     0.954    u_dut/u_frontend/u_memory_dpd/g_lane[1].u_dpd/r4_full_s2[0]__1/DSP_MULTIPLIER.V<43>
    DSP48E2_X22Y48       DSP_M_DATA (Prop_DSP_M_DATA_DSP48E2_V[43]_V_DATA[43])
                                                      0.046     1.000 r  u_dut/u_frontend/u_memory_dpd/g_lane[1].u_dpd/r4_full_s2[0]__1/DSP_M_DATA_INST/V_DATA[43]
                         net (fo=1, routed)           0.000     1.000    u_dut/u_frontend/u_memory_dpd/g_lane[1].u_dpd/r4_full_s2[0]__1/DSP_M_DATA.V_DATA<43>
    DSP48E2_X22Y48       DSP_ALU (Prop_DSP_ALU_DSP48E2_V_DATA[43]_ALU_OUT[47])
                                                      0.571     1.571 f  u_dut/u_frontend/u_memory_dpd/g_lane[1].u_dpd/r4_full_s2[0]__1/DSP_ALU_INST/ALU_OUT[47]
                         net (fo=1, routed)           0.000     1.571    u_dut/u_frontend/u_memory_dpd/g_lane[1].u_dpd/r4_full_s2[0]__1/DSP_ALU.ALU_OUT<47>
    DSP48E2_X22Y48       DSP_OUTPUT (Prop_DSP_OUTPUT_DSP48E2_ALU_OUT[47]_PCOUT[47])
                                                      0.122     1.693 r  u_dut/u_frontend/u_memory_dpd/g_lane[1].u_dpd/r4_full_s2[0]__1/DSP_OUTPUT_INST/PCOUT[47]
                         net (fo=1, routed)           0.014     1.707    u_dut/u_frontend/u_memory_dpd/g_lane[1].u_dpd/r4_full_s2[0]__2/PCIN[47]
    DSP48E2_X22Y49       DSP_ALU (Prop_DSP_ALU_DSP48E2_PCIN[47]_ALU_OUT[16])
                                                      0.546     2.253 f  u_dut/u_frontend/u_memory_dpd/g_lane[1].u_dpd/r4_full_s2[0]__2/DSP_ALU_INST/ALU_OUT[16]
                         net (fo=1, routed)           0.000     2.253    u_dut/u_frontend/u_memory_dpd/g_lane[1].u_dpd/r4_full_s2[0]__2/DSP_ALU.ALU_OUT<16>
    DSP48E2_X22Y49       DSP_OUTPUT (Prop_DSP_OUTPUT_DSP48E2_ALU_OUT[16]_P[16])
                                                      0.109     2.362 r  u_dut/u_frontend/u_memory_dpd/g_lane[1].u_dpd/r4_full_s2[0]__2/DSP_OUTPUT_INST/P[16]
                         net (fo=2, routed)           0.694     3.056    u_dut/u_frontend/u_memory_dpd/g_lane[1].u_dpd/r4_full_s2[0]__2_n_89
    SLICE_X93Y122        LUT2 (Prop_B6LUT_SLICEM_I0_O)
                                                      0.149     3.205 r  u_dut/u_frontend/u_memory_dpd/g_lane[1].u_dpd/p_204_out__0_i_16/O
                         net (fo=1, routed)           0.016     3.221    u_dut/u_frontend/u_memory_dpd/g_lane[1].u_dpd/p_204_out__0_i_16_n_0
    SLICE_X93Y122        CARRY8 (Prop_CARRY8_SLICEM_S[1]_CO[7])
                                                      0.190     3.411 r  u_dut/u_frontend/u_memory_dpd/g_lane[1].u_dpd/p_204_out__0_i_2/CO[7]
                         net (fo=1, routed)           0.026     3.437    u_dut/u_frontend/u_memory_dpd/g_lane[1].u_dpd/p_204_out__0_i_2_n_0
    SLICE_X93Y123        CARRY8 (Prop_CARRY8_SLICEM_CI_O[3])
                                                      0.082     3.519 r  u_dut/u_frontend/u_memory_dpd/g_lane[1].u_dpd/p_204_out__0_i_1/O[3]
                         net (fo=2, routed)           0.448     3.967    u_dut/u_frontend/u_memory_dpd/g_lane[1].u_dpd/p_205_out__0/B[11]
    DSP48E2_X17Y49       DSP_A_B_DATA                                 r  u_dut/u_frontend/u_memory_dpd/g_lane[1].u_dpd/p_205_out__0/DSP_A_B_DATA_INST/B[11]
  -------------------------------------------------------------------    -------------------

                         (clock core_clk rise edge)
                                                      4.571     4.571 r  
                                                      0.000     4.571 r  clk218 (IN)
                         net (fo=103766, unset)       0.043     4.614    u_dut/u_frontend/u_memory_dpd/g_lane[1].u_dpd/p_205_out__0/CLK
    DSP48E2_X17Y49       DSP_A_B_DATA                                 r  u_dut/u_frontend/u_memory_dpd/g_lane[1].u_dpd/p_205_out__0/DSP_A_B_DATA_INST/CLK
                         clock pessimism              0.000     4.614    
                         clock uncertainty           -0.035     4.579    
    DSP48E2_X17Y49       DSP_A_B_DATA (Setup_DSP_A_B_DATA_DSP48E2_CLK_B[11])
                                                     -0.265     4.314    u_dut/u_frontend/u_memory_dpd/g_lane[1].u_dpd/p_205_out__0/DSP_A_B_DATA_INST
  -------------------------------------------------------------------
                         required time                          4.314    
                         arrival time                          -3.967    
  -------------------------------------------------------------------
                         slack                                  0.347    

Slack (MET) :             0.355ns  (required time - arrival time)
  Source:                 u_dut/u_frontend/u_memory_dpd/g_lane[1].u_dpd/r4_full_s2[0]__1/DSP_A_B_DATA_INST/CLK
                            (rising edge-triggered cell DSP_A_B_DATA clocked by core_clk  {rise@0.000ns fall@2.286ns period=4.571ns})
  Destination:            u_dut/u_frontend/u_memory_dpd/g_lane[1].u_dpd/p_204_out__0/DSP_A_B_DATA_INST/B[12]
                            (rising edge-triggered cell DSP_A_B_DATA clocked by core_clk  {rise@0.000ns fall@2.286ns period=4.571ns})
  Path Group:             core_clk
  Path Type:              Setup (Max at Slow Process Corner)
  Requirement:            4.571ns  (core_clk rise@4.571ns - core_clk rise@0.000ns)
  Data Path Delay:        3.904ns  (logic 2.713ns (69.499%)  route 1.191ns (30.501%))
  Logic Levels:           10  (CARRY8=2 DSP_ALU=2 DSP_M_DATA=1 DSP_MULTIPLIER=1 DSP_OUTPUT=2 DSP_PREADD_DATA=1 LUT2=1)
  Clock Path Skew:        -0.017ns (DCD - SCD + CPR)
    Destination Clock Delay (DCD):    0.043ns = ( 4.614 - 4.571 ) 
    Source Clock Delay      (SCD):    0.060ns
    Clock Pessimism Removal (CPR):    0.000ns
  Clock Uncertainty:      0.035ns  ((TSJ^2 + TIJ^2)^1/2 + DJ) / 2 + PE
    Total System Jitter     (TSJ):    0.071ns
    Total Input Jitter      (TIJ):    0.000ns
    Discrete Jitter          (DJ):    0.000ns
    Phase Error              (PE):    0.000ns

    Location             Delay type                Incr(ns)  Path(ns)    Netlist Resource(s)
  -------------------------------------------------------------------    -------------------
                         (clock core_clk rise edge)
                                                      0.000     0.000 r  
                                                      0.000     0.000 r  clk218 (IN)
                         net (fo=103766, unset)       0.060     0.060    u_dut/u_frontend/u_memory_dpd/g_lane[1].u_dpd/r4_full_s2[0]__1/CLK
    DSP48E2_X22Y48       DSP_A_B_DATA                                 r  u_dut/u_frontend/u_memory_dpd/g_lane[1].u_dpd/r4_full_s2[0]__1/DSP_A_B_DATA_INST/CLK
  -------------------------------------------------------------------    -------------------
    DSP48E2_X22Y48       DSP_A_B_DATA (Prop_DSP_A_B_DATA_DSP48E2_CLK_B2_DATA[17])
                                                      0.212     0.272 r  u_dut/u_frontend/u_memory_dpd/g_lane[1].u_dpd/r4_full_s2[0]__1/DSP_A_B_DATA_INST/B2_DATA[17]
                         net (fo=1, routed)           0.000     0.272    u_dut/u_frontend/u_memory_dpd/g_lane[1].u_dpd/r4_full_s2[0]__1/DSP_A_B_DATA.B2_DATA<17>
    DSP48E2_X22Y48       DSP_PREADD_DATA (Prop_DSP_PREADD_DATA_DSP48E2_B2_DATA[17]_B2B1[17])
                                                      0.073     0.345 r  u_dut/u_frontend/u_memory_dpd/g_lane[1].u_dpd/r4_full_s2[0]__1/DSP_PREADD_DATA_INST/B2B1[17]
                         net (fo=1, routed)           0.000     0.345    u_dut/u_frontend/u_memory_dpd/g_lane[1].u_dpd/r4_full_s2[0]__1/DSP_PREADD_DATA.B2B1<17>
    DSP48E2_X22Y48       DSP_MULTIPLIER (Prop_DSP_MULTIPLIER_DSP48E2_B2B1[17]_V[43])
                                                      0.609     0.954 f  u_dut/u_frontend/u_memory_dpd/g_lane[1].u_dpd/r4_full_s2[0]__1/DSP_MULTIPLIER_INST/V[43]
                         net (fo=1, routed)           0.000     0.954    u_dut/u_frontend/u_memory_dpd/g_lane[1].u_dpd/r4_full_s2[0]__1/DSP_MULTIPLIER.V<43>
    DSP48E2_X22Y48       DSP_M_DATA (Prop_DSP_M_DATA_DSP48E2_V[43]_V_DATA[43])
                                                      0.046     1.000 r  u_dut/u_frontend/u_memory_dpd/g_lane[1].u_dpd/r4_full_s2[0]__1/DSP_M_DATA_INST/V_DATA[43]
                         net (fo=1, routed)           0.000     1.000    u_dut/u_frontend/u_memory_dpd/g_lane[1].u_dpd/r4_full_s2[0]__1/DSP_M_DATA.V_DATA<43>
    DSP48E2_X22Y48       DSP_ALU (Prop_DSP_ALU_DSP48E2_V_DATA[43]_ALU_OUT[47])
                                                      0.571     1.571 f  u_dut/u_frontend/u_memory_dpd/g_lane[1].u_dpd/r4_full_s2[0]__1/DSP_ALU_INST/ALU_OUT[47]
                         net (fo=1, routed)           0.000     1.571    u_dut/u_frontend/u_memory_dpd/g_lane[1].u_dpd/r4_full_s2[0]__1/DSP_ALU.ALU_OUT<47>
    DSP48E2_X22Y48       DSP_OUTPUT (Prop_DSP_OUTPUT_DSP48E2_ALU_OUT[47]_PCOUT[47])
                                                      0.122     1.693 r  u_dut/u_frontend/u_memory_dpd/g_lane[1].u_dpd/r4_full_s2[0]__1/DSP_OUTPUT_INST/PCOUT[47]
                         net (fo=1, routed)           0.014     1.707    u_dut/u_frontend/u_memory_dpd/g_lane[1].u_dpd/r4_full_s2[0]__2/PCIN[47]
    DSP48E2_X22Y49       DSP_ALU (Prop_DSP_ALU_DSP48E2_PCIN[47]_ALU_OUT[16])
                                                      0.546     2.253 f  u_dut/u_frontend/u_memory_dpd/g_lane[1].u_dpd/r4_full_s2[0]__2/DSP_ALU_INST/ALU_OUT[16]
                         net (fo=1, routed)           0.000     2.253    u_dut/u_frontend/u_memory_dpd/g_lane[1].u_dpd/r4_full_s2[0]__2/DSP_ALU.ALU_OUT<16>
    DSP48E2_X22Y49       DSP_OUTPUT (Prop_DSP_OUTPUT_DSP48E2_ALU_OUT[16]_P[16])
                                                      0.109     2.362 r  u_dut/u_frontend/u_memory_dpd/g_lane[1].u_dpd/r4_full_s2[0]__2/DSP_OUTPUT_INST/P[16]
                         net (fo=2, routed)           0.694     3.056    u_dut/u_frontend/u_memory_dpd/g_lane[1].u_dpd/r4_full_s2[0]__2_n_89
    SLICE_X93Y122        LUT2 (Prop_B6LUT_SLICEM_I0_O)
                                                      0.149     3.205 r  u_dut/u_frontend/u_memory_dpd/g_lane[1].u_dpd/p_204_out__0_i_16/O
                         net (fo=1, routed)           0.016     3.221    u_dut/u_frontend/u_memory_dpd/g_lane[1].u_dpd/p_204_out__0_i_16_n_0
    SLICE_X93Y122        CARRY8 (Prop_CARRY8_SLICEM_S[1]_CO[7])
                                                      0.190     3.411 r  u_dut/u_frontend/u_memory_dpd/g_lane[1].u_dpd/p_204_out__0_i_2/CO[7]
                         net (fo=1, routed)           0.026     3.437    u_dut/u_frontend/u_memory_dpd/g_lane[1].u_dpd/p_204_out__0_i_2_n_0
    SLICE_X93Y123        CARRY8 (Prop_CARRY8_SLICEM_CI_O[4])
                                                      0.086     3.523 r  u_dut/u_frontend/u_memory_dpd/g_lane[1].u_dpd/p_204_out__0_i_1/O[4]
                         net (fo=2, routed)           0.441     3.964    u_dut/u_frontend/u_memory_dpd/g_lane[1].u_dpd/p_204_out__0/B[12]
    DSP48E2_X17Y51       DSP_A_B_DATA                                 r  u_dut/u_frontend/u_memory_dpd/g_lane[1].u_dpd/p_204_out__0/DSP_A_B_DATA_INST/B[12]
  -------------------------------------------------------------------    -------------------

                         (clock core_clk rise edge)
                                                      4.571     4.571 r  
                                                      0.000     4.571 r  clk218 (IN)
                         net (fo=103766, unset)       0.043     4.614    u_dut/u_frontend/u_memory_dpd/g_lane[1].u_dpd/p_204_out__0/CLK
    DSP48E2_X17Y51       DSP_A_B_DATA                                 r  u_dut/u_frontend/u_memory_dpd/g_lane[1].u_dpd/p_204_out__0/DSP_A_B_DATA_INST/CLK
                         clock pessimism              0.000     4.614    
                         clock uncertainty           -0.035     4.579    
    DSP48E2_X17Y51       DSP_A_B_DATA (Setup_DSP_A_B_DATA_DSP48E2_CLK_B[12])
                                                     -0.260     4.319    u_dut/u_frontend/u_memory_dpd/g_lane[1].u_dpd/p_204_out__0/DSP_A_B_DATA_INST
  -------------------------------------------------------------------
                         required time                          4.319    
                         arrival time                          -3.964    
  -------------------------------------------------------------------
                         slack                                  0.355    

Slack (MET) :             0.356ns  (required time - arrival time)
  Source:                 u_dut/u_frontend/u_memory_dpd/g_lane[4].u_dpd/r4_full_s2[2]__1/DSP_A_B_DATA_INST/CLK
                            (rising edge-triggered cell DSP_A_B_DATA clocked by core_clk  {rise@0.000ns fall@2.286ns period=4.571ns})
  Destination:            u_dut/u_frontend/u_memory_dpd/g_lane[4].u_dpd/p_173_out__0/DSP_A_B_DATA_INST/B[16]
                            (rising edge-triggered cell DSP_A_B_DATA clocked by core_clk  {rise@0.000ns fall@2.286ns period=4.571ns})
  Path Group:             core_clk
  Path Type:              Setup (Max at Slow Process Corner)
  Requirement:            4.571ns  (core_clk rise@4.571ns - core_clk rise@0.000ns)
  Data Path Delay:        3.908ns  (logic 2.700ns (69.086%)  route 1.208ns (30.914%))
  Logic Levels:           12  (CARRY8=4 DSP_ALU=2 DSP_M_DATA=1 DSP_MULTIPLIER=1 DSP_OUTPUT=2 DSP_PREADD_DATA=1 LUT2=1)
  Clock Path Skew:        -0.017ns (DCD - SCD + CPR)
    Destination Clock Delay (DCD):    0.043ns = ( 4.614 - 4.571 ) 
    Source Clock Delay      (SCD):    0.060ns
    Clock Pessimism Removal (CPR):    0.000ns
  Clock Uncertainty:      0.035ns  ((TSJ^2 + TIJ^2)^1/2 + DJ) / 2 + PE
    Total System Jitter     (TSJ):    0.071ns
    Total Input Jitter      (TIJ):    0.000ns
    Discrete Jitter          (DJ):    0.000ns
    Phase Error              (PE):    0.000ns

    Location             Delay type                Incr(ns)  Path(ns)    Netlist Resource(s)
  -------------------------------------------------------------------    -------------------
                         (clock core_clk rise edge)
                                                      0.000     0.000 r  
                                                      0.000     0.000 r  clk218 (IN)
                         net (fo=103766, unset)       0.060     0.060    u_dut/u_frontend/u_memory_dpd/g_lane[4].u_dpd/r4_full_s2[2]__1/CLK
    DSP48E2_X14Y16       DSP_A_B_DATA                                 r  u_dut/u_frontend/u_memory_dpd/g_lane[4].u_dpd/r4_full_s2[2]__1/DSP_A_B_DATA_INST/CLK
  -------------------------------------------------------------------    -------------------
    DSP48E2_X14Y16       DSP_A_B_DATA (Prop_DSP_A_B_DATA_DSP48E2_CLK_B2_DATA[17])
                                                      0.212     0.272 r  u_dut/u_frontend/u_memory_dpd/g_lane[4].u_dpd/r4_full_s2[2]__1/DSP_A_B_DATA_INST/B2_DATA[17]
                         net (fo=1, routed)           0.000     0.272    u_dut/u_frontend/u_memory_dpd/g_lane[4].u_dpd/r4_full_s2[2]__1/DSP_A_B_DATA.B2_DATA<17>
    DSP48E2_X14Y16       DSP_PREADD_DATA (Prop_DSP_PREADD_DATA_DSP48E2_B2_DATA[17]_B2B1[17])
                                                      0.073     0.345 r  u_dut/u_frontend/u_memory_dpd/g_lane[4].u_dpd/r4_full_s2[2]__1/DSP_PREADD_DATA_INST/B2B1[17]
                         net (fo=1, routed)           0.000     0.345    u_dut/u_frontend/u_memory_dpd/g_lane[4].u_dpd/r4_full_s2[2]__1/DSP_PREADD_DATA.B2B1<17>
    DSP48E2_X14Y16       DSP_MULTIPLIER (Prop_DSP_MULTIPLIER_DSP48E2_B2B1[17]_V[43])
                                                      0.609     0.954 f  u_dut/u_frontend/u_memory_dpd/g_lane[4].u_dpd/r4_full_s2[2]__1/DSP_MULTIPLIER_INST/V[43]
                         net (fo=1, routed)           0.000     0.954    u_dut/u_frontend/u_memory_dpd/g_lane[4].u_dpd/r4_full_s2[2]__1/DSP_MULTIPLIER.V<43>
    DSP48E2_X14Y16       DSP_M_DATA (Prop_DSP_M_DATA_DSP48E2_V[43]_V_DATA[43])
                                                      0.046     1.000 r  u_dut/u_frontend/u_memory_dpd/g_lane[4].u_dpd/r4_full_s2[2]__1/DSP_M_DATA_INST/V_DATA[43]
                         net (fo=1, routed)           0.000     1.000    u_dut/u_frontend/u_memory_dpd/g_lane[4].u_dpd/r4_full_s2[2]__1/DSP_M_DATA.V_DATA<43>
    DSP48E2_X14Y16       DSP_ALU (Prop_DSP_ALU_DSP48E2_V_DATA[43]_ALU_OUT[47])
                                                      0.571     1.571 f  u_dut/u_frontend/u_memory_dpd/g_lane[4].u_dpd/r4_full_s2[2]__1/DSP_ALU_INST/ALU_OUT[47]
                         net (fo=1, routed)           0.000     1.571    u_dut/u_frontend/u_memory_dpd/g_lane[4].u_dpd/r4_full_s2[2]__1/DSP_ALU.ALU_OUT<47>
    DSP48E2_X14Y16       DSP_OUTPUT (Prop_DSP_OUTPUT_DSP48E2_ALU_OUT[47]_PCOUT[47])
                                                      0.122     1.693 r  u_dut/u_frontend/u_memory_dpd/g_lane[4].u_dpd/r4_full_s2[2]__1/DSP_OUTPUT_INST/PCOUT[47]
                         net (fo=1, routed)           0.014     1.707    u_dut/u_frontend/u_memory_dpd/g_lane[4].u_dpd/r4_full_s2[2]__2/PCIN[47]
    DSP48E2_X14Y17       DSP_ALU (Prop_DSP_ALU_DSP48E2_PCIN[47]_ALU_OUT[0])
                                                      0.546     2.253 f  u_dut/u_frontend/u_memory_dpd/g_lane[4].u_dpd/r4_full_s2[2]__2/DSP_ALU_INST/ALU_OUT[0]
                         net (fo=1, routed)           0.000     2.253    u_dut/u_frontend/u_memory_dpd/g_lane[4].u_dpd/r4_full_s2[2]__2/DSP_ALU.ALU_OUT<0>
    DSP48E2_X14Y17       DSP_OUTPUT (Prop_DSP_OUTPUT_DSP48E2_ALU_OUT[0]_P[0])
                                                      0.109     2.362 r  u_dut/u_frontend/u_memory_dpd/g_lane[4].u_dpd/r4_full_s2[2]__2/DSP_OUTPUT_INST/P[0]
                         net (fo=2, routed)           0.256     2.618    u_dut/u_frontend/u_memory_dpd/g_lane[4].u_dpd/r4_full_s2[2]__2_n_105
    SLICE_X70Y35         LUT2 (Prop_B6LUT_SLICEM_I0_O)
                                                      0.089     2.707 r  u_dut/u_frontend/u_memory_dpd/g_lane[4].u_dpd/p_172_out_i_17/O
                         net (fo=1, routed)           0.016     2.723    u_dut/u_frontend/u_memory_dpd/g_lane[4].u_dpd/p_172_out_i_17_n_0
    SLICE_X70Y35         CARRY8 (Prop_CARRY8_SLICEM_S[1]_CO[7])
                                                      0.190     2.913 r  u_dut/u_frontend/u_memory_dpd/g_lane[4].u_dpd/p_172_out_i_2/CO[7]
                         net (fo=1, routed)           0.026     2.939    u_dut/u_frontend/u_memory_dpd/g_lane[4].u_dpd/p_172_out_i_2_n_0
    SLICE_X70Y36         CARRY8 (Prop_CARRY8_SLICEM_CI_CO[7])
                                                      0.015     2.954 r  u_dut/u_frontend/u_memory_dpd/g_lane[4].u_dpd/p_172_out_i_1/CO[7]
                         net (fo=1, routed)           0.026     2.980    u_dut/u_frontend/u_memory_dpd/g_lane[4].u_dpd/p_172_out_i_1_n_0
    SLICE_X70Y37         CARRY8 (Prop_CARRY8_SLICEM_CI_CO[7])
                                                      0.015     2.995 r  u_dut/u_frontend/u_memory_dpd/g_lane[4].u_dpd/p_172_out__0_i_2/CO[7]
                         net (fo=1, routed)           0.026     3.021    u_dut/u_frontend/u_memory_dpd/g_lane[4].u_dpd/p_172_out__0_i_2_n_0
    SLICE_X70Y38         CARRY8 (Prop_CARRY8_SLICEM_CI_O[6])
                                                      0.103     3.124 r  u_dut/u_frontend/u_memory_dpd/g_lane[4].u_dpd/p_172_out__0_i_1/O[6]
                         net (fo=8, routed)           0.844     3.968    u_dut/u_frontend/u_memory_dpd/g_lane[4].u_dpd/p_173_out__0/B[16]
    DSP48E2_X15Y35       DSP_A_B_DATA                                 r  u_dut/u_frontend/u_memory_dpd/g_lane[4].u_dpd/p_173_out__0/DSP_A_B_DATA_INST/B[16]
  -------------------------------------------------------------------    -------------------

                         (clock core_clk rise edge)
                                                      4.571     4.571 r  
                                                      0.000     4.571 r  clk218 (IN)
                         net (fo=103766, unset)       0.043     4.614    u_dut/u_frontend/u_memory_dpd/g_lane[4].u_dpd/p_173_out__0/CLK
    DSP48E2_X15Y35       DSP_A_B_DATA                                 r  u_dut/u_frontend/u_memory_dpd/g_lane[4].u_dpd/p_173_out__0/DSP_A_B_DATA_INST/CLK
                         clock pessimism              0.000     4.614    
                         clock uncertainty           -0.035     4.579    
    DSP48E2_X15Y35       DSP_A_B_DATA (Setup_DSP_A_B_DATA_DSP48E2_CLK_B[16])
                                                     -0.254     4.325    u_dut/u_frontend/u_memory_dpd/g_lane[4].u_dpd/p_173_out__0/DSP_A_B_DATA_INST
  -------------------------------------------------------------------
                         required time                          4.325    
                         arrival time                          -3.968    
  -------------------------------------------------------------------
                         slack                                  0.356    

Slack (MET) :             0.358ns  (required time - arrival time)
  Source:                 u_dut/u_frontend/u_memory_dpd/g_lane[1].u_dpd/r4_full_s2[0]__1/DSP_A_B_DATA_INST/CLK
                            (rising edge-triggered cell DSP_A_B_DATA clocked by core_clk  {rise@0.000ns fall@2.286ns period=4.571ns})
  Destination:            u_dut/u_frontend/u_memory_dpd/g_lane[1].u_dpd/p_205_out__0/DSP_A_B_DATA_INST/B[16]
                            (rising edge-triggered cell DSP_A_B_DATA clocked by core_clk  {rise@0.000ns fall@2.286ns period=4.571ns})
  Path Group:             core_clk
  Path Type:              Setup (Max at Slow Process Corner)
  Requirement:            4.571ns  (core_clk rise@4.571ns - core_clk rise@0.000ns)
  Data Path Delay:        3.907ns  (logic 2.730ns (69.883%)  route 1.177ns (30.117%))
  Logic Levels:           10  (CARRY8=2 DSP_ALU=2 DSP_M_DATA=1 DSP_MULTIPLIER=1 DSP_OUTPUT=2 DSP_PREADD_DATA=1 LUT2=1)
  Clock Path Skew:        -0.017ns (DCD - SCD + CPR)
    Destination Clock Delay (DCD):    0.043ns = ( 4.614 - 4.571 ) 
    Source Clock Delay      (SCD):    0.060ns
    Clock Pessimism Removal (CPR):    0.000ns
  Clock Uncertainty:      0.035ns  ((TSJ^2 + TIJ^2)^1/2 + DJ) / 2 + PE
    Total System Jitter     (TSJ):    0.071ns
    Total Input Jitter      (TIJ):    0.000ns
    Discrete Jitter          (DJ):    0.000ns
    Phase Error              (PE):    0.000ns

    Location             Delay type                Incr(ns)  Path(ns)    Netlist Resource(s)
  -------------------------------------------------------------------    -------------------
                         (clock core_clk rise edge)
                                                      0.000     0.000 r  
                                                      0.000     0.000 r  clk218 (IN)
                         net (fo=103766, unset)       0.060     0.060    u_dut/u_frontend/u_memory_dpd/g_lane[1].u_dpd/r4_full_s2[0]__1/CLK
    DSP48E2_X22Y48       DSP_A_B_DATA                                 r  u_dut/u_frontend/u_memory_dpd/g_lane[1].u_dpd/r4_full_s2[0]__1/DSP_A_B_DATA_INST/CLK
  -------------------------------------------------------------------    -------------------
    DSP48E2_X22Y48       DSP_A_B_DATA (Prop_DSP_A_B_DATA_DSP48E2_CLK_B2_DATA[17])
                                                      0.212     0.272 r  u_dut/u_frontend/u_memory_dpd/g_lane[1].u_dpd/r4_full_s2[0]__1/DSP_A_B_DATA_INST/B2_DATA[17]
                         net (fo=1, routed)           0.000     0.272    u_dut/u_frontend/u_memory_dpd/g_lane[1].u_dpd/r4_full_s2[0]__1/DSP_A_B_DATA.B2_DATA<17>
    DSP48E2_X22Y48       DSP_PREADD_DATA (Prop_DSP_PREADD_DATA_DSP48E2_B2_DATA[17]_B2B1[17])
                                                      0.073     0.345 r  u_dut/u_frontend/u_memory_dpd/g_lane[1].u_dpd/r4_full_s2[0]__1/DSP_PREADD_DATA_INST/B2B1[17]
                         net (fo=1, routed)           0.000     0.345    u_dut/u_frontend/u_memory_dpd/g_lane[1].u_dpd/r4_full_s2[0]__1/DSP_PREADD_DATA.B2B1<17>
    DSP48E2_X22Y48       DSP_MULTIPLIER (Prop_DSP_MULTIPLIER_DSP48E2_B2B1[17]_V[43])
                                                      0.609     0.954 f  u_dut/u_frontend/u_memory_dpd/g_lane[1].u_dpd/r4_full_s2[0]__1/DSP_MULTIPLIER_INST/V[43]
                         net (fo=1, routed)           0.000     0.954    u_dut/u_frontend/u_memory_dpd/g_lane[1].u_dpd/r4_full_s2[0]__1/DSP_MULTIPLIER.V<43>
    DSP48E2_X22Y48       DSP_M_DATA (Prop_DSP_M_DATA_DSP48E2_V[43]_V_DATA[43])
                                                      0.046     1.000 r  u_dut/u_frontend/u_memory_dpd/g_lane[1].u_dpd/r4_full_s2[0]__1/DSP_M_DATA_INST/V_DATA[43]
                         net (fo=1, routed)           0.000     1.000    u_dut/u_frontend/u_memory_dpd/g_lane[1].u_dpd/r4_full_s2[0]__1/DSP_M_DATA.V_DATA<43>
    DSP48E2_X22Y48       DSP_ALU (Prop_DSP_ALU_DSP48E2_V_DATA[43]_ALU_OUT[47])
                                                      0.571     1.571 f  u_dut/u_frontend/u_memory_dpd/g_lane[1].u_dpd/r4_full_s2[0]__1/DSP_ALU_INST/ALU_OUT[47]
                         net (fo=1, routed)           0.000     1.571    u_dut/u_frontend/u_memory_dpd/g_lane[1].u_dpd/r4_full_s2[0]__1/DSP_ALU.ALU_OUT<47>
    DSP48E2_X22Y48       DSP_OUTPUT (Prop_DSP_OUTPUT_DSP48E2_ALU_OUT[47]_PCOUT[47])
                                                      0.122     1.693 r  u_dut/u_frontend/u_memory_dpd/g_lane[1].u_dpd/r4_full_s2[0]__1/DSP_OUTPUT_INST/PCOUT[47]
                         net (fo=1, routed)           0.014     1.707    u_dut/u_frontend/u_memory_dpd/g_lane[1].u_dpd/r4_full_s2[0]__2/PCIN[47]
    DSP48E2_X22Y49       DSP_ALU (Prop_DSP_ALU_DSP48E2_PCIN[47]_ALU_OUT[16])
                                                      0.546     2.253 f  u_dut/u_frontend/u_memory_dpd/g_lane[1].u_dpd/r4_full_s2[0]__2/DSP_ALU_INST/ALU_OUT[16]
                         net (fo=1, routed)           0.000     2.253    u_dut/u_frontend/u_memory_dpd/g_lane[1].u_dpd/r4_full_s2[0]__2/DSP_ALU.ALU_OUT<16>
    DSP48E2_X22Y49       DSP_OUTPUT (Prop_DSP_OUTPUT_DSP48E2_ALU_OUT[16]_P[16])
                                                      0.109     2.362 r  u_dut/u_frontend/u_memory_dpd/g_lane[1].u_dpd/r4_full_s2[0]__2/DSP_OUTPUT_INST/P[16]
                         net (fo=2, routed)           0.694     3.056    u_dut/u_frontend/u_memory_dpd/g_lane[1].u_dpd/r4_full_s2[0]__2_n_89
    SLICE_X93Y122        LUT2 (Prop_B6LUT_SLICEM_I0_O)
                                                      0.149     3.205 r  u_dut/u_frontend/u_memory_dpd/g_lane[1].u_dpd/p_204_out__0_i_16/O
                         net (fo=1, routed)           0.016     3.221    u_dut/u_frontend/u_memory_dpd/g_lane[1].u_dpd/p_204_out__0_i_16_n_0
    SLICE_X93Y122        CARRY8 (Prop_CARRY8_SLICEM_S[1]_CO[7])
                                                      0.190     3.411 r  u_dut/u_frontend/u_memory_dpd/g_lane[1].u_dpd/p_204_out__0_i_2/CO[7]
                         net (fo=1, routed)           0.026     3.437    u_dut/u_frontend/u_memory_dpd/g_lane[1].u_dpd/p_204_out__0_i_2_n_0
    SLICE_X93Y123        CARRY8 (Prop_CARRY8_SLICEM_CI_O[6])
                                                      0.103     3.540 r  u_dut/u_frontend/u_memory_dpd/g_lane[1].u_dpd/p_204_out__0_i_1/O[6]
                         net (fo=8, routed)           0.427     3.967    u_dut/u_frontend/u_memory_dpd/g_lane[1].u_dpd/p_205_out__0/B[16]
    DSP48E2_X17Y49       DSP_A_B_DATA                                 r  u_dut/u_frontend/u_memory_dpd/g_lane[1].u_dpd/p_205_out__0/DSP_A_B_DATA_INST/B[16]
  -------------------------------------------------------------------    -------------------

                         (clock core_clk rise edge)
                                                      4.571     4.571 r  
                                                      0.000     4.571 r  clk218 (IN)
                         net (fo=103766, unset)       0.043     4.614    u_dut/u_frontend/u_memory_dpd/g_lane[1].u_dpd/p_205_out__0/CLK
    DSP48E2_X17Y49       DSP_A_B_DATA                                 r  u_dut/u_frontend/u_memory_dpd/g_lane[1].u_dpd/p_205_out__0/DSP_A_B_DATA_INST/CLK
                         clock pessimism              0.000     4.614    
                         clock uncertainty           -0.035     4.579    
    DSP48E2_X17Y49       DSP_A_B_DATA (Setup_DSP_A_B_DATA_DSP48E2_CLK_B[16])
                                                     -0.254     4.325    u_dut/u_frontend/u_memory_dpd/g_lane[1].u_dpd/p_205_out__0/DSP_A_B_DATA_INST
  -------------------------------------------------------------------
                         required time                          4.325    
                         arrival time                          -3.967    
  -------------------------------------------------------------------
                         slack                                  0.358    

Slack (MET) :             0.362ns  (required time - arrival time)
  Source:                 u_dut/u_frontend/u_memory_dpd/g_lane[7].u_dpd/r4_full_s2[0]/DSP_A_B_DATA_INST/CLK
                            (rising edge-triggered cell DSP_A_B_DATA clocked by core_clk  {rise@0.000ns fall@2.286ns period=4.571ns})
  Destination:            u_dut/u_frontend/u_memory_dpd/g_lane[7].u_dpd/p_205_out__0/DSP_A_B_DATA_INST/B[12]
                            (rising edge-triggered cell DSP_A_B_DATA clocked by core_clk  {rise@0.000ns fall@2.286ns period=4.571ns})
  Path Group:             core_clk
  Path Type:              Setup (Max at Slow Process Corner)
  Requirement:            4.571ns  (core_clk rise@4.571ns - core_clk rise@0.000ns)
  Data Path Delay:        3.896ns  (logic 2.588ns (66.421%)  route 1.308ns (33.579%))
  Logic Levels:           10  (CARRY8=2 DSP_ALU=2 DSP_M_DATA=1 DSP_MULTIPLIER=1 DSP_OUTPUT=2 DSP_PREADD_DATA=1 LUT2=1)
  Clock Path Skew:        -0.017ns (DCD - SCD + CPR)
    Destination Clock Delay (DCD):    0.043ns = ( 4.614 - 4.571 ) 
    Source Clock Delay      (SCD):    0.060ns
    Clock Pessimism Removal (CPR):    0.000ns
  Clock Uncertainty:      0.035ns  ((TSJ^2 + TIJ^2)^1/2 + DJ) / 2 + PE
    Total System Jitter     (TSJ):    0.071ns
    Total Input Jitter      (TIJ):    0.000ns
    Discrete Jitter          (DJ):    0.000ns
    Phase Error              (PE):    0.000ns

    Location             Delay type                Incr(ns)  Path(ns)    Netlist Resource(s)
  -------------------------------------------------------------------    -------------------
                         (clock core_clk rise edge)
                                                      0.000     0.000 r  
                                                      0.000     0.000 r  clk218 (IN)
                         net (fo=103766, unset)       0.060     0.060    u_dut/u_frontend/u_memory_dpd/g_lane[7].u_dpd/r4_full_s2[0]/CLK
    DSP48E2_X23Y100      DSP_A_B_DATA                                 r  u_dut/u_frontend/u_memory_dpd/g_lane[7].u_dpd/r4_full_s2[0]/DSP_A_B_DATA_INST/CLK
  -------------------------------------------------------------------    -------------------
    DSP48E2_X23Y100      DSP_A_B_DATA (Prop_DSP_A_B_DATA_DSP48E2_CLK_B2_DATA[17])
                                                      0.212     0.272 r  u_dut/u_frontend/u_memory_dpd/g_lane[7].u_dpd/r4_full_s2[0]/DSP_A_B_DATA_INST/B2_DATA[17]
                         net (fo=1, routed)           0.000     0.272    u_dut/u_frontend/u_memory_dpd/g_lane[7].u_dpd/r4_full_s2[0]/DSP_A_B_DATA.B2_DATA<17>
    DSP48E2_X23Y100      DSP_PREADD_DATA (Prop_DSP_PREADD_DATA_DSP48E2_B2_DATA[17]_B2B1[17])
                                                      0.073     0.345 r  u_dut/u_frontend/u_memory_dpd/g_lane[7].u_dpd/r4_full_s2[0]/DSP_PREADD_DATA_INST/B2B1[17]
                         net (fo=1, routed)           0.000     0.345    u_dut/u_frontend/u_memory_dpd/g_lane[7].u_dpd/r4_full_s2[0]/DSP_PREADD_DATA.B2B1<17>
    DSP48E2_X23Y100      DSP_MULTIPLIER (Prop_DSP_MULTIPLIER_DSP48E2_B2B1[17]_V[43])
                                                      0.609     0.954 f  u_dut/u_frontend/u_memory_dpd/g_lane[7].u_dpd/r4_full_s2[0]/DSP_MULTIPLIER_INST/V[43]
                         net (fo=1, routed)           0.000     0.954    u_dut/u_frontend/u_memory_dpd/g_lane[7].u_dpd/r4_full_s2[0]/DSP_MULTIPLIER.V<43>
    DSP48E2_X23Y100      DSP_M_DATA (Prop_DSP_M_DATA_DSP48E2_V[43]_V_DATA[43])
                                                      0.046     1.000 r  u_dut/u_frontend/u_memory_dpd/g_lane[7].u_dpd/r4_full_s2[0]/DSP_M_DATA_INST/V_DATA[43]
                         net (fo=1, routed)           0.000     1.000    u_dut/u_frontend/u_memory_dpd/g_lane[7].u_dpd/r4_full_s2[0]/DSP_M_DATA.V_DATA<43>
    DSP48E2_X23Y100      DSP_ALU (Prop_DSP_ALU_DSP48E2_V_DATA[43]_ALU_OUT[47])
                                                      0.571     1.571 f  u_dut/u_frontend/u_memory_dpd/g_lane[7].u_dpd/r4_full_s2[0]/DSP_ALU_INST/ALU_OUT[47]
                         net (fo=1, routed)           0.000     1.571    u_dut/u_frontend/u_memory_dpd/g_lane[7].u_dpd/r4_full_s2[0]/DSP_ALU.ALU_OUT<47>
    DSP48E2_X23Y100      DSP_OUTPUT (Prop_DSP_OUTPUT_DSP48E2_ALU_OUT[47]_PCOUT[47])
                                                      0.122     1.693 r  u_dut/u_frontend/u_memory_dpd/g_lane[7].u_dpd/r4_full_s2[0]/DSP_OUTPUT_INST/PCOUT[47]
                         net (fo=1, routed)           0.014     1.707    u_dut/u_frontend/u_memory_dpd/g_lane[7].u_dpd/r4_full_s2[0]__0/PCIN[47]
    DSP48E2_X23Y101      DSP_ALU (Prop_DSP_ALU_DSP48E2_PCIN[47]_ALU_OUT[1])
                                                      0.546     2.253 f  u_dut/u_frontend/u_memory_dpd/g_lane[7].u_dpd/r4_full_s2[0]__0/DSP_ALU_INST/ALU_OUT[1]
                         net (fo=1, routed)           0.000     2.253    u_dut/u_frontend/u_memory_dpd/g_lane[7].u_dpd/r4_full_s2[0]__0/DSP_ALU.ALU_OUT<1>
    DSP48E2_X23Y101      DSP_OUTPUT (Prop_DSP_OUTPUT_DSP48E2_ALU_OUT[1]_P[1])
                                                      0.109     2.362 r  u_dut/u_frontend/u_memory_dpd/g_lane[7].u_dpd/r4_full_s2[0]__0/DSP_OUTPUT_INST/P[1]
                         net (fo=1, routed)           0.388     2.750    u_dut/u_frontend/u_memory_dpd/g_lane[7].u_dpd/r4_full_s2[0]__0_n_104
    SLICE_X107Y252       LUT2 (Prop_D6LUT_SLICEM_I1_O)
                                                      0.051     2.801 r  u_dut/u_frontend/u_memory_dpd/g_lane[7].u_dpd/p_204_out__0_i_14/O
                         net (fo=1, routed)           0.025     2.826    u_dut/u_frontend/u_memory_dpd/g_lane[7].u_dpd/p_204_out__0_i_14_n_0
    SLICE_X107Y252       CARRY8 (Prop_CARRY8_SLICEM_S[3]_CO[7])
                                                      0.163     2.989 r  u_dut/u_frontend/u_memory_dpd/g_lane[7].u_dpd/p_204_out__0_i_2/CO[7]
                         net (fo=1, routed)           0.026     3.015    u_dut/u_frontend/u_memory_dpd/g_lane[7].u_dpd/p_204_out__0_i_2_n_0
    SLICE_X107Y253       CARRY8 (Prop_CARRY8_SLICEM_CI_O[4])
                                                      0.086     3.101 r  u_dut/u_frontend/u_memory_dpd/g_lane[7].u_dpd/p_204_out__0_i_1/O[4]
                         net (fo=2, routed)           0.855     3.956    u_dut/u_frontend/u_memory_dpd/g_lane[7].u_dpd/p_205_out__0/B[12]
    DSP48E2_X19Y103      DSP_A_B_DATA                                 r  u_dut/u_frontend/u_memory_dpd/g_lane[7].u_dpd/p_205_out__0/DSP_A_B_DATA_INST/B[12]
  -------------------------------------------------------------------    -------------------

                         (clock core_clk rise edge)
                                                      4.571     4.571 r  
                                                      0.000     4.571 r  clk218 (IN)
                         net (fo=103766, unset)       0.043     4.614    u_dut/u_frontend/u_memory_dpd/g_lane[7].u_dpd/p_205_out__0/CLK
    DSP48E2_X19Y103      DSP_A_B_DATA                                 r  u_dut/u_frontend/u_memory_dpd/g_lane[7].u_dpd/p_205_out__0/DSP_A_B_DATA_INST/CLK
                         clock pessimism              0.000     4.614    
                         clock uncertainty           -0.035     4.579    
    DSP48E2_X19Y103      DSP_A_B_DATA (Setup_DSP_A_B_DATA_DSP48E2_CLK_B[12])
                                                     -0.260     4.319    u_dut/u_frontend/u_memory_dpd/g_lane[7].u_dpd/p_205_out__0/DSP_A_B_DATA_INST
  -------------------------------------------------------------------
                         required time                          4.319    
                         arrival time                          -3.956    
  -------------------------------------------------------------------
                         slack                                  0.362    

Slack (MET) :             0.363ns  (required time - arrival time)
  Source:                 u_dut/u_frontend/u_memory_dpd/g_lane[1].u_dpd/r4_full_s2[0]__1/DSP_A_B_DATA_INST/CLK
                            (rising edge-triggered cell DSP_A_B_DATA clocked by core_clk  {rise@0.000ns fall@2.286ns period=4.571ns})
  Destination:            u_dut/u_frontend/u_memory_dpd/g_lane[1].u_dpd/p_205_out__0/DSP_A_B_DATA_INST/B[14]
                            (rising edge-triggered cell DSP_A_B_DATA clocked by core_clk  {rise@0.000ns fall@2.286ns period=4.571ns})
  Path Group:             core_clk
  Path Type:              Setup (Max at Slow Process Corner)
  Requirement:            4.571ns  (core_clk rise@4.571ns - core_clk rise@0.000ns)
  Data Path Delay:        3.896ns  (logic 2.730ns (70.080%)  route 1.166ns (29.920%))
  Logic Levels:           10  (CARRY8=2 DSP_ALU=2 DSP_M_DATA=1 DSP_MULTIPLIER=1 DSP_OUTPUT=2 DSP_PREADD_DATA=1 LUT2=1)
  Clock Path Skew:        -0.017ns (DCD - SCD + CPR)
    Destination Clock Delay (DCD):    0.043ns = ( 4.614 - 4.571 ) 
    Source Clock Delay      (SCD):    0.060ns
    Clock Pessimism Removal (CPR):    0.000ns
  Clock Uncertainty:      0.035ns  ((TSJ^2 + TIJ^2)^1/2 + DJ) / 2 + PE
    Total System Jitter     (TSJ):    0.071ns
    Total Input Jitter      (TIJ):    0.000ns
    Discrete Jitter          (DJ):    0.000ns
    Phase Error              (PE):    0.000ns

    Location             Delay type                Incr(ns)  Path(ns)    Netlist Resource(s)
  -------------------------------------------------------------------    -------------------
                         (clock core_clk rise edge)
                                                      0.000     0.000 r  
                                                      0.000     0.000 r  clk218 (IN)
                         net (fo=103766, unset)       0.060     0.060    u_dut/u_frontend/u_memory_dpd/g_lane[1].u_dpd/r4_full_s2[0]__1/CLK
    DSP48E2_X22Y48       DSP_A_B_DATA                                 r  u_dut/u_frontend/u_memory_dpd/g_lane[1].u_dpd/r4_full_s2[0]__1/DSP_A_B_DATA_INST/CLK
  -------------------------------------------------------------------    -------------------
    DSP48E2_X22Y48       DSP_A_B_DATA (Prop_DSP_A_B_DATA_DSP48E2_CLK_B2_DATA[17])
                                                      0.212     0.272 r  u_dut/u_frontend/u_memory_dpd/g_lane[1].u_dpd/r4_full_s2[0]__1/DSP_A_B_DATA_INST/B2_DATA[17]
                         net (fo=1, routed)           0.000     0.272    u_dut/u_frontend/u_memory_dpd/g_lane[1].u_dpd/r4_full_s2[0]__1/DSP_A_B_DATA.B2_DATA<17>
    DSP48E2_X22Y48       DSP_PREADD_DATA (Prop_DSP_PREADD_DATA_DSP48E2_B2_DATA[17]_B2B1[17])
                                                      0.073     0.345 r  u_dut/u_frontend/u_memory_dpd/g_lane[1].u_dpd/r4_full_s2[0]__1/DSP_PREADD_DATA_INST/B2B1[17]
                         net (fo=1, routed)           0.000     0.345    u_dut/u_frontend/u_memory_dpd/g_lane[1].u_dpd/r4_full_s2[0]__1/DSP_PREADD_DATA.B2B1<17>
    DSP48E2_X22Y48       DSP_MULTIPLIER (Prop_DSP_MULTIPLIER_DSP48E2_B2B1[17]_V[43])
                                                      0.609     0.954 f  u_dut/u_frontend/u_memory_dpd/g_lane[1].u_dpd/r4_full_s2[0]__1/DSP_MULTIPLIER_INST/V[43]
                         net (fo=1, routed)           0.000     0.954    u_dut/u_frontend/u_memory_dpd/g_lane[1].u_dpd/r4_full_s2[0]__1/DSP_MULTIPLIER.V<43>
    DSP48E2_X22Y48       DSP_M_DATA (Prop_DSP_M_DATA_DSP48E2_V[43]_V_DATA[43])
                                                      0.046     1.000 r  u_dut/u_frontend/u_memory_dpd/g_lane[1].u_dpd/r4_full_s2[0]__1/DSP_M_DATA_INST/V_DATA[43]
                         net (fo=1, routed)           0.000     1.000    u_dut/u_frontend/u_memory_dpd/g_lane[1].u_dpd/r4_full_s2[0]__1/DSP_M_DATA.V_DATA<43>
    DSP48E2_X22Y48       DSP_ALU (Prop_DSP_ALU_DSP48E2_V_DATA[43]_ALU_OUT[47])
                                                      0.571     1.571 f  u_dut/u_frontend/u_memory_dpd/g_lane[1].u_dpd/r4_full_s2[0]__1/DSP_ALU_INST/ALU_OUT[47]
                         net (fo=1, routed)           0.000     1.571    u_dut/u_frontend/u_memory_dpd/g_lane[1].u_dpd/r4_full_s2[0]__1/DSP_ALU.ALU_OUT<47>
    DSP48E2_X22Y48       DSP_OUTPUT (Prop_DSP_OUTPUT_DSP48E2_ALU_OUT[47]_PCOUT[47])
                                                      0.122     1.693 r  u_dut/u_frontend/u_memory_dpd/g_lane[1].u_dpd/r4_full_s2[0]__1/DSP_OUTPUT_INST/PCOUT[47]
                         net (fo=1, routed)           0.014     1.707    u_dut/u_frontend/u_memory_dpd/g_lane[1].u_dpd/r4_full_s2[0]__2/PCIN[47]
    DSP48E2_X22Y49       DSP_ALU (Prop_DSP_ALU_DSP48E2_PCIN[47]_ALU_OUT[16])
                                                      0.546     2.253 f  u_dut/u_frontend/u_memory_dpd/g_lane[1].u_dpd/r4_full_s2[0]__2/DSP_ALU_INST/ALU_OUT[16]
                         net (fo=1, routed)           0.000     2.253    u_dut/u_frontend/u_memory_dpd/g_lane[1].u_dpd/r4_full_s2[0]__2/DSP_ALU.ALU_OUT<16>
    DSP48E2_X22Y49       DSP_OUTPUT (Prop_DSP_OUTPUT_DSP48E2_ALU_OUT[16]_P[16])
                                                      0.109     2.362 r  u_dut/u_frontend/u_memory_dpd/g_lane[1].u_dpd/r4_full_s2[0]__2/DSP_OUTPUT_INST/P[16]
                         net (fo=2, routed)           0.694     3.056    u_dut/u_frontend/u_memory_dpd/g_lane[1].u_dpd/r4_full_s2[0]__2_n_89
    SLICE_X93Y122        LUT2 (Prop_B6LUT_SLICEM_I0_O)
                                                      0.149     3.205 r  u_dut/u_frontend/u_memory_dpd/g_lane[1].u_dpd/p_204_out__0_i_16/O
                         net (fo=1, routed)           0.016     3.221    u_dut/u_frontend/u_memory_dpd/g_lane[1].u_dpd/p_204_out__0_i_16_n_0
    SLICE_X93Y122        CARRY8 (Prop_CARRY8_SLICEM_S[1]_CO[7])
                                                      0.190     3.411 r  u_dut/u_frontend/u_memory_dpd/g_lane[1].u_dpd/p_204_out__0_i_2/CO[7]
                         net (fo=1, routed)           0.026     3.437    u_dut/u_frontend/u_memory_dpd/g_lane[1].u_dpd/p_204_out__0_i_2_n_0
    SLICE_X93Y123        CARRY8 (Prop_CARRY8_SLICEM_CI_O[6])
                                                      0.103     3.540 r  u_dut/u_frontend/u_memory_dpd/g_lane[1].u_dpd/p_204_out__0_i_1/O[6]
                         net (fo=8, routed)           0.416     3.956    u_dut/u_frontend/u_memory_dpd/g_lane[1].u_dpd/p_205_out__0/B[14]
    DSP48E2_X17Y49       DSP_A_B_DATA                                 r  u_dut/u_frontend/u_memory_dpd/g_lane[1].u_dpd/p_205_out__0/DSP_A_B_DATA_INST/B[14]
  -------------------------------------------------------------------    -------------------

                         (clock core_clk rise edge)
                                                      4.571     4.571 r  
                                                      0.000     4.571 r  clk218 (IN)
                         net (fo=103766, unset)       0.043     4.614    u_dut/u_frontend/u_memory_dpd/g_lane[1].u_dpd/p_205_out__0/CLK
    DSP48E2_X17Y49       DSP_A_B_DATA                                 r  u_dut/u_frontend/u_memory_dpd/g_lane[1].u_dpd/p_205_out__0/DSP_A_B_DATA_INST/CLK
                         clock pessimism              0.000     4.614    
                         clock uncertainty           -0.035     4.579    
    DSP48E2_X17Y49       DSP_A_B_DATA (Setup_DSP_A_B_DATA_DSP48E2_CLK_B[14])
                                                     -0.260     4.319    u_dut/u_frontend/u_memory_dpd/g_lane[1].u_dpd/p_205_out__0/DSP_A_B_DATA_INST
  -------------------------------------------------------------------
                         required time                          4.319    
                         arrival time                          -3.956    
  -------------------------------------------------------------------
                         slack                                  0.363    

Slack (MET) :             0.368ns  (required time - arrival time)
  Source:                 u_dut/u_frontend/u_memory_dpd/g_lane[1].u_dpd/r4_full_s2[0]__1/DSP_A_B_DATA_INST/CLK
                            (rising edge-triggered cell DSP_A_B_DATA clocked by core_clk  {rise@0.000ns fall@2.286ns period=4.571ns})
  Destination:            u_dut/u_frontend/u_memory_dpd/g_lane[1].u_dpd/p_205_out__0/DSP_A_B_DATA_INST/B[9]
                            (rising edge-triggered cell DSP_A_B_DATA clocked by core_clk  {rise@0.000ns fall@2.286ns period=4.571ns})
  Path Group:             core_clk
  Path Type:              Setup (Max at Slow Process Corner)
  Requirement:            4.571ns  (core_clk rise@4.571ns - core_clk rise@0.000ns)
  Data Path Delay:        3.859ns  (logic 2.703ns (70.047%)  route 1.156ns (29.953%))
  Logic Levels:           10  (CARRY8=2 DSP_ALU=2 DSP_M_DATA=1 DSP_MULTIPLIER=1 DSP_OUTPUT=2 DSP_PREADD_DATA=1 LUT2=1)
  Clock Path Skew:        -0.017ns (DCD - SCD + CPR)
    Destination Clock Delay (DCD):    0.043ns = ( 4.614 - 4.571 ) 
    Source Clock Delay      (SCD):    0.060ns
    Clock Pessimism Removal (CPR):    0.000ns
  Clock Uncertainty:      0.035ns  ((TSJ^2 + TIJ^2)^1/2 + DJ) / 2 + PE
    Total System Jitter     (TSJ):    0.071ns
    Total Input Jitter      (TIJ):    0.000ns
    Discrete Jitter          (DJ):    0.000ns
    Phase Error              (PE):    0.000ns

    Location             Delay type                Incr(ns)  Path(ns)    Netlist Resource(s)
  -------------------------------------------------------------------    -------------------
                         (clock core_clk rise edge)
                                                      0.000     0.000 r  
                                                      0.000     0.000 r  clk218 (IN)
                         net (fo=103766, unset)       0.060     0.060    u_dut/u_frontend/u_memory_dpd/g_lane[1].u_dpd/r4_full_s2[0]__1/CLK
    DSP48E2_X22Y48       DSP_A_B_DATA                                 r  u_dut/u_frontend/u_memory_dpd/g_lane[1].u_dpd/r4_full_s2[0]__1/DSP_A_B_DATA_INST/CLK
  -------------------------------------------------------------------    -------------------
    DSP48E2_X22Y48       DSP_A_B_DATA (Prop_DSP_A_B_DATA_DSP48E2_CLK_B2_DATA[17])
                                                      0.212     0.272 r  u_dut/u_frontend/u_memory_dpd/g_lane[1].u_dpd/r4_full_s2[0]__1/DSP_A_B_DATA_INST/B2_DATA[17]
                         net (fo=1, routed)           0.000     0.272    u_dut/u_frontend/u_memory_dpd/g_lane[1].u_dpd/r4_full_s2[0]__1/DSP_A_B_DATA.B2_DATA<17>
    DSP48E2_X22Y48       DSP_PREADD_DATA (Prop_DSP_PREADD_DATA_DSP48E2_B2_DATA[17]_B2B1[17])
                                                      0.073     0.345 r  u_dut/u_frontend/u_memory_dpd/g_lane[1].u_dpd/r4_full_s2[0]__1/DSP_PREADD_DATA_INST/B2B1[17]
                         net (fo=1, routed)           0.000     0.345    u_dut/u_frontend/u_memory_dpd/g_lane[1].u_dpd/r4_full_s2[0]__1/DSP_PREADD_DATA.B2B1<17>
    DSP48E2_X22Y48       DSP_MULTIPLIER (Prop_DSP_MULTIPLIER_DSP48E2_B2B1[17]_V[43])
                                                      0.609     0.954 f  u_dut/u_frontend/u_memory_dpd/g_lane[1].u_dpd/r4_full_s2[0]__1/DSP_MULTIPLIER_INST/V[43]
                         net (fo=1, routed)           0.000     0.954    u_dut/u_frontend/u_memory_dpd/g_lane[1].u_dpd/r4_full_s2[0]__1/DSP_MULTIPLIER.V<43>
    DSP48E2_X22Y48       DSP_M_DATA (Prop_DSP_M_DATA_DSP48E2_V[43]_V_DATA[43])
                                                      0.046     1.000 r  u_dut/u_frontend/u_memory_dpd/g_lane[1].u_dpd/r4_full_s2[0]__1/DSP_M_DATA_INST/V_DATA[43]
                         net (fo=1, routed)           0.000     1.000    u_dut/u_frontend/u_memory_dpd/g_lane[1].u_dpd/r4_full_s2[0]__1/DSP_M_DATA.V_DATA<43>
    DSP48E2_X22Y48       DSP_ALU (Prop_DSP_ALU_DSP48E2_V_DATA[43]_ALU_OUT[47])
                                                      0.571     1.571 f  u_dut/u_frontend/u_memory_dpd/g_lane[1].u_dpd/r4_full_s2[0]__1/DSP_ALU_INST/ALU_OUT[47]
                         net (fo=1, routed)           0.000     1.571    u_dut/u_frontend/u_memory_dpd/g_lane[1].u_dpd/r4_full_s2[0]__1/DSP_ALU.ALU_OUT<47>
    DSP48E2_X22Y48       DSP_OUTPUT (Prop_DSP_OUTPUT_DSP48E2_ALU_OUT[47]_PCOUT[47])
                                                      0.122     1.693 r  u_dut/u_frontend/u_memory_dpd/g_lane[1].u_dpd/r4_full_s2[0]__1/DSP_OUTPUT_INST/PCOUT[47]
                         net (fo=1, routed)           0.014     1.707    u_dut/u_frontend/u_memory_dpd/g_lane[1].u_dpd/r4_full_s2[0]__2/PCIN[47]
    DSP48E2_X22Y49       DSP_ALU (Prop_DSP_ALU_DSP48E2_PCIN[47]_ALU_OUT[16])
                                                      0.546     2.253 f  u_dut/u_frontend/u_memory_dpd/g_lane[1].u_dpd/r4_full_s2[0]__2/DSP_ALU_INST/ALU_OUT[16]
                         net (fo=1, routed)           0.000     2.253    u_dut/u_frontend/u_memory_dpd/g_lane[1].u_dpd/r4_full_s2[0]__2/DSP_ALU.ALU_OUT<16>
    DSP48E2_X22Y49       DSP_OUTPUT (Prop_DSP_OUTPUT_DSP48E2_ALU_OUT[16]_P[16])
                                                      0.109     2.362 r  u_dut/u_frontend/u_memory_dpd/g_lane[1].u_dpd/r4_full_s2[0]__2/DSP_OUTPUT_INST/P[16]
                         net (fo=2, routed)           0.694     3.056    u_dut/u_frontend/u_memory_dpd/g_lane[1].u_dpd/r4_full_s2[0]__2_n_89
    SLICE_X93Y122        LUT2 (Prop_B6LUT_SLICEM_I0_O)
                                                      0.149     3.205 r  u_dut/u_frontend/u_memory_dpd/g_lane[1].u_dpd/p_204_out__0_i_16/O
                         net (fo=1, routed)           0.016     3.221    u_dut/u_frontend/u_memory_dpd/g_lane[1].u_dpd/p_204_out__0_i_16_n_0
    SLICE_X93Y122        CARRY8 (Prop_CARRY8_SLICEM_S[1]_CO[7])
                                                      0.190     3.411 r  u_dut/u_frontend/u_memory_dpd/g_lane[1].u_dpd/p_204_out__0_i_2/CO[7]
                         net (fo=1, routed)           0.026     3.437    u_dut/u_frontend/u_memory_dpd/g_lane[1].u_dpd/p_204_out__0_i_2_n_0
    SLICE_X93Y123        CARRY8 (Prop_CARRY8_SLICEM_CI_O[1])
                                                      0.076     3.513 r  u_dut/u_frontend/u_memory_dpd/g_lane[1].u_dpd/p_204_out__0_i_1/O[1]
                         net (fo=2, routed)           0.406     3.919    u_dut/u_frontend/u_memory_dpd/g_lane[1].u_dpd/p_205_out__0/B[9]
    DSP48E2_X17Y49       DSP_A_B_DATA                                 r  u_dut/u_frontend/u_memory_dpd/g_lane[1].u_dpd/p_205_out__0/DSP_A_B_DATA_INST/B[9]
  -------------------------------------------------------------------    -------------------

                         (clock core_clk rise edge)
                                                      4.571     4.571 r  
                                                      0.000     4.571 r  clk218 (IN)
                         net (fo=103766, unset)       0.043     4.614    u_dut/u_frontend/u_memory_dpd/g_lane[1].u_dpd/p_205_out__0/CLK
    DSP48E2_X17Y49       DSP_A_B_DATA                                 r  u_dut/u_frontend/u_memory_dpd/g_lane[1].u_dpd/p_205_out__0/DSP_A_B_DATA_INST/CLK
                         clock pessimism              0.000     4.614    
                         clock uncertainty           -0.035     4.579    
    DSP48E2_X17Y49       DSP_A_B_DATA (Setup_DSP_A_B_DATA_DSP48E2_CLK_B[9])
                                                     -0.292     4.287    u_dut/u_frontend/u_memory_dpd/g_lane[1].u_dpd/p_205_out__0/DSP_A_B_DATA_INST
  -------------------------------------------------------------------
                         required time                          4.287    
                         arrival time                          -3.919    
  -------------------------------------------------------------------
                         slack                                  0.368    




